result_id,record_type,source_file,formation,grade3_flag,bond_count,eiketsu_ids,eiketsu_names,bond_ids,bond_names,生命,気合,腕力,耐久力,器用さ,知力,魅力,土属性,水属性,火属性,風属性,stat_status,stat_note,calc_source,calc_formula,duplicate_key,calc_warning,calc_filled_at_step,総合値,total_score,top300_source_file,sort_key,sort_value
step116_9_魚鱗_000002,STEP116_9INEN_DEDUP_MAX_TOTAL_RESULT,step106_9inen_full_780_dedup_by_hero_set_bond_set_max_total,魚鱗,通常,9,武田晴信|愛姫(起源)|細川藤孝(立役)|今川義元|前田利家|鍋島直茂(乱雲),武田晴信|愛姫(起源)|細川藤孝(立役)|今川義元|前田利家|鍋島直茂(乱雲),健康第一|老練闊達|質実剛健|文明開化|山紫水明|巧言令色|謀略家|雄材大略|摂理探究,健康第一|老練闊達|質実剛健|文明開化|山紫水明|巧言令色|謀略家|雄材大略|摂理探究,15234,4833,161,231,0,715,313,483,506,501,469,ステータス計算済み,step116で9因縁780行を「陣形+配置英傑6人セット+発動因縁セット」で重複除外。同一組内は総合値最大の配置を代表として採用。,STEP116_SELECTED_MAX_TOTAL_FROM_STEP106_RECALCULATED_9INEN,step106で各陣形有効ラインから再計算済みの9因縁行を使用し、重複組では総合値最大の配置を残す,魚鱗||通常||9||今川義元|前田利家|愛姫(起源)|武田晴信|細川藤孝(立役)|鍋島直茂(乱雲)||健康第一|山紫水明|巧言令色|摂理探究|文明開化|老練闊達|謀略家|質実剛健|雄材大略,,step116_9inen_dedup_max_total,23446,23446,step164_verified_normal9,total_score,23446
step116_9_魚鱗_000001,STEP116_9INEN_DEDUP_MAX_TOTAL_RESULT,step106_9inen_full_780_dedup_by_hero_set_bond_set_max_total,魚鱗,通常,9,前田利家(雄材)|鍋島直茂(乱雲)|武田晴信|愛姫(起源)|細川藤孝(立役)|今川義元,前田利家(雄材)|鍋島直茂(乱雲)|武田晴信|愛姫(起源)|細川藤孝(立役)|今川義元,謀略家|雄材大略|摂理探究|健康第一|老練闊達|質実剛健|文明開化|山紫水明|巧言令色,謀略家|雄材大略|摂理探究|健康第一|老練闊達|質実剛健|文明開化|山紫水明|巧言令色,15234,4833,161,231,0,715,313,483,506,501,469,ステータス計算済み,step116で9因縁780行を「陣形+配置英傑6人セット+発動因縁セット」で重複除外。同一組内は総合値最大の配置を代表として採用。,STEP116_SELECTED_MAX_TOTAL_FROM_STEP106_RECALCULATED_9INEN,step106で各陣形有効ラインから再計算済みの9因縁行を使用し、重複組では総合値最大の配置を残す,魚鱗||通常||9||今川義元|前田利家(雄材)|愛姫(起源)|武田晴信|細川藤孝(立役)|鍋島直茂(乱雲)||健康第一|山紫水明|巧言令色|摂理探究|文明開化|老練闊達|謀略家|質実剛健|雄材大略,,step116_9inen_dedup_max_total,23446,23446,step164_verified_normal9,total_score,23446
step116_9_魚鱗_000004,STEP116_9INEN_DEDUP_MAX_TOTAL_RESULT,step106_9inen_full_780_dedup_by_hero_set_bond_set_max_total,魚鱗,通常,9,武田晴信|高台院|細川藤孝(立役)|今川義元|前田利家|鍋島直茂(乱雲),武田晴信|高台院|細川藤孝(立役)|今川義元|前田利家|鍋島直茂(乱雲),健康第一|老練闊達|質実剛健|文明開化|山紫水明|巧言令色|謀略家|雄材大略|摂理探究,健康第一|老練闊達|質実剛健|文明開化|山紫水明|巧言令色|謀略家|雄材大略|摂理探究,15237,4808,149,226,0,719,313,482,504,497,466,ステータス計算済み,step116で9因縁780行を「陣形+配置英傑6人セット+発動因縁セット」で重複除外。同一組内は総合値最大の配置を代表として採用。,STEP116_SELECTED_MAX_TOTAL_FROM_STEP106_RECALCULATED_9INEN,step106で各陣形有効ラインから再計算済みの9因縁行を使用し、重複組では総合値最大の配置を残す,魚鱗||通常||9||今川義元|前田利家|武田晴信|細川藤孝(立役)|鍋島直茂(乱雲)|高台院||健康第一|山紫水明|巧言令色|摂理探究|文明開化|老練闊達|謀略家|質実剛健|雄材大略,,step116_9inen_dedup_max_total,23401,23401,step164_verified_normal9,total_score,23401
step116_9_魚鱗_000003,STEP116_9INEN_DEDUP_MAX_TOTAL_RESULT,step106_9inen_full_780_dedup_by_hero_set_bond_set_max_total,魚鱗,通常,9,前田利家(雄材)|鍋島直茂(乱雲)|武田晴信|高台院|細川藤孝(立役)|今川義元,前田利家(雄材)|鍋島直茂(乱雲)|武田晴信|高台院|細川藤孝(立役)|今川義元,謀略家|雄材大略|摂理探究|健康第一|老練闊達|質実剛健|文明開化|山紫水明|巧言令色,謀略家|雄材大略|摂理探究|健康第一|老練闊達|質実剛健|文明開化|山紫水明|巧言令色,15237,4808,149,226,0,719,313,482,504,497,466,ステータス計算済み,step116で9因縁780行を「陣形+配置英傑6人セット+発動因縁セット」で重複除外。同一組内は総合値最大の配置を代表として採用。,STEP116_SELECTED_MAX_TOTAL_FROM_STEP106_RECALCULATED_9INEN,step106で各陣形有効ラインから再計算済みの9因縁行を使用し、重複組では総合値最大の配置を残す,魚鱗||通常||9||今川義元|前田利家(雄材)|武田晴信|細川藤孝(立役)|鍋島直茂(乱雲)|高台院||健康第一|山紫水明|巧言令色|摂理探究|文明開化|老練闊達|謀略家|質実剛健|雄材大略,,step116_9inen_dedup_max_total,23401,23401,step164_verified_normal9,total_score,23401
step116_9_魚鱗_000006,STEP116_9INEN_DEDUP_MAX_TOTAL_RESULT,step106_9inen_full_780_dedup_by_hero_set_bond_set_max_total,魚鱗,通常,9,武田晴信|愛姫(起源)|細川藤孝(立役)|今川義元|前田利家|片倉景綱(右腕),武田晴信|愛姫(起源)|細川藤孝(立役)|今川義元|前田利家|片倉景綱(右腕),健康第一|老練闊達|質実剛健|文明開化|山紫水明|巧言令色|謀略家|雄材大略|摂理探究,健康第一|老練闊達|質実剛健|文明開化|山紫水明|巧言令色|謀略家|雄材大略|摂理探究,15159,4827,167,231,0,715,313,488,504,513,469,ステータス計算済み,step116で9因縁780行を「陣形+配置英傑6人セット+発動因縁セット」で重複除外。同一組内は総合値最大の配置を代表として採用。,STEP116_SELECTED_MAX_TOTAL_FROM_STEP106_RECALCULATED_9INEN,step106で各陣形有効ラインから再計算済みの9因縁行を使用し、重複組では総合値最大の配置を残す,魚鱗||通常||9||今川義元|前田利家|愛姫(起源)|武田晴信|片倉景綱(右腕)|細川藤孝(立役)||健康第一|山紫水明|巧言令色|摂理探究|文明開化|老練闊達|謀略家|質実剛健|雄材大略,,step116_9inen_dedup_max_total,23386,23386,step164_verified_normal9,total_score,23386
step116_9_魚鱗_000005,STEP116_9INEN_DEDUP_MAX_TOTAL_RESULT,step106_9inen_full_780_dedup_by_hero_set_bond_set_max_total,魚鱗,通常,9,前田利家(雄材)|片倉景綱(右腕)|武田晴信|愛姫(起源)|細川藤孝(立役)|今川義元,前田利家(雄材)|片倉景綱(右腕)|武田晴信|愛姫(起源)|細川藤孝(立役)|今川義元,謀略家|雄材大略|摂理探究|健康第一|老練闊達|質実剛健|文明開化|山紫水明|巧言令色,謀略家|雄材大略|摂理探究|健康第一|老練闊達|質実剛健|文明開化|山紫水明|巧言令色,15159,4827,167,231,0,715,313,488,504,513,469,ステータス計算済み,step116で9因縁780行を「陣形+配置英傑6人セット+発動因縁セット」で重複除外。同一組内は総合値最大の配置を代表として採用。,STEP116_SELECTED_MAX_TOTAL_FROM_STEP106_RECALCULATED_9INEN,step106で各陣形有効ラインから再計算済みの9因縁行を使用し、重複組では総合値最大の配置を残す,魚鱗||通常||9||今川義元|前田利家(雄材)|愛姫(起源)|武田晴信|片倉景綱(右腕)|細川藤孝(立役)||健康第一|山紫水明|巧言令色|摂理探究|文明開化|老練闊達|謀略家|質実剛健|雄材大略,,step116_9inen_dedup_max_total,23386,23386,step164_verified_normal9,total_score,23386
step116_9_魚鱗_000008,STEP116_9INEN_DEDUP_MAX_TOTAL_RESULT,step106_9inen_full_780_dedup_by_hero_set_bond_set_max_total,魚鱗,通常,9,武田晴信|高台院|細川藤孝(立役)|今川義元|前田利家|片倉景綱(右腕),武田晴信|高台院|細川藤孝(立役)|今川義元|前田利家|片倉景綱(右腕),健康第一|老練闊達|質実剛健|文明開化|山紫水明|巧言令色|謀略家|雄材大略|摂理探究,健康第一|老練闊達|質実剛健|文明開化|山紫水明|巧言令色|謀略家|雄材大略|摂理探究,15162,4802,155,226,0,719,313,487,502,509,466,ステータス計算済み,step116で9因縁780行を「陣形+配置英傑6人セット+発動因縁セット」で重複除外。同一組内は総合値最大の配置を代表として採用。,STEP116_SELECTED_MAX_TOTAL_FROM_STEP106_RECALCULATED_9INEN,step106で各陣形有効ラインから再計算済みの9因縁行を使用し、重複組では総合値最大の配置を残す,魚鱗||通常||9||今川義元|前田利家|武田晴信|片倉景綱(右腕)|細川藤孝(立役)|高台院||健康第一|山紫水明|巧言令色|摂理探究|文明開化|老練闊達|謀略家|質実剛健|雄材大略,,step116_9inen_dedup_max_total,23341,23341,step164_verified_normal9,total_score,23341
step116_9_魚鱗_000007,STEP116_9INEN_DEDUP_MAX_TOTAL_RESULT,step106_9inen_full_780_dedup_by_hero_set_bond_set_max_total,魚鱗,通常,9,前田利家(雄材)|片倉景綱(右腕)|武田晴信|高台院|細川藤孝(立役)|今川義元,前田利家(雄材)|片倉景綱(右腕)|武田晴信|高台院|細川藤孝(立役)|今川義元,謀略家|雄材大略|摂理探究|健康第一|老練闊達|質実剛健|文明開化|山紫水明|巧言令色,謀略家|雄材大略|摂理探究|健康第一|老練闊達|質実剛健|文明開化|山紫水明|巧言令色,15162,4802,155,226,0,719,313,487,502,509,466,ステータス計算済み,step116で9因縁780行を「陣形+配置英傑6人セット+発動因縁セット」で重複除外。同一組内は総合値最大の配置を代表として採用。,STEP116_SELECTED_MAX_TOTAL_FROM_STEP106_RECALCULATED_9INEN,step106で各陣形有効ラインから再計算済みの9因縁行を使用し、重複組では総合値最大の配置を残す,魚鱗||通常||9||今川義元|前田利家(雄材)|武田晴信|片倉景綱(右腕)|細川藤孝(立役)|高台院||健康第一|山紫水明|巧言令色|摂理探究|文明開化|老練闊達|謀略家|質実剛健|雄材大略,,step116_9inen_dedup_max_total,23341,23341,step164_verified_normal9,total_score,23341
step116_9_魚鱗_000010,STEP116_9INEN_DEDUP_MAX_TOTAL_RESULT,step106_9inen_full_780_dedup_by_hero_set_bond_set_max_total,魚鱗,通常,9,武田晴信|愛姫(起源)|細川藤孝(立役)|今川義元|前田利家|豊臣秀長,武田晴信|愛姫(起源)|細川藤孝(立役)|今川義元|前田利家|豊臣秀長,健康第一|老練闊達|質実剛健|文明開化|山紫水明|巧言令色|謀略家|雄材大略|摂理探究,健康第一|老練闊達|質実剛健|文明開化|山紫水明|巧言令色|謀略家|雄材大略|摂理探究,15036,4864,157,231,0,719,313,490,509,512,472,ステータス計算済み,step116で9因縁780行を「陣形+配置英傑6人セット+発動因縁セット」で重複除外。同一組内は総合値最大の配置を代表として採用。,STEP116_SELECTED_MAX_TOTAL_FROM_STEP106_RECALCULATED_9INEN,step106で各陣形有効ラインから再計算済みの9因縁行を使用し、重複組では総合値最大の配置を残す,魚鱗||通常||9||今川義元|前田利家|愛姫(起源)|武田晴信|細川藤孝(立役)|豊臣秀長||健康第一|山紫水明|巧言令色|摂理探究|文明開化|老練闊達|謀略家|質実剛健|雄材大略,,step116_9inen_dedup_max_total,23303,23303,step164_verified_normal9,total_score,23303
step116_9_魚鱗_000009,STEP116_9INEN_DEDUP_MAX_TOTAL_RESULT,step106_9inen_full_780_dedup_by_hero_set_bond_set_max_total,魚鱗,通常,9,前田利家(雄材)|豊臣秀長|武田晴信|愛姫(起源)|細川藤孝(立役)|今川義元,前田利家(雄材)|豊臣秀長|武田晴信|愛姫(起源)|細川藤孝(立役)|今川義元,謀略家|雄材大略|摂理探究|健康第一|老練闊達|質実剛健|文明開化|山紫水明|巧言令色,謀略家|雄材大略|摂理探究|健康第一|老練闊達|質実剛健|文明開化|山紫水明|巧言令色,15036,4864,157,231,0,719,313,490,509,512,472,ステータス計算済み,step116で9因縁780行を「陣形+配置英傑6人セット+発動因縁セット」で重複除外。同一組内は総合値最大の配置を代表として採用。,STEP116_SELECTED_MAX_TOTAL_FROM_STEP106_RECALCULATED_9INEN,step106で各陣形有効ラインから再計算済みの9因縁行を使用し、重複組では総合値最大の配置を残す,魚鱗||通常||9||今川義元|前田利家(雄材)|愛姫(起源)|武田晴信|細川藤孝(立役)|豊臣秀長||健康第一|山紫水明|巧言令色|摂理探究|文明開化|老練闊達|謀略家|質実剛健|雄材大略,,step116_9inen_dedup_max_total,23303,23303,step164_verified_normal9,total_score,23303
step116_9_魚鱗_000012,STEP116_9INEN_DEDUP_MAX_TOTAL_RESULT,step106_9inen_full_780_dedup_by_hero_set_bond_set_max_total,魚鱗,通常,9,武田晴信|高台院|細川藤孝(立役)|今川義元|前田利家|豊臣秀長,武田晴信|高台院|細川藤孝(立役)|今川義元|前田利家|豊臣秀長,健康第一|老練闊達|質実剛健|文明開化|山紫水明|巧言令色|謀略家|雄材大略|摂理探究,健康第一|老練闊達|質実剛健|文明開化|山紫水明|巧言令色|謀略家|雄材大略|摂理探究,15039,4838,145,226,0,723,313,489,507,508,469,ステータス計算済み,step116で9因縁780行を「陣形+配置英傑6人セット+発動因縁セット」で重複除外。同一組内は総合値最大の配置を代表として採用。,STEP116_SELECTED_MAX_TOTAL_FROM_STEP106_RECALCULATED_9INEN,step106で各陣形有効ラインから再計算済みの9因縁行を使用し、重複組では総合値最大の配置を残す,魚鱗||通常||9||今川義元|前田利家|武田晴信|細川藤孝(立役)|豊臣秀長|高台院||健康第一|山紫水明|巧言令色|摂理探究|文明開化|老練闊達|謀略家|質実剛健|雄材大略,,step116_9inen_dedup_max_total,23257,23257,step164_verified_normal9,total_score,23257
step116_9_魚鱗_000011,STEP116_9INEN_DEDUP_MAX_TOTAL_RESULT,step106_9inen_full_780_dedup_by_hero_set_bond_set_max_total,魚鱗,通常,9,前田利家(雄材)|豊臣秀長|武田晴信|高台院|細川藤孝(立役)|今川義元,前田利家(雄材)|豊臣秀長|武田晴信|高台院|細川藤孝(立役)|今川義元,謀略家|雄材大略|摂理探究|健康第一|老練闊達|質実剛健|文明開化|山紫水明|巧言令色,謀略家|雄材大略|摂理探究|健康第一|老練闊達|質実剛健|文明開化|山紫水明|巧言令色,15039,4838,145,226,0,723,313,489,507,508,469,ステータス計算済み,step116で9因縁780行を「陣形+配置英傑6人セット+発動因縁セット」で重複除外。同一組内は総合値最大の配置を代表として採用。,STEP116_SELECTED_MAX_TOTAL_FROM_STEP106_RECALCULATED_9INEN,step106で各陣形有効ラインから再計算済みの9因縁行を使用し、重複組では総合値最大の配置を残す,魚鱗||通常||9||今川義元|前田利家(雄材)|武田晴信|細川藤孝(立役)|豊臣秀長|高台院||健康第一|山紫水明|巧言令色|摂理探究|文明開化|老練闊達|謀略家|質実剛健|雄材大略,,step116_9inen_dedup_max_total,23257,23257,step164_verified_normal9,total_score,23257
step116_9_魚鱗_000014,STEP116_9INEN_DEDUP_MAX_TOTAL_RESULT,step106_9inen_full_780_dedup_by_hero_set_bond_set_max_total,魚鱗,通常,9,武田晴信|愛姫(起源)|細川藤孝(立役)|今川義元|前田利家|丹羽長秀(風雲),武田晴信|愛姫(起源)|細川藤孝(立役)|今川義元|前田利家|丹羽長秀(風雲),健康第一|老練闊達|質実剛健|文明開化|山紫水明|巧言令色|謀略家|雄材大略|摂理探究,健康第一|老練闊達|質実剛健|文明開化|山紫水明|巧言令色|謀略家|雄材大略|摂理探究,14973,4838,144,231,0,712,313,474,517,517,456,ステータス計算済み,step116で9因縁780行を「陣形+配置英傑6人セット+発動因縁セット」で重複除外。同一組内は総合値最大の配置を代表として採用。,STEP116_SELECTED_MAX_TOTAL_FROM_STEP106_RECALCULATED_9INEN,step106で各陣形有効ラインから再計算済みの9因縁行を使用し、重複組では総合値最大の配置を残す,魚鱗||通常||9||丹羽長秀(風雲)|今川義元|前田利家|愛姫(起源)|武田晴信|細川藤孝(立役)||健康第一|山紫水明|巧言令色|摂理探究|文明開化|老練闊達|謀略家|質実剛健|雄材大略,,step116_9inen_dedup_max_total,23175,23175,step164_verified_normal9,total_score,23175
step116_9_魚鱗_000013,STEP116_9INEN_DEDUP_MAX_TOTAL_RESULT,step106_9inen_full_780_dedup_by_hero_set_bond_set_max_total,魚鱗,通常,9,前田利家(雄材)|丹羽長秀(風雲)|武田晴信|愛姫(起源)|細川藤孝(立役)|今川義元,前田利家(雄材)|丹羽長秀(風雲)|武田晴信|愛姫(起源)|細川藤孝(立役)|今川義元,謀略家|雄材大略|摂理探究|健康第一|老練闊達|質実剛健|文明開化|山紫水明|巧言令色,謀略家|雄材大略|摂理探究|健康第一|老練闊達|質実剛健|文明開化|山紫水明|巧言令色,14973,4838,144,231,0,712,313,474,517,517,456,ステータス計算済み,step116で9因縁780行を「陣形+配置英傑6人セット+発動因縁セット」で重複除外。同一組内は総合値最大の配置を代表として採用。,STEP116_SELECTED_MAX_TOTAL_FROM_STEP106_RECALCULATED_9INEN,step106で各陣形有効ラインから再計算済みの9因縁行を使用し、重複組では総合値最大の配置を残す,魚鱗||通常||9||丹羽長秀(風雲)|今川義元|前田利家(雄材)|愛姫(起源)|武田晴信|細川藤孝(立役)||健康第一|山紫水明|巧言令色|摂理探究|文明開化|老練闊達|謀略家|質実剛健|雄材大略,,step116_9inen_dedup_max_total,23175,23175,step164_verified_normal9,total_score,23175
step116_9_魚鱗_000016,STEP116_9INEN_DEDUP_MAX_TOTAL_RESULT,step106_9inen_full_780_dedup_by_hero_set_bond_set_max_total,魚鱗,通常,9,武田晴信|愛姫(起源)|細川藤孝(立役)|今川義元|前田利家|竹中半兵衛(右腕),武田晴信|愛姫(起源)|細川藤孝(立役)|今川義元|前田利家|竹中半兵衛(右腕),健康第一|老練闊達|質実剛健|文明開化|山紫水明|巧言令色|謀略家|雄材大略|摂理探究,健康第一|老練闊達|質実剛健|文明開化|山紫水明|巧言令色|謀略家|雄材大略|摂理探究,14808,4896,149,231,0,720,313,502,521,521,484,ステータス計算済み,step116で9因縁780行を「陣形+配置英傑6人セット+発動因縁セット」で重複除外。同一組内は総合値最大の配置を代表として採用。,STEP116_SELECTED_MAX_TOTAL_FROM_STEP106_RECALCULATED_9INEN,step106で各陣形有効ラインから再計算済みの9因縁行を使用し、重複組では総合値最大の配置を残す,魚鱗||通常||9||今川義元|前田利家|愛姫(起源)|武田晴信|竹中半兵衛(右腕)|細川藤孝(立役)||健康第一|山紫水明|巧言令色|摂理探究|文明開化|老練闊達|謀略家|質実剛健|雄材大略,,step116_9inen_dedup_max_total,23145,23145,step164_verified_normal9,total_score,23145
step116_9_魚鱗_000015,STEP116_9INEN_DEDUP_MAX_TOTAL_RESULT,step106_9inen_full_780_dedup_by_hero_set_bond_set_max_total,魚鱗,通常,9,前田利家(雄材)|竹中半兵衛(右腕)|武田晴信|愛姫(起源)|細川藤孝(立役)|今川義元,前田利家(雄材)|竹中半兵衛(右腕)|武田晴信|愛姫(起源)|細川藤孝(立役)|今川義元,謀略家|雄材大略|摂理探究|健康第一|老練闊達|質実剛健|文明開化|山紫水明|巧言令色,謀略家|雄材大略|摂理探究|健康第一|老練闊達|質実剛健|文明開化|山紫水明|巧言令色,14808,4896,149,231,0,720,313,502,521,521,484,ステータス計算済み,step116で9因縁780行を「陣形+配置英傑6人セット+発動因縁セット」で重複除外。同一組内は総合値最大の配置を代表として採用。,STEP116_SELECTED_MAX_TOTAL_FROM_STEP106_RECALCULATED_9INEN,step106で各陣形有効ラインから再計算済みの9因縁行を使用し、重複組では総合値最大の配置を残す,魚鱗||通常||9||今川義元|前田利家(雄材)|愛姫(起源)|武田晴信|竹中半兵衛(右腕)|細川藤孝(立役)||健康第一|山紫水明|巧言令色|摂理探究|文明開化|老練闊達|謀略家|質実剛健|雄材大略,,step116_9inen_dedup_max_total,23145,23145,step164_verified_normal9,total_score,23145
step116_9_魚鱗_000018,STEP116_9INEN_DEDUP_MAX_TOTAL_RESULT,step106_9inen_full_780_dedup_by_hero_set_bond_set_max_total,魚鱗,通常,9,武田晴信|高台院|細川藤孝(立役)|今川義元|前田利家|丹羽長秀(風雲),武田晴信|高台院|細川藤孝(立役)|今川義元|前田利家|丹羽長秀(風雲),健康第一|老練闊達|質実剛健|文明開化|山紫水明|巧言令色|謀略家|雄材大略|摂理探究,健康第一|老練闊達|質実剛健|文明開化|山紫水明|巧言令色|謀略家|雄材大略|摂理探究,14976,4813,132,226,0,716,313,473,515,513,453,ステータス計算済み,step116で9因縁780行を「陣形+配置英傑6人セット+発動因縁セット」で重複除外。同一組内は総合値最大の配置を代表として採用。,STEP116_SELECTED_MAX_TOTAL_FROM_STEP106_RECALCULATED_9INEN,step106で各陣形有効ラインから再計算済みの9因縁行を使用し、重複組では総合値最大の配置を残す,魚鱗||通常||9||丹羽長秀(風雲)|今川義元|前田利家|武田晴信|細川藤孝(立役)|高台院||健康第一|山紫水明|巧言令色|摂理探究|文明開化|老練闊達|謀略家|質実剛健|雄材大略,,step116_9inen_dedup_max_total,23130,23130,step164_verified_normal9,total_score,23130
step116_9_魚鱗_000017,STEP116_9INEN_DEDUP_MAX_TOTAL_RESULT,step106_9inen_full_780_dedup_by_hero_set_bond_set_max_total,魚鱗,通常,9,前田利家(雄材)|丹羽長秀(風雲)|武田晴信|高台院|細川藤孝(立役)|今川義元,前田利家(雄材)|丹羽長秀(風雲)|武田晴信|高台院|細川藤孝(立役)|今川義元,謀略家|雄材大略|摂理探究|健康第一|老練闊達|質実剛健|文明開化|山紫水明|巧言令色,謀略家|雄材大略|摂理探究|健康第一|老練闊達|質実剛健|文明開化|山紫水明|巧言令色,14976,4813,132,226,0,716,313,473,515,513,453,ステータス計算済み,step116で9因縁780行を「陣形+配置英傑6人セット+発動因縁セット」で重複除外。同一組内は総合値最大の配置を代表として採用。,STEP116_SELECTED_MAX_TOTAL_FROM_STEP106_RECALCULATED_9INEN,step106で各陣形有効ラインから再計算済みの9因縁行を使用し、重複組では総合値最大の配置を残す,魚鱗||通常||9||丹羽長秀(風雲)|今川義元|前田利家(雄材)|武田晴信|細川藤孝(立役)|高台院||健康第一|山紫水明|巧言令色|摂理探究|文明開化|老練闊達|謀略家|質実剛健|雄材大略,,step116_9inen_dedup_max_total,23130,23130,step164_verified_normal9,total_score,23130
step116_9_魚鱗_000020,STEP116_9INEN_DEDUP_MAX_TOTAL_RESULT,step106_9inen_full_780_dedup_by_hero_set_bond_set_max_total,魚鱗,通常,9,武田晴信|高台院|細川藤孝(立役)|今川義元|前田利家|竹中半兵衛(右腕),武田晴信|高台院|細川藤孝(立役)|今川義元|前田利家|竹中半兵衛(右腕),健康第一|老練闊達|質実剛健|文明開化|山紫水明|巧言令色|謀略家|雄材大略|摂理探究,健康第一|老練闊達|質実剛健|文明開化|山紫水明|巧言令色|謀略家|雄材大略|摂理探究,14811,4870,137,226,0,724,313,501,519,517,481,ステータス計算済み,step116で9因縁780行を「陣形+配置英傑6人セット+発動因縁セット」で重複除外。同一組内は総合値最大の配置を代表として採用。,STEP116_SELECTED_MAX_TOTAL_FROM_STEP106_RECALCULATED_9INEN,step106で各陣形有効ラインから再計算済みの9因縁行を使用し、重複組では総合値最大の配置を残す,魚鱗||通常||9||今川義元|前田利家|武田晴信|竹中半兵衛(右腕)|細川藤孝(立役)|高台院||健康第一|山紫水明|巧言令色|摂理探究|文明開化|老練闊達|謀略家|質実剛健|雄材大略,,step116_9inen_dedup_max_total,23099,23099,step164_verified_normal9,total_score,23099
step116_9_魚鱗_000019,STEP116_9INEN_DEDUP_MAX_TOTAL_RESULT,step106_9inen_full_780_dedup_by_hero_set_bond_set_max_total,魚鱗,通常,9,前田利家(雄材)|竹中半兵衛(右腕)|武田晴信|高台院|細川藤孝(立役)|今川義元,前田利家(雄材)|竹中半兵衛(右腕)|武田晴信|高台院|細川藤孝(立役)|今川義元,謀略家|雄材大略|摂理探究|健康第一|老練闊達|質実剛健|文明開化|山紫水明|巧言令色,謀略家|雄材大略|摂理探究|健康第一|老練闊達|質実剛健|文明開化|山紫水明|巧言令色,14811,4870,137,226,0,724,313,501,519,517,481,ステータス計算済み,step116で9因縁780行を「陣形+配置英傑6人セット+発動因縁セット」で重複除外。同一組内は総合値最大の配置を代表として採用。,STEP116_SELECTED_MAX_TOTAL_FROM_STEP106_RECALCULATED_9INEN,step106で各陣形有効ラインから再計算済みの9因縁行を使用し、重複組では総合値最大の配置を残す,魚鱗||通常||9||今川義元|前田利家(雄材)|武田晴信|竹中半兵衛(右腕)|細川藤孝(立役)|高台院||健康第一|山紫水明|巧言令色|摂理探究|文明開化|老練闊達|謀略家|質実剛健|雄材大略,,step116_9inen_dedup_max_total,23099,23099,step164_verified_normal9,total_score,23099
step116_9_魚鱗_000021,STEP116_9INEN_DEDUP_MAX_TOTAL_RESULT,step106_9inen_full_780_dedup_by_hero_set_bond_set_max_total,魚鱗,通常,9,山中鹿之介|吉川元春|井伊直虎|宮本武蔵(涼)|島左近|長野業正,山中鹿之介|吉川元春|井伊直虎|宮本武蔵(涼)|島左近|長野業正,猛将の絆|勇猛果敢|意気衝天|軍学の絆|豪傑|侍|根性の絆|もののふ|泰然自若,猛将の絆|勇猛果敢|意気衝天|軍学の絆|豪傑|侍|根性の絆|もののふ|泰然自若,16076,4022,806,411,192,149,204,210,217,243,222,ステータス計算済み,step116で9因縁780行を「陣形+配置英傑6人セット+発動因縁セット」で重複除外。同一組内は総合値最大の配置を代表として採用。,STEP116_SELECTED_MAX_TOTAL_FROM_STEP106_RECALCULATED_9INEN,step106で各陣形有効ラインから再計算済みの9因縁行を使用し、重複組では総合値最大の配置を残す,魚鱗||通常||9||井伊直虎|吉川元春|宮本武蔵(涼)|山中鹿之介|島左近|長野業正||もののふ|侍|勇猛果敢|意気衝天|根性の絆|泰然自若|猛将の絆|豪傑|軍学の絆,,step116_9inen_dedup_max_total,22752,22752,step164_verified_normal9,total_score,22752
step116_9_魚鱗_000022,STEP116_9INEN_DEDUP_MAX_TOTAL_RESULT,step106_9inen_full_780_dedup_by_hero_set_bond_set_max_total,魚鱗,通常,9,山中鹿之介|長野業正|島左近|山県昌景|井伊直虎|吉川元春,山中鹿之介|長野業正|島左近|山県昌景|井伊直虎|吉川元春,侍|根性の絆|もののふ|泰然自若|軍学の絆|豪傑|猛将の絆|勇猛果敢|意気衝天,侍|根性の絆|もののふ|泰然自若|軍学の絆|豪傑|猛将の絆|勇猛果敢|意気衝天,15788,4022,781,403,192,144,197,210,217,243,222,ステータス計算済み,step116で9因縁780行を「陣形+配置英傑6人セット+発動因縁セット」で重複除外。同一組内は総合値最大の配置を代表として採用。,STEP116_SELECTED_MAX_TOTAL_FROM_STEP106_RECALCULATED_9INEN,step106で各陣形有効ラインから再計算済みの9因縁行を使用し、重複組では総合値最大の配置を残す,魚鱗||通常||9||井伊直虎|吉川元春|山中鹿之介|山県昌景|島左近|長野業正||もののふ|侍|勇猛果敢|意気衝天|根性の絆|泰然自若|猛将の絆|豪傑|軍学の絆,,step116_9inen_dedup_max_total,22419,22419,step164_verified_normal9,total_score,22419
step116_9_魚鱗_000024,STEP116_9INEN_DEDUP_MAX_TOTAL_RESULT,step106_9inen_full_780_dedup_by_hero_set_bond_set_max_total,魚鱗,通常,9,伊奈忠次|ガラシャ(聖)|斎藤利三(神祇)|毛利隆元|豊臣秀吉|酒井忠次(衣鉢),伊奈忠次|ガラシャ(聖)|斎藤利三(神祇)|毛利隆元|豊臣秀吉|酒井忠次(衣鉢),召喚術の絆|摂理探究|世渡り上手の絆|才腕の絆|謀略家|柔能制剛|技巧伝承|天神地祇|雄材大略,召喚術の絆|摂理探究|世渡り上手の絆|才腕の絆|謀略家|柔能制剛|技巧伝承|天神地祇|雄材大略,15387,3129,40,56,394,604,385,596,604,633,577,ステータス計算済み,step116で9因縁780行を「陣形+配置英傑6人セット+発動因縁セット」で重複除外。同一組内は総合値最大の配置を代表として採用。,STEP116_SELECTED_MAX_TOTAL_FROM_STEP106_RECALCULATED_9INEN,step106で各陣形有効ラインから再計算済みの9因縁行を使用し、重複組では総合値最大の配置を残す,魚鱗||通常||9||ガラシャ(聖)|伊奈忠次|斎藤利三(神祇)|毛利隆元|豊臣秀吉|酒井忠次(衣鉢)||世渡り上手の絆|召喚術の絆|天神地祇|才腕の絆|技巧伝承|摂理探究|柔能制剛|謀略家|雄材大略,,step116_9inen_dedup_max_total,22405,22405,step164_verified_normal9,total_score,22405
step116_9_魚鱗_000023,STEP116_9INEN_DEDUP_MAX_TOTAL_RESULT,step106_9inen_full_780_dedup_by_hero_set_bond_set_max_total,魚鱗,通常,9,伊奈忠次|ガラシャ(聖)|斎藤利三(神祇)|毛利隆元|豊臣秀吉|酒井忠次(通),伊奈忠次|ガラシャ(聖)|斎藤利三(神祇)|毛利隆元|豊臣秀吉|酒井忠次(通),召喚術の絆|摂理探究|世渡り上手の絆|才腕の絆|謀略家|柔能制剛|技巧伝承|天神地祇|雄材大略,召喚術の絆|摂理探究|世渡り上手の絆|才腕の絆|謀略家|柔能制剛|技巧伝承|天神地祇|雄材大略,15387,3129,40,56,394,604,385,596,604,633,577,ステータス計算済み,step116で9因縁780行を「陣形+配置英傑6人セット+発動因縁セット」で重複除外。同一組内は総合値最大の配置を代表として採用。,STEP116_SELECTED_MAX_TOTAL_FROM_STEP106_RECALCULATED_9INEN,step106で各陣形有効ラインから再計算済みの9因縁行を使用し、重複組では総合値最大の配置を残す,魚鱗||通常||9||ガラシャ(聖)|伊奈忠次|斎藤利三(神祇)|毛利隆元|豊臣秀吉|酒井忠次(通)||世渡り上手の絆|召喚術の絆|天神地祇|才腕の絆|技巧伝承|摂理探究|柔能制剛|謀略家|雄材大略,,step116_9inen_dedup_max_total,22405,22405,step164_verified_normal9,total_score,22405
step116_9_魚鱗_000025,STEP116_9INEN_DEDUP_MAX_TOTAL_RESULT,step106_9inen_full_780_dedup_by_hero_set_bond_set_max_total,魚鱗,通常,9,山中鹿之介|吉川元春|井伊直虎|柿崎景家|島左近|長野業正,山中鹿之介|吉川元春|井伊直虎|柿崎景家|島左近|長野業正,猛将の絆|勇猛果敢|意気衝天|軍学の絆|豪傑|侍|根性の絆|もののふ|泰然自若,猛将の絆|勇猛果敢|意気衝天|軍学の絆|豪傑|侍|根性の絆|もののふ|泰然自若,15696,4022,784,402,192,144,197,210,217,243,222,ステータス計算済み,step116で9因縁780行を「陣形+配置英傑6人セット+発動因縁セット」で重複除外。同一組内は総合値最大の配置を代表として採用。,STEP116_SELECTED_MAX_TOTAL_FROM_STEP106_RECALCULATED_9INEN,step106で各陣形有効ラインから再計算済みの9因縁行を使用し、重複組では総合値最大の配置を残す,魚鱗||通常||9||井伊直虎|吉川元春|山中鹿之介|島左近|柿崎景家|長野業正||もののふ|侍|勇猛果敢|意気衝天|根性の絆|泰然自若|猛将の絆|豪傑|軍学の絆,,step116_9inen_dedup_max_total,22329,22329,step164_verified_normal9,total_score,22329
step116_9_魚鱗_000027,STEP116_9INEN_DEDUP_MAX_TOTAL_RESULT,step106_9inen_full_780_dedup_by_hero_set_bond_set_max_total,魚鱗,通常,9,伊奈忠次|サンチョ|斎藤利三(神祇)|毛利隆元|豊臣秀吉|酒井忠次(衣鉢),伊奈忠次|サンチョ|斎藤利三(神祇)|毛利隆元|豊臣秀吉|酒井忠次(衣鉢),召喚術の絆|摂理探究|世渡り上手の絆|才腕の絆|謀略家|柔能制剛|技巧伝承|天神地祇|雄材大略,召喚術の絆|摂理探究|世渡り上手の絆|才腕の絆|謀略家|柔能制剛|技巧伝承|天神地祇|雄材大略,14916,3129,30,44,394,578,385,552,555,574,526,ステータス計算済み,step116で9因縁780行を「陣形+配置英傑6人セット+発動因縁セット」で重複除外。同一組内は総合値最大の配置を代表として採用。,STEP116_SELECTED_MAX_TOTAL_FROM_STEP106_RECALCULATED_9INEN,step106で各陣形有効ラインから再計算済みの9因縁行を使用し、重複組では総合値最大の配置を残す,魚鱗||通常||9||サンチョ|伊奈忠次|斎藤利三(神祇)|毛利隆元|豊臣秀吉|酒井忠次(衣鉢)||世渡り上手の絆|召喚術の絆|天神地祇|才腕の絆|技巧伝承|摂理探究|柔能制剛|謀略家|雄材大略,,step116_9inen_dedup_max_total,21683,21683,step164_verified_normal9,total_score,21683
step116_9_魚鱗_000026,STEP116_9INEN_DEDUP_MAX_TOTAL_RESULT,step106_9inen_full_780_dedup_by_hero_set_bond_set_max_total,魚鱗,通常,9,伊奈忠次|サンチョ|斎藤利三(神祇)|毛利隆元|豊臣秀吉|酒井忠次(通),伊奈忠次|サンチョ|斎藤利三(神祇)|毛利隆元|豊臣秀吉|酒井忠次(通),召喚術の絆|摂理探究|世渡り上手の絆|才腕の絆|謀略家|柔能制剛|技巧伝承|天神地祇|雄材大略,召喚術の絆|摂理探究|世渡り上手の絆|才腕の絆|謀略家|柔能制剛|技巧伝承|天神地祇|雄材大略,14916,3129,30,44,394,578,385,552,555,574,526,ステータス計算済み,step116で9因縁780行を「陣形+配置英傑6人セット+発動因縁セット」で重複除外。同一組内は総合値最大の配置を代表として採用。,STEP116_SELECTED_MAX_TOTAL_FROM_STEP106_RECALCULATED_9INEN,step106で各陣形有効ラインから再計算済みの9因縁行を使用し、重複組では総合値最大の配置を残す,魚鱗||通常||9||サンチョ|伊奈忠次|斎藤利三(神祇)|毛利隆元|豊臣秀吉|酒井忠次(通)||世渡り上手の絆|召喚術の絆|天神地祇|才腕の絆|技巧伝承|摂理探究|柔能制剛|謀略家|雄材大略,,step116_9inen_dedup_max_total,21683,21683,step164_verified_normal9,total_score,21683
step116_9_魚鱗_000028,STEP116_9INEN_DEDUP_MAX_TOTAL_RESULT,step106_9inen_full_780_dedup_by_hero_set_bond_set_max_total,魚鱗,通常,9,長野業正|山中鹿之介|島左近|細川忠興(山紫)|明智光秀(闇)|小松姫,長野業正|山中鹿之介|島左近|細川忠興(山紫)|明智光秀(闇)|小松姫,侍|根性の絆|もののふ|泰然自若|鬼の絆|流行創出|戦場の華|老練闊達|勇猛果敢,侍|根性の絆|もののふ|泰然自若|鬼の絆|流行創出|戦場の華|老練闊達|勇猛果敢,14897,3081,668,489,104,137,254,421,458,473,447,ステータス計算済み,step116で9因縁780行を「陣形+配置英傑6人セット+発動因縁セット」で重複除外。同一組内は総合値最大の配置を代表として採用。,STEP116_SELECTED_MAX_TOTAL_FROM_STEP106_RECALCULATED_9INEN,step106で各陣形有効ラインから再計算済みの9因縁行を使用し、重複組では総合値最大の配置を残す,魚鱗||通常||9||小松姫|山中鹿之介|島左近|明智光秀(闇)|細川忠興(山紫)|長野業正||もののふ|侍|勇猛果敢|戦場の華|根性の絆|泰然自若|流行創出|老練闊達|鬼の絆,,step116_9inen_dedup_max_total,21429,21429,step164_verified_normal9,total_score,21429
step116_9_魚鱗_000029,STEP116_9INEN_DEDUP_MAX_TOTAL_RESULT,step106_9inen_full_780_dedup_by_hero_set_bond_set_max_total,魚鱗,通常,9,長野業正|山県昌景(泰然)|島左近|細川忠興(山紫)|明智光秀(闇)|小松姫,長野業正|山県昌景(泰然)|島左近|細川忠興(山紫)|明智光秀(闇)|小松姫,侍|根性の絆|もののふ|泰然自若|鬼の絆|流行創出|戦場の華|老練闊達|勇猛果敢,侍|根性の絆|もののふ|泰然自若|鬼の絆|流行創出|戦場の華|老練闊達|勇猛果敢,14844,3061,666,489,104,137,248,428,465,470,452,ステータス計算済み,step116で9因縁780行を「陣形+配置英傑6人セット+発動因縁セット」で重複除外。同一組内は総合値最大の配置を代表として採用。,STEP116_SELECTED_MAX_TOTAL_FROM_STEP106_RECALCULATED_9INEN,step106で各陣形有効ラインから再計算済みの9因縁行を使用し、重複組では総合値最大の配置を残す,魚鱗||通常||9||小松姫|山県昌景(泰然)|島左近|明智光秀(闇)|細川忠興(山紫)|長野業正||もののふ|侍|勇猛果敢|戦場の華|根性の絆|泰然自若|流行創出|老練闊達|鬼の絆,,step116_9inen_dedup_max_total,21364,21364,step164_verified_normal9,total_score,21364
step116_9_魚鱗_000030,STEP116_9INEN_DEDUP_MAX_TOTAL_RESULT,step106_9inen_full_780_dedup_by_hero_set_bond_set_max_total,魚鱗,通常,9,大内義隆|北条氏邦|出雲阿国(野望)|大祝鶴|魔女ルシア|細川藤孝(立役),大内義隆|北条氏邦|出雲阿国(野望)|大祝鶴|魔女ルシア|細川藤孝(立役),流行創出|多芸多才|神主・巫女|女傑の絆|洒落者の絆|文化人の絆|文明開化|技巧伝承|山紫水明,流行創出|多芸多才|神主・巫女|女傑の絆|洒落者の絆|文化人の絆|文明開化|技巧伝承|山紫水明,13386,2828,249,44,382,403,622,773,812,744,795,ステータス計算済み,step116で9因縁780行を「陣形+配置英傑6人セット+発動因縁セット」で重複除外。同一組内は総合値最大の配置を代表として採用。,STEP116_SELECTED_MAX_TOTAL_FROM_STEP106_RECALCULATED_9INEN,step106で各陣形有効ラインから再計算済みの9因縁行を使用し、重複組では総合値最大の配置を残す,魚鱗||通常||9||出雲阿国(野望)|北条氏邦|大内義隆|大祝鶴|細川藤孝(立役)|魔女ルシア||多芸多才|女傑の絆|山紫水明|技巧伝承|文化人の絆|文明開化|洒落者の絆|流行創出|神主・巫女,,step116_9inen_dedup_max_total,21038,21038,step164_verified_normal9,total_score,21038
step116_9_魚鱗_000031,STEP116_9INEN_DEDUP_MAX_TOTAL_RESULT,step106_9inen_full_780_dedup_by_hero_set_bond_set_max_total,魚鱗,通常,9,長野業正|山中鹿之介|島左近|豊臣秀次|明智光秀(闇)|小松姫,長野業正|山中鹿之介|島左近|豊臣秀次|明智光秀(闇)|小松姫,侍|根性の絆|もののふ|泰然自若|謀略家|流行創出|戦場の華|老練闊達|勇猛果敢,侍|根性の絆|もののふ|泰然自若|謀略家|流行創出|戦場の華|老練闊達|勇猛果敢,14515,2995,466,342,104,277,254,397,422,445,418,ステータス計算済み,step116で9因縁780行を「陣形+配置英傑6人セット+発動因縁セット」で重複除外。同一組内は総合値最大の配置を代表として採用。,STEP116_SELECTED_MAX_TOTAL_FROM_STEP106_RECALCULATED_9INEN,step106で各陣形有効ラインから再計算済みの9因縁行を使用し、重複組では総合値最大の配置を残す,魚鱗||通常||9||小松姫|山中鹿之介|島左近|明智光秀(闇)|豊臣秀次|長野業正||もののふ|侍|勇猛果敢|戦場の華|根性の絆|泰然自若|流行創出|老練闊達|謀略家,,step116_9inen_dedup_max_total,20635,20635,step164_verified_normal9,total_score,20635
step116_9_魚鱗_000032,STEP116_9INEN_DEDUP_MAX_TOTAL_RESULT,step106_9inen_full_780_dedup_by_hero_set_bond_set_max_total,魚鱗,通常,9,長野業正|山県昌景(泰然)|島左近|豊臣秀次|明智光秀(闇)|小松姫,長野業正|山県昌景(泰然)|島左近|豊臣秀次|明智光秀(闇)|小松姫,侍|根性の絆|もののふ|泰然自若|謀略家|流行創出|戦場の華|老練闊達|勇猛果敢,侍|根性の絆|もののふ|泰然自若|謀略家|流行創出|戦場の華|老練闊達|勇猛果敢,14462,2975,464,342,104,277,248,404,429,442,423,ステータス計算済み,step116で9因縁780行を「陣形+配置英傑6人セット+発動因縁セット」で重複除外。同一組内は総合値最大の配置を代表として採用。,STEP116_SELECTED_MAX_TOTAL_FROM_STEP106_RECALCULATED_9INEN,step106で各陣形有効ラインから再計算済みの9因縁行を使用し、重複組では総合値最大の配置を残す,魚鱗||通常||9||小松姫|山県昌景(泰然)|島左近|明智光秀(闇)|豊臣秀次|長野業正||もののふ|侍|勇猛果敢|戦場の華|根性の絆|泰然自若|流行創出|老練闊達|謀略家,,step116_9inen_dedup_max_total,20570,20570,step164_verified_normal9,total_score,20570
step116_9_魚鱗_000033,STEP116_9INEN_DEDUP_MAX_TOTAL_RESULT,step106_9inen_full_780_dedup_by_hero_set_bond_set_max_total,魚鱗,通常,9,山中鹿之介|島左近|長野業正|明智光秀(闇)|小松姫|伊達政宗(起源),山中鹿之介|島左近|長野業正|明智光秀(闇)|小松姫|伊達政宗(起源),侍|根性の絆|もののふ|泰然自若|戦場の華|老練闊達|勇猛果敢|武芸の絆|意気衝天,侍|根性の絆|もののふ|泰然自若|戦場の華|老練闊達|勇猛果敢|武芸の絆|意気衝天,14439,3655,559,392,225,110,254,210,217,243,222,ステータス計算済み,step116で9因縁780行を「陣形+配置英傑6人セット+発動因縁セット」で重複除外。同一組内は総合値最大の配置を代表として採用。,STEP116_SELECTED_MAX_TOTAL_FROM_STEP106_RECALCULATED_9INEN,step106で各陣形有効ラインから再計算済みの9因縁行を使用し、重複組では総合値最大の配置を残す,魚鱗||通常||9||伊達政宗(起源)|小松姫|山中鹿之介|島左近|明智光秀(闇)|長野業正||もののふ|侍|勇猛果敢|意気衝天|戦場の華|根性の絆|武芸の絆|泰然自若|老練闊達,,step116_9inen_dedup_max_total,20526,20526,step164_verified_normal9,total_score,20526
step116_9_魚鱗_000034,STEP116_9INEN_DEDUP_MAX_TOTAL_RESULT,step106_9inen_full_780_dedup_by_hero_set_bond_set_max_total,魚鱗,通常,9,山県昌景(泰然)|島左近|長野業正|明智光秀(闇)|小松姫|伊達政宗(起源),山県昌景(泰然)|島左近|長野業正|明智光秀(闇)|小松姫|伊達政宗(起源),侍|根性の絆|もののふ|泰然自若|戦場の華|老練闊達|勇猛果敢|武芸の絆|意気衝天,侍|根性の絆|もののふ|泰然自若|戦場の華|老練闊達|勇猛果敢|武芸の絆|意気衝天,14359,3561,556,392,221,110,248,217,224,240,227,ステータス計算済み,step116で9因縁780行を「陣形+配置英傑6人セット+発動因縁セット」で重複除外。同一組内は総合値最大の配置を代表として採用。,STEP116_SELECTED_MAX_TOTAL_FROM_STEP106_RECALCULATED_9INEN,step106で各陣形有効ラインから再計算済みの9因縁行を使用し、重複組では総合値最大の配置を残す,魚鱗||通常||9||伊達政宗(起源)|小松姫|山県昌景(泰然)|島左近|明智光秀(闇)|長野業正||もののふ|侍|勇猛果敢|意気衝天|戦場の華|根性の絆|武芸の絆|泰然自若|老練闊達,,step116_9inen_dedup_max_total,20355,20355,step164_verified_normal9,total_score,20355
step116_9_魚鱗_000036,STEP116_9INEN_DEDUP_MAX_TOTAL_RESULT,step106_9inen_full_780_dedup_by_hero_set_bond_set_max_total,魚鱗,通常,9,豊臣秀長|北条氏照(剛柔)|豊臣秀次|細川藤孝(立役)|前田利家|武田晴信,豊臣秀長|北条氏照(剛柔)|豊臣秀次|細川藤孝(立役)|前田利家|武田晴信,知将の絆|立役者|技巧伝承|柔能制剛|文明開化|山紫水明|謀略家|雄材大略|摂理探究,知将の絆|立役者|技巧伝承|柔能制剛|文明開化|山紫水明|謀略家|雄材大略|摂理探究,14832,899,83,0,293,1068,158,641,619,659,618,ステータス計算済み,step116で9因縁780行を「陣形+配置英傑6人セット+発動因縁セット」で重複除外。同一組内は総合値最大の配置を代表として採用。,STEP116_SELECTED_MAX_TOTAL_FROM_STEP106_RECALCULATED_9INEN,step106で各陣形有効ラインから再計算済みの9因縁行を使用し、重複組では総合値最大の配置を残す,魚鱗||通常||9||前田利家|北条氏照(剛柔)|武田晴信|細川藤孝(立役)|豊臣秀次|豊臣秀長||山紫水明|技巧伝承|摂理探究|文明開化|柔能制剛|知将の絆|立役者|謀略家|雄材大略,,step116_9inen_dedup_max_total,19870,19870,step164_verified_normal9,total_score,19870
step116_9_魚鱗_000035,STEP116_9INEN_DEDUP_MAX_TOTAL_RESULT,step106_9inen_full_780_dedup_by_hero_set_bond_set_max_total,魚鱗,通常,9,豊臣秀長|武田晴信|前田利家(雄材)|細川藤孝(立役)|豊臣秀次|北条氏照(剛柔),豊臣秀長|武田晴信|前田利家(雄材)|細川藤孝(立役)|豊臣秀次|北条氏照(剛柔),謀略家|雄材大略|摂理探究|文明開化|山紫水明|知将の絆|立役者|技巧伝承|柔能制剛,謀略家|雄材大略|摂理探究|文明開化|山紫水明|知将の絆|立役者|技巧伝承|柔能制剛,14832,899,83,0,293,1068,158,641,619,659,618,ステータス計算済み,step116で9因縁780行を「陣形+配置英傑6人セット+発動因縁セット」で重複除外。同一組内は総合値最大の配置を代表として採用。,STEP116_SELECTED_MAX_TOTAL_FROM_STEP106_RECALCULATED_9INEN,step106で各陣形有効ラインから再計算済みの9因縁行を使用し、重複組では総合値最大の配置を残す,魚鱗||通常||9||前田利家(雄材)|北条氏照(剛柔)|武田晴信|細川藤孝(立役)|豊臣秀次|豊臣秀長||山紫水明|技巧伝承|摂理探究|文明開化|柔能制剛|知将の絆|立役者|謀略家|雄材大略,,step116_9inen_dedup_max_total,19870,19870,step164_verified_normal9,total_score,19870
step116_9_魚鱗_000037,STEP116_9INEN_DEDUP_MAX_TOTAL_RESULT,step106_9inen_full_780_dedup_by_hero_set_bond_set_max_total,魚鱗,通常,9,山中鹿之介|島左近|長野業正|明智光秀(闇)|小松姫|十河一存,山中鹿之介|島左近|長野業正|明智光秀(闇)|小松姫|十河一存,侍|根性の絆|もののふ|泰然自若|戦場の華|老練闊達|勇猛果敢|武芸の絆|意気衝天,侍|根性の絆|もののふ|泰然自若|戦場の華|老練闊達|勇猛果敢|武芸の絆|意気衝天,13961,3406,548,385,207,97,254,210,217,243,222,ステータス計算済み,step116で9因縁780行を「陣形+配置英傑6人セット+発動因縁セット」で重複除外。同一組内は総合値最大の配置を代表として採用。,STEP116_SELECTED_MAX_TOTAL_FROM_STEP106_RECALCULATED_9INEN,step106で各陣形有効ラインから再計算済みの9因縁行を使用し、重複組では総合値最大の配置を残す,魚鱗||通常||9||十河一存|小松姫|山中鹿之介|島左近|明智光秀(闇)|長野業正||もののふ|侍|勇猛果敢|意気衝天|戦場の華|根性の絆|武芸の絆|泰然自若|老練闊達,,step116_9inen_dedup_max_total,19750,19750,step164_verified_normal9,total_score,19750
step116_9_魚鱗_000038,STEP116_9INEN_DEDUP_MAX_TOTAL_RESULT,step106_9inen_full_780_dedup_by_hero_set_bond_set_max_total,魚鱗,通常,9,山中鹿之介|島左近|長野業正|明智光秀(闇)|小松姫|井伊直政,山中鹿之介|島左近|長野業正|明智光秀(闇)|小松姫|井伊直政,侍|根性の絆|もののふ|泰然自若|戦場の華|老練闊達|勇猛果敢|武芸の絆|意気衝天,侍|根性の絆|もののふ|泰然自若|戦場の華|老練闊達|勇猛果敢|武芸の絆|意気衝天,13961,3406,547,386,203,97,254,210,217,243,222,ステータス計算済み,step116で9因縁780行を「陣形+配置英傑6人セット+発動因縁セット」で重複除外。同一組内は総合値最大の配置を代表として採用。,STEP116_SELECTED_MAX_TOTAL_FROM_STEP106_RECALCULATED_9INEN,step106で各陣形有効ラインから再計算済みの9因縁行を使用し、重複組では総合値最大の配置を残す,魚鱗||通常||9||井伊直政|小松姫|山中鹿之介|島左近|明智光秀(闇)|長野業正||もののふ|侍|勇猛果敢|意気衝天|戦場の華|根性の絆|武芸の絆|泰然自若|老練闊達,,step116_9inen_dedup_max_total,19746,19746,step164_verified_normal9,total_score,19746
step116_9_魚鱗_000039,STEP116_9INEN_DEDUP_MAX_TOTAL_RESULT,step106_9inen_full_780_dedup_by_hero_set_bond_set_max_total,魚鱗,通常,9,山県昌景(泰然)|島左近|長野業正|明智光秀(闇)|小松姫|十河一存,山県昌景(泰然)|島左近|長野業正|明智光秀(闇)|小松姫|十河一存,侍|根性の絆|もののふ|泰然自若|戦場の華|老練闊達|勇猛果敢|武芸の絆|意気衝天,侍|根性の絆|もののふ|泰然自若|戦場の華|老練闊達|勇猛果敢|武芸の絆|意気衝天,13882,3313,545,385,203,96,248,217,224,240,227,ステータス計算済み,step116で9因縁780行を「陣形+配置英傑6人セット+発動因縁セット」で重複除外。同一組内は総合値最大の配置を代表として採用。,STEP116_SELECTED_MAX_TOTAL_FROM_STEP106_RECALCULATED_9INEN,step106で各陣形有効ラインから再計算済みの9因縁行を使用し、重複組では総合値最大の配置を残す,魚鱗||通常||9||十河一存|小松姫|山県昌景(泰然)|島左近|明智光秀(闇)|長野業正||もののふ|侍|勇猛果敢|意気衝天|戦場の華|根性の絆|武芸の絆|泰然自若|老練闊達,,step116_9inen_dedup_max_total,19580,19580,step164_verified_normal9,total_score,19580
step116_9_魚鱗_000040,STEP116_9INEN_DEDUP_MAX_TOTAL_RESULT,step106_9inen_full_780_dedup_by_hero_set_bond_set_max_total,魚鱗,通常,9,山県昌景(泰然)|島左近|長野業正|明智光秀(闇)|小松姫|井伊直政,山県昌景(泰然)|島左近|長野業正|明智光秀(闇)|小松姫|井伊直政,侍|根性の絆|もののふ|泰然自若|戦場の華|老練闊達|勇猛果敢|武芸の絆|意気衝天,侍|根性の絆|もののふ|泰然自若|戦場の華|老練闊達|勇猛果敢|武芸の絆|意気衝天,13882,3313,544,386,199,96,248,217,224,240,227,ステータス計算済み,step116で9因縁780行を「陣形+配置英傑6人セット+発動因縁セット」で重複除外。同一組内は総合値最大の配置を代表として採用。,STEP116_SELECTED_MAX_TOTAL_FROM_STEP106_RECALCULATED_9INEN,step106で各陣形有効ラインから再計算済みの9因縁行を使用し、重複組では総合値最大の配置を残す,魚鱗||通常||9||井伊直政|小松姫|山県昌景(泰然)|島左近|明智光秀(闇)|長野業正||もののふ|侍|勇猛果敢|意気衝天|戦場の華|根性の絆|武芸の絆|泰然自若|老練闊達,,step116_9inen_dedup_max_total,19576,19576,step164_verified_normal9,total_score,19576
step116_9_魚鱗_000041,STEP116_9INEN_DEDUP_MAX_TOTAL_RESULT,step106_9inen_full_780_dedup_by_hero_set_bond_set_max_total,魚鱗,通常,9,柳生宗矩|島左近|出雲阿国(野望)|大祝鶴|魔女ルシア|谷忠澄,柳生宗矩|島左近|出雲阿国(野望)|大祝鶴|魔女ルシア|谷忠澄,豪傑|流行創出|神主・巫女|女傑の絆|洒落者の絆|文明開化|技巧伝承|竜飛鳳舞|多芸多才,豪傑|流行創出|神主・巫女|女傑の絆|洒落者の絆|文明開化|技巧伝承|竜飛鳳舞|多芸多才,12761,2985,558,48,244,379,596,487,496,474,532,ステータス計算済み,step116で9因縁780行を「陣形+配置英傑6人セット+発動因縁セット」で重複除外。同一組内は総合値最大の配置を代表として採用。,STEP116_SELECTED_MAX_TOTAL_FROM_STEP106_RECALCULATED_9INEN,step106で各陣形有効ラインから再計算済みの9因縁行を使用し、重複組では総合値最大の配置を残す,魚鱗||通常||9||出雲阿国(野望)|大祝鶴|島左近|柳生宗矩|谷忠澄|魔女ルシア||多芸多才|女傑の絆|技巧伝承|文明開化|洒落者の絆|流行創出|神主・巫女|竜飛鳳舞|豪傑,,step116_9inen_dedup_max_total,19560,19560,step164_verified_normal9,total_score,19560
step116_9_魚鱗_000043,STEP116_9INEN_DEDUP_MAX_TOTAL_RESULT,step106_9inen_full_780_dedup_by_hero_set_bond_set_max_total,魚鱗,通常,9,豊臣秀長|北条氏照(剛柔)|豊臣秀次|細川藤孝(立役)|前田利家|上杉憲政,豊臣秀長|北条氏照(剛柔)|豊臣秀次|細川藤孝(立役)|前田利家|上杉憲政,知将の絆|立役者|技巧伝承|柔能制剛|文明開化|山紫水明|謀略家|雄材大略|摂理探究,知将の絆|立役者|技巧伝承|柔能制剛|文明開化|山紫水明|謀略家|雄材大略|摂理探究,14490,861,86,0,293,998,158,609,593,632,592,ステータス計算済み,step116で9因縁780行を「陣形+配置英傑6人セット+発動因縁セット」で重複除外。同一組内は総合値最大の配置を代表として採用。,STEP116_SELECTED_MAX_TOTAL_FROM_STEP106_RECALCULATED_9INEN,step106で各陣形有効ラインから再計算済みの9因縁行を使用し、重複組では総合値最大の配置を残す,魚鱗||通常||9||上杉憲政|前田利家|北条氏照(剛柔)|細川藤孝(立役)|豊臣秀次|豊臣秀長||山紫水明|技巧伝承|摂理探究|文明開化|柔能制剛|知将の絆|立役者|謀略家|雄材大略,,step116_9inen_dedup_max_total,19312,19312,step164_verified_normal9,total_score,19312
step116_9_魚鱗_000042,STEP116_9INEN_DEDUP_MAX_TOTAL_RESULT,step106_9inen_full_780_dedup_by_hero_set_bond_set_max_total,魚鱗,通常,9,豊臣秀長|上杉憲政|前田利家(雄材)|細川藤孝(立役)|豊臣秀次|北条氏照(剛柔),豊臣秀長|上杉憲政|前田利家(雄材)|細川藤孝(立役)|豊臣秀次|北条氏照(剛柔),謀略家|雄材大略|摂理探究|文明開化|山紫水明|知将の絆|立役者|技巧伝承|柔能制剛,謀略家|雄材大略|摂理探究|文明開化|山紫水明|知将の絆|立役者|技巧伝承|柔能制剛,14490,861,86,0,293,998,158,609,593,632,592,ステータス計算済み,step116で9因縁780行を「陣形+配置英傑6人セット+発動因縁セット」で重複除外。同一組内は総合値最大の配置を代表として採用。,STEP116_SELECTED_MAX_TOTAL_FROM_STEP106_RECALCULATED_9INEN,step106で各陣形有効ラインから再計算済みの9因縁行を使用し、重複組では総合値最大の配置を残す,魚鱗||通常||9||上杉憲政|前田利家(雄材)|北条氏照(剛柔)|細川藤孝(立役)|豊臣秀次|豊臣秀長||山紫水明|技巧伝承|摂理探究|文明開化|柔能制剛|知将の絆|立役者|謀略家|雄材大略,,step116_9inen_dedup_max_total,19312,19312,step164_verified_normal9,total_score,19312
step116_9_魚鱗_000044,STEP116_9INEN_DEDUP_MAX_TOTAL_RESULT,step106_9inen_full_780_dedup_by_hero_set_bond_set_max_total,魚鱗,通常,9,納涼忍お綾|堀秀政|柳生宗矩|宮本武蔵(涼)|道場娘まり(和装)|仙桃院,納涼忍お綾|堀秀政|柳生宗矩|宮本武蔵(涼)|道場娘まり(和装)|仙桃院,才腕の絆|文明開化|技巧伝承|多芸多才|侍|剣豪の絆|豪傑|女傑の絆|能鷹隠爪,才腕の絆|文明開化|技巧伝承|多芸多才|侍|剣豪の絆|豪傑|女傑の絆|能鷹隠爪,13904,1403,749,202,665,154,589,367,371,393,423,ステータス計算済み,step116で9因縁780行を「陣形+配置英傑6人セット+発動因縁セット」で重複除外。同一組内は総合値最大の配置を代表として採用。,STEP116_SELECTED_MAX_TOTAL_FROM_STEP106_RECALCULATED_9INEN,step106で各陣形有効ラインから再計算済みの9因縁行を使用し、重複組では総合値最大の配置を残す,魚鱗||通常||9||仙桃院|堀秀政|宮本武蔵(涼)|柳生宗矩|納涼忍お綾|道場娘まり(和装)||侍|剣豪の絆|多芸多才|女傑の絆|才腕の絆|技巧伝承|文明開化|能鷹隠爪|豪傑,,step116_9inen_dedup_max_total,19220,19220,step164_verified_normal9,total_score,19220
step116_9_魚鱗_000045,STEP116_9INEN_DEDUP_MAX_TOTAL_RESULT,step106_9inen_full_780_dedup_by_hero_set_bond_set_max_total,魚鱗,通常,9,納涼忍お綾|堀秀政|柳生宗矩|宮本武蔵(涼)|道場娘まり(和装)|井伊直虎,納涼忍お綾|堀秀政|柳生宗矩|宮本武蔵(涼)|道場娘まり(和装)|井伊直虎,才腕の絆|文明開化|技巧伝承|多芸多才|侍|剣豪の絆|豪傑|女傑の絆|戦場の華,才腕の絆|文明開化|技巧伝承|多芸多才|侍|剣豪の絆|豪傑|女傑の絆|戦場の華,13928,1403,772,86,665,154,590,367,371,393,423,ステータス計算済み,step116で9因縁780行を「陣形+配置英傑6人セット+発動因縁セット」で重複除外。同一組内は総合値最大の配置を代表として採用。,STEP116_SELECTED_MAX_TOTAL_FROM_STEP106_RECALCULATED_9INEN,step106で各陣形有効ラインから再計算済みの9因縁行を使用し、重複組では総合値最大の配置を残す,魚鱗||通常||9||井伊直虎|堀秀政|宮本武蔵(涼)|柳生宗矩|納涼忍お綾|道場娘まり(和装)||侍|剣豪の絆|多芸多才|女傑の絆|戦場の華|才腕の絆|技巧伝承|文明開化|豪傑,,step116_9inen_dedup_max_total,19152,19152,step164_verified_normal9,total_score,19152
step116_9_魚鱗_000046,STEP116_9INEN_DEDUP_MAX_TOTAL_RESULT,step106_9inen_full_780_dedup_by_hero_set_bond_set_max_total,魚鱗,通常,9,北条氏照(剛柔)|金森長近|雑賀孫市(道化)|黒田長政|黒田官兵衛|鍋島直茂(乱雲),北条氏照(剛柔)|金森長近|雑賀孫市(道化)|黒田長政|黒田官兵衛|鍋島直茂(乱雲),文明開化|技巧伝承|知勇兼備|才腕の絆|硝煙弾雨|多芸多才|知将の絆|立役者|柔能制剛,文明開化|技巧伝承|知勇兼備|才腕の絆|硝煙弾雨|多芸多才|知将の絆|立役者|柔能制剛,11606,3272,161,123,696,703,312,506,583,521,502,ステータス計算済み,step116で9因縁780行を「陣形+配置英傑6人セット+発動因縁セット」で重複除外。同一組内は総合値最大の配置を代表として採用。,STEP116_SELECTED_MAX_TOTAL_FROM_STEP106_RECALCULATED_9INEN,step106で各陣形有効ラインから再計算済みの9因縁行を使用し、重複組では総合値最大の配置を残す,魚鱗||通常||9||北条氏照(剛柔)|金森長近|鍋島直茂(乱雲)|雑賀孫市(道化)|黒田官兵衛|黒田長政||多芸多才|才腕の絆|技巧伝承|文明開化|柔能制剛|知勇兼備|知将の絆|硝煙弾雨|立役者,,step116_9inen_dedup_max_total,18985,18985,step164_verified_normal9,total_score,18985
step116_9_魚鱗_000047,STEP116_9INEN_DEDUP_MAX_TOTAL_RESULT,step106_9inen_full_780_dedup_by_hero_set_bond_set_max_total,魚鱗,通常,9,北条氏照(剛柔)|金森長近|雑賀孫市(道化)|黒田長政|黒田官兵衛|豊臣秀長,北条氏照(剛柔)|金森長近|雑賀孫市(道化)|黒田長政|黒田官兵衛|豊臣秀長,文明開化|技巧伝承|知勇兼備|才腕の絆|硝煙弾雨|多芸多才|知将の絆|立役者|柔能制剛,文明開化|技巧伝承|知勇兼備|才腕の絆|硝煙弾雨|多芸多才|知将の絆|立役者|柔能制剛,11393,3272,161,123,694,707,312,511,585,529,504,ステータス計算済み,step116で9因縁780行を「陣形+配置英傑6人セット+発動因縁セット」で重複除外。同一組内は総合値最大の配置を代表として採用。,STEP116_SELECTED_MAX_TOTAL_FROM_STEP106_RECALCULATED_9INEN,step106で各陣形有効ラインから再計算済みの9因縁行を使用し、重複組では総合値最大の配置を残す,魚鱗||通常||9||北条氏照(剛柔)|豊臣秀長|金森長近|雑賀孫市(道化)|黒田官兵衛|黒田長政||多芸多才|才腕の絆|技巧伝承|文明開化|柔能制剛|知勇兼備|知将の絆|硝煙弾雨|立役者,,step116_9inen_dedup_max_total,18791,18791,step164_verified_normal9,total_score,18791
step116_9_魚鱗_000048,STEP116_9INEN_DEDUP_MAX_TOTAL_RESULT,step106_9inen_full_780_dedup_by_hero_set_bond_set_max_total,魚鱗,通常,9,豊臣秀長|北条氏照(剛柔)|豊臣秀次|百地三太夫(野望)|斎藤道三(巳)|佐竹義重,豊臣秀長|北条氏照(剛柔)|豊臣秀次|百地三太夫(野望)|斎藤道三(巳)|佐竹義重,知将の絆|立役者|技巧伝承|柔能制剛|謀略家|生殺与奪|侍|才腕の絆|知勇兼備,知将の絆|立役者|技巧伝承|柔能制剛|謀略家|生殺与奪|侍|才腕の絆|知勇兼備,13439,1428,162,99,517,864,357,463,454,463,458,ステータス計算済み,step116で9因縁780行を「陣形+配置英傑6人セット+発動因縁セット」で重複除外。同一組内は総合値最大の配置を代表として採用。,STEP116_SELECTED_MAX_TOTAL_FROM_STEP106_RECALCULATED_9INEN,step106で各陣形有効ラインから再計算済みの9因縁行を使用し、重複組では総合値最大の配置を残す,魚鱗||通常||9||佐竹義重|北条氏照(剛柔)|斎藤道三(巳)|百地三太夫(野望)|豊臣秀次|豊臣秀長||侍|才腕の絆|技巧伝承|柔能制剛|生殺与奪|知勇兼備|知将の絆|立役者|謀略家,,step116_9inen_dedup_max_total,18704,18704,step164_verified_normal9,total_score,18704
step116_9_魚鱗_000049,STEP116_9INEN_DEDUP_MAX_TOTAL_RESULT,step106_9inen_full_780_dedup_by_hero_set_bond_set_max_total,魚鱗,通常,9,納涼忍お綾|堀秀政|柳生宗矩|宮本武蔵(涼)|道場娘まり(和装)|武田信玄(野望),納涼忍お綾|堀秀政|柳生宗矩|宮本武蔵(涼)|道場娘まり(和装)|武田信玄(野望),才腕の絆|文明開化|技巧伝承|多芸多才|侍|剣豪の絆|豪傑|戦場の華|能鷹隠爪,才腕の絆|文明開化|技巧伝承|多芸多才|侍|剣豪の絆|豪傑|戦場の華|能鷹隠爪,13504,1403,565,195,665,154,553,367,371,393,423,ステータス計算済み,step116で9因縁780行を「陣形+配置英傑6人セット+発動因縁セット」で重複除外。同一組内は総合値最大の配置を代表として採用。,STEP116_SELECTED_MAX_TOTAL_FROM_STEP106_RECALCULATED_9INEN,step106で各陣形有効ラインから再計算済みの9因縁行を使用し、重複組では総合値最大の配置を残す,魚鱗||通常||9||堀秀政|宮本武蔵(涼)|柳生宗矩|武田信玄(野望)|納涼忍お綾|道場娘まり(和装)||侍|剣豪の絆|多芸多才|戦場の華|才腕の絆|技巧伝承|文明開化|能鷹隠爪|豪傑,,step116_9inen_dedup_max_total,18593,18593,step164_verified_normal9,total_score,18593
step116_9_魚鱗_000050,STEP116_9INEN_DEDUP_MAX_TOTAL_RESULT,step106_9inen_full_780_dedup_by_hero_set_bond_set_max_total,魚鱗,通常,9,北条氏照(剛柔)|金森長近|雑賀孫市(道化)|大久保忠世|黒田官兵衛|鍋島直茂(乱雲),北条氏照(剛柔)|金森長近|雑賀孫市(道化)|大久保忠世|黒田官兵衛|鍋島直茂(乱雲),文明開化|技巧伝承|知勇兼備|才腕の絆|硝煙弾雨|多芸多才|知将の絆|立役者|柔能制剛,文明開化|技巧伝承|知勇兼備|才腕の絆|硝煙弾雨|多芸多才|知将の絆|立役者|柔能制剛,11367,3232,157,118,690,691,306,477,555,488,476,ステータス計算済み,step116で9因縁780行を「陣形+配置英傑6人セット+発動因縁セット」で重複除外。同一組内は総合値最大の配置を代表として採用。,STEP116_SELECTED_MAX_TOTAL_FROM_STEP106_RECALCULATED_9INEN,step106で各陣形有効ラインから再計算済みの9因縁行を使用し、重複組では総合値最大の配置を残す,魚鱗||通常||9||北条氏照(剛柔)|大久保忠世|金森長近|鍋島直茂(乱雲)|雑賀孫市(道化)|黒田官兵衛||多芸多才|才腕の絆|技巧伝承|文明開化|柔能制剛|知勇兼備|知将の絆|硝煙弾雨|立役者,,step116_9inen_dedup_max_total,18557,18557,step164_verified_normal9,total_score,18557
step116_9_魚鱗_000051,STEP116_9INEN_DEDUP_MAX_TOTAL_RESULT,step106_9inen_full_780_dedup_by_hero_set_bond_set_max_total,魚鱗,通常,9,納涼忍お綾|堀秀政|柳生宗矩|明智光秀(闇)|井伊直虎|仙桃院,納涼忍お綾|堀秀政|柳生宗矩|明智光秀(闇)|井伊直虎|仙桃院,才腕の絆|文明開化|技巧伝承|多芸多才|豪傑|勇猛果敢|女傑の絆|戦場の華|能鷹隠爪,才腕の絆|文明開化|技巧伝承|多芸多才|豪傑|勇猛果敢|女傑の絆|戦場の華|能鷹隠爪,13564,975,657,174,634,154,729,367,371,393,423,ステータス計算済み,step116で9因縁780行を「陣形+配置英傑6人セット+発動因縁セット」で重複除外。同一組内は総合値最大の配置を代表として採用。,STEP116_SELECTED_MAX_TOTAL_FROM_STEP106_RECALCULATED_9INEN,step106で各陣形有効ラインから再計算済みの9因縁行を使用し、重複組では総合値最大の配置を残す,魚鱗||通常||9||井伊直虎|仙桃院|堀秀政|明智光秀(闇)|柳生宗矩|納涼忍お綾||勇猛果敢|多芸多才|女傑の絆|戦場の華|才腕の絆|技巧伝承|文明開化|能鷹隠爪|豪傑,,step116_9inen_dedup_max_total,18441,18441,step164_verified_normal9,total_score,18441
step116_9_魚鱗_000052,STEP116_9INEN_DEDUP_MAX_TOTAL_RESULT,step106_9inen_full_780_dedup_by_hero_set_bond_set_max_total,魚鱗,通常,9,納涼忍お綾|堀秀政|柳生宗矩|上杉謙信(野望)|井伊直虎|仙桃院,納涼忍お綾|堀秀政|柳生宗矩|上杉謙信(野望)|井伊直虎|仙桃院,才腕の絆|文明開化|技巧伝承|多芸多才|豪傑|勇猛果敢|女傑の絆|戦場の華|能鷹隠爪,才腕の絆|文明開化|技巧伝承|多芸多才|豪傑|勇猛果敢|女傑の絆|戦場の華|能鷹隠爪,13524,975,635,174,636,154,729,367,371,393,423,ステータス計算済み,step116で9因縁780行を「陣形+配置英傑6人セット+発動因縁セット」で重複除外。同一組内は総合値最大の配置を代表として採用。,STEP116_SELECTED_MAX_TOTAL_FROM_STEP106_RECALCULATED_9INEN,step106で各陣形有効ラインから再計算済みの9因縁行を使用し、重複組では総合値最大の配置を残す,魚鱗||通常||9||上杉謙信(野望)|井伊直虎|仙桃院|堀秀政|柳生宗矩|納涼忍お綾||勇猛果敢|多芸多才|女傑の絆|戦場の華|才腕の絆|技巧伝承|文明開化|能鷹隠爪|豪傑,,step116_9inen_dedup_max_total,18381,18381,step164_verified_normal9,total_score,18381
step116_9_魚鱗_000053,STEP116_9INEN_DEDUP_MAX_TOTAL_RESULT,step106_9inen_full_780_dedup_by_hero_set_bond_set_max_total,魚鱗,通常,9,北条氏照(剛柔)|金森長近|雑賀孫市(道化)|大久保忠世|黒田官兵衛|豊臣秀長,北条氏照(剛柔)|金森長近|雑賀孫市(道化)|大久保忠世|黒田官兵衛|豊臣秀長,文明開化|技巧伝承|知勇兼備|才腕の絆|硝煙弾雨|多芸多才|知将の絆|立役者|柔能制剛,文明開化|技巧伝承|知勇兼備|才腕の絆|硝煙弾雨|多芸多才|知将の絆|立役者|柔能制剛,11154,3232,157,118,688,695,306,482,557,496,478,ステータス計算済み,step116で9因縁780行を「陣形+配置英傑6人セット+発動因縁セット」で重複除外。同一組内は総合値最大の配置を代表として採用。,STEP116_SELECTED_MAX_TOTAL_FROM_STEP106_RECALCULATED_9INEN,step106で各陣形有効ラインから再計算済みの9因縁行を使用し、重複組では総合値最大の配置を残す,魚鱗||通常||9||北条氏照(剛柔)|大久保忠世|豊臣秀長|金森長近|雑賀孫市(道化)|黒田官兵衛||多芸多才|才腕の絆|技巧伝承|文明開化|柔能制剛|知勇兼備|知将の絆|硝煙弾雨|立役者,,step116_9inen_dedup_max_total,18363,18363,step164_verified_normal9,total_score,18363
step116_9_魚鱗_000054,STEP116_9INEN_DEDUP_MAX_TOTAL_RESULT,step106_9inen_full_780_dedup_by_hero_set_bond_set_max_total,魚鱗,通常,9,納涼忍お綾|堀秀政|柳生宗矩|原虎胤|井伊直虎|仙桃院,納涼忍お綾|堀秀政|柳生宗矩|原虎胤|井伊直虎|仙桃院,才腕の絆|文明開化|技巧伝承|多芸多才|豪傑|勇猛果敢|女傑の絆|戦場の華|能鷹隠爪,才腕の絆|文明開化|技巧伝承|多芸多才|豪傑|勇猛果敢|女傑の絆|戦場の華|能鷹隠爪,13052,975,580,174,612,154,729,367,371,393,423,ステータス計算済み,step116で9因縁780行を「陣形+配置英傑6人セット+発動因縁セット」で重複除外。同一組内は総合値最大の配置を代表として採用。,STEP116_SELECTED_MAX_TOTAL_FROM_STEP106_RECALCULATED_9INEN,step106で各陣形有効ラインから再計算済みの9因縁行を使用し、重複組では総合値最大の配置を残す,魚鱗||通常||9||井伊直虎|仙桃院|原虎胤|堀秀政|柳生宗矩|納涼忍お綾||勇猛果敢|多芸多才|女傑の絆|戦場の華|才腕の絆|技巧伝承|文明開化|能鷹隠爪|豪傑,,step116_9inen_dedup_max_total,17830,17830,step164_verified_normal9,total_score,17830
step116_9_魚鱗_000055,STEP116_9INEN_DEDUP_MAX_TOTAL_RESULT,step106_9inen_full_780_dedup_by_hero_set_bond_set_max_total,魚鱗,通常,9,柳生宗矩|宮本武蔵(涼)|道場娘まり(和装)|井伊直虎|魔女ルシア|谷忠澄,柳生宗矩|宮本武蔵(涼)|道場娘まり(和装)|井伊直虎|魔女ルシア|谷忠澄,侍|剣豪の絆|豪傑|女傑の絆|戦場の華|文明開化|技巧伝承|竜飛鳳舞|多芸多才,侍|剣豪の絆|豪傑|女傑の絆|戦場の華|文明開化|技巧伝承|竜飛鳳舞|多芸多才,13298,1346,869,79,374,263,593,156,153,147,177,ステータス計算済み,step116で9因縁780行を「陣形+配置英傑6人セット+発動因縁セット」で重複除外。同一組内は総合値最大の配置を代表として採用。,STEP116_SELECTED_MAX_TOTAL_FROM_STEP106_RECALCULATED_9INEN,step106で各陣形有効ラインから再計算済みの9因縁行を使用し、重複組では総合値最大の配置を残す,魚鱗||通常||9||井伊直虎|宮本武蔵(涼)|柳生宗矩|谷忠澄|道場娘まり(和装)|魔女ルシア||侍|剣豪の絆|多芸多才|女傑の絆|戦場の華|技巧伝承|文明開化|竜飛鳳舞|豪傑,,step116_9inen_dedup_max_total,17455,17455,step164_verified_normal9,total_score,17455
step116_9_魚鱗_000021,STEP116_9INEN_DEDUP_MAX_TOTAL_RESULT,step106_9inen_full_780_dedup_by_hero_set_bond_set_max_total,魚鱗,通常,9,山中鹿之介|吉川元春|井伊直虎|宮本武蔵(涼)|島左近|長野業正,山中鹿之介|吉川元春|井伊直虎|宮本武蔵(涼)|島左近|長野業正,猛将の絆|勇猛果敢|意気衝天|軍学の絆|豪傑|侍|根性の絆|もののふ|泰然自若,猛将の絆|勇猛果敢|意気衝天|軍学の絆|豪傑|侍|根性の絆|もののふ|泰然自若,16076,4022,806,411,192,149,204,210,217,243,222,ステータス計算済み,step116で9因縁780行を「陣形+配置英傑6人セット+発動因縁セット」で重複除外。同一組内は総合値最大の配置を代表として採用。,STEP116_SELECTED_MAX_TOTAL_FROM_STEP106_RECALCULATED_9INEN,step106で各陣形有効ラインから再計算済みの9因縁行を使用し、重複組では総合値最大の配置を残す,魚鱗||通常||9||井伊直虎|吉川元春|宮本武蔵(涼)|山中鹿之介|島左近|長野業正||もののふ|侍|勇猛果敢|意気衝天|根性の絆|泰然自若|猛将の絆|豪傑|軍学の絆,,step116_9inen_dedup_max_total,22752,22752,step164_verified_normal9,生命,16076
step116_9_魚鱗_000022,STEP116_9INEN_DEDUP_MAX_TOTAL_RESULT,step106_9inen_full_780_dedup_by_hero_set_bond_set_max_total,魚鱗,通常,9,山中鹿之介|長野業正|島左近|山県昌景|井伊直虎|吉川元春,山中鹿之介|長野業正|島左近|山県昌景|井伊直虎|吉川元春,侍|根性の絆|もののふ|泰然自若|軍学の絆|豪傑|猛将の絆|勇猛果敢|意気衝天,侍|根性の絆|もののふ|泰然自若|軍学の絆|豪傑|猛将の絆|勇猛果敢|意気衝天,15788,4022,781,403,192,144,197,210,217,243,222,ステータス計算済み,step116で9因縁780行を「陣形+配置英傑6人セット+発動因縁セット」で重複除外。同一組内は総合値最大の配置を代表として採用。,STEP116_SELECTED_MAX_TOTAL_FROM_STEP106_RECALCULATED_9INEN,step106で各陣形有効ラインから再計算済みの9因縁行を使用し、重複組では総合値最大の配置を残す,魚鱗||通常||9||井伊直虎|吉川元春|山中鹿之介|山県昌景|島左近|長野業正||もののふ|侍|勇猛果敢|意気衝天|根性の絆|泰然自若|猛将の絆|豪傑|軍学の絆,,step116_9inen_dedup_max_total,22419,22419,step164_verified_normal9,生命,15788
step116_9_魚鱗_000025,STEP116_9INEN_DEDUP_MAX_TOTAL_RESULT,step106_9inen_full_780_dedup_by_hero_set_bond_set_max_total,魚鱗,通常,9,山中鹿之介|吉川元春|井伊直虎|柿崎景家|島左近|長野業正,山中鹿之介|吉川元春|井伊直虎|柿崎景家|島左近|長野業正,猛将の絆|勇猛果敢|意気衝天|軍学の絆|豪傑|侍|根性の絆|もののふ|泰然自若,猛将の絆|勇猛果敢|意気衝天|軍学の絆|豪傑|侍|根性の絆|もののふ|泰然自若,15696,4022,784,402,192,144,197,210,217,243,222,ステータス計算済み,step116で9因縁780行を「陣形+配置英傑6人セット+発動因縁セット」で重複除外。同一組内は総合値最大の配置を代表として採用。,STEP116_SELECTED_MAX_TOTAL_FROM_STEP106_RECALCULATED_9INEN,step106で各陣形有効ラインから再計算済みの9因縁行を使用し、重複組では総合値最大の配置を残す,魚鱗||通常||9||井伊直虎|吉川元春|山中鹿之介|島左近|柿崎景家|長野業正||もののふ|侍|勇猛果敢|意気衝天|根性の絆|泰然自若|猛将の絆|豪傑|軍学の絆,,step116_9inen_dedup_max_total,22329,22329,step164_verified_normal9,生命,15696
step116_9_魚鱗_000024,STEP116_9INEN_DEDUP_MAX_TOTAL_RESULT,step106_9inen_full_780_dedup_by_hero_set_bond_set_max_total,魚鱗,通常,9,伊奈忠次|ガラシャ(聖)|斎藤利三(神祇)|毛利隆元|豊臣秀吉|酒井忠次(衣鉢),伊奈忠次|ガラシャ(聖)|斎藤利三(神祇)|毛利隆元|豊臣秀吉|酒井忠次(衣鉢),召喚術の絆|摂理探究|世渡り上手の絆|才腕の絆|謀略家|柔能制剛|技巧伝承|天神地祇|雄材大略,召喚術の絆|摂理探究|世渡り上手の絆|才腕の絆|謀略家|柔能制剛|技巧伝承|天神地祇|雄材大略,15387,3129,40,56,394,604,385,596,604,633,577,ステータス計算済み,step116で9因縁780行を「陣形+配置英傑6人セット+発動因縁セット」で重複除外。同一組内は総合値最大の配置を代表として採用。,STEP116_SELECTED_MAX_TOTAL_FROM_STEP106_RECALCULATED_9INEN,step106で各陣形有効ラインから再計算済みの9因縁行を使用し、重複組では総合値最大の配置を残す,魚鱗||通常||9||ガラシャ(聖)|伊奈忠次|斎藤利三(神祇)|毛利隆元|豊臣秀吉|酒井忠次(衣鉢)||世渡り上手の絆|召喚術の絆|天神地祇|才腕の絆|技巧伝承|摂理探究|柔能制剛|謀略家|雄材大略,,step116_9inen_dedup_max_total,22405,22405,step164_verified_normal9,生命,15387
step116_9_魚鱗_000023,STEP116_9INEN_DEDUP_MAX_TOTAL_RESULT,step106_9inen_full_780_dedup_by_hero_set_bond_set_max_total,魚鱗,通常,9,伊奈忠次|ガラシャ(聖)|斎藤利三(神祇)|毛利隆元|豊臣秀吉|酒井忠次(通),伊奈忠次|ガラシャ(聖)|斎藤利三(神祇)|毛利隆元|豊臣秀吉|酒井忠次(通),召喚術の絆|摂理探究|世渡り上手の絆|才腕の絆|謀略家|柔能制剛|技巧伝承|天神地祇|雄材大略,召喚術の絆|摂理探究|世渡り上手の絆|才腕の絆|謀略家|柔能制剛|技巧伝承|天神地祇|雄材大略,15387,3129,40,56,394,604,385,596,604,633,577,ステータス計算済み,step116で9因縁780行を「陣形+配置英傑6人セット+発動因縁セット」で重複除外。同一組内は総合値最大の配置を代表として採用。,STEP116_SELECTED_MAX_TOTAL_FROM_STEP106_RECALCULATED_9INEN,step106で各陣形有効ラインから再計算済みの9因縁行を使用し、重複組では総合値最大の配置を残す,魚鱗||通常||9||ガラシャ(聖)|伊奈忠次|斎藤利三(神祇)|毛利隆元|豊臣秀吉|酒井忠次(通)||世渡り上手の絆|召喚術の絆|天神地祇|才腕の絆|技巧伝承|摂理探究|柔能制剛|謀略家|雄材大略,,step116_9inen_dedup_max_total,22405,22405,step164_verified_normal9,生命,15387
step116_9_魚鱗_000004,STEP116_9INEN_DEDUP_MAX_TOTAL_RESULT,step106_9inen_full_780_dedup_by_hero_set_bond_set_max_total,魚鱗,通常,9,武田晴信|高台院|細川藤孝(立役)|今川義元|前田利家|鍋島直茂(乱雲),武田晴信|高台院|細川藤孝(立役)|今川義元|前田利家|鍋島直茂(乱雲),健康第一|老練闊達|質実剛健|文明開化|山紫水明|巧言令色|謀略家|雄材大略|摂理探究,健康第一|老練闊達|質実剛健|文明開化|山紫水明|巧言令色|謀略家|雄材大略|摂理探究,15237,4808,149,226,0,719,313,482,504,497,466,ステータス計算済み,step116で9因縁780行を「陣形+配置英傑6人セット+発動因縁セット」で重複除外。同一組内は総合値最大の配置を代表として採用。,STEP116_SELECTED_MAX_TOTAL_FROM_STEP106_RECALCULATED_9INEN,step106で各陣形有効ラインから再計算済みの9因縁行を使用し、重複組では総合値最大の配置を残す,魚鱗||通常||9||今川義元|前田利家|武田晴信|細川藤孝(立役)|鍋島直茂(乱雲)|高台院||健康第一|山紫水明|巧言令色|摂理探究|文明開化|老練闊達|謀略家|質実剛健|雄材大略,,step116_9inen_dedup_max_total,23401,23401,step164_verified_normal9,生命,15237
step116_9_魚鱗_000003,STEP116_9INEN_DEDUP_MAX_TOTAL_RESULT,step106_9inen_full_780_dedup_by_hero_set_bond_set_max_total,魚鱗,通常,9,前田利家(雄材)|鍋島直茂(乱雲)|武田晴信|高台院|細川藤孝(立役)|今川義元,前田利家(雄材)|鍋島直茂(乱雲)|武田晴信|高台院|細川藤孝(立役)|今川義元,謀略家|雄材大略|摂理探究|健康第一|老練闊達|質実剛健|文明開化|山紫水明|巧言令色,謀略家|雄材大略|摂理探究|健康第一|老練闊達|質実剛健|文明開化|山紫水明|巧言令色,15237,4808,149,226,0,719,313,482,504,497,466,ステータス計算済み,step116で9因縁780行を「陣形+配置英傑6人セット+発動因縁セット」で重複除外。同一組内は総合値最大の配置を代表として採用。,STEP116_SELECTED_MAX_TOTAL_FROM_STEP106_RECALCULATED_9INEN,step106で各陣形有効ラインから再計算済みの9因縁行を使用し、重複組では総合値最大の配置を残す,魚鱗||通常||9||今川義元|前田利家(雄材)|武田晴信|細川藤孝(立役)|鍋島直茂(乱雲)|高台院||健康第一|山紫水明|巧言令色|摂理探究|文明開化|老練闊達|謀略家|質実剛健|雄材大略,,step116_9inen_dedup_max_total,23401,23401,step164_verified_normal9,生命,15237
step116_9_魚鱗_000002,STEP116_9INEN_DEDUP_MAX_TOTAL_RESULT,step106_9inen_full_780_dedup_by_hero_set_bond_set_max_total,魚鱗,通常,9,武田晴信|愛姫(起源)|細川藤孝(立役)|今川義元|前田利家|鍋島直茂(乱雲),武田晴信|愛姫(起源)|細川藤孝(立役)|今川義元|前田利家|鍋島直茂(乱雲),健康第一|老練闊達|質実剛健|文明開化|山紫水明|巧言令色|謀略家|雄材大略|摂理探究,健康第一|老練闊達|質実剛健|文明開化|山紫水明|巧言令色|謀略家|雄材大略|摂理探究,15234,4833,161,231,0,715,313,483,506,501,469,ステータス計算済み,step116で9因縁780行を「陣形+配置英傑6人セット+発動因縁セット」で重複除外。同一組内は総合値最大の配置を代表として採用。,STEP116_SELECTED_MAX_TOTAL_FROM_STEP106_RECALCULATED_9INEN,step106で各陣形有効ラインから再計算済みの9因縁行を使用し、重複組では総合値最大の配置を残す,魚鱗||通常||9||今川義元|前田利家|愛姫(起源)|武田晴信|細川藤孝(立役)|鍋島直茂(乱雲)||健康第一|山紫水明|巧言令色|摂理探究|文明開化|老練闊達|謀略家|質実剛健|雄材大略,,step116_9inen_dedup_max_total,23446,23446,step164_verified_normal9,生命,15234
step116_9_魚鱗_000001,STEP116_9INEN_DEDUP_MAX_TOTAL_RESULT,step106_9inen_full_780_dedup_by_hero_set_bond_set_max_total,魚鱗,通常,9,前田利家(雄材)|鍋島直茂(乱雲)|武田晴信|愛姫(起源)|細川藤孝(立役)|今川義元,前田利家(雄材)|鍋島直茂(乱雲)|武田晴信|愛姫(起源)|細川藤孝(立役)|今川義元,謀略家|雄材大略|摂理探究|健康第一|老練闊達|質実剛健|文明開化|山紫水明|巧言令色,謀略家|雄材大略|摂理探究|健康第一|老練闊達|質実剛健|文明開化|山紫水明|巧言令色,15234,4833,161,231,0,715,313,483,506,501,469,ステータス計算済み,step116で9因縁780行を「陣形+配置英傑6人セット+発動因縁セット」で重複除外。同一組内は総合値最大の配置を代表として採用。,STEP116_SELECTED_MAX_TOTAL_FROM_STEP106_RECALCULATED_9INEN,step106で各陣形有効ラインから再計算済みの9因縁行を使用し、重複組では総合値最大の配置を残す,魚鱗||通常||9||今川義元|前田利家(雄材)|愛姫(起源)|武田晴信|細川藤孝(立役)|鍋島直茂(乱雲)||健康第一|山紫水明|巧言令色|摂理探究|文明開化|老練闊達|謀略家|質実剛健|雄材大略,,step116_9inen_dedup_max_total,23446,23446,step164_verified_normal9,生命,15234
step116_9_魚鱗_000008,STEP116_9INEN_DEDUP_MAX_TOTAL_RESULT,step106_9inen_full_780_dedup_by_hero_set_bond_set_max_total,魚鱗,通常,9,武田晴信|高台院|細川藤孝(立役)|今川義元|前田利家|片倉景綱(右腕),武田晴信|高台院|細川藤孝(立役)|今川義元|前田利家|片倉景綱(右腕),健康第一|老練闊達|質実剛健|文明開化|山紫水明|巧言令色|謀略家|雄材大略|摂理探究,健康第一|老練闊達|質実剛健|文明開化|山紫水明|巧言令色|謀略家|雄材大略|摂理探究,15162,4802,155,226,0,719,313,487,502,509,466,ステータス計算済み,step116で9因縁780行を「陣形+配置英傑6人セット+発動因縁セット」で重複除外。同一組内は総合値最大の配置を代表として採用。,STEP116_SELECTED_MAX_TOTAL_FROM_STEP106_RECALCULATED_9INEN,step106で各陣形有効ラインから再計算済みの9因縁行を使用し、重複組では総合値最大の配置を残す,魚鱗||通常||9||今川義元|前田利家|武田晴信|片倉景綱(右腕)|細川藤孝(立役)|高台院||健康第一|山紫水明|巧言令色|摂理探究|文明開化|老練闊達|謀略家|質実剛健|雄材大略,,step116_9inen_dedup_max_total,23341,23341,step164_verified_normal9,生命,15162
step116_9_魚鱗_000007,STEP116_9INEN_DEDUP_MAX_TOTAL_RESULT,step106_9inen_full_780_dedup_by_hero_set_bond_set_max_total,魚鱗,通常,9,前田利家(雄材)|片倉景綱(右腕)|武田晴信|高台院|細川藤孝(立役)|今川義元,前田利家(雄材)|片倉景綱(右腕)|武田晴信|高台院|細川藤孝(立役)|今川義元,謀略家|雄材大略|摂理探究|健康第一|老練闊達|質実剛健|文明開化|山紫水明|巧言令色,謀略家|雄材大略|摂理探究|健康第一|老練闊達|質実剛健|文明開化|山紫水明|巧言令色,15162,4802,155,226,0,719,313,487,502,509,466,ステータス計算済み,step116で9因縁780行を「陣形+配置英傑6人セット+発動因縁セット」で重複除外。同一組内は総合値最大の配置を代表として採用。,STEP116_SELECTED_MAX_TOTAL_FROM_STEP106_RECALCULATED_9INEN,step106で各陣形有効ラインから再計算済みの9因縁行を使用し、重複組では総合値最大の配置を残す,魚鱗||通常||9||今川義元|前田利家(雄材)|武田晴信|片倉景綱(右腕)|細川藤孝(立役)|高台院||健康第一|山紫水明|巧言令色|摂理探究|文明開化|老練闊達|謀略家|質実剛健|雄材大略,,step116_9inen_dedup_max_total,23341,23341,step164_verified_normal9,生命,15162
step116_9_魚鱗_000006,STEP116_9INEN_DEDUP_MAX_TOTAL_RESULT,step106_9inen_full_780_dedup_by_hero_set_bond_set_max_total,魚鱗,通常,9,武田晴信|愛姫(起源)|細川藤孝(立役)|今川義元|前田利家|片倉景綱(右腕),武田晴信|愛姫(起源)|細川藤孝(立役)|今川義元|前田利家|片倉景綱(右腕),健康第一|老練闊達|質実剛健|文明開化|山紫水明|巧言令色|謀略家|雄材大略|摂理探究,健康第一|老練闊達|質実剛健|文明開化|山紫水明|巧言令色|謀略家|雄材大略|摂理探究,15159,4827,167,231,0,715,313,488,504,513,469,ステータス計算済み,step116で9因縁780行を「陣形+配置英傑6人セット+発動因縁セット」で重複除外。同一組内は総合値最大の配置を代表として採用。,STEP116_SELECTED_MAX_TOTAL_FROM_STEP106_RECALCULATED_9INEN,step106で各陣形有効ラインから再計算済みの9因縁行を使用し、重複組では総合値最大の配置を残す,魚鱗||通常||9||今川義元|前田利家|愛姫(起源)|武田晴信|片倉景綱(右腕)|細川藤孝(立役)||健康第一|山紫水明|巧言令色|摂理探究|文明開化|老練闊達|謀略家|質実剛健|雄材大略,,step116_9inen_dedup_max_total,23386,23386,step164_verified_normal9,生命,15159
step116_9_魚鱗_000005,STEP116_9INEN_DEDUP_MAX_TOTAL_RESULT,step106_9inen_full_780_dedup_by_hero_set_bond_set_max_total,魚鱗,通常,9,前田利家(雄材)|片倉景綱(右腕)|武田晴信|愛姫(起源)|細川藤孝(立役)|今川義元,前田利家(雄材)|片倉景綱(右腕)|武田晴信|愛姫(起源)|細川藤孝(立役)|今川義元,謀略家|雄材大略|摂理探究|健康第一|老練闊達|質実剛健|文明開化|山紫水明|巧言令色,謀略家|雄材大略|摂理探究|健康第一|老練闊達|質実剛健|文明開化|山紫水明|巧言令色,15159,4827,167,231,0,715,313,488,504,513,469,ステータス計算済み,step116で9因縁780行を「陣形+配置英傑6人セット+発動因縁セット」で重複除外。同一組内は総合値最大の配置を代表として採用。,STEP116_SELECTED_MAX_TOTAL_FROM_STEP106_RECALCULATED_9INEN,step106で各陣形有効ラインから再計算済みの9因縁行を使用し、重複組では総合値最大の配置を残す,魚鱗||通常||9||今川義元|前田利家(雄材)|愛姫(起源)|武田晴信|片倉景綱(右腕)|細川藤孝(立役)||健康第一|山紫水明|巧言令色|摂理探究|文明開化|老練闊達|謀略家|質実剛健|雄材大略,,step116_9inen_dedup_max_total,23386,23386,step164_verified_normal9,生命,15159
step116_9_魚鱗_000012,STEP116_9INEN_DEDUP_MAX_TOTAL_RESULT,step106_9inen_full_780_dedup_by_hero_set_bond_set_max_total,魚鱗,通常,9,武田晴信|高台院|細川藤孝(立役)|今川義元|前田利家|豊臣秀長,武田晴信|高台院|細川藤孝(立役)|今川義元|前田利家|豊臣秀長,健康第一|老練闊達|質実剛健|文明開化|山紫水明|巧言令色|謀略家|雄材大略|摂理探究,健康第一|老練闊達|質実剛健|文明開化|山紫水明|巧言令色|謀略家|雄材大略|摂理探究,15039,4838,145,226,0,723,313,489,507,508,469,ステータス計算済み,step116で9因縁780行を「陣形+配置英傑6人セット+発動因縁セット」で重複除外。同一組内は総合値最大の配置を代表として採用。,STEP116_SELECTED_MAX_TOTAL_FROM_STEP106_RECALCULATED_9INEN,step106で各陣形有効ラインから再計算済みの9因縁行を使用し、重複組では総合値最大の配置を残す,魚鱗||通常||9||今川義元|前田利家|武田晴信|細川藤孝(立役)|豊臣秀長|高台院||健康第一|山紫水明|巧言令色|摂理探究|文明開化|老練闊達|謀略家|質実剛健|雄材大略,,step116_9inen_dedup_max_total,23257,23257,step164_verified_normal9,生命,15039
step116_9_魚鱗_000011,STEP116_9INEN_DEDUP_MAX_TOTAL_RESULT,step106_9inen_full_780_dedup_by_hero_set_bond_set_max_total,魚鱗,通常,9,前田利家(雄材)|豊臣秀長|武田晴信|高台院|細川藤孝(立役)|今川義元,前田利家(雄材)|豊臣秀長|武田晴信|高台院|細川藤孝(立役)|今川義元,謀略家|雄材大略|摂理探究|健康第一|老練闊達|質実剛健|文明開化|山紫水明|巧言令色,謀略家|雄材大略|摂理探究|健康第一|老練闊達|質実剛健|文明開化|山紫水明|巧言令色,15039,4838,145,226,0,723,313,489,507,508,469,ステータス計算済み,step116で9因縁780行を「陣形+配置英傑6人セット+発動因縁セット」で重複除外。同一組内は総合値最大の配置を代表として採用。,STEP116_SELECTED_MAX_TOTAL_FROM_STEP106_RECALCULATED_9INEN,step106で各陣形有効ラインから再計算済みの9因縁行を使用し、重複組では総合値最大の配置を残す,魚鱗||通常||9||今川義元|前田利家(雄材)|武田晴信|細川藤孝(立役)|豊臣秀長|高台院||健康第一|山紫水明|巧言令色|摂理探究|文明開化|老練闊達|謀略家|質実剛健|雄材大略,,step116_9inen_dedup_max_total,23257,23257,step164_verified_normal9,生命,15039
step116_9_魚鱗_000010,STEP116_9INEN_DEDUP_MAX_TOTAL_RESULT,step106_9inen_full_780_dedup_by_hero_set_bond_set_max_total,魚鱗,通常,9,武田晴信|愛姫(起源)|細川藤孝(立役)|今川義元|前田利家|豊臣秀長,武田晴信|愛姫(起源)|細川藤孝(立役)|今川義元|前田利家|豊臣秀長,健康第一|老練闊達|質実剛健|文明開化|山紫水明|巧言令色|謀略家|雄材大略|摂理探究,健康第一|老練闊達|質実剛健|文明開化|山紫水明|巧言令色|謀略家|雄材大略|摂理探究,15036,4864,157,231,0,719,313,490,509,512,472,ステータス計算済み,step116で9因縁780行を「陣形+配置英傑6人セット+発動因縁セット」で重複除外。同一組内は総合値最大の配置を代表として採用。,STEP116_SELECTED_MAX_TOTAL_FROM_STEP106_RECALCULATED_9INEN,step106で各陣形有効ラインから再計算済みの9因縁行を使用し、重複組では総合値最大の配置を残す,魚鱗||通常||9||今川義元|前田利家|愛姫(起源)|武田晴信|細川藤孝(立役)|豊臣秀長||健康第一|山紫水明|巧言令色|摂理探究|文明開化|老練闊達|謀略家|質実剛健|雄材大略,,step116_9inen_dedup_max_total,23303,23303,step164_verified_normal9,生命,15036
step116_9_魚鱗_000009,STEP116_9INEN_DEDUP_MAX_TOTAL_RESULT,step106_9inen_full_780_dedup_by_hero_set_bond_set_max_total,魚鱗,通常,9,前田利家(雄材)|豊臣秀長|武田晴信|愛姫(起源)|細川藤孝(立役)|今川義元,前田利家(雄材)|豊臣秀長|武田晴信|愛姫(起源)|細川藤孝(立役)|今川義元,謀略家|雄材大略|摂理探究|健康第一|老練闊達|質実剛健|文明開化|山紫水明|巧言令色,謀略家|雄材大略|摂理探究|健康第一|老練闊達|質実剛健|文明開化|山紫水明|巧言令色,15036,4864,157,231,0,719,313,490,509,512,472,ステータス計算済み,step116で9因縁780行を「陣形+配置英傑6人セット+発動因縁セット」で重複除外。同一組内は総合値最大の配置を代表として採用。,STEP116_SELECTED_MAX_TOTAL_FROM_STEP106_RECALCULATED_9INEN,step106で各陣形有効ラインから再計算済みの9因縁行を使用し、重複組では総合値最大の配置を残す,魚鱗||通常||9||今川義元|前田利家(雄材)|愛姫(起源)|武田晴信|細川藤孝(立役)|豊臣秀長||健康第一|山紫水明|巧言令色|摂理探究|文明開化|老練闊達|謀略家|質実剛健|雄材大略,,step116_9inen_dedup_max_total,23303,23303,step164_verified_normal9,生命,15036
step116_9_魚鱗_000018,STEP116_9INEN_DEDUP_MAX_TOTAL_RESULT,step106_9inen_full_780_dedup_by_hero_set_bond_set_max_total,魚鱗,通常,9,武田晴信|高台院|細川藤孝(立役)|今川義元|前田利家|丹羽長秀(風雲),武田晴信|高台院|細川藤孝(立役)|今川義元|前田利家|丹羽長秀(風雲),健康第一|老練闊達|質実剛健|文明開化|山紫水明|巧言令色|謀略家|雄材大略|摂理探究,健康第一|老練闊達|質実剛健|文明開化|山紫水明|巧言令色|謀略家|雄材大略|摂理探究,14976,4813,132,226,0,716,313,473,515,513,453,ステータス計算済み,step116で9因縁780行を「陣形+配置英傑6人セット+発動因縁セット」で重複除外。同一組内は総合値最大の配置を代表として採用。,STEP116_SELECTED_MAX_TOTAL_FROM_STEP106_RECALCULATED_9INEN,step106で各陣形有効ラインから再計算済みの9因縁行を使用し、重複組では総合値最大の配置を残す,魚鱗||通常||9||丹羽長秀(風雲)|今川義元|前田利家|武田晴信|細川藤孝(立役)|高台院||健康第一|山紫水明|巧言令色|摂理探究|文明開化|老練闊達|謀略家|質実剛健|雄材大略,,step116_9inen_dedup_max_total,23130,23130,step164_verified_normal9,生命,14976
step116_9_魚鱗_000017,STEP116_9INEN_DEDUP_MAX_TOTAL_RESULT,step106_9inen_full_780_dedup_by_hero_set_bond_set_max_total,魚鱗,通常,9,前田利家(雄材)|丹羽長秀(風雲)|武田晴信|高台院|細川藤孝(立役)|今川義元,前田利家(雄材)|丹羽長秀(風雲)|武田晴信|高台院|細川藤孝(立役)|今川義元,謀略家|雄材大略|摂理探究|健康第一|老練闊達|質実剛健|文明開化|山紫水明|巧言令色,謀略家|雄材大略|摂理探究|健康第一|老練闊達|質実剛健|文明開化|山紫水明|巧言令色,14976,4813,132,226,0,716,313,473,515,513,453,ステータス計算済み,step116で9因縁780行を「陣形+配置英傑6人セット+発動因縁セット」で重複除外。同一組内は総合値最大の配置を代表として採用。,STEP116_SELECTED_MAX_TOTAL_FROM_STEP106_RECALCULATED_9INEN,step106で各陣形有効ラインから再計算済みの9因縁行を使用し、重複組では総合値最大の配置を残す,魚鱗||通常||9||丹羽長秀(風雲)|今川義元|前田利家(雄材)|武田晴信|細川藤孝(立役)|高台院||健康第一|山紫水明|巧言令色|摂理探究|文明開化|老練闊達|謀略家|質実剛健|雄材大略,,step116_9inen_dedup_max_total,23130,23130,step164_verified_normal9,生命,14976
step116_9_魚鱗_000014,STEP116_9INEN_DEDUP_MAX_TOTAL_RESULT,step106_9inen_full_780_dedup_by_hero_set_bond_set_max_total,魚鱗,通常,9,武田晴信|愛姫(起源)|細川藤孝(立役)|今川義元|前田利家|丹羽長秀(風雲),武田晴信|愛姫(起源)|細川藤孝(立役)|今川義元|前田利家|丹羽長秀(風雲),健康第一|老練闊達|質実剛健|文明開化|山紫水明|巧言令色|謀略家|雄材大略|摂理探究,健康第一|老練闊達|質実剛健|文明開化|山紫水明|巧言令色|謀略家|雄材大略|摂理探究,14973,4838,144,231,0,712,313,474,517,517,456,ステータス計算済み,step116で9因縁780行を「陣形+配置英傑6人セット+発動因縁セット」で重複除外。同一組内は総合値最大の配置を代表として採用。,STEP116_SELECTED_MAX_TOTAL_FROM_STEP106_RECALCULATED_9INEN,step106で各陣形有効ラインから再計算済みの9因縁行を使用し、重複組では総合値最大の配置を残す,魚鱗||通常||9||丹羽長秀(風雲)|今川義元|前田利家|愛姫(起源)|武田晴信|細川藤孝(立役)||健康第一|山紫水明|巧言令色|摂理探究|文明開化|老練闊達|謀略家|質実剛健|雄材大略,,step116_9inen_dedup_max_total,23175,23175,step164_verified_normal9,生命,14973
step116_9_魚鱗_000013,STEP116_9INEN_DEDUP_MAX_TOTAL_RESULT,step106_9inen_full_780_dedup_by_hero_set_bond_set_max_total,魚鱗,通常,9,前田利家(雄材)|丹羽長秀(風雲)|武田晴信|愛姫(起源)|細川藤孝(立役)|今川義元,前田利家(雄材)|丹羽長秀(風雲)|武田晴信|愛姫(起源)|細川藤孝(立役)|今川義元,謀略家|雄材大略|摂理探究|健康第一|老練闊達|質実剛健|文明開化|山紫水明|巧言令色,謀略家|雄材大略|摂理探究|健康第一|老練闊達|質実剛健|文明開化|山紫水明|巧言令色,14973,4838,144,231,0,712,313,474,517,517,456,ステータス計算済み,step116で9因縁780行を「陣形+配置英傑6人セット+発動因縁セット」で重複除外。同一組内は総合値最大の配置を代表として採用。,STEP116_SELECTED_MAX_TOTAL_FROM_STEP106_RECALCULATED_9INEN,step106で各陣形有効ラインから再計算済みの9因縁行を使用し、重複組では総合値最大の配置を残す,魚鱗||通常||9||丹羽長秀(風雲)|今川義元|前田利家(雄材)|愛姫(起源)|武田晴信|細川藤孝(立役)||健康第一|山紫水明|巧言令色|摂理探究|文明開化|老練闊達|謀略家|質実剛健|雄材大略,,step116_9inen_dedup_max_total,23175,23175,step164_verified_normal9,生命,14973
step116_9_魚鱗_000027,STEP116_9INEN_DEDUP_MAX_TOTAL_RESULT,step106_9inen_full_780_dedup_by_hero_set_bond_set_max_total,魚鱗,通常,9,伊奈忠次|サンチョ|斎藤利三(神祇)|毛利隆元|豊臣秀吉|酒井忠次(衣鉢),伊奈忠次|サンチョ|斎藤利三(神祇)|毛利隆元|豊臣秀吉|酒井忠次(衣鉢),召喚術の絆|摂理探究|世渡り上手の絆|才腕の絆|謀略家|柔能制剛|技巧伝承|天神地祇|雄材大略,召喚術の絆|摂理探究|世渡り上手の絆|才腕の絆|謀略家|柔能制剛|技巧伝承|天神地祇|雄材大略,14916,3129,30,44,394,578,385,552,555,574,526,ステータス計算済み,step116で9因縁780行を「陣形+配置英傑6人セット+発動因縁セット」で重複除外。同一組内は総合値最大の配置を代表として採用。,STEP116_SELECTED_MAX_TOTAL_FROM_STEP106_RECALCULATED_9INEN,step106で各陣形有効ラインから再計算済みの9因縁行を使用し、重複組では総合値最大の配置を残す,魚鱗||通常||9||サンチョ|伊奈忠次|斎藤利三(神祇)|毛利隆元|豊臣秀吉|酒井忠次(衣鉢)||世渡り上手の絆|召喚術の絆|天神地祇|才腕の絆|技巧伝承|摂理探究|柔能制剛|謀略家|雄材大略,,step116_9inen_dedup_max_total,21683,21683,step164_verified_normal9,生命,14916
step116_9_魚鱗_000026,STEP116_9INEN_DEDUP_MAX_TOTAL_RESULT,step106_9inen_full_780_dedup_by_hero_set_bond_set_max_total,魚鱗,通常,9,伊奈忠次|サンチョ|斎藤利三(神祇)|毛利隆元|豊臣秀吉|酒井忠次(通),伊奈忠次|サンチョ|斎藤利三(神祇)|毛利隆元|豊臣秀吉|酒井忠次(通),召喚術の絆|摂理探究|世渡り上手の絆|才腕の絆|謀略家|柔能制剛|技巧伝承|天神地祇|雄材大略,召喚術の絆|摂理探究|世渡り上手の絆|才腕の絆|謀略家|柔能制剛|技巧伝承|天神地祇|雄材大略,14916,3129,30,44,394,578,385,552,555,574,526,ステータス計算済み,step116で9因縁780行を「陣形+配置英傑6人セット+発動因縁セット」で重複除外。同一組内は総合値最大の配置を代表として採用。,STEP116_SELECTED_MAX_TOTAL_FROM_STEP106_RECALCULATED_9INEN,step106で各陣形有効ラインから再計算済みの9因縁行を使用し、重複組では総合値最大の配置を残す,魚鱗||通常||9||サンチョ|伊奈忠次|斎藤利三(神祇)|毛利隆元|豊臣秀吉|酒井忠次(通)||世渡り上手の絆|召喚術の絆|天神地祇|才腕の絆|技巧伝承|摂理探究|柔能制剛|謀略家|雄材大略,,step116_9inen_dedup_max_total,21683,21683,step164_verified_normal9,生命,14916
step116_9_魚鱗_000028,STEP116_9INEN_DEDUP_MAX_TOTAL_RESULT,step106_9inen_full_780_dedup_by_hero_set_bond_set_max_total,魚鱗,通常,9,長野業正|山中鹿之介|島左近|細川忠興(山紫)|明智光秀(闇)|小松姫,長野業正|山中鹿之介|島左近|細川忠興(山紫)|明智光秀(闇)|小松姫,侍|根性の絆|もののふ|泰然自若|鬼の絆|流行創出|戦場の華|老練闊達|勇猛果敢,侍|根性の絆|もののふ|泰然自若|鬼の絆|流行創出|戦場の華|老練闊達|勇猛果敢,14897,3081,668,489,104,137,254,421,458,473,447,ステータス計算済み,step116で9因縁780行を「陣形+配置英傑6人セット+発動因縁セット」で重複除外。同一組内は総合値最大の配置を代表として採用。,STEP116_SELECTED_MAX_TOTAL_FROM_STEP106_RECALCULATED_9INEN,step106で各陣形有効ラインから再計算済みの9因縁行を使用し、重複組では総合値最大の配置を残す,魚鱗||通常||9||小松姫|山中鹿之介|島左近|明智光秀(闇)|細川忠興(山紫)|長野業正||もののふ|侍|勇猛果敢|戦場の華|根性の絆|泰然自若|流行創出|老練闊達|鬼の絆,,step116_9inen_dedup_max_total,21429,21429,step164_verified_normal9,生命,14897
step116_9_魚鱗_000029,STEP116_9INEN_DEDUP_MAX_TOTAL_RESULT,step106_9inen_full_780_dedup_by_hero_set_bond_set_max_total,魚鱗,通常,9,長野業正|山県昌景(泰然)|島左近|細川忠興(山紫)|明智光秀(闇)|小松姫,長野業正|山県昌景(泰然)|島左近|細川忠興(山紫)|明智光秀(闇)|小松姫,侍|根性の絆|もののふ|泰然自若|鬼の絆|流行創出|戦場の華|老練闊達|勇猛果敢,侍|根性の絆|もののふ|泰然自若|鬼の絆|流行創出|戦場の華|老練闊達|勇猛果敢,14844,3061,666,489,104,137,248,428,465,470,452,ステータス計算済み,step116で9因縁780行を「陣形+配置英傑6人セット+発動因縁セット」で重複除外。同一組内は総合値最大の配置を代表として採用。,STEP116_SELECTED_MAX_TOTAL_FROM_STEP106_RECALCULATED_9INEN,step106で各陣形有効ラインから再計算済みの9因縁行を使用し、重複組では総合値最大の配置を残す,魚鱗||通常||9||小松姫|山県昌景(泰然)|島左近|明智光秀(闇)|細川忠興(山紫)|長野業正||もののふ|侍|勇猛果敢|戦場の華|根性の絆|泰然自若|流行創出|老練闊達|鬼の絆,,step116_9inen_dedup_max_total,21364,21364,step164_verified_normal9,生命,14844
step116_9_魚鱗_000036,STEP116_9INEN_DEDUP_MAX_TOTAL_RESULT,step106_9inen_full_780_dedup_by_hero_set_bond_set_max_total,魚鱗,通常,9,豊臣秀長|北条氏照(剛柔)|豊臣秀次|細川藤孝(立役)|前田利家|武田晴信,豊臣秀長|北条氏照(剛柔)|豊臣秀次|細川藤孝(立役)|前田利家|武田晴信,知将の絆|立役者|技巧伝承|柔能制剛|文明開化|山紫水明|謀略家|雄材大略|摂理探究,知将の絆|立役者|技巧伝承|柔能制剛|文明開化|山紫水明|謀略家|雄材大略|摂理探究,14832,899,83,0,293,1068,158,641,619,659,618,ステータス計算済み,step116で9因縁780行を「陣形+配置英傑6人セット+発動因縁セット」で重複除外。同一組内は総合値最大の配置を代表として採用。,STEP116_SELECTED_MAX_TOTAL_FROM_STEP106_RECALCULATED_9INEN,step106で各陣形有効ラインから再計算済みの9因縁行を使用し、重複組では総合値最大の配置を残す,魚鱗||通常||9||前田利家|北条氏照(剛柔)|武田晴信|細川藤孝(立役)|豊臣秀次|豊臣秀長||山紫水明|技巧伝承|摂理探究|文明開化|柔能制剛|知将の絆|立役者|謀略家|雄材大略,,step116_9inen_dedup_max_total,19870,19870,step164_verified_normal9,生命,14832
step116_9_魚鱗_000035,STEP116_9INEN_DEDUP_MAX_TOTAL_RESULT,step106_9inen_full_780_dedup_by_hero_set_bond_set_max_total,魚鱗,通常,9,豊臣秀長|武田晴信|前田利家(雄材)|細川藤孝(立役)|豊臣秀次|北条氏照(剛柔),豊臣秀長|武田晴信|前田利家(雄材)|細川藤孝(立役)|豊臣秀次|北条氏照(剛柔),謀略家|雄材大略|摂理探究|文明開化|山紫水明|知将の絆|立役者|技巧伝承|柔能制剛,謀略家|雄材大略|摂理探究|文明開化|山紫水明|知将の絆|立役者|技巧伝承|柔能制剛,14832,899,83,0,293,1068,158,641,619,659,618,ステータス計算済み,step116で9因縁780行を「陣形+配置英傑6人セット+発動因縁セット」で重複除外。同一組内は総合値最大の配置を代表として採用。,STEP116_SELECTED_MAX_TOTAL_FROM_STEP106_RECALCULATED_9INEN,step106で各陣形有効ラインから再計算済みの9因縁行を使用し、重複組では総合値最大の配置を残す,魚鱗||通常||9||前田利家(雄材)|北条氏照(剛柔)|武田晴信|細川藤孝(立役)|豊臣秀次|豊臣秀長||山紫水明|技巧伝承|摂理探究|文明開化|柔能制剛|知将の絆|立役者|謀略家|雄材大略,,step116_9inen_dedup_max_total,19870,19870,step164_verified_normal9,生命,14832
step116_9_魚鱗_000020,STEP116_9INEN_DEDUP_MAX_TOTAL_RESULT,step106_9inen_full_780_dedup_by_hero_set_bond_set_max_total,魚鱗,通常,9,武田晴信|高台院|細川藤孝(立役)|今川義元|前田利家|竹中半兵衛(右腕),武田晴信|高台院|細川藤孝(立役)|今川義元|前田利家|竹中半兵衛(右腕),健康第一|老練闊達|質実剛健|文明開化|山紫水明|巧言令色|謀略家|雄材大略|摂理探究,健康第一|老練闊達|質実剛健|文明開化|山紫水明|巧言令色|謀略家|雄材大略|摂理探究,14811,4870,137,226,0,724,313,501,519,517,481,ステータス計算済み,step116で9因縁780行を「陣形+配置英傑6人セット+発動因縁セット」で重複除外。同一組内は総合値最大の配置を代表として採用。,STEP116_SELECTED_MAX_TOTAL_FROM_STEP106_RECALCULATED_9INEN,step106で各陣形有効ラインから再計算済みの9因縁行を使用し、重複組では総合値最大の配置を残す,魚鱗||通常||9||今川義元|前田利家|武田晴信|竹中半兵衛(右腕)|細川藤孝(立役)|高台院||健康第一|山紫水明|巧言令色|摂理探究|文明開化|老練闊達|謀略家|質実剛健|雄材大略,,step116_9inen_dedup_max_total,23099,23099,step164_verified_normal9,生命,14811
step116_9_魚鱗_000019,STEP116_9INEN_DEDUP_MAX_TOTAL_RESULT,step106_9inen_full_780_dedup_by_hero_set_bond_set_max_total,魚鱗,通常,9,前田利家(雄材)|竹中半兵衛(右腕)|武田晴信|高台院|細川藤孝(立役)|今川義元,前田利家(雄材)|竹中半兵衛(右腕)|武田晴信|高台院|細川藤孝(立役)|今川義元,謀略家|雄材大略|摂理探究|健康第一|老練闊達|質実剛健|文明開化|山紫水明|巧言令色,謀略家|雄材大略|摂理探究|健康第一|老練闊達|質実剛健|文明開化|山紫水明|巧言令色,14811,4870,137,226,0,724,313,501,519,517,481,ステータス計算済み,step116で9因縁780行を「陣形+配置英傑6人セット+発動因縁セット」で重複除外。同一組内は総合値最大の配置を代表として採用。,STEP116_SELECTED_MAX_TOTAL_FROM_STEP106_RECALCULATED_9INEN,step106で各陣形有効ラインから再計算済みの9因縁行を使用し、重複組では総合値最大の配置を残す,魚鱗||通常||9||今川義元|前田利家(雄材)|武田晴信|竹中半兵衛(右腕)|細川藤孝(立役)|高台院||健康第一|山紫水明|巧言令色|摂理探究|文明開化|老練闊達|謀略家|質実剛健|雄材大略,,step116_9inen_dedup_max_total,23099,23099,step164_verified_normal9,生命,14811
step116_9_魚鱗_000016,STEP116_9INEN_DEDUP_MAX_TOTAL_RESULT,step106_9inen_full_780_dedup_by_hero_set_bond_set_max_total,魚鱗,通常,9,武田晴信|愛姫(起源)|細川藤孝(立役)|今川義元|前田利家|竹中半兵衛(右腕),武田晴信|愛姫(起源)|細川藤孝(立役)|今川義元|前田利家|竹中半兵衛(右腕),健康第一|老練闊達|質実剛健|文明開化|山紫水明|巧言令色|謀略家|雄材大略|摂理探究,健康第一|老練闊達|質実剛健|文明開化|山紫水明|巧言令色|謀略家|雄材大略|摂理探究,14808,4896,149,231,0,720,313,502,521,521,484,ステータス計算済み,step116で9因縁780行を「陣形+配置英傑6人セット+発動因縁セット」で重複除外。同一組内は総合値最大の配置を代表として採用。,STEP116_SELECTED_MAX_TOTAL_FROM_STEP106_RECALCULATED_9INEN,step106で各陣形有効ラインから再計算済みの9因縁行を使用し、重複組では総合値最大の配置を残す,魚鱗||通常||9||今川義元|前田利家|愛姫(起源)|武田晴信|竹中半兵衛(右腕)|細川藤孝(立役)||健康第一|山紫水明|巧言令色|摂理探究|文明開化|老練闊達|謀略家|質実剛健|雄材大略,,step116_9inen_dedup_max_total,23145,23145,step164_verified_normal9,生命,14808
step116_9_魚鱗_000015,STEP116_9INEN_DEDUP_MAX_TOTAL_RESULT,step106_9inen_full_780_dedup_by_hero_set_bond_set_max_total,魚鱗,通常,9,前田利家(雄材)|竹中半兵衛(右腕)|武田晴信|愛姫(起源)|細川藤孝(立役)|今川義元,前田利家(雄材)|竹中半兵衛(右腕)|武田晴信|愛姫(起源)|細川藤孝(立役)|今川義元,謀略家|雄材大略|摂理探究|健康第一|老練闊達|質実剛健|文明開化|山紫水明|巧言令色,謀略家|雄材大略|摂理探究|健康第一|老練闊達|質実剛健|文明開化|山紫水明|巧言令色,14808,4896,149,231,0,720,313,502,521,521,484,ステータス計算済み,step116で9因縁780行を「陣形+配置英傑6人セット+発動因縁セット」で重複除外。同一組内は総合値最大の配置を代表として採用。,STEP116_SELECTED_MAX_TOTAL_FROM_STEP106_RECALCULATED_9INEN,step106で各陣形有効ラインから再計算済みの9因縁行を使用し、重複組では総合値最大の配置を残す,魚鱗||通常||9||今川義元|前田利家(雄材)|愛姫(起源)|武田晴信|竹中半兵衛(右腕)|細川藤孝(立役)||健康第一|山紫水明|巧言令色|摂理探究|文明開化|老練闊達|謀略家|質実剛健|雄材大略,,step116_9inen_dedup_max_total,23145,23145,step164_verified_normal9,生命,14808
step116_9_魚鱗_000031,STEP116_9INEN_DEDUP_MAX_TOTAL_RESULT,step106_9inen_full_780_dedup_by_hero_set_bond_set_max_total,魚鱗,通常,9,長野業正|山中鹿之介|島左近|豊臣秀次|明智光秀(闇)|小松姫,長野業正|山中鹿之介|島左近|豊臣秀次|明智光秀(闇)|小松姫,侍|根性の絆|もののふ|泰然自若|謀略家|流行創出|戦場の華|老練闊達|勇猛果敢,侍|根性の絆|もののふ|泰然自若|謀略家|流行創出|戦場の華|老練闊達|勇猛果敢,14515,2995,466,342,104,277,254,397,422,445,418,ステータス計算済み,step116で9因縁780行を「陣形+配置英傑6人セット+発動因縁セット」で重複除外。同一組内は総合値最大の配置を代表として採用。,STEP116_SELECTED_MAX_TOTAL_FROM_STEP106_RECALCULATED_9INEN,step106で各陣形有効ラインから再計算済みの9因縁行を使用し、重複組では総合値最大の配置を残す,魚鱗||通常||9||小松姫|山中鹿之介|島左近|明智光秀(闇)|豊臣秀次|長野業正||もののふ|侍|勇猛果敢|戦場の華|根性の絆|泰然自若|流行創出|老練闊達|謀略家,,step116_9inen_dedup_max_total,20635,20635,step164_verified_normal9,生命,14515
step116_9_魚鱗_000043,STEP116_9INEN_DEDUP_MAX_TOTAL_RESULT,step106_9inen_full_780_dedup_by_hero_set_bond_set_max_total,魚鱗,通常,9,豊臣秀長|北条氏照(剛柔)|豊臣秀次|細川藤孝(立役)|前田利家|上杉憲政,豊臣秀長|北条氏照(剛柔)|豊臣秀次|細川藤孝(立役)|前田利家|上杉憲政,知将の絆|立役者|技巧伝承|柔能制剛|文明開化|山紫水明|謀略家|雄材大略|摂理探究,知将の絆|立役者|技巧伝承|柔能制剛|文明開化|山紫水明|謀略家|雄材大略|摂理探究,14490,861,86,0,293,998,158,609,593,632,592,ステータス計算済み,step116で9因縁780行を「陣形+配置英傑6人セット+発動因縁セット」で重複除外。同一組内は総合値最大の配置を代表として採用。,STEP116_SELECTED_MAX_TOTAL_FROM_STEP106_RECALCULATED_9INEN,step106で各陣形有効ラインから再計算済みの9因縁行を使用し、重複組では総合値最大の配置を残す,魚鱗||通常||9||上杉憲政|前田利家|北条氏照(剛柔)|細川藤孝(立役)|豊臣秀次|豊臣秀長||山紫水明|技巧伝承|摂理探究|文明開化|柔能制剛|知将の絆|立役者|謀略家|雄材大略,,step116_9inen_dedup_max_total,19312,19312,step164_verified_normal9,生命,14490
step116_9_魚鱗_000042,STEP116_9INEN_DEDUP_MAX_TOTAL_RESULT,step106_9inen_full_780_dedup_by_hero_set_bond_set_max_total,魚鱗,通常,9,豊臣秀長|上杉憲政|前田利家(雄材)|細川藤孝(立役)|豊臣秀次|北条氏照(剛柔),豊臣秀長|上杉憲政|前田利家(雄材)|細川藤孝(立役)|豊臣秀次|北条氏照(剛柔),謀略家|雄材大略|摂理探究|文明開化|山紫水明|知将の絆|立役者|技巧伝承|柔能制剛,謀略家|雄材大略|摂理探究|文明開化|山紫水明|知将の絆|立役者|技巧伝承|柔能制剛,14490,861,86,0,293,998,158,609,593,632,592,ステータス計算済み,step116で9因縁780行を「陣形+配置英傑6人セット+発動因縁セット」で重複除外。同一組内は総合値最大の配置を代表として採用。,STEP116_SELECTED_MAX_TOTAL_FROM_STEP106_RECALCULATED_9INEN,step106で各陣形有効ラインから再計算済みの9因縁行を使用し、重複組では総合値最大の配置を残す,魚鱗||通常||9||上杉憲政|前田利家(雄材)|北条氏照(剛柔)|細川藤孝(立役)|豊臣秀次|豊臣秀長||山紫水明|技巧伝承|摂理探究|文明開化|柔能制剛|知将の絆|立役者|謀略家|雄材大略,,step116_9inen_dedup_max_total,19312,19312,step164_verified_normal9,生命,14490
step116_9_魚鱗_000032,STEP116_9INEN_DEDUP_MAX_TOTAL_RESULT,step106_9inen_full_780_dedup_by_hero_set_bond_set_max_total,魚鱗,通常,9,長野業正|山県昌景(泰然)|島左近|豊臣秀次|明智光秀(闇)|小松姫,長野業正|山県昌景(泰然)|島左近|豊臣秀次|明智光秀(闇)|小松姫,侍|根性の絆|もののふ|泰然自若|謀略家|流行創出|戦場の華|老練闊達|勇猛果敢,侍|根性の絆|もののふ|泰然自若|謀略家|流行創出|戦場の華|老練闊達|勇猛果敢,14462,2975,464,342,104,277,248,404,429,442,423,ステータス計算済み,step116で9因縁780行を「陣形+配置英傑6人セット+発動因縁セット」で重複除外。同一組内は総合値最大の配置を代表として採用。,STEP116_SELECTED_MAX_TOTAL_FROM_STEP106_RECALCULATED_9INEN,step106で各陣形有効ラインから再計算済みの9因縁行を使用し、重複組では総合値最大の配置を残す,魚鱗||通常||9||小松姫|山県昌景(泰然)|島左近|明智光秀(闇)|豊臣秀次|長野業正||もののふ|侍|勇猛果敢|戦場の華|根性の絆|泰然自若|流行創出|老練闊達|謀略家,,step116_9inen_dedup_max_total,20570,20570,step164_verified_normal9,生命,14462
step116_9_魚鱗_000033,STEP116_9INEN_DEDUP_MAX_TOTAL_RESULT,step106_9inen_full_780_dedup_by_hero_set_bond_set_max_total,魚鱗,通常,9,山中鹿之介|島左近|長野業正|明智光秀(闇)|小松姫|伊達政宗(起源),山中鹿之介|島左近|長野業正|明智光秀(闇)|小松姫|伊達政宗(起源),侍|根性の絆|もののふ|泰然自若|戦場の華|老練闊達|勇猛果敢|武芸の絆|意気衝天,侍|根性の絆|もののふ|泰然自若|戦場の華|老練闊達|勇猛果敢|武芸の絆|意気衝天,14439,3655,559,392,225,110,254,210,217,243,222,ステータス計算済み,step116で9因縁780行を「陣形+配置英傑6人セット+発動因縁セット」で重複除外。同一組内は総合値最大の配置を代表として採用。,STEP116_SELECTED_MAX_TOTAL_FROM_STEP106_RECALCULATED_9INEN,step106で各陣形有効ラインから再計算済みの9因縁行を使用し、重複組では総合値最大の配置を残す,魚鱗||通常||9||伊達政宗(起源)|小松姫|山中鹿之介|島左近|明智光秀(闇)|長野業正||もののふ|侍|勇猛果敢|意気衝天|戦場の華|根性の絆|武芸の絆|泰然自若|老練闊達,,step116_9inen_dedup_max_total,20526,20526,step164_verified_normal9,生命,14439
step116_9_魚鱗_000034,STEP116_9INEN_DEDUP_MAX_TOTAL_RESULT,step106_9inen_full_780_dedup_by_hero_set_bond_set_max_total,魚鱗,通常,9,山県昌景(泰然)|島左近|長野業正|明智光秀(闇)|小松姫|伊達政宗(起源),山県昌景(泰然)|島左近|長野業正|明智光秀(闇)|小松姫|伊達政宗(起源),侍|根性の絆|もののふ|泰然自若|戦場の華|老練闊達|勇猛果敢|武芸の絆|意気衝天,侍|根性の絆|もののふ|泰然自若|戦場の華|老練闊達|勇猛果敢|武芸の絆|意気衝天,14359,3561,556,392,221,110,248,217,224,240,227,ステータス計算済み,step116で9因縁780行を「陣形+配置英傑6人セット+発動因縁セット」で重複除外。同一組内は総合値最大の配置を代表として採用。,STEP116_SELECTED_MAX_TOTAL_FROM_STEP106_RECALCULATED_9INEN,step106で各陣形有効ラインから再計算済みの9因縁行を使用し、重複組では総合値最大の配置を残す,魚鱗||通常||9||伊達政宗(起源)|小松姫|山県昌景(泰然)|島左近|明智光秀(闇)|長野業正||もののふ|侍|勇猛果敢|意気衝天|戦場の華|根性の絆|武芸の絆|泰然自若|老練闊達,,step116_9inen_dedup_max_total,20355,20355,step164_verified_normal9,生命,14359
step116_9_魚鱗_000037,STEP116_9INEN_DEDUP_MAX_TOTAL_RESULT,step106_9inen_full_780_dedup_by_hero_set_bond_set_max_total,魚鱗,通常,9,山中鹿之介|島左近|長野業正|明智光秀(闇)|小松姫|十河一存,山中鹿之介|島左近|長野業正|明智光秀(闇)|小松姫|十河一存,侍|根性の絆|もののふ|泰然自若|戦場の華|老練闊達|勇猛果敢|武芸の絆|意気衝天,侍|根性の絆|もののふ|泰然自若|戦場の華|老練闊達|勇猛果敢|武芸の絆|意気衝天,13961,3406,548,385,207,97,254,210,217,243,222,ステータス計算済み,step116で9因縁780行を「陣形+配置英傑6人セット+発動因縁セット」で重複除外。同一組内は総合値最大の配置を代表として採用。,STEP116_SELECTED_MAX_TOTAL_FROM_STEP106_RECALCULATED_9INEN,step106で各陣形有効ラインから再計算済みの9因縁行を使用し、重複組では総合値最大の配置を残す,魚鱗||通常||9||十河一存|小松姫|山中鹿之介|島左近|明智光秀(闇)|長野業正||もののふ|侍|勇猛果敢|意気衝天|戦場の華|根性の絆|武芸の絆|泰然自若|老練闊達,,step116_9inen_dedup_max_total,19750,19750,step164_verified_normal9,生命,13961
step116_9_魚鱗_000038,STEP116_9INEN_DEDUP_MAX_TOTAL_RESULT,step106_9inen_full_780_dedup_by_hero_set_bond_set_max_total,魚鱗,通常,9,山中鹿之介|島左近|長野業正|明智光秀(闇)|小松姫|井伊直政,山中鹿之介|島左近|長野業正|明智光秀(闇)|小松姫|井伊直政,侍|根性の絆|もののふ|泰然自若|戦場の華|老練闊達|勇猛果敢|武芸の絆|意気衝天,侍|根性の絆|もののふ|泰然自若|戦場の華|老練闊達|勇猛果敢|武芸の絆|意気衝天,13961,3406,547,386,203,97,254,210,217,243,222,ステータス計算済み,step116で9因縁780行を「陣形+配置英傑6人セット+発動因縁セット」で重複除外。同一組内は総合値最大の配置を代表として採用。,STEP116_SELECTED_MAX_TOTAL_FROM_STEP106_RECALCULATED_9INEN,step106で各陣形有効ラインから再計算済みの9因縁行を使用し、重複組では総合値最大の配置を残す,魚鱗||通常||9||井伊直政|小松姫|山中鹿之介|島左近|明智光秀(闇)|長野業正||もののふ|侍|勇猛果敢|意気衝天|戦場の華|根性の絆|武芸の絆|泰然自若|老練闊達,,step116_9inen_dedup_max_total,19746,19746,step164_verified_normal9,生命,13961
step116_9_魚鱗_000045,STEP116_9INEN_DEDUP_MAX_TOTAL_RESULT,step106_9inen_full_780_dedup_by_hero_set_bond_set_max_total,魚鱗,通常,9,納涼忍お綾|堀秀政|柳生宗矩|宮本武蔵(涼)|道場娘まり(和装)|井伊直虎,納涼忍お綾|堀秀政|柳生宗矩|宮本武蔵(涼)|道場娘まり(和装)|井伊直虎,才腕の絆|文明開化|技巧伝承|多芸多才|侍|剣豪の絆|豪傑|女傑の絆|戦場の華,才腕の絆|文明開化|技巧伝承|多芸多才|侍|剣豪の絆|豪傑|女傑の絆|戦場の華,13928,1403,772,86,665,154,590,367,371,393,423,ステータス計算済み,step116で9因縁780行を「陣形+配置英傑6人セット+発動因縁セット」で重複除外。同一組内は総合値最大の配置を代表として採用。,STEP116_SELECTED_MAX_TOTAL_FROM_STEP106_RECALCULATED_9INEN,step106で各陣形有効ラインから再計算済みの9因縁行を使用し、重複組では総合値最大の配置を残す,魚鱗||通常||9||井伊直虎|堀秀政|宮本武蔵(涼)|柳生宗矩|納涼忍お綾|道場娘まり(和装)||侍|剣豪の絆|多芸多才|女傑の絆|戦場の華|才腕の絆|技巧伝承|文明開化|豪傑,,step116_9inen_dedup_max_total,19152,19152,step164_verified_normal9,生命,13928
step116_9_魚鱗_000044,STEP116_9INEN_DEDUP_MAX_TOTAL_RESULT,step106_9inen_full_780_dedup_by_hero_set_bond_set_max_total,魚鱗,通常,9,納涼忍お綾|堀秀政|柳生宗矩|宮本武蔵(涼)|道場娘まり(和装)|仙桃院,納涼忍お綾|堀秀政|柳生宗矩|宮本武蔵(涼)|道場娘まり(和装)|仙桃院,才腕の絆|文明開化|技巧伝承|多芸多才|侍|剣豪の絆|豪傑|女傑の絆|能鷹隠爪,才腕の絆|文明開化|技巧伝承|多芸多才|侍|剣豪の絆|豪傑|女傑の絆|能鷹隠爪,13904,1403,749,202,665,154,589,367,371,393,423,ステータス計算済み,step116で9因縁780行を「陣形+配置英傑6人セット+発動因縁セット」で重複除外。同一組内は総合値最大の配置を代表として採用。,STEP116_SELECTED_MAX_TOTAL_FROM_STEP106_RECALCULATED_9INEN,step106で各陣形有効ラインから再計算済みの9因縁行を使用し、重複組では総合値最大の配置を残す,魚鱗||通常||9||仙桃院|堀秀政|宮本武蔵(涼)|柳生宗矩|納涼忍お綾|道場娘まり(和装)||侍|剣豪の絆|多芸多才|女傑の絆|才腕の絆|技巧伝承|文明開化|能鷹隠爪|豪傑,,step116_9inen_dedup_max_total,19220,19220,step164_verified_normal9,生命,13904
step116_9_魚鱗_000039,STEP116_9INEN_DEDUP_MAX_TOTAL_RESULT,step106_9inen_full_780_dedup_by_hero_set_bond_set_max_total,魚鱗,通常,9,山県昌景(泰然)|島左近|長野業正|明智光秀(闇)|小松姫|十河一存,山県昌景(泰然)|島左近|長野業正|明智光秀(闇)|小松姫|十河一存,侍|根性の絆|もののふ|泰然自若|戦場の華|老練闊達|勇猛果敢|武芸の絆|意気衝天,侍|根性の絆|もののふ|泰然自若|戦場の華|老練闊達|勇猛果敢|武芸の絆|意気衝天,13882,3313,545,385,203,96,248,217,224,240,227,ステータス計算済み,step116で9因縁780行を「陣形+配置英傑6人セット+発動因縁セット」で重複除外。同一組内は総合値最大の配置を代表として採用。,STEP116_SELECTED_MAX_TOTAL_FROM_STEP106_RECALCULATED_9INEN,step106で各陣形有効ラインから再計算済みの9因縁行を使用し、重複組では総合値最大の配置を残す,魚鱗||通常||9||十河一存|小松姫|山県昌景(泰然)|島左近|明智光秀(闇)|長野業正||もののふ|侍|勇猛果敢|意気衝天|戦場の華|根性の絆|武芸の絆|泰然自若|老練闊達,,step116_9inen_dedup_max_total,19580,19580,step164_verified_normal9,生命,13882
step116_9_魚鱗_000040,STEP116_9INEN_DEDUP_MAX_TOTAL_RESULT,step106_9inen_full_780_dedup_by_hero_set_bond_set_max_total,魚鱗,通常,9,山県昌景(泰然)|島左近|長野業正|明智光秀(闇)|小松姫|井伊直政,山県昌景(泰然)|島左近|長野業正|明智光秀(闇)|小松姫|井伊直政,侍|根性の絆|もののふ|泰然自若|戦場の華|老練闊達|勇猛果敢|武芸の絆|意気衝天,侍|根性の絆|もののふ|泰然自若|戦場の華|老練闊達|勇猛果敢|武芸の絆|意気衝天,13882,3313,544,386,199,96,248,217,224,240,227,ステータス計算済み,step116で9因縁780行を「陣形+配置英傑6人セット+発動因縁セット」で重複除外。同一組内は総合値最大の配置を代表として採用。,STEP116_SELECTED_MAX_TOTAL_FROM_STEP106_RECALCULATED_9INEN,step106で各陣形有効ラインから再計算済みの9因縁行を使用し、重複組では総合値最大の配置を残す,魚鱗||通常||9||井伊直政|小松姫|山県昌景(泰然)|島左近|明智光秀(闇)|長野業正||もののふ|侍|勇猛果敢|意気衝天|戦場の華|根性の絆|武芸の絆|泰然自若|老練闊達,,step116_9inen_dedup_max_total,19576,19576,step164_verified_normal9,生命,13882
step116_9_魚鱗_000051,STEP116_9INEN_DEDUP_MAX_TOTAL_RESULT,step106_9inen_full_780_dedup_by_hero_set_bond_set_max_total,魚鱗,通常,9,納涼忍お綾|堀秀政|柳生宗矩|明智光秀(闇)|井伊直虎|仙桃院,納涼忍お綾|堀秀政|柳生宗矩|明智光秀(闇)|井伊直虎|仙桃院,才腕の絆|文明開化|技巧伝承|多芸多才|豪傑|勇猛果敢|女傑の絆|戦場の華|能鷹隠爪,才腕の絆|文明開化|技巧伝承|多芸多才|豪傑|勇猛果敢|女傑の絆|戦場の華|能鷹隠爪,13564,975,657,174,634,154,729,367,371,393,423,ステータス計算済み,step116で9因縁780行を「陣形+配置英傑6人セット+発動因縁セット」で重複除外。同一組内は総合値最大の配置を代表として採用。,STEP116_SELECTED_MAX_TOTAL_FROM_STEP106_RECALCULATED_9INEN,step106で各陣形有効ラインから再計算済みの9因縁行を使用し、重複組では総合値最大の配置を残す,魚鱗||通常||9||井伊直虎|仙桃院|堀秀政|明智光秀(闇)|柳生宗矩|納涼忍お綾||勇猛果敢|多芸多才|女傑の絆|戦場の華|才腕の絆|技巧伝承|文明開化|能鷹隠爪|豪傑,,step116_9inen_dedup_max_total,18441,18441,step164_verified_normal9,生命,13564
step116_9_魚鱗_000052,STEP116_9INEN_DEDUP_MAX_TOTAL_RESULT,step106_9inen_full_780_dedup_by_hero_set_bond_set_max_total,魚鱗,通常,9,納涼忍お綾|堀秀政|柳生宗矩|上杉謙信(野望)|井伊直虎|仙桃院,納涼忍お綾|堀秀政|柳生宗矩|上杉謙信(野望)|井伊直虎|仙桃院,才腕の絆|文明開化|技巧伝承|多芸多才|豪傑|勇猛果敢|女傑の絆|戦場の華|能鷹隠爪,才腕の絆|文明開化|技巧伝承|多芸多才|豪傑|勇猛果敢|女傑の絆|戦場の華|能鷹隠爪,13524,975,635,174,636,154,729,367,371,393,423,ステータス計算済み,step116で9因縁780行を「陣形+配置英傑6人セット+発動因縁セット」で重複除外。同一組内は総合値最大の配置を代表として採用。,STEP116_SELECTED_MAX_TOTAL_FROM_STEP106_RECALCULATED_9INEN,step106で各陣形有効ラインから再計算済みの9因縁行を使用し、重複組では総合値最大の配置を残す,魚鱗||通常||9||上杉謙信(野望)|井伊直虎|仙桃院|堀秀政|柳生宗矩|納涼忍お綾||勇猛果敢|多芸多才|女傑の絆|戦場の華|才腕の絆|技巧伝承|文明開化|能鷹隠爪|豪傑,,step116_9inen_dedup_max_total,18381,18381,step164_verified_normal9,生命,13524
step116_9_魚鱗_000049,STEP116_9INEN_DEDUP_MAX_TOTAL_RESULT,step106_9inen_full_780_dedup_by_hero_set_bond_set_max_total,魚鱗,通常,9,納涼忍お綾|堀秀政|柳生宗矩|宮本武蔵(涼)|道場娘まり(和装)|武田信玄(野望),納涼忍お綾|堀秀政|柳生宗矩|宮本武蔵(涼)|道場娘まり(和装)|武田信玄(野望),才腕の絆|文明開化|技巧伝承|多芸多才|侍|剣豪の絆|豪傑|戦場の華|能鷹隠爪,才腕の絆|文明開化|技巧伝承|多芸多才|侍|剣豪の絆|豪傑|戦場の華|能鷹隠爪,13504,1403,565,195,665,154,553,367,371,393,423,ステータス計算済み,step116で9因縁780行を「陣形+配置英傑6人セット+発動因縁セット」で重複除外。同一組内は総合値最大の配置を代表として採用。,STEP116_SELECTED_MAX_TOTAL_FROM_STEP106_RECALCULATED_9INEN,step106で各陣形有効ラインから再計算済みの9因縁行を使用し、重複組では総合値最大の配置を残す,魚鱗||通常||9||堀秀政|宮本武蔵(涼)|柳生宗矩|武田信玄(野望)|納涼忍お綾|道場娘まり(和装)||侍|剣豪の絆|多芸多才|戦場の華|才腕の絆|技巧伝承|文明開化|能鷹隠爪|豪傑,,step116_9inen_dedup_max_total,18593,18593,step164_verified_normal9,生命,13504
step116_9_魚鱗_000048,STEP116_9INEN_DEDUP_MAX_TOTAL_RESULT,step106_9inen_full_780_dedup_by_hero_set_bond_set_max_total,魚鱗,通常,9,豊臣秀長|北条氏照(剛柔)|豊臣秀次|百地三太夫(野望)|斎藤道三(巳)|佐竹義重,豊臣秀長|北条氏照(剛柔)|豊臣秀次|百地三太夫(野望)|斎藤道三(巳)|佐竹義重,知将の絆|立役者|技巧伝承|柔能制剛|謀略家|生殺与奪|侍|才腕の絆|知勇兼備,知将の絆|立役者|技巧伝承|柔能制剛|謀略家|生殺与奪|侍|才腕の絆|知勇兼備,13439,1428,162,99,517,864,357,463,454,463,458,ステータス計算済み,step116で9因縁780行を「陣形+配置英傑6人セット+発動因縁セット」で重複除外。同一組内は総合値最大の配置を代表として採用。,STEP116_SELECTED_MAX_TOTAL_FROM_STEP106_RECALCULATED_9INEN,step106で各陣形有効ラインから再計算済みの9因縁行を使用し、重複組では総合値最大の配置を残す,魚鱗||通常||9||佐竹義重|北条氏照(剛柔)|斎藤道三(巳)|百地三太夫(野望)|豊臣秀次|豊臣秀長||侍|才腕の絆|技巧伝承|柔能制剛|生殺与奪|知勇兼備|知将の絆|立役者|謀略家,,step116_9inen_dedup_max_total,18704,18704,step164_verified_normal9,生命,13439
step116_9_魚鱗_000030,STEP116_9INEN_DEDUP_MAX_TOTAL_RESULT,step106_9inen_full_780_dedup_by_hero_set_bond_set_max_total,魚鱗,通常,9,大内義隆|北条氏邦|出雲阿国(野望)|大祝鶴|魔女ルシア|細川藤孝(立役),大内義隆|北条氏邦|出雲阿国(野望)|大祝鶴|魔女ルシア|細川藤孝(立役),流行創出|多芸多才|神主・巫女|女傑の絆|洒落者の絆|文化人の絆|文明開化|技巧伝承|山紫水明,流行創出|多芸多才|神主・巫女|女傑の絆|洒落者の絆|文化人の絆|文明開化|技巧伝承|山紫水明,13386,2828,249,44,382,403,622,773,812,744,795,ステータス計算済み,step116で9因縁780行を「陣形+配置英傑6人セット+発動因縁セット」で重複除外。同一組内は総合値最大の配置を代表として採用。,STEP116_SELECTED_MAX_TOTAL_FROM_STEP106_RECALCULATED_9INEN,step106で各陣形有効ラインから再計算済みの9因縁行を使用し、重複組では総合値最大の配置を残す,魚鱗||通常||9||出雲阿国(野望)|北条氏邦|大内義隆|大祝鶴|細川藤孝(立役)|魔女ルシア||多芸多才|女傑の絆|山紫水明|技巧伝承|文化人の絆|文明開化|洒落者の絆|流行創出|神主・巫女,,step116_9inen_dedup_max_total,21038,21038,step164_verified_normal9,生命,13386
step116_9_魚鱗_000055,STEP116_9INEN_DEDUP_MAX_TOTAL_RESULT,step106_9inen_full_780_dedup_by_hero_set_bond_set_max_total,魚鱗,通常,9,柳生宗矩|宮本武蔵(涼)|道場娘まり(和装)|井伊直虎|魔女ルシア|谷忠澄,柳生宗矩|宮本武蔵(涼)|道場娘まり(和装)|井伊直虎|魔女ルシア|谷忠澄,侍|剣豪の絆|豪傑|女傑の絆|戦場の華|文明開化|技巧伝承|竜飛鳳舞|多芸多才,侍|剣豪の絆|豪傑|女傑の絆|戦場の華|文明開化|技巧伝承|竜飛鳳舞|多芸多才,13298,1346,869,79,374,263,593,156,153,147,177,ステータス計算済み,step116で9因縁780行を「陣形+配置英傑6人セット+発動因縁セット」で重複除外。同一組内は総合値最大の配置を代表として採用。,STEP116_SELECTED_MAX_TOTAL_FROM_STEP106_RECALCULATED_9INEN,step106で各陣形有効ラインから再計算済みの9因縁行を使用し、重複組では総合値最大の配置を残す,魚鱗||通常||9||井伊直虎|宮本武蔵(涼)|柳生宗矩|谷忠澄|道場娘まり(和装)|魔女ルシア||侍|剣豪の絆|多芸多才|女傑の絆|戦場の華|技巧伝承|文明開化|竜飛鳳舞|豪傑,,step116_9inen_dedup_max_total,17455,17455,step164_verified_normal9,生命,13298
step116_9_魚鱗_000054,STEP116_9INEN_DEDUP_MAX_TOTAL_RESULT,step106_9inen_full_780_dedup_by_hero_set_bond_set_max_total,魚鱗,通常,9,納涼忍お綾|堀秀政|柳生宗矩|原虎胤|井伊直虎|仙桃院,納涼忍お綾|堀秀政|柳生宗矩|原虎胤|井伊直虎|仙桃院,才腕の絆|文明開化|技巧伝承|多芸多才|豪傑|勇猛果敢|女傑の絆|戦場の華|能鷹隠爪,才腕の絆|文明開化|技巧伝承|多芸多才|豪傑|勇猛果敢|女傑の絆|戦場の華|能鷹隠爪,13052,975,580,174,612,154,729,367,371,393,423,ステータス計算済み,step116で9因縁780行を「陣形+配置英傑6人セット+発動因縁セット」で重複除外。同一組内は総合値最大の配置を代表として採用。,STEP116_SELECTED_MAX_TOTAL_FROM_STEP106_RECALCULATED_9INEN,step106で各陣形有効ラインから再計算済みの9因縁行を使用し、重複組では総合値最大の配置を残す,魚鱗||通常||9||井伊直虎|仙桃院|原虎胤|堀秀政|柳生宗矩|納涼忍お綾||勇猛果敢|多芸多才|女傑の絆|戦場の華|才腕の絆|技巧伝承|文明開化|能鷹隠爪|豪傑,,step116_9inen_dedup_max_total,17830,17830,step164_verified_normal9,生命,13052
step116_9_魚鱗_000041,STEP116_9INEN_DEDUP_MAX_TOTAL_RESULT,step106_9inen_full_780_dedup_by_hero_set_bond_set_max_total,魚鱗,通常,9,柳生宗矩|島左近|出雲阿国(野望)|大祝鶴|魔女ルシア|谷忠澄,柳生宗矩|島左近|出雲阿国(野望)|大祝鶴|魔女ルシア|谷忠澄,豪傑|流行創出|神主・巫女|女傑の絆|洒落者の絆|文明開化|技巧伝承|竜飛鳳舞|多芸多才,豪傑|流行創出|神主・巫女|女傑の絆|洒落者の絆|文明開化|技巧伝承|竜飛鳳舞|多芸多才,12761,2985,558,48,244,379,596,487,496,474,532,ステータス計算済み,step116で9因縁780行を「陣形+配置英傑6人セット+発動因縁セット」で重複除外。同一組内は総合値最大の配置を代表として採用。,STEP116_SELECTED_MAX_TOTAL_FROM_STEP106_RECALCULATED_9INEN,step106で各陣形有効ラインから再計算済みの9因縁行を使用し、重複組では総合値最大の配置を残す,魚鱗||通常||9||出雲阿国(野望)|大祝鶴|島左近|柳生宗矩|谷忠澄|魔女ルシア||多芸多才|女傑の絆|技巧伝承|文明開化|洒落者の絆|流行創出|神主・巫女|竜飛鳳舞|豪傑,,step116_9inen_dedup_max_total,19560,19560,step164_verified_normal9,生命,12761
step116_9_魚鱗_000046,STEP116_9INEN_DEDUP_MAX_TOTAL_RESULT,step106_9inen_full_780_dedup_by_hero_set_bond_set_max_total,魚鱗,通常,9,北条氏照(剛柔)|金森長近|雑賀孫市(道化)|黒田長政|黒田官兵衛|鍋島直茂(乱雲),北条氏照(剛柔)|金森長近|雑賀孫市(道化)|黒田長政|黒田官兵衛|鍋島直茂(乱雲),文明開化|技巧伝承|知勇兼備|才腕の絆|硝煙弾雨|多芸多才|知将の絆|立役者|柔能制剛,文明開化|技巧伝承|知勇兼備|才腕の絆|硝煙弾雨|多芸多才|知将の絆|立役者|柔能制剛,11606,3272,161,123,696,703,312,506,583,521,502,ステータス計算済み,step116で9因縁780行を「陣形+配置英傑6人セット+発動因縁セット」で重複除外。同一組内は総合値最大の配置を代表として採用。,STEP116_SELECTED_MAX_TOTAL_FROM_STEP106_RECALCULATED_9INEN,step106で各陣形有効ラインから再計算済みの9因縁行を使用し、重複組では総合値最大の配置を残す,魚鱗||通常||9||北条氏照(剛柔)|金森長近|鍋島直茂(乱雲)|雑賀孫市(道化)|黒田官兵衛|黒田長政||多芸多才|才腕の絆|技巧伝承|文明開化|柔能制剛|知勇兼備|知将の絆|硝煙弾雨|立役者,,step116_9inen_dedup_max_total,18985,18985,step164_verified_normal9,生命,11606
step116_9_魚鱗_000047,STEP116_9INEN_DEDUP_MAX_TOTAL_RESULT,step106_9inen_full_780_dedup_by_hero_set_bond_set_max_total,魚鱗,通常,9,北条氏照(剛柔)|金森長近|雑賀孫市(道化)|黒田長政|黒田官兵衛|豊臣秀長,北条氏照(剛柔)|金森長近|雑賀孫市(道化)|黒田長政|黒田官兵衛|豊臣秀長,文明開化|技巧伝承|知勇兼備|才腕の絆|硝煙弾雨|多芸多才|知将の絆|立役者|柔能制剛,文明開化|技巧伝承|知勇兼備|才腕の絆|硝煙弾雨|多芸多才|知将の絆|立役者|柔能制剛,11393,3272,161,123,694,707,312,511,585,529,504,ステータス計算済み,step116で9因縁780行を「陣形+配置英傑6人セット+発動因縁セット」で重複除外。同一組内は総合値最大の配置を代表として採用。,STEP116_SELECTED_MAX_TOTAL_FROM_STEP106_RECALCULATED_9INEN,step106で各陣形有効ラインから再計算済みの9因縁行を使用し、重複組では総合値最大の配置を残す,魚鱗||通常||9||北条氏照(剛柔)|豊臣秀長|金森長近|雑賀孫市(道化)|黒田官兵衛|黒田長政||多芸多才|才腕の絆|技巧伝承|文明開化|柔能制剛|知勇兼備|知将の絆|硝煙弾雨|立役者,,step116_9inen_dedup_max_total,18791,18791,step164_verified_normal9,生命,11393
step116_9_魚鱗_000050,STEP116_9INEN_DEDUP_MAX_TOTAL_RESULT,step106_9inen_full_780_dedup_by_hero_set_bond_set_max_total,魚鱗,通常,9,北条氏照(剛柔)|金森長近|雑賀孫市(道化)|大久保忠世|黒田官兵衛|鍋島直茂(乱雲),北条氏照(剛柔)|金森長近|雑賀孫市(道化)|大久保忠世|黒田官兵衛|鍋島直茂(乱雲),文明開化|技巧伝承|知勇兼備|才腕の絆|硝煙弾雨|多芸多才|知将の絆|立役者|柔能制剛,文明開化|技巧伝承|知勇兼備|才腕の絆|硝煙弾雨|多芸多才|知将の絆|立役者|柔能制剛,11367,3232,157,118,690,691,306,477,555,488,476,ステータス計算済み,step116で9因縁780行を「陣形+配置英傑6人セット+発動因縁セット」で重複除外。同一組内は総合値最大の配置を代表として採用。,STEP116_SELECTED_MAX_TOTAL_FROM_STEP106_RECALCULATED_9INEN,step106で各陣形有効ラインから再計算済みの9因縁行を使用し、重複組では総合値最大の配置を残す,魚鱗||通常||9||北条氏照(剛柔)|大久保忠世|金森長近|鍋島直茂(乱雲)|雑賀孫市(道化)|黒田官兵衛||多芸多才|才腕の絆|技巧伝承|文明開化|柔能制剛|知勇兼備|知将の絆|硝煙弾雨|立役者,,step116_9inen_dedup_max_total,18557,18557,step164_verified_normal9,生命,11367
step116_9_魚鱗_000053,STEP116_9INEN_DEDUP_MAX_TOTAL_RESULT,step106_9inen_full_780_dedup_by_hero_set_bond_set_max_total,魚鱗,通常,9,北条氏照(剛柔)|金森長近|雑賀孫市(道化)|大久保忠世|黒田官兵衛|豊臣秀長,北条氏照(剛柔)|金森長近|雑賀孫市(道化)|大久保忠世|黒田官兵衛|豊臣秀長,文明開化|技巧伝承|知勇兼備|才腕の絆|硝煙弾雨|多芸多才|知将の絆|立役者|柔能制剛,文明開化|技巧伝承|知勇兼備|才腕の絆|硝煙弾雨|多芸多才|知将の絆|立役者|柔能制剛,11154,3232,157,118,688,695,306,482,557,496,478,ステータス計算済み,step116で9因縁780行を「陣形+配置英傑6人セット+発動因縁セット」で重複除外。同一組内は総合値最大の配置を代表として採用。,STEP116_SELECTED_MAX_TOTAL_FROM_STEP106_RECALCULATED_9INEN,step106で各陣形有効ラインから再計算済みの9因縁行を使用し、重複組では総合値最大の配置を残す,魚鱗||通常||9||北条氏照(剛柔)|大久保忠世|豊臣秀長|金森長近|雑賀孫市(道化)|黒田官兵衛||多芸多才|才腕の絆|技巧伝承|文明開化|柔能制剛|知勇兼備|知将の絆|硝煙弾雨|立役者,,step116_9inen_dedup_max_total,18363,18363,step164_verified_normal9,生命,11154
step116_9_魚鱗_000016,STEP116_9INEN_DEDUP_MAX_TOTAL_RESULT,step106_9inen_full_780_dedup_by_hero_set_bond_set_max_total,魚鱗,通常,9,武田晴信|愛姫(起源)|細川藤孝(立役)|今川義元|前田利家|竹中半兵衛(右腕),武田晴信|愛姫(起源)|細川藤孝(立役)|今川義元|前田利家|竹中半兵衛(右腕),健康第一|老練闊達|質実剛健|文明開化|山紫水明|巧言令色|謀略家|雄材大略|摂理探究,健康第一|老練闊達|質実剛健|文明開化|山紫水明|巧言令色|謀略家|雄材大略|摂理探究,14808,4896,149,231,0,720,313,502,521,521,484,ステータス計算済み,step116で9因縁780行を「陣形+配置英傑6人セット+発動因縁セット」で重複除外。同一組内は総合値最大の配置を代表として採用。,STEP116_SELECTED_MAX_TOTAL_FROM_STEP106_RECALCULATED_9INEN,step106で各陣形有効ラインから再計算済みの9因縁行を使用し、重複組では総合値最大の配置を残す,魚鱗||通常||9||今川義元|前田利家|愛姫(起源)|武田晴信|竹中半兵衛(右腕)|細川藤孝(立役)||健康第一|山紫水明|巧言令色|摂理探究|文明開化|老練闊達|謀略家|質実剛健|雄材大略,,step116_9inen_dedup_max_total,23145,23145,step164_verified_normal9,気合,4896
step116_9_魚鱗_000015,STEP116_9INEN_DEDUP_MAX_TOTAL_RESULT,step106_9inen_full_780_dedup_by_hero_set_bond_set_max_total,魚鱗,通常,9,前田利家(雄材)|竹中半兵衛(右腕)|武田晴信|愛姫(起源)|細川藤孝(立役)|今川義元,前田利家(雄材)|竹中半兵衛(右腕)|武田晴信|愛姫(起源)|細川藤孝(立役)|今川義元,謀略家|雄材大略|摂理探究|健康第一|老練闊達|質実剛健|文明開化|山紫水明|巧言令色,謀略家|雄材大略|摂理探究|健康第一|老練闊達|質実剛健|文明開化|山紫水明|巧言令色,14808,4896,149,231,0,720,313,502,521,521,484,ステータス計算済み,step116で9因縁780行を「陣形+配置英傑6人セット+発動因縁セット」で重複除外。同一組内は総合値最大の配置を代表として採用。,STEP116_SELECTED_MAX_TOTAL_FROM_STEP106_RECALCULATED_9INEN,step106で各陣形有効ラインから再計算済みの9因縁行を使用し、重複組では総合値最大の配置を残す,魚鱗||通常||9||今川義元|前田利家(雄材)|愛姫(起源)|武田晴信|竹中半兵衛(右腕)|細川藤孝(立役)||健康第一|山紫水明|巧言令色|摂理探究|文明開化|老練闊達|謀略家|質実剛健|雄材大略,,step116_9inen_dedup_max_total,23145,23145,step164_verified_normal9,気合,4896
step116_9_魚鱗_000020,STEP116_9INEN_DEDUP_MAX_TOTAL_RESULT,step106_9inen_full_780_dedup_by_hero_set_bond_set_max_total,魚鱗,通常,9,武田晴信|高台院|細川藤孝(立役)|今川義元|前田利家|竹中半兵衛(右腕),武田晴信|高台院|細川藤孝(立役)|今川義元|前田利家|竹中半兵衛(右腕),健康第一|老練闊達|質実剛健|文明開化|山紫水明|巧言令色|謀略家|雄材大略|摂理探究,健康第一|老練闊達|質実剛健|文明開化|山紫水明|巧言令色|謀略家|雄材大略|摂理探究,14811,4870,137,226,0,724,313,501,519,517,481,ステータス計算済み,step116で9因縁780行を「陣形+配置英傑6人セット+発動因縁セット」で重複除外。同一組内は総合値最大の配置を代表として採用。,STEP116_SELECTED_MAX_TOTAL_FROM_STEP106_RECALCULATED_9INEN,step106で各陣形有効ラインから再計算済みの9因縁行を使用し、重複組では総合値最大の配置を残す,魚鱗||通常||9||今川義元|前田利家|武田晴信|竹中半兵衛(右腕)|細川藤孝(立役)|高台院||健康第一|山紫水明|巧言令色|摂理探究|文明開化|老練闊達|謀略家|質実剛健|雄材大略,,step116_9inen_dedup_max_total,23099,23099,step164_verified_normal9,気合,4870
step116_9_魚鱗_000019,STEP116_9INEN_DEDUP_MAX_TOTAL_RESULT,step106_9inen_full_780_dedup_by_hero_set_bond_set_max_total,魚鱗,通常,9,前田利家(雄材)|竹中半兵衛(右腕)|武田晴信|高台院|細川藤孝(立役)|今川義元,前田利家(雄材)|竹中半兵衛(右腕)|武田晴信|高台院|細川藤孝(立役)|今川義元,謀略家|雄材大略|摂理探究|健康第一|老練闊達|質実剛健|文明開化|山紫水明|巧言令色,謀略家|雄材大略|摂理探究|健康第一|老練闊達|質実剛健|文明開化|山紫水明|巧言令色,14811,4870,137,226,0,724,313,501,519,517,481,ステータス計算済み,step116で9因縁780行を「陣形+配置英傑6人セット+発動因縁セット」で重複除外。同一組内は総合値最大の配置を代表として採用。,STEP116_SELECTED_MAX_TOTAL_FROM_STEP106_RECALCULATED_9INEN,step106で各陣形有効ラインから再計算済みの9因縁行を使用し、重複組では総合値最大の配置を残す,魚鱗||通常||9||今川義元|前田利家(雄材)|武田晴信|竹中半兵衛(右腕)|細川藤孝(立役)|高台院||健康第一|山紫水明|巧言令色|摂理探究|文明開化|老練闊達|謀略家|質実剛健|雄材大略,,step116_9inen_dedup_max_total,23099,23099,step164_verified_normal9,気合,4870
step116_9_魚鱗_000010,STEP116_9INEN_DEDUP_MAX_TOTAL_RESULT,step106_9inen_full_780_dedup_by_hero_set_bond_set_max_total,魚鱗,通常,9,武田晴信|愛姫(起源)|細川藤孝(立役)|今川義元|前田利家|豊臣秀長,武田晴信|愛姫(起源)|細川藤孝(立役)|今川義元|前田利家|豊臣秀長,健康第一|老練闊達|質実剛健|文明開化|山紫水明|巧言令色|謀略家|雄材大略|摂理探究,健康第一|老練闊達|質実剛健|文明開化|山紫水明|巧言令色|謀略家|雄材大略|摂理探究,15036,4864,157,231,0,719,313,490,509,512,472,ステータス計算済み,step116で9因縁780行を「陣形+配置英傑6人セット+発動因縁セット」で重複除外。同一組内は総合値最大の配置を代表として採用。,STEP116_SELECTED_MAX_TOTAL_FROM_STEP106_RECALCULATED_9INEN,step106で各陣形有効ラインから再計算済みの9因縁行を使用し、重複組では総合値最大の配置を残す,魚鱗||通常||9||今川義元|前田利家|愛姫(起源)|武田晴信|細川藤孝(立役)|豊臣秀長||健康第一|山紫水明|巧言令色|摂理探究|文明開化|老練闊達|謀略家|質実剛健|雄材大略,,step116_9inen_dedup_max_total,23303,23303,step164_verified_normal9,気合,4864
step116_9_魚鱗_000009,STEP116_9INEN_DEDUP_MAX_TOTAL_RESULT,step106_9inen_full_780_dedup_by_hero_set_bond_set_max_total,魚鱗,通常,9,前田利家(雄材)|豊臣秀長|武田晴信|愛姫(起源)|細川藤孝(立役)|今川義元,前田利家(雄材)|豊臣秀長|武田晴信|愛姫(起源)|細川藤孝(立役)|今川義元,謀略家|雄材大略|摂理探究|健康第一|老練闊達|質実剛健|文明開化|山紫水明|巧言令色,謀略家|雄材大略|摂理探究|健康第一|老練闊達|質実剛健|文明開化|山紫水明|巧言令色,15036,4864,157,231,0,719,313,490,509,512,472,ステータス計算済み,step116で9因縁780行を「陣形+配置英傑6人セット+発動因縁セット」で重複除外。同一組内は総合値最大の配置を代表として採用。,STEP116_SELECTED_MAX_TOTAL_FROM_STEP106_RECALCULATED_9INEN,step106で各陣形有効ラインから再計算済みの9因縁行を使用し、重複組では総合値最大の配置を残す,魚鱗||通常||9||今川義元|前田利家(雄材)|愛姫(起源)|武田晴信|細川藤孝(立役)|豊臣秀長||健康第一|山紫水明|巧言令色|摂理探究|文明開化|老練闊達|謀略家|質実剛健|雄材大略,,step116_9inen_dedup_max_total,23303,23303,step164_verified_normal9,気合,4864
step116_9_魚鱗_000012,STEP116_9INEN_DEDUP_MAX_TOTAL_RESULT,step106_9inen_full_780_dedup_by_hero_set_bond_set_max_total,魚鱗,通常,9,武田晴信|高台院|細川藤孝(立役)|今川義元|前田利家|豊臣秀長,武田晴信|高台院|細川藤孝(立役)|今川義元|前田利家|豊臣秀長,健康第一|老練闊達|質実剛健|文明開化|山紫水明|巧言令色|謀略家|雄材大略|摂理探究,健康第一|老練闊達|質実剛健|文明開化|山紫水明|巧言令色|謀略家|雄材大略|摂理探究,15039,4838,145,226,0,723,313,489,507,508,469,ステータス計算済み,step116で9因縁780行を「陣形+配置英傑6人セット+発動因縁セット」で重複除外。同一組内は総合値最大の配置を代表として採用。,STEP116_SELECTED_MAX_TOTAL_FROM_STEP106_RECALCULATED_9INEN,step106で各陣形有効ラインから再計算済みの9因縁行を使用し、重複組では総合値最大の配置を残す,魚鱗||通常||9||今川義元|前田利家|武田晴信|細川藤孝(立役)|豊臣秀長|高台院||健康第一|山紫水明|巧言令色|摂理探究|文明開化|老練闊達|謀略家|質実剛健|雄材大略,,step116_9inen_dedup_max_total,23257,23257,step164_verified_normal9,気合,4838
step116_9_魚鱗_000011,STEP116_9INEN_DEDUP_MAX_TOTAL_RESULT,step106_9inen_full_780_dedup_by_hero_set_bond_set_max_total,魚鱗,通常,9,前田利家(雄材)|豊臣秀長|武田晴信|高台院|細川藤孝(立役)|今川義元,前田利家(雄材)|豊臣秀長|武田晴信|高台院|細川藤孝(立役)|今川義元,謀略家|雄材大略|摂理探究|健康第一|老練闊達|質実剛健|文明開化|山紫水明|巧言令色,謀略家|雄材大略|摂理探究|健康第一|老練闊達|質実剛健|文明開化|山紫水明|巧言令色,15039,4838,145,226,0,723,313,489,507,508,469,ステータス計算済み,step116で9因縁780行を「陣形+配置英傑6人セット+発動因縁セット」で重複除外。同一組内は総合値最大の配置を代表として採用。,STEP116_SELECTED_MAX_TOTAL_FROM_STEP106_RECALCULATED_9INEN,step106で各陣形有効ラインから再計算済みの9因縁行を使用し、重複組では総合値最大の配置を残す,魚鱗||通常||9||今川義元|前田利家(雄材)|武田晴信|細川藤孝(立役)|豊臣秀長|高台院||健康第一|山紫水明|巧言令色|摂理探究|文明開化|老練闊達|謀略家|質実剛健|雄材大略,,step116_9inen_dedup_max_total,23257,23257,step164_verified_normal9,気合,4838
step116_9_魚鱗_000014,STEP116_9INEN_DEDUP_MAX_TOTAL_RESULT,step106_9inen_full_780_dedup_by_hero_set_bond_set_max_total,魚鱗,通常,9,武田晴信|愛姫(起源)|細川藤孝(立役)|今川義元|前田利家|丹羽長秀(風雲),武田晴信|愛姫(起源)|細川藤孝(立役)|今川義元|前田利家|丹羽長秀(風雲),健康第一|老練闊達|質実剛健|文明開化|山紫水明|巧言令色|謀略家|雄材大略|摂理探究,健康第一|老練闊達|質実剛健|文明開化|山紫水明|巧言令色|謀略家|雄材大略|摂理探究,14973,4838,144,231,0,712,313,474,517,517,456,ステータス計算済み,step116で9因縁780行を「陣形+配置英傑6人セット+発動因縁セット」で重複除外。同一組内は総合値最大の配置を代表として採用。,STEP116_SELECTED_MAX_TOTAL_FROM_STEP106_RECALCULATED_9INEN,step106で各陣形有効ラインから再計算済みの9因縁行を使用し、重複組では総合値最大の配置を残す,魚鱗||通常||9||丹羽長秀(風雲)|今川義元|前田利家|愛姫(起源)|武田晴信|細川藤孝(立役)||健康第一|山紫水明|巧言令色|摂理探究|文明開化|老練闊達|謀略家|質実剛健|雄材大略,,step116_9inen_dedup_max_total,23175,23175,step164_verified_normal9,気合,4838
step116_9_魚鱗_000013,STEP116_9INEN_DEDUP_MAX_TOTAL_RESULT,step106_9inen_full_780_dedup_by_hero_set_bond_set_max_total,魚鱗,通常,9,前田利家(雄材)|丹羽長秀(風雲)|武田晴信|愛姫(起源)|細川藤孝(立役)|今川義元,前田利家(雄材)|丹羽長秀(風雲)|武田晴信|愛姫(起源)|細川藤孝(立役)|今川義元,謀略家|雄材大略|摂理探究|健康第一|老練闊達|質実剛健|文明開化|山紫水明|巧言令色,謀略家|雄材大略|摂理探究|健康第一|老練闊達|質実剛健|文明開化|山紫水明|巧言令色,14973,4838,144,231,0,712,313,474,517,517,456,ステータス計算済み,step116で9因縁780行を「陣形+配置英傑6人セット+発動因縁セット」で重複除外。同一組内は総合値最大の配置を代表として採用。,STEP116_SELECTED_MAX_TOTAL_FROM_STEP106_RECALCULATED_9INEN,step106で各陣形有効ラインから再計算済みの9因縁行を使用し、重複組では総合値最大の配置を残す,魚鱗||通常||9||丹羽長秀(風雲)|今川義元|前田利家(雄材)|愛姫(起源)|武田晴信|細川藤孝(立役)||健康第一|山紫水明|巧言令色|摂理探究|文明開化|老練闊達|謀略家|質実剛健|雄材大略,,step116_9inen_dedup_max_total,23175,23175,step164_verified_normal9,気合,4838
step116_9_魚鱗_000002,STEP116_9INEN_DEDUP_MAX_TOTAL_RESULT,step106_9inen_full_780_dedup_by_hero_set_bond_set_max_total,魚鱗,通常,9,武田晴信|愛姫(起源)|細川藤孝(立役)|今川義元|前田利家|鍋島直茂(乱雲),武田晴信|愛姫(起源)|細川藤孝(立役)|今川義元|前田利家|鍋島直茂(乱雲),健康第一|老練闊達|質実剛健|文明開化|山紫水明|巧言令色|謀略家|雄材大略|摂理探究,健康第一|老練闊達|質実剛健|文明開化|山紫水明|巧言令色|謀略家|雄材大略|摂理探究,15234,4833,161,231,0,715,313,483,506,501,469,ステータス計算済み,step116で9因縁780行を「陣形+配置英傑6人セット+発動因縁セット」で重複除外。同一組内は総合値最大の配置を代表として採用。,STEP116_SELECTED_MAX_TOTAL_FROM_STEP106_RECALCULATED_9INEN,step106で各陣形有効ラインから再計算済みの9因縁行を使用し、重複組では総合値最大の配置を残す,魚鱗||通常||9||今川義元|前田利家|愛姫(起源)|武田晴信|細川藤孝(立役)|鍋島直茂(乱雲)||健康第一|山紫水明|巧言令色|摂理探究|文明開化|老練闊達|謀略家|質実剛健|雄材大略,,step116_9inen_dedup_max_total,23446,23446,step164_verified_normal9,気合,4833
step116_9_魚鱗_000001,STEP116_9INEN_DEDUP_MAX_TOTAL_RESULT,step106_9inen_full_780_dedup_by_hero_set_bond_set_max_total,魚鱗,通常,9,前田利家(雄材)|鍋島直茂(乱雲)|武田晴信|愛姫(起源)|細川藤孝(立役)|今川義元,前田利家(雄材)|鍋島直茂(乱雲)|武田晴信|愛姫(起源)|細川藤孝(立役)|今川義元,謀略家|雄材大略|摂理探究|健康第一|老練闊達|質実剛健|文明開化|山紫水明|巧言令色,謀略家|雄材大略|摂理探究|健康第一|老練闊達|質実剛健|文明開化|山紫水明|巧言令色,15234,4833,161,231,0,715,313,483,506,501,469,ステータス計算済み,step116で9因縁780行を「陣形+配置英傑6人セット+発動因縁セット」で重複除外。同一組内は総合値最大の配置を代表として採用。,STEP116_SELECTED_MAX_TOTAL_FROM_STEP106_RECALCULATED_9INEN,step106で各陣形有効ラインから再計算済みの9因縁行を使用し、重複組では総合値最大の配置を残す,魚鱗||通常||9||今川義元|前田利家(雄材)|愛姫(起源)|武田晴信|細川藤孝(立役)|鍋島直茂(乱雲)||健康第一|山紫水明|巧言令色|摂理探究|文明開化|老練闊達|謀略家|質実剛健|雄材大略,,step116_9inen_dedup_max_total,23446,23446,step164_verified_normal9,気合,4833
step116_9_魚鱗_000006,STEP116_9INEN_DEDUP_MAX_TOTAL_RESULT,step106_9inen_full_780_dedup_by_hero_set_bond_set_max_total,魚鱗,通常,9,武田晴信|愛姫(起源)|細川藤孝(立役)|今川義元|前田利家|片倉景綱(右腕),武田晴信|愛姫(起源)|細川藤孝(立役)|今川義元|前田利家|片倉景綱(右腕),健康第一|老練闊達|質実剛健|文明開化|山紫水明|巧言令色|謀略家|雄材大略|摂理探究,健康第一|老練闊達|質実剛健|文明開化|山紫水明|巧言令色|謀略家|雄材大略|摂理探究,15159,4827,167,231,0,715,313,488,504,513,469,ステータス計算済み,step116で9因縁780行を「陣形+配置英傑6人セット+発動因縁セット」で重複除外。同一組内は総合値最大の配置を代表として採用。,STEP116_SELECTED_MAX_TOTAL_FROM_STEP106_RECALCULATED_9INEN,step106で各陣形有効ラインから再計算済みの9因縁行を使用し、重複組では総合値最大の配置を残す,魚鱗||通常||9||今川義元|前田利家|愛姫(起源)|武田晴信|片倉景綱(右腕)|細川藤孝(立役)||健康第一|山紫水明|巧言令色|摂理探究|文明開化|老練闊達|謀略家|質実剛健|雄材大略,,step116_9inen_dedup_max_total,23386,23386,step164_verified_normal9,気合,4827
step116_9_魚鱗_000005,STEP116_9INEN_DEDUP_MAX_TOTAL_RESULT,step106_9inen_full_780_dedup_by_hero_set_bond_set_max_total,魚鱗,通常,9,前田利家(雄材)|片倉景綱(右腕)|武田晴信|愛姫(起源)|細川藤孝(立役)|今川義元,前田利家(雄材)|片倉景綱(右腕)|武田晴信|愛姫(起源)|細川藤孝(立役)|今川義元,謀略家|雄材大略|摂理探究|健康第一|老練闊達|質実剛健|文明開化|山紫水明|巧言令色,謀略家|雄材大略|摂理探究|健康第一|老練闊達|質実剛健|文明開化|山紫水明|巧言令色,15159,4827,167,231,0,715,313,488,504,513,469,ステータス計算済み,step116で9因縁780行を「陣形+配置英傑6人セット+発動因縁セット」で重複除外。同一組内は総合値最大の配置を代表として採用。,STEP116_SELECTED_MAX_TOTAL_FROM_STEP106_RECALCULATED_9INEN,step106で各陣形有効ラインから再計算済みの9因縁行を使用し、重複組では総合値最大の配置を残す,魚鱗||通常||9||今川義元|前田利家(雄材)|愛姫(起源)|武田晴信|片倉景綱(右腕)|細川藤孝(立役)||健康第一|山紫水明|巧言令色|摂理探究|文明開化|老練闊達|謀略家|質実剛健|雄材大略,,step116_9inen_dedup_max_total,23386,23386,step164_verified_normal9,気合,4827
step116_9_魚鱗_000018,STEP116_9INEN_DEDUP_MAX_TOTAL_RESULT,step106_9inen_full_780_dedup_by_hero_set_bond_set_max_total,魚鱗,通常,9,武田晴信|高台院|細川藤孝(立役)|今川義元|前田利家|丹羽長秀(風雲),武田晴信|高台院|細川藤孝(立役)|今川義元|前田利家|丹羽長秀(風雲),健康第一|老練闊達|質実剛健|文明開化|山紫水明|巧言令色|謀略家|雄材大略|摂理探究,健康第一|老練闊達|質実剛健|文明開化|山紫水明|巧言令色|謀略家|雄材大略|摂理探究,14976,4813,132,226,0,716,313,473,515,513,453,ステータス計算済み,step116で9因縁780行を「陣形+配置英傑6人セット+発動因縁セット」で重複除外。同一組内は総合値最大の配置を代表として採用。,STEP116_SELECTED_MAX_TOTAL_FROM_STEP106_RECALCULATED_9INEN,step106で各陣形有効ラインから再計算済みの9因縁行を使用し、重複組では総合値最大の配置を残す,魚鱗||通常||9||丹羽長秀(風雲)|今川義元|前田利家|武田晴信|細川藤孝(立役)|高台院||健康第一|山紫水明|巧言令色|摂理探究|文明開化|老練闊達|謀略家|質実剛健|雄材大略,,step116_9inen_dedup_max_total,23130,23130,step164_verified_normal9,気合,4813
step116_9_魚鱗_000017,STEP116_9INEN_DEDUP_MAX_TOTAL_RESULT,step106_9inen_full_780_dedup_by_hero_set_bond_set_max_total,魚鱗,通常,9,前田利家(雄材)|丹羽長秀(風雲)|武田晴信|高台院|細川藤孝(立役)|今川義元,前田利家(雄材)|丹羽長秀(風雲)|武田晴信|高台院|細川藤孝(立役)|今川義元,謀略家|雄材大略|摂理探究|健康第一|老練闊達|質実剛健|文明開化|山紫水明|巧言令色,謀略家|雄材大略|摂理探究|健康第一|老練闊達|質実剛健|文明開化|山紫水明|巧言令色,14976,4813,132,226,0,716,313,473,515,513,453,ステータス計算済み,step116で9因縁780行を「陣形+配置英傑6人セット+発動因縁セット」で重複除外。同一組内は総合値最大の配置を代表として採用。,STEP116_SELECTED_MAX_TOTAL_FROM_STEP106_RECALCULATED_9INEN,step106で各陣形有効ラインから再計算済みの9因縁行を使用し、重複組では総合値最大の配置を残す,魚鱗||通常||9||丹羽長秀(風雲)|今川義元|前田利家(雄材)|武田晴信|細川藤孝(立役)|高台院||健康第一|山紫水明|巧言令色|摂理探究|文明開化|老練闊達|謀略家|質実剛健|雄材大略,,step116_9inen_dedup_max_total,23130,23130,step164_verified_normal9,気合,4813
step116_9_魚鱗_000004,STEP116_9INEN_DEDUP_MAX_TOTAL_RESULT,step106_9inen_full_780_dedup_by_hero_set_bond_set_max_total,魚鱗,通常,9,武田晴信|高台院|細川藤孝(立役)|今川義元|前田利家|鍋島直茂(乱雲),武田晴信|高台院|細川藤孝(立役)|今川義元|前田利家|鍋島直茂(乱雲),健康第一|老練闊達|質実剛健|文明開化|山紫水明|巧言令色|謀略家|雄材大略|摂理探究,健康第一|老練闊達|質実剛健|文明開化|山紫水明|巧言令色|謀略家|雄材大略|摂理探究,15237,4808,149,226,0,719,313,482,504,497,466,ステータス計算済み,step116で9因縁780行を「陣形+配置英傑6人セット+発動因縁セット」で重複除外。同一組内は総合値最大の配置を代表として採用。,STEP116_SELECTED_MAX_TOTAL_FROM_STEP106_RECALCULATED_9INEN,step106で各陣形有効ラインから再計算済みの9因縁行を使用し、重複組では総合値最大の配置を残す,魚鱗||通常||9||今川義元|前田利家|武田晴信|細川藤孝(立役)|鍋島直茂(乱雲)|高台院||健康第一|山紫水明|巧言令色|摂理探究|文明開化|老練闊達|謀略家|質実剛健|雄材大略,,step116_9inen_dedup_max_total,23401,23401,step164_verified_normal9,気合,4808
step116_9_魚鱗_000003,STEP116_9INEN_DEDUP_MAX_TOTAL_RESULT,step106_9inen_full_780_dedup_by_hero_set_bond_set_max_total,魚鱗,通常,9,前田利家(雄材)|鍋島直茂(乱雲)|武田晴信|高台院|細川藤孝(立役)|今川義元,前田利家(雄材)|鍋島直茂(乱雲)|武田晴信|高台院|細川藤孝(立役)|今川義元,謀略家|雄材大略|摂理探究|健康第一|老練闊達|質実剛健|文明開化|山紫水明|巧言令色,謀略家|雄材大略|摂理探究|健康第一|老練闊達|質実剛健|文明開化|山紫水明|巧言令色,15237,4808,149,226,0,719,313,482,504,497,466,ステータス計算済み,step116で9因縁780行を「陣形+配置英傑6人セット+発動因縁セット」で重複除外。同一組内は総合値最大の配置を代表として採用。,STEP116_SELECTED_MAX_TOTAL_FROM_STEP106_RECALCULATED_9INEN,step106で各陣形有効ラインから再計算済みの9因縁行を使用し、重複組では総合値最大の配置を残す,魚鱗||通常||9||今川義元|前田利家(雄材)|武田晴信|細川藤孝(立役)|鍋島直茂(乱雲)|高台院||健康第一|山紫水明|巧言令色|摂理探究|文明開化|老練闊達|謀略家|質実剛健|雄材大略,,step116_9inen_dedup_max_total,23401,23401,step164_verified_normal9,気合,4808
step116_9_魚鱗_000008,STEP116_9INEN_DEDUP_MAX_TOTAL_RESULT,step106_9inen_full_780_dedup_by_hero_set_bond_set_max_total,魚鱗,通常,9,武田晴信|高台院|細川藤孝(立役)|今川義元|前田利家|片倉景綱(右腕),武田晴信|高台院|細川藤孝(立役)|今川義元|前田利家|片倉景綱(右腕),健康第一|老練闊達|質実剛健|文明開化|山紫水明|巧言令色|謀略家|雄材大略|摂理探究,健康第一|老練闊達|質実剛健|文明開化|山紫水明|巧言令色|謀略家|雄材大略|摂理探究,15162,4802,155,226,0,719,313,487,502,509,466,ステータス計算済み,step116で9因縁780行を「陣形+配置英傑6人セット+発動因縁セット」で重複除外。同一組内は総合値最大の配置を代表として採用。,STEP116_SELECTED_MAX_TOTAL_FROM_STEP106_RECALCULATED_9INEN,step106で各陣形有効ラインから再計算済みの9因縁行を使用し、重複組では総合値最大の配置を残す,魚鱗||通常||9||今川義元|前田利家|武田晴信|片倉景綱(右腕)|細川藤孝(立役)|高台院||健康第一|山紫水明|巧言令色|摂理探究|文明開化|老練闊達|謀略家|質実剛健|雄材大略,,step116_9inen_dedup_max_total,23341,23341,step164_verified_normal9,気合,4802
step116_9_魚鱗_000007,STEP116_9INEN_DEDUP_MAX_TOTAL_RESULT,step106_9inen_full_780_dedup_by_hero_set_bond_set_max_total,魚鱗,通常,9,前田利家(雄材)|片倉景綱(右腕)|武田晴信|高台院|細川藤孝(立役)|今川義元,前田利家(雄材)|片倉景綱(右腕)|武田晴信|高台院|細川藤孝(立役)|今川義元,謀略家|雄材大略|摂理探究|健康第一|老練闊達|質実剛健|文明開化|山紫水明|巧言令色,謀略家|雄材大略|摂理探究|健康第一|老練闊達|質実剛健|文明開化|山紫水明|巧言令色,15162,4802,155,226,0,719,313,487,502,509,466,ステータス計算済み,step116で9因縁780行を「陣形+配置英傑6人セット+発動因縁セット」で重複除外。同一組内は総合値最大の配置を代表として採用。,STEP116_SELECTED_MAX_TOTAL_FROM_STEP106_RECALCULATED_9INEN,step106で各陣形有効ラインから再計算済みの9因縁行を使用し、重複組では総合値最大の配置を残す,魚鱗||通常||9||今川義元|前田利家(雄材)|武田晴信|片倉景綱(右腕)|細川藤孝(立役)|高台院||健康第一|山紫水明|巧言令色|摂理探究|文明開化|老練闊達|謀略家|質実剛健|雄材大略,,step116_9inen_dedup_max_total,23341,23341,step164_verified_normal9,気合,4802
step116_9_魚鱗_000021,STEP116_9INEN_DEDUP_MAX_TOTAL_RESULT,step106_9inen_full_780_dedup_by_hero_set_bond_set_max_total,魚鱗,通常,9,山中鹿之介|吉川元春|井伊直虎|宮本武蔵(涼)|島左近|長野業正,山中鹿之介|吉川元春|井伊直虎|宮本武蔵(涼)|島左近|長野業正,猛将の絆|勇猛果敢|意気衝天|軍学の絆|豪傑|侍|根性の絆|もののふ|泰然自若,猛将の絆|勇猛果敢|意気衝天|軍学の絆|豪傑|侍|根性の絆|もののふ|泰然自若,16076,4022,806,411,192,149,204,210,217,243,222,ステータス計算済み,step116で9因縁780行を「陣形+配置英傑6人セット+発動因縁セット」で重複除外。同一組内は総合値最大の配置を代表として採用。,STEP116_SELECTED_MAX_TOTAL_FROM_STEP106_RECALCULATED_9INEN,step106で各陣形有効ラインから再計算済みの9因縁行を使用し、重複組では総合値最大の配置を残す,魚鱗||通常||9||井伊直虎|吉川元春|宮本武蔵(涼)|山中鹿之介|島左近|長野業正||もののふ|侍|勇猛果敢|意気衝天|根性の絆|泰然自若|猛将の絆|豪傑|軍学の絆,,step116_9inen_dedup_max_total,22752,22752,step164_verified_normal9,気合,4022
step116_9_魚鱗_000022,STEP116_9INEN_DEDUP_MAX_TOTAL_RESULT,step106_9inen_full_780_dedup_by_hero_set_bond_set_max_total,魚鱗,通常,9,山中鹿之介|長野業正|島左近|山県昌景|井伊直虎|吉川元春,山中鹿之介|長野業正|島左近|山県昌景|井伊直虎|吉川元春,侍|根性の絆|もののふ|泰然自若|軍学の絆|豪傑|猛将の絆|勇猛果敢|意気衝天,侍|根性の絆|もののふ|泰然自若|軍学の絆|豪傑|猛将の絆|勇猛果敢|意気衝天,15788,4022,781,403,192,144,197,210,217,243,222,ステータス計算済み,step116で9因縁780行を「陣形+配置英傑6人セット+発動因縁セット」で重複除外。同一組内は総合値最大の配置を代表として採用。,STEP116_SELECTED_MAX_TOTAL_FROM_STEP106_RECALCULATED_9INEN,step106で各陣形有効ラインから再計算済みの9因縁行を使用し、重複組では総合値最大の配置を残す,魚鱗||通常||9||井伊直虎|吉川元春|山中鹿之介|山県昌景|島左近|長野業正||もののふ|侍|勇猛果敢|意気衝天|根性の絆|泰然自若|猛将の絆|豪傑|軍学の絆,,step116_9inen_dedup_max_total,22419,22419,step164_verified_normal9,気合,4022
step116_9_魚鱗_000025,STEP116_9INEN_DEDUP_MAX_TOTAL_RESULT,step106_9inen_full_780_dedup_by_hero_set_bond_set_max_total,魚鱗,通常,9,山中鹿之介|吉川元春|井伊直虎|柿崎景家|島左近|長野業正,山中鹿之介|吉川元春|井伊直虎|柿崎景家|島左近|長野業正,猛将の絆|勇猛果敢|意気衝天|軍学の絆|豪傑|侍|根性の絆|もののふ|泰然自若,猛将の絆|勇猛果敢|意気衝天|軍学の絆|豪傑|侍|根性の絆|もののふ|泰然自若,15696,4022,784,402,192,144,197,210,217,243,222,ステータス計算済み,step116で9因縁780行を「陣形+配置英傑6人セット+発動因縁セット」で重複除外。同一組内は総合値最大の配置を代表として採用。,STEP116_SELECTED_MAX_TOTAL_FROM_STEP106_RECALCULATED_9INEN,step106で各陣形有効ラインから再計算済みの9因縁行を使用し、重複組では総合値最大の配置を残す,魚鱗||通常||9||井伊直虎|吉川元春|山中鹿之介|島左近|柿崎景家|長野業正||もののふ|侍|勇猛果敢|意気衝天|根性の絆|泰然自若|猛将の絆|豪傑|軍学の絆,,step116_9inen_dedup_max_total,22329,22329,step164_verified_normal9,気合,4022
step116_9_魚鱗_000033,STEP116_9INEN_DEDUP_MAX_TOTAL_RESULT,step106_9inen_full_780_dedup_by_hero_set_bond_set_max_total,魚鱗,通常,9,山中鹿之介|島左近|長野業正|明智光秀(闇)|小松姫|伊達政宗(起源),山中鹿之介|島左近|長野業正|明智光秀(闇)|小松姫|伊達政宗(起源),侍|根性の絆|もののふ|泰然自若|戦場の華|老練闊達|勇猛果敢|武芸の絆|意気衝天,侍|根性の絆|もののふ|泰然自若|戦場の華|老練闊達|勇猛果敢|武芸の絆|意気衝天,14439,3655,559,392,225,110,254,210,217,243,222,ステータス計算済み,step116で9因縁780行を「陣形+配置英傑6人セット+発動因縁セット」で重複除外。同一組内は総合値最大の配置を代表として採用。,STEP116_SELECTED_MAX_TOTAL_FROM_STEP106_RECALCULATED_9INEN,step106で各陣形有効ラインから再計算済みの9因縁行を使用し、重複組では総合値最大の配置を残す,魚鱗||通常||9||伊達政宗(起源)|小松姫|山中鹿之介|島左近|明智光秀(闇)|長野業正||もののふ|侍|勇猛果敢|意気衝天|戦場の華|根性の絆|武芸の絆|泰然自若|老練闊達,,step116_9inen_dedup_max_total,20526,20526,step164_verified_normal9,気合,3655
step116_9_魚鱗_000034,STEP116_9INEN_DEDUP_MAX_TOTAL_RESULT,step106_9inen_full_780_dedup_by_hero_set_bond_set_max_total,魚鱗,通常,9,山県昌景(泰然)|島左近|長野業正|明智光秀(闇)|小松姫|伊達政宗(起源),山県昌景(泰然)|島左近|長野業正|明智光秀(闇)|小松姫|伊達政宗(起源),侍|根性の絆|もののふ|泰然自若|戦場の華|老練闊達|勇猛果敢|武芸の絆|意気衝天,侍|根性の絆|もののふ|泰然自若|戦場の華|老練闊達|勇猛果敢|武芸の絆|意気衝天,14359,3561,556,392,221,110,248,217,224,240,227,ステータス計算済み,step116で9因縁780行を「陣形+配置英傑6人セット+発動因縁セット」で重複除外。同一組内は総合値最大の配置を代表として採用。,STEP116_SELECTED_MAX_TOTAL_FROM_STEP106_RECALCULATED_9INEN,step106で各陣形有効ラインから再計算済みの9因縁行を使用し、重複組では総合値最大の配置を残す,魚鱗||通常||9||伊達政宗(起源)|小松姫|山県昌景(泰然)|島左近|明智光秀(闇)|長野業正||もののふ|侍|勇猛果敢|意気衝天|戦場の華|根性の絆|武芸の絆|泰然自若|老練闊達,,step116_9inen_dedup_max_total,20355,20355,step164_verified_normal9,気合,3561
step116_9_魚鱗_000037,STEP116_9INEN_DEDUP_MAX_TOTAL_RESULT,step106_9inen_full_780_dedup_by_hero_set_bond_set_max_total,魚鱗,通常,9,山中鹿之介|島左近|長野業正|明智光秀(闇)|小松姫|十河一存,山中鹿之介|島左近|長野業正|明智光秀(闇)|小松姫|十河一存,侍|根性の絆|もののふ|泰然自若|戦場の華|老練闊達|勇猛果敢|武芸の絆|意気衝天,侍|根性の絆|もののふ|泰然自若|戦場の華|老練闊達|勇猛果敢|武芸の絆|意気衝天,13961,3406,548,385,207,97,254,210,217,243,222,ステータス計算済み,step116で9因縁780行を「陣形+配置英傑6人セット+発動因縁セット」で重複除外。同一組内は総合値最大の配置を代表として採用。,STEP116_SELECTED_MAX_TOTAL_FROM_STEP106_RECALCULATED_9INEN,step106で各陣形有効ラインから再計算済みの9因縁行を使用し、重複組では総合値最大の配置を残す,魚鱗||通常||9||十河一存|小松姫|山中鹿之介|島左近|明智光秀(闇)|長野業正||もののふ|侍|勇猛果敢|意気衝天|戦場の華|根性の絆|武芸の絆|泰然自若|老練闊達,,step116_9inen_dedup_max_total,19750,19750,step164_verified_normal9,気合,3406
step116_9_魚鱗_000038,STEP116_9INEN_DEDUP_MAX_TOTAL_RESULT,step106_9inen_full_780_dedup_by_hero_set_bond_set_max_total,魚鱗,通常,9,山中鹿之介|島左近|長野業正|明智光秀(闇)|小松姫|井伊直政,山中鹿之介|島左近|長野業正|明智光秀(闇)|小松姫|井伊直政,侍|根性の絆|もののふ|泰然自若|戦場の華|老練闊達|勇猛果敢|武芸の絆|意気衝天,侍|根性の絆|もののふ|泰然自若|戦場の華|老練闊達|勇猛果敢|武芸の絆|意気衝天,13961,3406,547,386,203,97,254,210,217,243,222,ステータス計算済み,step116で9因縁780行を「陣形+配置英傑6人セット+発動因縁セット」で重複除外。同一組内は総合値最大の配置を代表として採用。,STEP116_SELECTED_MAX_TOTAL_FROM_STEP106_RECALCULATED_9INEN,step106で各陣形有効ラインから再計算済みの9因縁行を使用し、重複組では総合値最大の配置を残す,魚鱗||通常||9||井伊直政|小松姫|山中鹿之介|島左近|明智光秀(闇)|長野業正||もののふ|侍|勇猛果敢|意気衝天|戦場の華|根性の絆|武芸の絆|泰然自若|老練闊達,,step116_9inen_dedup_max_total,19746,19746,step164_verified_normal9,気合,3406
step116_9_魚鱗_000039,STEP116_9INEN_DEDUP_MAX_TOTAL_RESULT,step106_9inen_full_780_dedup_by_hero_set_bond_set_max_total,魚鱗,通常,9,山県昌景(泰然)|島左近|長野業正|明智光秀(闇)|小松姫|十河一存,山県昌景(泰然)|島左近|長野業正|明智光秀(闇)|小松姫|十河一存,侍|根性の絆|もののふ|泰然自若|戦場の華|老練闊達|勇猛果敢|武芸の絆|意気衝天,侍|根性の絆|もののふ|泰然自若|戦場の華|老練闊達|勇猛果敢|武芸の絆|意気衝天,13882,3313,545,385,203,96,248,217,224,240,227,ステータス計算済み,step116で9因縁780行を「陣形+配置英傑6人セット+発動因縁セット」で重複除外。同一組内は総合値最大の配置を代表として採用。,STEP116_SELECTED_MAX_TOTAL_FROM_STEP106_RECALCULATED_9INEN,step106で各陣形有効ラインから再計算済みの9因縁行を使用し、重複組では総合値最大の配置を残す,魚鱗||通常||9||十河一存|小松姫|山県昌景(泰然)|島左近|明智光秀(闇)|長野業正||もののふ|侍|勇猛果敢|意気衝天|戦場の華|根性の絆|武芸の絆|泰然自若|老練闊達,,step116_9inen_dedup_max_total,19580,19580,step164_verified_normal9,気合,3313
step116_9_魚鱗_000040,STEP116_9INEN_DEDUP_MAX_TOTAL_RESULT,step106_9inen_full_780_dedup_by_hero_set_bond_set_max_total,魚鱗,通常,9,山県昌景(泰然)|島左近|長野業正|明智光秀(闇)|小松姫|井伊直政,山県昌景(泰然)|島左近|長野業正|明智光秀(闇)|小松姫|井伊直政,侍|根性の絆|もののふ|泰然自若|戦場の華|老練闊達|勇猛果敢|武芸の絆|意気衝天,侍|根性の絆|もののふ|泰然自若|戦場の華|老練闊達|勇猛果敢|武芸の絆|意気衝天,13882,3313,544,386,199,96,248,217,224,240,227,ステータス計算済み,step116で9因縁780行を「陣形+配置英傑6人セット+発動因縁セット」で重複除外。同一組内は総合値最大の配置を代表として採用。,STEP116_SELECTED_MAX_TOTAL_FROM_STEP106_RECALCULATED_9INEN,step106で各陣形有効ラインから再計算済みの9因縁行を使用し、重複組では総合値最大の配置を残す,魚鱗||通常||9||井伊直政|小松姫|山県昌景(泰然)|島左近|明智光秀(闇)|長野業正||もののふ|侍|勇猛果敢|意気衝天|戦場の華|根性の絆|武芸の絆|泰然自若|老練闊達,,step116_9inen_dedup_max_total,19576,19576,step164_verified_normal9,気合,3313
step116_9_魚鱗_000046,STEP116_9INEN_DEDUP_MAX_TOTAL_RESULT,step106_9inen_full_780_dedup_by_hero_set_bond_set_max_total,魚鱗,通常,9,北条氏照(剛柔)|金森長近|雑賀孫市(道化)|黒田長政|黒田官兵衛|鍋島直茂(乱雲),北条氏照(剛柔)|金森長近|雑賀孫市(道化)|黒田長政|黒田官兵衛|鍋島直茂(乱雲),文明開化|技巧伝承|知勇兼備|才腕の絆|硝煙弾雨|多芸多才|知将の絆|立役者|柔能制剛,文明開化|技巧伝承|知勇兼備|才腕の絆|硝煙弾雨|多芸多才|知将の絆|立役者|柔能制剛,11606,3272,161,123,696,703,312,506,583,521,502,ステータス計算済み,step116で9因縁780行を「陣形+配置英傑6人セット+発動因縁セット」で重複除外。同一組内は総合値最大の配置を代表として採用。,STEP116_SELECTED_MAX_TOTAL_FROM_STEP106_RECALCULATED_9INEN,step106で各陣形有効ラインから再計算済みの9因縁行を使用し、重複組では総合値最大の配置を残す,魚鱗||通常||9||北条氏照(剛柔)|金森長近|鍋島直茂(乱雲)|雑賀孫市(道化)|黒田官兵衛|黒田長政||多芸多才|才腕の絆|技巧伝承|文明開化|柔能制剛|知勇兼備|知将の絆|硝煙弾雨|立役者,,step116_9inen_dedup_max_total,18985,18985,step164_verified_normal9,気合,3272
step116_9_魚鱗_000047,STEP116_9INEN_DEDUP_MAX_TOTAL_RESULT,step106_9inen_full_780_dedup_by_hero_set_bond_set_max_total,魚鱗,通常,9,北条氏照(剛柔)|金森長近|雑賀孫市(道化)|黒田長政|黒田官兵衛|豊臣秀長,北条氏照(剛柔)|金森長近|雑賀孫市(道化)|黒田長政|黒田官兵衛|豊臣秀長,文明開化|技巧伝承|知勇兼備|才腕の絆|硝煙弾雨|多芸多才|知将の絆|立役者|柔能制剛,文明開化|技巧伝承|知勇兼備|才腕の絆|硝煙弾雨|多芸多才|知将の絆|立役者|柔能制剛,11393,3272,161,123,694,707,312,511,585,529,504,ステータス計算済み,step116で9因縁780行を「陣形+配置英傑6人セット+発動因縁セット」で重複除外。同一組内は総合値最大の配置を代表として採用。,STEP116_SELECTED_MAX_TOTAL_FROM_STEP106_RECALCULATED_9INEN,step106で各陣形有効ラインから再計算済みの9因縁行を使用し、重複組では総合値最大の配置を残す,魚鱗||通常||9||北条氏照(剛柔)|豊臣秀長|金森長近|雑賀孫市(道化)|黒田官兵衛|黒田長政||多芸多才|才腕の絆|技巧伝承|文明開化|柔能制剛|知勇兼備|知将の絆|硝煙弾雨|立役者,,step116_9inen_dedup_max_total,18791,18791,step164_verified_normal9,気合,3272
step116_9_魚鱗_000050,STEP116_9INEN_DEDUP_MAX_TOTAL_RESULT,step106_9inen_full_780_dedup_by_hero_set_bond_set_max_total,魚鱗,通常,9,北条氏照(剛柔)|金森長近|雑賀孫市(道化)|大久保忠世|黒田官兵衛|鍋島直茂(乱雲),北条氏照(剛柔)|金森長近|雑賀孫市(道化)|大久保忠世|黒田官兵衛|鍋島直茂(乱雲),文明開化|技巧伝承|知勇兼備|才腕の絆|硝煙弾雨|多芸多才|知将の絆|立役者|柔能制剛,文明開化|技巧伝承|知勇兼備|才腕の絆|硝煙弾雨|多芸多才|知将の絆|立役者|柔能制剛,11367,3232,157,118,690,691,306,477,555,488,476,ステータス計算済み,step116で9因縁780行を「陣形+配置英傑6人セット+発動因縁セット」で重複除外。同一組内は総合値最大の配置を代表として採用。,STEP116_SELECTED_MAX_TOTAL_FROM_STEP106_RECALCULATED_9INEN,step106で各陣形有効ラインから再計算済みの9因縁行を使用し、重複組では総合値最大の配置を残す,魚鱗||通常||9||北条氏照(剛柔)|大久保忠世|金森長近|鍋島直茂(乱雲)|雑賀孫市(道化)|黒田官兵衛||多芸多才|才腕の絆|技巧伝承|文明開化|柔能制剛|知勇兼備|知将の絆|硝煙弾雨|立役者,,step116_9inen_dedup_max_total,18557,18557,step164_verified_normal9,気合,3232
step116_9_魚鱗_000053,STEP116_9INEN_DEDUP_MAX_TOTAL_RESULT,step106_9inen_full_780_dedup_by_hero_set_bond_set_max_total,魚鱗,通常,9,北条氏照(剛柔)|金森長近|雑賀孫市(道化)|大久保忠世|黒田官兵衛|豊臣秀長,北条氏照(剛柔)|金森長近|雑賀孫市(道化)|大久保忠世|黒田官兵衛|豊臣秀長,文明開化|技巧伝承|知勇兼備|才腕の絆|硝煙弾雨|多芸多才|知将の絆|立役者|柔能制剛,文明開化|技巧伝承|知勇兼備|才腕の絆|硝煙弾雨|多芸多才|知将の絆|立役者|柔能制剛,11154,3232,157,118,688,695,306,482,557,496,478,ステータス計算済み,step116で9因縁780行を「陣形+配置英傑6人セット+発動因縁セット」で重複除外。同一組内は総合値最大の配置を代表として採用。,STEP116_SELECTED_MAX_TOTAL_FROM_STEP106_RECALCULATED_9INEN,step106で各陣形有効ラインから再計算済みの9因縁行を使用し、重複組では総合値最大の配置を残す,魚鱗||通常||9||北条氏照(剛柔)|大久保忠世|豊臣秀長|金森長近|雑賀孫市(道化)|黒田官兵衛||多芸多才|才腕の絆|技巧伝承|文明開化|柔能制剛|知勇兼備|知将の絆|硝煙弾雨|立役者,,step116_9inen_dedup_max_total,18363,18363,step164_verified_normal9,気合,3232
step116_9_魚鱗_000024,STEP116_9INEN_DEDUP_MAX_TOTAL_RESULT,step106_9inen_full_780_dedup_by_hero_set_bond_set_max_total,魚鱗,通常,9,伊奈忠次|ガラシャ(聖)|斎藤利三(神祇)|毛利隆元|豊臣秀吉|酒井忠次(衣鉢),伊奈忠次|ガラシャ(聖)|斎藤利三(神祇)|毛利隆元|豊臣秀吉|酒井忠次(衣鉢),召喚術の絆|摂理探究|世渡り上手の絆|才腕の絆|謀略家|柔能制剛|技巧伝承|天神地祇|雄材大略,召喚術の絆|摂理探究|世渡り上手の絆|才腕の絆|謀略家|柔能制剛|技巧伝承|天神地祇|雄材大略,15387,3129,40,56,394,604,385,596,604,633,577,ステータス計算済み,step116で9因縁780行を「陣形+配置英傑6人セット+発動因縁セット」で重複除外。同一組内は総合値最大の配置を代表として採用。,STEP116_SELECTED_MAX_TOTAL_FROM_STEP106_RECALCULATED_9INEN,step106で各陣形有効ラインから再計算済みの9因縁行を使用し、重複組では総合値最大の配置を残す,魚鱗||通常||9||ガラシャ(聖)|伊奈忠次|斎藤利三(神祇)|毛利隆元|豊臣秀吉|酒井忠次(衣鉢)||世渡り上手の絆|召喚術の絆|天神地祇|才腕の絆|技巧伝承|摂理探究|柔能制剛|謀略家|雄材大略,,step116_9inen_dedup_max_total,22405,22405,step164_verified_normal9,気合,3129
step116_9_魚鱗_000023,STEP116_9INEN_DEDUP_MAX_TOTAL_RESULT,step106_9inen_full_780_dedup_by_hero_set_bond_set_max_total,魚鱗,通常,9,伊奈忠次|ガラシャ(聖)|斎藤利三(神祇)|毛利隆元|豊臣秀吉|酒井忠次(通),伊奈忠次|ガラシャ(聖)|斎藤利三(神祇)|毛利隆元|豊臣秀吉|酒井忠次(通),召喚術の絆|摂理探究|世渡り上手の絆|才腕の絆|謀略家|柔能制剛|技巧伝承|天神地祇|雄材大略,召喚術の絆|摂理探究|世渡り上手の絆|才腕の絆|謀略家|柔能制剛|技巧伝承|天神地祇|雄材大略,15387,3129,40,56,394,604,385,596,604,633,577,ステータス計算済み,step116で9因縁780行を「陣形+配置英傑6人セット+発動因縁セット」で重複除外。同一組内は総合値最大の配置を代表として採用。,STEP116_SELECTED_MAX_TOTAL_FROM_STEP106_RECALCULATED_9INEN,step106で各陣形有効ラインから再計算済みの9因縁行を使用し、重複組では総合値最大の配置を残す,魚鱗||通常||9||ガラシャ(聖)|伊奈忠次|斎藤利三(神祇)|毛利隆元|豊臣秀吉|酒井忠次(通)||世渡り上手の絆|召喚術の絆|天神地祇|才腕の絆|技巧伝承|摂理探究|柔能制剛|謀略家|雄材大略,,step116_9inen_dedup_max_total,22405,22405,step164_verified_normal9,気合,3129
step116_9_魚鱗_000027,STEP116_9INEN_DEDUP_MAX_TOTAL_RESULT,step106_9inen_full_780_dedup_by_hero_set_bond_set_max_total,魚鱗,通常,9,伊奈忠次|サンチョ|斎藤利三(神祇)|毛利隆元|豊臣秀吉|酒井忠次(衣鉢),伊奈忠次|サンチョ|斎藤利三(神祇)|毛利隆元|豊臣秀吉|酒井忠次(衣鉢),召喚術の絆|摂理探究|世渡り上手の絆|才腕の絆|謀略家|柔能制剛|技巧伝承|天神地祇|雄材大略,召喚術の絆|摂理探究|世渡り上手の絆|才腕の絆|謀略家|柔能制剛|技巧伝承|天神地祇|雄材大略,14916,3129,30,44,394,578,385,552,555,574,526,ステータス計算済み,step116で9因縁780行を「陣形+配置英傑6人セット+発動因縁セット」で重複除外。同一組内は総合値最大の配置を代表として採用。,STEP116_SELECTED_MAX_TOTAL_FROM_STEP106_RECALCULATED_9INEN,step106で各陣形有効ラインから再計算済みの9因縁行を使用し、重複組では総合値最大の配置を残す,魚鱗||通常||9||サンチョ|伊奈忠次|斎藤利三(神祇)|毛利隆元|豊臣秀吉|酒井忠次(衣鉢)||世渡り上手の絆|召喚術の絆|天神地祇|才腕の絆|技巧伝承|摂理探究|柔能制剛|謀略家|雄材大略,,step116_9inen_dedup_max_total,21683,21683,step164_verified_normal9,気合,3129
step116_9_魚鱗_000026,STEP116_9INEN_DEDUP_MAX_TOTAL_RESULT,step106_9inen_full_780_dedup_by_hero_set_bond_set_max_total,魚鱗,通常,9,伊奈忠次|サンチョ|斎藤利三(神祇)|毛利隆元|豊臣秀吉|酒井忠次(通),伊奈忠次|サンチョ|斎藤利三(神祇)|毛利隆元|豊臣秀吉|酒井忠次(通),召喚術の絆|摂理探究|世渡り上手の絆|才腕の絆|謀略家|柔能制剛|技巧伝承|天神地祇|雄材大略,召喚術の絆|摂理探究|世渡り上手の絆|才腕の絆|謀略家|柔能制剛|技巧伝承|天神地祇|雄材大略,14916,3129,30,44,394,578,385,552,555,574,526,ステータス計算済み,step116で9因縁780行を「陣形+配置英傑6人セット+発動因縁セット」で重複除外。同一組内は総合値最大の配置を代表として採用。,STEP116_SELECTED_MAX_TOTAL_FROM_STEP106_RECALCULATED_9INEN,step106で各陣形有効ラインから再計算済みの9因縁行を使用し、重複組では総合値最大の配置を残す,魚鱗||通常||9||サンチョ|伊奈忠次|斎藤利三(神祇)|毛利隆元|豊臣秀吉|酒井忠次(通)||世渡り上手の絆|召喚術の絆|天神地祇|才腕の絆|技巧伝承|摂理探究|柔能制剛|謀略家|雄材大略,,step116_9inen_dedup_max_total,21683,21683,step164_verified_normal9,気合,3129
step116_9_魚鱗_000028,STEP116_9INEN_DEDUP_MAX_TOTAL_RESULT,step106_9inen_full_780_dedup_by_hero_set_bond_set_max_total,魚鱗,通常,9,長野業正|山中鹿之介|島左近|細川忠興(山紫)|明智光秀(闇)|小松姫,長野業正|山中鹿之介|島左近|細川忠興(山紫)|明智光秀(闇)|小松姫,侍|根性の絆|もののふ|泰然自若|鬼の絆|流行創出|戦場の華|老練闊達|勇猛果敢,侍|根性の絆|もののふ|泰然自若|鬼の絆|流行創出|戦場の華|老練闊達|勇猛果敢,14897,3081,668,489,104,137,254,421,458,473,447,ステータス計算済み,step116で9因縁780行を「陣形+配置英傑6人セット+発動因縁セット」で重複除外。同一組内は総合値最大の配置を代表として採用。,STEP116_SELECTED_MAX_TOTAL_FROM_STEP106_RECALCULATED_9INEN,step106で各陣形有効ラインから再計算済みの9因縁行を使用し、重複組では総合値最大の配置を残す,魚鱗||通常||9||小松姫|山中鹿之介|島左近|明智光秀(闇)|細川忠興(山紫)|長野業正||もののふ|侍|勇猛果敢|戦場の華|根性の絆|泰然自若|流行創出|老練闊達|鬼の絆,,step116_9inen_dedup_max_total,21429,21429,step164_verified_normal9,気合,3081
step116_9_魚鱗_000029,STEP116_9INEN_DEDUP_MAX_TOTAL_RESULT,step106_9inen_full_780_dedup_by_hero_set_bond_set_max_total,魚鱗,通常,9,長野業正|山県昌景(泰然)|島左近|細川忠興(山紫)|明智光秀(闇)|小松姫,長野業正|山県昌景(泰然)|島左近|細川忠興(山紫)|明智光秀(闇)|小松姫,侍|根性の絆|もののふ|泰然自若|鬼の絆|流行創出|戦場の華|老練闊達|勇猛果敢,侍|根性の絆|もののふ|泰然自若|鬼の絆|流行創出|戦場の華|老練闊達|勇猛果敢,14844,3061,666,489,104,137,248,428,465,470,452,ステータス計算済み,step116で9因縁780行を「陣形+配置英傑6人セット+発動因縁セット」で重複除外。同一組内は総合値最大の配置を代表として採用。,STEP116_SELECTED_MAX_TOTAL_FROM_STEP106_RECALCULATED_9INEN,step106で各陣形有効ラインから再計算済みの9因縁行を使用し、重複組では総合値最大の配置を残す,魚鱗||通常||9||小松姫|山県昌景(泰然)|島左近|明智光秀(闇)|細川忠興(山紫)|長野業正||もののふ|侍|勇猛果敢|戦場の華|根性の絆|泰然自若|流行創出|老練闊達|鬼の絆,,step116_9inen_dedup_max_total,21364,21364,step164_verified_normal9,気合,3061
step116_9_魚鱗_000031,STEP116_9INEN_DEDUP_MAX_TOTAL_RESULT,step106_9inen_full_780_dedup_by_hero_set_bond_set_max_total,魚鱗,通常,9,長野業正|山中鹿之介|島左近|豊臣秀次|明智光秀(闇)|小松姫,長野業正|山中鹿之介|島左近|豊臣秀次|明智光秀(闇)|小松姫,侍|根性の絆|もののふ|泰然自若|謀略家|流行創出|戦場の華|老練闊達|勇猛果敢,侍|根性の絆|もののふ|泰然自若|謀略家|流行創出|戦場の華|老練闊達|勇猛果敢,14515,2995,466,342,104,277,254,397,422,445,418,ステータス計算済み,step116で9因縁780行を「陣形+配置英傑6人セット+発動因縁セット」で重複除外。同一組内は総合値最大の配置を代表として採用。,STEP116_SELECTED_MAX_TOTAL_FROM_STEP106_RECALCULATED_9INEN,step106で各陣形有効ラインから再計算済みの9因縁行を使用し、重複組では総合値最大の配置を残す,魚鱗||通常||9||小松姫|山中鹿之介|島左近|明智光秀(闇)|豊臣秀次|長野業正||もののふ|侍|勇猛果敢|戦場の華|根性の絆|泰然自若|流行創出|老練闊達|謀略家,,step116_9inen_dedup_max_total,20635,20635,step164_verified_normal9,気合,2995
step116_9_魚鱗_000041,STEP116_9INEN_DEDUP_MAX_TOTAL_RESULT,step106_9inen_full_780_dedup_by_hero_set_bond_set_max_total,魚鱗,通常,9,柳生宗矩|島左近|出雲阿国(野望)|大祝鶴|魔女ルシア|谷忠澄,柳生宗矩|島左近|出雲阿国(野望)|大祝鶴|魔女ルシア|谷忠澄,豪傑|流行創出|神主・巫女|女傑の絆|洒落者の絆|文明開化|技巧伝承|竜飛鳳舞|多芸多才,豪傑|流行創出|神主・巫女|女傑の絆|洒落者の絆|文明開化|技巧伝承|竜飛鳳舞|多芸多才,12761,2985,558,48,244,379,596,487,496,474,532,ステータス計算済み,step116で9因縁780行を「陣形+配置英傑6人セット+発動因縁セット」で重複除外。同一組内は総合値最大の配置を代表として採用。,STEP116_SELECTED_MAX_TOTAL_FROM_STEP106_RECALCULATED_9INEN,step106で各陣形有効ラインから再計算済みの9因縁行を使用し、重複組では総合値最大の配置を残す,魚鱗||通常||9||出雲阿国(野望)|大祝鶴|島左近|柳生宗矩|谷忠澄|魔女ルシア||多芸多才|女傑の絆|技巧伝承|文明開化|洒落者の絆|流行創出|神主・巫女|竜飛鳳舞|豪傑,,step116_9inen_dedup_max_total,19560,19560,step164_verified_normal9,気合,2985
step116_9_魚鱗_000032,STEP116_9INEN_DEDUP_MAX_TOTAL_RESULT,step106_9inen_full_780_dedup_by_hero_set_bond_set_max_total,魚鱗,通常,9,長野業正|山県昌景(泰然)|島左近|豊臣秀次|明智光秀(闇)|小松姫,長野業正|山県昌景(泰然)|島左近|豊臣秀次|明智光秀(闇)|小松姫,侍|根性の絆|もののふ|泰然自若|謀略家|流行創出|戦場の華|老練闊達|勇猛果敢,侍|根性の絆|もののふ|泰然自若|謀略家|流行創出|戦場の華|老練闊達|勇猛果敢,14462,2975,464,342,104,277,248,404,429,442,423,ステータス計算済み,step116で9因縁780行を「陣形+配置英傑6人セット+発動因縁セット」で重複除外。同一組内は総合値最大の配置を代表として採用。,STEP116_SELECTED_MAX_TOTAL_FROM_STEP106_RECALCULATED_9INEN,step106で各陣形有効ラインから再計算済みの9因縁行を使用し、重複組では総合値最大の配置を残す,魚鱗||通常||9||小松姫|山県昌景(泰然)|島左近|明智光秀(闇)|豊臣秀次|長野業正||もののふ|侍|勇猛果敢|戦場の華|根性の絆|泰然自若|流行創出|老練闊達|謀略家,,step116_9inen_dedup_max_total,20570,20570,step164_verified_normal9,気合,2975
step116_9_魚鱗_000030,STEP116_9INEN_DEDUP_MAX_TOTAL_RESULT,step106_9inen_full_780_dedup_by_hero_set_bond_set_max_total,魚鱗,通常,9,大内義隆|北条氏邦|出雲阿国(野望)|大祝鶴|魔女ルシア|細川藤孝(立役),大内義隆|北条氏邦|出雲阿国(野望)|大祝鶴|魔女ルシア|細川藤孝(立役),流行創出|多芸多才|神主・巫女|女傑の絆|洒落者の絆|文化人の絆|文明開化|技巧伝承|山紫水明,流行創出|多芸多才|神主・巫女|女傑の絆|洒落者の絆|文化人の絆|文明開化|技巧伝承|山紫水明,13386,2828,249,44,382,403,622,773,812,744,795,ステータス計算済み,step116で9因縁780行を「陣形+配置英傑6人セット+発動因縁セット」で重複除外。同一組内は総合値最大の配置を代表として採用。,STEP116_SELECTED_MAX_TOTAL_FROM_STEP106_RECALCULATED_9INEN,step106で各陣形有効ラインから再計算済みの9因縁行を使用し、重複組では総合値最大の配置を残す,魚鱗||通常||9||出雲阿国(野望)|北条氏邦|大内義隆|大祝鶴|細川藤孝(立役)|魔女ルシア||多芸多才|女傑の絆|山紫水明|技巧伝承|文化人の絆|文明開化|洒落者の絆|流行創出|神主・巫女,,step116_9inen_dedup_max_total,21038,21038,step164_verified_normal9,気合,2828
step116_9_魚鱗_000048,STEP116_9INEN_DEDUP_MAX_TOTAL_RESULT,step106_9inen_full_780_dedup_by_hero_set_bond_set_max_total,魚鱗,通常,9,豊臣秀長|北条氏照(剛柔)|豊臣秀次|百地三太夫(野望)|斎藤道三(巳)|佐竹義重,豊臣秀長|北条氏照(剛柔)|豊臣秀次|百地三太夫(野望)|斎藤道三(巳)|佐竹義重,知将の絆|立役者|技巧伝承|柔能制剛|謀略家|生殺与奪|侍|才腕の絆|知勇兼備,知将の絆|立役者|技巧伝承|柔能制剛|謀略家|生殺与奪|侍|才腕の絆|知勇兼備,13439,1428,162,99,517,864,357,463,454,463,458,ステータス計算済み,step116で9因縁780行を「陣形+配置英傑6人セット+発動因縁セット」で重複除外。同一組内は総合値最大の配置を代表として採用。,STEP116_SELECTED_MAX_TOTAL_FROM_STEP106_RECALCULATED_9INEN,step106で各陣形有効ラインから再計算済みの9因縁行を使用し、重複組では総合値最大の配置を残す,魚鱗||通常||9||佐竹義重|北条氏照(剛柔)|斎藤道三(巳)|百地三太夫(野望)|豊臣秀次|豊臣秀長||侍|才腕の絆|技巧伝承|柔能制剛|生殺与奪|知勇兼備|知将の絆|立役者|謀略家,,step116_9inen_dedup_max_total,18704,18704,step164_verified_normal9,気合,1428
step116_9_魚鱗_000044,STEP116_9INEN_DEDUP_MAX_TOTAL_RESULT,step106_9inen_full_780_dedup_by_hero_set_bond_set_max_total,魚鱗,通常,9,納涼忍お綾|堀秀政|柳生宗矩|宮本武蔵(涼)|道場娘まり(和装)|仙桃院,納涼忍お綾|堀秀政|柳生宗矩|宮本武蔵(涼)|道場娘まり(和装)|仙桃院,才腕の絆|文明開化|技巧伝承|多芸多才|侍|剣豪の絆|豪傑|女傑の絆|能鷹隠爪,才腕の絆|文明開化|技巧伝承|多芸多才|侍|剣豪の絆|豪傑|女傑の絆|能鷹隠爪,13904,1403,749,202,665,154,589,367,371,393,423,ステータス計算済み,step116で9因縁780行を「陣形+配置英傑6人セット+発動因縁セット」で重複除外。同一組内は総合値最大の配置を代表として採用。,STEP116_SELECTED_MAX_TOTAL_FROM_STEP106_RECALCULATED_9INEN,step106で各陣形有効ラインから再計算済みの9因縁行を使用し、重複組では総合値最大の配置を残す,魚鱗||通常||9||仙桃院|堀秀政|宮本武蔵(涼)|柳生宗矩|納涼忍お綾|道場娘まり(和装)||侍|剣豪の絆|多芸多才|女傑の絆|才腕の絆|技巧伝承|文明開化|能鷹隠爪|豪傑,,step116_9inen_dedup_max_total,19220,19220,step164_verified_normal9,気合,1403
step116_9_魚鱗_000045,STEP116_9INEN_DEDUP_MAX_TOTAL_RESULT,step106_9inen_full_780_dedup_by_hero_set_bond_set_max_total,魚鱗,通常,9,納涼忍お綾|堀秀政|柳生宗矩|宮本武蔵(涼)|道場娘まり(和装)|井伊直虎,納涼忍お綾|堀秀政|柳生宗矩|宮本武蔵(涼)|道場娘まり(和装)|井伊直虎,才腕の絆|文明開化|技巧伝承|多芸多才|侍|剣豪の絆|豪傑|女傑の絆|戦場の華,才腕の絆|文明開化|技巧伝承|多芸多才|侍|剣豪の絆|豪傑|女傑の絆|戦場の華,13928,1403,772,86,665,154,590,367,371,393,423,ステータス計算済み,step116で9因縁780行を「陣形+配置英傑6人セット+発動因縁セット」で重複除外。同一組内は総合値最大の配置を代表として採用。,STEP116_SELECTED_MAX_TOTAL_FROM_STEP106_RECALCULATED_9INEN,step106で各陣形有効ラインから再計算済みの9因縁行を使用し、重複組では総合値最大の配置を残す,魚鱗||通常||9||井伊直虎|堀秀政|宮本武蔵(涼)|柳生宗矩|納涼忍お綾|道場娘まり(和装)||侍|剣豪の絆|多芸多才|女傑の絆|戦場の華|才腕の絆|技巧伝承|文明開化|豪傑,,step116_9inen_dedup_max_total,19152,19152,step164_verified_normal9,気合,1403
step116_9_魚鱗_000049,STEP116_9INEN_DEDUP_MAX_TOTAL_RESULT,step106_9inen_full_780_dedup_by_hero_set_bond_set_max_total,魚鱗,通常,9,納涼忍お綾|堀秀政|柳生宗矩|宮本武蔵(涼)|道場娘まり(和装)|武田信玄(野望),納涼忍お綾|堀秀政|柳生宗矩|宮本武蔵(涼)|道場娘まり(和装)|武田信玄(野望),才腕の絆|文明開化|技巧伝承|多芸多才|侍|剣豪の絆|豪傑|戦場の華|能鷹隠爪,才腕の絆|文明開化|技巧伝承|多芸多才|侍|剣豪の絆|豪傑|戦場の華|能鷹隠爪,13504,1403,565,195,665,154,553,367,371,393,423,ステータス計算済み,step116で9因縁780行を「陣形+配置英傑6人セット+発動因縁セット」で重複除外。同一組内は総合値最大の配置を代表として採用。,STEP116_SELECTED_MAX_TOTAL_FROM_STEP106_RECALCULATED_9INEN,step106で各陣形有効ラインから再計算済みの9因縁行を使用し、重複組では総合値最大の配置を残す,魚鱗||通常||9||堀秀政|宮本武蔵(涼)|柳生宗矩|武田信玄(野望)|納涼忍お綾|道場娘まり(和装)||侍|剣豪の絆|多芸多才|戦場の華|才腕の絆|技巧伝承|文明開化|能鷹隠爪|豪傑,,step116_9inen_dedup_max_total,18593,18593,step164_verified_normal9,気合,1403
step116_9_魚鱗_000055,STEP116_9INEN_DEDUP_MAX_TOTAL_RESULT,step106_9inen_full_780_dedup_by_hero_set_bond_set_max_total,魚鱗,通常,9,柳生宗矩|宮本武蔵(涼)|道場娘まり(和装)|井伊直虎|魔女ルシア|谷忠澄,柳生宗矩|宮本武蔵(涼)|道場娘まり(和装)|井伊直虎|魔女ルシア|谷忠澄,侍|剣豪の絆|豪傑|女傑の絆|戦場の華|文明開化|技巧伝承|竜飛鳳舞|多芸多才,侍|剣豪の絆|豪傑|女傑の絆|戦場の華|文明開化|技巧伝承|竜飛鳳舞|多芸多才,13298,1346,869,79,374,263,593,156,153,147,177,ステータス計算済み,step116で9因縁780行を「陣形+配置英傑6人セット+発動因縁セット」で重複除外。同一組内は総合値最大の配置を代表として採用。,STEP116_SELECTED_MAX_TOTAL_FROM_STEP106_RECALCULATED_9INEN,step106で各陣形有効ラインから再計算済みの9因縁行を使用し、重複組では総合値最大の配置を残す,魚鱗||通常||9||井伊直虎|宮本武蔵(涼)|柳生宗矩|谷忠澄|道場娘まり(和装)|魔女ルシア||侍|剣豪の絆|多芸多才|女傑の絆|戦場の華|技巧伝承|文明開化|竜飛鳳舞|豪傑,,step116_9inen_dedup_max_total,17455,17455,step164_verified_normal9,気合,1346
step116_9_魚鱗_000051,STEP116_9INEN_DEDUP_MAX_TOTAL_RESULT,step106_9inen_full_780_dedup_by_hero_set_bond_set_max_total,魚鱗,通常,9,納涼忍お綾|堀秀政|柳生宗矩|明智光秀(闇)|井伊直虎|仙桃院,納涼忍お綾|堀秀政|柳生宗矩|明智光秀(闇)|井伊直虎|仙桃院,才腕の絆|文明開化|技巧伝承|多芸多才|豪傑|勇猛果敢|女傑の絆|戦場の華|能鷹隠爪,才腕の絆|文明開化|技巧伝承|多芸多才|豪傑|勇猛果敢|女傑の絆|戦場の華|能鷹隠爪,13564,975,657,174,634,154,729,367,371,393,423,ステータス計算済み,step116で9因縁780行を「陣形+配置英傑6人セット+発動因縁セット」で重複除外。同一組内は総合値最大の配置を代表として採用。,STEP116_SELECTED_MAX_TOTAL_FROM_STEP106_RECALCULATED_9INEN,step106で各陣形有効ラインから再計算済みの9因縁行を使用し、重複組では総合値最大の配置を残す,魚鱗||通常||9||井伊直虎|仙桃院|堀秀政|明智光秀(闇)|柳生宗矩|納涼忍お綾||勇猛果敢|多芸多才|女傑の絆|戦場の華|才腕の絆|技巧伝承|文明開化|能鷹隠爪|豪傑,,step116_9inen_dedup_max_total,18441,18441,step164_verified_normal9,気合,975
step116_9_魚鱗_000052,STEP116_9INEN_DEDUP_MAX_TOTAL_RESULT,step106_9inen_full_780_dedup_by_hero_set_bond_set_max_total,魚鱗,通常,9,納涼忍お綾|堀秀政|柳生宗矩|上杉謙信(野望)|井伊直虎|仙桃院,納涼忍お綾|堀秀政|柳生宗矩|上杉謙信(野望)|井伊直虎|仙桃院,才腕の絆|文明開化|技巧伝承|多芸多才|豪傑|勇猛果敢|女傑の絆|戦場の華|能鷹隠爪,才腕の絆|文明開化|技巧伝承|多芸多才|豪傑|勇猛果敢|女傑の絆|戦場の華|能鷹隠爪,13524,975,635,174,636,154,729,367,371,393,423,ステータス計算済み,step116で9因縁780行を「陣形+配置英傑6人セット+発動因縁セット」で重複除外。同一組内は総合値最大の配置を代表として採用。,STEP116_SELECTED_MAX_TOTAL_FROM_STEP106_RECALCULATED_9INEN,step106で各陣形有効ラインから再計算済みの9因縁行を使用し、重複組では総合値最大の配置を残す,魚鱗||通常||9||上杉謙信(野望)|井伊直虎|仙桃院|堀秀政|柳生宗矩|納涼忍お綾||勇猛果敢|多芸多才|女傑の絆|戦場の華|才腕の絆|技巧伝承|文明開化|能鷹隠爪|豪傑,,step116_9inen_dedup_max_total,18381,18381,step164_verified_normal9,気合,975
step116_9_魚鱗_000054,STEP116_9INEN_DEDUP_MAX_TOTAL_RESULT,step106_9inen_full_780_dedup_by_hero_set_bond_set_max_total,魚鱗,通常,9,納涼忍お綾|堀秀政|柳生宗矩|原虎胤|井伊直虎|仙桃院,納涼忍お綾|堀秀政|柳生宗矩|原虎胤|井伊直虎|仙桃院,才腕の絆|文明開化|技巧伝承|多芸多才|豪傑|勇猛果敢|女傑の絆|戦場の華|能鷹隠爪,才腕の絆|文明開化|技巧伝承|多芸多才|豪傑|勇猛果敢|女傑の絆|戦場の華|能鷹隠爪,13052,975,580,174,612,154,729,367,371,393,423,ステータス計算済み,step116で9因縁780行を「陣形+配置英傑6人セット+発動因縁セット」で重複除外。同一組内は総合値最大の配置を代表として採用。,STEP116_SELECTED_MAX_TOTAL_FROM_STEP106_RECALCULATED_9INEN,step106で各陣形有効ラインから再計算済みの9因縁行を使用し、重複組では総合値最大の配置を残す,魚鱗||通常||9||井伊直虎|仙桃院|原虎胤|堀秀政|柳生宗矩|納涼忍お綾||勇猛果敢|多芸多才|女傑の絆|戦場の華|才腕の絆|技巧伝承|文明開化|能鷹隠爪|豪傑,,step116_9inen_dedup_max_total,17830,17830,step164_verified_normal9,気合,975
step116_9_魚鱗_000036,STEP116_9INEN_DEDUP_MAX_TOTAL_RESULT,step106_9inen_full_780_dedup_by_hero_set_bond_set_max_total,魚鱗,通常,9,豊臣秀長|北条氏照(剛柔)|豊臣秀次|細川藤孝(立役)|前田利家|武田晴信,豊臣秀長|北条氏照(剛柔)|豊臣秀次|細川藤孝(立役)|前田利家|武田晴信,知将の絆|立役者|技巧伝承|柔能制剛|文明開化|山紫水明|謀略家|雄材大略|摂理探究,知将の絆|立役者|技巧伝承|柔能制剛|文明開化|山紫水明|謀略家|雄材大略|摂理探究,14832,899,83,0,293,1068,158,641,619,659,618,ステータス計算済み,step116で9因縁780行を「陣形+配置英傑6人セット+発動因縁セット」で重複除外。同一組内は総合値最大の配置を代表として採用。,STEP116_SELECTED_MAX_TOTAL_FROM_STEP106_RECALCULATED_9INEN,step106で各陣形有効ラインから再計算済みの9因縁行を使用し、重複組では総合値最大の配置を残す,魚鱗||通常||9||前田利家|北条氏照(剛柔)|武田晴信|細川藤孝(立役)|豊臣秀次|豊臣秀長||山紫水明|技巧伝承|摂理探究|文明開化|柔能制剛|知将の絆|立役者|謀略家|雄材大略,,step116_9inen_dedup_max_total,19870,19870,step164_verified_normal9,気合,899
step116_9_魚鱗_000035,STEP116_9INEN_DEDUP_MAX_TOTAL_RESULT,step106_9inen_full_780_dedup_by_hero_set_bond_set_max_total,魚鱗,通常,9,豊臣秀長|武田晴信|前田利家(雄材)|細川藤孝(立役)|豊臣秀次|北条氏照(剛柔),豊臣秀長|武田晴信|前田利家(雄材)|細川藤孝(立役)|豊臣秀次|北条氏照(剛柔),謀略家|雄材大略|摂理探究|文明開化|山紫水明|知将の絆|立役者|技巧伝承|柔能制剛,謀略家|雄材大略|摂理探究|文明開化|山紫水明|知将の絆|立役者|技巧伝承|柔能制剛,14832,899,83,0,293,1068,158,641,619,659,618,ステータス計算済み,step116で9因縁780行を「陣形+配置英傑6人セット+発動因縁セット」で重複除外。同一組内は総合値最大の配置を代表として採用。,STEP116_SELECTED_MAX_TOTAL_FROM_STEP106_RECALCULATED_9INEN,step106で各陣形有効ラインから再計算済みの9因縁行を使用し、重複組では総合値最大の配置を残す,魚鱗||通常||9||前田利家(雄材)|北条氏照(剛柔)|武田晴信|細川藤孝(立役)|豊臣秀次|豊臣秀長||山紫水明|技巧伝承|摂理探究|文明開化|柔能制剛|知将の絆|立役者|謀略家|雄材大略,,step116_9inen_dedup_max_total,19870,19870,step164_verified_normal9,気合,899
step116_9_魚鱗_000043,STEP116_9INEN_DEDUP_MAX_TOTAL_RESULT,step106_9inen_full_780_dedup_by_hero_set_bond_set_max_total,魚鱗,通常,9,豊臣秀長|北条氏照(剛柔)|豊臣秀次|細川藤孝(立役)|前田利家|上杉憲政,豊臣秀長|北条氏照(剛柔)|豊臣秀次|細川藤孝(立役)|前田利家|上杉憲政,知将の絆|立役者|技巧伝承|柔能制剛|文明開化|山紫水明|謀略家|雄材大略|摂理探究,知将の絆|立役者|技巧伝承|柔能制剛|文明開化|山紫水明|謀略家|雄材大略|摂理探究,14490,861,86,0,293,998,158,609,593,632,592,ステータス計算済み,step116で9因縁780行を「陣形+配置英傑6人セット+発動因縁セット」で重複除外。同一組内は総合値最大の配置を代表として採用。,STEP116_SELECTED_MAX_TOTAL_FROM_STEP106_RECALCULATED_9INEN,step106で各陣形有効ラインから再計算済みの9因縁行を使用し、重複組では総合値最大の配置を残す,魚鱗||通常||9||上杉憲政|前田利家|北条氏照(剛柔)|細川藤孝(立役)|豊臣秀次|豊臣秀長||山紫水明|技巧伝承|摂理探究|文明開化|柔能制剛|知将の絆|立役者|謀略家|雄材大略,,step116_9inen_dedup_max_total,19312,19312,step164_verified_normal9,気合,861
step116_9_魚鱗_000042,STEP116_9INEN_DEDUP_MAX_TOTAL_RESULT,step106_9inen_full_780_dedup_by_hero_set_bond_set_max_total,魚鱗,通常,9,豊臣秀長|上杉憲政|前田利家(雄材)|細川藤孝(立役)|豊臣秀次|北条氏照(剛柔),豊臣秀長|上杉憲政|前田利家(雄材)|細川藤孝(立役)|豊臣秀次|北条氏照(剛柔),謀略家|雄材大略|摂理探究|文明開化|山紫水明|知将の絆|立役者|技巧伝承|柔能制剛,謀略家|雄材大略|摂理探究|文明開化|山紫水明|知将の絆|立役者|技巧伝承|柔能制剛,14490,861,86,0,293,998,158,609,593,632,592,ステータス計算済み,step116で9因縁780行を「陣形+配置英傑6人セット+発動因縁セット」で重複除外。同一組内は総合値最大の配置を代表として採用。,STEP116_SELECTED_MAX_TOTAL_FROM_STEP106_RECALCULATED_9INEN,step106で各陣形有効ラインから再計算済みの9因縁行を使用し、重複組では総合値最大の配置を残す,魚鱗||通常||9||上杉憲政|前田利家(雄材)|北条氏照(剛柔)|細川藤孝(立役)|豊臣秀次|豊臣秀長||山紫水明|技巧伝承|摂理探究|文明開化|柔能制剛|知将の絆|立役者|謀略家|雄材大略,,step116_9inen_dedup_max_total,19312,19312,step164_verified_normal9,気合,861
step116_9_魚鱗_000055,STEP116_9INEN_DEDUP_MAX_TOTAL_RESULT,step106_9inen_full_780_dedup_by_hero_set_bond_set_max_total,魚鱗,通常,9,柳生宗矩|宮本武蔵(涼)|道場娘まり(和装)|井伊直虎|魔女ルシア|谷忠澄,柳生宗矩|宮本武蔵(涼)|道場娘まり(和装)|井伊直虎|魔女ルシア|谷忠澄,侍|剣豪の絆|豪傑|女傑の絆|戦場の華|文明開化|技巧伝承|竜飛鳳舞|多芸多才,侍|剣豪の絆|豪傑|女傑の絆|戦場の華|文明開化|技巧伝承|竜飛鳳舞|多芸多才,13298,1346,869,79,374,263,593,156,153,147,177,ステータス計算済み,step116で9因縁780行を「陣形+配置英傑6人セット+発動因縁セット」で重複除外。同一組内は総合値最大の配置を代表として採用。,STEP116_SELECTED_MAX_TOTAL_FROM_STEP106_RECALCULATED_9INEN,step106で各陣形有効ラインから再計算済みの9因縁行を使用し、重複組では総合値最大の配置を残す,魚鱗||通常||9||井伊直虎|宮本武蔵(涼)|柳生宗矩|谷忠澄|道場娘まり(和装)|魔女ルシア||侍|剣豪の絆|多芸多才|女傑の絆|戦場の華|技巧伝承|文明開化|竜飛鳳舞|豪傑,,step116_9inen_dedup_max_total,17455,17455,step164_verified_normal9,腕力,869
step116_9_魚鱗_000021,STEP116_9INEN_DEDUP_MAX_TOTAL_RESULT,step106_9inen_full_780_dedup_by_hero_set_bond_set_max_total,魚鱗,通常,9,山中鹿之介|吉川元春|井伊直虎|宮本武蔵(涼)|島左近|長野業正,山中鹿之介|吉川元春|井伊直虎|宮本武蔵(涼)|島左近|長野業正,猛将の絆|勇猛果敢|意気衝天|軍学の絆|豪傑|侍|根性の絆|もののふ|泰然自若,猛将の絆|勇猛果敢|意気衝天|軍学の絆|豪傑|侍|根性の絆|もののふ|泰然自若,16076,4022,806,411,192,149,204,210,217,243,222,ステータス計算済み,step116で9因縁780行を「陣形+配置英傑6人セット+発動因縁セット」で重複除外。同一組内は総合値最大の配置を代表として採用。,STEP116_SELECTED_MAX_TOTAL_FROM_STEP106_RECALCULATED_9INEN,step106で各陣形有効ラインから再計算済みの9因縁行を使用し、重複組では総合値最大の配置を残す,魚鱗||通常||9||井伊直虎|吉川元春|宮本武蔵(涼)|山中鹿之介|島左近|長野業正||もののふ|侍|勇猛果敢|意気衝天|根性の絆|泰然自若|猛将の絆|豪傑|軍学の絆,,step116_9inen_dedup_max_total,22752,22752,step164_verified_normal9,腕力,806
step116_9_魚鱗_000025,STEP116_9INEN_DEDUP_MAX_TOTAL_RESULT,step106_9inen_full_780_dedup_by_hero_set_bond_set_max_total,魚鱗,通常,9,山中鹿之介|吉川元春|井伊直虎|柿崎景家|島左近|長野業正,山中鹿之介|吉川元春|井伊直虎|柿崎景家|島左近|長野業正,猛将の絆|勇猛果敢|意気衝天|軍学の絆|豪傑|侍|根性の絆|もののふ|泰然自若,猛将の絆|勇猛果敢|意気衝天|軍学の絆|豪傑|侍|根性の絆|もののふ|泰然自若,15696,4022,784,402,192,144,197,210,217,243,222,ステータス計算済み,step116で9因縁780行を「陣形+配置英傑6人セット+発動因縁セット」で重複除外。同一組内は総合値最大の配置を代表として採用。,STEP116_SELECTED_MAX_TOTAL_FROM_STEP106_RECALCULATED_9INEN,step106で各陣形有効ラインから再計算済みの9因縁行を使用し、重複組では総合値最大の配置を残す,魚鱗||通常||9||井伊直虎|吉川元春|山中鹿之介|島左近|柿崎景家|長野業正||もののふ|侍|勇猛果敢|意気衝天|根性の絆|泰然自若|猛将の絆|豪傑|軍学の絆,,step116_9inen_dedup_max_total,22329,22329,step164_verified_normal9,腕力,784
step116_9_魚鱗_000022,STEP116_9INEN_DEDUP_MAX_TOTAL_RESULT,step106_9inen_full_780_dedup_by_hero_set_bond_set_max_total,魚鱗,通常,9,山中鹿之介|長野業正|島左近|山県昌景|井伊直虎|吉川元春,山中鹿之介|長野業正|島左近|山県昌景|井伊直虎|吉川元春,侍|根性の絆|もののふ|泰然自若|軍学の絆|豪傑|猛将の絆|勇猛果敢|意気衝天,侍|根性の絆|もののふ|泰然自若|軍学の絆|豪傑|猛将の絆|勇猛果敢|意気衝天,15788,4022,781,403,192,144,197,210,217,243,222,ステータス計算済み,step116で9因縁780行を「陣形+配置英傑6人セット+発動因縁セット」で重複除外。同一組内は総合値最大の配置を代表として採用。,STEP116_SELECTED_MAX_TOTAL_FROM_STEP106_RECALCULATED_9INEN,step106で各陣形有効ラインから再計算済みの9因縁行を使用し、重複組では総合値最大の配置を残す,魚鱗||通常||9||井伊直虎|吉川元春|山中鹿之介|山県昌景|島左近|長野業正||もののふ|侍|勇猛果敢|意気衝天|根性の絆|泰然自若|猛将の絆|豪傑|軍学の絆,,step116_9inen_dedup_max_total,22419,22419,step164_verified_normal9,腕力,781
step116_9_魚鱗_000045,STEP116_9INEN_DEDUP_MAX_TOTAL_RESULT,step106_9inen_full_780_dedup_by_hero_set_bond_set_max_total,魚鱗,通常,9,納涼忍お綾|堀秀政|柳生宗矩|宮本武蔵(涼)|道場娘まり(和装)|井伊直虎,納涼忍お綾|堀秀政|柳生宗矩|宮本武蔵(涼)|道場娘まり(和装)|井伊直虎,才腕の絆|文明開化|技巧伝承|多芸多才|侍|剣豪の絆|豪傑|女傑の絆|戦場の華,才腕の絆|文明開化|技巧伝承|多芸多才|侍|剣豪の絆|豪傑|女傑の絆|戦場の華,13928,1403,772,86,665,154,590,367,371,393,423,ステータス計算済み,step116で9因縁780行を「陣形+配置英傑6人セット+発動因縁セット」で重複除外。同一組内は総合値最大の配置を代表として採用。,STEP116_SELECTED_MAX_TOTAL_FROM_STEP106_RECALCULATED_9INEN,step106で各陣形有効ラインから再計算済みの9因縁行を使用し、重複組では総合値最大の配置を残す,魚鱗||通常||9||井伊直虎|堀秀政|宮本武蔵(涼)|柳生宗矩|納涼忍お綾|道場娘まり(和装)||侍|剣豪の絆|多芸多才|女傑の絆|戦場の華|才腕の絆|技巧伝承|文明開化|豪傑,,step116_9inen_dedup_max_total,19152,19152,step164_verified_normal9,腕力,772
step116_9_魚鱗_000044,STEP116_9INEN_DEDUP_MAX_TOTAL_RESULT,step106_9inen_full_780_dedup_by_hero_set_bond_set_max_total,魚鱗,通常,9,納涼忍お綾|堀秀政|柳生宗矩|宮本武蔵(涼)|道場娘まり(和装)|仙桃院,納涼忍お綾|堀秀政|柳生宗矩|宮本武蔵(涼)|道場娘まり(和装)|仙桃院,才腕の絆|文明開化|技巧伝承|多芸多才|侍|剣豪の絆|豪傑|女傑の絆|能鷹隠爪,才腕の絆|文明開化|技巧伝承|多芸多才|侍|剣豪の絆|豪傑|女傑の絆|能鷹隠爪,13904,1403,749,202,665,154,589,367,371,393,423,ステータス計算済み,step116で9因縁780行を「陣形+配置英傑6人セット+発動因縁セット」で重複除外。同一組内は総合値最大の配置を代表として採用。,STEP116_SELECTED_MAX_TOTAL_FROM_STEP106_RECALCULATED_9INEN,step106で各陣形有効ラインから再計算済みの9因縁行を使用し、重複組では総合値最大の配置を残す,魚鱗||通常||9||仙桃院|堀秀政|宮本武蔵(涼)|柳生宗矩|納涼忍お綾|道場娘まり(和装)||侍|剣豪の絆|多芸多才|女傑の絆|才腕の絆|技巧伝承|文明開化|能鷹隠爪|豪傑,,step116_9inen_dedup_max_total,19220,19220,step164_verified_normal9,腕力,749
step116_9_魚鱗_000028,STEP116_9INEN_DEDUP_MAX_TOTAL_RESULT,step106_9inen_full_780_dedup_by_hero_set_bond_set_max_total,魚鱗,通常,9,長野業正|山中鹿之介|島左近|細川忠興(山紫)|明智光秀(闇)|小松姫,長野業正|山中鹿之介|島左近|細川忠興(山紫)|明智光秀(闇)|小松姫,侍|根性の絆|もののふ|泰然自若|鬼の絆|流行創出|戦場の華|老練闊達|勇猛果敢,侍|根性の絆|もののふ|泰然自若|鬼の絆|流行創出|戦場の華|老練闊達|勇猛果敢,14897,3081,668,489,104,137,254,421,458,473,447,ステータス計算済み,step116で9因縁780行を「陣形+配置英傑6人セット+発動因縁セット」で重複除外。同一組内は総合値最大の配置を代表として採用。,STEP116_SELECTED_MAX_TOTAL_FROM_STEP106_RECALCULATED_9INEN,step106で各陣形有効ラインから再計算済みの9因縁行を使用し、重複組では総合値最大の配置を残す,魚鱗||通常||9||小松姫|山中鹿之介|島左近|明智光秀(闇)|細川忠興(山紫)|長野業正||もののふ|侍|勇猛果敢|戦場の華|根性の絆|泰然自若|流行創出|老練闊達|鬼の絆,,step116_9inen_dedup_max_total,21429,21429,step164_verified_normal9,腕力,668
step116_9_魚鱗_000029,STEP116_9INEN_DEDUP_MAX_TOTAL_RESULT,step106_9inen_full_780_dedup_by_hero_set_bond_set_max_total,魚鱗,通常,9,長野業正|山県昌景(泰然)|島左近|細川忠興(山紫)|明智光秀(闇)|小松姫,長野業正|山県昌景(泰然)|島左近|細川忠興(山紫)|明智光秀(闇)|小松姫,侍|根性の絆|もののふ|泰然自若|鬼の絆|流行創出|戦場の華|老練闊達|勇猛果敢,侍|根性の絆|もののふ|泰然自若|鬼の絆|流行創出|戦場の華|老練闊達|勇猛果敢,14844,3061,666,489,104,137,248,428,465,470,452,ステータス計算済み,step116で9因縁780行を「陣形+配置英傑6人セット+発動因縁セット」で重複除外。同一組内は総合値最大の配置を代表として採用。,STEP116_SELECTED_MAX_TOTAL_FROM_STEP106_RECALCULATED_9INEN,step106で各陣形有効ラインから再計算済みの9因縁行を使用し、重複組では総合値最大の配置を残す,魚鱗||通常||9||小松姫|山県昌景(泰然)|島左近|明智光秀(闇)|細川忠興(山紫)|長野業正||もののふ|侍|勇猛果敢|戦場の華|根性の絆|泰然自若|流行創出|老練闊達|鬼の絆,,step116_9inen_dedup_max_total,21364,21364,step164_verified_normal9,腕力,666
step116_9_魚鱗_000051,STEP116_9INEN_DEDUP_MAX_TOTAL_RESULT,step106_9inen_full_780_dedup_by_hero_set_bond_set_max_total,魚鱗,通常,9,納涼忍お綾|堀秀政|柳生宗矩|明智光秀(闇)|井伊直虎|仙桃院,納涼忍お綾|堀秀政|柳生宗矩|明智光秀(闇)|井伊直虎|仙桃院,才腕の絆|文明開化|技巧伝承|多芸多才|豪傑|勇猛果敢|女傑の絆|戦場の華|能鷹隠爪,才腕の絆|文明開化|技巧伝承|多芸多才|豪傑|勇猛果敢|女傑の絆|戦場の華|能鷹隠爪,13564,975,657,174,634,154,729,367,371,393,423,ステータス計算済み,step116で9因縁780行を「陣形+配置英傑6人セット+発動因縁セット」で重複除外。同一組内は総合値最大の配置を代表として採用。,STEP116_SELECTED_MAX_TOTAL_FROM_STEP106_RECALCULATED_9INEN,step106で各陣形有効ラインから再計算済みの9因縁行を使用し、重複組では総合値最大の配置を残す,魚鱗||通常||9||井伊直虎|仙桃院|堀秀政|明智光秀(闇)|柳生宗矩|納涼忍お綾||勇猛果敢|多芸多才|女傑の絆|戦場の華|才腕の絆|技巧伝承|文明開化|能鷹隠爪|豪傑,,step116_9inen_dedup_max_total,18441,18441,step164_verified_normal9,腕力,657
step116_9_魚鱗_000052,STEP116_9INEN_DEDUP_MAX_TOTAL_RESULT,step106_9inen_full_780_dedup_by_hero_set_bond_set_max_total,魚鱗,通常,9,納涼忍お綾|堀秀政|柳生宗矩|上杉謙信(野望)|井伊直虎|仙桃院,納涼忍お綾|堀秀政|柳生宗矩|上杉謙信(野望)|井伊直虎|仙桃院,才腕の絆|文明開化|技巧伝承|多芸多才|豪傑|勇猛果敢|女傑の絆|戦場の華|能鷹隠爪,才腕の絆|文明開化|技巧伝承|多芸多才|豪傑|勇猛果敢|女傑の絆|戦場の華|能鷹隠爪,13524,975,635,174,636,154,729,367,371,393,423,ステータス計算済み,step116で9因縁780行を「陣形+配置英傑6人セット+発動因縁セット」で重複除外。同一組内は総合値最大の配置を代表として採用。,STEP116_SELECTED_MAX_TOTAL_FROM_STEP106_RECALCULATED_9INEN,step106で各陣形有効ラインから再計算済みの9因縁行を使用し、重複組では総合値最大の配置を残す,魚鱗||通常||9||上杉謙信(野望)|井伊直虎|仙桃院|堀秀政|柳生宗矩|納涼忍お綾||勇猛果敢|多芸多才|女傑の絆|戦場の華|才腕の絆|技巧伝承|文明開化|能鷹隠爪|豪傑,,step116_9inen_dedup_max_total,18381,18381,step164_verified_normal9,腕力,635
step116_9_魚鱗_000054,STEP116_9INEN_DEDUP_MAX_TOTAL_RESULT,step106_9inen_full_780_dedup_by_hero_set_bond_set_max_total,魚鱗,通常,9,納涼忍お綾|堀秀政|柳生宗矩|原虎胤|井伊直虎|仙桃院,納涼忍お綾|堀秀政|柳生宗矩|原虎胤|井伊直虎|仙桃院,才腕の絆|文明開化|技巧伝承|多芸多才|豪傑|勇猛果敢|女傑の絆|戦場の華|能鷹隠爪,才腕の絆|文明開化|技巧伝承|多芸多才|豪傑|勇猛果敢|女傑の絆|戦場の華|能鷹隠爪,13052,975,580,174,612,154,729,367,371,393,423,ステータス計算済み,step116で9因縁780行を「陣形+配置英傑6人セット+発動因縁セット」で重複除外。同一組内は総合値最大の配置を代表として採用。,STEP116_SELECTED_MAX_TOTAL_FROM_STEP106_RECALCULATED_9INEN,step106で各陣形有効ラインから再計算済みの9因縁行を使用し、重複組では総合値最大の配置を残す,魚鱗||通常||9||井伊直虎|仙桃院|原虎胤|堀秀政|柳生宗矩|納涼忍お綾||勇猛果敢|多芸多才|女傑の絆|戦場の華|才腕の絆|技巧伝承|文明開化|能鷹隠爪|豪傑,,step116_9inen_dedup_max_total,17830,17830,step164_verified_normal9,腕力,580
step116_9_魚鱗_000049,STEP116_9INEN_DEDUP_MAX_TOTAL_RESULT,step106_9inen_full_780_dedup_by_hero_set_bond_set_max_total,魚鱗,通常,9,納涼忍お綾|堀秀政|柳生宗矩|宮本武蔵(涼)|道場娘まり(和装)|武田信玄(野望),納涼忍お綾|堀秀政|柳生宗矩|宮本武蔵(涼)|道場娘まり(和装)|武田信玄(野望),才腕の絆|文明開化|技巧伝承|多芸多才|侍|剣豪の絆|豪傑|戦場の華|能鷹隠爪,才腕の絆|文明開化|技巧伝承|多芸多才|侍|剣豪の絆|豪傑|戦場の華|能鷹隠爪,13504,1403,565,195,665,154,553,367,371,393,423,ステータス計算済み,step116で9因縁780行を「陣形+配置英傑6人セット+発動因縁セット」で重複除外。同一組内は総合値最大の配置を代表として採用。,STEP116_SELECTED_MAX_TOTAL_FROM_STEP106_RECALCULATED_9INEN,step106で各陣形有効ラインから再計算済みの9因縁行を使用し、重複組では総合値最大の配置を残す,魚鱗||通常||9||堀秀政|宮本武蔵(涼)|柳生宗矩|武田信玄(野望)|納涼忍お綾|道場娘まり(和装)||侍|剣豪の絆|多芸多才|戦場の華|才腕の絆|技巧伝承|文明開化|能鷹隠爪|豪傑,,step116_9inen_dedup_max_total,18593,18593,step164_verified_normal9,腕力,565
step116_9_魚鱗_000033,STEP116_9INEN_DEDUP_MAX_TOTAL_RESULT,step106_9inen_full_780_dedup_by_hero_set_bond_set_max_total,魚鱗,通常,9,山中鹿之介|島左近|長野業正|明智光秀(闇)|小松姫|伊達政宗(起源),山中鹿之介|島左近|長野業正|明智光秀(闇)|小松姫|伊達政宗(起源),侍|根性の絆|もののふ|泰然自若|戦場の華|老練闊達|勇猛果敢|武芸の絆|意気衝天,侍|根性の絆|もののふ|泰然自若|戦場の華|老練闊達|勇猛果敢|武芸の絆|意気衝天,14439,3655,559,392,225,110,254,210,217,243,222,ステータス計算済み,step116で9因縁780行を「陣形+配置英傑6人セット+発動因縁セット」で重複除外。同一組内は総合値最大の配置を代表として採用。,STEP116_SELECTED_MAX_TOTAL_FROM_STEP106_RECALCULATED_9INEN,step106で各陣形有効ラインから再計算済みの9因縁行を使用し、重複組では総合値最大の配置を残す,魚鱗||通常||9||伊達政宗(起源)|小松姫|山中鹿之介|島左近|明智光秀(闇)|長野業正||もののふ|侍|勇猛果敢|意気衝天|戦場の華|根性の絆|武芸の絆|泰然自若|老練闊達,,step116_9inen_dedup_max_total,20526,20526,step164_verified_normal9,腕力,559
step116_9_魚鱗_000041,STEP116_9INEN_DEDUP_MAX_TOTAL_RESULT,step106_9inen_full_780_dedup_by_hero_set_bond_set_max_total,魚鱗,通常,9,柳生宗矩|島左近|出雲阿国(野望)|大祝鶴|魔女ルシア|谷忠澄,柳生宗矩|島左近|出雲阿国(野望)|大祝鶴|魔女ルシア|谷忠澄,豪傑|流行創出|神主・巫女|女傑の絆|洒落者の絆|文明開化|技巧伝承|竜飛鳳舞|多芸多才,豪傑|流行創出|神主・巫女|女傑の絆|洒落者の絆|文明開化|技巧伝承|竜飛鳳舞|多芸多才,12761,2985,558,48,244,379,596,487,496,474,532,ステータス計算済み,step116で9因縁780行を「陣形+配置英傑6人セット+発動因縁セット」で重複除外。同一組内は総合値最大の配置を代表として採用。,STEP116_SELECTED_MAX_TOTAL_FROM_STEP106_RECALCULATED_9INEN,step106で各陣形有効ラインから再計算済みの9因縁行を使用し、重複組では総合値最大の配置を残す,魚鱗||通常||9||出雲阿国(野望)|大祝鶴|島左近|柳生宗矩|谷忠澄|魔女ルシア||多芸多才|女傑の絆|技巧伝承|文明開化|洒落者の絆|流行創出|神主・巫女|竜飛鳳舞|豪傑,,step116_9inen_dedup_max_total,19560,19560,step164_verified_normal9,腕力,558
step116_9_魚鱗_000034,STEP116_9INEN_DEDUP_MAX_TOTAL_RESULT,step106_9inen_full_780_dedup_by_hero_set_bond_set_max_total,魚鱗,通常,9,山県昌景(泰然)|島左近|長野業正|明智光秀(闇)|小松姫|伊達政宗(起源),山県昌景(泰然)|島左近|長野業正|明智光秀(闇)|小松姫|伊達政宗(起源),侍|根性の絆|もののふ|泰然自若|戦場の華|老練闊達|勇猛果敢|武芸の絆|意気衝天,侍|根性の絆|もののふ|泰然自若|戦場の華|老練闊達|勇猛果敢|武芸の絆|意気衝天,14359,3561,556,392,221,110,248,217,224,240,227,ステータス計算済み,step116で9因縁780行を「陣形+配置英傑6人セット+発動因縁セット」で重複除外。同一組内は総合値最大の配置を代表として採用。,STEP116_SELECTED_MAX_TOTAL_FROM_STEP106_RECALCULATED_9INEN,step106で各陣形有効ラインから再計算済みの9因縁行を使用し、重複組では総合値最大の配置を残す,魚鱗||通常||9||伊達政宗(起源)|小松姫|山県昌景(泰然)|島左近|明智光秀(闇)|長野業正||もののふ|侍|勇猛果敢|意気衝天|戦場の華|根性の絆|武芸の絆|泰然自若|老練闊達,,step116_9inen_dedup_max_total,20355,20355,step164_verified_normal9,腕力,556
step116_9_魚鱗_000037,STEP116_9INEN_DEDUP_MAX_TOTAL_RESULT,step106_9inen_full_780_dedup_by_hero_set_bond_set_max_total,魚鱗,通常,9,山中鹿之介|島左近|長野業正|明智光秀(闇)|小松姫|十河一存,山中鹿之介|島左近|長野業正|明智光秀(闇)|小松姫|十河一存,侍|根性の絆|もののふ|泰然自若|戦場の華|老練闊達|勇猛果敢|武芸の絆|意気衝天,侍|根性の絆|もののふ|泰然自若|戦場の華|老練闊達|勇猛果敢|武芸の絆|意気衝天,13961,3406,548,385,207,97,254,210,217,243,222,ステータス計算済み,step116で9因縁780行を「陣形+配置英傑6人セット+発動因縁セット」で重複除外。同一組内は総合値最大の配置を代表として採用。,STEP116_SELECTED_MAX_TOTAL_FROM_STEP106_RECALCULATED_9INEN,step106で各陣形有効ラインから再計算済みの9因縁行を使用し、重複組では総合値最大の配置を残す,魚鱗||通常||9||十河一存|小松姫|山中鹿之介|島左近|明智光秀(闇)|長野業正||もののふ|侍|勇猛果敢|意気衝天|戦場の華|根性の絆|武芸の絆|泰然自若|老練闊達,,step116_9inen_dedup_max_total,19750,19750,step164_verified_normal9,腕力,548
step116_9_魚鱗_000038,STEP116_9INEN_DEDUP_MAX_TOTAL_RESULT,step106_9inen_full_780_dedup_by_hero_set_bond_set_max_total,魚鱗,通常,9,山中鹿之介|島左近|長野業正|明智光秀(闇)|小松姫|井伊直政,山中鹿之介|島左近|長野業正|明智光秀(闇)|小松姫|井伊直政,侍|根性の絆|もののふ|泰然自若|戦場の華|老練闊達|勇猛果敢|武芸の絆|意気衝天,侍|根性の絆|もののふ|泰然自若|戦場の華|老練闊達|勇猛果敢|武芸の絆|意気衝天,13961,3406,547,386,203,97,254,210,217,243,222,ステータス計算済み,step116で9因縁780行を「陣形+配置英傑6人セット+発動因縁セット」で重複除外。同一組内は総合値最大の配置を代表として採用。,STEP116_SELECTED_MAX_TOTAL_FROM_STEP106_RECALCULATED_9INEN,step106で各陣形有効ラインから再計算済みの9因縁行を使用し、重複組では総合値最大の配置を残す,魚鱗||通常||9||井伊直政|小松姫|山中鹿之介|島左近|明智光秀(闇)|長野業正||もののふ|侍|勇猛果敢|意気衝天|戦場の華|根性の絆|武芸の絆|泰然自若|老練闊達,,step116_9inen_dedup_max_total,19746,19746,step164_verified_normal9,腕力,547
step116_9_魚鱗_000039,STEP116_9INEN_DEDUP_MAX_TOTAL_RESULT,step106_9inen_full_780_dedup_by_hero_set_bond_set_max_total,魚鱗,通常,9,山県昌景(泰然)|島左近|長野業正|明智光秀(闇)|小松姫|十河一存,山県昌景(泰然)|島左近|長野業正|明智光秀(闇)|小松姫|十河一存,侍|根性の絆|もののふ|泰然自若|戦場の華|老練闊達|勇猛果敢|武芸の絆|意気衝天,侍|根性の絆|もののふ|泰然自若|戦場の華|老練闊達|勇猛果敢|武芸の絆|意気衝天,13882,3313,545,385,203,96,248,217,224,240,227,ステータス計算済み,step116で9因縁780行を「陣形+配置英傑6人セット+発動因縁セット」で重複除外。同一組内は総合値最大の配置を代表として採用。,STEP116_SELECTED_MAX_TOTAL_FROM_STEP106_RECALCULATED_9INEN,step106で各陣形有効ラインから再計算済みの9因縁行を使用し、重複組では総合値最大の配置を残す,魚鱗||通常||9||十河一存|小松姫|山県昌景(泰然)|島左近|明智光秀(闇)|長野業正||もののふ|侍|勇猛果敢|意気衝天|戦場の華|根性の絆|武芸の絆|泰然自若|老練闊達,,step116_9inen_dedup_max_total,19580,19580,step164_verified_normal9,腕力,545
step116_9_魚鱗_000040,STEP116_9INEN_DEDUP_MAX_TOTAL_RESULT,step106_9inen_full_780_dedup_by_hero_set_bond_set_max_total,魚鱗,通常,9,山県昌景(泰然)|島左近|長野業正|明智光秀(闇)|小松姫|井伊直政,山県昌景(泰然)|島左近|長野業正|明智光秀(闇)|小松姫|井伊直政,侍|根性の絆|もののふ|泰然自若|戦場の華|老練闊達|勇猛果敢|武芸の絆|意気衝天,侍|根性の絆|もののふ|泰然自若|戦場の華|老練闊達|勇猛果敢|武芸の絆|意気衝天,13882,3313,544,386,199,96,248,217,224,240,227,ステータス計算済み,step116で9因縁780行を「陣形+配置英傑6人セット+発動因縁セット」で重複除外。同一組内は総合値最大の配置を代表として採用。,STEP116_SELECTED_MAX_TOTAL_FROM_STEP106_RECALCULATED_9INEN,step106で各陣形有効ラインから再計算済みの9因縁行を使用し、重複組では総合値最大の配置を残す,魚鱗||通常||9||井伊直政|小松姫|山県昌景(泰然)|島左近|明智光秀(闇)|長野業正||もののふ|侍|勇猛果敢|意気衝天|戦場の華|根性の絆|武芸の絆|泰然自若|老練闊達,,step116_9inen_dedup_max_total,19576,19576,step164_verified_normal9,腕力,544
step116_9_魚鱗_000031,STEP116_9INEN_DEDUP_MAX_TOTAL_RESULT,step106_9inen_full_780_dedup_by_hero_set_bond_set_max_total,魚鱗,通常,9,長野業正|山中鹿之介|島左近|豊臣秀次|明智光秀(闇)|小松姫,長野業正|山中鹿之介|島左近|豊臣秀次|明智光秀(闇)|小松姫,侍|根性の絆|もののふ|泰然自若|謀略家|流行創出|戦場の華|老練闊達|勇猛果敢,侍|根性の絆|もののふ|泰然自若|謀略家|流行創出|戦場の華|老練闊達|勇猛果敢,14515,2995,466,342,104,277,254,397,422,445,418,ステータス計算済み,step116で9因縁780行を「陣形+配置英傑6人セット+発動因縁セット」で重複除外。同一組内は総合値最大の配置を代表として採用。,STEP116_SELECTED_MAX_TOTAL_FROM_STEP106_RECALCULATED_9INEN,step106で各陣形有効ラインから再計算済みの9因縁行を使用し、重複組では総合値最大の配置を残す,魚鱗||通常||9||小松姫|山中鹿之介|島左近|明智光秀(闇)|豊臣秀次|長野業正||もののふ|侍|勇猛果敢|戦場の華|根性の絆|泰然自若|流行創出|老練闊達|謀略家,,step116_9inen_dedup_max_total,20635,20635,step164_verified_normal9,腕力,466
step116_9_魚鱗_000032,STEP116_9INEN_DEDUP_MAX_TOTAL_RESULT,step106_9inen_full_780_dedup_by_hero_set_bond_set_max_total,魚鱗,通常,9,長野業正|山県昌景(泰然)|島左近|豊臣秀次|明智光秀(闇)|小松姫,長野業正|山県昌景(泰然)|島左近|豊臣秀次|明智光秀(闇)|小松姫,侍|根性の絆|もののふ|泰然自若|謀略家|流行創出|戦場の華|老練闊達|勇猛果敢,侍|根性の絆|もののふ|泰然自若|謀略家|流行創出|戦場の華|老練闊達|勇猛果敢,14462,2975,464,342,104,277,248,404,429,442,423,ステータス計算済み,step116で9因縁780行を「陣形+配置英傑6人セット+発動因縁セット」で重複除外。同一組内は総合値最大の配置を代表として採用。,STEP116_SELECTED_MAX_TOTAL_FROM_STEP106_RECALCULATED_9INEN,step106で各陣形有効ラインから再計算済みの9因縁行を使用し、重複組では総合値最大の配置を残す,魚鱗||通常||9||小松姫|山県昌景(泰然)|島左近|明智光秀(闇)|豊臣秀次|長野業正||もののふ|侍|勇猛果敢|戦場の華|根性の絆|泰然自若|流行創出|老練闊達|謀略家,,step116_9inen_dedup_max_total,20570,20570,step164_verified_normal9,腕力,464
step116_9_魚鱗_000030,STEP116_9INEN_DEDUP_MAX_TOTAL_RESULT,step106_9inen_full_780_dedup_by_hero_set_bond_set_max_total,魚鱗,通常,9,大内義隆|北条氏邦|出雲阿国(野望)|大祝鶴|魔女ルシア|細川藤孝(立役),大内義隆|北条氏邦|出雲阿国(野望)|大祝鶴|魔女ルシア|細川藤孝(立役),流行創出|多芸多才|神主・巫女|女傑の絆|洒落者の絆|文化人の絆|文明開化|技巧伝承|山紫水明,流行創出|多芸多才|神主・巫女|女傑の絆|洒落者の絆|文化人の絆|文明開化|技巧伝承|山紫水明,13386,2828,249,44,382,403,622,773,812,744,795,ステータス計算済み,step116で9因縁780行を「陣形+配置英傑6人セット+発動因縁セット」で重複除外。同一組内は総合値最大の配置を代表として採用。,STEP116_SELECTED_MAX_TOTAL_FROM_STEP106_RECALCULATED_9INEN,step106で各陣形有効ラインから再計算済みの9因縁行を使用し、重複組では総合値最大の配置を残す,魚鱗||通常||9||出雲阿国(野望)|北条氏邦|大内義隆|大祝鶴|細川藤孝(立役)|魔女ルシア||多芸多才|女傑の絆|山紫水明|技巧伝承|文化人の絆|文明開化|洒落者の絆|流行創出|神主・巫女,,step116_9inen_dedup_max_total,21038,21038,step164_verified_normal9,腕力,249
step116_9_魚鱗_000006,STEP116_9INEN_DEDUP_MAX_TOTAL_RESULT,step106_9inen_full_780_dedup_by_hero_set_bond_set_max_total,魚鱗,通常,9,武田晴信|愛姫(起源)|細川藤孝(立役)|今川義元|前田利家|片倉景綱(右腕),武田晴信|愛姫(起源)|細川藤孝(立役)|今川義元|前田利家|片倉景綱(右腕),健康第一|老練闊達|質実剛健|文明開化|山紫水明|巧言令色|謀略家|雄材大略|摂理探究,健康第一|老練闊達|質実剛健|文明開化|山紫水明|巧言令色|謀略家|雄材大略|摂理探究,15159,4827,167,231,0,715,313,488,504,513,469,ステータス計算済み,step116で9因縁780行を「陣形+配置英傑6人セット+発動因縁セット」で重複除外。同一組内は総合値最大の配置を代表として採用。,STEP116_SELECTED_MAX_TOTAL_FROM_STEP106_RECALCULATED_9INEN,step106で各陣形有効ラインから再計算済みの9因縁行を使用し、重複組では総合値最大の配置を残す,魚鱗||通常||9||今川義元|前田利家|愛姫(起源)|武田晴信|片倉景綱(右腕)|細川藤孝(立役)||健康第一|山紫水明|巧言令色|摂理探究|文明開化|老練闊達|謀略家|質実剛健|雄材大略,,step116_9inen_dedup_max_total,23386,23386,step164_verified_normal9,腕力,167
step116_9_魚鱗_000005,STEP116_9INEN_DEDUP_MAX_TOTAL_RESULT,step106_9inen_full_780_dedup_by_hero_set_bond_set_max_total,魚鱗,通常,9,前田利家(雄材)|片倉景綱(右腕)|武田晴信|愛姫(起源)|細川藤孝(立役)|今川義元,前田利家(雄材)|片倉景綱(右腕)|武田晴信|愛姫(起源)|細川藤孝(立役)|今川義元,謀略家|雄材大略|摂理探究|健康第一|老練闊達|質実剛健|文明開化|山紫水明|巧言令色,謀略家|雄材大略|摂理探究|健康第一|老練闊達|質実剛健|文明開化|山紫水明|巧言令色,15159,4827,167,231,0,715,313,488,504,513,469,ステータス計算済み,step116で9因縁780行を「陣形+配置英傑6人セット+発動因縁セット」で重複除外。同一組内は総合値最大の配置を代表として採用。,STEP116_SELECTED_MAX_TOTAL_FROM_STEP106_RECALCULATED_9INEN,step106で各陣形有効ラインから再計算済みの9因縁行を使用し、重複組では総合値最大の配置を残す,魚鱗||通常||9||今川義元|前田利家(雄材)|愛姫(起源)|武田晴信|片倉景綱(右腕)|細川藤孝(立役)||健康第一|山紫水明|巧言令色|摂理探究|文明開化|老練闊達|謀略家|質実剛健|雄材大略,,step116_9inen_dedup_max_total,23386,23386,step164_verified_normal9,腕力,167
step116_9_魚鱗_000048,STEP116_9INEN_DEDUP_MAX_TOTAL_RESULT,step106_9inen_full_780_dedup_by_hero_set_bond_set_max_total,魚鱗,通常,9,豊臣秀長|北条氏照(剛柔)|豊臣秀次|百地三太夫(野望)|斎藤道三(巳)|佐竹義重,豊臣秀長|北条氏照(剛柔)|豊臣秀次|百地三太夫(野望)|斎藤道三(巳)|佐竹義重,知将の絆|立役者|技巧伝承|柔能制剛|謀略家|生殺与奪|侍|才腕の絆|知勇兼備,知将の絆|立役者|技巧伝承|柔能制剛|謀略家|生殺与奪|侍|才腕の絆|知勇兼備,13439,1428,162,99,517,864,357,463,454,463,458,ステータス計算済み,step116で9因縁780行を「陣形+配置英傑6人セット+発動因縁セット」で重複除外。同一組内は総合値最大の配置を代表として採用。,STEP116_SELECTED_MAX_TOTAL_FROM_STEP106_RECALCULATED_9INEN,step106で各陣形有効ラインから再計算済みの9因縁行を使用し、重複組では総合値最大の配置を残す,魚鱗||通常||9||佐竹義重|北条氏照(剛柔)|斎藤道三(巳)|百地三太夫(野望)|豊臣秀次|豊臣秀長||侍|才腕の絆|技巧伝承|柔能制剛|生殺与奪|知勇兼備|知将の絆|立役者|謀略家,,step116_9inen_dedup_max_total,18704,18704,step164_verified_normal9,腕力,162
step116_9_魚鱗_000002,STEP116_9INEN_DEDUP_MAX_TOTAL_RESULT,step106_9inen_full_780_dedup_by_hero_set_bond_set_max_total,魚鱗,通常,9,武田晴信|愛姫(起源)|細川藤孝(立役)|今川義元|前田利家|鍋島直茂(乱雲),武田晴信|愛姫(起源)|細川藤孝(立役)|今川義元|前田利家|鍋島直茂(乱雲),健康第一|老練闊達|質実剛健|文明開化|山紫水明|巧言令色|謀略家|雄材大略|摂理探究,健康第一|老練闊達|質実剛健|文明開化|山紫水明|巧言令色|謀略家|雄材大略|摂理探究,15234,4833,161,231,0,715,313,483,506,501,469,ステータス計算済み,step116で9因縁780行を「陣形+配置英傑6人セット+発動因縁セット」で重複除外。同一組内は総合値最大の配置を代表として採用。,STEP116_SELECTED_MAX_TOTAL_FROM_STEP106_RECALCULATED_9INEN,step106で各陣形有効ラインから再計算済みの9因縁行を使用し、重複組では総合値最大の配置を残す,魚鱗||通常||9||今川義元|前田利家|愛姫(起源)|武田晴信|細川藤孝(立役)|鍋島直茂(乱雲)||健康第一|山紫水明|巧言令色|摂理探究|文明開化|老練闊達|謀略家|質実剛健|雄材大略,,step116_9inen_dedup_max_total,23446,23446,step164_verified_normal9,腕力,161
step116_9_魚鱗_000001,STEP116_9INEN_DEDUP_MAX_TOTAL_RESULT,step106_9inen_full_780_dedup_by_hero_set_bond_set_max_total,魚鱗,通常,9,前田利家(雄材)|鍋島直茂(乱雲)|武田晴信|愛姫(起源)|細川藤孝(立役)|今川義元,前田利家(雄材)|鍋島直茂(乱雲)|武田晴信|愛姫(起源)|細川藤孝(立役)|今川義元,謀略家|雄材大略|摂理探究|健康第一|老練闊達|質実剛健|文明開化|山紫水明|巧言令色,謀略家|雄材大略|摂理探究|健康第一|老練闊達|質実剛健|文明開化|山紫水明|巧言令色,15234,4833,161,231,0,715,313,483,506,501,469,ステータス計算済み,step116で9因縁780行を「陣形+配置英傑6人セット+発動因縁セット」で重複除外。同一組内は総合値最大の配置を代表として採用。,STEP116_SELECTED_MAX_TOTAL_FROM_STEP106_RECALCULATED_9INEN,step106で各陣形有効ラインから再計算済みの9因縁行を使用し、重複組では総合値最大の配置を残す,魚鱗||通常||9||今川義元|前田利家(雄材)|愛姫(起源)|武田晴信|細川藤孝(立役)|鍋島直茂(乱雲)||健康第一|山紫水明|巧言令色|摂理探究|文明開化|老練闊達|謀略家|質実剛健|雄材大略,,step116_9inen_dedup_max_total,23446,23446,step164_verified_normal9,腕力,161
step116_9_魚鱗_000046,STEP116_9INEN_DEDUP_MAX_TOTAL_RESULT,step106_9inen_full_780_dedup_by_hero_set_bond_set_max_total,魚鱗,通常,9,北条氏照(剛柔)|金森長近|雑賀孫市(道化)|黒田長政|黒田官兵衛|鍋島直茂(乱雲),北条氏照(剛柔)|金森長近|雑賀孫市(道化)|黒田長政|黒田官兵衛|鍋島直茂(乱雲),文明開化|技巧伝承|知勇兼備|才腕の絆|硝煙弾雨|多芸多才|知将の絆|立役者|柔能制剛,文明開化|技巧伝承|知勇兼備|才腕の絆|硝煙弾雨|多芸多才|知将の絆|立役者|柔能制剛,11606,3272,161,123,696,703,312,506,583,521,502,ステータス計算済み,step116で9因縁780行を「陣形+配置英傑6人セット+発動因縁セット」で重複除外。同一組内は総合値最大の配置を代表として採用。,STEP116_SELECTED_MAX_TOTAL_FROM_STEP106_RECALCULATED_9INEN,step106で各陣形有効ラインから再計算済みの9因縁行を使用し、重複組では総合値最大の配置を残す,魚鱗||通常||9||北条氏照(剛柔)|金森長近|鍋島直茂(乱雲)|雑賀孫市(道化)|黒田官兵衛|黒田長政||多芸多才|才腕の絆|技巧伝承|文明開化|柔能制剛|知勇兼備|知将の絆|硝煙弾雨|立役者,,step116_9inen_dedup_max_total,18985,18985,step164_verified_normal9,腕力,161
step116_9_魚鱗_000047,STEP116_9INEN_DEDUP_MAX_TOTAL_RESULT,step106_9inen_full_780_dedup_by_hero_set_bond_set_max_total,魚鱗,通常,9,北条氏照(剛柔)|金森長近|雑賀孫市(道化)|黒田長政|黒田官兵衛|豊臣秀長,北条氏照(剛柔)|金森長近|雑賀孫市(道化)|黒田長政|黒田官兵衛|豊臣秀長,文明開化|技巧伝承|知勇兼備|才腕の絆|硝煙弾雨|多芸多才|知将の絆|立役者|柔能制剛,文明開化|技巧伝承|知勇兼備|才腕の絆|硝煙弾雨|多芸多才|知将の絆|立役者|柔能制剛,11393,3272,161,123,694,707,312,511,585,529,504,ステータス計算済み,step116で9因縁780行を「陣形+配置英傑6人セット+発動因縁セット」で重複除外。同一組内は総合値最大の配置を代表として採用。,STEP116_SELECTED_MAX_TOTAL_FROM_STEP106_RECALCULATED_9INEN,step106で各陣形有効ラインから再計算済みの9因縁行を使用し、重複組では総合値最大の配置を残す,魚鱗||通常||9||北条氏照(剛柔)|豊臣秀長|金森長近|雑賀孫市(道化)|黒田官兵衛|黒田長政||多芸多才|才腕の絆|技巧伝承|文明開化|柔能制剛|知勇兼備|知将の絆|硝煙弾雨|立役者,,step116_9inen_dedup_max_total,18791,18791,step164_verified_normal9,腕力,161
step116_9_魚鱗_000010,STEP116_9INEN_DEDUP_MAX_TOTAL_RESULT,step106_9inen_full_780_dedup_by_hero_set_bond_set_max_total,魚鱗,通常,9,武田晴信|愛姫(起源)|細川藤孝(立役)|今川義元|前田利家|豊臣秀長,武田晴信|愛姫(起源)|細川藤孝(立役)|今川義元|前田利家|豊臣秀長,健康第一|老練闊達|質実剛健|文明開化|山紫水明|巧言令色|謀略家|雄材大略|摂理探究,健康第一|老練闊達|質実剛健|文明開化|山紫水明|巧言令色|謀略家|雄材大略|摂理探究,15036,4864,157,231,0,719,313,490,509,512,472,ステータス計算済み,step116で9因縁780行を「陣形+配置英傑6人セット+発動因縁セット」で重複除外。同一組内は総合値最大の配置を代表として採用。,STEP116_SELECTED_MAX_TOTAL_FROM_STEP106_RECALCULATED_9INEN,step106で各陣形有効ラインから再計算済みの9因縁行を使用し、重複組では総合値最大の配置を残す,魚鱗||通常||9||今川義元|前田利家|愛姫(起源)|武田晴信|細川藤孝(立役)|豊臣秀長||健康第一|山紫水明|巧言令色|摂理探究|文明開化|老練闊達|謀略家|質実剛健|雄材大略,,step116_9inen_dedup_max_total,23303,23303,step164_verified_normal9,腕力,157
step116_9_魚鱗_000009,STEP116_9INEN_DEDUP_MAX_TOTAL_RESULT,step106_9inen_full_780_dedup_by_hero_set_bond_set_max_total,魚鱗,通常,9,前田利家(雄材)|豊臣秀長|武田晴信|愛姫(起源)|細川藤孝(立役)|今川義元,前田利家(雄材)|豊臣秀長|武田晴信|愛姫(起源)|細川藤孝(立役)|今川義元,謀略家|雄材大略|摂理探究|健康第一|老練闊達|質実剛健|文明開化|山紫水明|巧言令色,謀略家|雄材大略|摂理探究|健康第一|老練闊達|質実剛健|文明開化|山紫水明|巧言令色,15036,4864,157,231,0,719,313,490,509,512,472,ステータス計算済み,step116で9因縁780行を「陣形+配置英傑6人セット+発動因縁セット」で重複除外。同一組内は総合値最大の配置を代表として採用。,STEP116_SELECTED_MAX_TOTAL_FROM_STEP106_RECALCULATED_9INEN,step106で各陣形有効ラインから再計算済みの9因縁行を使用し、重複組では総合値最大の配置を残す,魚鱗||通常||9||今川義元|前田利家(雄材)|愛姫(起源)|武田晴信|細川藤孝(立役)|豊臣秀長||健康第一|山紫水明|巧言令色|摂理探究|文明開化|老練闊達|謀略家|質実剛健|雄材大略,,step116_9inen_dedup_max_total,23303,23303,step164_verified_normal9,腕力,157
step116_9_魚鱗_000050,STEP116_9INEN_DEDUP_MAX_TOTAL_RESULT,step106_9inen_full_780_dedup_by_hero_set_bond_set_max_total,魚鱗,通常,9,北条氏照(剛柔)|金森長近|雑賀孫市(道化)|大久保忠世|黒田官兵衛|鍋島直茂(乱雲),北条氏照(剛柔)|金森長近|雑賀孫市(道化)|大久保忠世|黒田官兵衛|鍋島直茂(乱雲),文明開化|技巧伝承|知勇兼備|才腕の絆|硝煙弾雨|多芸多才|知将の絆|立役者|柔能制剛,文明開化|技巧伝承|知勇兼備|才腕の絆|硝煙弾雨|多芸多才|知将の絆|立役者|柔能制剛,11367,3232,157,118,690,691,306,477,555,488,476,ステータス計算済み,step116で9因縁780行を「陣形+配置英傑6人セット+発動因縁セット」で重複除外。同一組内は総合値最大の配置を代表として採用。,STEP116_SELECTED_MAX_TOTAL_FROM_STEP106_RECALCULATED_9INEN,step106で各陣形有効ラインから再計算済みの9因縁行を使用し、重複組では総合値最大の配置を残す,魚鱗||通常||9||北条氏照(剛柔)|大久保忠世|金森長近|鍋島直茂(乱雲)|雑賀孫市(道化)|黒田官兵衛||多芸多才|才腕の絆|技巧伝承|文明開化|柔能制剛|知勇兼備|知将の絆|硝煙弾雨|立役者,,step116_9inen_dedup_max_total,18557,18557,step164_verified_normal9,腕力,157
step116_9_魚鱗_000053,STEP116_9INEN_DEDUP_MAX_TOTAL_RESULT,step106_9inen_full_780_dedup_by_hero_set_bond_set_max_total,魚鱗,通常,9,北条氏照(剛柔)|金森長近|雑賀孫市(道化)|大久保忠世|黒田官兵衛|豊臣秀長,北条氏照(剛柔)|金森長近|雑賀孫市(道化)|大久保忠世|黒田官兵衛|豊臣秀長,文明開化|技巧伝承|知勇兼備|才腕の絆|硝煙弾雨|多芸多才|知将の絆|立役者|柔能制剛,文明開化|技巧伝承|知勇兼備|才腕の絆|硝煙弾雨|多芸多才|知将の絆|立役者|柔能制剛,11154,3232,157,118,688,695,306,482,557,496,478,ステータス計算済み,step116で9因縁780行を「陣形+配置英傑6人セット+発動因縁セット」で重複除外。同一組内は総合値最大の配置を代表として採用。,STEP116_SELECTED_MAX_TOTAL_FROM_STEP106_RECALCULATED_9INEN,step106で各陣形有効ラインから再計算済みの9因縁行を使用し、重複組では総合値最大の配置を残す,魚鱗||通常||9||北条氏照(剛柔)|大久保忠世|豊臣秀長|金森長近|雑賀孫市(道化)|黒田官兵衛||多芸多才|才腕の絆|技巧伝承|文明開化|柔能制剛|知勇兼備|知将の絆|硝煙弾雨|立役者,,step116_9inen_dedup_max_total,18363,18363,step164_verified_normal9,腕力,157
step116_9_魚鱗_000008,STEP116_9INEN_DEDUP_MAX_TOTAL_RESULT,step106_9inen_full_780_dedup_by_hero_set_bond_set_max_total,魚鱗,通常,9,武田晴信|高台院|細川藤孝(立役)|今川義元|前田利家|片倉景綱(右腕),武田晴信|高台院|細川藤孝(立役)|今川義元|前田利家|片倉景綱(右腕),健康第一|老練闊達|質実剛健|文明開化|山紫水明|巧言令色|謀略家|雄材大略|摂理探究,健康第一|老練闊達|質実剛健|文明開化|山紫水明|巧言令色|謀略家|雄材大略|摂理探究,15162,4802,155,226,0,719,313,487,502,509,466,ステータス計算済み,step116で9因縁780行を「陣形+配置英傑6人セット+発動因縁セット」で重複除外。同一組内は総合値最大の配置を代表として採用。,STEP116_SELECTED_MAX_TOTAL_FROM_STEP106_RECALCULATED_9INEN,step106で各陣形有効ラインから再計算済みの9因縁行を使用し、重複組では総合値最大の配置を残す,魚鱗||通常||9||今川義元|前田利家|武田晴信|片倉景綱(右腕)|細川藤孝(立役)|高台院||健康第一|山紫水明|巧言令色|摂理探究|文明開化|老練闊達|謀略家|質実剛健|雄材大略,,step116_9inen_dedup_max_total,23341,23341,step164_verified_normal9,腕力,155
step116_9_魚鱗_000007,STEP116_9INEN_DEDUP_MAX_TOTAL_RESULT,step106_9inen_full_780_dedup_by_hero_set_bond_set_max_total,魚鱗,通常,9,前田利家(雄材)|片倉景綱(右腕)|武田晴信|高台院|細川藤孝(立役)|今川義元,前田利家(雄材)|片倉景綱(右腕)|武田晴信|高台院|細川藤孝(立役)|今川義元,謀略家|雄材大略|摂理探究|健康第一|老練闊達|質実剛健|文明開化|山紫水明|巧言令色,謀略家|雄材大略|摂理探究|健康第一|老練闊達|質実剛健|文明開化|山紫水明|巧言令色,15162,4802,155,226,0,719,313,487,502,509,466,ステータス計算済み,step116で9因縁780行を「陣形+配置英傑6人セット+発動因縁セット」で重複除外。同一組内は総合値最大の配置を代表として採用。,STEP116_SELECTED_MAX_TOTAL_FROM_STEP106_RECALCULATED_9INEN,step106で各陣形有効ラインから再計算済みの9因縁行を使用し、重複組では総合値最大の配置を残す,魚鱗||通常||9||今川義元|前田利家(雄材)|武田晴信|片倉景綱(右腕)|細川藤孝(立役)|高台院||健康第一|山紫水明|巧言令色|摂理探究|文明開化|老練闊達|謀略家|質実剛健|雄材大略,,step116_9inen_dedup_max_total,23341,23341,step164_verified_normal9,腕力,155
step116_9_魚鱗_000004,STEP116_9INEN_DEDUP_MAX_TOTAL_RESULT,step106_9inen_full_780_dedup_by_hero_set_bond_set_max_total,魚鱗,通常,9,武田晴信|高台院|細川藤孝(立役)|今川義元|前田利家|鍋島直茂(乱雲),武田晴信|高台院|細川藤孝(立役)|今川義元|前田利家|鍋島直茂(乱雲),健康第一|老練闊達|質実剛健|文明開化|山紫水明|巧言令色|謀略家|雄材大略|摂理探究,健康第一|老練闊達|質実剛健|文明開化|山紫水明|巧言令色|謀略家|雄材大略|摂理探究,15237,4808,149,226,0,719,313,482,504,497,466,ステータス計算済み,step116で9因縁780行を「陣形+配置英傑6人セット+発動因縁セット」で重複除外。同一組内は総合値最大の配置を代表として採用。,STEP116_SELECTED_MAX_TOTAL_FROM_STEP106_RECALCULATED_9INEN,step106で各陣形有効ラインから再計算済みの9因縁行を使用し、重複組では総合値最大の配置を残す,魚鱗||通常||9||今川義元|前田利家|武田晴信|細川藤孝(立役)|鍋島直茂(乱雲)|高台院||健康第一|山紫水明|巧言令色|摂理探究|文明開化|老練闊達|謀略家|質実剛健|雄材大略,,step116_9inen_dedup_max_total,23401,23401,step164_verified_normal9,腕力,149
step116_9_魚鱗_000003,STEP116_9INEN_DEDUP_MAX_TOTAL_RESULT,step106_9inen_full_780_dedup_by_hero_set_bond_set_max_total,魚鱗,通常,9,前田利家(雄材)|鍋島直茂(乱雲)|武田晴信|高台院|細川藤孝(立役)|今川義元,前田利家(雄材)|鍋島直茂(乱雲)|武田晴信|高台院|細川藤孝(立役)|今川義元,謀略家|雄材大略|摂理探究|健康第一|老練闊達|質実剛健|文明開化|山紫水明|巧言令色,謀略家|雄材大略|摂理探究|健康第一|老練闊達|質実剛健|文明開化|山紫水明|巧言令色,15237,4808,149,226,0,719,313,482,504,497,466,ステータス計算済み,step116で9因縁780行を「陣形+配置英傑6人セット+発動因縁セット」で重複除外。同一組内は総合値最大の配置を代表として採用。,STEP116_SELECTED_MAX_TOTAL_FROM_STEP106_RECALCULATED_9INEN,step106で各陣形有効ラインから再計算済みの9因縁行を使用し、重複組では総合値最大の配置を残す,魚鱗||通常||9||今川義元|前田利家(雄材)|武田晴信|細川藤孝(立役)|鍋島直茂(乱雲)|高台院||健康第一|山紫水明|巧言令色|摂理探究|文明開化|老練闊達|謀略家|質実剛健|雄材大略,,step116_9inen_dedup_max_total,23401,23401,step164_verified_normal9,腕力,149
step116_9_魚鱗_000016,STEP116_9INEN_DEDUP_MAX_TOTAL_RESULT,step106_9inen_full_780_dedup_by_hero_set_bond_set_max_total,魚鱗,通常,9,武田晴信|愛姫(起源)|細川藤孝(立役)|今川義元|前田利家|竹中半兵衛(右腕),武田晴信|愛姫(起源)|細川藤孝(立役)|今川義元|前田利家|竹中半兵衛(右腕),健康第一|老練闊達|質実剛健|文明開化|山紫水明|巧言令色|謀略家|雄材大略|摂理探究,健康第一|老練闊達|質実剛健|文明開化|山紫水明|巧言令色|謀略家|雄材大略|摂理探究,14808,4896,149,231,0,720,313,502,521,521,484,ステータス計算済み,step116で9因縁780行を「陣形+配置英傑6人セット+発動因縁セット」で重複除外。同一組内は総合値最大の配置を代表として採用。,STEP116_SELECTED_MAX_TOTAL_FROM_STEP106_RECALCULATED_9INEN,step106で各陣形有効ラインから再計算済みの9因縁行を使用し、重複組では総合値最大の配置を残す,魚鱗||通常||9||今川義元|前田利家|愛姫(起源)|武田晴信|竹中半兵衛(右腕)|細川藤孝(立役)||健康第一|山紫水明|巧言令色|摂理探究|文明開化|老練闊達|謀略家|質実剛健|雄材大略,,step116_9inen_dedup_max_total,23145,23145,step164_verified_normal9,腕力,149
step116_9_魚鱗_000015,STEP116_9INEN_DEDUP_MAX_TOTAL_RESULT,step106_9inen_full_780_dedup_by_hero_set_bond_set_max_total,魚鱗,通常,9,前田利家(雄材)|竹中半兵衛(右腕)|武田晴信|愛姫(起源)|細川藤孝(立役)|今川義元,前田利家(雄材)|竹中半兵衛(右腕)|武田晴信|愛姫(起源)|細川藤孝(立役)|今川義元,謀略家|雄材大略|摂理探究|健康第一|老練闊達|質実剛健|文明開化|山紫水明|巧言令色,謀略家|雄材大略|摂理探究|健康第一|老練闊達|質実剛健|文明開化|山紫水明|巧言令色,14808,4896,149,231,0,720,313,502,521,521,484,ステータス計算済み,step116で9因縁780行を「陣形+配置英傑6人セット+発動因縁セット」で重複除外。同一組内は総合値最大の配置を代表として採用。,STEP116_SELECTED_MAX_TOTAL_FROM_STEP106_RECALCULATED_9INEN,step106で各陣形有効ラインから再計算済みの9因縁行を使用し、重複組では総合値最大の配置を残す,魚鱗||通常||9||今川義元|前田利家(雄材)|愛姫(起源)|武田晴信|竹中半兵衛(右腕)|細川藤孝(立役)||健康第一|山紫水明|巧言令色|摂理探究|文明開化|老練闊達|謀略家|質実剛健|雄材大略,,step116_9inen_dedup_max_total,23145,23145,step164_verified_normal9,腕力,149
step116_9_魚鱗_000012,STEP116_9INEN_DEDUP_MAX_TOTAL_RESULT,step106_9inen_full_780_dedup_by_hero_set_bond_set_max_total,魚鱗,通常,9,武田晴信|高台院|細川藤孝(立役)|今川義元|前田利家|豊臣秀長,武田晴信|高台院|細川藤孝(立役)|今川義元|前田利家|豊臣秀長,健康第一|老練闊達|質実剛健|文明開化|山紫水明|巧言令色|謀略家|雄材大略|摂理探究,健康第一|老練闊達|質実剛健|文明開化|山紫水明|巧言令色|謀略家|雄材大略|摂理探究,15039,4838,145,226,0,723,313,489,507,508,469,ステータス計算済み,step116で9因縁780行を「陣形+配置英傑6人セット+発動因縁セット」で重複除外。同一組内は総合値最大の配置を代表として採用。,STEP116_SELECTED_MAX_TOTAL_FROM_STEP106_RECALCULATED_9INEN,step106で各陣形有効ラインから再計算済みの9因縁行を使用し、重複組では総合値最大の配置を残す,魚鱗||通常||9||今川義元|前田利家|武田晴信|細川藤孝(立役)|豊臣秀長|高台院||健康第一|山紫水明|巧言令色|摂理探究|文明開化|老練闊達|謀略家|質実剛健|雄材大略,,step116_9inen_dedup_max_total,23257,23257,step164_verified_normal9,腕力,145
step116_9_魚鱗_000011,STEP116_9INEN_DEDUP_MAX_TOTAL_RESULT,step106_9inen_full_780_dedup_by_hero_set_bond_set_max_total,魚鱗,通常,9,前田利家(雄材)|豊臣秀長|武田晴信|高台院|細川藤孝(立役)|今川義元,前田利家(雄材)|豊臣秀長|武田晴信|高台院|細川藤孝(立役)|今川義元,謀略家|雄材大略|摂理探究|健康第一|老練闊達|質実剛健|文明開化|山紫水明|巧言令色,謀略家|雄材大略|摂理探究|健康第一|老練闊達|質実剛健|文明開化|山紫水明|巧言令色,15039,4838,145,226,0,723,313,489,507,508,469,ステータス計算済み,step116で9因縁780行を「陣形+配置英傑6人セット+発動因縁セット」で重複除外。同一組内は総合値最大の配置を代表として採用。,STEP116_SELECTED_MAX_TOTAL_FROM_STEP106_RECALCULATED_9INEN,step106で各陣形有効ラインから再計算済みの9因縁行を使用し、重複組では総合値最大の配置を残す,魚鱗||通常||9||今川義元|前田利家(雄材)|武田晴信|細川藤孝(立役)|豊臣秀長|高台院||健康第一|山紫水明|巧言令色|摂理探究|文明開化|老練闊達|謀略家|質実剛健|雄材大略,,step116_9inen_dedup_max_total,23257,23257,step164_verified_normal9,腕力,145
step116_9_魚鱗_000014,STEP116_9INEN_DEDUP_MAX_TOTAL_RESULT,step106_9inen_full_780_dedup_by_hero_set_bond_set_max_total,魚鱗,通常,9,武田晴信|愛姫(起源)|細川藤孝(立役)|今川義元|前田利家|丹羽長秀(風雲),武田晴信|愛姫(起源)|細川藤孝(立役)|今川義元|前田利家|丹羽長秀(風雲),健康第一|老練闊達|質実剛健|文明開化|山紫水明|巧言令色|謀略家|雄材大略|摂理探究,健康第一|老練闊達|質実剛健|文明開化|山紫水明|巧言令色|謀略家|雄材大略|摂理探究,14973,4838,144,231,0,712,313,474,517,517,456,ステータス計算済み,step116で9因縁780行を「陣形+配置英傑6人セット+発動因縁セット」で重複除外。同一組内は総合値最大の配置を代表として採用。,STEP116_SELECTED_MAX_TOTAL_FROM_STEP106_RECALCULATED_9INEN,step106で各陣形有効ラインから再計算済みの9因縁行を使用し、重複組では総合値最大の配置を残す,魚鱗||通常||9||丹羽長秀(風雲)|今川義元|前田利家|愛姫(起源)|武田晴信|細川藤孝(立役)||健康第一|山紫水明|巧言令色|摂理探究|文明開化|老練闊達|謀略家|質実剛健|雄材大略,,step116_9inen_dedup_max_total,23175,23175,step164_verified_normal9,腕力,144
step116_9_魚鱗_000013,STEP116_9INEN_DEDUP_MAX_TOTAL_RESULT,step106_9inen_full_780_dedup_by_hero_set_bond_set_max_total,魚鱗,通常,9,前田利家(雄材)|丹羽長秀(風雲)|武田晴信|愛姫(起源)|細川藤孝(立役)|今川義元,前田利家(雄材)|丹羽長秀(風雲)|武田晴信|愛姫(起源)|細川藤孝(立役)|今川義元,謀略家|雄材大略|摂理探究|健康第一|老練闊達|質実剛健|文明開化|山紫水明|巧言令色,謀略家|雄材大略|摂理探究|健康第一|老練闊達|質実剛健|文明開化|山紫水明|巧言令色,14973,4838,144,231,0,712,313,474,517,517,456,ステータス計算済み,step116で9因縁780行を「陣形+配置英傑6人セット+発動因縁セット」で重複除外。同一組内は総合値最大の配置を代表として採用。,STEP116_SELECTED_MAX_TOTAL_FROM_STEP106_RECALCULATED_9INEN,step106で各陣形有効ラインから再計算済みの9因縁行を使用し、重複組では総合値最大の配置を残す,魚鱗||通常||9||丹羽長秀(風雲)|今川義元|前田利家(雄材)|愛姫(起源)|武田晴信|細川藤孝(立役)||健康第一|山紫水明|巧言令色|摂理探究|文明開化|老練闊達|謀略家|質実剛健|雄材大略,,step116_9inen_dedup_max_total,23175,23175,step164_verified_normal9,腕力,144
step116_9_魚鱗_000020,STEP116_9INEN_DEDUP_MAX_TOTAL_RESULT,step106_9inen_full_780_dedup_by_hero_set_bond_set_max_total,魚鱗,通常,9,武田晴信|高台院|細川藤孝(立役)|今川義元|前田利家|竹中半兵衛(右腕),武田晴信|高台院|細川藤孝(立役)|今川義元|前田利家|竹中半兵衛(右腕),健康第一|老練闊達|質実剛健|文明開化|山紫水明|巧言令色|謀略家|雄材大略|摂理探究,健康第一|老練闊達|質実剛健|文明開化|山紫水明|巧言令色|謀略家|雄材大略|摂理探究,14811,4870,137,226,0,724,313,501,519,517,481,ステータス計算済み,step116で9因縁780行を「陣形+配置英傑6人セット+発動因縁セット」で重複除外。同一組内は総合値最大の配置を代表として採用。,STEP116_SELECTED_MAX_TOTAL_FROM_STEP106_RECALCULATED_9INEN,step106で各陣形有効ラインから再計算済みの9因縁行を使用し、重複組では総合値最大の配置を残す,魚鱗||通常||9||今川義元|前田利家|武田晴信|竹中半兵衛(右腕)|細川藤孝(立役)|高台院||健康第一|山紫水明|巧言令色|摂理探究|文明開化|老練闊達|謀略家|質実剛健|雄材大略,,step116_9inen_dedup_max_total,23099,23099,step164_verified_normal9,腕力,137
step116_9_魚鱗_000019,STEP116_9INEN_DEDUP_MAX_TOTAL_RESULT,step106_9inen_full_780_dedup_by_hero_set_bond_set_max_total,魚鱗,通常,9,前田利家(雄材)|竹中半兵衛(右腕)|武田晴信|高台院|細川藤孝(立役)|今川義元,前田利家(雄材)|竹中半兵衛(右腕)|武田晴信|高台院|細川藤孝(立役)|今川義元,謀略家|雄材大略|摂理探究|健康第一|老練闊達|質実剛健|文明開化|山紫水明|巧言令色,謀略家|雄材大略|摂理探究|健康第一|老練闊達|質実剛健|文明開化|山紫水明|巧言令色,14811,4870,137,226,0,724,313,501,519,517,481,ステータス計算済み,step116で9因縁780行を「陣形+配置英傑6人セット+発動因縁セット」で重複除外。同一組内は総合値最大の配置を代表として採用。,STEP116_SELECTED_MAX_TOTAL_FROM_STEP106_RECALCULATED_9INEN,step106で各陣形有効ラインから再計算済みの9因縁行を使用し、重複組では総合値最大の配置を残す,魚鱗||通常||9||今川義元|前田利家(雄材)|武田晴信|竹中半兵衛(右腕)|細川藤孝(立役)|高台院||健康第一|山紫水明|巧言令色|摂理探究|文明開化|老練闊達|謀略家|質実剛健|雄材大略,,step116_9inen_dedup_max_total,23099,23099,step164_verified_normal9,腕力,137
step116_9_魚鱗_000018,STEP116_9INEN_DEDUP_MAX_TOTAL_RESULT,step106_9inen_full_780_dedup_by_hero_set_bond_set_max_total,魚鱗,通常,9,武田晴信|高台院|細川藤孝(立役)|今川義元|前田利家|丹羽長秀(風雲),武田晴信|高台院|細川藤孝(立役)|今川義元|前田利家|丹羽長秀(風雲),健康第一|老練闊達|質実剛健|文明開化|山紫水明|巧言令色|謀略家|雄材大略|摂理探究,健康第一|老練闊達|質実剛健|文明開化|山紫水明|巧言令色|謀略家|雄材大略|摂理探究,14976,4813,132,226,0,716,313,473,515,513,453,ステータス計算済み,step116で9因縁780行を「陣形+配置英傑6人セット+発動因縁セット」で重複除外。同一組内は総合値最大の配置を代表として採用。,STEP116_SELECTED_MAX_TOTAL_FROM_STEP106_RECALCULATED_9INEN,step106で各陣形有効ラインから再計算済みの9因縁行を使用し、重複組では総合値最大の配置を残す,魚鱗||通常||9||丹羽長秀(風雲)|今川義元|前田利家|武田晴信|細川藤孝(立役)|高台院||健康第一|山紫水明|巧言令色|摂理探究|文明開化|老練闊達|謀略家|質実剛健|雄材大略,,step116_9inen_dedup_max_total,23130,23130,step164_verified_normal9,腕力,132
step116_9_魚鱗_000017,STEP116_9INEN_DEDUP_MAX_TOTAL_RESULT,step106_9inen_full_780_dedup_by_hero_set_bond_set_max_total,魚鱗,通常,9,前田利家(雄材)|丹羽長秀(風雲)|武田晴信|高台院|細川藤孝(立役)|今川義元,前田利家(雄材)|丹羽長秀(風雲)|武田晴信|高台院|細川藤孝(立役)|今川義元,謀略家|雄材大略|摂理探究|健康第一|老練闊達|質実剛健|文明開化|山紫水明|巧言令色,謀略家|雄材大略|摂理探究|健康第一|老練闊達|質実剛健|文明開化|山紫水明|巧言令色,14976,4813,132,226,0,716,313,473,515,513,453,ステータス計算済み,step116で9因縁780行を「陣形+配置英傑6人セット+発動因縁セット」で重複除外。同一組内は総合値最大の配置を代表として採用。,STEP116_SELECTED_MAX_TOTAL_FROM_STEP106_RECALCULATED_9INEN,step106で各陣形有効ラインから再計算済みの9因縁行を使用し、重複組では総合値最大の配置を残す,魚鱗||通常||9||丹羽長秀(風雲)|今川義元|前田利家(雄材)|武田晴信|細川藤孝(立役)|高台院||健康第一|山紫水明|巧言令色|摂理探究|文明開化|老練闊達|謀略家|質実剛健|雄材大略,,step116_9inen_dedup_max_total,23130,23130,step164_verified_normal9,腕力,132
step116_9_魚鱗_000043,STEP116_9INEN_DEDUP_MAX_TOTAL_RESULT,step106_9inen_full_780_dedup_by_hero_set_bond_set_max_total,魚鱗,通常,9,豊臣秀長|北条氏照(剛柔)|豊臣秀次|細川藤孝(立役)|前田利家|上杉憲政,豊臣秀長|北条氏照(剛柔)|豊臣秀次|細川藤孝(立役)|前田利家|上杉憲政,知将の絆|立役者|技巧伝承|柔能制剛|文明開化|山紫水明|謀略家|雄材大略|摂理探究,知将の絆|立役者|技巧伝承|柔能制剛|文明開化|山紫水明|謀略家|雄材大略|摂理探究,14490,861,86,0,293,998,158,609,593,632,592,ステータス計算済み,step116で9因縁780行を「陣形+配置英傑6人セット+発動因縁セット」で重複除外。同一組内は総合値最大の配置を代表として採用。,STEP116_SELECTED_MAX_TOTAL_FROM_STEP106_RECALCULATED_9INEN,step106で各陣形有効ラインから再計算済みの9因縁行を使用し、重複組では総合値最大の配置を残す,魚鱗||通常||9||上杉憲政|前田利家|北条氏照(剛柔)|細川藤孝(立役)|豊臣秀次|豊臣秀長||山紫水明|技巧伝承|摂理探究|文明開化|柔能制剛|知将の絆|立役者|謀略家|雄材大略,,step116_9inen_dedup_max_total,19312,19312,step164_verified_normal9,腕力,86
step116_9_魚鱗_000042,STEP116_9INEN_DEDUP_MAX_TOTAL_RESULT,step106_9inen_full_780_dedup_by_hero_set_bond_set_max_total,魚鱗,通常,9,豊臣秀長|上杉憲政|前田利家(雄材)|細川藤孝(立役)|豊臣秀次|北条氏照(剛柔),豊臣秀長|上杉憲政|前田利家(雄材)|細川藤孝(立役)|豊臣秀次|北条氏照(剛柔),謀略家|雄材大略|摂理探究|文明開化|山紫水明|知将の絆|立役者|技巧伝承|柔能制剛,謀略家|雄材大略|摂理探究|文明開化|山紫水明|知将の絆|立役者|技巧伝承|柔能制剛,14490,861,86,0,293,998,158,609,593,632,592,ステータス計算済み,step116で9因縁780行を「陣形+配置英傑6人セット+発動因縁セット」で重複除外。同一組内は総合値最大の配置を代表として採用。,STEP116_SELECTED_MAX_TOTAL_FROM_STEP106_RECALCULATED_9INEN,step106で各陣形有効ラインから再計算済みの9因縁行を使用し、重複組では総合値最大の配置を残す,魚鱗||通常||9||上杉憲政|前田利家(雄材)|北条氏照(剛柔)|細川藤孝(立役)|豊臣秀次|豊臣秀長||山紫水明|技巧伝承|摂理探究|文明開化|柔能制剛|知将の絆|立役者|謀略家|雄材大略,,step116_9inen_dedup_max_total,19312,19312,step164_verified_normal9,腕力,86
step116_9_魚鱗_000036,STEP116_9INEN_DEDUP_MAX_TOTAL_RESULT,step106_9inen_full_780_dedup_by_hero_set_bond_set_max_total,魚鱗,通常,9,豊臣秀長|北条氏照(剛柔)|豊臣秀次|細川藤孝(立役)|前田利家|武田晴信,豊臣秀長|北条氏照(剛柔)|豊臣秀次|細川藤孝(立役)|前田利家|武田晴信,知将の絆|立役者|技巧伝承|柔能制剛|文明開化|山紫水明|謀略家|雄材大略|摂理探究,知将の絆|立役者|技巧伝承|柔能制剛|文明開化|山紫水明|謀略家|雄材大略|摂理探究,14832,899,83,0,293,1068,158,641,619,659,618,ステータス計算済み,step116で9因縁780行を「陣形+配置英傑6人セット+発動因縁セット」で重複除外。同一組内は総合値最大の配置を代表として採用。,STEP116_SELECTED_MAX_TOTAL_FROM_STEP106_RECALCULATED_9INEN,step106で各陣形有効ラインから再計算済みの9因縁行を使用し、重複組では総合値最大の配置を残す,魚鱗||通常||9||前田利家|北条氏照(剛柔)|武田晴信|細川藤孝(立役)|豊臣秀次|豊臣秀長||山紫水明|技巧伝承|摂理探究|文明開化|柔能制剛|知将の絆|立役者|謀略家|雄材大略,,step116_9inen_dedup_max_total,19870,19870,step164_verified_normal9,腕力,83
step116_9_魚鱗_000035,STEP116_9INEN_DEDUP_MAX_TOTAL_RESULT,step106_9inen_full_780_dedup_by_hero_set_bond_set_max_total,魚鱗,通常,9,豊臣秀長|武田晴信|前田利家(雄材)|細川藤孝(立役)|豊臣秀次|北条氏照(剛柔),豊臣秀長|武田晴信|前田利家(雄材)|細川藤孝(立役)|豊臣秀次|北条氏照(剛柔),謀略家|雄材大略|摂理探究|文明開化|山紫水明|知将の絆|立役者|技巧伝承|柔能制剛,謀略家|雄材大略|摂理探究|文明開化|山紫水明|知将の絆|立役者|技巧伝承|柔能制剛,14832,899,83,0,293,1068,158,641,619,659,618,ステータス計算済み,step116で9因縁780行を「陣形+配置英傑6人セット+発動因縁セット」で重複除外。同一組内は総合値最大の配置を代表として採用。,STEP116_SELECTED_MAX_TOTAL_FROM_STEP106_RECALCULATED_9INEN,step106で各陣形有効ラインから再計算済みの9因縁行を使用し、重複組では総合値最大の配置を残す,魚鱗||通常||9||前田利家(雄材)|北条氏照(剛柔)|武田晴信|細川藤孝(立役)|豊臣秀次|豊臣秀長||山紫水明|技巧伝承|摂理探究|文明開化|柔能制剛|知将の絆|立役者|謀略家|雄材大略,,step116_9inen_dedup_max_total,19870,19870,step164_verified_normal9,腕力,83
step116_9_魚鱗_000024,STEP116_9INEN_DEDUP_MAX_TOTAL_RESULT,step106_9inen_full_780_dedup_by_hero_set_bond_set_max_total,魚鱗,通常,9,伊奈忠次|ガラシャ(聖)|斎藤利三(神祇)|毛利隆元|豊臣秀吉|酒井忠次(衣鉢),伊奈忠次|ガラシャ(聖)|斎藤利三(神祇)|毛利隆元|豊臣秀吉|酒井忠次(衣鉢),召喚術の絆|摂理探究|世渡り上手の絆|才腕の絆|謀略家|柔能制剛|技巧伝承|天神地祇|雄材大略,召喚術の絆|摂理探究|世渡り上手の絆|才腕の絆|謀略家|柔能制剛|技巧伝承|天神地祇|雄材大略,15387,3129,40,56,394,604,385,596,604,633,577,ステータス計算済み,step116で9因縁780行を「陣形+配置英傑6人セット+発動因縁セット」で重複除外。同一組内は総合値最大の配置を代表として採用。,STEP116_SELECTED_MAX_TOTAL_FROM_STEP106_RECALCULATED_9INEN,step106で各陣形有効ラインから再計算済みの9因縁行を使用し、重複組では総合値最大の配置を残す,魚鱗||通常||9||ガラシャ(聖)|伊奈忠次|斎藤利三(神祇)|毛利隆元|豊臣秀吉|酒井忠次(衣鉢)||世渡り上手の絆|召喚術の絆|天神地祇|才腕の絆|技巧伝承|摂理探究|柔能制剛|謀略家|雄材大略,,step116_9inen_dedup_max_total,22405,22405,step164_verified_normal9,腕力,40
step116_9_魚鱗_000023,STEP116_9INEN_DEDUP_MAX_TOTAL_RESULT,step106_9inen_full_780_dedup_by_hero_set_bond_set_max_total,魚鱗,通常,9,伊奈忠次|ガラシャ(聖)|斎藤利三(神祇)|毛利隆元|豊臣秀吉|酒井忠次(通),伊奈忠次|ガラシャ(聖)|斎藤利三(神祇)|毛利隆元|豊臣秀吉|酒井忠次(通),召喚術の絆|摂理探究|世渡り上手の絆|才腕の絆|謀略家|柔能制剛|技巧伝承|天神地祇|雄材大略,召喚術の絆|摂理探究|世渡り上手の絆|才腕の絆|謀略家|柔能制剛|技巧伝承|天神地祇|雄材大略,15387,3129,40,56,394,604,385,596,604,633,577,ステータス計算済み,step116で9因縁780行を「陣形+配置英傑6人セット+発動因縁セット」で重複除外。同一組内は総合値最大の配置を代表として採用。,STEP116_SELECTED_MAX_TOTAL_FROM_STEP106_RECALCULATED_9INEN,step106で各陣形有効ラインから再計算済みの9因縁行を使用し、重複組では総合値最大の配置を残す,魚鱗||通常||9||ガラシャ(聖)|伊奈忠次|斎藤利三(神祇)|毛利隆元|豊臣秀吉|酒井忠次(通)||世渡り上手の絆|召喚術の絆|天神地祇|才腕の絆|技巧伝承|摂理探究|柔能制剛|謀略家|雄材大略,,step116_9inen_dedup_max_total,22405,22405,step164_verified_normal9,腕力,40
step116_9_魚鱗_000027,STEP116_9INEN_DEDUP_MAX_TOTAL_RESULT,step106_9inen_full_780_dedup_by_hero_set_bond_set_max_total,魚鱗,通常,9,伊奈忠次|サンチョ|斎藤利三(神祇)|毛利隆元|豊臣秀吉|酒井忠次(衣鉢),伊奈忠次|サンチョ|斎藤利三(神祇)|毛利隆元|豊臣秀吉|酒井忠次(衣鉢),召喚術の絆|摂理探究|世渡り上手の絆|才腕の絆|謀略家|柔能制剛|技巧伝承|天神地祇|雄材大略,召喚術の絆|摂理探究|世渡り上手の絆|才腕の絆|謀略家|柔能制剛|技巧伝承|天神地祇|雄材大略,14916,3129,30,44,394,578,385,552,555,574,526,ステータス計算済み,step116で9因縁780行を「陣形+配置英傑6人セット+発動因縁セット」で重複除外。同一組内は総合値最大の配置を代表として採用。,STEP116_SELECTED_MAX_TOTAL_FROM_STEP106_RECALCULATED_9INEN,step106で各陣形有効ラインから再計算済みの9因縁行を使用し、重複組では総合値最大の配置を残す,魚鱗||通常||9||サンチョ|伊奈忠次|斎藤利三(神祇)|毛利隆元|豊臣秀吉|酒井忠次(衣鉢)||世渡り上手の絆|召喚術の絆|天神地祇|才腕の絆|技巧伝承|摂理探究|柔能制剛|謀略家|雄材大略,,step116_9inen_dedup_max_total,21683,21683,step164_verified_normal9,腕力,30
step116_9_魚鱗_000026,STEP116_9INEN_DEDUP_MAX_TOTAL_RESULT,step106_9inen_full_780_dedup_by_hero_set_bond_set_max_total,魚鱗,通常,9,伊奈忠次|サンチョ|斎藤利三(神祇)|毛利隆元|豊臣秀吉|酒井忠次(通),伊奈忠次|サンチョ|斎藤利三(神祇)|毛利隆元|豊臣秀吉|酒井忠次(通),召喚術の絆|摂理探究|世渡り上手の絆|才腕の絆|謀略家|柔能制剛|技巧伝承|天神地祇|雄材大略,召喚術の絆|摂理探究|世渡り上手の絆|才腕の絆|謀略家|柔能制剛|技巧伝承|天神地祇|雄材大略,14916,3129,30,44,394,578,385,552,555,574,526,ステータス計算済み,step116で9因縁780行を「陣形+配置英傑6人セット+発動因縁セット」で重複除外。同一組内は総合値最大の配置を代表として採用。,STEP116_SELECTED_MAX_TOTAL_FROM_STEP106_RECALCULATED_9INEN,step106で各陣形有効ラインから再計算済みの9因縁行を使用し、重複組では総合値最大の配置を残す,魚鱗||通常||9||サンチョ|伊奈忠次|斎藤利三(神祇)|毛利隆元|豊臣秀吉|酒井忠次(通)||世渡り上手の絆|召喚術の絆|天神地祇|才腕の絆|技巧伝承|摂理探究|柔能制剛|謀略家|雄材大略,,step116_9inen_dedup_max_total,21683,21683,step164_verified_normal9,腕力,30
step116_9_魚鱗_000028,STEP116_9INEN_DEDUP_MAX_TOTAL_RESULT,step106_9inen_full_780_dedup_by_hero_set_bond_set_max_total,魚鱗,通常,9,長野業正|山中鹿之介|島左近|細川忠興(山紫)|明智光秀(闇)|小松姫,長野業正|山中鹿之介|島左近|細川忠興(山紫)|明智光秀(闇)|小松姫,侍|根性の絆|もののふ|泰然自若|鬼の絆|流行創出|戦場の華|老練闊達|勇猛果敢,侍|根性の絆|もののふ|泰然自若|鬼の絆|流行創出|戦場の華|老練闊達|勇猛果敢,14897,3081,668,489,104,137,254,421,458,473,447,ステータス計算済み,step116で9因縁780行を「陣形+配置英傑6人セット+発動因縁セット」で重複除外。同一組内は総合値最大の配置を代表として採用。,STEP116_SELECTED_MAX_TOTAL_FROM_STEP106_RECALCULATED_9INEN,step106で各陣形有効ラインから再計算済みの9因縁行を使用し、重複組では総合値最大の配置を残す,魚鱗||通常||9||小松姫|山中鹿之介|島左近|明智光秀(闇)|細川忠興(山紫)|長野業正||もののふ|侍|勇猛果敢|戦場の華|根性の絆|泰然自若|流行創出|老練闊達|鬼の絆,,step116_9inen_dedup_max_total,21429,21429,step164_verified_normal9,耐久力,489
step116_9_魚鱗_000029,STEP116_9INEN_DEDUP_MAX_TOTAL_RESULT,step106_9inen_full_780_dedup_by_hero_set_bond_set_max_total,魚鱗,通常,9,長野業正|山県昌景(泰然)|島左近|細川忠興(山紫)|明智光秀(闇)|小松姫,長野業正|山県昌景(泰然)|島左近|細川忠興(山紫)|明智光秀(闇)|小松姫,侍|根性の絆|もののふ|泰然自若|鬼の絆|流行創出|戦場の華|老練闊達|勇猛果敢,侍|根性の絆|もののふ|泰然自若|鬼の絆|流行創出|戦場の華|老練闊達|勇猛果敢,14844,3061,666,489,104,137,248,428,465,470,452,ステータス計算済み,step116で9因縁780行を「陣形+配置英傑6人セット+発動因縁セット」で重複除外。同一組内は総合値最大の配置を代表として採用。,STEP116_SELECTED_MAX_TOTAL_FROM_STEP106_RECALCULATED_9INEN,step106で各陣形有効ラインから再計算済みの9因縁行を使用し、重複組では総合値最大の配置を残す,魚鱗||通常||9||小松姫|山県昌景(泰然)|島左近|明智光秀(闇)|細川忠興(山紫)|長野業正||もののふ|侍|勇猛果敢|戦場の華|根性の絆|泰然自若|流行創出|老練闊達|鬼の絆,,step116_9inen_dedup_max_total,21364,21364,step164_verified_normal9,耐久力,489
step116_9_魚鱗_000021,STEP116_9INEN_DEDUP_MAX_TOTAL_RESULT,step106_9inen_full_780_dedup_by_hero_set_bond_set_max_total,魚鱗,通常,9,山中鹿之介|吉川元春|井伊直虎|宮本武蔵(涼)|島左近|長野業正,山中鹿之介|吉川元春|井伊直虎|宮本武蔵(涼)|島左近|長野業正,猛将の絆|勇猛果敢|意気衝天|軍学の絆|豪傑|侍|根性の絆|もののふ|泰然自若,猛将の絆|勇猛果敢|意気衝天|軍学の絆|豪傑|侍|根性の絆|もののふ|泰然自若,16076,4022,806,411,192,149,204,210,217,243,222,ステータス計算済み,step116で9因縁780行を「陣形+配置英傑6人セット+発動因縁セット」で重複除外。同一組内は総合値最大の配置を代表として採用。,STEP116_SELECTED_MAX_TOTAL_FROM_STEP106_RECALCULATED_9INEN,step106で各陣形有効ラインから再計算済みの9因縁行を使用し、重複組では総合値最大の配置を残す,魚鱗||通常||9||井伊直虎|吉川元春|宮本武蔵(涼)|山中鹿之介|島左近|長野業正||もののふ|侍|勇猛果敢|意気衝天|根性の絆|泰然自若|猛将の絆|豪傑|軍学の絆,,step116_9inen_dedup_max_total,22752,22752,step164_verified_normal9,耐久力,411
step116_9_魚鱗_000022,STEP116_9INEN_DEDUP_MAX_TOTAL_RESULT,step106_9inen_full_780_dedup_by_hero_set_bond_set_max_total,魚鱗,通常,9,山中鹿之介|長野業正|島左近|山県昌景|井伊直虎|吉川元春,山中鹿之介|長野業正|島左近|山県昌景|井伊直虎|吉川元春,侍|根性の絆|もののふ|泰然自若|軍学の絆|豪傑|猛将の絆|勇猛果敢|意気衝天,侍|根性の絆|もののふ|泰然自若|軍学の絆|豪傑|猛将の絆|勇猛果敢|意気衝天,15788,4022,781,403,192,144,197,210,217,243,222,ステータス計算済み,step116で9因縁780行を「陣形+配置英傑6人セット+発動因縁セット」で重複除外。同一組内は総合値最大の配置を代表として採用。,STEP116_SELECTED_MAX_TOTAL_FROM_STEP106_RECALCULATED_9INEN,step106で各陣形有効ラインから再計算済みの9因縁行を使用し、重複組では総合値最大の配置を残す,魚鱗||通常||9||井伊直虎|吉川元春|山中鹿之介|山県昌景|島左近|長野業正||もののふ|侍|勇猛果敢|意気衝天|根性の絆|泰然自若|猛将の絆|豪傑|軍学の絆,,step116_9inen_dedup_max_total,22419,22419,step164_verified_normal9,耐久力,403
step116_9_魚鱗_000025,STEP116_9INEN_DEDUP_MAX_TOTAL_RESULT,step106_9inen_full_780_dedup_by_hero_set_bond_set_max_total,魚鱗,通常,9,山中鹿之介|吉川元春|井伊直虎|柿崎景家|島左近|長野業正,山中鹿之介|吉川元春|井伊直虎|柿崎景家|島左近|長野業正,猛将の絆|勇猛果敢|意気衝天|軍学の絆|豪傑|侍|根性の絆|もののふ|泰然自若,猛将の絆|勇猛果敢|意気衝天|軍学の絆|豪傑|侍|根性の絆|もののふ|泰然自若,15696,4022,784,402,192,144,197,210,217,243,222,ステータス計算済み,step116で9因縁780行を「陣形+配置英傑6人セット+発動因縁セット」で重複除外。同一組内は総合値最大の配置を代表として採用。,STEP116_SELECTED_MAX_TOTAL_FROM_STEP106_RECALCULATED_9INEN,step106で各陣形有効ラインから再計算済みの9因縁行を使用し、重複組では総合値最大の配置を残す,魚鱗||通常||9||井伊直虎|吉川元春|山中鹿之介|島左近|柿崎景家|長野業正||もののふ|侍|勇猛果敢|意気衝天|根性の絆|泰然自若|猛将の絆|豪傑|軍学の絆,,step116_9inen_dedup_max_total,22329,22329,step164_verified_normal9,耐久力,402
step116_9_魚鱗_000033,STEP116_9INEN_DEDUP_MAX_TOTAL_RESULT,step106_9inen_full_780_dedup_by_hero_set_bond_set_max_total,魚鱗,通常,9,山中鹿之介|島左近|長野業正|明智光秀(闇)|小松姫|伊達政宗(起源),山中鹿之介|島左近|長野業正|明智光秀(闇)|小松姫|伊達政宗(起源),侍|根性の絆|もののふ|泰然自若|戦場の華|老練闊達|勇猛果敢|武芸の絆|意気衝天,侍|根性の絆|もののふ|泰然自若|戦場の華|老練闊達|勇猛果敢|武芸の絆|意気衝天,14439,3655,559,392,225,110,254,210,217,243,222,ステータス計算済み,step116で9因縁780行を「陣形+配置英傑6人セット+発動因縁セット」で重複除外。同一組内は総合値最大の配置を代表として採用。,STEP116_SELECTED_MAX_TOTAL_FROM_STEP106_RECALCULATED_9INEN,step106で各陣形有効ラインから再計算済みの9因縁行を使用し、重複組では総合値最大の配置を残す,魚鱗||通常||9||伊達政宗(起源)|小松姫|山中鹿之介|島左近|明智光秀(闇)|長野業正||もののふ|侍|勇猛果敢|意気衝天|戦場の華|根性の絆|武芸の絆|泰然自若|老練闊達,,step116_9inen_dedup_max_total,20526,20526,step164_verified_normal9,耐久力,392
step116_9_魚鱗_000034,STEP116_9INEN_DEDUP_MAX_TOTAL_RESULT,step106_9inen_full_780_dedup_by_hero_set_bond_set_max_total,魚鱗,通常,9,山県昌景(泰然)|島左近|長野業正|明智光秀(闇)|小松姫|伊達政宗(起源),山県昌景(泰然)|島左近|長野業正|明智光秀(闇)|小松姫|伊達政宗(起源),侍|根性の絆|もののふ|泰然自若|戦場の華|老練闊達|勇猛果敢|武芸の絆|意気衝天,侍|根性の絆|もののふ|泰然自若|戦場の華|老練闊達|勇猛果敢|武芸の絆|意気衝天,14359,3561,556,392,221,110,248,217,224,240,227,ステータス計算済み,step116で9因縁780行を「陣形+配置英傑6人セット+発動因縁セット」で重複除外。同一組内は総合値最大の配置を代表として採用。,STEP116_SELECTED_MAX_TOTAL_FROM_STEP106_RECALCULATED_9INEN,step106で各陣形有効ラインから再計算済みの9因縁行を使用し、重複組では総合値最大の配置を残す,魚鱗||通常||9||伊達政宗(起源)|小松姫|山県昌景(泰然)|島左近|明智光秀(闇)|長野業正||もののふ|侍|勇猛果敢|意気衝天|戦場の華|根性の絆|武芸の絆|泰然自若|老練闊達,,step116_9inen_dedup_max_total,20355,20355,step164_verified_normal9,耐久力,392
step116_9_魚鱗_000038,STEP116_9INEN_DEDUP_MAX_TOTAL_RESULT,step106_9inen_full_780_dedup_by_hero_set_bond_set_max_total,魚鱗,通常,9,山中鹿之介|島左近|長野業正|明智光秀(闇)|小松姫|井伊直政,山中鹿之介|島左近|長野業正|明智光秀(闇)|小松姫|井伊直政,侍|根性の絆|もののふ|泰然自若|戦場の華|老練闊達|勇猛果敢|武芸の絆|意気衝天,侍|根性の絆|もののふ|泰然自若|戦場の華|老練闊達|勇猛果敢|武芸の絆|意気衝天,13961,3406,547,386,203,97,254,210,217,243,222,ステータス計算済み,step116で9因縁780行を「陣形+配置英傑6人セット+発動因縁セット」で重複除外。同一組内は総合値最大の配置を代表として採用。,STEP116_SELECTED_MAX_TOTAL_FROM_STEP106_RECALCULATED_9INEN,step106で各陣形有効ラインから再計算済みの9因縁行を使用し、重複組では総合値最大の配置を残す,魚鱗||通常||9||井伊直政|小松姫|山中鹿之介|島左近|明智光秀(闇)|長野業正||もののふ|侍|勇猛果敢|意気衝天|戦場の華|根性の絆|武芸の絆|泰然自若|老練闊達,,step116_9inen_dedup_max_total,19746,19746,step164_verified_normal9,耐久力,386
step116_9_魚鱗_000040,STEP116_9INEN_DEDUP_MAX_TOTAL_RESULT,step106_9inen_full_780_dedup_by_hero_set_bond_set_max_total,魚鱗,通常,9,山県昌景(泰然)|島左近|長野業正|明智光秀(闇)|小松姫|井伊直政,山県昌景(泰然)|島左近|長野業正|明智光秀(闇)|小松姫|井伊直政,侍|根性の絆|もののふ|泰然自若|戦場の華|老練闊達|勇猛果敢|武芸の絆|意気衝天,侍|根性の絆|もののふ|泰然自若|戦場の華|老練闊達|勇猛果敢|武芸の絆|意気衝天,13882,3313,544,386,199,96,248,217,224,240,227,ステータス計算済み,step116で9因縁780行を「陣形+配置英傑6人セット+発動因縁セット」で重複除外。同一組内は総合値最大の配置を代表として採用。,STEP116_SELECTED_MAX_TOTAL_FROM_STEP106_RECALCULATED_9INEN,step106で各陣形有効ラインから再計算済みの9因縁行を使用し、重複組では総合値最大の配置を残す,魚鱗||通常||9||井伊直政|小松姫|山県昌景(泰然)|島左近|明智光秀(闇)|長野業正||もののふ|侍|勇猛果敢|意気衝天|戦場の華|根性の絆|武芸の絆|泰然自若|老練闊達,,step116_9inen_dedup_max_total,19576,19576,step164_verified_normal9,耐久力,386
step116_9_魚鱗_000037,STEP116_9INEN_DEDUP_MAX_TOTAL_RESULT,step106_9inen_full_780_dedup_by_hero_set_bond_set_max_total,魚鱗,通常,9,山中鹿之介|島左近|長野業正|明智光秀(闇)|小松姫|十河一存,山中鹿之介|島左近|長野業正|明智光秀(闇)|小松姫|十河一存,侍|根性の絆|もののふ|泰然自若|戦場の華|老練闊達|勇猛果敢|武芸の絆|意気衝天,侍|根性の絆|もののふ|泰然自若|戦場の華|老練闊達|勇猛果敢|武芸の絆|意気衝天,13961,3406,548,385,207,97,254,210,217,243,222,ステータス計算済み,step116で9因縁780行を「陣形+配置英傑6人セット+発動因縁セット」で重複除外。同一組内は総合値最大の配置を代表として採用。,STEP116_SELECTED_MAX_TOTAL_FROM_STEP106_RECALCULATED_9INEN,step106で各陣形有効ラインから再計算済みの9因縁行を使用し、重複組では総合値最大の配置を残す,魚鱗||通常||9||十河一存|小松姫|山中鹿之介|島左近|明智光秀(闇)|長野業正||もののふ|侍|勇猛果敢|意気衝天|戦場の華|根性の絆|武芸の絆|泰然自若|老練闊達,,step116_9inen_dedup_max_total,19750,19750,step164_verified_normal9,耐久力,385
step116_9_魚鱗_000039,STEP116_9INEN_DEDUP_MAX_TOTAL_RESULT,step106_9inen_full_780_dedup_by_hero_set_bond_set_max_total,魚鱗,通常,9,山県昌景(泰然)|島左近|長野業正|明智光秀(闇)|小松姫|十河一存,山県昌景(泰然)|島左近|長野業正|明智光秀(闇)|小松姫|十河一存,侍|根性の絆|もののふ|泰然自若|戦場の華|老練闊達|勇猛果敢|武芸の絆|意気衝天,侍|根性の絆|もののふ|泰然自若|戦場の華|老練闊達|勇猛果敢|武芸の絆|意気衝天,13882,3313,545,385,203,96,248,217,224,240,227,ステータス計算済み,step116で9因縁780行を「陣形+配置英傑6人セット+発動因縁セット」で重複除外。同一組内は総合値最大の配置を代表として採用。,STEP116_SELECTED_MAX_TOTAL_FROM_STEP106_RECALCULATED_9INEN,step106で各陣形有効ラインから再計算済みの9因縁行を使用し、重複組では総合値最大の配置を残す,魚鱗||通常||9||十河一存|小松姫|山県昌景(泰然)|島左近|明智光秀(闇)|長野業正||もののふ|侍|勇猛果敢|意気衝天|戦場の華|根性の絆|武芸の絆|泰然自若|老練闊達,,step116_9inen_dedup_max_total,19580,19580,step164_verified_normal9,耐久力,385
step116_9_魚鱗_000031,STEP116_9INEN_DEDUP_MAX_TOTAL_RESULT,step106_9inen_full_780_dedup_by_hero_set_bond_set_max_total,魚鱗,通常,9,長野業正|山中鹿之介|島左近|豊臣秀次|明智光秀(闇)|小松姫,長野業正|山中鹿之介|島左近|豊臣秀次|明智光秀(闇)|小松姫,侍|根性の絆|もののふ|泰然自若|謀略家|流行創出|戦場の華|老練闊達|勇猛果敢,侍|根性の絆|もののふ|泰然自若|謀略家|流行創出|戦場の華|老練闊達|勇猛果敢,14515,2995,466,342,104,277,254,397,422,445,418,ステータス計算済み,step116で9因縁780行を「陣形+配置英傑6人セット+発動因縁セット」で重複除外。同一組内は総合値最大の配置を代表として採用。,STEP116_SELECTED_MAX_TOTAL_FROM_STEP106_RECALCULATED_9INEN,step106で各陣形有効ラインから再計算済みの9因縁行を使用し、重複組では総合値最大の配置を残す,魚鱗||通常||9||小松姫|山中鹿之介|島左近|明智光秀(闇)|豊臣秀次|長野業正||もののふ|侍|勇猛果敢|戦場の華|根性の絆|泰然自若|流行創出|老練闊達|謀略家,,step116_9inen_dedup_max_total,20635,20635,step164_verified_normal9,耐久力,342
step116_9_魚鱗_000032,STEP116_9INEN_DEDUP_MAX_TOTAL_RESULT,step106_9inen_full_780_dedup_by_hero_set_bond_set_max_total,魚鱗,通常,9,長野業正|山県昌景(泰然)|島左近|豊臣秀次|明智光秀(闇)|小松姫,長野業正|山県昌景(泰然)|島左近|豊臣秀次|明智光秀(闇)|小松姫,侍|根性の絆|もののふ|泰然自若|謀略家|流行創出|戦場の華|老練闊達|勇猛果敢,侍|根性の絆|もののふ|泰然自若|謀略家|流行創出|戦場の華|老練闊達|勇猛果敢,14462,2975,464,342,104,277,248,404,429,442,423,ステータス計算済み,step116で9因縁780行を「陣形+配置英傑6人セット+発動因縁セット」で重複除外。同一組内は総合値最大の配置を代表として採用。,STEP116_SELECTED_MAX_TOTAL_FROM_STEP106_RECALCULATED_9INEN,step106で各陣形有効ラインから再計算済みの9因縁行を使用し、重複組では総合値最大の配置を残す,魚鱗||通常||9||小松姫|山県昌景(泰然)|島左近|明智光秀(闇)|豊臣秀次|長野業正||もののふ|侍|勇猛果敢|戦場の華|根性の絆|泰然自若|流行創出|老練闊達|謀略家,,step116_9inen_dedup_max_total,20570,20570,step164_verified_normal9,耐久力,342
step116_9_魚鱗_000002,STEP116_9INEN_DEDUP_MAX_TOTAL_RESULT,step106_9inen_full_780_dedup_by_hero_set_bond_set_max_total,魚鱗,通常,9,武田晴信|愛姫(起源)|細川藤孝(立役)|今川義元|前田利家|鍋島直茂(乱雲),武田晴信|愛姫(起源)|細川藤孝(立役)|今川義元|前田利家|鍋島直茂(乱雲),健康第一|老練闊達|質実剛健|文明開化|山紫水明|巧言令色|謀略家|雄材大略|摂理探究,健康第一|老練闊達|質実剛健|文明開化|山紫水明|巧言令色|謀略家|雄材大略|摂理探究,15234,4833,161,231,0,715,313,483,506,501,469,ステータス計算済み,step116で9因縁780行を「陣形+配置英傑6人セット+発動因縁セット」で重複除外。同一組内は総合値最大の配置を代表として採用。,STEP116_SELECTED_MAX_TOTAL_FROM_STEP106_RECALCULATED_9INEN,step106で各陣形有効ラインから再計算済みの9因縁行を使用し、重複組では総合値最大の配置を残す,魚鱗||通常||9||今川義元|前田利家|愛姫(起源)|武田晴信|細川藤孝(立役)|鍋島直茂(乱雲)||健康第一|山紫水明|巧言令色|摂理探究|文明開化|老練闊達|謀略家|質実剛健|雄材大略,,step116_9inen_dedup_max_total,23446,23446,step164_verified_normal9,耐久力,231
step116_9_魚鱗_000001,STEP116_9INEN_DEDUP_MAX_TOTAL_RESULT,step106_9inen_full_780_dedup_by_hero_set_bond_set_max_total,魚鱗,通常,9,前田利家(雄材)|鍋島直茂(乱雲)|武田晴信|愛姫(起源)|細川藤孝(立役)|今川義元,前田利家(雄材)|鍋島直茂(乱雲)|武田晴信|愛姫(起源)|細川藤孝(立役)|今川義元,謀略家|雄材大略|摂理探究|健康第一|老練闊達|質実剛健|文明開化|山紫水明|巧言令色,謀略家|雄材大略|摂理探究|健康第一|老練闊達|質実剛健|文明開化|山紫水明|巧言令色,15234,4833,161,231,0,715,313,483,506,501,469,ステータス計算済み,step116で9因縁780行を「陣形+配置英傑6人セット+発動因縁セット」で重複除外。同一組内は総合値最大の配置を代表として採用。,STEP116_SELECTED_MAX_TOTAL_FROM_STEP106_RECALCULATED_9INEN,step106で各陣形有効ラインから再計算済みの9因縁行を使用し、重複組では総合値最大の配置を残す,魚鱗||通常||9||今川義元|前田利家(雄材)|愛姫(起源)|武田晴信|細川藤孝(立役)|鍋島直茂(乱雲)||健康第一|山紫水明|巧言令色|摂理探究|文明開化|老練闊達|謀略家|質実剛健|雄材大略,,step116_9inen_dedup_max_total,23446,23446,step164_verified_normal9,耐久力,231
step116_9_魚鱗_000006,STEP116_9INEN_DEDUP_MAX_TOTAL_RESULT,step106_9inen_full_780_dedup_by_hero_set_bond_set_max_total,魚鱗,通常,9,武田晴信|愛姫(起源)|細川藤孝(立役)|今川義元|前田利家|片倉景綱(右腕),武田晴信|愛姫(起源)|細川藤孝(立役)|今川義元|前田利家|片倉景綱(右腕),健康第一|老練闊達|質実剛健|文明開化|山紫水明|巧言令色|謀略家|雄材大略|摂理探究,健康第一|老練闊達|質実剛健|文明開化|山紫水明|巧言令色|謀略家|雄材大略|摂理探究,15159,4827,167,231,0,715,313,488,504,513,469,ステータス計算済み,step116で9因縁780行を「陣形+配置英傑6人セット+発動因縁セット」で重複除外。同一組内は総合値最大の配置を代表として採用。,STEP116_SELECTED_MAX_TOTAL_FROM_STEP106_RECALCULATED_9INEN,step106で各陣形有効ラインから再計算済みの9因縁行を使用し、重複組では総合値最大の配置を残す,魚鱗||通常||9||今川義元|前田利家|愛姫(起源)|武田晴信|片倉景綱(右腕)|細川藤孝(立役)||健康第一|山紫水明|巧言令色|摂理探究|文明開化|老練闊達|謀略家|質実剛健|雄材大略,,step116_9inen_dedup_max_total,23386,23386,step164_verified_normal9,耐久力,231
step116_9_魚鱗_000005,STEP116_9INEN_DEDUP_MAX_TOTAL_RESULT,step106_9inen_full_780_dedup_by_hero_set_bond_set_max_total,魚鱗,通常,9,前田利家(雄材)|片倉景綱(右腕)|武田晴信|愛姫(起源)|細川藤孝(立役)|今川義元,前田利家(雄材)|片倉景綱(右腕)|武田晴信|愛姫(起源)|細川藤孝(立役)|今川義元,謀略家|雄材大略|摂理探究|健康第一|老練闊達|質実剛健|文明開化|山紫水明|巧言令色,謀略家|雄材大略|摂理探究|健康第一|老練闊達|質実剛健|文明開化|山紫水明|巧言令色,15159,4827,167,231,0,715,313,488,504,513,469,ステータス計算済み,step116で9因縁780行を「陣形+配置英傑6人セット+発動因縁セット」で重複除外。同一組内は総合値最大の配置を代表として採用。,STEP116_SELECTED_MAX_TOTAL_FROM_STEP106_RECALCULATED_9INEN,step106で各陣形有効ラインから再計算済みの9因縁行を使用し、重複組では総合値最大の配置を残す,魚鱗||通常||9||今川義元|前田利家(雄材)|愛姫(起源)|武田晴信|片倉景綱(右腕)|細川藤孝(立役)||健康第一|山紫水明|巧言令色|摂理探究|文明開化|老練闊達|謀略家|質実剛健|雄材大略,,step116_9inen_dedup_max_total,23386,23386,step164_verified_normal9,耐久力,231
step116_9_魚鱗_000010,STEP116_9INEN_DEDUP_MAX_TOTAL_RESULT,step106_9inen_full_780_dedup_by_hero_set_bond_set_max_total,魚鱗,通常,9,武田晴信|愛姫(起源)|細川藤孝(立役)|今川義元|前田利家|豊臣秀長,武田晴信|愛姫(起源)|細川藤孝(立役)|今川義元|前田利家|豊臣秀長,健康第一|老練闊達|質実剛健|文明開化|山紫水明|巧言令色|謀略家|雄材大略|摂理探究,健康第一|老練闊達|質実剛健|文明開化|山紫水明|巧言令色|謀略家|雄材大略|摂理探究,15036,4864,157,231,0,719,313,490,509,512,472,ステータス計算済み,step116で9因縁780行を「陣形+配置英傑6人セット+発動因縁セット」で重複除外。同一組内は総合値最大の配置を代表として採用。,STEP116_SELECTED_MAX_TOTAL_FROM_STEP106_RECALCULATED_9INEN,step106で各陣形有効ラインから再計算済みの9因縁行を使用し、重複組では総合値最大の配置を残す,魚鱗||通常||9||今川義元|前田利家|愛姫(起源)|武田晴信|細川藤孝(立役)|豊臣秀長||健康第一|山紫水明|巧言令色|摂理探究|文明開化|老練闊達|謀略家|質実剛健|雄材大略,,step116_9inen_dedup_max_total,23303,23303,step164_verified_normal9,耐久力,231
step116_9_魚鱗_000009,STEP116_9INEN_DEDUP_MAX_TOTAL_RESULT,step106_9inen_full_780_dedup_by_hero_set_bond_set_max_total,魚鱗,通常,9,前田利家(雄材)|豊臣秀長|武田晴信|愛姫(起源)|細川藤孝(立役)|今川義元,前田利家(雄材)|豊臣秀長|武田晴信|愛姫(起源)|細川藤孝(立役)|今川義元,謀略家|雄材大略|摂理探究|健康第一|老練闊達|質実剛健|文明開化|山紫水明|巧言令色,謀略家|雄材大略|摂理探究|健康第一|老練闊達|質実剛健|文明開化|山紫水明|巧言令色,15036,4864,157,231,0,719,313,490,509,512,472,ステータス計算済み,step116で9因縁780行を「陣形+配置英傑6人セット+発動因縁セット」で重複除外。同一組内は総合値最大の配置を代表として採用。,STEP116_SELECTED_MAX_TOTAL_FROM_STEP106_RECALCULATED_9INEN,step106で各陣形有効ラインから再計算済みの9因縁行を使用し、重複組では総合値最大の配置を残す,魚鱗||通常||9||今川義元|前田利家(雄材)|愛姫(起源)|武田晴信|細川藤孝(立役)|豊臣秀長||健康第一|山紫水明|巧言令色|摂理探究|文明開化|老練闊達|謀略家|質実剛健|雄材大略,,step116_9inen_dedup_max_total,23303,23303,step164_verified_normal9,耐久力,231
step116_9_魚鱗_000014,STEP116_9INEN_DEDUP_MAX_TOTAL_RESULT,step106_9inen_full_780_dedup_by_hero_set_bond_set_max_total,魚鱗,通常,9,武田晴信|愛姫(起源)|細川藤孝(立役)|今川義元|前田利家|丹羽長秀(風雲),武田晴信|愛姫(起源)|細川藤孝(立役)|今川義元|前田利家|丹羽長秀(風雲),健康第一|老練闊達|質実剛健|文明開化|山紫水明|巧言令色|謀略家|雄材大略|摂理探究,健康第一|老練闊達|質実剛健|文明開化|山紫水明|巧言令色|謀略家|雄材大略|摂理探究,14973,4838,144,231,0,712,313,474,517,517,456,ステータス計算済み,step116で9因縁780行を「陣形+配置英傑6人セット+発動因縁セット」で重複除外。同一組内は総合値最大の配置を代表として採用。,STEP116_SELECTED_MAX_TOTAL_FROM_STEP106_RECALCULATED_9INEN,step106で各陣形有効ラインから再計算済みの9因縁行を使用し、重複組では総合値最大の配置を残す,魚鱗||通常||9||丹羽長秀(風雲)|今川義元|前田利家|愛姫(起源)|武田晴信|細川藤孝(立役)||健康第一|山紫水明|巧言令色|摂理探究|文明開化|老練闊達|謀略家|質実剛健|雄材大略,,step116_9inen_dedup_max_total,23175,23175,step164_verified_normal9,耐久力,231
step116_9_魚鱗_000013,STEP116_9INEN_DEDUP_MAX_TOTAL_RESULT,step106_9inen_full_780_dedup_by_hero_set_bond_set_max_total,魚鱗,通常,9,前田利家(雄材)|丹羽長秀(風雲)|武田晴信|愛姫(起源)|細川藤孝(立役)|今川義元,前田利家(雄材)|丹羽長秀(風雲)|武田晴信|愛姫(起源)|細川藤孝(立役)|今川義元,謀略家|雄材大略|摂理探究|健康第一|老練闊達|質実剛健|文明開化|山紫水明|巧言令色,謀略家|雄材大略|摂理探究|健康第一|老練闊達|質実剛健|文明開化|山紫水明|巧言令色,14973,4838,144,231,0,712,313,474,517,517,456,ステータス計算済み,step116で9因縁780行を「陣形+配置英傑6人セット+発動因縁セット」で重複除外。同一組内は総合値最大の配置を代表として採用。,STEP116_SELECTED_MAX_TOTAL_FROM_STEP106_RECALCULATED_9INEN,step106で各陣形有効ラインから再計算済みの9因縁行を使用し、重複組では総合値最大の配置を残す,魚鱗||通常||9||丹羽長秀(風雲)|今川義元|前田利家(雄材)|愛姫(起源)|武田晴信|細川藤孝(立役)||健康第一|山紫水明|巧言令色|摂理探究|文明開化|老練闊達|謀略家|質実剛健|雄材大略,,step116_9inen_dedup_max_total,23175,23175,step164_verified_normal9,耐久力,231
step116_9_魚鱗_000016,STEP116_9INEN_DEDUP_MAX_TOTAL_RESULT,step106_9inen_full_780_dedup_by_hero_set_bond_set_max_total,魚鱗,通常,9,武田晴信|愛姫(起源)|細川藤孝(立役)|今川義元|前田利家|竹中半兵衛(右腕),武田晴信|愛姫(起源)|細川藤孝(立役)|今川義元|前田利家|竹中半兵衛(右腕),健康第一|老練闊達|質実剛健|文明開化|山紫水明|巧言令色|謀略家|雄材大略|摂理探究,健康第一|老練闊達|質実剛健|文明開化|山紫水明|巧言令色|謀略家|雄材大略|摂理探究,14808,4896,149,231,0,720,313,502,521,521,484,ステータス計算済み,step116で9因縁780行を「陣形+配置英傑6人セット+発動因縁セット」で重複除外。同一組内は総合値最大の配置を代表として採用。,STEP116_SELECTED_MAX_TOTAL_FROM_STEP106_RECALCULATED_9INEN,step106で各陣形有効ラインから再計算済みの9因縁行を使用し、重複組では総合値最大の配置を残す,魚鱗||通常||9||今川義元|前田利家|愛姫(起源)|武田晴信|竹中半兵衛(右腕)|細川藤孝(立役)||健康第一|山紫水明|巧言令色|摂理探究|文明開化|老練闊達|謀略家|質実剛健|雄材大略,,step116_9inen_dedup_max_total,23145,23145,step164_verified_normal9,耐久力,231
step116_9_魚鱗_000015,STEP116_9INEN_DEDUP_MAX_TOTAL_RESULT,step106_9inen_full_780_dedup_by_hero_set_bond_set_max_total,魚鱗,通常,9,前田利家(雄材)|竹中半兵衛(右腕)|武田晴信|愛姫(起源)|細川藤孝(立役)|今川義元,前田利家(雄材)|竹中半兵衛(右腕)|武田晴信|愛姫(起源)|細川藤孝(立役)|今川義元,謀略家|雄材大略|摂理探究|健康第一|老練闊達|質実剛健|文明開化|山紫水明|巧言令色,謀略家|雄材大略|摂理探究|健康第一|老練闊達|質実剛健|文明開化|山紫水明|巧言令色,14808,4896,149,231,0,720,313,502,521,521,484,ステータス計算済み,step116で9因縁780行を「陣形+配置英傑6人セット+発動因縁セット」で重複除外。同一組内は総合値最大の配置を代表として採用。,STEP116_SELECTED_MAX_TOTAL_FROM_STEP106_RECALCULATED_9INEN,step106で各陣形有効ラインから再計算済みの9因縁行を使用し、重複組では総合値最大の配置を残す,魚鱗||通常||9||今川義元|前田利家(雄材)|愛姫(起源)|武田晴信|竹中半兵衛(右腕)|細川藤孝(立役)||健康第一|山紫水明|巧言令色|摂理探究|文明開化|老練闊達|謀略家|質実剛健|雄材大略,,step116_9inen_dedup_max_total,23145,23145,step164_verified_normal9,耐久力,231
step116_9_魚鱗_000004,STEP116_9INEN_DEDUP_MAX_TOTAL_RESULT,step106_9inen_full_780_dedup_by_hero_set_bond_set_max_total,魚鱗,通常,9,武田晴信|高台院|細川藤孝(立役)|今川義元|前田利家|鍋島直茂(乱雲),武田晴信|高台院|細川藤孝(立役)|今川義元|前田利家|鍋島直茂(乱雲),健康第一|老練闊達|質実剛健|文明開化|山紫水明|巧言令色|謀略家|雄材大略|摂理探究,健康第一|老練闊達|質実剛健|文明開化|山紫水明|巧言令色|謀略家|雄材大略|摂理探究,15237,4808,149,226,0,719,313,482,504,497,466,ステータス計算済み,step116で9因縁780行を「陣形+配置英傑6人セット+発動因縁セット」で重複除外。同一組内は総合値最大の配置を代表として採用。,STEP116_SELECTED_MAX_TOTAL_FROM_STEP106_RECALCULATED_9INEN,step106で各陣形有効ラインから再計算済みの9因縁行を使用し、重複組では総合値最大の配置を残す,魚鱗||通常||9||今川義元|前田利家|武田晴信|細川藤孝(立役)|鍋島直茂(乱雲)|高台院||健康第一|山紫水明|巧言令色|摂理探究|文明開化|老練闊達|謀略家|質実剛健|雄材大略,,step116_9inen_dedup_max_total,23401,23401,step164_verified_normal9,耐久力,226
step116_9_魚鱗_000003,STEP116_9INEN_DEDUP_MAX_TOTAL_RESULT,step106_9inen_full_780_dedup_by_hero_set_bond_set_max_total,魚鱗,通常,9,前田利家(雄材)|鍋島直茂(乱雲)|武田晴信|高台院|細川藤孝(立役)|今川義元,前田利家(雄材)|鍋島直茂(乱雲)|武田晴信|高台院|細川藤孝(立役)|今川義元,謀略家|雄材大略|摂理探究|健康第一|老練闊達|質実剛健|文明開化|山紫水明|巧言令色,謀略家|雄材大略|摂理探究|健康第一|老練闊達|質実剛健|文明開化|山紫水明|巧言令色,15237,4808,149,226,0,719,313,482,504,497,466,ステータス計算済み,step116で9因縁780行を「陣形+配置英傑6人セット+発動因縁セット」で重複除外。同一組内は総合値最大の配置を代表として採用。,STEP116_SELECTED_MAX_TOTAL_FROM_STEP106_RECALCULATED_9INEN,step106で各陣形有効ラインから再計算済みの9因縁行を使用し、重複組では総合値最大の配置を残す,魚鱗||通常||9||今川義元|前田利家(雄材)|武田晴信|細川藤孝(立役)|鍋島直茂(乱雲)|高台院||健康第一|山紫水明|巧言令色|摂理探究|文明開化|老練闊達|謀略家|質実剛健|雄材大略,,step116_9inen_dedup_max_total,23401,23401,step164_verified_normal9,耐久力,226
step116_9_魚鱗_000008,STEP116_9INEN_DEDUP_MAX_TOTAL_RESULT,step106_9inen_full_780_dedup_by_hero_set_bond_set_max_total,魚鱗,通常,9,武田晴信|高台院|細川藤孝(立役)|今川義元|前田利家|片倉景綱(右腕),武田晴信|高台院|細川藤孝(立役)|今川義元|前田利家|片倉景綱(右腕),健康第一|老練闊達|質実剛健|文明開化|山紫水明|巧言令色|謀略家|雄材大略|摂理探究,健康第一|老練闊達|質実剛健|文明開化|山紫水明|巧言令色|謀略家|雄材大略|摂理探究,15162,4802,155,226,0,719,313,487,502,509,466,ステータス計算済み,step116で9因縁780行を「陣形+配置英傑6人セット+発動因縁セット」で重複除外。同一組内は総合値最大の配置を代表として採用。,STEP116_SELECTED_MAX_TOTAL_FROM_STEP106_RECALCULATED_9INEN,step106で各陣形有効ラインから再計算済みの9因縁行を使用し、重複組では総合値最大の配置を残す,魚鱗||通常||9||今川義元|前田利家|武田晴信|片倉景綱(右腕)|細川藤孝(立役)|高台院||健康第一|山紫水明|巧言令色|摂理探究|文明開化|老練闊達|謀略家|質実剛健|雄材大略,,step116_9inen_dedup_max_total,23341,23341,step164_verified_normal9,耐久力,226
step116_9_魚鱗_000007,STEP116_9INEN_DEDUP_MAX_TOTAL_RESULT,step106_9inen_full_780_dedup_by_hero_set_bond_set_max_total,魚鱗,通常,9,前田利家(雄材)|片倉景綱(右腕)|武田晴信|高台院|細川藤孝(立役)|今川義元,前田利家(雄材)|片倉景綱(右腕)|武田晴信|高台院|細川藤孝(立役)|今川義元,謀略家|雄材大略|摂理探究|健康第一|老練闊達|質実剛健|文明開化|山紫水明|巧言令色,謀略家|雄材大略|摂理探究|健康第一|老練闊達|質実剛健|文明開化|山紫水明|巧言令色,15162,4802,155,226,0,719,313,487,502,509,466,ステータス計算済み,step116で9因縁780行を「陣形+配置英傑6人セット+発動因縁セット」で重複除外。同一組内は総合値最大の配置を代表として採用。,STEP116_SELECTED_MAX_TOTAL_FROM_STEP106_RECALCULATED_9INEN,step106で各陣形有効ラインから再計算済みの9因縁行を使用し、重複組では総合値最大の配置を残す,魚鱗||通常||9||今川義元|前田利家(雄材)|武田晴信|片倉景綱(右腕)|細川藤孝(立役)|高台院||健康第一|山紫水明|巧言令色|摂理探究|文明開化|老練闊達|謀略家|質実剛健|雄材大略,,step116_9inen_dedup_max_total,23341,23341,step164_verified_normal9,耐久力,226
step116_9_魚鱗_000012,STEP116_9INEN_DEDUP_MAX_TOTAL_RESULT,step106_9inen_full_780_dedup_by_hero_set_bond_set_max_total,魚鱗,通常,9,武田晴信|高台院|細川藤孝(立役)|今川義元|前田利家|豊臣秀長,武田晴信|高台院|細川藤孝(立役)|今川義元|前田利家|豊臣秀長,健康第一|老練闊達|質実剛健|文明開化|山紫水明|巧言令色|謀略家|雄材大略|摂理探究,健康第一|老練闊達|質実剛健|文明開化|山紫水明|巧言令色|謀略家|雄材大略|摂理探究,15039,4838,145,226,0,723,313,489,507,508,469,ステータス計算済み,step116で9因縁780行を「陣形+配置英傑6人セット+発動因縁セット」で重複除外。同一組内は総合値最大の配置を代表として採用。,STEP116_SELECTED_MAX_TOTAL_FROM_STEP106_RECALCULATED_9INEN,step106で各陣形有効ラインから再計算済みの9因縁行を使用し、重複組では総合値最大の配置を残す,魚鱗||通常||9||今川義元|前田利家|武田晴信|細川藤孝(立役)|豊臣秀長|高台院||健康第一|山紫水明|巧言令色|摂理探究|文明開化|老練闊達|謀略家|質実剛健|雄材大略,,step116_9inen_dedup_max_total,23257,23257,step164_verified_normal9,耐久力,226
step116_9_魚鱗_000011,STEP116_9INEN_DEDUP_MAX_TOTAL_RESULT,step106_9inen_full_780_dedup_by_hero_set_bond_set_max_total,魚鱗,通常,9,前田利家(雄材)|豊臣秀長|武田晴信|高台院|細川藤孝(立役)|今川義元,前田利家(雄材)|豊臣秀長|武田晴信|高台院|細川藤孝(立役)|今川義元,謀略家|雄材大略|摂理探究|健康第一|老練闊達|質実剛健|文明開化|山紫水明|巧言令色,謀略家|雄材大略|摂理探究|健康第一|老練闊達|質実剛健|文明開化|山紫水明|巧言令色,15039,4838,145,226,0,723,313,489,507,508,469,ステータス計算済み,step116で9因縁780行を「陣形+配置英傑6人セット+発動因縁セット」で重複除外。同一組内は総合値最大の配置を代表として採用。,STEP116_SELECTED_MAX_TOTAL_FROM_STEP106_RECALCULATED_9INEN,step106で各陣形有効ラインから再計算済みの9因縁行を使用し、重複組では総合値最大の配置を残す,魚鱗||通常||9||今川義元|前田利家(雄材)|武田晴信|細川藤孝(立役)|豊臣秀長|高台院||健康第一|山紫水明|巧言令色|摂理探究|文明開化|老練闊達|謀略家|質実剛健|雄材大略,,step116_9inen_dedup_max_total,23257,23257,step164_verified_normal9,耐久力,226
step116_9_魚鱗_000018,STEP116_9INEN_DEDUP_MAX_TOTAL_RESULT,step106_9inen_full_780_dedup_by_hero_set_bond_set_max_total,魚鱗,通常,9,武田晴信|高台院|細川藤孝(立役)|今川義元|前田利家|丹羽長秀(風雲),武田晴信|高台院|細川藤孝(立役)|今川義元|前田利家|丹羽長秀(風雲),健康第一|老練闊達|質実剛健|文明開化|山紫水明|巧言令色|謀略家|雄材大略|摂理探究,健康第一|老練闊達|質実剛健|文明開化|山紫水明|巧言令色|謀略家|雄材大略|摂理探究,14976,4813,132,226,0,716,313,473,515,513,453,ステータス計算済み,step116で9因縁780行を「陣形+配置英傑6人セット+発動因縁セット」で重複除外。同一組内は総合値最大の配置を代表として採用。,STEP116_SELECTED_MAX_TOTAL_FROM_STEP106_RECALCULATED_9INEN,step106で各陣形有効ラインから再計算済みの9因縁行を使用し、重複組では総合値最大の配置を残す,魚鱗||通常||9||丹羽長秀(風雲)|今川義元|前田利家|武田晴信|細川藤孝(立役)|高台院||健康第一|山紫水明|巧言令色|摂理探究|文明開化|老練闊達|謀略家|質実剛健|雄材大略,,step116_9inen_dedup_max_total,23130,23130,step164_verified_normal9,耐久力,226
step116_9_魚鱗_000017,STEP116_9INEN_DEDUP_MAX_TOTAL_RESULT,step106_9inen_full_780_dedup_by_hero_set_bond_set_max_total,魚鱗,通常,9,前田利家(雄材)|丹羽長秀(風雲)|武田晴信|高台院|細川藤孝(立役)|今川義元,前田利家(雄材)|丹羽長秀(風雲)|武田晴信|高台院|細川藤孝(立役)|今川義元,謀略家|雄材大略|摂理探究|健康第一|老練闊達|質実剛健|文明開化|山紫水明|巧言令色,謀略家|雄材大略|摂理探究|健康第一|老練闊達|質実剛健|文明開化|山紫水明|巧言令色,14976,4813,132,226,0,716,313,473,515,513,453,ステータス計算済み,step116で9因縁780行を「陣形+配置英傑6人セット+発動因縁セット」で重複除外。同一組内は総合値最大の配置を代表として採用。,STEP116_SELECTED_MAX_TOTAL_FROM_STEP106_RECALCULATED_9INEN,step106で各陣形有効ラインから再計算済みの9因縁行を使用し、重複組では総合値最大の配置を残す,魚鱗||通常||9||丹羽長秀(風雲)|今川義元|前田利家(雄材)|武田晴信|細川藤孝(立役)|高台院||健康第一|山紫水明|巧言令色|摂理探究|文明開化|老練闊達|謀略家|質実剛健|雄材大略,,step116_9inen_dedup_max_total,23130,23130,step164_verified_normal9,耐久力,226
step116_9_魚鱗_000020,STEP116_9INEN_DEDUP_MAX_TOTAL_RESULT,step106_9inen_full_780_dedup_by_hero_set_bond_set_max_total,魚鱗,通常,9,武田晴信|高台院|細川藤孝(立役)|今川義元|前田利家|竹中半兵衛(右腕),武田晴信|高台院|細川藤孝(立役)|今川義元|前田利家|竹中半兵衛(右腕),健康第一|老練闊達|質実剛健|文明開化|山紫水明|巧言令色|謀略家|雄材大略|摂理探究,健康第一|老練闊達|質実剛健|文明開化|山紫水明|巧言令色|謀略家|雄材大略|摂理探究,14811,4870,137,226,0,724,313,501,519,517,481,ステータス計算済み,step116で9因縁780行を「陣形+配置英傑6人セット+発動因縁セット」で重複除外。同一組内は総合値最大の配置を代表として採用。,STEP116_SELECTED_MAX_TOTAL_FROM_STEP106_RECALCULATED_9INEN,step106で各陣形有効ラインから再計算済みの9因縁行を使用し、重複組では総合値最大の配置を残す,魚鱗||通常||9||今川義元|前田利家|武田晴信|竹中半兵衛(右腕)|細川藤孝(立役)|高台院||健康第一|山紫水明|巧言令色|摂理探究|文明開化|老練闊達|謀略家|質実剛健|雄材大略,,step116_9inen_dedup_max_total,23099,23099,step164_verified_normal9,耐久力,226
step116_9_魚鱗_000019,STEP116_9INEN_DEDUP_MAX_TOTAL_RESULT,step106_9inen_full_780_dedup_by_hero_set_bond_set_max_total,魚鱗,通常,9,前田利家(雄材)|竹中半兵衛(右腕)|武田晴信|高台院|細川藤孝(立役)|今川義元,前田利家(雄材)|竹中半兵衛(右腕)|武田晴信|高台院|細川藤孝(立役)|今川義元,謀略家|雄材大略|摂理探究|健康第一|老練闊達|質実剛健|文明開化|山紫水明|巧言令色,謀略家|雄材大略|摂理探究|健康第一|老練闊達|質実剛健|文明開化|山紫水明|巧言令色,14811,4870,137,226,0,724,313,501,519,517,481,ステータス計算済み,step116で9因縁780行を「陣形+配置英傑6人セット+発動因縁セット」で重複除外。同一組内は総合値最大の配置を代表として採用。,STEP116_SELECTED_MAX_TOTAL_FROM_STEP106_RECALCULATED_9INEN,step106で各陣形有効ラインから再計算済みの9因縁行を使用し、重複組では総合値最大の配置を残す,魚鱗||通常||9||今川義元|前田利家(雄材)|武田晴信|竹中半兵衛(右腕)|細川藤孝(立役)|高台院||健康第一|山紫水明|巧言令色|摂理探究|文明開化|老練闊達|謀略家|質実剛健|雄材大略,,step116_9inen_dedup_max_total,23099,23099,step164_verified_normal9,耐久力,226
step116_9_魚鱗_000044,STEP116_9INEN_DEDUP_MAX_TOTAL_RESULT,step106_9inen_full_780_dedup_by_hero_set_bond_set_max_total,魚鱗,通常,9,納涼忍お綾|堀秀政|柳生宗矩|宮本武蔵(涼)|道場娘まり(和装)|仙桃院,納涼忍お綾|堀秀政|柳生宗矩|宮本武蔵(涼)|道場娘まり(和装)|仙桃院,才腕の絆|文明開化|技巧伝承|多芸多才|侍|剣豪の絆|豪傑|女傑の絆|能鷹隠爪,才腕の絆|文明開化|技巧伝承|多芸多才|侍|剣豪の絆|豪傑|女傑の絆|能鷹隠爪,13904,1403,749,202,665,154,589,367,371,393,423,ステータス計算済み,step116で9因縁780行を「陣形+配置英傑6人セット+発動因縁セット」で重複除外。同一組内は総合値最大の配置を代表として採用。,STEP116_SELECTED_MAX_TOTAL_FROM_STEP106_RECALCULATED_9INEN,step106で各陣形有効ラインから再計算済みの9因縁行を使用し、重複組では総合値最大の配置を残す,魚鱗||通常||9||仙桃院|堀秀政|宮本武蔵(涼)|柳生宗矩|納涼忍お綾|道場娘まり(和装)||侍|剣豪の絆|多芸多才|女傑の絆|才腕の絆|技巧伝承|文明開化|能鷹隠爪|豪傑,,step116_9inen_dedup_max_total,19220,19220,step164_verified_normal9,耐久力,202
step116_9_魚鱗_000049,STEP116_9INEN_DEDUP_MAX_TOTAL_RESULT,step106_9inen_full_780_dedup_by_hero_set_bond_set_max_total,魚鱗,通常,9,納涼忍お綾|堀秀政|柳生宗矩|宮本武蔵(涼)|道場娘まり(和装)|武田信玄(野望),納涼忍お綾|堀秀政|柳生宗矩|宮本武蔵(涼)|道場娘まり(和装)|武田信玄(野望),才腕の絆|文明開化|技巧伝承|多芸多才|侍|剣豪の絆|豪傑|戦場の華|能鷹隠爪,才腕の絆|文明開化|技巧伝承|多芸多才|侍|剣豪の絆|豪傑|戦場の華|能鷹隠爪,13504,1403,565,195,665,154,553,367,371,393,423,ステータス計算済み,step116で9因縁780行を「陣形+配置英傑6人セット+発動因縁セット」で重複除外。同一組内は総合値最大の配置を代表として採用。,STEP116_SELECTED_MAX_TOTAL_FROM_STEP106_RECALCULATED_9INEN,step106で各陣形有効ラインから再計算済みの9因縁行を使用し、重複組では総合値最大の配置を残す,魚鱗||通常||9||堀秀政|宮本武蔵(涼)|柳生宗矩|武田信玄(野望)|納涼忍お綾|道場娘まり(和装)||侍|剣豪の絆|多芸多才|戦場の華|才腕の絆|技巧伝承|文明開化|能鷹隠爪|豪傑,,step116_9inen_dedup_max_total,18593,18593,step164_verified_normal9,耐久力,195
step116_9_魚鱗_000051,STEP116_9INEN_DEDUP_MAX_TOTAL_RESULT,step106_9inen_full_780_dedup_by_hero_set_bond_set_max_total,魚鱗,通常,9,納涼忍お綾|堀秀政|柳生宗矩|明智光秀(闇)|井伊直虎|仙桃院,納涼忍お綾|堀秀政|柳生宗矩|明智光秀(闇)|井伊直虎|仙桃院,才腕の絆|文明開化|技巧伝承|多芸多才|豪傑|勇猛果敢|女傑の絆|戦場の華|能鷹隠爪,才腕の絆|文明開化|技巧伝承|多芸多才|豪傑|勇猛果敢|女傑の絆|戦場の華|能鷹隠爪,13564,975,657,174,634,154,729,367,371,393,423,ステータス計算済み,step116で9因縁780行を「陣形+配置英傑6人セット+発動因縁セット」で重複除外。同一組内は総合値最大の配置を代表として採用。,STEP116_SELECTED_MAX_TOTAL_FROM_STEP106_RECALCULATED_9INEN,step106で各陣形有効ラインから再計算済みの9因縁行を使用し、重複組では総合値最大の配置を残す,魚鱗||通常||9||井伊直虎|仙桃院|堀秀政|明智光秀(闇)|柳生宗矩|納涼忍お綾||勇猛果敢|多芸多才|女傑の絆|戦場の華|才腕の絆|技巧伝承|文明開化|能鷹隠爪|豪傑,,step116_9inen_dedup_max_total,18441,18441,step164_verified_normal9,耐久力,174
step116_9_魚鱗_000052,STEP116_9INEN_DEDUP_MAX_TOTAL_RESULT,step106_9inen_full_780_dedup_by_hero_set_bond_set_max_total,魚鱗,通常,9,納涼忍お綾|堀秀政|柳生宗矩|上杉謙信(野望)|井伊直虎|仙桃院,納涼忍お綾|堀秀政|柳生宗矩|上杉謙信(野望)|井伊直虎|仙桃院,才腕の絆|文明開化|技巧伝承|多芸多才|豪傑|勇猛果敢|女傑の絆|戦場の華|能鷹隠爪,才腕の絆|文明開化|技巧伝承|多芸多才|豪傑|勇猛果敢|女傑の絆|戦場の華|能鷹隠爪,13524,975,635,174,636,154,729,367,371,393,423,ステータス計算済み,step116で9因縁780行を「陣形+配置英傑6人セット+発動因縁セット」で重複除外。同一組内は総合値最大の配置を代表として採用。,STEP116_SELECTED_MAX_TOTAL_FROM_STEP106_RECALCULATED_9INEN,step106で各陣形有効ラインから再計算済みの9因縁行を使用し、重複組では総合値最大の配置を残す,魚鱗||通常||9||上杉謙信(野望)|井伊直虎|仙桃院|堀秀政|柳生宗矩|納涼忍お綾||勇猛果敢|多芸多才|女傑の絆|戦場の華|才腕の絆|技巧伝承|文明開化|能鷹隠爪|豪傑,,step116_9inen_dedup_max_total,18381,18381,step164_verified_normal9,耐久力,174
step116_9_魚鱗_000054,STEP116_9INEN_DEDUP_MAX_TOTAL_RESULT,step106_9inen_full_780_dedup_by_hero_set_bond_set_max_total,魚鱗,通常,9,納涼忍お綾|堀秀政|柳生宗矩|原虎胤|井伊直虎|仙桃院,納涼忍お綾|堀秀政|柳生宗矩|原虎胤|井伊直虎|仙桃院,才腕の絆|文明開化|技巧伝承|多芸多才|豪傑|勇猛果敢|女傑の絆|戦場の華|能鷹隠爪,才腕の絆|文明開化|技巧伝承|多芸多才|豪傑|勇猛果敢|女傑の絆|戦場の華|能鷹隠爪,13052,975,580,174,612,154,729,367,371,393,423,ステータス計算済み,step116で9因縁780行を「陣形+配置英傑6人セット+発動因縁セット」で重複除外。同一組内は総合値最大の配置を代表として採用。,STEP116_SELECTED_MAX_TOTAL_FROM_STEP106_RECALCULATED_9INEN,step106で各陣形有効ラインから再計算済みの9因縁行を使用し、重複組では総合値最大の配置を残す,魚鱗||通常||9||井伊直虎|仙桃院|原虎胤|堀秀政|柳生宗矩|納涼忍お綾||勇猛果敢|多芸多才|女傑の絆|戦場の華|才腕の絆|技巧伝承|文明開化|能鷹隠爪|豪傑,,step116_9inen_dedup_max_total,17830,17830,step164_verified_normal9,耐久力,174
step116_9_魚鱗_000046,STEP116_9INEN_DEDUP_MAX_TOTAL_RESULT,step106_9inen_full_780_dedup_by_hero_set_bond_set_max_total,魚鱗,通常,9,北条氏照(剛柔)|金森長近|雑賀孫市(道化)|黒田長政|黒田官兵衛|鍋島直茂(乱雲),北条氏照(剛柔)|金森長近|雑賀孫市(道化)|黒田長政|黒田官兵衛|鍋島直茂(乱雲),文明開化|技巧伝承|知勇兼備|才腕の絆|硝煙弾雨|多芸多才|知将の絆|立役者|柔能制剛,文明開化|技巧伝承|知勇兼備|才腕の絆|硝煙弾雨|多芸多才|知将の絆|立役者|柔能制剛,11606,3272,161,123,696,703,312,506,583,521,502,ステータス計算済み,step116で9因縁780行を「陣形+配置英傑6人セット+発動因縁セット」で重複除外。同一組内は総合値最大の配置を代表として採用。,STEP116_SELECTED_MAX_TOTAL_FROM_STEP106_RECALCULATED_9INEN,step106で各陣形有効ラインから再計算済みの9因縁行を使用し、重複組では総合値最大の配置を残す,魚鱗||通常||9||北条氏照(剛柔)|金森長近|鍋島直茂(乱雲)|雑賀孫市(道化)|黒田官兵衛|黒田長政||多芸多才|才腕の絆|技巧伝承|文明開化|柔能制剛|知勇兼備|知将の絆|硝煙弾雨|立役者,,step116_9inen_dedup_max_total,18985,18985,step164_verified_normal9,耐久力,123
step116_9_魚鱗_000047,STEP116_9INEN_DEDUP_MAX_TOTAL_RESULT,step106_9inen_full_780_dedup_by_hero_set_bond_set_max_total,魚鱗,通常,9,北条氏照(剛柔)|金森長近|雑賀孫市(道化)|黒田長政|黒田官兵衛|豊臣秀長,北条氏照(剛柔)|金森長近|雑賀孫市(道化)|黒田長政|黒田官兵衛|豊臣秀長,文明開化|技巧伝承|知勇兼備|才腕の絆|硝煙弾雨|多芸多才|知将の絆|立役者|柔能制剛,文明開化|技巧伝承|知勇兼備|才腕の絆|硝煙弾雨|多芸多才|知将の絆|立役者|柔能制剛,11393,3272,161,123,694,707,312,511,585,529,504,ステータス計算済み,step116で9因縁780行を「陣形+配置英傑6人セット+発動因縁セット」で重複除外。同一組内は総合値最大の配置を代表として採用。,STEP116_SELECTED_MAX_TOTAL_FROM_STEP106_RECALCULATED_9INEN,step106で各陣形有効ラインから再計算済みの9因縁行を使用し、重複組では総合値最大の配置を残す,魚鱗||通常||9||北条氏照(剛柔)|豊臣秀長|金森長近|雑賀孫市(道化)|黒田官兵衛|黒田長政||多芸多才|才腕の絆|技巧伝承|文明開化|柔能制剛|知勇兼備|知将の絆|硝煙弾雨|立役者,,step116_9inen_dedup_max_total,18791,18791,step164_verified_normal9,耐久力,123
step116_9_魚鱗_000050,STEP116_9INEN_DEDUP_MAX_TOTAL_RESULT,step106_9inen_full_780_dedup_by_hero_set_bond_set_max_total,魚鱗,通常,9,北条氏照(剛柔)|金森長近|雑賀孫市(道化)|大久保忠世|黒田官兵衛|鍋島直茂(乱雲),北条氏照(剛柔)|金森長近|雑賀孫市(道化)|大久保忠世|黒田官兵衛|鍋島直茂(乱雲),文明開化|技巧伝承|知勇兼備|才腕の絆|硝煙弾雨|多芸多才|知将の絆|立役者|柔能制剛,文明開化|技巧伝承|知勇兼備|才腕の絆|硝煙弾雨|多芸多才|知将の絆|立役者|柔能制剛,11367,3232,157,118,690,691,306,477,555,488,476,ステータス計算済み,step116で9因縁780行を「陣形+配置英傑6人セット+発動因縁セット」で重複除外。同一組内は総合値最大の配置を代表として採用。,STEP116_SELECTED_MAX_TOTAL_FROM_STEP106_RECALCULATED_9INEN,step106で各陣形有効ラインから再計算済みの9因縁行を使用し、重複組では総合値最大の配置を残す,魚鱗||通常||9||北条氏照(剛柔)|大久保忠世|金森長近|鍋島直茂(乱雲)|雑賀孫市(道化)|黒田官兵衛||多芸多才|才腕の絆|技巧伝承|文明開化|柔能制剛|知勇兼備|知将の絆|硝煙弾雨|立役者,,step116_9inen_dedup_max_total,18557,18557,step164_verified_normal9,耐久力,118
step116_9_魚鱗_000053,STEP116_9INEN_DEDUP_MAX_TOTAL_RESULT,step106_9inen_full_780_dedup_by_hero_set_bond_set_max_total,魚鱗,通常,9,北条氏照(剛柔)|金森長近|雑賀孫市(道化)|大久保忠世|黒田官兵衛|豊臣秀長,北条氏照(剛柔)|金森長近|雑賀孫市(道化)|大久保忠世|黒田官兵衛|豊臣秀長,文明開化|技巧伝承|知勇兼備|才腕の絆|硝煙弾雨|多芸多才|知将の絆|立役者|柔能制剛,文明開化|技巧伝承|知勇兼備|才腕の絆|硝煙弾雨|多芸多才|知将の絆|立役者|柔能制剛,11154,3232,157,118,688,695,306,482,557,496,478,ステータス計算済み,step116で9因縁780行を「陣形+配置英傑6人セット+発動因縁セット」で重複除外。同一組内は総合値最大の配置を代表として採用。,STEP116_SELECTED_MAX_TOTAL_FROM_STEP106_RECALCULATED_9INEN,step106で各陣形有効ラインから再計算済みの9因縁行を使用し、重複組では総合値最大の配置を残す,魚鱗||通常||9||北条氏照(剛柔)|大久保忠世|豊臣秀長|金森長近|雑賀孫市(道化)|黒田官兵衛||多芸多才|才腕の絆|技巧伝承|文明開化|柔能制剛|知勇兼備|知将の絆|硝煙弾雨|立役者,,step116_9inen_dedup_max_total,18363,18363,step164_verified_normal9,耐久力,118
step116_9_魚鱗_000048,STEP116_9INEN_DEDUP_MAX_TOTAL_RESULT,step106_9inen_full_780_dedup_by_hero_set_bond_set_max_total,魚鱗,通常,9,豊臣秀長|北条氏照(剛柔)|豊臣秀次|百地三太夫(野望)|斎藤道三(巳)|佐竹義重,豊臣秀長|北条氏照(剛柔)|豊臣秀次|百地三太夫(野望)|斎藤道三(巳)|佐竹義重,知将の絆|立役者|技巧伝承|柔能制剛|謀略家|生殺与奪|侍|才腕の絆|知勇兼備,知将の絆|立役者|技巧伝承|柔能制剛|謀略家|生殺与奪|侍|才腕の絆|知勇兼備,13439,1428,162,99,517,864,357,463,454,463,458,ステータス計算済み,step116で9因縁780行を「陣形+配置英傑6人セット+発動因縁セット」で重複除外。同一組内は総合値最大の配置を代表として採用。,STEP116_SELECTED_MAX_TOTAL_FROM_STEP106_RECALCULATED_9INEN,step106で各陣形有効ラインから再計算済みの9因縁行を使用し、重複組では総合値最大の配置を残す,魚鱗||通常||9||佐竹義重|北条氏照(剛柔)|斎藤道三(巳)|百地三太夫(野望)|豊臣秀次|豊臣秀長||侍|才腕の絆|技巧伝承|柔能制剛|生殺与奪|知勇兼備|知将の絆|立役者|謀略家,,step116_9inen_dedup_max_total,18704,18704,step164_verified_normal9,耐久力,99
step116_9_魚鱗_000045,STEP116_9INEN_DEDUP_MAX_TOTAL_RESULT,step106_9inen_full_780_dedup_by_hero_set_bond_set_max_total,魚鱗,通常,9,納涼忍お綾|堀秀政|柳生宗矩|宮本武蔵(涼)|道場娘まり(和装)|井伊直虎,納涼忍お綾|堀秀政|柳生宗矩|宮本武蔵(涼)|道場娘まり(和装)|井伊直虎,才腕の絆|文明開化|技巧伝承|多芸多才|侍|剣豪の絆|豪傑|女傑の絆|戦場の華,才腕の絆|文明開化|技巧伝承|多芸多才|侍|剣豪の絆|豪傑|女傑の絆|戦場の華,13928,1403,772,86,665,154,590,367,371,393,423,ステータス計算済み,step116で9因縁780行を「陣形+配置英傑6人セット+発動因縁セット」で重複除外。同一組内は総合値最大の配置を代表として採用。,STEP116_SELECTED_MAX_TOTAL_FROM_STEP106_RECALCULATED_9INEN,step106で各陣形有効ラインから再計算済みの9因縁行を使用し、重複組では総合値最大の配置を残す,魚鱗||通常||9||井伊直虎|堀秀政|宮本武蔵(涼)|柳生宗矩|納涼忍お綾|道場娘まり(和装)||侍|剣豪の絆|多芸多才|女傑の絆|戦場の華|才腕の絆|技巧伝承|文明開化|豪傑,,step116_9inen_dedup_max_total,19152,19152,step164_verified_normal9,耐久力,86
step116_9_魚鱗_000055,STEP116_9INEN_DEDUP_MAX_TOTAL_RESULT,step106_9inen_full_780_dedup_by_hero_set_bond_set_max_total,魚鱗,通常,9,柳生宗矩|宮本武蔵(涼)|道場娘まり(和装)|井伊直虎|魔女ルシア|谷忠澄,柳生宗矩|宮本武蔵(涼)|道場娘まり(和装)|井伊直虎|魔女ルシア|谷忠澄,侍|剣豪の絆|豪傑|女傑の絆|戦場の華|文明開化|技巧伝承|竜飛鳳舞|多芸多才,侍|剣豪の絆|豪傑|女傑の絆|戦場の華|文明開化|技巧伝承|竜飛鳳舞|多芸多才,13298,1346,869,79,374,263,593,156,153,147,177,ステータス計算済み,step116で9因縁780行を「陣形+配置英傑6人セット+発動因縁セット」で重複除外。同一組内は総合値最大の配置を代表として採用。,STEP116_SELECTED_MAX_TOTAL_FROM_STEP106_RECALCULATED_9INEN,step106で各陣形有効ラインから再計算済みの9因縁行を使用し、重複組では総合値最大の配置を残す,魚鱗||通常||9||井伊直虎|宮本武蔵(涼)|柳生宗矩|谷忠澄|道場娘まり(和装)|魔女ルシア||侍|剣豪の絆|多芸多才|女傑の絆|戦場の華|技巧伝承|文明開化|竜飛鳳舞|豪傑,,step116_9inen_dedup_max_total,17455,17455,step164_verified_normal9,耐久力,79
step116_9_魚鱗_000024,STEP116_9INEN_DEDUP_MAX_TOTAL_RESULT,step106_9inen_full_780_dedup_by_hero_set_bond_set_max_total,魚鱗,通常,9,伊奈忠次|ガラシャ(聖)|斎藤利三(神祇)|毛利隆元|豊臣秀吉|酒井忠次(衣鉢),伊奈忠次|ガラシャ(聖)|斎藤利三(神祇)|毛利隆元|豊臣秀吉|酒井忠次(衣鉢),召喚術の絆|摂理探究|世渡り上手の絆|才腕の絆|謀略家|柔能制剛|技巧伝承|天神地祇|雄材大略,召喚術の絆|摂理探究|世渡り上手の絆|才腕の絆|謀略家|柔能制剛|技巧伝承|天神地祇|雄材大略,15387,3129,40,56,394,604,385,596,604,633,577,ステータス計算済み,step116で9因縁780行を「陣形+配置英傑6人セット+発動因縁セット」で重複除外。同一組内は総合値最大の配置を代表として採用。,STEP116_SELECTED_MAX_TOTAL_FROM_STEP106_RECALCULATED_9INEN,step106で各陣形有効ラインから再計算済みの9因縁行を使用し、重複組では総合値最大の配置を残す,魚鱗||通常||9||ガラシャ(聖)|伊奈忠次|斎藤利三(神祇)|毛利隆元|豊臣秀吉|酒井忠次(衣鉢)||世渡り上手の絆|召喚術の絆|天神地祇|才腕の絆|技巧伝承|摂理探究|柔能制剛|謀略家|雄材大略,,step116_9inen_dedup_max_total,22405,22405,step164_verified_normal9,耐久力,56
step116_9_魚鱗_000023,STEP116_9INEN_DEDUP_MAX_TOTAL_RESULT,step106_9inen_full_780_dedup_by_hero_set_bond_set_max_total,魚鱗,通常,9,伊奈忠次|ガラシャ(聖)|斎藤利三(神祇)|毛利隆元|豊臣秀吉|酒井忠次(通),伊奈忠次|ガラシャ(聖)|斎藤利三(神祇)|毛利隆元|豊臣秀吉|酒井忠次(通),召喚術の絆|摂理探究|世渡り上手の絆|才腕の絆|謀略家|柔能制剛|技巧伝承|天神地祇|雄材大略,召喚術の絆|摂理探究|世渡り上手の絆|才腕の絆|謀略家|柔能制剛|技巧伝承|天神地祇|雄材大略,15387,3129,40,56,394,604,385,596,604,633,577,ステータス計算済み,step116で9因縁780行を「陣形+配置英傑6人セット+発動因縁セット」で重複除外。同一組内は総合値最大の配置を代表として採用。,STEP116_SELECTED_MAX_TOTAL_FROM_STEP106_RECALCULATED_9INEN,step106で各陣形有効ラインから再計算済みの9因縁行を使用し、重複組では総合値最大の配置を残す,魚鱗||通常||9||ガラシャ(聖)|伊奈忠次|斎藤利三(神祇)|毛利隆元|豊臣秀吉|酒井忠次(通)||世渡り上手の絆|召喚術の絆|天神地祇|才腕の絆|技巧伝承|摂理探究|柔能制剛|謀略家|雄材大略,,step116_9inen_dedup_max_total,22405,22405,step164_verified_normal9,耐久力,56
step116_9_魚鱗_000041,STEP116_9INEN_DEDUP_MAX_TOTAL_RESULT,step106_9inen_full_780_dedup_by_hero_set_bond_set_max_total,魚鱗,通常,9,柳生宗矩|島左近|出雲阿国(野望)|大祝鶴|魔女ルシア|谷忠澄,柳生宗矩|島左近|出雲阿国(野望)|大祝鶴|魔女ルシア|谷忠澄,豪傑|流行創出|神主・巫女|女傑の絆|洒落者の絆|文明開化|技巧伝承|竜飛鳳舞|多芸多才,豪傑|流行創出|神主・巫女|女傑の絆|洒落者の絆|文明開化|技巧伝承|竜飛鳳舞|多芸多才,12761,2985,558,48,244,379,596,487,496,474,532,ステータス計算済み,step116で9因縁780行を「陣形+配置英傑6人セット+発動因縁セット」で重複除外。同一組内は総合値最大の配置を代表として採用。,STEP116_SELECTED_MAX_TOTAL_FROM_STEP106_RECALCULATED_9INEN,step106で各陣形有効ラインから再計算済みの9因縁行を使用し、重複組では総合値最大の配置を残す,魚鱗||通常||9||出雲阿国(野望)|大祝鶴|島左近|柳生宗矩|谷忠澄|魔女ルシア||多芸多才|女傑の絆|技巧伝承|文明開化|洒落者の絆|流行創出|神主・巫女|竜飛鳳舞|豪傑,,step116_9inen_dedup_max_total,19560,19560,step164_verified_normal9,耐久力,48
step116_9_魚鱗_000027,STEP116_9INEN_DEDUP_MAX_TOTAL_RESULT,step106_9inen_full_780_dedup_by_hero_set_bond_set_max_total,魚鱗,通常,9,伊奈忠次|サンチョ|斎藤利三(神祇)|毛利隆元|豊臣秀吉|酒井忠次(衣鉢),伊奈忠次|サンチョ|斎藤利三(神祇)|毛利隆元|豊臣秀吉|酒井忠次(衣鉢),召喚術の絆|摂理探究|世渡り上手の絆|才腕の絆|謀略家|柔能制剛|技巧伝承|天神地祇|雄材大略,召喚術の絆|摂理探究|世渡り上手の絆|才腕の絆|謀略家|柔能制剛|技巧伝承|天神地祇|雄材大略,14916,3129,30,44,394,578,385,552,555,574,526,ステータス計算済み,step116で9因縁780行を「陣形+配置英傑6人セット+発動因縁セット」で重複除外。同一組内は総合値最大の配置を代表として採用。,STEP116_SELECTED_MAX_TOTAL_FROM_STEP106_RECALCULATED_9INEN,step106で各陣形有効ラインから再計算済みの9因縁行を使用し、重複組では総合値最大の配置を残す,魚鱗||通常||9||サンチョ|伊奈忠次|斎藤利三(神祇)|毛利隆元|豊臣秀吉|酒井忠次(衣鉢)||世渡り上手の絆|召喚術の絆|天神地祇|才腕の絆|技巧伝承|摂理探究|柔能制剛|謀略家|雄材大略,,step116_9inen_dedup_max_total,21683,21683,step164_verified_normal9,耐久力,44
step116_9_魚鱗_000026,STEP116_9INEN_DEDUP_MAX_TOTAL_RESULT,step106_9inen_full_780_dedup_by_hero_set_bond_set_max_total,魚鱗,通常,9,伊奈忠次|サンチョ|斎藤利三(神祇)|毛利隆元|豊臣秀吉|酒井忠次(通),伊奈忠次|サンチョ|斎藤利三(神祇)|毛利隆元|豊臣秀吉|酒井忠次(通),召喚術の絆|摂理探究|世渡り上手の絆|才腕の絆|謀略家|柔能制剛|技巧伝承|天神地祇|雄材大略,召喚術の絆|摂理探究|世渡り上手の絆|才腕の絆|謀略家|柔能制剛|技巧伝承|天神地祇|雄材大略,14916,3129,30,44,394,578,385,552,555,574,526,ステータス計算済み,step116で9因縁780行を「陣形+配置英傑6人セット+発動因縁セット」で重複除外。同一組内は総合値最大の配置を代表として採用。,STEP116_SELECTED_MAX_TOTAL_FROM_STEP106_RECALCULATED_9INEN,step106で各陣形有効ラインから再計算済みの9因縁行を使用し、重複組では総合値最大の配置を残す,魚鱗||通常||9||サンチョ|伊奈忠次|斎藤利三(神祇)|毛利隆元|豊臣秀吉|酒井忠次(通)||世渡り上手の絆|召喚術の絆|天神地祇|才腕の絆|技巧伝承|摂理探究|柔能制剛|謀略家|雄材大略,,step116_9inen_dedup_max_total,21683,21683,step164_verified_normal9,耐久力,44
step116_9_魚鱗_000030,STEP116_9INEN_DEDUP_MAX_TOTAL_RESULT,step106_9inen_full_780_dedup_by_hero_set_bond_set_max_total,魚鱗,通常,9,大内義隆|北条氏邦|出雲阿国(野望)|大祝鶴|魔女ルシア|細川藤孝(立役),大内義隆|北条氏邦|出雲阿国(野望)|大祝鶴|魔女ルシア|細川藤孝(立役),流行創出|多芸多才|神主・巫女|女傑の絆|洒落者の絆|文化人の絆|文明開化|技巧伝承|山紫水明,流行創出|多芸多才|神主・巫女|女傑の絆|洒落者の絆|文化人の絆|文明開化|技巧伝承|山紫水明,13386,2828,249,44,382,403,622,773,812,744,795,ステータス計算済み,step116で9因縁780行を「陣形+配置英傑6人セット+発動因縁セット」で重複除外。同一組内は総合値最大の配置を代表として採用。,STEP116_SELECTED_MAX_TOTAL_FROM_STEP106_RECALCULATED_9INEN,step106で各陣形有効ラインから再計算済みの9因縁行を使用し、重複組では総合値最大の配置を残す,魚鱗||通常||9||出雲阿国(野望)|北条氏邦|大内義隆|大祝鶴|細川藤孝(立役)|魔女ルシア||多芸多才|女傑の絆|山紫水明|技巧伝承|文化人の絆|文明開化|洒落者の絆|流行創出|神主・巫女,,step116_9inen_dedup_max_total,21038,21038,step164_verified_normal9,耐久力,44
step116_9_魚鱗_000036,STEP116_9INEN_DEDUP_MAX_TOTAL_RESULT,step106_9inen_full_780_dedup_by_hero_set_bond_set_max_total,魚鱗,通常,9,豊臣秀長|北条氏照(剛柔)|豊臣秀次|細川藤孝(立役)|前田利家|武田晴信,豊臣秀長|北条氏照(剛柔)|豊臣秀次|細川藤孝(立役)|前田利家|武田晴信,知将の絆|立役者|技巧伝承|柔能制剛|文明開化|山紫水明|謀略家|雄材大略|摂理探究,知将の絆|立役者|技巧伝承|柔能制剛|文明開化|山紫水明|謀略家|雄材大略|摂理探究,14832,899,83,0,293,1068,158,641,619,659,618,ステータス計算済み,step116で9因縁780行を「陣形+配置英傑6人セット+発動因縁セット」で重複除外。同一組内は総合値最大の配置を代表として採用。,STEP116_SELECTED_MAX_TOTAL_FROM_STEP106_RECALCULATED_9INEN,step106で各陣形有効ラインから再計算済みの9因縁行を使用し、重複組では総合値最大の配置を残す,魚鱗||通常||9||前田利家|北条氏照(剛柔)|武田晴信|細川藤孝(立役)|豊臣秀次|豊臣秀長||山紫水明|技巧伝承|摂理探究|文明開化|柔能制剛|知将の絆|立役者|謀略家|雄材大略,,step116_9inen_dedup_max_total,19870,19870,step164_verified_normal9,耐久力,0
step116_9_魚鱗_000035,STEP116_9INEN_DEDUP_MAX_TOTAL_RESULT,step106_9inen_full_780_dedup_by_hero_set_bond_set_max_total,魚鱗,通常,9,豊臣秀長|武田晴信|前田利家(雄材)|細川藤孝(立役)|豊臣秀次|北条氏照(剛柔),豊臣秀長|武田晴信|前田利家(雄材)|細川藤孝(立役)|豊臣秀次|北条氏照(剛柔),謀略家|雄材大略|摂理探究|文明開化|山紫水明|知将の絆|立役者|技巧伝承|柔能制剛,謀略家|雄材大略|摂理探究|文明開化|山紫水明|知将の絆|立役者|技巧伝承|柔能制剛,14832,899,83,0,293,1068,158,641,619,659,618,ステータス計算済み,step116で9因縁780行を「陣形+配置英傑6人セット+発動因縁セット」で重複除外。同一組内は総合値最大の配置を代表として採用。,STEP116_SELECTED_MAX_TOTAL_FROM_STEP106_RECALCULATED_9INEN,step106で各陣形有効ラインから再計算済みの9因縁行を使用し、重複組では総合値最大の配置を残す,魚鱗||通常||9||前田利家(雄材)|北条氏照(剛柔)|武田晴信|細川藤孝(立役)|豊臣秀次|豊臣秀長||山紫水明|技巧伝承|摂理探究|文明開化|柔能制剛|知将の絆|立役者|謀略家|雄材大略,,step116_9inen_dedup_max_total,19870,19870,step164_verified_normal9,耐久力,0
step116_9_魚鱗_000043,STEP116_9INEN_DEDUP_MAX_TOTAL_RESULT,step106_9inen_full_780_dedup_by_hero_set_bond_set_max_total,魚鱗,通常,9,豊臣秀長|北条氏照(剛柔)|豊臣秀次|細川藤孝(立役)|前田利家|上杉憲政,豊臣秀長|北条氏照(剛柔)|豊臣秀次|細川藤孝(立役)|前田利家|上杉憲政,知将の絆|立役者|技巧伝承|柔能制剛|文明開化|山紫水明|謀略家|雄材大略|摂理探究,知将の絆|立役者|技巧伝承|柔能制剛|文明開化|山紫水明|謀略家|雄材大略|摂理探究,14490,861,86,0,293,998,158,609,593,632,592,ステータス計算済み,step116で9因縁780行を「陣形+配置英傑6人セット+発動因縁セット」で重複除外。同一組内は総合値最大の配置を代表として採用。,STEP116_SELECTED_MAX_TOTAL_FROM_STEP106_RECALCULATED_9INEN,step106で各陣形有効ラインから再計算済みの9因縁行を使用し、重複組では総合値最大の配置を残す,魚鱗||通常||9||上杉憲政|前田利家|北条氏照(剛柔)|細川藤孝(立役)|豊臣秀次|豊臣秀長||山紫水明|技巧伝承|摂理探究|文明開化|柔能制剛|知将の絆|立役者|謀略家|雄材大略,,step116_9inen_dedup_max_total,19312,19312,step164_verified_normal9,耐久力,0
step116_9_魚鱗_000042,STEP116_9INEN_DEDUP_MAX_TOTAL_RESULT,step106_9inen_full_780_dedup_by_hero_set_bond_set_max_total,魚鱗,通常,9,豊臣秀長|上杉憲政|前田利家(雄材)|細川藤孝(立役)|豊臣秀次|北条氏照(剛柔),豊臣秀長|上杉憲政|前田利家(雄材)|細川藤孝(立役)|豊臣秀次|北条氏照(剛柔),謀略家|雄材大略|摂理探究|文明開化|山紫水明|知将の絆|立役者|技巧伝承|柔能制剛,謀略家|雄材大略|摂理探究|文明開化|山紫水明|知将の絆|立役者|技巧伝承|柔能制剛,14490,861,86,0,293,998,158,609,593,632,592,ステータス計算済み,step116で9因縁780行を「陣形+配置英傑6人セット+発動因縁セット」で重複除外。同一組内は総合値最大の配置を代表として採用。,STEP116_SELECTED_MAX_TOTAL_FROM_STEP106_RECALCULATED_9INEN,step106で各陣形有効ラインから再計算済みの9因縁行を使用し、重複組では総合値最大の配置を残す,魚鱗||通常||9||上杉憲政|前田利家(雄材)|北条氏照(剛柔)|細川藤孝(立役)|豊臣秀次|豊臣秀長||山紫水明|技巧伝承|摂理探究|文明開化|柔能制剛|知将の絆|立役者|謀略家|雄材大略,,step116_9inen_dedup_max_total,19312,19312,step164_verified_normal9,耐久力,0
step116_9_魚鱗_000046,STEP116_9INEN_DEDUP_MAX_TOTAL_RESULT,step106_9inen_full_780_dedup_by_hero_set_bond_set_max_total,魚鱗,通常,9,北条氏照(剛柔)|金森長近|雑賀孫市(道化)|黒田長政|黒田官兵衛|鍋島直茂(乱雲),北条氏照(剛柔)|金森長近|雑賀孫市(道化)|黒田長政|黒田官兵衛|鍋島直茂(乱雲),文明開化|技巧伝承|知勇兼備|才腕の絆|硝煙弾雨|多芸多才|知将の絆|立役者|柔能制剛,文明開化|技巧伝承|知勇兼備|才腕の絆|硝煙弾雨|多芸多才|知将の絆|立役者|柔能制剛,11606,3272,161,123,696,703,312,506,583,521,502,ステータス計算済み,step116で9因縁780行を「陣形+配置英傑6人セット+発動因縁セット」で重複除外。同一組内は総合値最大の配置を代表として採用。,STEP116_SELECTED_MAX_TOTAL_FROM_STEP106_RECALCULATED_9INEN,step106で各陣形有効ラインから再計算済みの9因縁行を使用し、重複組では総合値最大の配置を残す,魚鱗||通常||9||北条氏照(剛柔)|金森長近|鍋島直茂(乱雲)|雑賀孫市(道化)|黒田官兵衛|黒田長政||多芸多才|才腕の絆|技巧伝承|文明開化|柔能制剛|知勇兼備|知将の絆|硝煙弾雨|立役者,,step116_9inen_dedup_max_total,18985,18985,step164_verified_normal9,器用さ,696
step116_9_魚鱗_000047,STEP116_9INEN_DEDUP_MAX_TOTAL_RESULT,step106_9inen_full_780_dedup_by_hero_set_bond_set_max_total,魚鱗,通常,9,北条氏照(剛柔)|金森長近|雑賀孫市(道化)|黒田長政|黒田官兵衛|豊臣秀長,北条氏照(剛柔)|金森長近|雑賀孫市(道化)|黒田長政|黒田官兵衛|豊臣秀長,文明開化|技巧伝承|知勇兼備|才腕の絆|硝煙弾雨|多芸多才|知将の絆|立役者|柔能制剛,文明開化|技巧伝承|知勇兼備|才腕の絆|硝煙弾雨|多芸多才|知将の絆|立役者|柔能制剛,11393,3272,161,123,694,707,312,511,585,529,504,ステータス計算済み,step116で9因縁780行を「陣形+配置英傑6人セット+発動因縁セット」で重複除外。同一組内は総合値最大の配置を代表として採用。,STEP116_SELECTED_MAX_TOTAL_FROM_STEP106_RECALCULATED_9INEN,step106で各陣形有効ラインから再計算済みの9因縁行を使用し、重複組では総合値最大の配置を残す,魚鱗||通常||9||北条氏照(剛柔)|豊臣秀長|金森長近|雑賀孫市(道化)|黒田官兵衛|黒田長政||多芸多才|才腕の絆|技巧伝承|文明開化|柔能制剛|知勇兼備|知将の絆|硝煙弾雨|立役者,,step116_9inen_dedup_max_total,18791,18791,step164_verified_normal9,器用さ,694
step116_9_魚鱗_000050,STEP116_9INEN_DEDUP_MAX_TOTAL_RESULT,step106_9inen_full_780_dedup_by_hero_set_bond_set_max_total,魚鱗,通常,9,北条氏照(剛柔)|金森長近|雑賀孫市(道化)|大久保忠世|黒田官兵衛|鍋島直茂(乱雲),北条氏照(剛柔)|金森長近|雑賀孫市(道化)|大久保忠世|黒田官兵衛|鍋島直茂(乱雲),文明開化|技巧伝承|知勇兼備|才腕の絆|硝煙弾雨|多芸多才|知将の絆|立役者|柔能制剛,文明開化|技巧伝承|知勇兼備|才腕の絆|硝煙弾雨|多芸多才|知将の絆|立役者|柔能制剛,11367,3232,157,118,690,691,306,477,555,488,476,ステータス計算済み,step116で9因縁780行を「陣形+配置英傑6人セット+発動因縁セット」で重複除外。同一組内は総合値最大の配置を代表として採用。,STEP116_SELECTED_MAX_TOTAL_FROM_STEP106_RECALCULATED_9INEN,step106で各陣形有効ラインから再計算済みの9因縁行を使用し、重複組では総合値最大の配置を残す,魚鱗||通常||9||北条氏照(剛柔)|大久保忠世|金森長近|鍋島直茂(乱雲)|雑賀孫市(道化)|黒田官兵衛||多芸多才|才腕の絆|技巧伝承|文明開化|柔能制剛|知勇兼備|知将の絆|硝煙弾雨|立役者,,step116_9inen_dedup_max_total,18557,18557,step164_verified_normal9,器用さ,690
step116_9_魚鱗_000053,STEP116_9INEN_DEDUP_MAX_TOTAL_RESULT,step106_9inen_full_780_dedup_by_hero_set_bond_set_max_total,魚鱗,通常,9,北条氏照(剛柔)|金森長近|雑賀孫市(道化)|大久保忠世|黒田官兵衛|豊臣秀長,北条氏照(剛柔)|金森長近|雑賀孫市(道化)|大久保忠世|黒田官兵衛|豊臣秀長,文明開化|技巧伝承|知勇兼備|才腕の絆|硝煙弾雨|多芸多才|知将の絆|立役者|柔能制剛,文明開化|技巧伝承|知勇兼備|才腕の絆|硝煙弾雨|多芸多才|知将の絆|立役者|柔能制剛,11154,3232,157,118,688,695,306,482,557,496,478,ステータス計算済み,step116で9因縁780行を「陣形+配置英傑6人セット+発動因縁セット」で重複除外。同一組内は総合値最大の配置を代表として採用。,STEP116_SELECTED_MAX_TOTAL_FROM_STEP106_RECALCULATED_9INEN,step106で各陣形有効ラインから再計算済みの9因縁行を使用し、重複組では総合値最大の配置を残す,魚鱗||通常||9||北条氏照(剛柔)|大久保忠世|豊臣秀長|金森長近|雑賀孫市(道化)|黒田官兵衛||多芸多才|才腕の絆|技巧伝承|文明開化|柔能制剛|知勇兼備|知将の絆|硝煙弾雨|立役者,,step116_9inen_dedup_max_total,18363,18363,step164_verified_normal9,器用さ,688
step116_9_魚鱗_000044,STEP116_9INEN_DEDUP_MAX_TOTAL_RESULT,step106_9inen_full_780_dedup_by_hero_set_bond_set_max_total,魚鱗,通常,9,納涼忍お綾|堀秀政|柳生宗矩|宮本武蔵(涼)|道場娘まり(和装)|仙桃院,納涼忍お綾|堀秀政|柳生宗矩|宮本武蔵(涼)|道場娘まり(和装)|仙桃院,才腕の絆|文明開化|技巧伝承|多芸多才|侍|剣豪の絆|豪傑|女傑の絆|能鷹隠爪,才腕の絆|文明開化|技巧伝承|多芸多才|侍|剣豪の絆|豪傑|女傑の絆|能鷹隠爪,13904,1403,749,202,665,154,589,367,371,393,423,ステータス計算済み,step116で9因縁780行を「陣形+配置英傑6人セット+発動因縁セット」で重複除外。同一組内は総合値最大の配置を代表として採用。,STEP116_SELECTED_MAX_TOTAL_FROM_STEP106_RECALCULATED_9INEN,step106で各陣形有効ラインから再計算済みの9因縁行を使用し、重複組では総合値最大の配置を残す,魚鱗||通常||9||仙桃院|堀秀政|宮本武蔵(涼)|柳生宗矩|納涼忍お綾|道場娘まり(和装)||侍|剣豪の絆|多芸多才|女傑の絆|才腕の絆|技巧伝承|文明開化|能鷹隠爪|豪傑,,step116_9inen_dedup_max_total,19220,19220,step164_verified_normal9,器用さ,665
step116_9_魚鱗_000045,STEP116_9INEN_DEDUP_MAX_TOTAL_RESULT,step106_9inen_full_780_dedup_by_hero_set_bond_set_max_total,魚鱗,通常,9,納涼忍お綾|堀秀政|柳生宗矩|宮本武蔵(涼)|道場娘まり(和装)|井伊直虎,納涼忍お綾|堀秀政|柳生宗矩|宮本武蔵(涼)|道場娘まり(和装)|井伊直虎,才腕の絆|文明開化|技巧伝承|多芸多才|侍|剣豪の絆|豪傑|女傑の絆|戦場の華,才腕の絆|文明開化|技巧伝承|多芸多才|侍|剣豪の絆|豪傑|女傑の絆|戦場の華,13928,1403,772,86,665,154,590,367,371,393,423,ステータス計算済み,step116で9因縁780行を「陣形+配置英傑6人セット+発動因縁セット」で重複除外。同一組内は総合値最大の配置を代表として採用。,STEP116_SELECTED_MAX_TOTAL_FROM_STEP106_RECALCULATED_9INEN,step106で各陣形有効ラインから再計算済みの9因縁行を使用し、重複組では総合値最大の配置を残す,魚鱗||通常||9||井伊直虎|堀秀政|宮本武蔵(涼)|柳生宗矩|納涼忍お綾|道場娘まり(和装)||侍|剣豪の絆|多芸多才|女傑の絆|戦場の華|才腕の絆|技巧伝承|文明開化|豪傑,,step116_9inen_dedup_max_total,19152,19152,step164_verified_normal9,器用さ,665
step116_9_魚鱗_000049,STEP116_9INEN_DEDUP_MAX_TOTAL_RESULT,step106_9inen_full_780_dedup_by_hero_set_bond_set_max_total,魚鱗,通常,9,納涼忍お綾|堀秀政|柳生宗矩|宮本武蔵(涼)|道場娘まり(和装)|武田信玄(野望),納涼忍お綾|堀秀政|柳生宗矩|宮本武蔵(涼)|道場娘まり(和装)|武田信玄(野望),才腕の絆|文明開化|技巧伝承|多芸多才|侍|剣豪の絆|豪傑|戦場の華|能鷹隠爪,才腕の絆|文明開化|技巧伝承|多芸多才|侍|剣豪の絆|豪傑|戦場の華|能鷹隠爪,13504,1403,565,195,665,154,553,367,371,393,423,ステータス計算済み,step116で9因縁780行を「陣形+配置英傑6人セット+発動因縁セット」で重複除外。同一組内は総合値最大の配置を代表として採用。,STEP116_SELECTED_MAX_TOTAL_FROM_STEP106_RECALCULATED_9INEN,step106で各陣形有効ラインから再計算済みの9因縁行を使用し、重複組では総合値最大の配置を残す,魚鱗||通常||9||堀秀政|宮本武蔵(涼)|柳生宗矩|武田信玄(野望)|納涼忍お綾|道場娘まり(和装)||侍|剣豪の絆|多芸多才|戦場の華|才腕の絆|技巧伝承|文明開化|能鷹隠爪|豪傑,,step116_9inen_dedup_max_total,18593,18593,step164_verified_normal9,器用さ,665
step116_9_魚鱗_000052,STEP116_9INEN_DEDUP_MAX_TOTAL_RESULT,step106_9inen_full_780_dedup_by_hero_set_bond_set_max_total,魚鱗,通常,9,納涼忍お綾|堀秀政|柳生宗矩|上杉謙信(野望)|井伊直虎|仙桃院,納涼忍お綾|堀秀政|柳生宗矩|上杉謙信(野望)|井伊直虎|仙桃院,才腕の絆|文明開化|技巧伝承|多芸多才|豪傑|勇猛果敢|女傑の絆|戦場の華|能鷹隠爪,才腕の絆|文明開化|技巧伝承|多芸多才|豪傑|勇猛果敢|女傑の絆|戦場の華|能鷹隠爪,13524,975,635,174,636,154,729,367,371,393,423,ステータス計算済み,step116で9因縁780行を「陣形+配置英傑6人セット+発動因縁セット」で重複除外。同一組内は総合値最大の配置を代表として採用。,STEP116_SELECTED_MAX_TOTAL_FROM_STEP106_RECALCULATED_9INEN,step106で各陣形有効ラインから再計算済みの9因縁行を使用し、重複組では総合値最大の配置を残す,魚鱗||通常||9||上杉謙信(野望)|井伊直虎|仙桃院|堀秀政|柳生宗矩|納涼忍お綾||勇猛果敢|多芸多才|女傑の絆|戦場の華|才腕の絆|技巧伝承|文明開化|能鷹隠爪|豪傑,,step116_9inen_dedup_max_total,18381,18381,step164_verified_normal9,器用さ,636
step116_9_魚鱗_000051,STEP116_9INEN_DEDUP_MAX_TOTAL_RESULT,step106_9inen_full_780_dedup_by_hero_set_bond_set_max_total,魚鱗,通常,9,納涼忍お綾|堀秀政|柳生宗矩|明智光秀(闇)|井伊直虎|仙桃院,納涼忍お綾|堀秀政|柳生宗矩|明智光秀(闇)|井伊直虎|仙桃院,才腕の絆|文明開化|技巧伝承|多芸多才|豪傑|勇猛果敢|女傑の絆|戦場の華|能鷹隠爪,才腕の絆|文明開化|技巧伝承|多芸多才|豪傑|勇猛果敢|女傑の絆|戦場の華|能鷹隠爪,13564,975,657,174,634,154,729,367,371,393,423,ステータス計算済み,step116で9因縁780行を「陣形+配置英傑6人セット+発動因縁セット」で重複除外。同一組内は総合値最大の配置を代表として採用。,STEP116_SELECTED_MAX_TOTAL_FROM_STEP106_RECALCULATED_9INEN,step106で各陣形有効ラインから再計算済みの9因縁行を使用し、重複組では総合値最大の配置を残す,魚鱗||通常||9||井伊直虎|仙桃院|堀秀政|明智光秀(闇)|柳生宗矩|納涼忍お綾||勇猛果敢|多芸多才|女傑の絆|戦場の華|才腕の絆|技巧伝承|文明開化|能鷹隠爪|豪傑,,step116_9inen_dedup_max_total,18441,18441,step164_verified_normal9,器用さ,634
step116_9_魚鱗_000054,STEP116_9INEN_DEDUP_MAX_TOTAL_RESULT,step106_9inen_full_780_dedup_by_hero_set_bond_set_max_total,魚鱗,通常,9,納涼忍お綾|堀秀政|柳生宗矩|原虎胤|井伊直虎|仙桃院,納涼忍お綾|堀秀政|柳生宗矩|原虎胤|井伊直虎|仙桃院,才腕の絆|文明開化|技巧伝承|多芸多才|豪傑|勇猛果敢|女傑の絆|戦場の華|能鷹隠爪,才腕の絆|文明開化|技巧伝承|多芸多才|豪傑|勇猛果敢|女傑の絆|戦場の華|能鷹隠爪,13052,975,580,174,612,154,729,367,371,393,423,ステータス計算済み,step116で9因縁780行を「陣形+配置英傑6人セット+発動因縁セット」で重複除外。同一組内は総合値最大の配置を代表として採用。,STEP116_SELECTED_MAX_TOTAL_FROM_STEP106_RECALCULATED_9INEN,step106で各陣形有効ラインから再計算済みの9因縁行を使用し、重複組では総合値最大の配置を残す,魚鱗||通常||9||井伊直虎|仙桃院|原虎胤|堀秀政|柳生宗矩|納涼忍お綾||勇猛果敢|多芸多才|女傑の絆|戦場の華|才腕の絆|技巧伝承|文明開化|能鷹隠爪|豪傑,,step116_9inen_dedup_max_total,17830,17830,step164_verified_normal9,器用さ,612
step116_9_魚鱗_000048,STEP116_9INEN_DEDUP_MAX_TOTAL_RESULT,step106_9inen_full_780_dedup_by_hero_set_bond_set_max_total,魚鱗,通常,9,豊臣秀長|北条氏照(剛柔)|豊臣秀次|百地三太夫(野望)|斎藤道三(巳)|佐竹義重,豊臣秀長|北条氏照(剛柔)|豊臣秀次|百地三太夫(野望)|斎藤道三(巳)|佐竹義重,知将の絆|立役者|技巧伝承|柔能制剛|謀略家|生殺与奪|侍|才腕の絆|知勇兼備,知将の絆|立役者|技巧伝承|柔能制剛|謀略家|生殺与奪|侍|才腕の絆|知勇兼備,13439,1428,162,99,517,864,357,463,454,463,458,ステータス計算済み,step116で9因縁780行を「陣形+配置英傑6人セット+発動因縁セット」で重複除外。同一組内は総合値最大の配置を代表として採用。,STEP116_SELECTED_MAX_TOTAL_FROM_STEP106_RECALCULATED_9INEN,step106で各陣形有効ラインから再計算済みの9因縁行を使用し、重複組では総合値最大の配置を残す,魚鱗||通常||9||佐竹義重|北条氏照(剛柔)|斎藤道三(巳)|百地三太夫(野望)|豊臣秀次|豊臣秀長||侍|才腕の絆|技巧伝承|柔能制剛|生殺与奪|知勇兼備|知将の絆|立役者|謀略家,,step116_9inen_dedup_max_total,18704,18704,step164_verified_normal9,器用さ,517
step116_9_魚鱗_000024,STEP116_9INEN_DEDUP_MAX_TOTAL_RESULT,step106_9inen_full_780_dedup_by_hero_set_bond_set_max_total,魚鱗,通常,9,伊奈忠次|ガラシャ(聖)|斎藤利三(神祇)|毛利隆元|豊臣秀吉|酒井忠次(衣鉢),伊奈忠次|ガラシャ(聖)|斎藤利三(神祇)|毛利隆元|豊臣秀吉|酒井忠次(衣鉢),召喚術の絆|摂理探究|世渡り上手の絆|才腕の絆|謀略家|柔能制剛|技巧伝承|天神地祇|雄材大略,召喚術の絆|摂理探究|世渡り上手の絆|才腕の絆|謀略家|柔能制剛|技巧伝承|天神地祇|雄材大略,15387,3129,40,56,394,604,385,596,604,633,577,ステータス計算済み,step116で9因縁780行を「陣形+配置英傑6人セット+発動因縁セット」で重複除外。同一組内は総合値最大の配置を代表として採用。,STEP116_SELECTED_MAX_TOTAL_FROM_STEP106_RECALCULATED_9INEN,step106で各陣形有効ラインから再計算済みの9因縁行を使用し、重複組では総合値最大の配置を残す,魚鱗||通常||9||ガラシャ(聖)|伊奈忠次|斎藤利三(神祇)|毛利隆元|豊臣秀吉|酒井忠次(衣鉢)||世渡り上手の絆|召喚術の絆|天神地祇|才腕の絆|技巧伝承|摂理探究|柔能制剛|謀略家|雄材大略,,step116_9inen_dedup_max_total,22405,22405,step164_verified_normal9,器用さ,394
step116_9_魚鱗_000023,STEP116_9INEN_DEDUP_MAX_TOTAL_RESULT,step106_9inen_full_780_dedup_by_hero_set_bond_set_max_total,魚鱗,通常,9,伊奈忠次|ガラシャ(聖)|斎藤利三(神祇)|毛利隆元|豊臣秀吉|酒井忠次(通),伊奈忠次|ガラシャ(聖)|斎藤利三(神祇)|毛利隆元|豊臣秀吉|酒井忠次(通),召喚術の絆|摂理探究|世渡り上手の絆|才腕の絆|謀略家|柔能制剛|技巧伝承|天神地祇|雄材大略,召喚術の絆|摂理探究|世渡り上手の絆|才腕の絆|謀略家|柔能制剛|技巧伝承|天神地祇|雄材大略,15387,3129,40,56,394,604,385,596,604,633,577,ステータス計算済み,step116で9因縁780行を「陣形+配置英傑6人セット+発動因縁セット」で重複除外。同一組内は総合値最大の配置を代表として採用。,STEP116_SELECTED_MAX_TOTAL_FROM_STEP106_RECALCULATED_9INEN,step106で各陣形有効ラインから再計算済みの9因縁行を使用し、重複組では総合値最大の配置を残す,魚鱗||通常||9||ガラシャ(聖)|伊奈忠次|斎藤利三(神祇)|毛利隆元|豊臣秀吉|酒井忠次(通)||世渡り上手の絆|召喚術の絆|天神地祇|才腕の絆|技巧伝承|摂理探究|柔能制剛|謀略家|雄材大略,,step116_9inen_dedup_max_total,22405,22405,step164_verified_normal9,器用さ,394
step116_9_魚鱗_000027,STEP116_9INEN_DEDUP_MAX_TOTAL_RESULT,step106_9inen_full_780_dedup_by_hero_set_bond_set_max_total,魚鱗,通常,9,伊奈忠次|サンチョ|斎藤利三(神祇)|毛利隆元|豊臣秀吉|酒井忠次(衣鉢),伊奈忠次|サンチョ|斎藤利三(神祇)|毛利隆元|豊臣秀吉|酒井忠次(衣鉢),召喚術の絆|摂理探究|世渡り上手の絆|才腕の絆|謀略家|柔能制剛|技巧伝承|天神地祇|雄材大略,召喚術の絆|摂理探究|世渡り上手の絆|才腕の絆|謀略家|柔能制剛|技巧伝承|天神地祇|雄材大略,14916,3129,30,44,394,578,385,552,555,574,526,ステータス計算済み,step116で9因縁780行を「陣形+配置英傑6人セット+発動因縁セット」で重複除外。同一組内は総合値最大の配置を代表として採用。,STEP116_SELECTED_MAX_TOTAL_FROM_STEP106_RECALCULATED_9INEN,step106で各陣形有効ラインから再計算済みの9因縁行を使用し、重複組では総合値最大の配置を残す,魚鱗||通常||9||サンチョ|伊奈忠次|斎藤利三(神祇)|毛利隆元|豊臣秀吉|酒井忠次(衣鉢)||世渡り上手の絆|召喚術の絆|天神地祇|才腕の絆|技巧伝承|摂理探究|柔能制剛|謀略家|雄材大略,,step116_9inen_dedup_max_total,21683,21683,step164_verified_normal9,器用さ,394
step116_9_魚鱗_000026,STEP116_9INEN_DEDUP_MAX_TOTAL_RESULT,step106_9inen_full_780_dedup_by_hero_set_bond_set_max_total,魚鱗,通常,9,伊奈忠次|サンチョ|斎藤利三(神祇)|毛利隆元|豊臣秀吉|酒井忠次(通),伊奈忠次|サンチョ|斎藤利三(神祇)|毛利隆元|豊臣秀吉|酒井忠次(通),召喚術の絆|摂理探究|世渡り上手の絆|才腕の絆|謀略家|柔能制剛|技巧伝承|天神地祇|雄材大略,召喚術の絆|摂理探究|世渡り上手の絆|才腕の絆|謀略家|柔能制剛|技巧伝承|天神地祇|雄材大略,14916,3129,30,44,394,578,385,552,555,574,526,ステータス計算済み,step116で9因縁780行を「陣形+配置英傑6人セット+発動因縁セット」で重複除外。同一組内は総合値最大の配置を代表として採用。,STEP116_SELECTED_MAX_TOTAL_FROM_STEP106_RECALCULATED_9INEN,step106で各陣形有効ラインから再計算済みの9因縁行を使用し、重複組では総合値最大の配置を残す,魚鱗||通常||9||サンチョ|伊奈忠次|斎藤利三(神祇)|毛利隆元|豊臣秀吉|酒井忠次(通)||世渡り上手の絆|召喚術の絆|天神地祇|才腕の絆|技巧伝承|摂理探究|柔能制剛|謀略家|雄材大略,,step116_9inen_dedup_max_total,21683,21683,step164_verified_normal9,器用さ,394
step116_9_魚鱗_000030,STEP116_9INEN_DEDUP_MAX_TOTAL_RESULT,step106_9inen_full_780_dedup_by_hero_set_bond_set_max_total,魚鱗,通常,9,大内義隆|北条氏邦|出雲阿国(野望)|大祝鶴|魔女ルシア|細川藤孝(立役),大内義隆|北条氏邦|出雲阿国(野望)|大祝鶴|魔女ルシア|細川藤孝(立役),流行創出|多芸多才|神主・巫女|女傑の絆|洒落者の絆|文化人の絆|文明開化|技巧伝承|山紫水明,流行創出|多芸多才|神主・巫女|女傑の絆|洒落者の絆|文化人の絆|文明開化|技巧伝承|山紫水明,13386,2828,249,44,382,403,622,773,812,744,795,ステータス計算済み,step116で9因縁780行を「陣形+配置英傑6人セット+発動因縁セット」で重複除外。同一組内は総合値最大の配置を代表として採用。,STEP116_SELECTED_MAX_TOTAL_FROM_STEP106_RECALCULATED_9INEN,step106で各陣形有効ラインから再計算済みの9因縁行を使用し、重複組では総合値最大の配置を残す,魚鱗||通常||9||出雲阿国(野望)|北条氏邦|大内義隆|大祝鶴|細川藤孝(立役)|魔女ルシア||多芸多才|女傑の絆|山紫水明|技巧伝承|文化人の絆|文明開化|洒落者の絆|流行創出|神主・巫女,,step116_9inen_dedup_max_total,21038,21038,step164_verified_normal9,器用さ,382
step116_9_魚鱗_000055,STEP116_9INEN_DEDUP_MAX_TOTAL_RESULT,step106_9inen_full_780_dedup_by_hero_set_bond_set_max_total,魚鱗,通常,9,柳生宗矩|宮本武蔵(涼)|道場娘まり(和装)|井伊直虎|魔女ルシア|谷忠澄,柳生宗矩|宮本武蔵(涼)|道場娘まり(和装)|井伊直虎|魔女ルシア|谷忠澄,侍|剣豪の絆|豪傑|女傑の絆|戦場の華|文明開化|技巧伝承|竜飛鳳舞|多芸多才,侍|剣豪の絆|豪傑|女傑の絆|戦場の華|文明開化|技巧伝承|竜飛鳳舞|多芸多才,13298,1346,869,79,374,263,593,156,153,147,177,ステータス計算済み,step116で9因縁780行を「陣形+配置英傑6人セット+発動因縁セット」で重複除外。同一組内は総合値最大の配置を代表として採用。,STEP116_SELECTED_MAX_TOTAL_FROM_STEP106_RECALCULATED_9INEN,step106で各陣形有効ラインから再計算済みの9因縁行を使用し、重複組では総合値最大の配置を残す,魚鱗||通常||9||井伊直虎|宮本武蔵(涼)|柳生宗矩|谷忠澄|道場娘まり(和装)|魔女ルシア||侍|剣豪の絆|多芸多才|女傑の絆|戦場の華|技巧伝承|文明開化|竜飛鳳舞|豪傑,,step116_9inen_dedup_max_total,17455,17455,step164_verified_normal9,器用さ,374
step116_9_魚鱗_000036,STEP116_9INEN_DEDUP_MAX_TOTAL_RESULT,step106_9inen_full_780_dedup_by_hero_set_bond_set_max_total,魚鱗,通常,9,豊臣秀長|北条氏照(剛柔)|豊臣秀次|細川藤孝(立役)|前田利家|武田晴信,豊臣秀長|北条氏照(剛柔)|豊臣秀次|細川藤孝(立役)|前田利家|武田晴信,知将の絆|立役者|技巧伝承|柔能制剛|文明開化|山紫水明|謀略家|雄材大略|摂理探究,知将の絆|立役者|技巧伝承|柔能制剛|文明開化|山紫水明|謀略家|雄材大略|摂理探究,14832,899,83,0,293,1068,158,641,619,659,618,ステータス計算済み,step116で9因縁780行を「陣形+配置英傑6人セット+発動因縁セット」で重複除外。同一組内は総合値最大の配置を代表として採用。,STEP116_SELECTED_MAX_TOTAL_FROM_STEP106_RECALCULATED_9INEN,step106で各陣形有効ラインから再計算済みの9因縁行を使用し、重複組では総合値最大の配置を残す,魚鱗||通常||9||前田利家|北条氏照(剛柔)|武田晴信|細川藤孝(立役)|豊臣秀次|豊臣秀長||山紫水明|技巧伝承|摂理探究|文明開化|柔能制剛|知将の絆|立役者|謀略家|雄材大略,,step116_9inen_dedup_max_total,19870,19870,step164_verified_normal9,器用さ,293
step116_9_魚鱗_000035,STEP116_9INEN_DEDUP_MAX_TOTAL_RESULT,step106_9inen_full_780_dedup_by_hero_set_bond_set_max_total,魚鱗,通常,9,豊臣秀長|武田晴信|前田利家(雄材)|細川藤孝(立役)|豊臣秀次|北条氏照(剛柔),豊臣秀長|武田晴信|前田利家(雄材)|細川藤孝(立役)|豊臣秀次|北条氏照(剛柔),謀略家|雄材大略|摂理探究|文明開化|山紫水明|知将の絆|立役者|技巧伝承|柔能制剛,謀略家|雄材大略|摂理探究|文明開化|山紫水明|知将の絆|立役者|技巧伝承|柔能制剛,14832,899,83,0,293,1068,158,641,619,659,618,ステータス計算済み,step116で9因縁780行を「陣形+配置英傑6人セット+発動因縁セット」で重複除外。同一組内は総合値最大の配置を代表として採用。,STEP116_SELECTED_MAX_TOTAL_FROM_STEP106_RECALCULATED_9INEN,step106で各陣形有効ラインから再計算済みの9因縁行を使用し、重複組では総合値最大の配置を残す,魚鱗||通常||9||前田利家(雄材)|北条氏照(剛柔)|武田晴信|細川藤孝(立役)|豊臣秀次|豊臣秀長||山紫水明|技巧伝承|摂理探究|文明開化|柔能制剛|知将の絆|立役者|謀略家|雄材大略,,step116_9inen_dedup_max_total,19870,19870,step164_verified_normal9,器用さ,293
step116_9_魚鱗_000043,STEP116_9INEN_DEDUP_MAX_TOTAL_RESULT,step106_9inen_full_780_dedup_by_hero_set_bond_set_max_total,魚鱗,通常,9,豊臣秀長|北条氏照(剛柔)|豊臣秀次|細川藤孝(立役)|前田利家|上杉憲政,豊臣秀長|北条氏照(剛柔)|豊臣秀次|細川藤孝(立役)|前田利家|上杉憲政,知将の絆|立役者|技巧伝承|柔能制剛|文明開化|山紫水明|謀略家|雄材大略|摂理探究,知将の絆|立役者|技巧伝承|柔能制剛|文明開化|山紫水明|謀略家|雄材大略|摂理探究,14490,861,86,0,293,998,158,609,593,632,592,ステータス計算済み,step116で9因縁780行を「陣形+配置英傑6人セット+発動因縁セット」で重複除外。同一組内は総合値最大の配置を代表として採用。,STEP116_SELECTED_MAX_TOTAL_FROM_STEP106_RECALCULATED_9INEN,step106で各陣形有効ラインから再計算済みの9因縁行を使用し、重複組では総合値最大の配置を残す,魚鱗||通常||9||上杉憲政|前田利家|北条氏照(剛柔)|細川藤孝(立役)|豊臣秀次|豊臣秀長||山紫水明|技巧伝承|摂理探究|文明開化|柔能制剛|知将の絆|立役者|謀略家|雄材大略,,step116_9inen_dedup_max_total,19312,19312,step164_verified_normal9,器用さ,293
step116_9_魚鱗_000042,STEP116_9INEN_DEDUP_MAX_TOTAL_RESULT,step106_9inen_full_780_dedup_by_hero_set_bond_set_max_total,魚鱗,通常,9,豊臣秀長|上杉憲政|前田利家(雄材)|細川藤孝(立役)|豊臣秀次|北条氏照(剛柔),豊臣秀長|上杉憲政|前田利家(雄材)|細川藤孝(立役)|豊臣秀次|北条氏照(剛柔),謀略家|雄材大略|摂理探究|文明開化|山紫水明|知将の絆|立役者|技巧伝承|柔能制剛,謀略家|雄材大略|摂理探究|文明開化|山紫水明|知将の絆|立役者|技巧伝承|柔能制剛,14490,861,86,0,293,998,158,609,593,632,592,ステータス計算済み,step116で9因縁780行を「陣形+配置英傑6人セット+発動因縁セット」で重複除外。同一組内は総合値最大の配置を代表として採用。,STEP116_SELECTED_MAX_TOTAL_FROM_STEP106_RECALCULATED_9INEN,step106で各陣形有効ラインから再計算済みの9因縁行を使用し、重複組では総合値最大の配置を残す,魚鱗||通常||9||上杉憲政|前田利家(雄材)|北条氏照(剛柔)|細川藤孝(立役)|豊臣秀次|豊臣秀長||山紫水明|技巧伝承|摂理探究|文明開化|柔能制剛|知将の絆|立役者|謀略家|雄材大略,,step116_9inen_dedup_max_total,19312,19312,step164_verified_normal9,器用さ,293
step116_9_魚鱗_000041,STEP116_9INEN_DEDUP_MAX_TOTAL_RESULT,step106_9inen_full_780_dedup_by_hero_set_bond_set_max_total,魚鱗,通常,9,柳生宗矩|島左近|出雲阿国(野望)|大祝鶴|魔女ルシア|谷忠澄,柳生宗矩|島左近|出雲阿国(野望)|大祝鶴|魔女ルシア|谷忠澄,豪傑|流行創出|神主・巫女|女傑の絆|洒落者の絆|文明開化|技巧伝承|竜飛鳳舞|多芸多才,豪傑|流行創出|神主・巫女|女傑の絆|洒落者の絆|文明開化|技巧伝承|竜飛鳳舞|多芸多才,12761,2985,558,48,244,379,596,487,496,474,532,ステータス計算済み,step116で9因縁780行を「陣形+配置英傑6人セット+発動因縁セット」で重複除外。同一組内は総合値最大の配置を代表として採用。,STEP116_SELECTED_MAX_TOTAL_FROM_STEP106_RECALCULATED_9INEN,step106で各陣形有効ラインから再計算済みの9因縁行を使用し、重複組では総合値最大の配置を残す,魚鱗||通常||9||出雲阿国(野望)|大祝鶴|島左近|柳生宗矩|谷忠澄|魔女ルシア||多芸多才|女傑の絆|技巧伝承|文明開化|洒落者の絆|流行創出|神主・巫女|竜飛鳳舞|豪傑,,step116_9inen_dedup_max_total,19560,19560,step164_verified_normal9,器用さ,244
step116_9_魚鱗_000033,STEP116_9INEN_DEDUP_MAX_TOTAL_RESULT,step106_9inen_full_780_dedup_by_hero_set_bond_set_max_total,魚鱗,通常,9,山中鹿之介|島左近|長野業正|明智光秀(闇)|小松姫|伊達政宗(起源),山中鹿之介|島左近|長野業正|明智光秀(闇)|小松姫|伊達政宗(起源),侍|根性の絆|もののふ|泰然自若|戦場の華|老練闊達|勇猛果敢|武芸の絆|意気衝天,侍|根性の絆|もののふ|泰然自若|戦場の華|老練闊達|勇猛果敢|武芸の絆|意気衝天,14439,3655,559,392,225,110,254,210,217,243,222,ステータス計算済み,step116で9因縁780行を「陣形+配置英傑6人セット+発動因縁セット」で重複除外。同一組内は総合値最大の配置を代表として採用。,STEP116_SELECTED_MAX_TOTAL_FROM_STEP106_RECALCULATED_9INEN,step106で各陣形有効ラインから再計算済みの9因縁行を使用し、重複組では総合値最大の配置を残す,魚鱗||通常||9||伊達政宗(起源)|小松姫|山中鹿之介|島左近|明智光秀(闇)|長野業正||もののふ|侍|勇猛果敢|意気衝天|戦場の華|根性の絆|武芸の絆|泰然自若|老練闊達,,step116_9inen_dedup_max_total,20526,20526,step164_verified_normal9,器用さ,225
step116_9_魚鱗_000034,STEP116_9INEN_DEDUP_MAX_TOTAL_RESULT,step106_9inen_full_780_dedup_by_hero_set_bond_set_max_total,魚鱗,通常,9,山県昌景(泰然)|島左近|長野業正|明智光秀(闇)|小松姫|伊達政宗(起源),山県昌景(泰然)|島左近|長野業正|明智光秀(闇)|小松姫|伊達政宗(起源),侍|根性の絆|もののふ|泰然自若|戦場の華|老練闊達|勇猛果敢|武芸の絆|意気衝天,侍|根性の絆|もののふ|泰然自若|戦場の華|老練闊達|勇猛果敢|武芸の絆|意気衝天,14359,3561,556,392,221,110,248,217,224,240,227,ステータス計算済み,step116で9因縁780行を「陣形+配置英傑6人セット+発動因縁セット」で重複除外。同一組内は総合値最大の配置を代表として採用。,STEP116_SELECTED_MAX_TOTAL_FROM_STEP106_RECALCULATED_9INEN,step106で各陣形有効ラインから再計算済みの9因縁行を使用し、重複組では総合値最大の配置を残す,魚鱗||通常||9||伊達政宗(起源)|小松姫|山県昌景(泰然)|島左近|明智光秀(闇)|長野業正||もののふ|侍|勇猛果敢|意気衝天|戦場の華|根性の絆|武芸の絆|泰然自若|老練闊達,,step116_9inen_dedup_max_total,20355,20355,step164_verified_normal9,器用さ,221
step116_9_魚鱗_000037,STEP116_9INEN_DEDUP_MAX_TOTAL_RESULT,step106_9inen_full_780_dedup_by_hero_set_bond_set_max_total,魚鱗,通常,9,山中鹿之介|島左近|長野業正|明智光秀(闇)|小松姫|十河一存,山中鹿之介|島左近|長野業正|明智光秀(闇)|小松姫|十河一存,侍|根性の絆|もののふ|泰然自若|戦場の華|老練闊達|勇猛果敢|武芸の絆|意気衝天,侍|根性の絆|もののふ|泰然自若|戦場の華|老練闊達|勇猛果敢|武芸の絆|意気衝天,13961,3406,548,385,207,97,254,210,217,243,222,ステータス計算済み,step116で9因縁780行を「陣形+配置英傑6人セット+発動因縁セット」で重複除外。同一組内は総合値最大の配置を代表として採用。,STEP116_SELECTED_MAX_TOTAL_FROM_STEP106_RECALCULATED_9INEN,step106で各陣形有効ラインから再計算済みの9因縁行を使用し、重複組では総合値最大の配置を残す,魚鱗||通常||9||十河一存|小松姫|山中鹿之介|島左近|明智光秀(闇)|長野業正||もののふ|侍|勇猛果敢|意気衝天|戦場の華|根性の絆|武芸の絆|泰然自若|老練闊達,,step116_9inen_dedup_max_total,19750,19750,step164_verified_normal9,器用さ,207
step116_9_魚鱗_000038,STEP116_9INEN_DEDUP_MAX_TOTAL_RESULT,step106_9inen_full_780_dedup_by_hero_set_bond_set_max_total,魚鱗,通常,9,山中鹿之介|島左近|長野業正|明智光秀(闇)|小松姫|井伊直政,山中鹿之介|島左近|長野業正|明智光秀(闇)|小松姫|井伊直政,侍|根性の絆|もののふ|泰然自若|戦場の華|老練闊達|勇猛果敢|武芸の絆|意気衝天,侍|根性の絆|もののふ|泰然自若|戦場の華|老練闊達|勇猛果敢|武芸の絆|意気衝天,13961,3406,547,386,203,97,254,210,217,243,222,ステータス計算済み,step116で9因縁780行を「陣形+配置英傑6人セット+発動因縁セット」で重複除外。同一組内は総合値最大の配置を代表として採用。,STEP116_SELECTED_MAX_TOTAL_FROM_STEP106_RECALCULATED_9INEN,step106で各陣形有効ラインから再計算済みの9因縁行を使用し、重複組では総合値最大の配置を残す,魚鱗||通常||9||井伊直政|小松姫|山中鹿之介|島左近|明智光秀(闇)|長野業正||もののふ|侍|勇猛果敢|意気衝天|戦場の華|根性の絆|武芸の絆|泰然自若|老練闊達,,step116_9inen_dedup_max_total,19746,19746,step164_verified_normal9,器用さ,203
step116_9_魚鱗_000039,STEP116_9INEN_DEDUP_MAX_TOTAL_RESULT,step106_9inen_full_780_dedup_by_hero_set_bond_set_max_total,魚鱗,通常,9,山県昌景(泰然)|島左近|長野業正|明智光秀(闇)|小松姫|十河一存,山県昌景(泰然)|島左近|長野業正|明智光秀(闇)|小松姫|十河一存,侍|根性の絆|もののふ|泰然自若|戦場の華|老練闊達|勇猛果敢|武芸の絆|意気衝天,侍|根性の絆|もののふ|泰然自若|戦場の華|老練闊達|勇猛果敢|武芸の絆|意気衝天,13882,3313,545,385,203,96,248,217,224,240,227,ステータス計算済み,step116で9因縁780行を「陣形+配置英傑6人セット+発動因縁セット」で重複除外。同一組内は総合値最大の配置を代表として採用。,STEP116_SELECTED_MAX_TOTAL_FROM_STEP106_RECALCULATED_9INEN,step106で各陣形有効ラインから再計算済みの9因縁行を使用し、重複組では総合値最大の配置を残す,魚鱗||通常||9||十河一存|小松姫|山県昌景(泰然)|島左近|明智光秀(闇)|長野業正||もののふ|侍|勇猛果敢|意気衝天|戦場の華|根性の絆|武芸の絆|泰然自若|老練闊達,,step116_9inen_dedup_max_total,19580,19580,step164_verified_normal9,器用さ,203
step116_9_魚鱗_000040,STEP116_9INEN_DEDUP_MAX_TOTAL_RESULT,step106_9inen_full_780_dedup_by_hero_set_bond_set_max_total,魚鱗,通常,9,山県昌景(泰然)|島左近|長野業正|明智光秀(闇)|小松姫|井伊直政,山県昌景(泰然)|島左近|長野業正|明智光秀(闇)|小松姫|井伊直政,侍|根性の絆|もののふ|泰然自若|戦場の華|老練闊達|勇猛果敢|武芸の絆|意気衝天,侍|根性の絆|もののふ|泰然自若|戦場の華|老練闊達|勇猛果敢|武芸の絆|意気衝天,13882,3313,544,386,199,96,248,217,224,240,227,ステータス計算済み,step116で9因縁780行を「陣形+配置英傑6人セット+発動因縁セット」で重複除外。同一組内は総合値最大の配置を代表として採用。,STEP116_SELECTED_MAX_TOTAL_FROM_STEP106_RECALCULATED_9INEN,step106で各陣形有効ラインから再計算済みの9因縁行を使用し、重複組では総合値最大の配置を残す,魚鱗||通常||9||井伊直政|小松姫|山県昌景(泰然)|島左近|明智光秀(闇)|長野業正||もののふ|侍|勇猛果敢|意気衝天|戦場の華|根性の絆|武芸の絆|泰然自若|老練闊達,,step116_9inen_dedup_max_total,19576,19576,step164_verified_normal9,器用さ,199
step116_9_魚鱗_000021,STEP116_9INEN_DEDUP_MAX_TOTAL_RESULT,step106_9inen_full_780_dedup_by_hero_set_bond_set_max_total,魚鱗,通常,9,山中鹿之介|吉川元春|井伊直虎|宮本武蔵(涼)|島左近|長野業正,山中鹿之介|吉川元春|井伊直虎|宮本武蔵(涼)|島左近|長野業正,猛将の絆|勇猛果敢|意気衝天|軍学の絆|豪傑|侍|根性の絆|もののふ|泰然自若,猛将の絆|勇猛果敢|意気衝天|軍学の絆|豪傑|侍|根性の絆|もののふ|泰然自若,16076,4022,806,411,192,149,204,210,217,243,222,ステータス計算済み,step116で9因縁780行を「陣形+配置英傑6人セット+発動因縁セット」で重複除外。同一組内は総合値最大の配置を代表として採用。,STEP116_SELECTED_MAX_TOTAL_FROM_STEP106_RECALCULATED_9INEN,step106で各陣形有効ラインから再計算済みの9因縁行を使用し、重複組では総合値最大の配置を残す,魚鱗||通常||9||井伊直虎|吉川元春|宮本武蔵(涼)|山中鹿之介|島左近|長野業正||もののふ|侍|勇猛果敢|意気衝天|根性の絆|泰然自若|猛将の絆|豪傑|軍学の絆,,step116_9inen_dedup_max_total,22752,22752,step164_verified_normal9,器用さ,192
step116_9_魚鱗_000022,STEP116_9INEN_DEDUP_MAX_TOTAL_RESULT,step106_9inen_full_780_dedup_by_hero_set_bond_set_max_total,魚鱗,通常,9,山中鹿之介|長野業正|島左近|山県昌景|井伊直虎|吉川元春,山中鹿之介|長野業正|島左近|山県昌景|井伊直虎|吉川元春,侍|根性の絆|もののふ|泰然自若|軍学の絆|豪傑|猛将の絆|勇猛果敢|意気衝天,侍|根性の絆|もののふ|泰然自若|軍学の絆|豪傑|猛将の絆|勇猛果敢|意気衝天,15788,4022,781,403,192,144,197,210,217,243,222,ステータス計算済み,step116で9因縁780行を「陣形+配置英傑6人セット+発動因縁セット」で重複除外。同一組内は総合値最大の配置を代表として採用。,STEP116_SELECTED_MAX_TOTAL_FROM_STEP106_RECALCULATED_9INEN,step106で各陣形有効ラインから再計算済みの9因縁行を使用し、重複組では総合値最大の配置を残す,魚鱗||通常||9||井伊直虎|吉川元春|山中鹿之介|山県昌景|島左近|長野業正||もののふ|侍|勇猛果敢|意気衝天|根性の絆|泰然自若|猛将の絆|豪傑|軍学の絆,,step116_9inen_dedup_max_total,22419,22419,step164_verified_normal9,器用さ,192
step116_9_魚鱗_000025,STEP116_9INEN_DEDUP_MAX_TOTAL_RESULT,step106_9inen_full_780_dedup_by_hero_set_bond_set_max_total,魚鱗,通常,9,山中鹿之介|吉川元春|井伊直虎|柿崎景家|島左近|長野業正,山中鹿之介|吉川元春|井伊直虎|柿崎景家|島左近|長野業正,猛将の絆|勇猛果敢|意気衝天|軍学の絆|豪傑|侍|根性の絆|もののふ|泰然自若,猛将の絆|勇猛果敢|意気衝天|軍学の絆|豪傑|侍|根性の絆|もののふ|泰然自若,15696,4022,784,402,192,144,197,210,217,243,222,ステータス計算済み,step116で9因縁780行を「陣形+配置英傑6人セット+発動因縁セット」で重複除外。同一組内は総合値最大の配置を代表として採用。,STEP116_SELECTED_MAX_TOTAL_FROM_STEP106_RECALCULATED_9INEN,step106で各陣形有効ラインから再計算済みの9因縁行を使用し、重複組では総合値最大の配置を残す,魚鱗||通常||9||井伊直虎|吉川元春|山中鹿之介|島左近|柿崎景家|長野業正||もののふ|侍|勇猛果敢|意気衝天|根性の絆|泰然自若|猛将の絆|豪傑|軍学の絆,,step116_9inen_dedup_max_total,22329,22329,step164_verified_normal9,器用さ,192
step116_9_魚鱗_000028,STEP116_9INEN_DEDUP_MAX_TOTAL_RESULT,step106_9inen_full_780_dedup_by_hero_set_bond_set_max_total,魚鱗,通常,9,長野業正|山中鹿之介|島左近|細川忠興(山紫)|明智光秀(闇)|小松姫,長野業正|山中鹿之介|島左近|細川忠興(山紫)|明智光秀(闇)|小松姫,侍|根性の絆|もののふ|泰然自若|鬼の絆|流行創出|戦場の華|老練闊達|勇猛果敢,侍|根性の絆|もののふ|泰然自若|鬼の絆|流行創出|戦場の華|老練闊達|勇猛果敢,14897,3081,668,489,104,137,254,421,458,473,447,ステータス計算済み,step116で9因縁780行を「陣形+配置英傑6人セット+発動因縁セット」で重複除外。同一組内は総合値最大の配置を代表として採用。,STEP116_SELECTED_MAX_TOTAL_FROM_STEP106_RECALCULATED_9INEN,step106で各陣形有効ラインから再計算済みの9因縁行を使用し、重複組では総合値最大の配置を残す,魚鱗||通常||9||小松姫|山中鹿之介|島左近|明智光秀(闇)|細川忠興(山紫)|長野業正||もののふ|侍|勇猛果敢|戦場の華|根性の絆|泰然自若|流行創出|老練闊達|鬼の絆,,step116_9inen_dedup_max_total,21429,21429,step164_verified_normal9,器用さ,104
step116_9_魚鱗_000029,STEP116_9INEN_DEDUP_MAX_TOTAL_RESULT,step106_9inen_full_780_dedup_by_hero_set_bond_set_max_total,魚鱗,通常,9,長野業正|山県昌景(泰然)|島左近|細川忠興(山紫)|明智光秀(闇)|小松姫,長野業正|山県昌景(泰然)|島左近|細川忠興(山紫)|明智光秀(闇)|小松姫,侍|根性の絆|もののふ|泰然自若|鬼の絆|流行創出|戦場の華|老練闊達|勇猛果敢,侍|根性の絆|もののふ|泰然自若|鬼の絆|流行創出|戦場の華|老練闊達|勇猛果敢,14844,3061,666,489,104,137,248,428,465,470,452,ステータス計算済み,step116で9因縁780行を「陣形+配置英傑6人セット+発動因縁セット」で重複除外。同一組内は総合値最大の配置を代表として採用。,STEP116_SELECTED_MAX_TOTAL_FROM_STEP106_RECALCULATED_9INEN,step106で各陣形有効ラインから再計算済みの9因縁行を使用し、重複組では総合値最大の配置を残す,魚鱗||通常||9||小松姫|山県昌景(泰然)|島左近|明智光秀(闇)|細川忠興(山紫)|長野業正||もののふ|侍|勇猛果敢|戦場の華|根性の絆|泰然自若|流行創出|老練闊達|鬼の絆,,step116_9inen_dedup_max_total,21364,21364,step164_verified_normal9,器用さ,104
step116_9_魚鱗_000031,STEP116_9INEN_DEDUP_MAX_TOTAL_RESULT,step106_9inen_full_780_dedup_by_hero_set_bond_set_max_total,魚鱗,通常,9,長野業正|山中鹿之介|島左近|豊臣秀次|明智光秀(闇)|小松姫,長野業正|山中鹿之介|島左近|豊臣秀次|明智光秀(闇)|小松姫,侍|根性の絆|もののふ|泰然自若|謀略家|流行創出|戦場の華|老練闊達|勇猛果敢,侍|根性の絆|もののふ|泰然自若|謀略家|流行創出|戦場の華|老練闊達|勇猛果敢,14515,2995,466,342,104,277,254,397,422,445,418,ステータス計算済み,step116で9因縁780行を「陣形+配置英傑6人セット+発動因縁セット」で重複除外。同一組内は総合値最大の配置を代表として採用。,STEP116_SELECTED_MAX_TOTAL_FROM_STEP106_RECALCULATED_9INEN,step106で各陣形有効ラインから再計算済みの9因縁行を使用し、重複組では総合値最大の配置を残す,魚鱗||通常||9||小松姫|山中鹿之介|島左近|明智光秀(闇)|豊臣秀次|長野業正||もののふ|侍|勇猛果敢|戦場の華|根性の絆|泰然自若|流行創出|老練闊達|謀略家,,step116_9inen_dedup_max_total,20635,20635,step164_verified_normal9,器用さ,104
step116_9_魚鱗_000032,STEP116_9INEN_DEDUP_MAX_TOTAL_RESULT,step106_9inen_full_780_dedup_by_hero_set_bond_set_max_total,魚鱗,通常,9,長野業正|山県昌景(泰然)|島左近|豊臣秀次|明智光秀(闇)|小松姫,長野業正|山県昌景(泰然)|島左近|豊臣秀次|明智光秀(闇)|小松姫,侍|根性の絆|もののふ|泰然自若|謀略家|流行創出|戦場の華|老練闊達|勇猛果敢,侍|根性の絆|もののふ|泰然自若|謀略家|流行創出|戦場の華|老練闊達|勇猛果敢,14462,2975,464,342,104,277,248,404,429,442,423,ステータス計算済み,step116で9因縁780行を「陣形+配置英傑6人セット+発動因縁セット」で重複除外。同一組内は総合値最大の配置を代表として採用。,STEP116_SELECTED_MAX_TOTAL_FROM_STEP106_RECALCULATED_9INEN,step106で各陣形有効ラインから再計算済みの9因縁行を使用し、重複組では総合値最大の配置を残す,魚鱗||通常||9||小松姫|山県昌景(泰然)|島左近|明智光秀(闇)|豊臣秀次|長野業正||もののふ|侍|勇猛果敢|戦場の華|根性の絆|泰然自若|流行創出|老練闊達|謀略家,,step116_9inen_dedup_max_total,20570,20570,step164_verified_normal9,器用さ,104
step116_9_魚鱗_000002,STEP116_9INEN_DEDUP_MAX_TOTAL_RESULT,step106_9inen_full_780_dedup_by_hero_set_bond_set_max_total,魚鱗,通常,9,武田晴信|愛姫(起源)|細川藤孝(立役)|今川義元|前田利家|鍋島直茂(乱雲),武田晴信|愛姫(起源)|細川藤孝(立役)|今川義元|前田利家|鍋島直茂(乱雲),健康第一|老練闊達|質実剛健|文明開化|山紫水明|巧言令色|謀略家|雄材大略|摂理探究,健康第一|老練闊達|質実剛健|文明開化|山紫水明|巧言令色|謀略家|雄材大略|摂理探究,15234,4833,161,231,0,715,313,483,506,501,469,ステータス計算済み,step116で9因縁780行を「陣形+配置英傑6人セット+発動因縁セット」で重複除外。同一組内は総合値最大の配置を代表として採用。,STEP116_SELECTED_MAX_TOTAL_FROM_STEP106_RECALCULATED_9INEN,step106で各陣形有効ラインから再計算済みの9因縁行を使用し、重複組では総合値最大の配置を残す,魚鱗||通常||9||今川義元|前田利家|愛姫(起源)|武田晴信|細川藤孝(立役)|鍋島直茂(乱雲)||健康第一|山紫水明|巧言令色|摂理探究|文明開化|老練闊達|謀略家|質実剛健|雄材大略,,step116_9inen_dedup_max_total,23446,23446,step164_verified_normal9,器用さ,0
step116_9_魚鱗_000001,STEP116_9INEN_DEDUP_MAX_TOTAL_RESULT,step106_9inen_full_780_dedup_by_hero_set_bond_set_max_total,魚鱗,通常,9,前田利家(雄材)|鍋島直茂(乱雲)|武田晴信|愛姫(起源)|細川藤孝(立役)|今川義元,前田利家(雄材)|鍋島直茂(乱雲)|武田晴信|愛姫(起源)|細川藤孝(立役)|今川義元,謀略家|雄材大略|摂理探究|健康第一|老練闊達|質実剛健|文明開化|山紫水明|巧言令色,謀略家|雄材大略|摂理探究|健康第一|老練闊達|質実剛健|文明開化|山紫水明|巧言令色,15234,4833,161,231,0,715,313,483,506,501,469,ステータス計算済み,step116で9因縁780行を「陣形+配置英傑6人セット+発動因縁セット」で重複除外。同一組内は総合値最大の配置を代表として採用。,STEP116_SELECTED_MAX_TOTAL_FROM_STEP106_RECALCULATED_9INEN,step106で各陣形有効ラインから再計算済みの9因縁行を使用し、重複組では総合値最大の配置を残す,魚鱗||通常||9||今川義元|前田利家(雄材)|愛姫(起源)|武田晴信|細川藤孝(立役)|鍋島直茂(乱雲)||健康第一|山紫水明|巧言令色|摂理探究|文明開化|老練闊達|謀略家|質実剛健|雄材大略,,step116_9inen_dedup_max_total,23446,23446,step164_verified_normal9,器用さ,0
step116_9_魚鱗_000004,STEP116_9INEN_DEDUP_MAX_TOTAL_RESULT,step106_9inen_full_780_dedup_by_hero_set_bond_set_max_total,魚鱗,通常,9,武田晴信|高台院|細川藤孝(立役)|今川義元|前田利家|鍋島直茂(乱雲),武田晴信|高台院|細川藤孝(立役)|今川義元|前田利家|鍋島直茂(乱雲),健康第一|老練闊達|質実剛健|文明開化|山紫水明|巧言令色|謀略家|雄材大略|摂理探究,健康第一|老練闊達|質実剛健|文明開化|山紫水明|巧言令色|謀略家|雄材大略|摂理探究,15237,4808,149,226,0,719,313,482,504,497,466,ステータス計算済み,step116で9因縁780行を「陣形+配置英傑6人セット+発動因縁セット」で重複除外。同一組内は総合値最大の配置を代表として採用。,STEP116_SELECTED_MAX_TOTAL_FROM_STEP106_RECALCULATED_9INEN,step106で各陣形有効ラインから再計算済みの9因縁行を使用し、重複組では総合値最大の配置を残す,魚鱗||通常||9||今川義元|前田利家|武田晴信|細川藤孝(立役)|鍋島直茂(乱雲)|高台院||健康第一|山紫水明|巧言令色|摂理探究|文明開化|老練闊達|謀略家|質実剛健|雄材大略,,step116_9inen_dedup_max_total,23401,23401,step164_verified_normal9,器用さ,0
step116_9_魚鱗_000003,STEP116_9INEN_DEDUP_MAX_TOTAL_RESULT,step106_9inen_full_780_dedup_by_hero_set_bond_set_max_total,魚鱗,通常,9,前田利家(雄材)|鍋島直茂(乱雲)|武田晴信|高台院|細川藤孝(立役)|今川義元,前田利家(雄材)|鍋島直茂(乱雲)|武田晴信|高台院|細川藤孝(立役)|今川義元,謀略家|雄材大略|摂理探究|健康第一|老練闊達|質実剛健|文明開化|山紫水明|巧言令色,謀略家|雄材大略|摂理探究|健康第一|老練闊達|質実剛健|文明開化|山紫水明|巧言令色,15237,4808,149,226,0,719,313,482,504,497,466,ステータス計算済み,step116で9因縁780行を「陣形+配置英傑6人セット+発動因縁セット」で重複除外。同一組内は総合値最大の配置を代表として採用。,STEP116_SELECTED_MAX_TOTAL_FROM_STEP106_RECALCULATED_9INEN,step106で各陣形有効ラインから再計算済みの9因縁行を使用し、重複組では総合値最大の配置を残す,魚鱗||通常||9||今川義元|前田利家(雄材)|武田晴信|細川藤孝(立役)|鍋島直茂(乱雲)|高台院||健康第一|山紫水明|巧言令色|摂理探究|文明開化|老練闊達|謀略家|質実剛健|雄材大略,,step116_9inen_dedup_max_total,23401,23401,step164_verified_normal9,器用さ,0
step116_9_魚鱗_000006,STEP116_9INEN_DEDUP_MAX_TOTAL_RESULT,step106_9inen_full_780_dedup_by_hero_set_bond_set_max_total,魚鱗,通常,9,武田晴信|愛姫(起源)|細川藤孝(立役)|今川義元|前田利家|片倉景綱(右腕),武田晴信|愛姫(起源)|細川藤孝(立役)|今川義元|前田利家|片倉景綱(右腕),健康第一|老練闊達|質実剛健|文明開化|山紫水明|巧言令色|謀略家|雄材大略|摂理探究,健康第一|老練闊達|質実剛健|文明開化|山紫水明|巧言令色|謀略家|雄材大略|摂理探究,15159,4827,167,231,0,715,313,488,504,513,469,ステータス計算済み,step116で9因縁780行を「陣形+配置英傑6人セット+発動因縁セット」で重複除外。同一組内は総合値最大の配置を代表として採用。,STEP116_SELECTED_MAX_TOTAL_FROM_STEP106_RECALCULATED_9INEN,step106で各陣形有効ラインから再計算済みの9因縁行を使用し、重複組では総合値最大の配置を残す,魚鱗||通常||9||今川義元|前田利家|愛姫(起源)|武田晴信|片倉景綱(右腕)|細川藤孝(立役)||健康第一|山紫水明|巧言令色|摂理探究|文明開化|老練闊達|謀略家|質実剛健|雄材大略,,step116_9inen_dedup_max_total,23386,23386,step164_verified_normal9,器用さ,0
step116_9_魚鱗_000005,STEP116_9INEN_DEDUP_MAX_TOTAL_RESULT,step106_9inen_full_780_dedup_by_hero_set_bond_set_max_total,魚鱗,通常,9,前田利家(雄材)|片倉景綱(右腕)|武田晴信|愛姫(起源)|細川藤孝(立役)|今川義元,前田利家(雄材)|片倉景綱(右腕)|武田晴信|愛姫(起源)|細川藤孝(立役)|今川義元,謀略家|雄材大略|摂理探究|健康第一|老練闊達|質実剛健|文明開化|山紫水明|巧言令色,謀略家|雄材大略|摂理探究|健康第一|老練闊達|質実剛健|文明開化|山紫水明|巧言令色,15159,4827,167,231,0,715,313,488,504,513,469,ステータス計算済み,step116で9因縁780行を「陣形+配置英傑6人セット+発動因縁セット」で重複除外。同一組内は総合値最大の配置を代表として採用。,STEP116_SELECTED_MAX_TOTAL_FROM_STEP106_RECALCULATED_9INEN,step106で各陣形有効ラインから再計算済みの9因縁行を使用し、重複組では総合値最大の配置を残す,魚鱗||通常||9||今川義元|前田利家(雄材)|愛姫(起源)|武田晴信|片倉景綱(右腕)|細川藤孝(立役)||健康第一|山紫水明|巧言令色|摂理探究|文明開化|老練闊達|謀略家|質実剛健|雄材大略,,step116_9inen_dedup_max_total,23386,23386,step164_verified_normal9,器用さ,0
step116_9_魚鱗_000008,STEP116_9INEN_DEDUP_MAX_TOTAL_RESULT,step106_9inen_full_780_dedup_by_hero_set_bond_set_max_total,魚鱗,通常,9,武田晴信|高台院|細川藤孝(立役)|今川義元|前田利家|片倉景綱(右腕),武田晴信|高台院|細川藤孝(立役)|今川義元|前田利家|片倉景綱(右腕),健康第一|老練闊達|質実剛健|文明開化|山紫水明|巧言令色|謀略家|雄材大略|摂理探究,健康第一|老練闊達|質実剛健|文明開化|山紫水明|巧言令色|謀略家|雄材大略|摂理探究,15162,4802,155,226,0,719,313,487,502,509,466,ステータス計算済み,step116で9因縁780行を「陣形+配置英傑6人セット+発動因縁セット」で重複除外。同一組内は総合値最大の配置を代表として採用。,STEP116_SELECTED_MAX_TOTAL_FROM_STEP106_RECALCULATED_9INEN,step106で各陣形有効ラインから再計算済みの9因縁行を使用し、重複組では総合値最大の配置を残す,魚鱗||通常||9||今川義元|前田利家|武田晴信|片倉景綱(右腕)|細川藤孝(立役)|高台院||健康第一|山紫水明|巧言令色|摂理探究|文明開化|老練闊達|謀略家|質実剛健|雄材大略,,step116_9inen_dedup_max_total,23341,23341,step164_verified_normal9,器用さ,0
step116_9_魚鱗_000007,STEP116_9INEN_DEDUP_MAX_TOTAL_RESULT,step106_9inen_full_780_dedup_by_hero_set_bond_set_max_total,魚鱗,通常,9,前田利家(雄材)|片倉景綱(右腕)|武田晴信|高台院|細川藤孝(立役)|今川義元,前田利家(雄材)|片倉景綱(右腕)|武田晴信|高台院|細川藤孝(立役)|今川義元,謀略家|雄材大略|摂理探究|健康第一|老練闊達|質実剛健|文明開化|山紫水明|巧言令色,謀略家|雄材大略|摂理探究|健康第一|老練闊達|質実剛健|文明開化|山紫水明|巧言令色,15162,4802,155,226,0,719,313,487,502,509,466,ステータス計算済み,step116で9因縁780行を「陣形+配置英傑6人セット+発動因縁セット」で重複除外。同一組内は総合値最大の配置を代表として採用。,STEP116_SELECTED_MAX_TOTAL_FROM_STEP106_RECALCULATED_9INEN,step106で各陣形有効ラインから再計算済みの9因縁行を使用し、重複組では総合値最大の配置を残す,魚鱗||通常||9||今川義元|前田利家(雄材)|武田晴信|片倉景綱(右腕)|細川藤孝(立役)|高台院||健康第一|山紫水明|巧言令色|摂理探究|文明開化|老練闊達|謀略家|質実剛健|雄材大略,,step116_9inen_dedup_max_total,23341,23341,step164_verified_normal9,器用さ,0
step116_9_魚鱗_000010,STEP116_9INEN_DEDUP_MAX_TOTAL_RESULT,step106_9inen_full_780_dedup_by_hero_set_bond_set_max_total,魚鱗,通常,9,武田晴信|愛姫(起源)|細川藤孝(立役)|今川義元|前田利家|豊臣秀長,武田晴信|愛姫(起源)|細川藤孝(立役)|今川義元|前田利家|豊臣秀長,健康第一|老練闊達|質実剛健|文明開化|山紫水明|巧言令色|謀略家|雄材大略|摂理探究,健康第一|老練闊達|質実剛健|文明開化|山紫水明|巧言令色|謀略家|雄材大略|摂理探究,15036,4864,157,231,0,719,313,490,509,512,472,ステータス計算済み,step116で9因縁780行を「陣形+配置英傑6人セット+発動因縁セット」で重複除外。同一組内は総合値最大の配置を代表として採用。,STEP116_SELECTED_MAX_TOTAL_FROM_STEP106_RECALCULATED_9INEN,step106で各陣形有効ラインから再計算済みの9因縁行を使用し、重複組では総合値最大の配置を残す,魚鱗||通常||9||今川義元|前田利家|愛姫(起源)|武田晴信|細川藤孝(立役)|豊臣秀長||健康第一|山紫水明|巧言令色|摂理探究|文明開化|老練闊達|謀略家|質実剛健|雄材大略,,step116_9inen_dedup_max_total,23303,23303,step164_verified_normal9,器用さ,0
step116_9_魚鱗_000009,STEP116_9INEN_DEDUP_MAX_TOTAL_RESULT,step106_9inen_full_780_dedup_by_hero_set_bond_set_max_total,魚鱗,通常,9,前田利家(雄材)|豊臣秀長|武田晴信|愛姫(起源)|細川藤孝(立役)|今川義元,前田利家(雄材)|豊臣秀長|武田晴信|愛姫(起源)|細川藤孝(立役)|今川義元,謀略家|雄材大略|摂理探究|健康第一|老練闊達|質実剛健|文明開化|山紫水明|巧言令色,謀略家|雄材大略|摂理探究|健康第一|老練闊達|質実剛健|文明開化|山紫水明|巧言令色,15036,4864,157,231,0,719,313,490,509,512,472,ステータス計算済み,step116で9因縁780行を「陣形+配置英傑6人セット+発動因縁セット」で重複除外。同一組内は総合値最大の配置を代表として採用。,STEP116_SELECTED_MAX_TOTAL_FROM_STEP106_RECALCULATED_9INEN,step106で各陣形有効ラインから再計算済みの9因縁行を使用し、重複組では総合値最大の配置を残す,魚鱗||通常||9||今川義元|前田利家(雄材)|愛姫(起源)|武田晴信|細川藤孝(立役)|豊臣秀長||健康第一|山紫水明|巧言令色|摂理探究|文明開化|老練闊達|謀略家|質実剛健|雄材大略,,step116_9inen_dedup_max_total,23303,23303,step164_verified_normal9,器用さ,0
step116_9_魚鱗_000012,STEP116_9INEN_DEDUP_MAX_TOTAL_RESULT,step106_9inen_full_780_dedup_by_hero_set_bond_set_max_total,魚鱗,通常,9,武田晴信|高台院|細川藤孝(立役)|今川義元|前田利家|豊臣秀長,武田晴信|高台院|細川藤孝(立役)|今川義元|前田利家|豊臣秀長,健康第一|老練闊達|質実剛健|文明開化|山紫水明|巧言令色|謀略家|雄材大略|摂理探究,健康第一|老練闊達|質実剛健|文明開化|山紫水明|巧言令色|謀略家|雄材大略|摂理探究,15039,4838,145,226,0,723,313,489,507,508,469,ステータス計算済み,step116で9因縁780行を「陣形+配置英傑6人セット+発動因縁セット」で重複除外。同一組内は総合値最大の配置を代表として採用。,STEP116_SELECTED_MAX_TOTAL_FROM_STEP106_RECALCULATED_9INEN,step106で各陣形有効ラインから再計算済みの9因縁行を使用し、重複組では総合値最大の配置を残す,魚鱗||通常||9||今川義元|前田利家|武田晴信|細川藤孝(立役)|豊臣秀長|高台院||健康第一|山紫水明|巧言令色|摂理探究|文明開化|老練闊達|謀略家|質実剛健|雄材大略,,step116_9inen_dedup_max_total,23257,23257,step164_verified_normal9,器用さ,0
step116_9_魚鱗_000011,STEP116_9INEN_DEDUP_MAX_TOTAL_RESULT,step106_9inen_full_780_dedup_by_hero_set_bond_set_max_total,魚鱗,通常,9,前田利家(雄材)|豊臣秀長|武田晴信|高台院|細川藤孝(立役)|今川義元,前田利家(雄材)|豊臣秀長|武田晴信|高台院|細川藤孝(立役)|今川義元,謀略家|雄材大略|摂理探究|健康第一|老練闊達|質実剛健|文明開化|山紫水明|巧言令色,謀略家|雄材大略|摂理探究|健康第一|老練闊達|質実剛健|文明開化|山紫水明|巧言令色,15039,4838,145,226,0,723,313,489,507,508,469,ステータス計算済み,step116で9因縁780行を「陣形+配置英傑6人セット+発動因縁セット」で重複除外。同一組内は総合値最大の配置を代表として採用。,STEP116_SELECTED_MAX_TOTAL_FROM_STEP106_RECALCULATED_9INEN,step106で各陣形有効ラインから再計算済みの9因縁行を使用し、重複組では総合値最大の配置を残す,魚鱗||通常||9||今川義元|前田利家(雄材)|武田晴信|細川藤孝(立役)|豊臣秀長|高台院||健康第一|山紫水明|巧言令色|摂理探究|文明開化|老練闊達|謀略家|質実剛健|雄材大略,,step116_9inen_dedup_max_total,23257,23257,step164_verified_normal9,器用さ,0
step116_9_魚鱗_000014,STEP116_9INEN_DEDUP_MAX_TOTAL_RESULT,step106_9inen_full_780_dedup_by_hero_set_bond_set_max_total,魚鱗,通常,9,武田晴信|愛姫(起源)|細川藤孝(立役)|今川義元|前田利家|丹羽長秀(風雲),武田晴信|愛姫(起源)|細川藤孝(立役)|今川義元|前田利家|丹羽長秀(風雲),健康第一|老練闊達|質実剛健|文明開化|山紫水明|巧言令色|謀略家|雄材大略|摂理探究,健康第一|老練闊達|質実剛健|文明開化|山紫水明|巧言令色|謀略家|雄材大略|摂理探究,14973,4838,144,231,0,712,313,474,517,517,456,ステータス計算済み,step116で9因縁780行を「陣形+配置英傑6人セット+発動因縁セット」で重複除外。同一組内は総合値最大の配置を代表として採用。,STEP116_SELECTED_MAX_TOTAL_FROM_STEP106_RECALCULATED_9INEN,step106で各陣形有効ラインから再計算済みの9因縁行を使用し、重複組では総合値最大の配置を残す,魚鱗||通常||9||丹羽長秀(風雲)|今川義元|前田利家|愛姫(起源)|武田晴信|細川藤孝(立役)||健康第一|山紫水明|巧言令色|摂理探究|文明開化|老練闊達|謀略家|質実剛健|雄材大略,,step116_9inen_dedup_max_total,23175,23175,step164_verified_normal9,器用さ,0
step116_9_魚鱗_000013,STEP116_9INEN_DEDUP_MAX_TOTAL_RESULT,step106_9inen_full_780_dedup_by_hero_set_bond_set_max_total,魚鱗,通常,9,前田利家(雄材)|丹羽長秀(風雲)|武田晴信|愛姫(起源)|細川藤孝(立役)|今川義元,前田利家(雄材)|丹羽長秀(風雲)|武田晴信|愛姫(起源)|細川藤孝(立役)|今川義元,謀略家|雄材大略|摂理探究|健康第一|老練闊達|質実剛健|文明開化|山紫水明|巧言令色,謀略家|雄材大略|摂理探究|健康第一|老練闊達|質実剛健|文明開化|山紫水明|巧言令色,14973,4838,144,231,0,712,313,474,517,517,456,ステータス計算済み,step116で9因縁780行を「陣形+配置英傑6人セット+発動因縁セット」で重複除外。同一組内は総合値最大の配置を代表として採用。,STEP116_SELECTED_MAX_TOTAL_FROM_STEP106_RECALCULATED_9INEN,step106で各陣形有効ラインから再計算済みの9因縁行を使用し、重複組では総合値最大の配置を残す,魚鱗||通常||9||丹羽長秀(風雲)|今川義元|前田利家(雄材)|愛姫(起源)|武田晴信|細川藤孝(立役)||健康第一|山紫水明|巧言令色|摂理探究|文明開化|老練闊達|謀略家|質実剛健|雄材大略,,step116_9inen_dedup_max_total,23175,23175,step164_verified_normal9,器用さ,0
step116_9_魚鱗_000016,STEP116_9INEN_DEDUP_MAX_TOTAL_RESULT,step106_9inen_full_780_dedup_by_hero_set_bond_set_max_total,魚鱗,通常,9,武田晴信|愛姫(起源)|細川藤孝(立役)|今川義元|前田利家|竹中半兵衛(右腕),武田晴信|愛姫(起源)|細川藤孝(立役)|今川義元|前田利家|竹中半兵衛(右腕),健康第一|老練闊達|質実剛健|文明開化|山紫水明|巧言令色|謀略家|雄材大略|摂理探究,健康第一|老練闊達|質実剛健|文明開化|山紫水明|巧言令色|謀略家|雄材大略|摂理探究,14808,4896,149,231,0,720,313,502,521,521,484,ステータス計算済み,step116で9因縁780行を「陣形+配置英傑6人セット+発動因縁セット」で重複除外。同一組内は総合値最大の配置を代表として採用。,STEP116_SELECTED_MAX_TOTAL_FROM_STEP106_RECALCULATED_9INEN,step106で各陣形有効ラインから再計算済みの9因縁行を使用し、重複組では総合値最大の配置を残す,魚鱗||通常||9||今川義元|前田利家|愛姫(起源)|武田晴信|竹中半兵衛(右腕)|細川藤孝(立役)||健康第一|山紫水明|巧言令色|摂理探究|文明開化|老練闊達|謀略家|質実剛健|雄材大略,,step116_9inen_dedup_max_total,23145,23145,step164_verified_normal9,器用さ,0
step116_9_魚鱗_000015,STEP116_9INEN_DEDUP_MAX_TOTAL_RESULT,step106_9inen_full_780_dedup_by_hero_set_bond_set_max_total,魚鱗,通常,9,前田利家(雄材)|竹中半兵衛(右腕)|武田晴信|愛姫(起源)|細川藤孝(立役)|今川義元,前田利家(雄材)|竹中半兵衛(右腕)|武田晴信|愛姫(起源)|細川藤孝(立役)|今川義元,謀略家|雄材大略|摂理探究|健康第一|老練闊達|質実剛健|文明開化|山紫水明|巧言令色,謀略家|雄材大略|摂理探究|健康第一|老練闊達|質実剛健|文明開化|山紫水明|巧言令色,14808,4896,149,231,0,720,313,502,521,521,484,ステータス計算済み,step116で9因縁780行を「陣形+配置英傑6人セット+発動因縁セット」で重複除外。同一組内は総合値最大の配置を代表として採用。,STEP116_SELECTED_MAX_TOTAL_FROM_STEP106_RECALCULATED_9INEN,step106で各陣形有効ラインから再計算済みの9因縁行を使用し、重複組では総合値最大の配置を残す,魚鱗||通常||9||今川義元|前田利家(雄材)|愛姫(起源)|武田晴信|竹中半兵衛(右腕)|細川藤孝(立役)||健康第一|山紫水明|巧言令色|摂理探究|文明開化|老練闊達|謀略家|質実剛健|雄材大略,,step116_9inen_dedup_max_total,23145,23145,step164_verified_normal9,器用さ,0
step116_9_魚鱗_000018,STEP116_9INEN_DEDUP_MAX_TOTAL_RESULT,step106_9inen_full_780_dedup_by_hero_set_bond_set_max_total,魚鱗,通常,9,武田晴信|高台院|細川藤孝(立役)|今川義元|前田利家|丹羽長秀(風雲),武田晴信|高台院|細川藤孝(立役)|今川義元|前田利家|丹羽長秀(風雲),健康第一|老練闊達|質実剛健|文明開化|山紫水明|巧言令色|謀略家|雄材大略|摂理探究,健康第一|老練闊達|質実剛健|文明開化|山紫水明|巧言令色|謀略家|雄材大略|摂理探究,14976,4813,132,226,0,716,313,473,515,513,453,ステータス計算済み,step116で9因縁780行を「陣形+配置英傑6人セット+発動因縁セット」で重複除外。同一組内は総合値最大の配置を代表として採用。,STEP116_SELECTED_MAX_TOTAL_FROM_STEP106_RECALCULATED_9INEN,step106で各陣形有効ラインから再計算済みの9因縁行を使用し、重複組では総合値最大の配置を残す,魚鱗||通常||9||丹羽長秀(風雲)|今川義元|前田利家|武田晴信|細川藤孝(立役)|高台院||健康第一|山紫水明|巧言令色|摂理探究|文明開化|老練闊達|謀略家|質実剛健|雄材大略,,step116_9inen_dedup_max_total,23130,23130,step164_verified_normal9,器用さ,0
step116_9_魚鱗_000017,STEP116_9INEN_DEDUP_MAX_TOTAL_RESULT,step106_9inen_full_780_dedup_by_hero_set_bond_set_max_total,魚鱗,通常,9,前田利家(雄材)|丹羽長秀(風雲)|武田晴信|高台院|細川藤孝(立役)|今川義元,前田利家(雄材)|丹羽長秀(風雲)|武田晴信|高台院|細川藤孝(立役)|今川義元,謀略家|雄材大略|摂理探究|健康第一|老練闊達|質実剛健|文明開化|山紫水明|巧言令色,謀略家|雄材大略|摂理探究|健康第一|老練闊達|質実剛健|文明開化|山紫水明|巧言令色,14976,4813,132,226,0,716,313,473,515,513,453,ステータス計算済み,step116で9因縁780行を「陣形+配置英傑6人セット+発動因縁セット」で重複除外。同一組内は総合値最大の配置を代表として採用。,STEP116_SELECTED_MAX_TOTAL_FROM_STEP106_RECALCULATED_9INEN,step106で各陣形有効ラインから再計算済みの9因縁行を使用し、重複組では総合値最大の配置を残す,魚鱗||通常||9||丹羽長秀(風雲)|今川義元|前田利家(雄材)|武田晴信|細川藤孝(立役)|高台院||健康第一|山紫水明|巧言令色|摂理探究|文明開化|老練闊達|謀略家|質実剛健|雄材大略,,step116_9inen_dedup_max_total,23130,23130,step164_verified_normal9,器用さ,0
step116_9_魚鱗_000020,STEP116_9INEN_DEDUP_MAX_TOTAL_RESULT,step106_9inen_full_780_dedup_by_hero_set_bond_set_max_total,魚鱗,通常,9,武田晴信|高台院|細川藤孝(立役)|今川義元|前田利家|竹中半兵衛(右腕),武田晴信|高台院|細川藤孝(立役)|今川義元|前田利家|竹中半兵衛(右腕),健康第一|老練闊達|質実剛健|文明開化|山紫水明|巧言令色|謀略家|雄材大略|摂理探究,健康第一|老練闊達|質実剛健|文明開化|山紫水明|巧言令色|謀略家|雄材大略|摂理探究,14811,4870,137,226,0,724,313,501,519,517,481,ステータス計算済み,step116で9因縁780行を「陣形+配置英傑6人セット+発動因縁セット」で重複除外。同一組内は総合値最大の配置を代表として採用。,STEP116_SELECTED_MAX_TOTAL_FROM_STEP106_RECALCULATED_9INEN,step106で各陣形有効ラインから再計算済みの9因縁行を使用し、重複組では総合値最大の配置を残す,魚鱗||通常||9||今川義元|前田利家|武田晴信|竹中半兵衛(右腕)|細川藤孝(立役)|高台院||健康第一|山紫水明|巧言令色|摂理探究|文明開化|老練闊達|謀略家|質実剛健|雄材大略,,step116_9inen_dedup_max_total,23099,23099,step164_verified_normal9,器用さ,0
step116_9_魚鱗_000019,STEP116_9INEN_DEDUP_MAX_TOTAL_RESULT,step106_9inen_full_780_dedup_by_hero_set_bond_set_max_total,魚鱗,通常,9,前田利家(雄材)|竹中半兵衛(右腕)|武田晴信|高台院|細川藤孝(立役)|今川義元,前田利家(雄材)|竹中半兵衛(右腕)|武田晴信|高台院|細川藤孝(立役)|今川義元,謀略家|雄材大略|摂理探究|健康第一|老練闊達|質実剛健|文明開化|山紫水明|巧言令色,謀略家|雄材大略|摂理探究|健康第一|老練闊達|質実剛健|文明開化|山紫水明|巧言令色,14811,4870,137,226,0,724,313,501,519,517,481,ステータス計算済み,step116で9因縁780行を「陣形+配置英傑6人セット+発動因縁セット」で重複除外。同一組内は総合値最大の配置を代表として採用。,STEP116_SELECTED_MAX_TOTAL_FROM_STEP106_RECALCULATED_9INEN,step106で各陣形有効ラインから再計算済みの9因縁行を使用し、重複組では総合値最大の配置を残す,魚鱗||通常||9||今川義元|前田利家(雄材)|武田晴信|竹中半兵衛(右腕)|細川藤孝(立役)|高台院||健康第一|山紫水明|巧言令色|摂理探究|文明開化|老練闊達|謀略家|質実剛健|雄材大略,,step116_9inen_dedup_max_total,23099,23099,step164_verified_normal9,器用さ,0
step116_9_魚鱗_000036,STEP116_9INEN_DEDUP_MAX_TOTAL_RESULT,step106_9inen_full_780_dedup_by_hero_set_bond_set_max_total,魚鱗,通常,9,豊臣秀長|北条氏照(剛柔)|豊臣秀次|細川藤孝(立役)|前田利家|武田晴信,豊臣秀長|北条氏照(剛柔)|豊臣秀次|細川藤孝(立役)|前田利家|武田晴信,知将の絆|立役者|技巧伝承|柔能制剛|文明開化|山紫水明|謀略家|雄材大略|摂理探究,知将の絆|立役者|技巧伝承|柔能制剛|文明開化|山紫水明|謀略家|雄材大略|摂理探究,14832,899,83,0,293,1068,158,641,619,659,618,ステータス計算済み,step116で9因縁780行を「陣形+配置英傑6人セット+発動因縁セット」で重複除外。同一組内は総合値最大の配置を代表として採用。,STEP116_SELECTED_MAX_TOTAL_FROM_STEP106_RECALCULATED_9INEN,step106で各陣形有効ラインから再計算済みの9因縁行を使用し、重複組では総合値最大の配置を残す,魚鱗||通常||9||前田利家|北条氏照(剛柔)|武田晴信|細川藤孝(立役)|豊臣秀次|豊臣秀長||山紫水明|技巧伝承|摂理探究|文明開化|柔能制剛|知将の絆|立役者|謀略家|雄材大略,,step116_9inen_dedup_max_total,19870,19870,step164_verified_normal9,知力,1068
step116_9_魚鱗_000035,STEP116_9INEN_DEDUP_MAX_TOTAL_RESULT,step106_9inen_full_780_dedup_by_hero_set_bond_set_max_total,魚鱗,通常,9,豊臣秀長|武田晴信|前田利家(雄材)|細川藤孝(立役)|豊臣秀次|北条氏照(剛柔),豊臣秀長|武田晴信|前田利家(雄材)|細川藤孝(立役)|豊臣秀次|北条氏照(剛柔),謀略家|雄材大略|摂理探究|文明開化|山紫水明|知将の絆|立役者|技巧伝承|柔能制剛,謀略家|雄材大略|摂理探究|文明開化|山紫水明|知将の絆|立役者|技巧伝承|柔能制剛,14832,899,83,0,293,1068,158,641,619,659,618,ステータス計算済み,step116で9因縁780行を「陣形+配置英傑6人セット+発動因縁セット」で重複除外。同一組内は総合値最大の配置を代表として採用。,STEP116_SELECTED_MAX_TOTAL_FROM_STEP106_RECALCULATED_9INEN,step106で各陣形有効ラインから再計算済みの9因縁行を使用し、重複組では総合値最大の配置を残す,魚鱗||通常||9||前田利家(雄材)|北条氏照(剛柔)|武田晴信|細川藤孝(立役)|豊臣秀次|豊臣秀長||山紫水明|技巧伝承|摂理探究|文明開化|柔能制剛|知将の絆|立役者|謀略家|雄材大略,,step116_9inen_dedup_max_total,19870,19870,step164_verified_normal9,知力,1068
step116_9_魚鱗_000043,STEP116_9INEN_DEDUP_MAX_TOTAL_RESULT,step106_9inen_full_780_dedup_by_hero_set_bond_set_max_total,魚鱗,通常,9,豊臣秀長|北条氏照(剛柔)|豊臣秀次|細川藤孝(立役)|前田利家|上杉憲政,豊臣秀長|北条氏照(剛柔)|豊臣秀次|細川藤孝(立役)|前田利家|上杉憲政,知将の絆|立役者|技巧伝承|柔能制剛|文明開化|山紫水明|謀略家|雄材大略|摂理探究,知将の絆|立役者|技巧伝承|柔能制剛|文明開化|山紫水明|謀略家|雄材大略|摂理探究,14490,861,86,0,293,998,158,609,593,632,592,ステータス計算済み,step116で9因縁780行を「陣形+配置英傑6人セット+発動因縁セット」で重複除外。同一組内は総合値最大の配置を代表として採用。,STEP116_SELECTED_MAX_TOTAL_FROM_STEP106_RECALCULATED_9INEN,step106で各陣形有効ラインから再計算済みの9因縁行を使用し、重複組では総合値最大の配置を残す,魚鱗||通常||9||上杉憲政|前田利家|北条氏照(剛柔)|細川藤孝(立役)|豊臣秀次|豊臣秀長||山紫水明|技巧伝承|摂理探究|文明開化|柔能制剛|知将の絆|立役者|謀略家|雄材大略,,step116_9inen_dedup_max_total,19312,19312,step164_verified_normal9,知力,998
step116_9_魚鱗_000042,STEP116_9INEN_DEDUP_MAX_TOTAL_RESULT,step106_9inen_full_780_dedup_by_hero_set_bond_set_max_total,魚鱗,通常,9,豊臣秀長|上杉憲政|前田利家(雄材)|細川藤孝(立役)|豊臣秀次|北条氏照(剛柔),豊臣秀長|上杉憲政|前田利家(雄材)|細川藤孝(立役)|豊臣秀次|北条氏照(剛柔),謀略家|雄材大略|摂理探究|文明開化|山紫水明|知将の絆|立役者|技巧伝承|柔能制剛,謀略家|雄材大略|摂理探究|文明開化|山紫水明|知将の絆|立役者|技巧伝承|柔能制剛,14490,861,86,0,293,998,158,609,593,632,592,ステータス計算済み,step116で9因縁780行を「陣形+配置英傑6人セット+発動因縁セット」で重複除外。同一組内は総合値最大の配置を代表として採用。,STEP116_SELECTED_MAX_TOTAL_FROM_STEP106_RECALCULATED_9INEN,step106で各陣形有効ラインから再計算済みの9因縁行を使用し、重複組では総合値最大の配置を残す,魚鱗||通常||9||上杉憲政|前田利家(雄材)|北条氏照(剛柔)|細川藤孝(立役)|豊臣秀次|豊臣秀長||山紫水明|技巧伝承|摂理探究|文明開化|柔能制剛|知将の絆|立役者|謀略家|雄材大略,,step116_9inen_dedup_max_total,19312,19312,step164_verified_normal9,知力,998
step116_9_魚鱗_000048,STEP116_9INEN_DEDUP_MAX_TOTAL_RESULT,step106_9inen_full_780_dedup_by_hero_set_bond_set_max_total,魚鱗,通常,9,豊臣秀長|北条氏照(剛柔)|豊臣秀次|百地三太夫(野望)|斎藤道三(巳)|佐竹義重,豊臣秀長|北条氏照(剛柔)|豊臣秀次|百地三太夫(野望)|斎藤道三(巳)|佐竹義重,知将の絆|立役者|技巧伝承|柔能制剛|謀略家|生殺与奪|侍|才腕の絆|知勇兼備,知将の絆|立役者|技巧伝承|柔能制剛|謀略家|生殺与奪|侍|才腕の絆|知勇兼備,13439,1428,162,99,517,864,357,463,454,463,458,ステータス計算済み,step116で9因縁780行を「陣形+配置英傑6人セット+発動因縁セット」で重複除外。同一組内は総合値最大の配置を代表として採用。,STEP116_SELECTED_MAX_TOTAL_FROM_STEP106_RECALCULATED_9INEN,step106で各陣形有効ラインから再計算済みの9因縁行を使用し、重複組では総合値最大の配置を残す,魚鱗||通常||9||佐竹義重|北条氏照(剛柔)|斎藤道三(巳)|百地三太夫(野望)|豊臣秀次|豊臣秀長||侍|才腕の絆|技巧伝承|柔能制剛|生殺与奪|知勇兼備|知将の絆|立役者|謀略家,,step116_9inen_dedup_max_total,18704,18704,step164_verified_normal9,知力,864
step116_9_魚鱗_000020,STEP116_9INEN_DEDUP_MAX_TOTAL_RESULT,step106_9inen_full_780_dedup_by_hero_set_bond_set_max_total,魚鱗,通常,9,武田晴信|高台院|細川藤孝(立役)|今川義元|前田利家|竹中半兵衛(右腕),武田晴信|高台院|細川藤孝(立役)|今川義元|前田利家|竹中半兵衛(右腕),健康第一|老練闊達|質実剛健|文明開化|山紫水明|巧言令色|謀略家|雄材大略|摂理探究,健康第一|老練闊達|質実剛健|文明開化|山紫水明|巧言令色|謀略家|雄材大略|摂理探究,14811,4870,137,226,0,724,313,501,519,517,481,ステータス計算済み,step116で9因縁780行を「陣形+配置英傑6人セット+発動因縁セット」で重複除外。同一組内は総合値最大の配置を代表として採用。,STEP116_SELECTED_MAX_TOTAL_FROM_STEP106_RECALCULATED_9INEN,step106で各陣形有効ラインから再計算済みの9因縁行を使用し、重複組では総合値最大の配置を残す,魚鱗||通常||9||今川義元|前田利家|武田晴信|竹中半兵衛(右腕)|細川藤孝(立役)|高台院||健康第一|山紫水明|巧言令色|摂理探究|文明開化|老練闊達|謀略家|質実剛健|雄材大略,,step116_9inen_dedup_max_total,23099,23099,step164_verified_normal9,知力,724
step116_9_魚鱗_000019,STEP116_9INEN_DEDUP_MAX_TOTAL_RESULT,step106_9inen_full_780_dedup_by_hero_set_bond_set_max_total,魚鱗,通常,9,前田利家(雄材)|竹中半兵衛(右腕)|武田晴信|高台院|細川藤孝(立役)|今川義元,前田利家(雄材)|竹中半兵衛(右腕)|武田晴信|高台院|細川藤孝(立役)|今川義元,謀略家|雄材大略|摂理探究|健康第一|老練闊達|質実剛健|文明開化|山紫水明|巧言令色,謀略家|雄材大略|摂理探究|健康第一|老練闊達|質実剛健|文明開化|山紫水明|巧言令色,14811,4870,137,226,0,724,313,501,519,517,481,ステータス計算済み,step116で9因縁780行を「陣形+配置英傑6人セット+発動因縁セット」で重複除外。同一組内は総合値最大の配置を代表として採用。,STEP116_SELECTED_MAX_TOTAL_FROM_STEP106_RECALCULATED_9INEN,step106で各陣形有効ラインから再計算済みの9因縁行を使用し、重複組では総合値最大の配置を残す,魚鱗||通常||9||今川義元|前田利家(雄材)|武田晴信|竹中半兵衛(右腕)|細川藤孝(立役)|高台院||健康第一|山紫水明|巧言令色|摂理探究|文明開化|老練闊達|謀略家|質実剛健|雄材大略,,step116_9inen_dedup_max_total,23099,23099,step164_verified_normal9,知力,724
step116_9_魚鱗_000012,STEP116_9INEN_DEDUP_MAX_TOTAL_RESULT,step106_9inen_full_780_dedup_by_hero_set_bond_set_max_total,魚鱗,通常,9,武田晴信|高台院|細川藤孝(立役)|今川義元|前田利家|豊臣秀長,武田晴信|高台院|細川藤孝(立役)|今川義元|前田利家|豊臣秀長,健康第一|老練闊達|質実剛健|文明開化|山紫水明|巧言令色|謀略家|雄材大略|摂理探究,健康第一|老練闊達|質実剛健|文明開化|山紫水明|巧言令色|謀略家|雄材大略|摂理探究,15039,4838,145,226,0,723,313,489,507,508,469,ステータス計算済み,step116で9因縁780行を「陣形+配置英傑6人セット+発動因縁セット」で重複除外。同一組内は総合値最大の配置を代表として採用。,STEP116_SELECTED_MAX_TOTAL_FROM_STEP106_RECALCULATED_9INEN,step106で各陣形有効ラインから再計算済みの9因縁行を使用し、重複組では総合値最大の配置を残す,魚鱗||通常||9||今川義元|前田利家|武田晴信|細川藤孝(立役)|豊臣秀長|高台院||健康第一|山紫水明|巧言令色|摂理探究|文明開化|老練闊達|謀略家|質実剛健|雄材大略,,step116_9inen_dedup_max_total,23257,23257,step164_verified_normal9,知力,723
step116_9_魚鱗_000011,STEP116_9INEN_DEDUP_MAX_TOTAL_RESULT,step106_9inen_full_780_dedup_by_hero_set_bond_set_max_total,魚鱗,通常,9,前田利家(雄材)|豊臣秀長|武田晴信|高台院|細川藤孝(立役)|今川義元,前田利家(雄材)|豊臣秀長|武田晴信|高台院|細川藤孝(立役)|今川義元,謀略家|雄材大略|摂理探究|健康第一|老練闊達|質実剛健|文明開化|山紫水明|巧言令色,謀略家|雄材大略|摂理探究|健康第一|老練闊達|質実剛健|文明開化|山紫水明|巧言令色,15039,4838,145,226,0,723,313,489,507,508,469,ステータス計算済み,step116で9因縁780行を「陣形+配置英傑6人セット+発動因縁セット」で重複除外。同一組内は総合値最大の配置を代表として採用。,STEP116_SELECTED_MAX_TOTAL_FROM_STEP106_RECALCULATED_9INEN,step106で各陣形有効ラインから再計算済みの9因縁行を使用し、重複組では総合値最大の配置を残す,魚鱗||通常||9||今川義元|前田利家(雄材)|武田晴信|細川藤孝(立役)|豊臣秀長|高台院||健康第一|山紫水明|巧言令色|摂理探究|文明開化|老練闊達|謀略家|質実剛健|雄材大略,,step116_9inen_dedup_max_total,23257,23257,step164_verified_normal9,知力,723
step116_9_魚鱗_000016,STEP116_9INEN_DEDUP_MAX_TOTAL_RESULT,step106_9inen_full_780_dedup_by_hero_set_bond_set_max_total,魚鱗,通常,9,武田晴信|愛姫(起源)|細川藤孝(立役)|今川義元|前田利家|竹中半兵衛(右腕),武田晴信|愛姫(起源)|細川藤孝(立役)|今川義元|前田利家|竹中半兵衛(右腕),健康第一|老練闊達|質実剛健|文明開化|山紫水明|巧言令色|謀略家|雄材大略|摂理探究,健康第一|老練闊達|質実剛健|文明開化|山紫水明|巧言令色|謀略家|雄材大略|摂理探究,14808,4896,149,231,0,720,313,502,521,521,484,ステータス計算済み,step116で9因縁780行を「陣形+配置英傑6人セット+発動因縁セット」で重複除外。同一組内は総合値最大の配置を代表として採用。,STEP116_SELECTED_MAX_TOTAL_FROM_STEP106_RECALCULATED_9INEN,step106で各陣形有効ラインから再計算済みの9因縁行を使用し、重複組では総合値最大の配置を残す,魚鱗||通常||9||今川義元|前田利家|愛姫(起源)|武田晴信|竹中半兵衛(右腕)|細川藤孝(立役)||健康第一|山紫水明|巧言令色|摂理探究|文明開化|老練闊達|謀略家|質実剛健|雄材大略,,step116_9inen_dedup_max_total,23145,23145,step164_verified_normal9,知力,720
step116_9_魚鱗_000015,STEP116_9INEN_DEDUP_MAX_TOTAL_RESULT,step106_9inen_full_780_dedup_by_hero_set_bond_set_max_total,魚鱗,通常,9,前田利家(雄材)|竹中半兵衛(右腕)|武田晴信|愛姫(起源)|細川藤孝(立役)|今川義元,前田利家(雄材)|竹中半兵衛(右腕)|武田晴信|愛姫(起源)|細川藤孝(立役)|今川義元,謀略家|雄材大略|摂理探究|健康第一|老練闊達|質実剛健|文明開化|山紫水明|巧言令色,謀略家|雄材大略|摂理探究|健康第一|老練闊達|質実剛健|文明開化|山紫水明|巧言令色,14808,4896,149,231,0,720,313,502,521,521,484,ステータス計算済み,step116で9因縁780行を「陣形+配置英傑6人セット+発動因縁セット」で重複除外。同一組内は総合値最大の配置を代表として採用。,STEP116_SELECTED_MAX_TOTAL_FROM_STEP106_RECALCULATED_9INEN,step106で各陣形有効ラインから再計算済みの9因縁行を使用し、重複組では総合値最大の配置を残す,魚鱗||通常||9||今川義元|前田利家(雄材)|愛姫(起源)|武田晴信|竹中半兵衛(右腕)|細川藤孝(立役)||健康第一|山紫水明|巧言令色|摂理探究|文明開化|老練闊達|謀略家|質実剛健|雄材大略,,step116_9inen_dedup_max_total,23145,23145,step164_verified_normal9,知力,720
step116_9_魚鱗_000004,STEP116_9INEN_DEDUP_MAX_TOTAL_RESULT,step106_9inen_full_780_dedup_by_hero_set_bond_set_max_total,魚鱗,通常,9,武田晴信|高台院|細川藤孝(立役)|今川義元|前田利家|鍋島直茂(乱雲),武田晴信|高台院|細川藤孝(立役)|今川義元|前田利家|鍋島直茂(乱雲),健康第一|老練闊達|質実剛健|文明開化|山紫水明|巧言令色|謀略家|雄材大略|摂理探究,健康第一|老練闊達|質実剛健|文明開化|山紫水明|巧言令色|謀略家|雄材大略|摂理探究,15237,4808,149,226,0,719,313,482,504,497,466,ステータス計算済み,step116で9因縁780行を「陣形+配置英傑6人セット+発動因縁セット」で重複除外。同一組内は総合値最大の配置を代表として採用。,STEP116_SELECTED_MAX_TOTAL_FROM_STEP106_RECALCULATED_9INEN,step106で各陣形有効ラインから再計算済みの9因縁行を使用し、重複組では総合値最大の配置を残す,魚鱗||通常||9||今川義元|前田利家|武田晴信|細川藤孝(立役)|鍋島直茂(乱雲)|高台院||健康第一|山紫水明|巧言令色|摂理探究|文明開化|老練闊達|謀略家|質実剛健|雄材大略,,step116_9inen_dedup_max_total,23401,23401,step164_verified_normal9,知力,719
step116_9_魚鱗_000003,STEP116_9INEN_DEDUP_MAX_TOTAL_RESULT,step106_9inen_full_780_dedup_by_hero_set_bond_set_max_total,魚鱗,通常,9,前田利家(雄材)|鍋島直茂(乱雲)|武田晴信|高台院|細川藤孝(立役)|今川義元,前田利家(雄材)|鍋島直茂(乱雲)|武田晴信|高台院|細川藤孝(立役)|今川義元,謀略家|雄材大略|摂理探究|健康第一|老練闊達|質実剛健|文明開化|山紫水明|巧言令色,謀略家|雄材大略|摂理探究|健康第一|老練闊達|質実剛健|文明開化|山紫水明|巧言令色,15237,4808,149,226,0,719,313,482,504,497,466,ステータス計算済み,step116で9因縁780行を「陣形+配置英傑6人セット+発動因縁セット」で重複除外。同一組内は総合値最大の配置を代表として採用。,STEP116_SELECTED_MAX_TOTAL_FROM_STEP106_RECALCULATED_9INEN,step106で各陣形有効ラインから再計算済みの9因縁行を使用し、重複組では総合値最大の配置を残す,魚鱗||通常||9||今川義元|前田利家(雄材)|武田晴信|細川藤孝(立役)|鍋島直茂(乱雲)|高台院||健康第一|山紫水明|巧言令色|摂理探究|文明開化|老練闊達|謀略家|質実剛健|雄材大略,,step116_9inen_dedup_max_total,23401,23401,step164_verified_normal9,知力,719
step116_9_魚鱗_000008,STEP116_9INEN_DEDUP_MAX_TOTAL_RESULT,step106_9inen_full_780_dedup_by_hero_set_bond_set_max_total,魚鱗,通常,9,武田晴信|高台院|細川藤孝(立役)|今川義元|前田利家|片倉景綱(右腕),武田晴信|高台院|細川藤孝(立役)|今川義元|前田利家|片倉景綱(右腕),健康第一|老練闊達|質実剛健|文明開化|山紫水明|巧言令色|謀略家|雄材大略|摂理探究,健康第一|老練闊達|質実剛健|文明開化|山紫水明|巧言令色|謀略家|雄材大略|摂理探究,15162,4802,155,226,0,719,313,487,502,509,466,ステータス計算済み,step116で9因縁780行を「陣形+配置英傑6人セット+発動因縁セット」で重複除外。同一組内は総合値最大の配置を代表として採用。,STEP116_SELECTED_MAX_TOTAL_FROM_STEP106_RECALCULATED_9INEN,step106で各陣形有効ラインから再計算済みの9因縁行を使用し、重複組では総合値最大の配置を残す,魚鱗||通常||9||今川義元|前田利家|武田晴信|片倉景綱(右腕)|細川藤孝(立役)|高台院||健康第一|山紫水明|巧言令色|摂理探究|文明開化|老練闊達|謀略家|質実剛健|雄材大略,,step116_9inen_dedup_max_total,23341,23341,step164_verified_normal9,知力,719
step116_9_魚鱗_000007,STEP116_9INEN_DEDUP_MAX_TOTAL_RESULT,step106_9inen_full_780_dedup_by_hero_set_bond_set_max_total,魚鱗,通常,9,前田利家(雄材)|片倉景綱(右腕)|武田晴信|高台院|細川藤孝(立役)|今川義元,前田利家(雄材)|片倉景綱(右腕)|武田晴信|高台院|細川藤孝(立役)|今川義元,謀略家|雄材大略|摂理探究|健康第一|老練闊達|質実剛健|文明開化|山紫水明|巧言令色,謀略家|雄材大略|摂理探究|健康第一|老練闊達|質実剛健|文明開化|山紫水明|巧言令色,15162,4802,155,226,0,719,313,487,502,509,466,ステータス計算済み,step116で9因縁780行を「陣形+配置英傑6人セット+発動因縁セット」で重複除外。同一組内は総合値最大の配置を代表として採用。,STEP116_SELECTED_MAX_TOTAL_FROM_STEP106_RECALCULATED_9INEN,step106で各陣形有効ラインから再計算済みの9因縁行を使用し、重複組では総合値最大の配置を残す,魚鱗||通常||9||今川義元|前田利家(雄材)|武田晴信|片倉景綱(右腕)|細川藤孝(立役)|高台院||健康第一|山紫水明|巧言令色|摂理探究|文明開化|老練闊達|謀略家|質実剛健|雄材大略,,step116_9inen_dedup_max_total,23341,23341,step164_verified_normal9,知力,719
step116_9_魚鱗_000010,STEP116_9INEN_DEDUP_MAX_TOTAL_RESULT,step106_9inen_full_780_dedup_by_hero_set_bond_set_max_total,魚鱗,通常,9,武田晴信|愛姫(起源)|細川藤孝(立役)|今川義元|前田利家|豊臣秀長,武田晴信|愛姫(起源)|細川藤孝(立役)|今川義元|前田利家|豊臣秀長,健康第一|老練闊達|質実剛健|文明開化|山紫水明|巧言令色|謀略家|雄材大略|摂理探究,健康第一|老練闊達|質実剛健|文明開化|山紫水明|巧言令色|謀略家|雄材大略|摂理探究,15036,4864,157,231,0,719,313,490,509,512,472,ステータス計算済み,step116で9因縁780行を「陣形+配置英傑6人セット+発動因縁セット」で重複除外。同一組内は総合値最大の配置を代表として採用。,STEP116_SELECTED_MAX_TOTAL_FROM_STEP106_RECALCULATED_9INEN,step106で各陣形有効ラインから再計算済みの9因縁行を使用し、重複組では総合値最大の配置を残す,魚鱗||通常||9||今川義元|前田利家|愛姫(起源)|武田晴信|細川藤孝(立役)|豊臣秀長||健康第一|山紫水明|巧言令色|摂理探究|文明開化|老練闊達|謀略家|質実剛健|雄材大略,,step116_9inen_dedup_max_total,23303,23303,step164_verified_normal9,知力,719
step116_9_魚鱗_000009,STEP116_9INEN_DEDUP_MAX_TOTAL_RESULT,step106_9inen_full_780_dedup_by_hero_set_bond_set_max_total,魚鱗,通常,9,前田利家(雄材)|豊臣秀長|武田晴信|愛姫(起源)|細川藤孝(立役)|今川義元,前田利家(雄材)|豊臣秀長|武田晴信|愛姫(起源)|細川藤孝(立役)|今川義元,謀略家|雄材大略|摂理探究|健康第一|老練闊達|質実剛健|文明開化|山紫水明|巧言令色,謀略家|雄材大略|摂理探究|健康第一|老練闊達|質実剛健|文明開化|山紫水明|巧言令色,15036,4864,157,231,0,719,313,490,509,512,472,ステータス計算済み,step116で9因縁780行を「陣形+配置英傑6人セット+発動因縁セット」で重複除外。同一組内は総合値最大の配置を代表として採用。,STEP116_SELECTED_MAX_TOTAL_FROM_STEP106_RECALCULATED_9INEN,step106で各陣形有効ラインから再計算済みの9因縁行を使用し、重複組では総合値最大の配置を残す,魚鱗||通常||9||今川義元|前田利家(雄材)|愛姫(起源)|武田晴信|細川藤孝(立役)|豊臣秀長||健康第一|山紫水明|巧言令色|摂理探究|文明開化|老練闊達|謀略家|質実剛健|雄材大略,,step116_9inen_dedup_max_total,23303,23303,step164_verified_normal9,知力,719
step116_9_魚鱗_000018,STEP116_9INEN_DEDUP_MAX_TOTAL_RESULT,step106_9inen_full_780_dedup_by_hero_set_bond_set_max_total,魚鱗,通常,9,武田晴信|高台院|細川藤孝(立役)|今川義元|前田利家|丹羽長秀(風雲),武田晴信|高台院|細川藤孝(立役)|今川義元|前田利家|丹羽長秀(風雲),健康第一|老練闊達|質実剛健|文明開化|山紫水明|巧言令色|謀略家|雄材大略|摂理探究,健康第一|老練闊達|質実剛健|文明開化|山紫水明|巧言令色|謀略家|雄材大略|摂理探究,14976,4813,132,226,0,716,313,473,515,513,453,ステータス計算済み,step116で9因縁780行を「陣形+配置英傑6人セット+発動因縁セット」で重複除外。同一組内は総合値最大の配置を代表として採用。,STEP116_SELECTED_MAX_TOTAL_FROM_STEP106_RECALCULATED_9INEN,step106で各陣形有効ラインから再計算済みの9因縁行を使用し、重複組では総合値最大の配置を残す,魚鱗||通常||9||丹羽長秀(風雲)|今川義元|前田利家|武田晴信|細川藤孝(立役)|高台院||健康第一|山紫水明|巧言令色|摂理探究|文明開化|老練闊達|謀略家|質実剛健|雄材大略,,step116_9inen_dedup_max_total,23130,23130,step164_verified_normal9,知力,716
step116_9_魚鱗_000017,STEP116_9INEN_DEDUP_MAX_TOTAL_RESULT,step106_9inen_full_780_dedup_by_hero_set_bond_set_max_total,魚鱗,通常,9,前田利家(雄材)|丹羽長秀(風雲)|武田晴信|高台院|細川藤孝(立役)|今川義元,前田利家(雄材)|丹羽長秀(風雲)|武田晴信|高台院|細川藤孝(立役)|今川義元,謀略家|雄材大略|摂理探究|健康第一|老練闊達|質実剛健|文明開化|山紫水明|巧言令色,謀略家|雄材大略|摂理探究|健康第一|老練闊達|質実剛健|文明開化|山紫水明|巧言令色,14976,4813,132,226,0,716,313,473,515,513,453,ステータス計算済み,step116で9因縁780行を「陣形+配置英傑6人セット+発動因縁セット」で重複除外。同一組内は総合値最大の配置を代表として採用。,STEP116_SELECTED_MAX_TOTAL_FROM_STEP106_RECALCULATED_9INEN,step106で各陣形有効ラインから再計算済みの9因縁行を使用し、重複組では総合値最大の配置を残す,魚鱗||通常||9||丹羽長秀(風雲)|今川義元|前田利家(雄材)|武田晴信|細川藤孝(立役)|高台院||健康第一|山紫水明|巧言令色|摂理探究|文明開化|老練闊達|謀略家|質実剛健|雄材大略,,step116_9inen_dedup_max_total,23130,23130,step164_verified_normal9,知力,716
step116_9_魚鱗_000002,STEP116_9INEN_DEDUP_MAX_TOTAL_RESULT,step106_9inen_full_780_dedup_by_hero_set_bond_set_max_total,魚鱗,通常,9,武田晴信|愛姫(起源)|細川藤孝(立役)|今川義元|前田利家|鍋島直茂(乱雲),武田晴信|愛姫(起源)|細川藤孝(立役)|今川義元|前田利家|鍋島直茂(乱雲),健康第一|老練闊達|質実剛健|文明開化|山紫水明|巧言令色|謀略家|雄材大略|摂理探究,健康第一|老練闊達|質実剛健|文明開化|山紫水明|巧言令色|謀略家|雄材大略|摂理探究,15234,4833,161,231,0,715,313,483,506,501,469,ステータス計算済み,step116で9因縁780行を「陣形+配置英傑6人セット+発動因縁セット」で重複除外。同一組内は総合値最大の配置を代表として採用。,STEP116_SELECTED_MAX_TOTAL_FROM_STEP106_RECALCULATED_9INEN,step106で各陣形有効ラインから再計算済みの9因縁行を使用し、重複組では総合値最大の配置を残す,魚鱗||通常||9||今川義元|前田利家|愛姫(起源)|武田晴信|細川藤孝(立役)|鍋島直茂(乱雲)||健康第一|山紫水明|巧言令色|摂理探究|文明開化|老練闊達|謀略家|質実剛健|雄材大略,,step116_9inen_dedup_max_total,23446,23446,step164_verified_normal9,知力,715
step116_9_魚鱗_000001,STEP116_9INEN_DEDUP_MAX_TOTAL_RESULT,step106_9inen_full_780_dedup_by_hero_set_bond_set_max_total,魚鱗,通常,9,前田利家(雄材)|鍋島直茂(乱雲)|武田晴信|愛姫(起源)|細川藤孝(立役)|今川義元,前田利家(雄材)|鍋島直茂(乱雲)|武田晴信|愛姫(起源)|細川藤孝(立役)|今川義元,謀略家|雄材大略|摂理探究|健康第一|老練闊達|質実剛健|文明開化|山紫水明|巧言令色,謀略家|雄材大略|摂理探究|健康第一|老練闊達|質実剛健|文明開化|山紫水明|巧言令色,15234,4833,161,231,0,715,313,483,506,501,469,ステータス計算済み,step116で9因縁780行を「陣形+配置英傑6人セット+発動因縁セット」で重複除外。同一組内は総合値最大の配置を代表として採用。,STEP116_SELECTED_MAX_TOTAL_FROM_STEP106_RECALCULATED_9INEN,step106で各陣形有効ラインから再計算済みの9因縁行を使用し、重複組では総合値最大の配置を残す,魚鱗||通常||9||今川義元|前田利家(雄材)|愛姫(起源)|武田晴信|細川藤孝(立役)|鍋島直茂(乱雲)||健康第一|山紫水明|巧言令色|摂理探究|文明開化|老練闊達|謀略家|質実剛健|雄材大略,,step116_9inen_dedup_max_total,23446,23446,step164_verified_normal9,知力,715
step116_9_魚鱗_000006,STEP116_9INEN_DEDUP_MAX_TOTAL_RESULT,step106_9inen_full_780_dedup_by_hero_set_bond_set_max_total,魚鱗,通常,9,武田晴信|愛姫(起源)|細川藤孝(立役)|今川義元|前田利家|片倉景綱(右腕),武田晴信|愛姫(起源)|細川藤孝(立役)|今川義元|前田利家|片倉景綱(右腕),健康第一|老練闊達|質実剛健|文明開化|山紫水明|巧言令色|謀略家|雄材大略|摂理探究,健康第一|老練闊達|質実剛健|文明開化|山紫水明|巧言令色|謀略家|雄材大略|摂理探究,15159,4827,167,231,0,715,313,488,504,513,469,ステータス計算済み,step116で9因縁780行を「陣形+配置英傑6人セット+発動因縁セット」で重複除外。同一組内は総合値最大の配置を代表として採用。,STEP116_SELECTED_MAX_TOTAL_FROM_STEP106_RECALCULATED_9INEN,step106で各陣形有効ラインから再計算済みの9因縁行を使用し、重複組では総合値最大の配置を残す,魚鱗||通常||9||今川義元|前田利家|愛姫(起源)|武田晴信|片倉景綱(右腕)|細川藤孝(立役)||健康第一|山紫水明|巧言令色|摂理探究|文明開化|老練闊達|謀略家|質実剛健|雄材大略,,step116_9inen_dedup_max_total,23386,23386,step164_verified_normal9,知力,715
step116_9_魚鱗_000005,STEP116_9INEN_DEDUP_MAX_TOTAL_RESULT,step106_9inen_full_780_dedup_by_hero_set_bond_set_max_total,魚鱗,通常,9,前田利家(雄材)|片倉景綱(右腕)|武田晴信|愛姫(起源)|細川藤孝(立役)|今川義元,前田利家(雄材)|片倉景綱(右腕)|武田晴信|愛姫(起源)|細川藤孝(立役)|今川義元,謀略家|雄材大略|摂理探究|健康第一|老練闊達|質実剛健|文明開化|山紫水明|巧言令色,謀略家|雄材大略|摂理探究|健康第一|老練闊達|質実剛健|文明開化|山紫水明|巧言令色,15159,4827,167,231,0,715,313,488,504,513,469,ステータス計算済み,step116で9因縁780行を「陣形+配置英傑6人セット+発動因縁セット」で重複除外。同一組内は総合値最大の配置を代表として採用。,STEP116_SELECTED_MAX_TOTAL_FROM_STEP106_RECALCULATED_9INEN,step106で各陣形有効ラインから再計算済みの9因縁行を使用し、重複組では総合値最大の配置を残す,魚鱗||通常||9||今川義元|前田利家(雄材)|愛姫(起源)|武田晴信|片倉景綱(右腕)|細川藤孝(立役)||健康第一|山紫水明|巧言令色|摂理探究|文明開化|老練闊達|謀略家|質実剛健|雄材大略,,step116_9inen_dedup_max_total,23386,23386,step164_verified_normal9,知力,715
step116_9_魚鱗_000014,STEP116_9INEN_DEDUP_MAX_TOTAL_RESULT,step106_9inen_full_780_dedup_by_hero_set_bond_set_max_total,魚鱗,通常,9,武田晴信|愛姫(起源)|細川藤孝(立役)|今川義元|前田利家|丹羽長秀(風雲),武田晴信|愛姫(起源)|細川藤孝(立役)|今川義元|前田利家|丹羽長秀(風雲),健康第一|老練闊達|質実剛健|文明開化|山紫水明|巧言令色|謀略家|雄材大略|摂理探究,健康第一|老練闊達|質実剛健|文明開化|山紫水明|巧言令色|謀略家|雄材大略|摂理探究,14973,4838,144,231,0,712,313,474,517,517,456,ステータス計算済み,step116で9因縁780行を「陣形+配置英傑6人セット+発動因縁セット」で重複除外。同一組内は総合値最大の配置を代表として採用。,STEP116_SELECTED_MAX_TOTAL_FROM_STEP106_RECALCULATED_9INEN,step106で各陣形有効ラインから再計算済みの9因縁行を使用し、重複組では総合値最大の配置を残す,魚鱗||通常||9||丹羽長秀(風雲)|今川義元|前田利家|愛姫(起源)|武田晴信|細川藤孝(立役)||健康第一|山紫水明|巧言令色|摂理探究|文明開化|老練闊達|謀略家|質実剛健|雄材大略,,step116_9inen_dedup_max_total,23175,23175,step164_verified_normal9,知力,712
step116_9_魚鱗_000013,STEP116_9INEN_DEDUP_MAX_TOTAL_RESULT,step106_9inen_full_780_dedup_by_hero_set_bond_set_max_total,魚鱗,通常,9,前田利家(雄材)|丹羽長秀(風雲)|武田晴信|愛姫(起源)|細川藤孝(立役)|今川義元,前田利家(雄材)|丹羽長秀(風雲)|武田晴信|愛姫(起源)|細川藤孝(立役)|今川義元,謀略家|雄材大略|摂理探究|健康第一|老練闊達|質実剛健|文明開化|山紫水明|巧言令色,謀略家|雄材大略|摂理探究|健康第一|老練闊達|質実剛健|文明開化|山紫水明|巧言令色,14973,4838,144,231,0,712,313,474,517,517,456,ステータス計算済み,step116で9因縁780行を「陣形+配置英傑6人セット+発動因縁セット」で重複除外。同一組内は総合値最大の配置を代表として採用。,STEP116_SELECTED_MAX_TOTAL_FROM_STEP106_RECALCULATED_9INEN,step106で各陣形有効ラインから再計算済みの9因縁行を使用し、重複組では総合値最大の配置を残す,魚鱗||通常||9||丹羽長秀(風雲)|今川義元|前田利家(雄材)|愛姫(起源)|武田晴信|細川藤孝(立役)||健康第一|山紫水明|巧言令色|摂理探究|文明開化|老練闊達|謀略家|質実剛健|雄材大略,,step116_9inen_dedup_max_total,23175,23175,step164_verified_normal9,知力,712
step116_9_魚鱗_000047,STEP116_9INEN_DEDUP_MAX_TOTAL_RESULT,step106_9inen_full_780_dedup_by_hero_set_bond_set_max_total,魚鱗,通常,9,北条氏照(剛柔)|金森長近|雑賀孫市(道化)|黒田長政|黒田官兵衛|豊臣秀長,北条氏照(剛柔)|金森長近|雑賀孫市(道化)|黒田長政|黒田官兵衛|豊臣秀長,文明開化|技巧伝承|知勇兼備|才腕の絆|硝煙弾雨|多芸多才|知将の絆|立役者|柔能制剛,文明開化|技巧伝承|知勇兼備|才腕の絆|硝煙弾雨|多芸多才|知将の絆|立役者|柔能制剛,11393,3272,161,123,694,707,312,511,585,529,504,ステータス計算済み,step116で9因縁780行を「陣形+配置英傑6人セット+発動因縁セット」で重複除外。同一組内は総合値最大の配置を代表として採用。,STEP116_SELECTED_MAX_TOTAL_FROM_STEP106_RECALCULATED_9INEN,step106で各陣形有効ラインから再計算済みの9因縁行を使用し、重複組では総合値最大の配置を残す,魚鱗||通常||9||北条氏照(剛柔)|豊臣秀長|金森長近|雑賀孫市(道化)|黒田官兵衛|黒田長政||多芸多才|才腕の絆|技巧伝承|文明開化|柔能制剛|知勇兼備|知将の絆|硝煙弾雨|立役者,,step116_9inen_dedup_max_total,18791,18791,step164_verified_normal9,知力,707
step116_9_魚鱗_000046,STEP116_9INEN_DEDUP_MAX_TOTAL_RESULT,step106_9inen_full_780_dedup_by_hero_set_bond_set_max_total,魚鱗,通常,9,北条氏照(剛柔)|金森長近|雑賀孫市(道化)|黒田長政|黒田官兵衛|鍋島直茂(乱雲),北条氏照(剛柔)|金森長近|雑賀孫市(道化)|黒田長政|黒田官兵衛|鍋島直茂(乱雲),文明開化|技巧伝承|知勇兼備|才腕の絆|硝煙弾雨|多芸多才|知将の絆|立役者|柔能制剛,文明開化|技巧伝承|知勇兼備|才腕の絆|硝煙弾雨|多芸多才|知将の絆|立役者|柔能制剛,11606,3272,161,123,696,703,312,506,583,521,502,ステータス計算済み,step116で9因縁780行を「陣形+配置英傑6人セット+発動因縁セット」で重複除外。同一組内は総合値最大の配置を代表として採用。,STEP116_SELECTED_MAX_TOTAL_FROM_STEP106_RECALCULATED_9INEN,step106で各陣形有効ラインから再計算済みの9因縁行を使用し、重複組では総合値最大の配置を残す,魚鱗||通常||9||北条氏照(剛柔)|金森長近|鍋島直茂(乱雲)|雑賀孫市(道化)|黒田官兵衛|黒田長政||多芸多才|才腕の絆|技巧伝承|文明開化|柔能制剛|知勇兼備|知将の絆|硝煙弾雨|立役者,,step116_9inen_dedup_max_total,18985,18985,step164_verified_normal9,知力,703
step116_9_魚鱗_000053,STEP116_9INEN_DEDUP_MAX_TOTAL_RESULT,step106_9inen_full_780_dedup_by_hero_set_bond_set_max_total,魚鱗,通常,9,北条氏照(剛柔)|金森長近|雑賀孫市(道化)|大久保忠世|黒田官兵衛|豊臣秀長,北条氏照(剛柔)|金森長近|雑賀孫市(道化)|大久保忠世|黒田官兵衛|豊臣秀長,文明開化|技巧伝承|知勇兼備|才腕の絆|硝煙弾雨|多芸多才|知将の絆|立役者|柔能制剛,文明開化|技巧伝承|知勇兼備|才腕の絆|硝煙弾雨|多芸多才|知将の絆|立役者|柔能制剛,11154,3232,157,118,688,695,306,482,557,496,478,ステータス計算済み,step116で9因縁780行を「陣形+配置英傑6人セット+発動因縁セット」で重複除外。同一組内は総合値最大の配置を代表として採用。,STEP116_SELECTED_MAX_TOTAL_FROM_STEP106_RECALCULATED_9INEN,step106で各陣形有効ラインから再計算済みの9因縁行を使用し、重複組では総合値最大の配置を残す,魚鱗||通常||9||北条氏照(剛柔)|大久保忠世|豊臣秀長|金森長近|雑賀孫市(道化)|黒田官兵衛||多芸多才|才腕の絆|技巧伝承|文明開化|柔能制剛|知勇兼備|知将の絆|硝煙弾雨|立役者,,step116_9inen_dedup_max_total,18363,18363,step164_verified_normal9,知力,695
step116_9_魚鱗_000050,STEP116_9INEN_DEDUP_MAX_TOTAL_RESULT,step106_9inen_full_780_dedup_by_hero_set_bond_set_max_total,魚鱗,通常,9,北条氏照(剛柔)|金森長近|雑賀孫市(道化)|大久保忠世|黒田官兵衛|鍋島直茂(乱雲),北条氏照(剛柔)|金森長近|雑賀孫市(道化)|大久保忠世|黒田官兵衛|鍋島直茂(乱雲),文明開化|技巧伝承|知勇兼備|才腕の絆|硝煙弾雨|多芸多才|知将の絆|立役者|柔能制剛,文明開化|技巧伝承|知勇兼備|才腕の絆|硝煙弾雨|多芸多才|知将の絆|立役者|柔能制剛,11367,3232,157,118,690,691,306,477,555,488,476,ステータス計算済み,step116で9因縁780行を「陣形+配置英傑6人セット+発動因縁セット」で重複除外。同一組内は総合値最大の配置を代表として採用。,STEP116_SELECTED_MAX_TOTAL_FROM_STEP106_RECALCULATED_9INEN,step106で各陣形有効ラインから再計算済みの9因縁行を使用し、重複組では総合値最大の配置を残す,魚鱗||通常||9||北条氏照(剛柔)|大久保忠世|金森長近|鍋島直茂(乱雲)|雑賀孫市(道化)|黒田官兵衛||多芸多才|才腕の絆|技巧伝承|文明開化|柔能制剛|知勇兼備|知将の絆|硝煙弾雨|立役者,,step116_9inen_dedup_max_total,18557,18557,step164_verified_normal9,知力,691
step116_9_魚鱗_000024,STEP116_9INEN_DEDUP_MAX_TOTAL_RESULT,step106_9inen_full_780_dedup_by_hero_set_bond_set_max_total,魚鱗,通常,9,伊奈忠次|ガラシャ(聖)|斎藤利三(神祇)|毛利隆元|豊臣秀吉|酒井忠次(衣鉢),伊奈忠次|ガラシャ(聖)|斎藤利三(神祇)|毛利隆元|豊臣秀吉|酒井忠次(衣鉢),召喚術の絆|摂理探究|世渡り上手の絆|才腕の絆|謀略家|柔能制剛|技巧伝承|天神地祇|雄材大略,召喚術の絆|摂理探究|世渡り上手の絆|才腕の絆|謀略家|柔能制剛|技巧伝承|天神地祇|雄材大略,15387,3129,40,56,394,604,385,596,604,633,577,ステータス計算済み,step116で9因縁780行を「陣形+配置英傑6人セット+発動因縁セット」で重複除外。同一組内は総合値最大の配置を代表として採用。,STEP116_SELECTED_MAX_TOTAL_FROM_STEP106_RECALCULATED_9INEN,step106で各陣形有効ラインから再計算済みの9因縁行を使用し、重複組では総合値最大の配置を残す,魚鱗||通常||9||ガラシャ(聖)|伊奈忠次|斎藤利三(神祇)|毛利隆元|豊臣秀吉|酒井忠次(衣鉢)||世渡り上手の絆|召喚術の絆|天神地祇|才腕の絆|技巧伝承|摂理探究|柔能制剛|謀略家|雄材大略,,step116_9inen_dedup_max_total,22405,22405,step164_verified_normal9,知力,604
step116_9_魚鱗_000023,STEP116_9INEN_DEDUP_MAX_TOTAL_RESULT,step106_9inen_full_780_dedup_by_hero_set_bond_set_max_total,魚鱗,通常,9,伊奈忠次|ガラシャ(聖)|斎藤利三(神祇)|毛利隆元|豊臣秀吉|酒井忠次(通),伊奈忠次|ガラシャ(聖)|斎藤利三(神祇)|毛利隆元|豊臣秀吉|酒井忠次(通),召喚術の絆|摂理探究|世渡り上手の絆|才腕の絆|謀略家|柔能制剛|技巧伝承|天神地祇|雄材大略,召喚術の絆|摂理探究|世渡り上手の絆|才腕の絆|謀略家|柔能制剛|技巧伝承|天神地祇|雄材大略,15387,3129,40,56,394,604,385,596,604,633,577,ステータス計算済み,step116で9因縁780行を「陣形+配置英傑6人セット+発動因縁セット」で重複除外。同一組内は総合値最大の配置を代表として採用。,STEP116_SELECTED_MAX_TOTAL_FROM_STEP106_RECALCULATED_9INEN,step106で各陣形有効ラインから再計算済みの9因縁行を使用し、重複組では総合値最大の配置を残す,魚鱗||通常||9||ガラシャ(聖)|伊奈忠次|斎藤利三(神祇)|毛利隆元|豊臣秀吉|酒井忠次(通)||世渡り上手の絆|召喚術の絆|天神地祇|才腕の絆|技巧伝承|摂理探究|柔能制剛|謀略家|雄材大略,,step116_9inen_dedup_max_total,22405,22405,step164_verified_normal9,知力,604
step116_9_魚鱗_000027,STEP116_9INEN_DEDUP_MAX_TOTAL_RESULT,step106_9inen_full_780_dedup_by_hero_set_bond_set_max_total,魚鱗,通常,9,伊奈忠次|サンチョ|斎藤利三(神祇)|毛利隆元|豊臣秀吉|酒井忠次(衣鉢),伊奈忠次|サンチョ|斎藤利三(神祇)|毛利隆元|豊臣秀吉|酒井忠次(衣鉢),召喚術の絆|摂理探究|世渡り上手の絆|才腕の絆|謀略家|柔能制剛|技巧伝承|天神地祇|雄材大略,召喚術の絆|摂理探究|世渡り上手の絆|才腕の絆|謀略家|柔能制剛|技巧伝承|天神地祇|雄材大略,14916,3129,30,44,394,578,385,552,555,574,526,ステータス計算済み,step116で9因縁780行を「陣形+配置英傑6人セット+発動因縁セット」で重複除外。同一組内は総合値最大の配置を代表として採用。,STEP116_SELECTED_MAX_TOTAL_FROM_STEP106_RECALCULATED_9INEN,step106で各陣形有効ラインから再計算済みの9因縁行を使用し、重複組では総合値最大の配置を残す,魚鱗||通常||9||サンチョ|伊奈忠次|斎藤利三(神祇)|毛利隆元|豊臣秀吉|酒井忠次(衣鉢)||世渡り上手の絆|召喚術の絆|天神地祇|才腕の絆|技巧伝承|摂理探究|柔能制剛|謀略家|雄材大略,,step116_9inen_dedup_max_total,21683,21683,step164_verified_normal9,知力,578
step116_9_魚鱗_000026,STEP116_9INEN_DEDUP_MAX_TOTAL_RESULT,step106_9inen_full_780_dedup_by_hero_set_bond_set_max_total,魚鱗,通常,9,伊奈忠次|サンチョ|斎藤利三(神祇)|毛利隆元|豊臣秀吉|酒井忠次(通),伊奈忠次|サンチョ|斎藤利三(神祇)|毛利隆元|豊臣秀吉|酒井忠次(通),召喚術の絆|摂理探究|世渡り上手の絆|才腕の絆|謀略家|柔能制剛|技巧伝承|天神地祇|雄材大略,召喚術の絆|摂理探究|世渡り上手の絆|才腕の絆|謀略家|柔能制剛|技巧伝承|天神地祇|雄材大略,14916,3129,30,44,394,578,385,552,555,574,526,ステータス計算済み,step116で9因縁780行を「陣形+配置英傑6人セット+発動因縁セット」で重複除外。同一組内は総合値最大の配置を代表として採用。,STEP116_SELECTED_MAX_TOTAL_FROM_STEP106_RECALCULATED_9INEN,step106で各陣形有効ラインから再計算済みの9因縁行を使用し、重複組では総合値最大の配置を残す,魚鱗||通常||9||サンチョ|伊奈忠次|斎藤利三(神祇)|毛利隆元|豊臣秀吉|酒井忠次(通)||世渡り上手の絆|召喚術の絆|天神地祇|才腕の絆|技巧伝承|摂理探究|柔能制剛|謀略家|雄材大略,,step116_9inen_dedup_max_total,21683,21683,step164_verified_normal9,知力,578
step116_9_魚鱗_000030,STEP116_9INEN_DEDUP_MAX_TOTAL_RESULT,step106_9inen_full_780_dedup_by_hero_set_bond_set_max_total,魚鱗,通常,9,大内義隆|北条氏邦|出雲阿国(野望)|大祝鶴|魔女ルシア|細川藤孝(立役),大内義隆|北条氏邦|出雲阿国(野望)|大祝鶴|魔女ルシア|細川藤孝(立役),流行創出|多芸多才|神主・巫女|女傑の絆|洒落者の絆|文化人の絆|文明開化|技巧伝承|山紫水明,流行創出|多芸多才|神主・巫女|女傑の絆|洒落者の絆|文化人の絆|文明開化|技巧伝承|山紫水明,13386,2828,249,44,382,403,622,773,812,744,795,ステータス計算済み,step116で9因縁780行を「陣形+配置英傑6人セット+発動因縁セット」で重複除外。同一組内は総合値最大の配置を代表として採用。,STEP116_SELECTED_MAX_TOTAL_FROM_STEP106_RECALCULATED_9INEN,step106で各陣形有効ラインから再計算済みの9因縁行を使用し、重複組では総合値最大の配置を残す,魚鱗||通常||9||出雲阿国(野望)|北条氏邦|大内義隆|大祝鶴|細川藤孝(立役)|魔女ルシア||多芸多才|女傑の絆|山紫水明|技巧伝承|文化人の絆|文明開化|洒落者の絆|流行創出|神主・巫女,,step116_9inen_dedup_max_total,21038,21038,step164_verified_normal9,知力,403
step116_9_魚鱗_000041,STEP116_9INEN_DEDUP_MAX_TOTAL_RESULT,step106_9inen_full_780_dedup_by_hero_set_bond_set_max_total,魚鱗,通常,9,柳生宗矩|島左近|出雲阿国(野望)|大祝鶴|魔女ルシア|谷忠澄,柳生宗矩|島左近|出雲阿国(野望)|大祝鶴|魔女ルシア|谷忠澄,豪傑|流行創出|神主・巫女|女傑の絆|洒落者の絆|文明開化|技巧伝承|竜飛鳳舞|多芸多才,豪傑|流行創出|神主・巫女|女傑の絆|洒落者の絆|文明開化|技巧伝承|竜飛鳳舞|多芸多才,12761,2985,558,48,244,379,596,487,496,474,532,ステータス計算済み,step116で9因縁780行を「陣形+配置英傑6人セット+発動因縁セット」で重複除外。同一組内は総合値最大の配置を代表として採用。,STEP116_SELECTED_MAX_TOTAL_FROM_STEP106_RECALCULATED_9INEN,step106で各陣形有効ラインから再計算済みの9因縁行を使用し、重複組では総合値最大の配置を残す,魚鱗||通常||9||出雲阿国(野望)|大祝鶴|島左近|柳生宗矩|谷忠澄|魔女ルシア||多芸多才|女傑の絆|技巧伝承|文明開化|洒落者の絆|流行創出|神主・巫女|竜飛鳳舞|豪傑,,step116_9inen_dedup_max_total,19560,19560,step164_verified_normal9,知力,379
step116_9_魚鱗_000031,STEP116_9INEN_DEDUP_MAX_TOTAL_RESULT,step106_9inen_full_780_dedup_by_hero_set_bond_set_max_total,魚鱗,通常,9,長野業正|山中鹿之介|島左近|豊臣秀次|明智光秀(闇)|小松姫,長野業正|山中鹿之介|島左近|豊臣秀次|明智光秀(闇)|小松姫,侍|根性の絆|もののふ|泰然自若|謀略家|流行創出|戦場の華|老練闊達|勇猛果敢,侍|根性の絆|もののふ|泰然自若|謀略家|流行創出|戦場の華|老練闊達|勇猛果敢,14515,2995,466,342,104,277,254,397,422,445,418,ステータス計算済み,step116で9因縁780行を「陣形+配置英傑6人セット+発動因縁セット」で重複除外。同一組内は総合値最大の配置を代表として採用。,STEP116_SELECTED_MAX_TOTAL_FROM_STEP106_RECALCULATED_9INEN,step106で各陣形有効ラインから再計算済みの9因縁行を使用し、重複組では総合値最大の配置を残す,魚鱗||通常||9||小松姫|山中鹿之介|島左近|明智光秀(闇)|豊臣秀次|長野業正||もののふ|侍|勇猛果敢|戦場の華|根性の絆|泰然自若|流行創出|老練闊達|謀略家,,step116_9inen_dedup_max_total,20635,20635,step164_verified_normal9,知力,277
step116_9_魚鱗_000032,STEP116_9INEN_DEDUP_MAX_TOTAL_RESULT,step106_9inen_full_780_dedup_by_hero_set_bond_set_max_total,魚鱗,通常,9,長野業正|山県昌景(泰然)|島左近|豊臣秀次|明智光秀(闇)|小松姫,長野業正|山県昌景(泰然)|島左近|豊臣秀次|明智光秀(闇)|小松姫,侍|根性の絆|もののふ|泰然自若|謀略家|流行創出|戦場の華|老練闊達|勇猛果敢,侍|根性の絆|もののふ|泰然自若|謀略家|流行創出|戦場の華|老練闊達|勇猛果敢,14462,2975,464,342,104,277,248,404,429,442,423,ステータス計算済み,step116で9因縁780行を「陣形+配置英傑6人セット+発動因縁セット」で重複除外。同一組内は総合値最大の配置を代表として採用。,STEP116_SELECTED_MAX_TOTAL_FROM_STEP106_RECALCULATED_9INEN,step106で各陣形有効ラインから再計算済みの9因縁行を使用し、重複組では総合値最大の配置を残す,魚鱗||通常||9||小松姫|山県昌景(泰然)|島左近|明智光秀(闇)|豊臣秀次|長野業正||もののふ|侍|勇猛果敢|戦場の華|根性の絆|泰然自若|流行創出|老練闊達|謀略家,,step116_9inen_dedup_max_total,20570,20570,step164_verified_normal9,知力,277
step116_9_魚鱗_000055,STEP116_9INEN_DEDUP_MAX_TOTAL_RESULT,step106_9inen_full_780_dedup_by_hero_set_bond_set_max_total,魚鱗,通常,9,柳生宗矩|宮本武蔵(涼)|道場娘まり(和装)|井伊直虎|魔女ルシア|谷忠澄,柳生宗矩|宮本武蔵(涼)|道場娘まり(和装)|井伊直虎|魔女ルシア|谷忠澄,侍|剣豪の絆|豪傑|女傑の絆|戦場の華|文明開化|技巧伝承|竜飛鳳舞|多芸多才,侍|剣豪の絆|豪傑|女傑の絆|戦場の華|文明開化|技巧伝承|竜飛鳳舞|多芸多才,13298,1346,869,79,374,263,593,156,153,147,177,ステータス計算済み,step116で9因縁780行を「陣形+配置英傑6人セット+発動因縁セット」で重複除外。同一組内は総合値最大の配置を代表として採用。,STEP116_SELECTED_MAX_TOTAL_FROM_STEP106_RECALCULATED_9INEN,step106で各陣形有効ラインから再計算済みの9因縁行を使用し、重複組では総合値最大の配置を残す,魚鱗||通常||9||井伊直虎|宮本武蔵(涼)|柳生宗矩|谷忠澄|道場娘まり(和装)|魔女ルシア||侍|剣豪の絆|多芸多才|女傑の絆|戦場の華|技巧伝承|文明開化|竜飛鳳舞|豪傑,,step116_9inen_dedup_max_total,17455,17455,step164_verified_normal9,知力,263
step116_9_魚鱗_000044,STEP116_9INEN_DEDUP_MAX_TOTAL_RESULT,step106_9inen_full_780_dedup_by_hero_set_bond_set_max_total,魚鱗,通常,9,納涼忍お綾|堀秀政|柳生宗矩|宮本武蔵(涼)|道場娘まり(和装)|仙桃院,納涼忍お綾|堀秀政|柳生宗矩|宮本武蔵(涼)|道場娘まり(和装)|仙桃院,才腕の絆|文明開化|技巧伝承|多芸多才|侍|剣豪の絆|豪傑|女傑の絆|能鷹隠爪,才腕の絆|文明開化|技巧伝承|多芸多才|侍|剣豪の絆|豪傑|女傑の絆|能鷹隠爪,13904,1403,749,202,665,154,589,367,371,393,423,ステータス計算済み,step116で9因縁780行を「陣形+配置英傑6人セット+発動因縁セット」で重複除外。同一組内は総合値最大の配置を代表として採用。,STEP116_SELECTED_MAX_TOTAL_FROM_STEP106_RECALCULATED_9INEN,step106で各陣形有効ラインから再計算済みの9因縁行を使用し、重複組では総合値最大の配置を残す,魚鱗||通常||9||仙桃院|堀秀政|宮本武蔵(涼)|柳生宗矩|納涼忍お綾|道場娘まり(和装)||侍|剣豪の絆|多芸多才|女傑の絆|才腕の絆|技巧伝承|文明開化|能鷹隠爪|豪傑,,step116_9inen_dedup_max_total,19220,19220,step164_verified_normal9,知力,154
step116_9_魚鱗_000045,STEP116_9INEN_DEDUP_MAX_TOTAL_RESULT,step106_9inen_full_780_dedup_by_hero_set_bond_set_max_total,魚鱗,通常,9,納涼忍お綾|堀秀政|柳生宗矩|宮本武蔵(涼)|道場娘まり(和装)|井伊直虎,納涼忍お綾|堀秀政|柳生宗矩|宮本武蔵(涼)|道場娘まり(和装)|井伊直虎,才腕の絆|文明開化|技巧伝承|多芸多才|侍|剣豪の絆|豪傑|女傑の絆|戦場の華,才腕の絆|文明開化|技巧伝承|多芸多才|侍|剣豪の絆|豪傑|女傑の絆|戦場の華,13928,1403,772,86,665,154,590,367,371,393,423,ステータス計算済み,step116で9因縁780行を「陣形+配置英傑6人セット+発動因縁セット」で重複除外。同一組内は総合値最大の配置を代表として採用。,STEP116_SELECTED_MAX_TOTAL_FROM_STEP106_RECALCULATED_9INEN,step106で各陣形有効ラインから再計算済みの9因縁行を使用し、重複組では総合値最大の配置を残す,魚鱗||通常||9||井伊直虎|堀秀政|宮本武蔵(涼)|柳生宗矩|納涼忍お綾|道場娘まり(和装)||侍|剣豪の絆|多芸多才|女傑の絆|戦場の華|才腕の絆|技巧伝承|文明開化|豪傑,,step116_9inen_dedup_max_total,19152,19152,step164_verified_normal9,知力,154
step116_9_魚鱗_000049,STEP116_9INEN_DEDUP_MAX_TOTAL_RESULT,step106_9inen_full_780_dedup_by_hero_set_bond_set_max_total,魚鱗,通常,9,納涼忍お綾|堀秀政|柳生宗矩|宮本武蔵(涼)|道場娘まり(和装)|武田信玄(野望),納涼忍お綾|堀秀政|柳生宗矩|宮本武蔵(涼)|道場娘まり(和装)|武田信玄(野望),才腕の絆|文明開化|技巧伝承|多芸多才|侍|剣豪の絆|豪傑|戦場の華|能鷹隠爪,才腕の絆|文明開化|技巧伝承|多芸多才|侍|剣豪の絆|豪傑|戦場の華|能鷹隠爪,13504,1403,565,195,665,154,553,367,371,393,423,ステータス計算済み,step116で9因縁780行を「陣形+配置英傑6人セット+発動因縁セット」で重複除外。同一組内は総合値最大の配置を代表として採用。,STEP116_SELECTED_MAX_TOTAL_FROM_STEP106_RECALCULATED_9INEN,step106で各陣形有効ラインから再計算済みの9因縁行を使用し、重複組では総合値最大の配置を残す,魚鱗||通常||9||堀秀政|宮本武蔵(涼)|柳生宗矩|武田信玄(野望)|納涼忍お綾|道場娘まり(和装)||侍|剣豪の絆|多芸多才|戦場の華|才腕の絆|技巧伝承|文明開化|能鷹隠爪|豪傑,,step116_9inen_dedup_max_total,18593,18593,step164_verified_normal9,知力,154
step116_9_魚鱗_000051,STEP116_9INEN_DEDUP_MAX_TOTAL_RESULT,step106_9inen_full_780_dedup_by_hero_set_bond_set_max_total,魚鱗,通常,9,納涼忍お綾|堀秀政|柳生宗矩|明智光秀(闇)|井伊直虎|仙桃院,納涼忍お綾|堀秀政|柳生宗矩|明智光秀(闇)|井伊直虎|仙桃院,才腕の絆|文明開化|技巧伝承|多芸多才|豪傑|勇猛果敢|女傑の絆|戦場の華|能鷹隠爪,才腕の絆|文明開化|技巧伝承|多芸多才|豪傑|勇猛果敢|女傑の絆|戦場の華|能鷹隠爪,13564,975,657,174,634,154,729,367,371,393,423,ステータス計算済み,step116で9因縁780行を「陣形+配置英傑6人セット+発動因縁セット」で重複除外。同一組内は総合値最大の配置を代表として採用。,STEP116_SELECTED_MAX_TOTAL_FROM_STEP106_RECALCULATED_9INEN,step106で各陣形有効ラインから再計算済みの9因縁行を使用し、重複組では総合値最大の配置を残す,魚鱗||通常||9||井伊直虎|仙桃院|堀秀政|明智光秀(闇)|柳生宗矩|納涼忍お綾||勇猛果敢|多芸多才|女傑の絆|戦場の華|才腕の絆|技巧伝承|文明開化|能鷹隠爪|豪傑,,step116_9inen_dedup_max_total,18441,18441,step164_verified_normal9,知力,154
step116_9_魚鱗_000052,STEP116_9INEN_DEDUP_MAX_TOTAL_RESULT,step106_9inen_full_780_dedup_by_hero_set_bond_set_max_total,魚鱗,通常,9,納涼忍お綾|堀秀政|柳生宗矩|上杉謙信(野望)|井伊直虎|仙桃院,納涼忍お綾|堀秀政|柳生宗矩|上杉謙信(野望)|井伊直虎|仙桃院,才腕の絆|文明開化|技巧伝承|多芸多才|豪傑|勇猛果敢|女傑の絆|戦場の華|能鷹隠爪,才腕の絆|文明開化|技巧伝承|多芸多才|豪傑|勇猛果敢|女傑の絆|戦場の華|能鷹隠爪,13524,975,635,174,636,154,729,367,371,393,423,ステータス計算済み,step116で9因縁780行を「陣形+配置英傑6人セット+発動因縁セット」で重複除外。同一組内は総合値最大の配置を代表として採用。,STEP116_SELECTED_MAX_TOTAL_FROM_STEP106_RECALCULATED_9INEN,step106で各陣形有効ラインから再計算済みの9因縁行を使用し、重複組では総合値最大の配置を残す,魚鱗||通常||9||上杉謙信(野望)|井伊直虎|仙桃院|堀秀政|柳生宗矩|納涼忍お綾||勇猛果敢|多芸多才|女傑の絆|戦場の華|才腕の絆|技巧伝承|文明開化|能鷹隠爪|豪傑,,step116_9inen_dedup_max_total,18381,18381,step164_verified_normal9,知力,154
step116_9_魚鱗_000054,STEP116_9INEN_DEDUP_MAX_TOTAL_RESULT,step106_9inen_full_780_dedup_by_hero_set_bond_set_max_total,魚鱗,通常,9,納涼忍お綾|堀秀政|柳生宗矩|原虎胤|井伊直虎|仙桃院,納涼忍お綾|堀秀政|柳生宗矩|原虎胤|井伊直虎|仙桃院,才腕の絆|文明開化|技巧伝承|多芸多才|豪傑|勇猛果敢|女傑の絆|戦場の華|能鷹隠爪,才腕の絆|文明開化|技巧伝承|多芸多才|豪傑|勇猛果敢|女傑の絆|戦場の華|能鷹隠爪,13052,975,580,174,612,154,729,367,371,393,423,ステータス計算済み,step116で9因縁780行を「陣形+配置英傑6人セット+発動因縁セット」で重複除外。同一組内は総合値最大の配置を代表として採用。,STEP116_SELECTED_MAX_TOTAL_FROM_STEP106_RECALCULATED_9INEN,step106で各陣形有効ラインから再計算済みの9因縁行を使用し、重複組では総合値最大の配置を残す,魚鱗||通常||9||井伊直虎|仙桃院|原虎胤|堀秀政|柳生宗矩|納涼忍お綾||勇猛果敢|多芸多才|女傑の絆|戦場の華|才腕の絆|技巧伝承|文明開化|能鷹隠爪|豪傑,,step116_9inen_dedup_max_total,17830,17830,step164_verified_normal9,知力,154
step116_9_魚鱗_000021,STEP116_9INEN_DEDUP_MAX_TOTAL_RESULT,step106_9inen_full_780_dedup_by_hero_set_bond_set_max_total,魚鱗,通常,9,山中鹿之介|吉川元春|井伊直虎|宮本武蔵(涼)|島左近|長野業正,山中鹿之介|吉川元春|井伊直虎|宮本武蔵(涼)|島左近|長野業正,猛将の絆|勇猛果敢|意気衝天|軍学の絆|豪傑|侍|根性の絆|もののふ|泰然自若,猛将の絆|勇猛果敢|意気衝天|軍学の絆|豪傑|侍|根性の絆|もののふ|泰然自若,16076,4022,806,411,192,149,204,210,217,243,222,ステータス計算済み,step116で9因縁780行を「陣形+配置英傑6人セット+発動因縁セット」で重複除外。同一組内は総合値最大の配置を代表として採用。,STEP116_SELECTED_MAX_TOTAL_FROM_STEP106_RECALCULATED_9INEN,step106で各陣形有効ラインから再計算済みの9因縁行を使用し、重複組では総合値最大の配置を残す,魚鱗||通常||9||井伊直虎|吉川元春|宮本武蔵(涼)|山中鹿之介|島左近|長野業正||もののふ|侍|勇猛果敢|意気衝天|根性の絆|泰然自若|猛将の絆|豪傑|軍学の絆,,step116_9inen_dedup_max_total,22752,22752,step164_verified_normal9,知力,149
step116_9_魚鱗_000022,STEP116_9INEN_DEDUP_MAX_TOTAL_RESULT,step106_9inen_full_780_dedup_by_hero_set_bond_set_max_total,魚鱗,通常,9,山中鹿之介|長野業正|島左近|山県昌景|井伊直虎|吉川元春,山中鹿之介|長野業正|島左近|山県昌景|井伊直虎|吉川元春,侍|根性の絆|もののふ|泰然自若|軍学の絆|豪傑|猛将の絆|勇猛果敢|意気衝天,侍|根性の絆|もののふ|泰然自若|軍学の絆|豪傑|猛将の絆|勇猛果敢|意気衝天,15788,4022,781,403,192,144,197,210,217,243,222,ステータス計算済み,step116で9因縁780行を「陣形+配置英傑6人セット+発動因縁セット」で重複除外。同一組内は総合値最大の配置を代表として採用。,STEP116_SELECTED_MAX_TOTAL_FROM_STEP106_RECALCULATED_9INEN,step106で各陣形有効ラインから再計算済みの9因縁行を使用し、重複組では総合値最大の配置を残す,魚鱗||通常||9||井伊直虎|吉川元春|山中鹿之介|山県昌景|島左近|長野業正||もののふ|侍|勇猛果敢|意気衝天|根性の絆|泰然自若|猛将の絆|豪傑|軍学の絆,,step116_9inen_dedup_max_total,22419,22419,step164_verified_normal9,知力,144
step116_9_魚鱗_000025,STEP116_9INEN_DEDUP_MAX_TOTAL_RESULT,step106_9inen_full_780_dedup_by_hero_set_bond_set_max_total,魚鱗,通常,9,山中鹿之介|吉川元春|井伊直虎|柿崎景家|島左近|長野業正,山中鹿之介|吉川元春|井伊直虎|柿崎景家|島左近|長野業正,猛将の絆|勇猛果敢|意気衝天|軍学の絆|豪傑|侍|根性の絆|もののふ|泰然自若,猛将の絆|勇猛果敢|意気衝天|軍学の絆|豪傑|侍|根性の絆|もののふ|泰然自若,15696,4022,784,402,192,144,197,210,217,243,222,ステータス計算済み,step116で9因縁780行を「陣形+配置英傑6人セット+発動因縁セット」で重複除外。同一組内は総合値最大の配置を代表として採用。,STEP116_SELECTED_MAX_TOTAL_FROM_STEP106_RECALCULATED_9INEN,step106で各陣形有効ラインから再計算済みの9因縁行を使用し、重複組では総合値最大の配置を残す,魚鱗||通常||9||井伊直虎|吉川元春|山中鹿之介|島左近|柿崎景家|長野業正||もののふ|侍|勇猛果敢|意気衝天|根性の絆|泰然自若|猛将の絆|豪傑|軍学の絆,,step116_9inen_dedup_max_total,22329,22329,step164_verified_normal9,知力,144
step116_9_魚鱗_000028,STEP116_9INEN_DEDUP_MAX_TOTAL_RESULT,step106_9inen_full_780_dedup_by_hero_set_bond_set_max_total,魚鱗,通常,9,長野業正|山中鹿之介|島左近|細川忠興(山紫)|明智光秀(闇)|小松姫,長野業正|山中鹿之介|島左近|細川忠興(山紫)|明智光秀(闇)|小松姫,侍|根性の絆|もののふ|泰然自若|鬼の絆|流行創出|戦場の華|老練闊達|勇猛果敢,侍|根性の絆|もののふ|泰然自若|鬼の絆|流行創出|戦場の華|老練闊達|勇猛果敢,14897,3081,668,489,104,137,254,421,458,473,447,ステータス計算済み,step116で9因縁780行を「陣形+配置英傑6人セット+発動因縁セット」で重複除外。同一組内は総合値最大の配置を代表として採用。,STEP116_SELECTED_MAX_TOTAL_FROM_STEP106_RECALCULATED_9INEN,step106で各陣形有効ラインから再計算済みの9因縁行を使用し、重複組では総合値最大の配置を残す,魚鱗||通常||9||小松姫|山中鹿之介|島左近|明智光秀(闇)|細川忠興(山紫)|長野業正||もののふ|侍|勇猛果敢|戦場の華|根性の絆|泰然自若|流行創出|老練闊達|鬼の絆,,step116_9inen_dedup_max_total,21429,21429,step164_verified_normal9,知力,137
step116_9_魚鱗_000029,STEP116_9INEN_DEDUP_MAX_TOTAL_RESULT,step106_9inen_full_780_dedup_by_hero_set_bond_set_max_total,魚鱗,通常,9,長野業正|山県昌景(泰然)|島左近|細川忠興(山紫)|明智光秀(闇)|小松姫,長野業正|山県昌景(泰然)|島左近|細川忠興(山紫)|明智光秀(闇)|小松姫,侍|根性の絆|もののふ|泰然自若|鬼の絆|流行創出|戦場の華|老練闊達|勇猛果敢,侍|根性の絆|もののふ|泰然自若|鬼の絆|流行創出|戦場の華|老練闊達|勇猛果敢,14844,3061,666,489,104,137,248,428,465,470,452,ステータス計算済み,step116で9因縁780行を「陣形+配置英傑6人セット+発動因縁セット」で重複除外。同一組内は総合値最大の配置を代表として採用。,STEP116_SELECTED_MAX_TOTAL_FROM_STEP106_RECALCULATED_9INEN,step106で各陣形有効ラインから再計算済みの9因縁行を使用し、重複組では総合値最大の配置を残す,魚鱗||通常||9||小松姫|山県昌景(泰然)|島左近|明智光秀(闇)|細川忠興(山紫)|長野業正||もののふ|侍|勇猛果敢|戦場の華|根性の絆|泰然自若|流行創出|老練闊達|鬼の絆,,step116_9inen_dedup_max_total,21364,21364,step164_verified_normal9,知力,137
step116_9_魚鱗_000033,STEP116_9INEN_DEDUP_MAX_TOTAL_RESULT,step106_9inen_full_780_dedup_by_hero_set_bond_set_max_total,魚鱗,通常,9,山中鹿之介|島左近|長野業正|明智光秀(闇)|小松姫|伊達政宗(起源),山中鹿之介|島左近|長野業正|明智光秀(闇)|小松姫|伊達政宗(起源),侍|根性の絆|もののふ|泰然自若|戦場の華|老練闊達|勇猛果敢|武芸の絆|意気衝天,侍|根性の絆|もののふ|泰然自若|戦場の華|老練闊達|勇猛果敢|武芸の絆|意気衝天,14439,3655,559,392,225,110,254,210,217,243,222,ステータス計算済み,step116で9因縁780行を「陣形+配置英傑6人セット+発動因縁セット」で重複除外。同一組内は総合値最大の配置を代表として採用。,STEP116_SELECTED_MAX_TOTAL_FROM_STEP106_RECALCULATED_9INEN,step106で各陣形有効ラインから再計算済みの9因縁行を使用し、重複組では総合値最大の配置を残す,魚鱗||通常||9||伊達政宗(起源)|小松姫|山中鹿之介|島左近|明智光秀(闇)|長野業正||もののふ|侍|勇猛果敢|意気衝天|戦場の華|根性の絆|武芸の絆|泰然自若|老練闊達,,step116_9inen_dedup_max_total,20526,20526,step164_verified_normal9,知力,110
step116_9_魚鱗_000034,STEP116_9INEN_DEDUP_MAX_TOTAL_RESULT,step106_9inen_full_780_dedup_by_hero_set_bond_set_max_total,魚鱗,通常,9,山県昌景(泰然)|島左近|長野業正|明智光秀(闇)|小松姫|伊達政宗(起源),山県昌景(泰然)|島左近|長野業正|明智光秀(闇)|小松姫|伊達政宗(起源),侍|根性の絆|もののふ|泰然自若|戦場の華|老練闊達|勇猛果敢|武芸の絆|意気衝天,侍|根性の絆|もののふ|泰然自若|戦場の華|老練闊達|勇猛果敢|武芸の絆|意気衝天,14359,3561,556,392,221,110,248,217,224,240,227,ステータス計算済み,step116で9因縁780行を「陣形+配置英傑6人セット+発動因縁セット」で重複除外。同一組内は総合値最大の配置を代表として採用。,STEP116_SELECTED_MAX_TOTAL_FROM_STEP106_RECALCULATED_9INEN,step106で各陣形有効ラインから再計算済みの9因縁行を使用し、重複組では総合値最大の配置を残す,魚鱗||通常||9||伊達政宗(起源)|小松姫|山県昌景(泰然)|島左近|明智光秀(闇)|長野業正||もののふ|侍|勇猛果敢|意気衝天|戦場の華|根性の絆|武芸の絆|泰然自若|老練闊達,,step116_9inen_dedup_max_total,20355,20355,step164_verified_normal9,知力,110
step116_9_魚鱗_000037,STEP116_9INEN_DEDUP_MAX_TOTAL_RESULT,step106_9inen_full_780_dedup_by_hero_set_bond_set_max_total,魚鱗,通常,9,山中鹿之介|島左近|長野業正|明智光秀(闇)|小松姫|十河一存,山中鹿之介|島左近|長野業正|明智光秀(闇)|小松姫|十河一存,侍|根性の絆|もののふ|泰然自若|戦場の華|老練闊達|勇猛果敢|武芸の絆|意気衝天,侍|根性の絆|もののふ|泰然自若|戦場の華|老練闊達|勇猛果敢|武芸の絆|意気衝天,13961,3406,548,385,207,97,254,210,217,243,222,ステータス計算済み,step116で9因縁780行を「陣形+配置英傑6人セット+発動因縁セット」で重複除外。同一組内は総合値最大の配置を代表として採用。,STEP116_SELECTED_MAX_TOTAL_FROM_STEP106_RECALCULATED_9INEN,step106で各陣形有効ラインから再計算済みの9因縁行を使用し、重複組では総合値最大の配置を残す,魚鱗||通常||9||十河一存|小松姫|山中鹿之介|島左近|明智光秀(闇)|長野業正||もののふ|侍|勇猛果敢|意気衝天|戦場の華|根性の絆|武芸の絆|泰然自若|老練闊達,,step116_9inen_dedup_max_total,19750,19750,step164_verified_normal9,知力,97
step116_9_魚鱗_000038,STEP116_9INEN_DEDUP_MAX_TOTAL_RESULT,step106_9inen_full_780_dedup_by_hero_set_bond_set_max_total,魚鱗,通常,9,山中鹿之介|島左近|長野業正|明智光秀(闇)|小松姫|井伊直政,山中鹿之介|島左近|長野業正|明智光秀(闇)|小松姫|井伊直政,侍|根性の絆|もののふ|泰然自若|戦場の華|老練闊達|勇猛果敢|武芸の絆|意気衝天,侍|根性の絆|もののふ|泰然自若|戦場の華|老練闊達|勇猛果敢|武芸の絆|意気衝天,13961,3406,547,386,203,97,254,210,217,243,222,ステータス計算済み,step116で9因縁780行を「陣形+配置英傑6人セット+発動因縁セット」で重複除外。同一組内は総合値最大の配置を代表として採用。,STEP116_SELECTED_MAX_TOTAL_FROM_STEP106_RECALCULATED_9INEN,step106で各陣形有効ラインから再計算済みの9因縁行を使用し、重複組では総合値最大の配置を残す,魚鱗||通常||9||井伊直政|小松姫|山中鹿之介|島左近|明智光秀(闇)|長野業正||もののふ|侍|勇猛果敢|意気衝天|戦場の華|根性の絆|武芸の絆|泰然自若|老練闊達,,step116_9inen_dedup_max_total,19746,19746,step164_verified_normal9,知力,97
step116_9_魚鱗_000039,STEP116_9INEN_DEDUP_MAX_TOTAL_RESULT,step106_9inen_full_780_dedup_by_hero_set_bond_set_max_total,魚鱗,通常,9,山県昌景(泰然)|島左近|長野業正|明智光秀(闇)|小松姫|十河一存,山県昌景(泰然)|島左近|長野業正|明智光秀(闇)|小松姫|十河一存,侍|根性の絆|もののふ|泰然自若|戦場の華|老練闊達|勇猛果敢|武芸の絆|意気衝天,侍|根性の絆|もののふ|泰然自若|戦場の華|老練闊達|勇猛果敢|武芸の絆|意気衝天,13882,3313,545,385,203,96,248,217,224,240,227,ステータス計算済み,step116で9因縁780行を「陣形+配置英傑6人セット+発動因縁セット」で重複除外。同一組内は総合値最大の配置を代表として採用。,STEP116_SELECTED_MAX_TOTAL_FROM_STEP106_RECALCULATED_9INEN,step106で各陣形有効ラインから再計算済みの9因縁行を使用し、重複組では総合値最大の配置を残す,魚鱗||通常||9||十河一存|小松姫|山県昌景(泰然)|島左近|明智光秀(闇)|長野業正||もののふ|侍|勇猛果敢|意気衝天|戦場の華|根性の絆|武芸の絆|泰然自若|老練闊達,,step116_9inen_dedup_max_total,19580,19580,step164_verified_normal9,知力,96
step116_9_魚鱗_000040,STEP116_9INEN_DEDUP_MAX_TOTAL_RESULT,step106_9inen_full_780_dedup_by_hero_set_bond_set_max_total,魚鱗,通常,9,山県昌景(泰然)|島左近|長野業正|明智光秀(闇)|小松姫|井伊直政,山県昌景(泰然)|島左近|長野業正|明智光秀(闇)|小松姫|井伊直政,侍|根性の絆|もののふ|泰然自若|戦場の華|老練闊達|勇猛果敢|武芸の絆|意気衝天,侍|根性の絆|もののふ|泰然自若|戦場の華|老練闊達|勇猛果敢|武芸の絆|意気衝天,13882,3313,544,386,199,96,248,217,224,240,227,ステータス計算済み,step116で9因縁780行を「陣形+配置英傑6人セット+発動因縁セット」で重複除外。同一組内は総合値最大の配置を代表として採用。,STEP116_SELECTED_MAX_TOTAL_FROM_STEP106_RECALCULATED_9INEN,step106で各陣形有効ラインから再計算済みの9因縁行を使用し、重複組では総合値最大の配置を残す,魚鱗||通常||9||井伊直政|小松姫|山県昌景(泰然)|島左近|明智光秀(闇)|長野業正||もののふ|侍|勇猛果敢|意気衝天|戦場の華|根性の絆|武芸の絆|泰然自若|老練闊達,,step116_9inen_dedup_max_total,19576,19576,step164_verified_normal9,知力,96
step116_9_魚鱗_000051,STEP116_9INEN_DEDUP_MAX_TOTAL_RESULT,step106_9inen_full_780_dedup_by_hero_set_bond_set_max_total,魚鱗,通常,9,納涼忍お綾|堀秀政|柳生宗矩|明智光秀(闇)|井伊直虎|仙桃院,納涼忍お綾|堀秀政|柳生宗矩|明智光秀(闇)|井伊直虎|仙桃院,才腕の絆|文明開化|技巧伝承|多芸多才|豪傑|勇猛果敢|女傑の絆|戦場の華|能鷹隠爪,才腕の絆|文明開化|技巧伝承|多芸多才|豪傑|勇猛果敢|女傑の絆|戦場の華|能鷹隠爪,13564,975,657,174,634,154,729,367,371,393,423,ステータス計算済み,step116で9因縁780行を「陣形+配置英傑6人セット+発動因縁セット」で重複除外。同一組内は総合値最大の配置を代表として採用。,STEP116_SELECTED_MAX_TOTAL_FROM_STEP106_RECALCULATED_9INEN,step106で各陣形有効ラインから再計算済みの9因縁行を使用し、重複組では総合値最大の配置を残す,魚鱗||通常||9||井伊直虎|仙桃院|堀秀政|明智光秀(闇)|柳生宗矩|納涼忍お綾||勇猛果敢|多芸多才|女傑の絆|戦場の華|才腕の絆|技巧伝承|文明開化|能鷹隠爪|豪傑,,step116_9inen_dedup_max_total,18441,18441,step164_verified_normal9,魅力,729
step116_9_魚鱗_000052,STEP116_9INEN_DEDUP_MAX_TOTAL_RESULT,step106_9inen_full_780_dedup_by_hero_set_bond_set_max_total,魚鱗,通常,9,納涼忍お綾|堀秀政|柳生宗矩|上杉謙信(野望)|井伊直虎|仙桃院,納涼忍お綾|堀秀政|柳生宗矩|上杉謙信(野望)|井伊直虎|仙桃院,才腕の絆|文明開化|技巧伝承|多芸多才|豪傑|勇猛果敢|女傑の絆|戦場の華|能鷹隠爪,才腕の絆|文明開化|技巧伝承|多芸多才|豪傑|勇猛果敢|女傑の絆|戦場の華|能鷹隠爪,13524,975,635,174,636,154,729,367,371,393,423,ステータス計算済み,step116で9因縁780行を「陣形+配置英傑6人セット+発動因縁セット」で重複除外。同一組内は総合値最大の配置を代表として採用。,STEP116_SELECTED_MAX_TOTAL_FROM_STEP106_RECALCULATED_9INEN,step106で各陣形有効ラインから再計算済みの9因縁行を使用し、重複組では総合値最大の配置を残す,魚鱗||通常||9||上杉謙信(野望)|井伊直虎|仙桃院|堀秀政|柳生宗矩|納涼忍お綾||勇猛果敢|多芸多才|女傑の絆|戦場の華|才腕の絆|技巧伝承|文明開化|能鷹隠爪|豪傑,,step116_9inen_dedup_max_total,18381,18381,step164_verified_normal9,魅力,729
step116_9_魚鱗_000054,STEP116_9INEN_DEDUP_MAX_TOTAL_RESULT,step106_9inen_full_780_dedup_by_hero_set_bond_set_max_total,魚鱗,通常,9,納涼忍お綾|堀秀政|柳生宗矩|原虎胤|井伊直虎|仙桃院,納涼忍お綾|堀秀政|柳生宗矩|原虎胤|井伊直虎|仙桃院,才腕の絆|文明開化|技巧伝承|多芸多才|豪傑|勇猛果敢|女傑の絆|戦場の華|能鷹隠爪,才腕の絆|文明開化|技巧伝承|多芸多才|豪傑|勇猛果敢|女傑の絆|戦場の華|能鷹隠爪,13052,975,580,174,612,154,729,367,371,393,423,ステータス計算済み,step116で9因縁780行を「陣形+配置英傑6人セット+発動因縁セット」で重複除外。同一組内は総合値最大の配置を代表として採用。,STEP116_SELECTED_MAX_TOTAL_FROM_STEP106_RECALCULATED_9INEN,step106で各陣形有効ラインから再計算済みの9因縁行を使用し、重複組では総合値最大の配置を残す,魚鱗||通常||9||井伊直虎|仙桃院|原虎胤|堀秀政|柳生宗矩|納涼忍お綾||勇猛果敢|多芸多才|女傑の絆|戦場の華|才腕の絆|技巧伝承|文明開化|能鷹隠爪|豪傑,,step116_9inen_dedup_max_total,17830,17830,step164_verified_normal9,魅力,729
step116_9_魚鱗_000030,STEP116_9INEN_DEDUP_MAX_TOTAL_RESULT,step106_9inen_full_780_dedup_by_hero_set_bond_set_max_total,魚鱗,通常,9,大内義隆|北条氏邦|出雲阿国(野望)|大祝鶴|魔女ルシア|細川藤孝(立役),大内義隆|北条氏邦|出雲阿国(野望)|大祝鶴|魔女ルシア|細川藤孝(立役),流行創出|多芸多才|神主・巫女|女傑の絆|洒落者の絆|文化人の絆|文明開化|技巧伝承|山紫水明,流行創出|多芸多才|神主・巫女|女傑の絆|洒落者の絆|文化人の絆|文明開化|技巧伝承|山紫水明,13386,2828,249,44,382,403,622,773,812,744,795,ステータス計算済み,step116で9因縁780行を「陣形+配置英傑6人セット+発動因縁セット」で重複除外。同一組内は総合値最大の配置を代表として採用。,STEP116_SELECTED_MAX_TOTAL_FROM_STEP106_RECALCULATED_9INEN,step106で各陣形有効ラインから再計算済みの9因縁行を使用し、重複組では総合値最大の配置を残す,魚鱗||通常||9||出雲阿国(野望)|北条氏邦|大内義隆|大祝鶴|細川藤孝(立役)|魔女ルシア||多芸多才|女傑の絆|山紫水明|技巧伝承|文化人の絆|文明開化|洒落者の絆|流行創出|神主・巫女,,step116_9inen_dedup_max_total,21038,21038,step164_verified_normal9,魅力,622
step116_9_魚鱗_000041,STEP116_9INEN_DEDUP_MAX_TOTAL_RESULT,step106_9inen_full_780_dedup_by_hero_set_bond_set_max_total,魚鱗,通常,9,柳生宗矩|島左近|出雲阿国(野望)|大祝鶴|魔女ルシア|谷忠澄,柳生宗矩|島左近|出雲阿国(野望)|大祝鶴|魔女ルシア|谷忠澄,豪傑|流行創出|神主・巫女|女傑の絆|洒落者の絆|文明開化|技巧伝承|竜飛鳳舞|多芸多才,豪傑|流行創出|神主・巫女|女傑の絆|洒落者の絆|文明開化|技巧伝承|竜飛鳳舞|多芸多才,12761,2985,558,48,244,379,596,487,496,474,532,ステータス計算済み,step116で9因縁780行を「陣形+配置英傑6人セット+発動因縁セット」で重複除外。同一組内は総合値最大の配置を代表として採用。,STEP116_SELECTED_MAX_TOTAL_FROM_STEP106_RECALCULATED_9INEN,step106で各陣形有効ラインから再計算済みの9因縁行を使用し、重複組では総合値最大の配置を残す,魚鱗||通常||9||出雲阿国(野望)|大祝鶴|島左近|柳生宗矩|谷忠澄|魔女ルシア||多芸多才|女傑の絆|技巧伝承|文明開化|洒落者の絆|流行創出|神主・巫女|竜飛鳳舞|豪傑,,step116_9inen_dedup_max_total,19560,19560,step164_verified_normal9,魅力,596
step116_9_魚鱗_000055,STEP116_9INEN_DEDUP_MAX_TOTAL_RESULT,step106_9inen_full_780_dedup_by_hero_set_bond_set_max_total,魚鱗,通常,9,柳生宗矩|宮本武蔵(涼)|道場娘まり(和装)|井伊直虎|魔女ルシア|谷忠澄,柳生宗矩|宮本武蔵(涼)|道場娘まり(和装)|井伊直虎|魔女ルシア|谷忠澄,侍|剣豪の絆|豪傑|女傑の絆|戦場の華|文明開化|技巧伝承|竜飛鳳舞|多芸多才,侍|剣豪の絆|豪傑|女傑の絆|戦場の華|文明開化|技巧伝承|竜飛鳳舞|多芸多才,13298,1346,869,79,374,263,593,156,153,147,177,ステータス計算済み,step116で9因縁780行を「陣形+配置英傑6人セット+発動因縁セット」で重複除外。同一組内は総合値最大の配置を代表として採用。,STEP116_SELECTED_MAX_TOTAL_FROM_STEP106_RECALCULATED_9INEN,step106で各陣形有効ラインから再計算済みの9因縁行を使用し、重複組では総合値最大の配置を残す,魚鱗||通常||9||井伊直虎|宮本武蔵(涼)|柳生宗矩|谷忠澄|道場娘まり(和装)|魔女ルシア||侍|剣豪の絆|多芸多才|女傑の絆|戦場の華|技巧伝承|文明開化|竜飛鳳舞|豪傑,,step116_9inen_dedup_max_total,17455,17455,step164_verified_normal9,魅力,593
step116_9_魚鱗_000045,STEP116_9INEN_DEDUP_MAX_TOTAL_RESULT,step106_9inen_full_780_dedup_by_hero_set_bond_set_max_total,魚鱗,通常,9,納涼忍お綾|堀秀政|柳生宗矩|宮本武蔵(涼)|道場娘まり(和装)|井伊直虎,納涼忍お綾|堀秀政|柳生宗矩|宮本武蔵(涼)|道場娘まり(和装)|井伊直虎,才腕の絆|文明開化|技巧伝承|多芸多才|侍|剣豪の絆|豪傑|女傑の絆|戦場の華,才腕の絆|文明開化|技巧伝承|多芸多才|侍|剣豪の絆|豪傑|女傑の絆|戦場の華,13928,1403,772,86,665,154,590,367,371,393,423,ステータス計算済み,step116で9因縁780行を「陣形+配置英傑6人セット+発動因縁セット」で重複除外。同一組内は総合値最大の配置を代表として採用。,STEP116_SELECTED_MAX_TOTAL_FROM_STEP106_RECALCULATED_9INEN,step106で各陣形有効ラインから再計算済みの9因縁行を使用し、重複組では総合値最大の配置を残す,魚鱗||通常||9||井伊直虎|堀秀政|宮本武蔵(涼)|柳生宗矩|納涼忍お綾|道場娘まり(和装)||侍|剣豪の絆|多芸多才|女傑の絆|戦場の華|才腕の絆|技巧伝承|文明開化|豪傑,,step116_9inen_dedup_max_total,19152,19152,step164_verified_normal9,魅力,590
step116_9_魚鱗_000044,STEP116_9INEN_DEDUP_MAX_TOTAL_RESULT,step106_9inen_full_780_dedup_by_hero_set_bond_set_max_total,魚鱗,通常,9,納涼忍お綾|堀秀政|柳生宗矩|宮本武蔵(涼)|道場娘まり(和装)|仙桃院,納涼忍お綾|堀秀政|柳生宗矩|宮本武蔵(涼)|道場娘まり(和装)|仙桃院,才腕の絆|文明開化|技巧伝承|多芸多才|侍|剣豪の絆|豪傑|女傑の絆|能鷹隠爪,才腕の絆|文明開化|技巧伝承|多芸多才|侍|剣豪の絆|豪傑|女傑の絆|能鷹隠爪,13904,1403,749,202,665,154,589,367,371,393,423,ステータス計算済み,step116で9因縁780行を「陣形+配置英傑6人セット+発動因縁セット」で重複除外。同一組内は総合値最大の配置を代表として採用。,STEP116_SELECTED_MAX_TOTAL_FROM_STEP106_RECALCULATED_9INEN,step106で各陣形有効ラインから再計算済みの9因縁行を使用し、重複組では総合値最大の配置を残す,魚鱗||通常||9||仙桃院|堀秀政|宮本武蔵(涼)|柳生宗矩|納涼忍お綾|道場娘まり(和装)||侍|剣豪の絆|多芸多才|女傑の絆|才腕の絆|技巧伝承|文明開化|能鷹隠爪|豪傑,,step116_9inen_dedup_max_total,19220,19220,step164_verified_normal9,魅力,589
step116_9_魚鱗_000049,STEP116_9INEN_DEDUP_MAX_TOTAL_RESULT,step106_9inen_full_780_dedup_by_hero_set_bond_set_max_total,魚鱗,通常,9,納涼忍お綾|堀秀政|柳生宗矩|宮本武蔵(涼)|道場娘まり(和装)|武田信玄(野望),納涼忍お綾|堀秀政|柳生宗矩|宮本武蔵(涼)|道場娘まり(和装)|武田信玄(野望),才腕の絆|文明開化|技巧伝承|多芸多才|侍|剣豪の絆|豪傑|戦場の華|能鷹隠爪,才腕の絆|文明開化|技巧伝承|多芸多才|侍|剣豪の絆|豪傑|戦場の華|能鷹隠爪,13504,1403,565,195,665,154,553,367,371,393,423,ステータス計算済み,step116で9因縁780行を「陣形+配置英傑6人セット+発動因縁セット」で重複除外。同一組内は総合値最大の配置を代表として採用。,STEP116_SELECTED_MAX_TOTAL_FROM_STEP106_RECALCULATED_9INEN,step106で各陣形有効ラインから再計算済みの9因縁行を使用し、重複組では総合値最大の配置を残す,魚鱗||通常||9||堀秀政|宮本武蔵(涼)|柳生宗矩|武田信玄(野望)|納涼忍お綾|道場娘まり(和装)||侍|剣豪の絆|多芸多才|戦場の華|才腕の絆|技巧伝承|文明開化|能鷹隠爪|豪傑,,step116_9inen_dedup_max_total,18593,18593,step164_verified_normal9,魅力,553
step116_9_魚鱗_000024,STEP116_9INEN_DEDUP_MAX_TOTAL_RESULT,step106_9inen_full_780_dedup_by_hero_set_bond_set_max_total,魚鱗,通常,9,伊奈忠次|ガラシャ(聖)|斎藤利三(神祇)|毛利隆元|豊臣秀吉|酒井忠次(衣鉢),伊奈忠次|ガラシャ(聖)|斎藤利三(神祇)|毛利隆元|豊臣秀吉|酒井忠次(衣鉢),召喚術の絆|摂理探究|世渡り上手の絆|才腕の絆|謀略家|柔能制剛|技巧伝承|天神地祇|雄材大略,召喚術の絆|摂理探究|世渡り上手の絆|才腕の絆|謀略家|柔能制剛|技巧伝承|天神地祇|雄材大略,15387,3129,40,56,394,604,385,596,604,633,577,ステータス計算済み,step116で9因縁780行を「陣形+配置英傑6人セット+発動因縁セット」で重複除外。同一組内は総合値最大の配置を代表として採用。,STEP116_SELECTED_MAX_TOTAL_FROM_STEP106_RECALCULATED_9INEN,step106で各陣形有効ラインから再計算済みの9因縁行を使用し、重複組では総合値最大の配置を残す,魚鱗||通常||9||ガラシャ(聖)|伊奈忠次|斎藤利三(神祇)|毛利隆元|豊臣秀吉|酒井忠次(衣鉢)||世渡り上手の絆|召喚術の絆|天神地祇|才腕の絆|技巧伝承|摂理探究|柔能制剛|謀略家|雄材大略,,step116_9inen_dedup_max_total,22405,22405,step164_verified_normal9,魅力,385
step116_9_魚鱗_000023,STEP116_9INEN_DEDUP_MAX_TOTAL_RESULT,step106_9inen_full_780_dedup_by_hero_set_bond_set_max_total,魚鱗,通常,9,伊奈忠次|ガラシャ(聖)|斎藤利三(神祇)|毛利隆元|豊臣秀吉|酒井忠次(通),伊奈忠次|ガラシャ(聖)|斎藤利三(神祇)|毛利隆元|豊臣秀吉|酒井忠次(通),召喚術の絆|摂理探究|世渡り上手の絆|才腕の絆|謀略家|柔能制剛|技巧伝承|天神地祇|雄材大略,召喚術の絆|摂理探究|世渡り上手の絆|才腕の絆|謀略家|柔能制剛|技巧伝承|天神地祇|雄材大略,15387,3129,40,56,394,604,385,596,604,633,577,ステータス計算済み,step116で9因縁780行を「陣形+配置英傑6人セット+発動因縁セット」で重複除外。同一組内は総合値最大の配置を代表として採用。,STEP116_SELECTED_MAX_TOTAL_FROM_STEP106_RECALCULATED_9INEN,step106で各陣形有効ラインから再計算済みの9因縁行を使用し、重複組では総合値最大の配置を残す,魚鱗||通常||9||ガラシャ(聖)|伊奈忠次|斎藤利三(神祇)|毛利隆元|豊臣秀吉|酒井忠次(通)||世渡り上手の絆|召喚術の絆|天神地祇|才腕の絆|技巧伝承|摂理探究|柔能制剛|謀略家|雄材大略,,step116_9inen_dedup_max_total,22405,22405,step164_verified_normal9,魅力,385
step116_9_魚鱗_000027,STEP116_9INEN_DEDUP_MAX_TOTAL_RESULT,step106_9inen_full_780_dedup_by_hero_set_bond_set_max_total,魚鱗,通常,9,伊奈忠次|サンチョ|斎藤利三(神祇)|毛利隆元|豊臣秀吉|酒井忠次(衣鉢),伊奈忠次|サンチョ|斎藤利三(神祇)|毛利隆元|豊臣秀吉|酒井忠次(衣鉢),召喚術の絆|摂理探究|世渡り上手の絆|才腕の絆|謀略家|柔能制剛|技巧伝承|天神地祇|雄材大略,召喚術の絆|摂理探究|世渡り上手の絆|才腕の絆|謀略家|柔能制剛|技巧伝承|天神地祇|雄材大略,14916,3129,30,44,394,578,385,552,555,574,526,ステータス計算済み,step116で9因縁780行を「陣形+配置英傑6人セット+発動因縁セット」で重複除外。同一組内は総合値最大の配置を代表として採用。,STEP116_SELECTED_MAX_TOTAL_FROM_STEP106_RECALCULATED_9INEN,step106で各陣形有効ラインから再計算済みの9因縁行を使用し、重複組では総合値最大の配置を残す,魚鱗||通常||9||サンチョ|伊奈忠次|斎藤利三(神祇)|毛利隆元|豊臣秀吉|酒井忠次(衣鉢)||世渡り上手の絆|召喚術の絆|天神地祇|才腕の絆|技巧伝承|摂理探究|柔能制剛|謀略家|雄材大略,,step116_9inen_dedup_max_total,21683,21683,step164_verified_normal9,魅力,385
step116_9_魚鱗_000026,STEP116_9INEN_DEDUP_MAX_TOTAL_RESULT,step106_9inen_full_780_dedup_by_hero_set_bond_set_max_total,魚鱗,通常,9,伊奈忠次|サンチョ|斎藤利三(神祇)|毛利隆元|豊臣秀吉|酒井忠次(通),伊奈忠次|サンチョ|斎藤利三(神祇)|毛利隆元|豊臣秀吉|酒井忠次(通),召喚術の絆|摂理探究|世渡り上手の絆|才腕の絆|謀略家|柔能制剛|技巧伝承|天神地祇|雄材大略,召喚術の絆|摂理探究|世渡り上手の絆|才腕の絆|謀略家|柔能制剛|技巧伝承|天神地祇|雄材大略,14916,3129,30,44,394,578,385,552,555,574,526,ステータス計算済み,step116で9因縁780行を「陣形+配置英傑6人セット+発動因縁セット」で重複除外。同一組内は総合値最大の配置を代表として採用。,STEP116_SELECTED_MAX_TOTAL_FROM_STEP106_RECALCULATED_9INEN,step106で各陣形有効ラインから再計算済みの9因縁行を使用し、重複組では総合値最大の配置を残す,魚鱗||通常||9||サンチョ|伊奈忠次|斎藤利三(神祇)|毛利隆元|豊臣秀吉|酒井忠次(通)||世渡り上手の絆|召喚術の絆|天神地祇|才腕の絆|技巧伝承|摂理探究|柔能制剛|謀略家|雄材大略,,step116_9inen_dedup_max_total,21683,21683,step164_verified_normal9,魅力,385
step116_9_魚鱗_000048,STEP116_9INEN_DEDUP_MAX_TOTAL_RESULT,step106_9inen_full_780_dedup_by_hero_set_bond_set_max_total,魚鱗,通常,9,豊臣秀長|北条氏照(剛柔)|豊臣秀次|百地三太夫(野望)|斎藤道三(巳)|佐竹義重,豊臣秀長|北条氏照(剛柔)|豊臣秀次|百地三太夫(野望)|斎藤道三(巳)|佐竹義重,知将の絆|立役者|技巧伝承|柔能制剛|謀略家|生殺与奪|侍|才腕の絆|知勇兼備,知将の絆|立役者|技巧伝承|柔能制剛|謀略家|生殺与奪|侍|才腕の絆|知勇兼備,13439,1428,162,99,517,864,357,463,454,463,458,ステータス計算済み,step116で9因縁780行を「陣形+配置英傑6人セット+発動因縁セット」で重複除外。同一組内は総合値最大の配置を代表として採用。,STEP116_SELECTED_MAX_TOTAL_FROM_STEP106_RECALCULATED_9INEN,step106で各陣形有効ラインから再計算済みの9因縁行を使用し、重複組では総合値最大の配置を残す,魚鱗||通常||9||佐竹義重|北条氏照(剛柔)|斎藤道三(巳)|百地三太夫(野望)|豊臣秀次|豊臣秀長||侍|才腕の絆|技巧伝承|柔能制剛|生殺与奪|知勇兼備|知将の絆|立役者|謀略家,,step116_9inen_dedup_max_total,18704,18704,step164_verified_normal9,魅力,357
step116_9_魚鱗_000002,STEP116_9INEN_DEDUP_MAX_TOTAL_RESULT,step106_9inen_full_780_dedup_by_hero_set_bond_set_max_total,魚鱗,通常,9,武田晴信|愛姫(起源)|細川藤孝(立役)|今川義元|前田利家|鍋島直茂(乱雲),武田晴信|愛姫(起源)|細川藤孝(立役)|今川義元|前田利家|鍋島直茂(乱雲),健康第一|老練闊達|質実剛健|文明開化|山紫水明|巧言令色|謀略家|雄材大略|摂理探究,健康第一|老練闊達|質実剛健|文明開化|山紫水明|巧言令色|謀略家|雄材大略|摂理探究,15234,4833,161,231,0,715,313,483,506,501,469,ステータス計算済み,step116で9因縁780行を「陣形+配置英傑6人セット+発動因縁セット」で重複除外。同一組内は総合値最大の配置を代表として採用。,STEP116_SELECTED_MAX_TOTAL_FROM_STEP106_RECALCULATED_9INEN,step106で各陣形有効ラインから再計算済みの9因縁行を使用し、重複組では総合値最大の配置を残す,魚鱗||通常||9||今川義元|前田利家|愛姫(起源)|武田晴信|細川藤孝(立役)|鍋島直茂(乱雲)||健康第一|山紫水明|巧言令色|摂理探究|文明開化|老練闊達|謀略家|質実剛健|雄材大略,,step116_9inen_dedup_max_total,23446,23446,step164_verified_normal9,魅力,313
step116_9_魚鱗_000001,STEP116_9INEN_DEDUP_MAX_TOTAL_RESULT,step106_9inen_full_780_dedup_by_hero_set_bond_set_max_total,魚鱗,通常,9,前田利家(雄材)|鍋島直茂(乱雲)|武田晴信|愛姫(起源)|細川藤孝(立役)|今川義元,前田利家(雄材)|鍋島直茂(乱雲)|武田晴信|愛姫(起源)|細川藤孝(立役)|今川義元,謀略家|雄材大略|摂理探究|健康第一|老練闊達|質実剛健|文明開化|山紫水明|巧言令色,謀略家|雄材大略|摂理探究|健康第一|老練闊達|質実剛健|文明開化|山紫水明|巧言令色,15234,4833,161,231,0,715,313,483,506,501,469,ステータス計算済み,step116で9因縁780行を「陣形+配置英傑6人セット+発動因縁セット」で重複除外。同一組内は総合値最大の配置を代表として採用。,STEP116_SELECTED_MAX_TOTAL_FROM_STEP106_RECALCULATED_9INEN,step106で各陣形有効ラインから再計算済みの9因縁行を使用し、重複組では総合値最大の配置を残す,魚鱗||通常||9||今川義元|前田利家(雄材)|愛姫(起源)|武田晴信|細川藤孝(立役)|鍋島直茂(乱雲)||健康第一|山紫水明|巧言令色|摂理探究|文明開化|老練闊達|謀略家|質実剛健|雄材大略,,step116_9inen_dedup_max_total,23446,23446,step164_verified_normal9,魅力,313
step116_9_魚鱗_000004,STEP116_9INEN_DEDUP_MAX_TOTAL_RESULT,step106_9inen_full_780_dedup_by_hero_set_bond_set_max_total,魚鱗,通常,9,武田晴信|高台院|細川藤孝(立役)|今川義元|前田利家|鍋島直茂(乱雲),武田晴信|高台院|細川藤孝(立役)|今川義元|前田利家|鍋島直茂(乱雲),健康第一|老練闊達|質実剛健|文明開化|山紫水明|巧言令色|謀略家|雄材大略|摂理探究,健康第一|老練闊達|質実剛健|文明開化|山紫水明|巧言令色|謀略家|雄材大略|摂理探究,15237,4808,149,226,0,719,313,482,504,497,466,ステータス計算済み,step116で9因縁780行を「陣形+配置英傑6人セット+発動因縁セット」で重複除外。同一組内は総合値最大の配置を代表として採用。,STEP116_SELECTED_MAX_TOTAL_FROM_STEP106_RECALCULATED_9INEN,step106で各陣形有効ラインから再計算済みの9因縁行を使用し、重複組では総合値最大の配置を残す,魚鱗||通常||9||今川義元|前田利家|武田晴信|細川藤孝(立役)|鍋島直茂(乱雲)|高台院||健康第一|山紫水明|巧言令色|摂理探究|文明開化|老練闊達|謀略家|質実剛健|雄材大略,,step116_9inen_dedup_max_total,23401,23401,step164_verified_normal9,魅力,313
step116_9_魚鱗_000003,STEP116_9INEN_DEDUP_MAX_TOTAL_RESULT,step106_9inen_full_780_dedup_by_hero_set_bond_set_max_total,魚鱗,通常,9,前田利家(雄材)|鍋島直茂(乱雲)|武田晴信|高台院|細川藤孝(立役)|今川義元,前田利家(雄材)|鍋島直茂(乱雲)|武田晴信|高台院|細川藤孝(立役)|今川義元,謀略家|雄材大略|摂理探究|健康第一|老練闊達|質実剛健|文明開化|山紫水明|巧言令色,謀略家|雄材大略|摂理探究|健康第一|老練闊達|質実剛健|文明開化|山紫水明|巧言令色,15237,4808,149,226,0,719,313,482,504,497,466,ステータス計算済み,step116で9因縁780行を「陣形+配置英傑6人セット+発動因縁セット」で重複除外。同一組内は総合値最大の配置を代表として採用。,STEP116_SELECTED_MAX_TOTAL_FROM_STEP106_RECALCULATED_9INEN,step106で各陣形有効ラインから再計算済みの9因縁行を使用し、重複組では総合値最大の配置を残す,魚鱗||通常||9||今川義元|前田利家(雄材)|武田晴信|細川藤孝(立役)|鍋島直茂(乱雲)|高台院||健康第一|山紫水明|巧言令色|摂理探究|文明開化|老練闊達|謀略家|質実剛健|雄材大略,,step116_9inen_dedup_max_total,23401,23401,step164_verified_normal9,魅力,313
step116_9_魚鱗_000006,STEP116_9INEN_DEDUP_MAX_TOTAL_RESULT,step106_9inen_full_780_dedup_by_hero_set_bond_set_max_total,魚鱗,通常,9,武田晴信|愛姫(起源)|細川藤孝(立役)|今川義元|前田利家|片倉景綱(右腕),武田晴信|愛姫(起源)|細川藤孝(立役)|今川義元|前田利家|片倉景綱(右腕),健康第一|老練闊達|質実剛健|文明開化|山紫水明|巧言令色|謀略家|雄材大略|摂理探究,健康第一|老練闊達|質実剛健|文明開化|山紫水明|巧言令色|謀略家|雄材大略|摂理探究,15159,4827,167,231,0,715,313,488,504,513,469,ステータス計算済み,step116で9因縁780行を「陣形+配置英傑6人セット+発動因縁セット」で重複除外。同一組内は総合値最大の配置を代表として採用。,STEP116_SELECTED_MAX_TOTAL_FROM_STEP106_RECALCULATED_9INEN,step106で各陣形有効ラインから再計算済みの9因縁行を使用し、重複組では総合値最大の配置を残す,魚鱗||通常||9||今川義元|前田利家|愛姫(起源)|武田晴信|片倉景綱(右腕)|細川藤孝(立役)||健康第一|山紫水明|巧言令色|摂理探究|文明開化|老練闊達|謀略家|質実剛健|雄材大略,,step116_9inen_dedup_max_total,23386,23386,step164_verified_normal9,魅力,313
step116_9_魚鱗_000005,STEP116_9INEN_DEDUP_MAX_TOTAL_RESULT,step106_9inen_full_780_dedup_by_hero_set_bond_set_max_total,魚鱗,通常,9,前田利家(雄材)|片倉景綱(右腕)|武田晴信|愛姫(起源)|細川藤孝(立役)|今川義元,前田利家(雄材)|片倉景綱(右腕)|武田晴信|愛姫(起源)|細川藤孝(立役)|今川義元,謀略家|雄材大略|摂理探究|健康第一|老練闊達|質実剛健|文明開化|山紫水明|巧言令色,謀略家|雄材大略|摂理探究|健康第一|老練闊達|質実剛健|文明開化|山紫水明|巧言令色,15159,4827,167,231,0,715,313,488,504,513,469,ステータス計算済み,step116で9因縁780行を「陣形+配置英傑6人セット+発動因縁セット」で重複除外。同一組内は総合値最大の配置を代表として採用。,STEP116_SELECTED_MAX_TOTAL_FROM_STEP106_RECALCULATED_9INEN,step106で各陣形有効ラインから再計算済みの9因縁行を使用し、重複組では総合値最大の配置を残す,魚鱗||通常||9||今川義元|前田利家(雄材)|愛姫(起源)|武田晴信|片倉景綱(右腕)|細川藤孝(立役)||健康第一|山紫水明|巧言令色|摂理探究|文明開化|老練闊達|謀略家|質実剛健|雄材大略,,step116_9inen_dedup_max_total,23386,23386,step164_verified_normal9,魅力,313
step116_9_魚鱗_000008,STEP116_9INEN_DEDUP_MAX_TOTAL_RESULT,step106_9inen_full_780_dedup_by_hero_set_bond_set_max_total,魚鱗,通常,9,武田晴信|高台院|細川藤孝(立役)|今川義元|前田利家|片倉景綱(右腕),武田晴信|高台院|細川藤孝(立役)|今川義元|前田利家|片倉景綱(右腕),健康第一|老練闊達|質実剛健|文明開化|山紫水明|巧言令色|謀略家|雄材大略|摂理探究,健康第一|老練闊達|質実剛健|文明開化|山紫水明|巧言令色|謀略家|雄材大略|摂理探究,15162,4802,155,226,0,719,313,487,502,509,466,ステータス計算済み,step116で9因縁780行を「陣形+配置英傑6人セット+発動因縁セット」で重複除外。同一組内は総合値最大の配置を代表として採用。,STEP116_SELECTED_MAX_TOTAL_FROM_STEP106_RECALCULATED_9INEN,step106で各陣形有効ラインから再計算済みの9因縁行を使用し、重複組では総合値最大の配置を残す,魚鱗||通常||9||今川義元|前田利家|武田晴信|片倉景綱(右腕)|細川藤孝(立役)|高台院||健康第一|山紫水明|巧言令色|摂理探究|文明開化|老練闊達|謀略家|質実剛健|雄材大略,,step116_9inen_dedup_max_total,23341,23341,step164_verified_normal9,魅力,313
step116_9_魚鱗_000007,STEP116_9INEN_DEDUP_MAX_TOTAL_RESULT,step106_9inen_full_780_dedup_by_hero_set_bond_set_max_total,魚鱗,通常,9,前田利家(雄材)|片倉景綱(右腕)|武田晴信|高台院|細川藤孝(立役)|今川義元,前田利家(雄材)|片倉景綱(右腕)|武田晴信|高台院|細川藤孝(立役)|今川義元,謀略家|雄材大略|摂理探究|健康第一|老練闊達|質実剛健|文明開化|山紫水明|巧言令色,謀略家|雄材大略|摂理探究|健康第一|老練闊達|質実剛健|文明開化|山紫水明|巧言令色,15162,4802,155,226,0,719,313,487,502,509,466,ステータス計算済み,step116で9因縁780行を「陣形+配置英傑6人セット+発動因縁セット」で重複除外。同一組内は総合値最大の配置を代表として採用。,STEP116_SELECTED_MAX_TOTAL_FROM_STEP106_RECALCULATED_9INEN,step106で各陣形有効ラインから再計算済みの9因縁行を使用し、重複組では総合値最大の配置を残す,魚鱗||通常||9||今川義元|前田利家(雄材)|武田晴信|片倉景綱(右腕)|細川藤孝(立役)|高台院||健康第一|山紫水明|巧言令色|摂理探究|文明開化|老練闊達|謀略家|質実剛健|雄材大略,,step116_9inen_dedup_max_total,23341,23341,step164_verified_normal9,魅力,313
step116_9_魚鱗_000010,STEP116_9INEN_DEDUP_MAX_TOTAL_RESULT,step106_9inen_full_780_dedup_by_hero_set_bond_set_max_total,魚鱗,通常,9,武田晴信|愛姫(起源)|細川藤孝(立役)|今川義元|前田利家|豊臣秀長,武田晴信|愛姫(起源)|細川藤孝(立役)|今川義元|前田利家|豊臣秀長,健康第一|老練闊達|質実剛健|文明開化|山紫水明|巧言令色|謀略家|雄材大略|摂理探究,健康第一|老練闊達|質実剛健|文明開化|山紫水明|巧言令色|謀略家|雄材大略|摂理探究,15036,4864,157,231,0,719,313,490,509,512,472,ステータス計算済み,step116で9因縁780行を「陣形+配置英傑6人セット+発動因縁セット」で重複除外。同一組内は総合値最大の配置を代表として採用。,STEP116_SELECTED_MAX_TOTAL_FROM_STEP106_RECALCULATED_9INEN,step106で各陣形有効ラインから再計算済みの9因縁行を使用し、重複組では総合値最大の配置を残す,魚鱗||通常||9||今川義元|前田利家|愛姫(起源)|武田晴信|細川藤孝(立役)|豊臣秀長||健康第一|山紫水明|巧言令色|摂理探究|文明開化|老練闊達|謀略家|質実剛健|雄材大略,,step116_9inen_dedup_max_total,23303,23303,step164_verified_normal9,魅力,313
step116_9_魚鱗_000009,STEP116_9INEN_DEDUP_MAX_TOTAL_RESULT,step106_9inen_full_780_dedup_by_hero_set_bond_set_max_total,魚鱗,通常,9,前田利家(雄材)|豊臣秀長|武田晴信|愛姫(起源)|細川藤孝(立役)|今川義元,前田利家(雄材)|豊臣秀長|武田晴信|愛姫(起源)|細川藤孝(立役)|今川義元,謀略家|雄材大略|摂理探究|健康第一|老練闊達|質実剛健|文明開化|山紫水明|巧言令色,謀略家|雄材大略|摂理探究|健康第一|老練闊達|質実剛健|文明開化|山紫水明|巧言令色,15036,4864,157,231,0,719,313,490,509,512,472,ステータス計算済み,step116で9因縁780行を「陣形+配置英傑6人セット+発動因縁セット」で重複除外。同一組内は総合値最大の配置を代表として採用。,STEP116_SELECTED_MAX_TOTAL_FROM_STEP106_RECALCULATED_9INEN,step106で各陣形有効ラインから再計算済みの9因縁行を使用し、重複組では総合値最大の配置を残す,魚鱗||通常||9||今川義元|前田利家(雄材)|愛姫(起源)|武田晴信|細川藤孝(立役)|豊臣秀長||健康第一|山紫水明|巧言令色|摂理探究|文明開化|老練闊達|謀略家|質実剛健|雄材大略,,step116_9inen_dedup_max_total,23303,23303,step164_verified_normal9,魅力,313
step116_9_魚鱗_000012,STEP116_9INEN_DEDUP_MAX_TOTAL_RESULT,step106_9inen_full_780_dedup_by_hero_set_bond_set_max_total,魚鱗,通常,9,武田晴信|高台院|細川藤孝(立役)|今川義元|前田利家|豊臣秀長,武田晴信|高台院|細川藤孝(立役)|今川義元|前田利家|豊臣秀長,健康第一|老練闊達|質実剛健|文明開化|山紫水明|巧言令色|謀略家|雄材大略|摂理探究,健康第一|老練闊達|質実剛健|文明開化|山紫水明|巧言令色|謀略家|雄材大略|摂理探究,15039,4838,145,226,0,723,313,489,507,508,469,ステータス計算済み,step116で9因縁780行を「陣形+配置英傑6人セット+発動因縁セット」で重複除外。同一組内は総合値最大の配置を代表として採用。,STEP116_SELECTED_MAX_TOTAL_FROM_STEP106_RECALCULATED_9INEN,step106で各陣形有効ラインから再計算済みの9因縁行を使用し、重複組では総合値最大の配置を残す,魚鱗||通常||9||今川義元|前田利家|武田晴信|細川藤孝(立役)|豊臣秀長|高台院||健康第一|山紫水明|巧言令色|摂理探究|文明開化|老練闊達|謀略家|質実剛健|雄材大略,,step116_9inen_dedup_max_total,23257,23257,step164_verified_normal9,魅力,313
step116_9_魚鱗_000011,STEP116_9INEN_DEDUP_MAX_TOTAL_RESULT,step106_9inen_full_780_dedup_by_hero_set_bond_set_max_total,魚鱗,通常,9,前田利家(雄材)|豊臣秀長|武田晴信|高台院|細川藤孝(立役)|今川義元,前田利家(雄材)|豊臣秀長|武田晴信|高台院|細川藤孝(立役)|今川義元,謀略家|雄材大略|摂理探究|健康第一|老練闊達|質実剛健|文明開化|山紫水明|巧言令色,謀略家|雄材大略|摂理探究|健康第一|老練闊達|質実剛健|文明開化|山紫水明|巧言令色,15039,4838,145,226,0,723,313,489,507,508,469,ステータス計算済み,step116で9因縁780行を「陣形+配置英傑6人セット+発動因縁セット」で重複除外。同一組内は総合値最大の配置を代表として採用。,STEP116_SELECTED_MAX_TOTAL_FROM_STEP106_RECALCULATED_9INEN,step106で各陣形有効ラインから再計算済みの9因縁行を使用し、重複組では総合値最大の配置を残す,魚鱗||通常||9||今川義元|前田利家(雄材)|武田晴信|細川藤孝(立役)|豊臣秀長|高台院||健康第一|山紫水明|巧言令色|摂理探究|文明開化|老練闊達|謀略家|質実剛健|雄材大略,,step116_9inen_dedup_max_total,23257,23257,step164_verified_normal9,魅力,313
step116_9_魚鱗_000014,STEP116_9INEN_DEDUP_MAX_TOTAL_RESULT,step106_9inen_full_780_dedup_by_hero_set_bond_set_max_total,魚鱗,通常,9,武田晴信|愛姫(起源)|細川藤孝(立役)|今川義元|前田利家|丹羽長秀(風雲),武田晴信|愛姫(起源)|細川藤孝(立役)|今川義元|前田利家|丹羽長秀(風雲),健康第一|老練闊達|質実剛健|文明開化|山紫水明|巧言令色|謀略家|雄材大略|摂理探究,健康第一|老練闊達|質実剛健|文明開化|山紫水明|巧言令色|謀略家|雄材大略|摂理探究,14973,4838,144,231,0,712,313,474,517,517,456,ステータス計算済み,step116で9因縁780行を「陣形+配置英傑6人セット+発動因縁セット」で重複除外。同一組内は総合値最大の配置を代表として採用。,STEP116_SELECTED_MAX_TOTAL_FROM_STEP106_RECALCULATED_9INEN,step106で各陣形有効ラインから再計算済みの9因縁行を使用し、重複組では総合値最大の配置を残す,魚鱗||通常||9||丹羽長秀(風雲)|今川義元|前田利家|愛姫(起源)|武田晴信|細川藤孝(立役)||健康第一|山紫水明|巧言令色|摂理探究|文明開化|老練闊達|謀略家|質実剛健|雄材大略,,step116_9inen_dedup_max_total,23175,23175,step164_verified_normal9,魅力,313
step116_9_魚鱗_000013,STEP116_9INEN_DEDUP_MAX_TOTAL_RESULT,step106_9inen_full_780_dedup_by_hero_set_bond_set_max_total,魚鱗,通常,9,前田利家(雄材)|丹羽長秀(風雲)|武田晴信|愛姫(起源)|細川藤孝(立役)|今川義元,前田利家(雄材)|丹羽長秀(風雲)|武田晴信|愛姫(起源)|細川藤孝(立役)|今川義元,謀略家|雄材大略|摂理探究|健康第一|老練闊達|質実剛健|文明開化|山紫水明|巧言令色,謀略家|雄材大略|摂理探究|健康第一|老練闊達|質実剛健|文明開化|山紫水明|巧言令色,14973,4838,144,231,0,712,313,474,517,517,456,ステータス計算済み,step116で9因縁780行を「陣形+配置英傑6人セット+発動因縁セット」で重複除外。同一組内は総合値最大の配置を代表として採用。,STEP116_SELECTED_MAX_TOTAL_FROM_STEP106_RECALCULATED_9INEN,step106で各陣形有効ラインから再計算済みの9因縁行を使用し、重複組では総合値最大の配置を残す,魚鱗||通常||9||丹羽長秀(風雲)|今川義元|前田利家(雄材)|愛姫(起源)|武田晴信|細川藤孝(立役)||健康第一|山紫水明|巧言令色|摂理探究|文明開化|老練闊達|謀略家|質実剛健|雄材大略,,step116_9inen_dedup_max_total,23175,23175,step164_verified_normal9,魅力,313
step116_9_魚鱗_000016,STEP116_9INEN_DEDUP_MAX_TOTAL_RESULT,step106_9inen_full_780_dedup_by_hero_set_bond_set_max_total,魚鱗,通常,9,武田晴信|愛姫(起源)|細川藤孝(立役)|今川義元|前田利家|竹中半兵衛(右腕),武田晴信|愛姫(起源)|細川藤孝(立役)|今川義元|前田利家|竹中半兵衛(右腕),健康第一|老練闊達|質実剛健|文明開化|山紫水明|巧言令色|謀略家|雄材大略|摂理探究,健康第一|老練闊達|質実剛健|文明開化|山紫水明|巧言令色|謀略家|雄材大略|摂理探究,14808,4896,149,231,0,720,313,502,521,521,484,ステータス計算済み,step116で9因縁780行を「陣形+配置英傑6人セット+発動因縁セット」で重複除外。同一組内は総合値最大の配置を代表として採用。,STEP116_SELECTED_MAX_TOTAL_FROM_STEP106_RECALCULATED_9INEN,step106で各陣形有効ラインから再計算済みの9因縁行を使用し、重複組では総合値最大の配置を残す,魚鱗||通常||9||今川義元|前田利家|愛姫(起源)|武田晴信|竹中半兵衛(右腕)|細川藤孝(立役)||健康第一|山紫水明|巧言令色|摂理探究|文明開化|老練闊達|謀略家|質実剛健|雄材大略,,step116_9inen_dedup_max_total,23145,23145,step164_verified_normal9,魅力,313
step116_9_魚鱗_000015,STEP116_9INEN_DEDUP_MAX_TOTAL_RESULT,step106_9inen_full_780_dedup_by_hero_set_bond_set_max_total,魚鱗,通常,9,前田利家(雄材)|竹中半兵衛(右腕)|武田晴信|愛姫(起源)|細川藤孝(立役)|今川義元,前田利家(雄材)|竹中半兵衛(右腕)|武田晴信|愛姫(起源)|細川藤孝(立役)|今川義元,謀略家|雄材大略|摂理探究|健康第一|老練闊達|質実剛健|文明開化|山紫水明|巧言令色,謀略家|雄材大略|摂理探究|健康第一|老練闊達|質実剛健|文明開化|山紫水明|巧言令色,14808,4896,149,231,0,720,313,502,521,521,484,ステータス計算済み,step116で9因縁780行を「陣形+配置英傑6人セット+発動因縁セット」で重複除外。同一組内は総合値最大の配置を代表として採用。,STEP116_SELECTED_MAX_TOTAL_FROM_STEP106_RECALCULATED_9INEN,step106で各陣形有効ラインから再計算済みの9因縁行を使用し、重複組では総合値最大の配置を残す,魚鱗||通常||9||今川義元|前田利家(雄材)|愛姫(起源)|武田晴信|竹中半兵衛(右腕)|細川藤孝(立役)||健康第一|山紫水明|巧言令色|摂理探究|文明開化|老練闊達|謀略家|質実剛健|雄材大略,,step116_9inen_dedup_max_total,23145,23145,step164_verified_normal9,魅力,313
step116_9_魚鱗_000018,STEP116_9INEN_DEDUP_MAX_TOTAL_RESULT,step106_9inen_full_780_dedup_by_hero_set_bond_set_max_total,魚鱗,通常,9,武田晴信|高台院|細川藤孝(立役)|今川義元|前田利家|丹羽長秀(風雲),武田晴信|高台院|細川藤孝(立役)|今川義元|前田利家|丹羽長秀(風雲),健康第一|老練闊達|質実剛健|文明開化|山紫水明|巧言令色|謀略家|雄材大略|摂理探究,健康第一|老練闊達|質実剛健|文明開化|山紫水明|巧言令色|謀略家|雄材大略|摂理探究,14976,4813,132,226,0,716,313,473,515,513,453,ステータス計算済み,step116で9因縁780行を「陣形+配置英傑6人セット+発動因縁セット」で重複除外。同一組内は総合値最大の配置を代表として採用。,STEP116_SELECTED_MAX_TOTAL_FROM_STEP106_RECALCULATED_9INEN,step106で各陣形有効ラインから再計算済みの9因縁行を使用し、重複組では総合値最大の配置を残す,魚鱗||通常||9||丹羽長秀(風雲)|今川義元|前田利家|武田晴信|細川藤孝(立役)|高台院||健康第一|山紫水明|巧言令色|摂理探究|文明開化|老練闊達|謀略家|質実剛健|雄材大略,,step116_9inen_dedup_max_total,23130,23130,step164_verified_normal9,魅力,313
step116_9_魚鱗_000017,STEP116_9INEN_DEDUP_MAX_TOTAL_RESULT,step106_9inen_full_780_dedup_by_hero_set_bond_set_max_total,魚鱗,通常,9,前田利家(雄材)|丹羽長秀(風雲)|武田晴信|高台院|細川藤孝(立役)|今川義元,前田利家(雄材)|丹羽長秀(風雲)|武田晴信|高台院|細川藤孝(立役)|今川義元,謀略家|雄材大略|摂理探究|健康第一|老練闊達|質実剛健|文明開化|山紫水明|巧言令色,謀略家|雄材大略|摂理探究|健康第一|老練闊達|質実剛健|文明開化|山紫水明|巧言令色,14976,4813,132,226,0,716,313,473,515,513,453,ステータス計算済み,step116で9因縁780行を「陣形+配置英傑6人セット+発動因縁セット」で重複除外。同一組内は総合値最大の配置を代表として採用。,STEP116_SELECTED_MAX_TOTAL_FROM_STEP106_RECALCULATED_9INEN,step106で各陣形有効ラインから再計算済みの9因縁行を使用し、重複組では総合値最大の配置を残す,魚鱗||通常||9||丹羽長秀(風雲)|今川義元|前田利家(雄材)|武田晴信|細川藤孝(立役)|高台院||健康第一|山紫水明|巧言令色|摂理探究|文明開化|老練闊達|謀略家|質実剛健|雄材大略,,step116_9inen_dedup_max_total,23130,23130,step164_verified_normal9,魅力,313
step116_9_魚鱗_000020,STEP116_9INEN_DEDUP_MAX_TOTAL_RESULT,step106_9inen_full_780_dedup_by_hero_set_bond_set_max_total,魚鱗,通常,9,武田晴信|高台院|細川藤孝(立役)|今川義元|前田利家|竹中半兵衛(右腕),武田晴信|高台院|細川藤孝(立役)|今川義元|前田利家|竹中半兵衛(右腕),健康第一|老練闊達|質実剛健|文明開化|山紫水明|巧言令色|謀略家|雄材大略|摂理探究,健康第一|老練闊達|質実剛健|文明開化|山紫水明|巧言令色|謀略家|雄材大略|摂理探究,14811,4870,137,226,0,724,313,501,519,517,481,ステータス計算済み,step116で9因縁780行を「陣形+配置英傑6人セット+発動因縁セット」で重複除外。同一組内は総合値最大の配置を代表として採用。,STEP116_SELECTED_MAX_TOTAL_FROM_STEP106_RECALCULATED_9INEN,step106で各陣形有効ラインから再計算済みの9因縁行を使用し、重複組では総合値最大の配置を残す,魚鱗||通常||9||今川義元|前田利家|武田晴信|竹中半兵衛(右腕)|細川藤孝(立役)|高台院||健康第一|山紫水明|巧言令色|摂理探究|文明開化|老練闊達|謀略家|質実剛健|雄材大略,,step116_9inen_dedup_max_total,23099,23099,step164_verified_normal9,魅力,313
step116_9_魚鱗_000019,STEP116_9INEN_DEDUP_MAX_TOTAL_RESULT,step106_9inen_full_780_dedup_by_hero_set_bond_set_max_total,魚鱗,通常,9,前田利家(雄材)|竹中半兵衛(右腕)|武田晴信|高台院|細川藤孝(立役)|今川義元,前田利家(雄材)|竹中半兵衛(右腕)|武田晴信|高台院|細川藤孝(立役)|今川義元,謀略家|雄材大略|摂理探究|健康第一|老練闊達|質実剛健|文明開化|山紫水明|巧言令色,謀略家|雄材大略|摂理探究|健康第一|老練闊達|質実剛健|文明開化|山紫水明|巧言令色,14811,4870,137,226,0,724,313,501,519,517,481,ステータス計算済み,step116で9因縁780行を「陣形+配置英傑6人セット+発動因縁セット」で重複除外。同一組内は総合値最大の配置を代表として採用。,STEP116_SELECTED_MAX_TOTAL_FROM_STEP106_RECALCULATED_9INEN,step106で各陣形有効ラインから再計算済みの9因縁行を使用し、重複組では総合値最大の配置を残す,魚鱗||通常||9||今川義元|前田利家(雄材)|武田晴信|竹中半兵衛(右腕)|細川藤孝(立役)|高台院||健康第一|山紫水明|巧言令色|摂理探究|文明開化|老練闊達|謀略家|質実剛健|雄材大略,,step116_9inen_dedup_max_total,23099,23099,step164_verified_normal9,魅力,313
step116_9_魚鱗_000046,STEP116_9INEN_DEDUP_MAX_TOTAL_RESULT,step106_9inen_full_780_dedup_by_hero_set_bond_set_max_total,魚鱗,通常,9,北条氏照(剛柔)|金森長近|雑賀孫市(道化)|黒田長政|黒田官兵衛|鍋島直茂(乱雲),北条氏照(剛柔)|金森長近|雑賀孫市(道化)|黒田長政|黒田官兵衛|鍋島直茂(乱雲),文明開化|技巧伝承|知勇兼備|才腕の絆|硝煙弾雨|多芸多才|知将の絆|立役者|柔能制剛,文明開化|技巧伝承|知勇兼備|才腕の絆|硝煙弾雨|多芸多才|知将の絆|立役者|柔能制剛,11606,3272,161,123,696,703,312,506,583,521,502,ステータス計算済み,step116で9因縁780行を「陣形+配置英傑6人セット+発動因縁セット」で重複除外。同一組内は総合値最大の配置を代表として採用。,STEP116_SELECTED_MAX_TOTAL_FROM_STEP106_RECALCULATED_9INEN,step106で各陣形有効ラインから再計算済みの9因縁行を使用し、重複組では総合値最大の配置を残す,魚鱗||通常||9||北条氏照(剛柔)|金森長近|鍋島直茂(乱雲)|雑賀孫市(道化)|黒田官兵衛|黒田長政||多芸多才|才腕の絆|技巧伝承|文明開化|柔能制剛|知勇兼備|知将の絆|硝煙弾雨|立役者,,step116_9inen_dedup_max_total,18985,18985,step164_verified_normal9,魅力,312
step116_9_魚鱗_000047,STEP116_9INEN_DEDUP_MAX_TOTAL_RESULT,step106_9inen_full_780_dedup_by_hero_set_bond_set_max_total,魚鱗,通常,9,北条氏照(剛柔)|金森長近|雑賀孫市(道化)|黒田長政|黒田官兵衛|豊臣秀長,北条氏照(剛柔)|金森長近|雑賀孫市(道化)|黒田長政|黒田官兵衛|豊臣秀長,文明開化|技巧伝承|知勇兼備|才腕の絆|硝煙弾雨|多芸多才|知将の絆|立役者|柔能制剛,文明開化|技巧伝承|知勇兼備|才腕の絆|硝煙弾雨|多芸多才|知将の絆|立役者|柔能制剛,11393,3272,161,123,694,707,312,511,585,529,504,ステータス計算済み,step116で9因縁780行を「陣形+配置英傑6人セット+発動因縁セット」で重複除外。同一組内は総合値最大の配置を代表として採用。,STEP116_SELECTED_MAX_TOTAL_FROM_STEP106_RECALCULATED_9INEN,step106で各陣形有効ラインから再計算済みの9因縁行を使用し、重複組では総合値最大の配置を残す,魚鱗||通常||9||北条氏照(剛柔)|豊臣秀長|金森長近|雑賀孫市(道化)|黒田官兵衛|黒田長政||多芸多才|才腕の絆|技巧伝承|文明開化|柔能制剛|知勇兼備|知将の絆|硝煙弾雨|立役者,,step116_9inen_dedup_max_total,18791,18791,step164_verified_normal9,魅力,312
step116_9_魚鱗_000050,STEP116_9INEN_DEDUP_MAX_TOTAL_RESULT,step106_9inen_full_780_dedup_by_hero_set_bond_set_max_total,魚鱗,通常,9,北条氏照(剛柔)|金森長近|雑賀孫市(道化)|大久保忠世|黒田官兵衛|鍋島直茂(乱雲),北条氏照(剛柔)|金森長近|雑賀孫市(道化)|大久保忠世|黒田官兵衛|鍋島直茂(乱雲),文明開化|技巧伝承|知勇兼備|才腕の絆|硝煙弾雨|多芸多才|知将の絆|立役者|柔能制剛,文明開化|技巧伝承|知勇兼備|才腕の絆|硝煙弾雨|多芸多才|知将の絆|立役者|柔能制剛,11367,3232,157,118,690,691,306,477,555,488,476,ステータス計算済み,step116で9因縁780行を「陣形+配置英傑6人セット+発動因縁セット」で重複除外。同一組内は総合値最大の配置を代表として採用。,STEP116_SELECTED_MAX_TOTAL_FROM_STEP106_RECALCULATED_9INEN,step106で各陣形有効ラインから再計算済みの9因縁行を使用し、重複組では総合値最大の配置を残す,魚鱗||通常||9||北条氏照(剛柔)|大久保忠世|金森長近|鍋島直茂(乱雲)|雑賀孫市(道化)|黒田官兵衛||多芸多才|才腕の絆|技巧伝承|文明開化|柔能制剛|知勇兼備|知将の絆|硝煙弾雨|立役者,,step116_9inen_dedup_max_total,18557,18557,step164_verified_normal9,魅力,306
step116_9_魚鱗_000053,STEP116_9INEN_DEDUP_MAX_TOTAL_RESULT,step106_9inen_full_780_dedup_by_hero_set_bond_set_max_total,魚鱗,通常,9,北条氏照(剛柔)|金森長近|雑賀孫市(道化)|大久保忠世|黒田官兵衛|豊臣秀長,北条氏照(剛柔)|金森長近|雑賀孫市(道化)|大久保忠世|黒田官兵衛|豊臣秀長,文明開化|技巧伝承|知勇兼備|才腕の絆|硝煙弾雨|多芸多才|知将の絆|立役者|柔能制剛,文明開化|技巧伝承|知勇兼備|才腕の絆|硝煙弾雨|多芸多才|知将の絆|立役者|柔能制剛,11154,3232,157,118,688,695,306,482,557,496,478,ステータス計算済み,step116で9因縁780行を「陣形+配置英傑6人セット+発動因縁セット」で重複除外。同一組内は総合値最大の配置を代表として採用。,STEP116_SELECTED_MAX_TOTAL_FROM_STEP106_RECALCULATED_9INEN,step106で各陣形有効ラインから再計算済みの9因縁行を使用し、重複組では総合値最大の配置を残す,魚鱗||通常||9||北条氏照(剛柔)|大久保忠世|豊臣秀長|金森長近|雑賀孫市(道化)|黒田官兵衛||多芸多才|才腕の絆|技巧伝承|文明開化|柔能制剛|知勇兼備|知将の絆|硝煙弾雨|立役者,,step116_9inen_dedup_max_total,18363,18363,step164_verified_normal9,魅力,306
step116_9_魚鱗_000028,STEP116_9INEN_DEDUP_MAX_TOTAL_RESULT,step106_9inen_full_780_dedup_by_hero_set_bond_set_max_total,魚鱗,通常,9,長野業正|山中鹿之介|島左近|細川忠興(山紫)|明智光秀(闇)|小松姫,長野業正|山中鹿之介|島左近|細川忠興(山紫)|明智光秀(闇)|小松姫,侍|根性の絆|もののふ|泰然自若|鬼の絆|流行創出|戦場の華|老練闊達|勇猛果敢,侍|根性の絆|もののふ|泰然自若|鬼の絆|流行創出|戦場の華|老練闊達|勇猛果敢,14897,3081,668,489,104,137,254,421,458,473,447,ステータス計算済み,step116で9因縁780行を「陣形+配置英傑6人セット+発動因縁セット」で重複除外。同一組内は総合値最大の配置を代表として採用。,STEP116_SELECTED_MAX_TOTAL_FROM_STEP106_RECALCULATED_9INEN,step106で各陣形有効ラインから再計算済みの9因縁行を使用し、重複組では総合値最大の配置を残す,魚鱗||通常||9||小松姫|山中鹿之介|島左近|明智光秀(闇)|細川忠興(山紫)|長野業正||もののふ|侍|勇猛果敢|戦場の華|根性の絆|泰然自若|流行創出|老練闊達|鬼の絆,,step116_9inen_dedup_max_total,21429,21429,step164_verified_normal9,魅力,254
step116_9_魚鱗_000031,STEP116_9INEN_DEDUP_MAX_TOTAL_RESULT,step106_9inen_full_780_dedup_by_hero_set_bond_set_max_total,魚鱗,通常,9,長野業正|山中鹿之介|島左近|豊臣秀次|明智光秀(闇)|小松姫,長野業正|山中鹿之介|島左近|豊臣秀次|明智光秀(闇)|小松姫,侍|根性の絆|もののふ|泰然自若|謀略家|流行創出|戦場の華|老練闊達|勇猛果敢,侍|根性の絆|もののふ|泰然自若|謀略家|流行創出|戦場の華|老練闊達|勇猛果敢,14515,2995,466,342,104,277,254,397,422,445,418,ステータス計算済み,step116で9因縁780行を「陣形+配置英傑6人セット+発動因縁セット」で重複除外。同一組内は総合値最大の配置を代表として採用。,STEP116_SELECTED_MAX_TOTAL_FROM_STEP106_RECALCULATED_9INEN,step106で各陣形有効ラインから再計算済みの9因縁行を使用し、重複組では総合値最大の配置を残す,魚鱗||通常||9||小松姫|山中鹿之介|島左近|明智光秀(闇)|豊臣秀次|長野業正||もののふ|侍|勇猛果敢|戦場の華|根性の絆|泰然自若|流行創出|老練闊達|謀略家,,step116_9inen_dedup_max_total,20635,20635,step164_verified_normal9,魅力,254
step116_9_魚鱗_000033,STEP116_9INEN_DEDUP_MAX_TOTAL_RESULT,step106_9inen_full_780_dedup_by_hero_set_bond_set_max_total,魚鱗,通常,9,山中鹿之介|島左近|長野業正|明智光秀(闇)|小松姫|伊達政宗(起源),山中鹿之介|島左近|長野業正|明智光秀(闇)|小松姫|伊達政宗(起源),侍|根性の絆|もののふ|泰然自若|戦場の華|老練闊達|勇猛果敢|武芸の絆|意気衝天,侍|根性の絆|もののふ|泰然自若|戦場の華|老練闊達|勇猛果敢|武芸の絆|意気衝天,14439,3655,559,392,225,110,254,210,217,243,222,ステータス計算済み,step116で9因縁780行を「陣形+配置英傑6人セット+発動因縁セット」で重複除外。同一組内は総合値最大の配置を代表として採用。,STEP116_SELECTED_MAX_TOTAL_FROM_STEP106_RECALCULATED_9INEN,step106で各陣形有効ラインから再計算済みの9因縁行を使用し、重複組では総合値最大の配置を残す,魚鱗||通常||9||伊達政宗(起源)|小松姫|山中鹿之介|島左近|明智光秀(闇)|長野業正||もののふ|侍|勇猛果敢|意気衝天|戦場の華|根性の絆|武芸の絆|泰然自若|老練闊達,,step116_9inen_dedup_max_total,20526,20526,step164_verified_normal9,魅力,254
step116_9_魚鱗_000037,STEP116_9INEN_DEDUP_MAX_TOTAL_RESULT,step106_9inen_full_780_dedup_by_hero_set_bond_set_max_total,魚鱗,通常,9,山中鹿之介|島左近|長野業正|明智光秀(闇)|小松姫|十河一存,山中鹿之介|島左近|長野業正|明智光秀(闇)|小松姫|十河一存,侍|根性の絆|もののふ|泰然自若|戦場の華|老練闊達|勇猛果敢|武芸の絆|意気衝天,侍|根性の絆|もののふ|泰然自若|戦場の華|老練闊達|勇猛果敢|武芸の絆|意気衝天,13961,3406,548,385,207,97,254,210,217,243,222,ステータス計算済み,step116で9因縁780行を「陣形+配置英傑6人セット+発動因縁セット」で重複除外。同一組内は総合値最大の配置を代表として採用。,STEP116_SELECTED_MAX_TOTAL_FROM_STEP106_RECALCULATED_9INEN,step106で各陣形有効ラインから再計算済みの9因縁行を使用し、重複組では総合値最大の配置を残す,魚鱗||通常||9||十河一存|小松姫|山中鹿之介|島左近|明智光秀(闇)|長野業正||もののふ|侍|勇猛果敢|意気衝天|戦場の華|根性の絆|武芸の絆|泰然自若|老練闊達,,step116_9inen_dedup_max_total,19750,19750,step164_verified_normal9,魅力,254
step116_9_魚鱗_000038,STEP116_9INEN_DEDUP_MAX_TOTAL_RESULT,step106_9inen_full_780_dedup_by_hero_set_bond_set_max_total,魚鱗,通常,9,山中鹿之介|島左近|長野業正|明智光秀(闇)|小松姫|井伊直政,山中鹿之介|島左近|長野業正|明智光秀(闇)|小松姫|井伊直政,侍|根性の絆|もののふ|泰然自若|戦場の華|老練闊達|勇猛果敢|武芸の絆|意気衝天,侍|根性の絆|もののふ|泰然自若|戦場の華|老練闊達|勇猛果敢|武芸の絆|意気衝天,13961,3406,547,386,203,97,254,210,217,243,222,ステータス計算済み,step116で9因縁780行を「陣形+配置英傑6人セット+発動因縁セット」で重複除外。同一組内は総合値最大の配置を代表として採用。,STEP116_SELECTED_MAX_TOTAL_FROM_STEP106_RECALCULATED_9INEN,step106で各陣形有効ラインから再計算済みの9因縁行を使用し、重複組では総合値最大の配置を残す,魚鱗||通常||9||井伊直政|小松姫|山中鹿之介|島左近|明智光秀(闇)|長野業正||もののふ|侍|勇猛果敢|意気衝天|戦場の華|根性の絆|武芸の絆|泰然自若|老練闊達,,step116_9inen_dedup_max_total,19746,19746,step164_verified_normal9,魅力,254
step116_9_魚鱗_000029,STEP116_9INEN_DEDUP_MAX_TOTAL_RESULT,step106_9inen_full_780_dedup_by_hero_set_bond_set_max_total,魚鱗,通常,9,長野業正|山県昌景(泰然)|島左近|細川忠興(山紫)|明智光秀(闇)|小松姫,長野業正|山県昌景(泰然)|島左近|細川忠興(山紫)|明智光秀(闇)|小松姫,侍|根性の絆|もののふ|泰然自若|鬼の絆|流行創出|戦場の華|老練闊達|勇猛果敢,侍|根性の絆|もののふ|泰然自若|鬼の絆|流行創出|戦場の華|老練闊達|勇猛果敢,14844,3061,666,489,104,137,248,428,465,470,452,ステータス計算済み,step116で9因縁780行を「陣形+配置英傑6人セット+発動因縁セット」で重複除外。同一組内は総合値最大の配置を代表として採用。,STEP116_SELECTED_MAX_TOTAL_FROM_STEP106_RECALCULATED_9INEN,step106で各陣形有効ラインから再計算済みの9因縁行を使用し、重複組では総合値最大の配置を残す,魚鱗||通常||9||小松姫|山県昌景(泰然)|島左近|明智光秀(闇)|細川忠興(山紫)|長野業正||もののふ|侍|勇猛果敢|戦場の華|根性の絆|泰然自若|流行創出|老練闊達|鬼の絆,,step116_9inen_dedup_max_total,21364,21364,step164_verified_normal9,魅力,248
step116_9_魚鱗_000032,STEP116_9INEN_DEDUP_MAX_TOTAL_RESULT,step106_9inen_full_780_dedup_by_hero_set_bond_set_max_total,魚鱗,通常,9,長野業正|山県昌景(泰然)|島左近|豊臣秀次|明智光秀(闇)|小松姫,長野業正|山県昌景(泰然)|島左近|豊臣秀次|明智光秀(闇)|小松姫,侍|根性の絆|もののふ|泰然自若|謀略家|流行創出|戦場の華|老練闊達|勇猛果敢,侍|根性の絆|もののふ|泰然自若|謀略家|流行創出|戦場の華|老練闊達|勇猛果敢,14462,2975,464,342,104,277,248,404,429,442,423,ステータス計算済み,step116で9因縁780行を「陣形+配置英傑6人セット+発動因縁セット」で重複除外。同一組内は総合値最大の配置を代表として採用。,STEP116_SELECTED_MAX_TOTAL_FROM_STEP106_RECALCULATED_9INEN,step106で各陣形有効ラインから再計算済みの9因縁行を使用し、重複組では総合値最大の配置を残す,魚鱗||通常||9||小松姫|山県昌景(泰然)|島左近|明智光秀(闇)|豊臣秀次|長野業正||もののふ|侍|勇猛果敢|戦場の華|根性の絆|泰然自若|流行創出|老練闊達|謀略家,,step116_9inen_dedup_max_total,20570,20570,step164_verified_normal9,魅力,248
step116_9_魚鱗_000034,STEP116_9INEN_DEDUP_MAX_TOTAL_RESULT,step106_9inen_full_780_dedup_by_hero_set_bond_set_max_total,魚鱗,通常,9,山県昌景(泰然)|島左近|長野業正|明智光秀(闇)|小松姫|伊達政宗(起源),山県昌景(泰然)|島左近|長野業正|明智光秀(闇)|小松姫|伊達政宗(起源),侍|根性の絆|もののふ|泰然自若|戦場の華|老練闊達|勇猛果敢|武芸の絆|意気衝天,侍|根性の絆|もののふ|泰然自若|戦場の華|老練闊達|勇猛果敢|武芸の絆|意気衝天,14359,3561,556,392,221,110,248,217,224,240,227,ステータス計算済み,step116で9因縁780行を「陣形+配置英傑6人セット+発動因縁セット」で重複除外。同一組内は総合値最大の配置を代表として採用。,STEP116_SELECTED_MAX_TOTAL_FROM_STEP106_RECALCULATED_9INEN,step106で各陣形有効ラインから再計算済みの9因縁行を使用し、重複組では総合値最大の配置を残す,魚鱗||通常||9||伊達政宗(起源)|小松姫|山県昌景(泰然)|島左近|明智光秀(闇)|長野業正||もののふ|侍|勇猛果敢|意気衝天|戦場の華|根性の絆|武芸の絆|泰然自若|老練闊達,,step116_9inen_dedup_max_total,20355,20355,step164_verified_normal9,魅力,248
step116_9_魚鱗_000039,STEP116_9INEN_DEDUP_MAX_TOTAL_RESULT,step106_9inen_full_780_dedup_by_hero_set_bond_set_max_total,魚鱗,通常,9,山県昌景(泰然)|島左近|長野業正|明智光秀(闇)|小松姫|十河一存,山県昌景(泰然)|島左近|長野業正|明智光秀(闇)|小松姫|十河一存,侍|根性の絆|もののふ|泰然自若|戦場の華|老練闊達|勇猛果敢|武芸の絆|意気衝天,侍|根性の絆|もののふ|泰然自若|戦場の華|老練闊達|勇猛果敢|武芸の絆|意気衝天,13882,3313,545,385,203,96,248,217,224,240,227,ステータス計算済み,step116で9因縁780行を「陣形+配置英傑6人セット+発動因縁セット」で重複除外。同一組内は総合値最大の配置を代表として採用。,STEP116_SELECTED_MAX_TOTAL_FROM_STEP106_RECALCULATED_9INEN,step106で各陣形有効ラインから再計算済みの9因縁行を使用し、重複組では総合値最大の配置を残す,魚鱗||通常||9||十河一存|小松姫|山県昌景(泰然)|島左近|明智光秀(闇)|長野業正||もののふ|侍|勇猛果敢|意気衝天|戦場の華|根性の絆|武芸の絆|泰然自若|老練闊達,,step116_9inen_dedup_max_total,19580,19580,step164_verified_normal9,魅力,248
step116_9_魚鱗_000040,STEP116_9INEN_DEDUP_MAX_TOTAL_RESULT,step106_9inen_full_780_dedup_by_hero_set_bond_set_max_total,魚鱗,通常,9,山県昌景(泰然)|島左近|長野業正|明智光秀(闇)|小松姫|井伊直政,山県昌景(泰然)|島左近|長野業正|明智光秀(闇)|小松姫|井伊直政,侍|根性の絆|もののふ|泰然自若|戦場の華|老練闊達|勇猛果敢|武芸の絆|意気衝天,侍|根性の絆|もののふ|泰然自若|戦場の華|老練闊達|勇猛果敢|武芸の絆|意気衝天,13882,3313,544,386,199,96,248,217,224,240,227,ステータス計算済み,step116で9因縁780行を「陣形+配置英傑6人セット+発動因縁セット」で重複除外。同一組内は総合値最大の配置を代表として採用。,STEP116_SELECTED_MAX_TOTAL_FROM_STEP106_RECALCULATED_9INEN,step106で各陣形有効ラインから再計算済みの9因縁行を使用し、重複組では総合値最大の配置を残す,魚鱗||通常||9||井伊直政|小松姫|山県昌景(泰然)|島左近|明智光秀(闇)|長野業正||もののふ|侍|勇猛果敢|意気衝天|戦場の華|根性の絆|武芸の絆|泰然自若|老練闊達,,step116_9inen_dedup_max_total,19576,19576,step164_verified_normal9,魅力,248
step116_9_魚鱗_000021,STEP116_9INEN_DEDUP_MAX_TOTAL_RESULT,step106_9inen_full_780_dedup_by_hero_set_bond_set_max_total,魚鱗,通常,9,山中鹿之介|吉川元春|井伊直虎|宮本武蔵(涼)|島左近|長野業正,山中鹿之介|吉川元春|井伊直虎|宮本武蔵(涼)|島左近|長野業正,猛将の絆|勇猛果敢|意気衝天|軍学の絆|豪傑|侍|根性の絆|もののふ|泰然自若,猛将の絆|勇猛果敢|意気衝天|軍学の絆|豪傑|侍|根性の絆|もののふ|泰然自若,16076,4022,806,411,192,149,204,210,217,243,222,ステータス計算済み,step116で9因縁780行を「陣形+配置英傑6人セット+発動因縁セット」で重複除外。同一組内は総合値最大の配置を代表として採用。,STEP116_SELECTED_MAX_TOTAL_FROM_STEP106_RECALCULATED_9INEN,step106で各陣形有効ラインから再計算済みの9因縁行を使用し、重複組では総合値最大の配置を残す,魚鱗||通常||9||井伊直虎|吉川元春|宮本武蔵(涼)|山中鹿之介|島左近|長野業正||もののふ|侍|勇猛果敢|意気衝天|根性の絆|泰然自若|猛将の絆|豪傑|軍学の絆,,step116_9inen_dedup_max_total,22752,22752,step164_verified_normal9,魅力,204
step116_9_魚鱗_000022,STEP116_9INEN_DEDUP_MAX_TOTAL_RESULT,step106_9inen_full_780_dedup_by_hero_set_bond_set_max_total,魚鱗,通常,9,山中鹿之介|長野業正|島左近|山県昌景|井伊直虎|吉川元春,山中鹿之介|長野業正|島左近|山県昌景|井伊直虎|吉川元春,侍|根性の絆|もののふ|泰然自若|軍学の絆|豪傑|猛将の絆|勇猛果敢|意気衝天,侍|根性の絆|もののふ|泰然自若|軍学の絆|豪傑|猛将の絆|勇猛果敢|意気衝天,15788,4022,781,403,192,144,197,210,217,243,222,ステータス計算済み,step116で9因縁780行を「陣形+配置英傑6人セット+発動因縁セット」で重複除外。同一組内は総合値最大の配置を代表として採用。,STEP116_SELECTED_MAX_TOTAL_FROM_STEP106_RECALCULATED_9INEN,step106で各陣形有効ラインから再計算済みの9因縁行を使用し、重複組では総合値最大の配置を残す,魚鱗||通常||9||井伊直虎|吉川元春|山中鹿之介|山県昌景|島左近|長野業正||もののふ|侍|勇猛果敢|意気衝天|根性の絆|泰然自若|猛将の絆|豪傑|軍学の絆,,step116_9inen_dedup_max_total,22419,22419,step164_verified_normal9,魅力,197
step116_9_魚鱗_000025,STEP116_9INEN_DEDUP_MAX_TOTAL_RESULT,step106_9inen_full_780_dedup_by_hero_set_bond_set_max_total,魚鱗,通常,9,山中鹿之介|吉川元春|井伊直虎|柿崎景家|島左近|長野業正,山中鹿之介|吉川元春|井伊直虎|柿崎景家|島左近|長野業正,猛将の絆|勇猛果敢|意気衝天|軍学の絆|豪傑|侍|根性の絆|もののふ|泰然自若,猛将の絆|勇猛果敢|意気衝天|軍学の絆|豪傑|侍|根性の絆|もののふ|泰然自若,15696,4022,784,402,192,144,197,210,217,243,222,ステータス計算済み,step116で9因縁780行を「陣形+配置英傑6人セット+発動因縁セット」で重複除外。同一組内は総合値最大の配置を代表として採用。,STEP116_SELECTED_MAX_TOTAL_FROM_STEP106_RECALCULATED_9INEN,step106で各陣形有効ラインから再計算済みの9因縁行を使用し、重複組では総合値最大の配置を残す,魚鱗||通常||9||井伊直虎|吉川元春|山中鹿之介|島左近|柿崎景家|長野業正||もののふ|侍|勇猛果敢|意気衝天|根性の絆|泰然自若|猛将の絆|豪傑|軍学の絆,,step116_9inen_dedup_max_total,22329,22329,step164_verified_normal9,魅力,197
step116_9_魚鱗_000036,STEP116_9INEN_DEDUP_MAX_TOTAL_RESULT,step106_9inen_full_780_dedup_by_hero_set_bond_set_max_total,魚鱗,通常,9,豊臣秀長|北条氏照(剛柔)|豊臣秀次|細川藤孝(立役)|前田利家|武田晴信,豊臣秀長|北条氏照(剛柔)|豊臣秀次|細川藤孝(立役)|前田利家|武田晴信,知将の絆|立役者|技巧伝承|柔能制剛|文明開化|山紫水明|謀略家|雄材大略|摂理探究,知将の絆|立役者|技巧伝承|柔能制剛|文明開化|山紫水明|謀略家|雄材大略|摂理探究,14832,899,83,0,293,1068,158,641,619,659,618,ステータス計算済み,step116で9因縁780行を「陣形+配置英傑6人セット+発動因縁セット」で重複除外。同一組内は総合値最大の配置を代表として採用。,STEP116_SELECTED_MAX_TOTAL_FROM_STEP106_RECALCULATED_9INEN,step106で各陣形有効ラインから再計算済みの9因縁行を使用し、重複組では総合値最大の配置を残す,魚鱗||通常||9||前田利家|北条氏照(剛柔)|武田晴信|細川藤孝(立役)|豊臣秀次|豊臣秀長||山紫水明|技巧伝承|摂理探究|文明開化|柔能制剛|知将の絆|立役者|謀略家|雄材大略,,step116_9inen_dedup_max_total,19870,19870,step164_verified_normal9,魅力,158
step116_9_魚鱗_000035,STEP116_9INEN_DEDUP_MAX_TOTAL_RESULT,step106_9inen_full_780_dedup_by_hero_set_bond_set_max_total,魚鱗,通常,9,豊臣秀長|武田晴信|前田利家(雄材)|細川藤孝(立役)|豊臣秀次|北条氏照(剛柔),豊臣秀長|武田晴信|前田利家(雄材)|細川藤孝(立役)|豊臣秀次|北条氏照(剛柔),謀略家|雄材大略|摂理探究|文明開化|山紫水明|知将の絆|立役者|技巧伝承|柔能制剛,謀略家|雄材大略|摂理探究|文明開化|山紫水明|知将の絆|立役者|技巧伝承|柔能制剛,14832,899,83,0,293,1068,158,641,619,659,618,ステータス計算済み,step116で9因縁780行を「陣形+配置英傑6人セット+発動因縁セット」で重複除外。同一組内は総合値最大の配置を代表として採用。,STEP116_SELECTED_MAX_TOTAL_FROM_STEP106_RECALCULATED_9INEN,step106で各陣形有効ラインから再計算済みの9因縁行を使用し、重複組では総合値最大の配置を残す,魚鱗||通常||9||前田利家(雄材)|北条氏照(剛柔)|武田晴信|細川藤孝(立役)|豊臣秀次|豊臣秀長||山紫水明|技巧伝承|摂理探究|文明開化|柔能制剛|知将の絆|立役者|謀略家|雄材大略,,step116_9inen_dedup_max_total,19870,19870,step164_verified_normal9,魅力,158
step116_9_魚鱗_000043,STEP116_9INEN_DEDUP_MAX_TOTAL_RESULT,step106_9inen_full_780_dedup_by_hero_set_bond_set_max_total,魚鱗,通常,9,豊臣秀長|北条氏照(剛柔)|豊臣秀次|細川藤孝(立役)|前田利家|上杉憲政,豊臣秀長|北条氏照(剛柔)|豊臣秀次|細川藤孝(立役)|前田利家|上杉憲政,知将の絆|立役者|技巧伝承|柔能制剛|文明開化|山紫水明|謀略家|雄材大略|摂理探究,知将の絆|立役者|技巧伝承|柔能制剛|文明開化|山紫水明|謀略家|雄材大略|摂理探究,14490,861,86,0,293,998,158,609,593,632,592,ステータス計算済み,step116で9因縁780行を「陣形+配置英傑6人セット+発動因縁セット」で重複除外。同一組内は総合値最大の配置を代表として採用。,STEP116_SELECTED_MAX_TOTAL_FROM_STEP106_RECALCULATED_9INEN,step106で各陣形有効ラインから再計算済みの9因縁行を使用し、重複組では総合値最大の配置を残す,魚鱗||通常||9||上杉憲政|前田利家|北条氏照(剛柔)|細川藤孝(立役)|豊臣秀次|豊臣秀長||山紫水明|技巧伝承|摂理探究|文明開化|柔能制剛|知将の絆|立役者|謀略家|雄材大略,,step116_9inen_dedup_max_total,19312,19312,step164_verified_normal9,魅力,158
step116_9_魚鱗_000042,STEP116_9INEN_DEDUP_MAX_TOTAL_RESULT,step106_9inen_full_780_dedup_by_hero_set_bond_set_max_total,魚鱗,通常,9,豊臣秀長|上杉憲政|前田利家(雄材)|細川藤孝(立役)|豊臣秀次|北条氏照(剛柔),豊臣秀長|上杉憲政|前田利家(雄材)|細川藤孝(立役)|豊臣秀次|北条氏照(剛柔),謀略家|雄材大略|摂理探究|文明開化|山紫水明|知将の絆|立役者|技巧伝承|柔能制剛,謀略家|雄材大略|摂理探究|文明開化|山紫水明|知将の絆|立役者|技巧伝承|柔能制剛,14490,861,86,0,293,998,158,609,593,632,592,ステータス計算済み,step116で9因縁780行を「陣形+配置英傑6人セット+発動因縁セット」で重複除外。同一組内は総合値最大の配置を代表として採用。,STEP116_SELECTED_MAX_TOTAL_FROM_STEP106_RECALCULATED_9INEN,step106で各陣形有効ラインから再計算済みの9因縁行を使用し、重複組では総合値最大の配置を残す,魚鱗||通常||9||上杉憲政|前田利家(雄材)|北条氏照(剛柔)|細川藤孝(立役)|豊臣秀次|豊臣秀長||山紫水明|技巧伝承|摂理探究|文明開化|柔能制剛|知将の絆|立役者|謀略家|雄材大略,,step116_9inen_dedup_max_total,19312,19312,step164_verified_normal9,魅力,158
step116_9_魚鱗_000030,STEP116_9INEN_DEDUP_MAX_TOTAL_RESULT,step106_9inen_full_780_dedup_by_hero_set_bond_set_max_total,魚鱗,通常,9,大内義隆|北条氏邦|出雲阿国(野望)|大祝鶴|魔女ルシア|細川藤孝(立役),大内義隆|北条氏邦|出雲阿国(野望)|大祝鶴|魔女ルシア|細川藤孝(立役),流行創出|多芸多才|神主・巫女|女傑の絆|洒落者の絆|文化人の絆|文明開化|技巧伝承|山紫水明,流行創出|多芸多才|神主・巫女|女傑の絆|洒落者の絆|文化人の絆|文明開化|技巧伝承|山紫水明,13386,2828,249,44,382,403,622,773,812,744,795,ステータス計算済み,step116で9因縁780行を「陣形+配置英傑6人セット+発動因縁セット」で重複除外。同一組内は総合値最大の配置を代表として採用。,STEP116_SELECTED_MAX_TOTAL_FROM_STEP106_RECALCULATED_9INEN,step106で各陣形有効ラインから再計算済みの9因縁行を使用し、重複組では総合値最大の配置を残す,魚鱗||通常||9||出雲阿国(野望)|北条氏邦|大内義隆|大祝鶴|細川藤孝(立役)|魔女ルシア||多芸多才|女傑の絆|山紫水明|技巧伝承|文化人の絆|文明開化|洒落者の絆|流行創出|神主・巫女,,step116_9inen_dedup_max_total,21038,21038,step164_verified_normal9,土属性,773
step116_9_魚鱗_000036,STEP116_9INEN_DEDUP_MAX_TOTAL_RESULT,step106_9inen_full_780_dedup_by_hero_set_bond_set_max_total,魚鱗,通常,9,豊臣秀長|北条氏照(剛柔)|豊臣秀次|細川藤孝(立役)|前田利家|武田晴信,豊臣秀長|北条氏照(剛柔)|豊臣秀次|細川藤孝(立役)|前田利家|武田晴信,知将の絆|立役者|技巧伝承|柔能制剛|文明開化|山紫水明|謀略家|雄材大略|摂理探究,知将の絆|立役者|技巧伝承|柔能制剛|文明開化|山紫水明|謀略家|雄材大略|摂理探究,14832,899,83,0,293,1068,158,641,619,659,618,ステータス計算済み,step116で9因縁780行を「陣形+配置英傑6人セット+発動因縁セット」で重複除外。同一組内は総合値最大の配置を代表として採用。,STEP116_SELECTED_MAX_TOTAL_FROM_STEP106_RECALCULATED_9INEN,step106で各陣形有効ラインから再計算済みの9因縁行を使用し、重複組では総合値最大の配置を残す,魚鱗||通常||9||前田利家|北条氏照(剛柔)|武田晴信|細川藤孝(立役)|豊臣秀次|豊臣秀長||山紫水明|技巧伝承|摂理探究|文明開化|柔能制剛|知将の絆|立役者|謀略家|雄材大略,,step116_9inen_dedup_max_total,19870,19870,step164_verified_normal9,土属性,641
step116_9_魚鱗_000035,STEP116_9INEN_DEDUP_MAX_TOTAL_RESULT,step106_9inen_full_780_dedup_by_hero_set_bond_set_max_total,魚鱗,通常,9,豊臣秀長|武田晴信|前田利家(雄材)|細川藤孝(立役)|豊臣秀次|北条氏照(剛柔),豊臣秀長|武田晴信|前田利家(雄材)|細川藤孝(立役)|豊臣秀次|北条氏照(剛柔),謀略家|雄材大略|摂理探究|文明開化|山紫水明|知将の絆|立役者|技巧伝承|柔能制剛,謀略家|雄材大略|摂理探究|文明開化|山紫水明|知将の絆|立役者|技巧伝承|柔能制剛,14832,899,83,0,293,1068,158,641,619,659,618,ステータス計算済み,step116で9因縁780行を「陣形+配置英傑6人セット+発動因縁セット」で重複除外。同一組内は総合値最大の配置を代表として採用。,STEP116_SELECTED_MAX_TOTAL_FROM_STEP106_RECALCULATED_9INEN,step106で各陣形有効ラインから再計算済みの9因縁行を使用し、重複組では総合値最大の配置を残す,魚鱗||通常||9||前田利家(雄材)|北条氏照(剛柔)|武田晴信|細川藤孝(立役)|豊臣秀次|豊臣秀長||山紫水明|技巧伝承|摂理探究|文明開化|柔能制剛|知将の絆|立役者|謀略家|雄材大略,,step116_9inen_dedup_max_total,19870,19870,step164_verified_normal9,土属性,641
step116_9_魚鱗_000043,STEP116_9INEN_DEDUP_MAX_TOTAL_RESULT,step106_9inen_full_780_dedup_by_hero_set_bond_set_max_total,魚鱗,通常,9,豊臣秀長|北条氏照(剛柔)|豊臣秀次|細川藤孝(立役)|前田利家|上杉憲政,豊臣秀長|北条氏照(剛柔)|豊臣秀次|細川藤孝(立役)|前田利家|上杉憲政,知将の絆|立役者|技巧伝承|柔能制剛|文明開化|山紫水明|謀略家|雄材大略|摂理探究,知将の絆|立役者|技巧伝承|柔能制剛|文明開化|山紫水明|謀略家|雄材大略|摂理探究,14490,861,86,0,293,998,158,609,593,632,592,ステータス計算済み,step116で9因縁780行を「陣形+配置英傑6人セット+発動因縁セット」で重複除外。同一組内は総合値最大の配置を代表として採用。,STEP116_SELECTED_MAX_TOTAL_FROM_STEP106_RECALCULATED_9INEN,step106で各陣形有効ラインから再計算済みの9因縁行を使用し、重複組では総合値最大の配置を残す,魚鱗||通常||9||上杉憲政|前田利家|北条氏照(剛柔)|細川藤孝(立役)|豊臣秀次|豊臣秀長||山紫水明|技巧伝承|摂理探究|文明開化|柔能制剛|知将の絆|立役者|謀略家|雄材大略,,step116_9inen_dedup_max_total,19312,19312,step164_verified_normal9,土属性,609
step116_9_魚鱗_000042,STEP116_9INEN_DEDUP_MAX_TOTAL_RESULT,step106_9inen_full_780_dedup_by_hero_set_bond_set_max_total,魚鱗,通常,9,豊臣秀長|上杉憲政|前田利家(雄材)|細川藤孝(立役)|豊臣秀次|北条氏照(剛柔),豊臣秀長|上杉憲政|前田利家(雄材)|細川藤孝(立役)|豊臣秀次|北条氏照(剛柔),謀略家|雄材大略|摂理探究|文明開化|山紫水明|知将の絆|立役者|技巧伝承|柔能制剛,謀略家|雄材大略|摂理探究|文明開化|山紫水明|知将の絆|立役者|技巧伝承|柔能制剛,14490,861,86,0,293,998,158,609,593,632,592,ステータス計算済み,step116で9因縁780行を「陣形+配置英傑6人セット+発動因縁セット」で重複除外。同一組内は総合値最大の配置を代表として採用。,STEP116_SELECTED_MAX_TOTAL_FROM_STEP106_RECALCULATED_9INEN,step106で各陣形有効ラインから再計算済みの9因縁行を使用し、重複組では総合値最大の配置を残す,魚鱗||通常||9||上杉憲政|前田利家(雄材)|北条氏照(剛柔)|細川藤孝(立役)|豊臣秀次|豊臣秀長||山紫水明|技巧伝承|摂理探究|文明開化|柔能制剛|知将の絆|立役者|謀略家|雄材大略,,step116_9inen_dedup_max_total,19312,19312,step164_verified_normal9,土属性,609
step116_9_魚鱗_000024,STEP116_9INEN_DEDUP_MAX_TOTAL_RESULT,step106_9inen_full_780_dedup_by_hero_set_bond_set_max_total,魚鱗,通常,9,伊奈忠次|ガラシャ(聖)|斎藤利三(神祇)|毛利隆元|豊臣秀吉|酒井忠次(衣鉢),伊奈忠次|ガラシャ(聖)|斎藤利三(神祇)|毛利隆元|豊臣秀吉|酒井忠次(衣鉢),召喚術の絆|摂理探究|世渡り上手の絆|才腕の絆|謀略家|柔能制剛|技巧伝承|天神地祇|雄材大略,召喚術の絆|摂理探究|世渡り上手の絆|才腕の絆|謀略家|柔能制剛|技巧伝承|天神地祇|雄材大略,15387,3129,40,56,394,604,385,596,604,633,577,ステータス計算済み,step116で9因縁780行を「陣形+配置英傑6人セット+発動因縁セット」で重複除外。同一組内は総合値最大の配置を代表として採用。,STEP116_SELECTED_MAX_TOTAL_FROM_STEP106_RECALCULATED_9INEN,step106で各陣形有効ラインから再計算済みの9因縁行を使用し、重複組では総合値最大の配置を残す,魚鱗||通常||9||ガラシャ(聖)|伊奈忠次|斎藤利三(神祇)|毛利隆元|豊臣秀吉|酒井忠次(衣鉢)||世渡り上手の絆|召喚術の絆|天神地祇|才腕の絆|技巧伝承|摂理探究|柔能制剛|謀略家|雄材大略,,step116_9inen_dedup_max_total,22405,22405,step164_verified_normal9,土属性,596
step116_9_魚鱗_000023,STEP116_9INEN_DEDUP_MAX_TOTAL_RESULT,step106_9inen_full_780_dedup_by_hero_set_bond_set_max_total,魚鱗,通常,9,伊奈忠次|ガラシャ(聖)|斎藤利三(神祇)|毛利隆元|豊臣秀吉|酒井忠次(通),伊奈忠次|ガラシャ(聖)|斎藤利三(神祇)|毛利隆元|豊臣秀吉|酒井忠次(通),召喚術の絆|摂理探究|世渡り上手の絆|才腕の絆|謀略家|柔能制剛|技巧伝承|天神地祇|雄材大略,召喚術の絆|摂理探究|世渡り上手の絆|才腕の絆|謀略家|柔能制剛|技巧伝承|天神地祇|雄材大略,15387,3129,40,56,394,604,385,596,604,633,577,ステータス計算済み,step116で9因縁780行を「陣形+配置英傑6人セット+発動因縁セット」で重複除外。同一組内は総合値最大の配置を代表として採用。,STEP116_SELECTED_MAX_TOTAL_FROM_STEP106_RECALCULATED_9INEN,step106で各陣形有効ラインから再計算済みの9因縁行を使用し、重複組では総合値最大の配置を残す,魚鱗||通常||9||ガラシャ(聖)|伊奈忠次|斎藤利三(神祇)|毛利隆元|豊臣秀吉|酒井忠次(通)||世渡り上手の絆|召喚術の絆|天神地祇|才腕の絆|技巧伝承|摂理探究|柔能制剛|謀略家|雄材大略,,step116_9inen_dedup_max_total,22405,22405,step164_verified_normal9,土属性,596
step116_9_魚鱗_000027,STEP116_9INEN_DEDUP_MAX_TOTAL_RESULT,step106_9inen_full_780_dedup_by_hero_set_bond_set_max_total,魚鱗,通常,9,伊奈忠次|サンチョ|斎藤利三(神祇)|毛利隆元|豊臣秀吉|酒井忠次(衣鉢),伊奈忠次|サンチョ|斎藤利三(神祇)|毛利隆元|豊臣秀吉|酒井忠次(衣鉢),召喚術の絆|摂理探究|世渡り上手の絆|才腕の絆|謀略家|柔能制剛|技巧伝承|天神地祇|雄材大略,召喚術の絆|摂理探究|世渡り上手の絆|才腕の絆|謀略家|柔能制剛|技巧伝承|天神地祇|雄材大略,14916,3129,30,44,394,578,385,552,555,574,526,ステータス計算済み,step116で9因縁780行を「陣形+配置英傑6人セット+発動因縁セット」で重複除外。同一組内は総合値最大の配置を代表として採用。,STEP116_SELECTED_MAX_TOTAL_FROM_STEP106_RECALCULATED_9INEN,step106で各陣形有効ラインから再計算済みの9因縁行を使用し、重複組では総合値最大の配置を残す,魚鱗||通常||9||サンチョ|伊奈忠次|斎藤利三(神祇)|毛利隆元|豊臣秀吉|酒井忠次(衣鉢)||世渡り上手の絆|召喚術の絆|天神地祇|才腕の絆|技巧伝承|摂理探究|柔能制剛|謀略家|雄材大略,,step116_9inen_dedup_max_total,21683,21683,step164_verified_normal9,土属性,552
step116_9_魚鱗_000026,STEP116_9INEN_DEDUP_MAX_TOTAL_RESULT,step106_9inen_full_780_dedup_by_hero_set_bond_set_max_total,魚鱗,通常,9,伊奈忠次|サンチョ|斎藤利三(神祇)|毛利隆元|豊臣秀吉|酒井忠次(通),伊奈忠次|サンチョ|斎藤利三(神祇)|毛利隆元|豊臣秀吉|酒井忠次(通),召喚術の絆|摂理探究|世渡り上手の絆|才腕の絆|謀略家|柔能制剛|技巧伝承|天神地祇|雄材大略,召喚術の絆|摂理探究|世渡り上手の絆|才腕の絆|謀略家|柔能制剛|技巧伝承|天神地祇|雄材大略,14916,3129,30,44,394,578,385,552,555,574,526,ステータス計算済み,step116で9因縁780行を「陣形+配置英傑6人セット+発動因縁セット」で重複除外。同一組内は総合値最大の配置を代表として採用。,STEP116_SELECTED_MAX_TOTAL_FROM_STEP106_RECALCULATED_9INEN,step106で各陣形有効ラインから再計算済みの9因縁行を使用し、重複組では総合値最大の配置を残す,魚鱗||通常||9||サンチョ|伊奈忠次|斎藤利三(神祇)|毛利隆元|豊臣秀吉|酒井忠次(通)||世渡り上手の絆|召喚術の絆|天神地祇|才腕の絆|技巧伝承|摂理探究|柔能制剛|謀略家|雄材大略,,step116_9inen_dedup_max_total,21683,21683,step164_verified_normal9,土属性,552
step116_9_魚鱗_000047,STEP116_9INEN_DEDUP_MAX_TOTAL_RESULT,step106_9inen_full_780_dedup_by_hero_set_bond_set_max_total,魚鱗,通常,9,北条氏照(剛柔)|金森長近|雑賀孫市(道化)|黒田長政|黒田官兵衛|豊臣秀長,北条氏照(剛柔)|金森長近|雑賀孫市(道化)|黒田長政|黒田官兵衛|豊臣秀長,文明開化|技巧伝承|知勇兼備|才腕の絆|硝煙弾雨|多芸多才|知将の絆|立役者|柔能制剛,文明開化|技巧伝承|知勇兼備|才腕の絆|硝煙弾雨|多芸多才|知将の絆|立役者|柔能制剛,11393,3272,161,123,694,707,312,511,585,529,504,ステータス計算済み,step116で9因縁780行を「陣形+配置英傑6人セット+発動因縁セット」で重複除外。同一組内は総合値最大の配置を代表として採用。,STEP116_SELECTED_MAX_TOTAL_FROM_STEP106_RECALCULATED_9INEN,step106で各陣形有効ラインから再計算済みの9因縁行を使用し、重複組では総合値最大の配置を残す,魚鱗||通常||9||北条氏照(剛柔)|豊臣秀長|金森長近|雑賀孫市(道化)|黒田官兵衛|黒田長政||多芸多才|才腕の絆|技巧伝承|文明開化|柔能制剛|知勇兼備|知将の絆|硝煙弾雨|立役者,,step116_9inen_dedup_max_total,18791,18791,step164_verified_normal9,土属性,511
step116_9_魚鱗_000046,STEP116_9INEN_DEDUP_MAX_TOTAL_RESULT,step106_9inen_full_780_dedup_by_hero_set_bond_set_max_total,魚鱗,通常,9,北条氏照(剛柔)|金森長近|雑賀孫市(道化)|黒田長政|黒田官兵衛|鍋島直茂(乱雲),北条氏照(剛柔)|金森長近|雑賀孫市(道化)|黒田長政|黒田官兵衛|鍋島直茂(乱雲),文明開化|技巧伝承|知勇兼備|才腕の絆|硝煙弾雨|多芸多才|知将の絆|立役者|柔能制剛,文明開化|技巧伝承|知勇兼備|才腕の絆|硝煙弾雨|多芸多才|知将の絆|立役者|柔能制剛,11606,3272,161,123,696,703,312,506,583,521,502,ステータス計算済み,step116で9因縁780行を「陣形+配置英傑6人セット+発動因縁セット」で重複除外。同一組内は総合値最大の配置を代表として採用。,STEP116_SELECTED_MAX_TOTAL_FROM_STEP106_RECALCULATED_9INEN,step106で各陣形有効ラインから再計算済みの9因縁行を使用し、重複組では総合値最大の配置を残す,魚鱗||通常||9||北条氏照(剛柔)|金森長近|鍋島直茂(乱雲)|雑賀孫市(道化)|黒田官兵衛|黒田長政||多芸多才|才腕の絆|技巧伝承|文明開化|柔能制剛|知勇兼備|知将の絆|硝煙弾雨|立役者,,step116_9inen_dedup_max_total,18985,18985,step164_verified_normal9,土属性,506
step116_9_魚鱗_000016,STEP116_9INEN_DEDUP_MAX_TOTAL_RESULT,step106_9inen_full_780_dedup_by_hero_set_bond_set_max_total,魚鱗,通常,9,武田晴信|愛姫(起源)|細川藤孝(立役)|今川義元|前田利家|竹中半兵衛(右腕),武田晴信|愛姫(起源)|細川藤孝(立役)|今川義元|前田利家|竹中半兵衛(右腕),健康第一|老練闊達|質実剛健|文明開化|山紫水明|巧言令色|謀略家|雄材大略|摂理探究,健康第一|老練闊達|質実剛健|文明開化|山紫水明|巧言令色|謀略家|雄材大略|摂理探究,14808,4896,149,231,0,720,313,502,521,521,484,ステータス計算済み,step116で9因縁780行を「陣形+配置英傑6人セット+発動因縁セット」で重複除外。同一組内は総合値最大の配置を代表として採用。,STEP116_SELECTED_MAX_TOTAL_FROM_STEP106_RECALCULATED_9INEN,step106で各陣形有効ラインから再計算済みの9因縁行を使用し、重複組では総合値最大の配置を残す,魚鱗||通常||9||今川義元|前田利家|愛姫(起源)|武田晴信|竹中半兵衛(右腕)|細川藤孝(立役)||健康第一|山紫水明|巧言令色|摂理探究|文明開化|老練闊達|謀略家|質実剛健|雄材大略,,step116_9inen_dedup_max_total,23145,23145,step164_verified_normal9,土属性,502
step116_9_魚鱗_000015,STEP116_9INEN_DEDUP_MAX_TOTAL_RESULT,step106_9inen_full_780_dedup_by_hero_set_bond_set_max_total,魚鱗,通常,9,前田利家(雄材)|竹中半兵衛(右腕)|武田晴信|愛姫(起源)|細川藤孝(立役)|今川義元,前田利家(雄材)|竹中半兵衛(右腕)|武田晴信|愛姫(起源)|細川藤孝(立役)|今川義元,謀略家|雄材大略|摂理探究|健康第一|老練闊達|質実剛健|文明開化|山紫水明|巧言令色,謀略家|雄材大略|摂理探究|健康第一|老練闊達|質実剛健|文明開化|山紫水明|巧言令色,14808,4896,149,231,0,720,313,502,521,521,484,ステータス計算済み,step116で9因縁780行を「陣形+配置英傑6人セット+発動因縁セット」で重複除外。同一組内は総合値最大の配置を代表として採用。,STEP116_SELECTED_MAX_TOTAL_FROM_STEP106_RECALCULATED_9INEN,step106で各陣形有効ラインから再計算済みの9因縁行を使用し、重複組では総合値最大の配置を残す,魚鱗||通常||9||今川義元|前田利家(雄材)|愛姫(起源)|武田晴信|竹中半兵衛(右腕)|細川藤孝(立役)||健康第一|山紫水明|巧言令色|摂理探究|文明開化|老練闊達|謀略家|質実剛健|雄材大略,,step116_9inen_dedup_max_total,23145,23145,step164_verified_normal9,土属性,502
step116_9_魚鱗_000020,STEP116_9INEN_DEDUP_MAX_TOTAL_RESULT,step106_9inen_full_780_dedup_by_hero_set_bond_set_max_total,魚鱗,通常,9,武田晴信|高台院|細川藤孝(立役)|今川義元|前田利家|竹中半兵衛(右腕),武田晴信|高台院|細川藤孝(立役)|今川義元|前田利家|竹中半兵衛(右腕),健康第一|老練闊達|質実剛健|文明開化|山紫水明|巧言令色|謀略家|雄材大略|摂理探究,健康第一|老練闊達|質実剛健|文明開化|山紫水明|巧言令色|謀略家|雄材大略|摂理探究,14811,4870,137,226,0,724,313,501,519,517,481,ステータス計算済み,step116で9因縁780行を「陣形+配置英傑6人セット+発動因縁セット」で重複除外。同一組内は総合値最大の配置を代表として採用。,STEP116_SELECTED_MAX_TOTAL_FROM_STEP106_RECALCULATED_9INEN,step106で各陣形有効ラインから再計算済みの9因縁行を使用し、重複組では総合値最大の配置を残す,魚鱗||通常||9||今川義元|前田利家|武田晴信|竹中半兵衛(右腕)|細川藤孝(立役)|高台院||健康第一|山紫水明|巧言令色|摂理探究|文明開化|老練闊達|謀略家|質実剛健|雄材大略,,step116_9inen_dedup_max_total,23099,23099,step164_verified_normal9,土属性,501
step116_9_魚鱗_000019,STEP116_9INEN_DEDUP_MAX_TOTAL_RESULT,step106_9inen_full_780_dedup_by_hero_set_bond_set_max_total,魚鱗,通常,9,前田利家(雄材)|竹中半兵衛(右腕)|武田晴信|高台院|細川藤孝(立役)|今川義元,前田利家(雄材)|竹中半兵衛(右腕)|武田晴信|高台院|細川藤孝(立役)|今川義元,謀略家|雄材大略|摂理探究|健康第一|老練闊達|質実剛健|文明開化|山紫水明|巧言令色,謀略家|雄材大略|摂理探究|健康第一|老練闊達|質実剛健|文明開化|山紫水明|巧言令色,14811,4870,137,226,0,724,313,501,519,517,481,ステータス計算済み,step116で9因縁780行を「陣形+配置英傑6人セット+発動因縁セット」で重複除外。同一組内は総合値最大の配置を代表として採用。,STEP116_SELECTED_MAX_TOTAL_FROM_STEP106_RECALCULATED_9INEN,step106で各陣形有効ラインから再計算済みの9因縁行を使用し、重複組では総合値最大の配置を残す,魚鱗||通常||9||今川義元|前田利家(雄材)|武田晴信|竹中半兵衛(右腕)|細川藤孝(立役)|高台院||健康第一|山紫水明|巧言令色|摂理探究|文明開化|老練闊達|謀略家|質実剛健|雄材大略,,step116_9inen_dedup_max_total,23099,23099,step164_verified_normal9,土属性,501
step116_9_魚鱗_000010,STEP116_9INEN_DEDUP_MAX_TOTAL_RESULT,step106_9inen_full_780_dedup_by_hero_set_bond_set_max_total,魚鱗,通常,9,武田晴信|愛姫(起源)|細川藤孝(立役)|今川義元|前田利家|豊臣秀長,武田晴信|愛姫(起源)|細川藤孝(立役)|今川義元|前田利家|豊臣秀長,健康第一|老練闊達|質実剛健|文明開化|山紫水明|巧言令色|謀略家|雄材大略|摂理探究,健康第一|老練闊達|質実剛健|文明開化|山紫水明|巧言令色|謀略家|雄材大略|摂理探究,15036,4864,157,231,0,719,313,490,509,512,472,ステータス計算済み,step116で9因縁780行を「陣形+配置英傑6人セット+発動因縁セット」で重複除外。同一組内は総合値最大の配置を代表として採用。,STEP116_SELECTED_MAX_TOTAL_FROM_STEP106_RECALCULATED_9INEN,step106で各陣形有効ラインから再計算済みの9因縁行を使用し、重複組では総合値最大の配置を残す,魚鱗||通常||9||今川義元|前田利家|愛姫(起源)|武田晴信|細川藤孝(立役)|豊臣秀長||健康第一|山紫水明|巧言令色|摂理探究|文明開化|老練闊達|謀略家|質実剛健|雄材大略,,step116_9inen_dedup_max_total,23303,23303,step164_verified_normal9,土属性,490
step116_9_魚鱗_000009,STEP116_9INEN_DEDUP_MAX_TOTAL_RESULT,step106_9inen_full_780_dedup_by_hero_set_bond_set_max_total,魚鱗,通常,9,前田利家(雄材)|豊臣秀長|武田晴信|愛姫(起源)|細川藤孝(立役)|今川義元,前田利家(雄材)|豊臣秀長|武田晴信|愛姫(起源)|細川藤孝(立役)|今川義元,謀略家|雄材大略|摂理探究|健康第一|老練闊達|質実剛健|文明開化|山紫水明|巧言令色,謀略家|雄材大略|摂理探究|健康第一|老練闊達|質実剛健|文明開化|山紫水明|巧言令色,15036,4864,157,231,0,719,313,490,509,512,472,ステータス計算済み,step116で9因縁780行を「陣形+配置英傑6人セット+発動因縁セット」で重複除外。同一組内は総合値最大の配置を代表として採用。,STEP116_SELECTED_MAX_TOTAL_FROM_STEP106_RECALCULATED_9INEN,step106で各陣形有効ラインから再計算済みの9因縁行を使用し、重複組では総合値最大の配置を残す,魚鱗||通常||9||今川義元|前田利家(雄材)|愛姫(起源)|武田晴信|細川藤孝(立役)|豊臣秀長||健康第一|山紫水明|巧言令色|摂理探究|文明開化|老練闊達|謀略家|質実剛健|雄材大略,,step116_9inen_dedup_max_total,23303,23303,step164_verified_normal9,土属性,490
step116_9_魚鱗_000012,STEP116_9INEN_DEDUP_MAX_TOTAL_RESULT,step106_9inen_full_780_dedup_by_hero_set_bond_set_max_total,魚鱗,通常,9,武田晴信|高台院|細川藤孝(立役)|今川義元|前田利家|豊臣秀長,武田晴信|高台院|細川藤孝(立役)|今川義元|前田利家|豊臣秀長,健康第一|老練闊達|質実剛健|文明開化|山紫水明|巧言令色|謀略家|雄材大略|摂理探究,健康第一|老練闊達|質実剛健|文明開化|山紫水明|巧言令色|謀略家|雄材大略|摂理探究,15039,4838,145,226,0,723,313,489,507,508,469,ステータス計算済み,step116で9因縁780行を「陣形+配置英傑6人セット+発動因縁セット」で重複除外。同一組内は総合値最大の配置を代表として採用。,STEP116_SELECTED_MAX_TOTAL_FROM_STEP106_RECALCULATED_9INEN,step106で各陣形有効ラインから再計算済みの9因縁行を使用し、重複組では総合値最大の配置を残す,魚鱗||通常||9||今川義元|前田利家|武田晴信|細川藤孝(立役)|豊臣秀長|高台院||健康第一|山紫水明|巧言令色|摂理探究|文明開化|老練闊達|謀略家|質実剛健|雄材大略,,step116_9inen_dedup_max_total,23257,23257,step164_verified_normal9,土属性,489
step116_9_魚鱗_000011,STEP116_9INEN_DEDUP_MAX_TOTAL_RESULT,step106_9inen_full_780_dedup_by_hero_set_bond_set_max_total,魚鱗,通常,9,前田利家(雄材)|豊臣秀長|武田晴信|高台院|細川藤孝(立役)|今川義元,前田利家(雄材)|豊臣秀長|武田晴信|高台院|細川藤孝(立役)|今川義元,謀略家|雄材大略|摂理探究|健康第一|老練闊達|質実剛健|文明開化|山紫水明|巧言令色,謀略家|雄材大略|摂理探究|健康第一|老練闊達|質実剛健|文明開化|山紫水明|巧言令色,15039,4838,145,226,0,723,313,489,507,508,469,ステータス計算済み,step116で9因縁780行を「陣形+配置英傑6人セット+発動因縁セット」で重複除外。同一組内は総合値最大の配置を代表として採用。,STEP116_SELECTED_MAX_TOTAL_FROM_STEP106_RECALCULATED_9INEN,step106で各陣形有効ラインから再計算済みの9因縁行を使用し、重複組では総合値最大の配置を残す,魚鱗||通常||9||今川義元|前田利家(雄材)|武田晴信|細川藤孝(立役)|豊臣秀長|高台院||健康第一|山紫水明|巧言令色|摂理探究|文明開化|老練闊達|謀略家|質実剛健|雄材大略,,step116_9inen_dedup_max_total,23257,23257,step164_verified_normal9,土属性,489
step116_9_魚鱗_000006,STEP116_9INEN_DEDUP_MAX_TOTAL_RESULT,step106_9inen_full_780_dedup_by_hero_set_bond_set_max_total,魚鱗,通常,9,武田晴信|愛姫(起源)|細川藤孝(立役)|今川義元|前田利家|片倉景綱(右腕),武田晴信|愛姫(起源)|細川藤孝(立役)|今川義元|前田利家|片倉景綱(右腕),健康第一|老練闊達|質実剛健|文明開化|山紫水明|巧言令色|謀略家|雄材大略|摂理探究,健康第一|老練闊達|質実剛健|文明開化|山紫水明|巧言令色|謀略家|雄材大略|摂理探究,15159,4827,167,231,0,715,313,488,504,513,469,ステータス計算済み,step116で9因縁780行を「陣形+配置英傑6人セット+発動因縁セット」で重複除外。同一組内は総合値最大の配置を代表として採用。,STEP116_SELECTED_MAX_TOTAL_FROM_STEP106_RECALCULATED_9INEN,step106で各陣形有効ラインから再計算済みの9因縁行を使用し、重複組では総合値最大の配置を残す,魚鱗||通常||9||今川義元|前田利家|愛姫(起源)|武田晴信|片倉景綱(右腕)|細川藤孝(立役)||健康第一|山紫水明|巧言令色|摂理探究|文明開化|老練闊達|謀略家|質実剛健|雄材大略,,step116_9inen_dedup_max_total,23386,23386,step164_verified_normal9,土属性,488
step116_9_魚鱗_000005,STEP116_9INEN_DEDUP_MAX_TOTAL_RESULT,step106_9inen_full_780_dedup_by_hero_set_bond_set_max_total,魚鱗,通常,9,前田利家(雄材)|片倉景綱(右腕)|武田晴信|愛姫(起源)|細川藤孝(立役)|今川義元,前田利家(雄材)|片倉景綱(右腕)|武田晴信|愛姫(起源)|細川藤孝(立役)|今川義元,謀略家|雄材大略|摂理探究|健康第一|老練闊達|質実剛健|文明開化|山紫水明|巧言令色,謀略家|雄材大略|摂理探究|健康第一|老練闊達|質実剛健|文明開化|山紫水明|巧言令色,15159,4827,167,231,0,715,313,488,504,513,469,ステータス計算済み,step116で9因縁780行を「陣形+配置英傑6人セット+発動因縁セット」で重複除外。同一組内は総合値最大の配置を代表として採用。,STEP116_SELECTED_MAX_TOTAL_FROM_STEP106_RECALCULATED_9INEN,step106で各陣形有効ラインから再計算済みの9因縁行を使用し、重複組では総合値最大の配置を残す,魚鱗||通常||9||今川義元|前田利家(雄材)|愛姫(起源)|武田晴信|片倉景綱(右腕)|細川藤孝(立役)||健康第一|山紫水明|巧言令色|摂理探究|文明開化|老練闊達|謀略家|質実剛健|雄材大略,,step116_9inen_dedup_max_total,23386,23386,step164_verified_normal9,土属性,488
step116_9_魚鱗_000008,STEP116_9INEN_DEDUP_MAX_TOTAL_RESULT,step106_9inen_full_780_dedup_by_hero_set_bond_set_max_total,魚鱗,通常,9,武田晴信|高台院|細川藤孝(立役)|今川義元|前田利家|片倉景綱(右腕),武田晴信|高台院|細川藤孝(立役)|今川義元|前田利家|片倉景綱(右腕),健康第一|老練闊達|質実剛健|文明開化|山紫水明|巧言令色|謀略家|雄材大略|摂理探究,健康第一|老練闊達|質実剛健|文明開化|山紫水明|巧言令色|謀略家|雄材大略|摂理探究,15162,4802,155,226,0,719,313,487,502,509,466,ステータス計算済み,step116で9因縁780行を「陣形+配置英傑6人セット+発動因縁セット」で重複除外。同一組内は総合値最大の配置を代表として採用。,STEP116_SELECTED_MAX_TOTAL_FROM_STEP106_RECALCULATED_9INEN,step106で各陣形有効ラインから再計算済みの9因縁行を使用し、重複組では総合値最大の配置を残す,魚鱗||通常||9||今川義元|前田利家|武田晴信|片倉景綱(右腕)|細川藤孝(立役)|高台院||健康第一|山紫水明|巧言令色|摂理探究|文明開化|老練闊達|謀略家|質実剛健|雄材大略,,step116_9inen_dedup_max_total,23341,23341,step164_verified_normal9,土属性,487
step116_9_魚鱗_000007,STEP116_9INEN_DEDUP_MAX_TOTAL_RESULT,step106_9inen_full_780_dedup_by_hero_set_bond_set_max_total,魚鱗,通常,9,前田利家(雄材)|片倉景綱(右腕)|武田晴信|高台院|細川藤孝(立役)|今川義元,前田利家(雄材)|片倉景綱(右腕)|武田晴信|高台院|細川藤孝(立役)|今川義元,謀略家|雄材大略|摂理探究|健康第一|老練闊達|質実剛健|文明開化|山紫水明|巧言令色,謀略家|雄材大略|摂理探究|健康第一|老練闊達|質実剛健|文明開化|山紫水明|巧言令色,15162,4802,155,226,0,719,313,487,502,509,466,ステータス計算済み,step116で9因縁780行を「陣形+配置英傑6人セット+発動因縁セット」で重複除外。同一組内は総合値最大の配置を代表として採用。,STEP116_SELECTED_MAX_TOTAL_FROM_STEP106_RECALCULATED_9INEN,step106で各陣形有効ラインから再計算済みの9因縁行を使用し、重複組では総合値最大の配置を残す,魚鱗||通常||9||今川義元|前田利家(雄材)|武田晴信|片倉景綱(右腕)|細川藤孝(立役)|高台院||健康第一|山紫水明|巧言令色|摂理探究|文明開化|老練闊達|謀略家|質実剛健|雄材大略,,step116_9inen_dedup_max_total,23341,23341,step164_verified_normal9,土属性,487
step116_9_魚鱗_000041,STEP116_9INEN_DEDUP_MAX_TOTAL_RESULT,step106_9inen_full_780_dedup_by_hero_set_bond_set_max_total,魚鱗,通常,9,柳生宗矩|島左近|出雲阿国(野望)|大祝鶴|魔女ルシア|谷忠澄,柳生宗矩|島左近|出雲阿国(野望)|大祝鶴|魔女ルシア|谷忠澄,豪傑|流行創出|神主・巫女|女傑の絆|洒落者の絆|文明開化|技巧伝承|竜飛鳳舞|多芸多才,豪傑|流行創出|神主・巫女|女傑の絆|洒落者の絆|文明開化|技巧伝承|竜飛鳳舞|多芸多才,12761,2985,558,48,244,379,596,487,496,474,532,ステータス計算済み,step116で9因縁780行を「陣形+配置英傑6人セット+発動因縁セット」で重複除外。同一組内は総合値最大の配置を代表として採用。,STEP116_SELECTED_MAX_TOTAL_FROM_STEP106_RECALCULATED_9INEN,step106で各陣形有効ラインから再計算済みの9因縁行を使用し、重複組では総合値最大の配置を残す,魚鱗||通常||9||出雲阿国(野望)|大祝鶴|島左近|柳生宗矩|谷忠澄|魔女ルシア||多芸多才|女傑の絆|技巧伝承|文明開化|洒落者の絆|流行創出|神主・巫女|竜飛鳳舞|豪傑,,step116_9inen_dedup_max_total,19560,19560,step164_verified_normal9,土属性,487
step116_9_魚鱗_000002,STEP116_9INEN_DEDUP_MAX_TOTAL_RESULT,step106_9inen_full_780_dedup_by_hero_set_bond_set_max_total,魚鱗,通常,9,武田晴信|愛姫(起源)|細川藤孝(立役)|今川義元|前田利家|鍋島直茂(乱雲),武田晴信|愛姫(起源)|細川藤孝(立役)|今川義元|前田利家|鍋島直茂(乱雲),健康第一|老練闊達|質実剛健|文明開化|山紫水明|巧言令色|謀略家|雄材大略|摂理探究,健康第一|老練闊達|質実剛健|文明開化|山紫水明|巧言令色|謀略家|雄材大略|摂理探究,15234,4833,161,231,0,715,313,483,506,501,469,ステータス計算済み,step116で9因縁780行を「陣形+配置英傑6人セット+発動因縁セット」で重複除外。同一組内は総合値最大の配置を代表として採用。,STEP116_SELECTED_MAX_TOTAL_FROM_STEP106_RECALCULATED_9INEN,step106で各陣形有効ラインから再計算済みの9因縁行を使用し、重複組では総合値最大の配置を残す,魚鱗||通常||9||今川義元|前田利家|愛姫(起源)|武田晴信|細川藤孝(立役)|鍋島直茂(乱雲)||健康第一|山紫水明|巧言令色|摂理探究|文明開化|老練闊達|謀略家|質実剛健|雄材大略,,step116_9inen_dedup_max_total,23446,23446,step164_verified_normal9,土属性,483
step116_9_魚鱗_000001,STEP116_9INEN_DEDUP_MAX_TOTAL_RESULT,step106_9inen_full_780_dedup_by_hero_set_bond_set_max_total,魚鱗,通常,9,前田利家(雄材)|鍋島直茂(乱雲)|武田晴信|愛姫(起源)|細川藤孝(立役)|今川義元,前田利家(雄材)|鍋島直茂(乱雲)|武田晴信|愛姫(起源)|細川藤孝(立役)|今川義元,謀略家|雄材大略|摂理探究|健康第一|老練闊達|質実剛健|文明開化|山紫水明|巧言令色,謀略家|雄材大略|摂理探究|健康第一|老練闊達|質実剛健|文明開化|山紫水明|巧言令色,15234,4833,161,231,0,715,313,483,506,501,469,ステータス計算済み,step116で9因縁780行を「陣形+配置英傑6人セット+発動因縁セット」で重複除外。同一組内は総合値最大の配置を代表として採用。,STEP116_SELECTED_MAX_TOTAL_FROM_STEP106_RECALCULATED_9INEN,step106で各陣形有効ラインから再計算済みの9因縁行を使用し、重複組では総合値最大の配置を残す,魚鱗||通常||9||今川義元|前田利家(雄材)|愛姫(起源)|武田晴信|細川藤孝(立役)|鍋島直茂(乱雲)||健康第一|山紫水明|巧言令色|摂理探究|文明開化|老練闊達|謀略家|質実剛健|雄材大略,,step116_9inen_dedup_max_total,23446,23446,step164_verified_normal9,土属性,483
step116_9_魚鱗_000004,STEP116_9INEN_DEDUP_MAX_TOTAL_RESULT,step106_9inen_full_780_dedup_by_hero_set_bond_set_max_total,魚鱗,通常,9,武田晴信|高台院|細川藤孝(立役)|今川義元|前田利家|鍋島直茂(乱雲),武田晴信|高台院|細川藤孝(立役)|今川義元|前田利家|鍋島直茂(乱雲),健康第一|老練闊達|質実剛健|文明開化|山紫水明|巧言令色|謀略家|雄材大略|摂理探究,健康第一|老練闊達|質実剛健|文明開化|山紫水明|巧言令色|謀略家|雄材大略|摂理探究,15237,4808,149,226,0,719,313,482,504,497,466,ステータス計算済み,step116で9因縁780行を「陣形+配置英傑6人セット+発動因縁セット」で重複除外。同一組内は総合値最大の配置を代表として採用。,STEP116_SELECTED_MAX_TOTAL_FROM_STEP106_RECALCULATED_9INEN,step106で各陣形有効ラインから再計算済みの9因縁行を使用し、重複組では総合値最大の配置を残す,魚鱗||通常||9||今川義元|前田利家|武田晴信|細川藤孝(立役)|鍋島直茂(乱雲)|高台院||健康第一|山紫水明|巧言令色|摂理探究|文明開化|老練闊達|謀略家|質実剛健|雄材大略,,step116_9inen_dedup_max_total,23401,23401,step164_verified_normal9,土属性,482
step116_9_魚鱗_000003,STEP116_9INEN_DEDUP_MAX_TOTAL_RESULT,step106_9inen_full_780_dedup_by_hero_set_bond_set_max_total,魚鱗,通常,9,前田利家(雄材)|鍋島直茂(乱雲)|武田晴信|高台院|細川藤孝(立役)|今川義元,前田利家(雄材)|鍋島直茂(乱雲)|武田晴信|高台院|細川藤孝(立役)|今川義元,謀略家|雄材大略|摂理探究|健康第一|老練闊達|質実剛健|文明開化|山紫水明|巧言令色,謀略家|雄材大略|摂理探究|健康第一|老練闊達|質実剛健|文明開化|山紫水明|巧言令色,15237,4808,149,226,0,719,313,482,504,497,466,ステータス計算済み,step116で9因縁780行を「陣形+配置英傑6人セット+発動因縁セット」で重複除外。同一組内は総合値最大の配置を代表として採用。,STEP116_SELECTED_MAX_TOTAL_FROM_STEP106_RECALCULATED_9INEN,step106で各陣形有効ラインから再計算済みの9因縁行を使用し、重複組では総合値最大の配置を残す,魚鱗||通常||9||今川義元|前田利家(雄材)|武田晴信|細川藤孝(立役)|鍋島直茂(乱雲)|高台院||健康第一|山紫水明|巧言令色|摂理探究|文明開化|老練闊達|謀略家|質実剛健|雄材大略,,step116_9inen_dedup_max_total,23401,23401,step164_verified_normal9,土属性,482
step116_9_魚鱗_000053,STEP116_9INEN_DEDUP_MAX_TOTAL_RESULT,step106_9inen_full_780_dedup_by_hero_set_bond_set_max_total,魚鱗,通常,9,北条氏照(剛柔)|金森長近|雑賀孫市(道化)|大久保忠世|黒田官兵衛|豊臣秀長,北条氏照(剛柔)|金森長近|雑賀孫市(道化)|大久保忠世|黒田官兵衛|豊臣秀長,文明開化|技巧伝承|知勇兼備|才腕の絆|硝煙弾雨|多芸多才|知将の絆|立役者|柔能制剛,文明開化|技巧伝承|知勇兼備|才腕の絆|硝煙弾雨|多芸多才|知将の絆|立役者|柔能制剛,11154,3232,157,118,688,695,306,482,557,496,478,ステータス計算済み,step116で9因縁780行を「陣形+配置英傑6人セット+発動因縁セット」で重複除外。同一組内は総合値最大の配置を代表として採用。,STEP116_SELECTED_MAX_TOTAL_FROM_STEP106_RECALCULATED_9INEN,step106で各陣形有効ラインから再計算済みの9因縁行を使用し、重複組では総合値最大の配置を残す,魚鱗||通常||9||北条氏照(剛柔)|大久保忠世|豊臣秀長|金森長近|雑賀孫市(道化)|黒田官兵衛||多芸多才|才腕の絆|技巧伝承|文明開化|柔能制剛|知勇兼備|知将の絆|硝煙弾雨|立役者,,step116_9inen_dedup_max_total,18363,18363,step164_verified_normal9,土属性,482
step116_9_魚鱗_000050,STEP116_9INEN_DEDUP_MAX_TOTAL_RESULT,step106_9inen_full_780_dedup_by_hero_set_bond_set_max_total,魚鱗,通常,9,北条氏照(剛柔)|金森長近|雑賀孫市(道化)|大久保忠世|黒田官兵衛|鍋島直茂(乱雲),北条氏照(剛柔)|金森長近|雑賀孫市(道化)|大久保忠世|黒田官兵衛|鍋島直茂(乱雲),文明開化|技巧伝承|知勇兼備|才腕の絆|硝煙弾雨|多芸多才|知将の絆|立役者|柔能制剛,文明開化|技巧伝承|知勇兼備|才腕の絆|硝煙弾雨|多芸多才|知将の絆|立役者|柔能制剛,11367,3232,157,118,690,691,306,477,555,488,476,ステータス計算済み,step116で9因縁780行を「陣形+配置英傑6人セット+発動因縁セット」で重複除外。同一組内は総合値最大の配置を代表として採用。,STEP116_SELECTED_MAX_TOTAL_FROM_STEP106_RECALCULATED_9INEN,step106で各陣形有効ラインから再計算済みの9因縁行を使用し、重複組では総合値最大の配置を残す,魚鱗||通常||9||北条氏照(剛柔)|大久保忠世|金森長近|鍋島直茂(乱雲)|雑賀孫市(道化)|黒田官兵衛||多芸多才|才腕の絆|技巧伝承|文明開化|柔能制剛|知勇兼備|知将の絆|硝煙弾雨|立役者,,step116_9inen_dedup_max_total,18557,18557,step164_verified_normal9,土属性,477
step116_9_魚鱗_000014,STEP116_9INEN_DEDUP_MAX_TOTAL_RESULT,step106_9inen_full_780_dedup_by_hero_set_bond_set_max_total,魚鱗,通常,9,武田晴信|愛姫(起源)|細川藤孝(立役)|今川義元|前田利家|丹羽長秀(風雲),武田晴信|愛姫(起源)|細川藤孝(立役)|今川義元|前田利家|丹羽長秀(風雲),健康第一|老練闊達|質実剛健|文明開化|山紫水明|巧言令色|謀略家|雄材大略|摂理探究,健康第一|老練闊達|質実剛健|文明開化|山紫水明|巧言令色|謀略家|雄材大略|摂理探究,14973,4838,144,231,0,712,313,474,517,517,456,ステータス計算済み,step116で9因縁780行を「陣形+配置英傑6人セット+発動因縁セット」で重複除外。同一組内は総合値最大の配置を代表として採用。,STEP116_SELECTED_MAX_TOTAL_FROM_STEP106_RECALCULATED_9INEN,step106で各陣形有効ラインから再計算済みの9因縁行を使用し、重複組では総合値最大の配置を残す,魚鱗||通常||9||丹羽長秀(風雲)|今川義元|前田利家|愛姫(起源)|武田晴信|細川藤孝(立役)||健康第一|山紫水明|巧言令色|摂理探究|文明開化|老練闊達|謀略家|質実剛健|雄材大略,,step116_9inen_dedup_max_total,23175,23175,step164_verified_normal9,土属性,474
step116_9_魚鱗_000013,STEP116_9INEN_DEDUP_MAX_TOTAL_RESULT,step106_9inen_full_780_dedup_by_hero_set_bond_set_max_total,魚鱗,通常,9,前田利家(雄材)|丹羽長秀(風雲)|武田晴信|愛姫(起源)|細川藤孝(立役)|今川義元,前田利家(雄材)|丹羽長秀(風雲)|武田晴信|愛姫(起源)|細川藤孝(立役)|今川義元,謀略家|雄材大略|摂理探究|健康第一|老練闊達|質実剛健|文明開化|山紫水明|巧言令色,謀略家|雄材大略|摂理探究|健康第一|老練闊達|質実剛健|文明開化|山紫水明|巧言令色,14973,4838,144,231,0,712,313,474,517,517,456,ステータス計算済み,step116で9因縁780行を「陣形+配置英傑6人セット+発動因縁セット」で重複除外。同一組内は総合値最大の配置を代表として採用。,STEP116_SELECTED_MAX_TOTAL_FROM_STEP106_RECALCULATED_9INEN,step106で各陣形有効ラインから再計算済みの9因縁行を使用し、重複組では総合値最大の配置を残す,魚鱗||通常||9||丹羽長秀(風雲)|今川義元|前田利家(雄材)|愛姫(起源)|武田晴信|細川藤孝(立役)||健康第一|山紫水明|巧言令色|摂理探究|文明開化|老練闊達|謀略家|質実剛健|雄材大略,,step116_9inen_dedup_max_total,23175,23175,step164_verified_normal9,土属性,474
step116_9_魚鱗_000018,STEP116_9INEN_DEDUP_MAX_TOTAL_RESULT,step106_9inen_full_780_dedup_by_hero_set_bond_set_max_total,魚鱗,通常,9,武田晴信|高台院|細川藤孝(立役)|今川義元|前田利家|丹羽長秀(風雲),武田晴信|高台院|細川藤孝(立役)|今川義元|前田利家|丹羽長秀(風雲),健康第一|老練闊達|質実剛健|文明開化|山紫水明|巧言令色|謀略家|雄材大略|摂理探究,健康第一|老練闊達|質実剛健|文明開化|山紫水明|巧言令色|謀略家|雄材大略|摂理探究,14976,4813,132,226,0,716,313,473,515,513,453,ステータス計算済み,step116で9因縁780行を「陣形+配置英傑6人セット+発動因縁セット」で重複除外。同一組内は総合値最大の配置を代表として採用。,STEP116_SELECTED_MAX_TOTAL_FROM_STEP106_RECALCULATED_9INEN,step106で各陣形有効ラインから再計算済みの9因縁行を使用し、重複組では総合値最大の配置を残す,魚鱗||通常||9||丹羽長秀(風雲)|今川義元|前田利家|武田晴信|細川藤孝(立役)|高台院||健康第一|山紫水明|巧言令色|摂理探究|文明開化|老練闊達|謀略家|質実剛健|雄材大略,,step116_9inen_dedup_max_total,23130,23130,step164_verified_normal9,土属性,473
step116_9_魚鱗_000017,STEP116_9INEN_DEDUP_MAX_TOTAL_RESULT,step106_9inen_full_780_dedup_by_hero_set_bond_set_max_total,魚鱗,通常,9,前田利家(雄材)|丹羽長秀(風雲)|武田晴信|高台院|細川藤孝(立役)|今川義元,前田利家(雄材)|丹羽長秀(風雲)|武田晴信|高台院|細川藤孝(立役)|今川義元,謀略家|雄材大略|摂理探究|健康第一|老練闊達|質実剛健|文明開化|山紫水明|巧言令色,謀略家|雄材大略|摂理探究|健康第一|老練闊達|質実剛健|文明開化|山紫水明|巧言令色,14976,4813,132,226,0,716,313,473,515,513,453,ステータス計算済み,step116で9因縁780行を「陣形+配置英傑6人セット+発動因縁セット」で重複除外。同一組内は総合値最大の配置を代表として採用。,STEP116_SELECTED_MAX_TOTAL_FROM_STEP106_RECALCULATED_9INEN,step106で各陣形有効ラインから再計算済みの9因縁行を使用し、重複組では総合値最大の配置を残す,魚鱗||通常||9||丹羽長秀(風雲)|今川義元|前田利家(雄材)|武田晴信|細川藤孝(立役)|高台院||健康第一|山紫水明|巧言令色|摂理探究|文明開化|老練闊達|謀略家|質実剛健|雄材大略,,step116_9inen_dedup_max_total,23130,23130,step164_verified_normal9,土属性,473
step116_9_魚鱗_000048,STEP116_9INEN_DEDUP_MAX_TOTAL_RESULT,step106_9inen_full_780_dedup_by_hero_set_bond_set_max_total,魚鱗,通常,9,豊臣秀長|北条氏照(剛柔)|豊臣秀次|百地三太夫(野望)|斎藤道三(巳)|佐竹義重,豊臣秀長|北条氏照(剛柔)|豊臣秀次|百地三太夫(野望)|斎藤道三(巳)|佐竹義重,知将の絆|立役者|技巧伝承|柔能制剛|謀略家|生殺与奪|侍|才腕の絆|知勇兼備,知将の絆|立役者|技巧伝承|柔能制剛|謀略家|生殺与奪|侍|才腕の絆|知勇兼備,13439,1428,162,99,517,864,357,463,454,463,458,ステータス計算済み,step116で9因縁780行を「陣形+配置英傑6人セット+発動因縁セット」で重複除外。同一組内は総合値最大の配置を代表として採用。,STEP116_SELECTED_MAX_TOTAL_FROM_STEP106_RECALCULATED_9INEN,step106で各陣形有効ラインから再計算済みの9因縁行を使用し、重複組では総合値最大の配置を残す,魚鱗||通常||9||佐竹義重|北条氏照(剛柔)|斎藤道三(巳)|百地三太夫(野望)|豊臣秀次|豊臣秀長||侍|才腕の絆|技巧伝承|柔能制剛|生殺与奪|知勇兼備|知将の絆|立役者|謀略家,,step116_9inen_dedup_max_total,18704,18704,step164_verified_normal9,土属性,463
step116_9_魚鱗_000029,STEP116_9INEN_DEDUP_MAX_TOTAL_RESULT,step106_9inen_full_780_dedup_by_hero_set_bond_set_max_total,魚鱗,通常,9,長野業正|山県昌景(泰然)|島左近|細川忠興(山紫)|明智光秀(闇)|小松姫,長野業正|山県昌景(泰然)|島左近|細川忠興(山紫)|明智光秀(闇)|小松姫,侍|根性の絆|もののふ|泰然自若|鬼の絆|流行創出|戦場の華|老練闊達|勇猛果敢,侍|根性の絆|もののふ|泰然自若|鬼の絆|流行創出|戦場の華|老練闊達|勇猛果敢,14844,3061,666,489,104,137,248,428,465,470,452,ステータス計算済み,step116で9因縁780行を「陣形+配置英傑6人セット+発動因縁セット」で重複除外。同一組内は総合値最大の配置を代表として採用。,STEP116_SELECTED_MAX_TOTAL_FROM_STEP106_RECALCULATED_9INEN,step106で各陣形有効ラインから再計算済みの9因縁行を使用し、重複組では総合値最大の配置を残す,魚鱗||通常||9||小松姫|山県昌景(泰然)|島左近|明智光秀(闇)|細川忠興(山紫)|長野業正||もののふ|侍|勇猛果敢|戦場の華|根性の絆|泰然自若|流行創出|老練闊達|鬼の絆,,step116_9inen_dedup_max_total,21364,21364,step164_verified_normal9,土属性,428
step116_9_魚鱗_000028,STEP116_9INEN_DEDUP_MAX_TOTAL_RESULT,step106_9inen_full_780_dedup_by_hero_set_bond_set_max_total,魚鱗,通常,9,長野業正|山中鹿之介|島左近|細川忠興(山紫)|明智光秀(闇)|小松姫,長野業正|山中鹿之介|島左近|細川忠興(山紫)|明智光秀(闇)|小松姫,侍|根性の絆|もののふ|泰然自若|鬼の絆|流行創出|戦場の華|老練闊達|勇猛果敢,侍|根性の絆|もののふ|泰然自若|鬼の絆|流行創出|戦場の華|老練闊達|勇猛果敢,14897,3081,668,489,104,137,254,421,458,473,447,ステータス計算済み,step116で9因縁780行を「陣形+配置英傑6人セット+発動因縁セット」で重複除外。同一組内は総合値最大の配置を代表として採用。,STEP116_SELECTED_MAX_TOTAL_FROM_STEP106_RECALCULATED_9INEN,step106で各陣形有効ラインから再計算済みの9因縁行を使用し、重複組では総合値最大の配置を残す,魚鱗||通常||9||小松姫|山中鹿之介|島左近|明智光秀(闇)|細川忠興(山紫)|長野業正||もののふ|侍|勇猛果敢|戦場の華|根性の絆|泰然自若|流行創出|老練闊達|鬼の絆,,step116_9inen_dedup_max_total,21429,21429,step164_verified_normal9,土属性,421
step116_9_魚鱗_000032,STEP116_9INEN_DEDUP_MAX_TOTAL_RESULT,step106_9inen_full_780_dedup_by_hero_set_bond_set_max_total,魚鱗,通常,9,長野業正|山県昌景(泰然)|島左近|豊臣秀次|明智光秀(闇)|小松姫,長野業正|山県昌景(泰然)|島左近|豊臣秀次|明智光秀(闇)|小松姫,侍|根性の絆|もののふ|泰然自若|謀略家|流行創出|戦場の華|老練闊達|勇猛果敢,侍|根性の絆|もののふ|泰然自若|謀略家|流行創出|戦場の華|老練闊達|勇猛果敢,14462,2975,464,342,104,277,248,404,429,442,423,ステータス計算済み,step116で9因縁780行を「陣形+配置英傑6人セット+発動因縁セット」で重複除外。同一組内は総合値最大の配置を代表として採用。,STEP116_SELECTED_MAX_TOTAL_FROM_STEP106_RECALCULATED_9INEN,step106で各陣形有効ラインから再計算済みの9因縁行を使用し、重複組では総合値最大の配置を残す,魚鱗||通常||9||小松姫|山県昌景(泰然)|島左近|明智光秀(闇)|豊臣秀次|長野業正||もののふ|侍|勇猛果敢|戦場の華|根性の絆|泰然自若|流行創出|老練闊達|謀略家,,step116_9inen_dedup_max_total,20570,20570,step164_verified_normal9,土属性,404
step116_9_魚鱗_000031,STEP116_9INEN_DEDUP_MAX_TOTAL_RESULT,step106_9inen_full_780_dedup_by_hero_set_bond_set_max_total,魚鱗,通常,9,長野業正|山中鹿之介|島左近|豊臣秀次|明智光秀(闇)|小松姫,長野業正|山中鹿之介|島左近|豊臣秀次|明智光秀(闇)|小松姫,侍|根性の絆|もののふ|泰然自若|謀略家|流行創出|戦場の華|老練闊達|勇猛果敢,侍|根性の絆|もののふ|泰然自若|謀略家|流行創出|戦場の華|老練闊達|勇猛果敢,14515,2995,466,342,104,277,254,397,422,445,418,ステータス計算済み,step116で9因縁780行を「陣形+配置英傑6人セット+発動因縁セット」で重複除外。同一組内は総合値最大の配置を代表として採用。,STEP116_SELECTED_MAX_TOTAL_FROM_STEP106_RECALCULATED_9INEN,step106で各陣形有効ラインから再計算済みの9因縁行を使用し、重複組では総合値最大の配置を残す,魚鱗||通常||9||小松姫|山中鹿之介|島左近|明智光秀(闇)|豊臣秀次|長野業正||もののふ|侍|勇猛果敢|戦場の華|根性の絆|泰然自若|流行創出|老練闊達|謀略家,,step116_9inen_dedup_max_total,20635,20635,step164_verified_normal9,土属性,397
step116_9_魚鱗_000044,STEP116_9INEN_DEDUP_MAX_TOTAL_RESULT,step106_9inen_full_780_dedup_by_hero_set_bond_set_max_total,魚鱗,通常,9,納涼忍お綾|堀秀政|柳生宗矩|宮本武蔵(涼)|道場娘まり(和装)|仙桃院,納涼忍お綾|堀秀政|柳生宗矩|宮本武蔵(涼)|道場娘まり(和装)|仙桃院,才腕の絆|文明開化|技巧伝承|多芸多才|侍|剣豪の絆|豪傑|女傑の絆|能鷹隠爪,才腕の絆|文明開化|技巧伝承|多芸多才|侍|剣豪の絆|豪傑|女傑の絆|能鷹隠爪,13904,1403,749,202,665,154,589,367,371,393,423,ステータス計算済み,step116で9因縁780行を「陣形+配置英傑6人セット+発動因縁セット」で重複除外。同一組内は総合値最大の配置を代表として採用。,STEP116_SELECTED_MAX_TOTAL_FROM_STEP106_RECALCULATED_9INEN,step106で各陣形有効ラインから再計算済みの9因縁行を使用し、重複組では総合値最大の配置を残す,魚鱗||通常||9||仙桃院|堀秀政|宮本武蔵(涼)|柳生宗矩|納涼忍お綾|道場娘まり(和装)||侍|剣豪の絆|多芸多才|女傑の絆|才腕の絆|技巧伝承|文明開化|能鷹隠爪|豪傑,,step116_9inen_dedup_max_total,19220,19220,step164_verified_normal9,土属性,367
step116_9_魚鱗_000045,STEP116_9INEN_DEDUP_MAX_TOTAL_RESULT,step106_9inen_full_780_dedup_by_hero_set_bond_set_max_total,魚鱗,通常,9,納涼忍お綾|堀秀政|柳生宗矩|宮本武蔵(涼)|道場娘まり(和装)|井伊直虎,納涼忍お綾|堀秀政|柳生宗矩|宮本武蔵(涼)|道場娘まり(和装)|井伊直虎,才腕の絆|文明開化|技巧伝承|多芸多才|侍|剣豪の絆|豪傑|女傑の絆|戦場の華,才腕の絆|文明開化|技巧伝承|多芸多才|侍|剣豪の絆|豪傑|女傑の絆|戦場の華,13928,1403,772,86,665,154,590,367,371,393,423,ステータス計算済み,step116で9因縁780行を「陣形+配置英傑6人セット+発動因縁セット」で重複除外。同一組内は総合値最大の配置を代表として採用。,STEP116_SELECTED_MAX_TOTAL_FROM_STEP106_RECALCULATED_9INEN,step106で各陣形有効ラインから再計算済みの9因縁行を使用し、重複組では総合値最大の配置を残す,魚鱗||通常||9||井伊直虎|堀秀政|宮本武蔵(涼)|柳生宗矩|納涼忍お綾|道場娘まり(和装)||侍|剣豪の絆|多芸多才|女傑の絆|戦場の華|才腕の絆|技巧伝承|文明開化|豪傑,,step116_9inen_dedup_max_total,19152,19152,step164_verified_normal9,土属性,367
step116_9_魚鱗_000049,STEP116_9INEN_DEDUP_MAX_TOTAL_RESULT,step106_9inen_full_780_dedup_by_hero_set_bond_set_max_total,魚鱗,通常,9,納涼忍お綾|堀秀政|柳生宗矩|宮本武蔵(涼)|道場娘まり(和装)|武田信玄(野望),納涼忍お綾|堀秀政|柳生宗矩|宮本武蔵(涼)|道場娘まり(和装)|武田信玄(野望),才腕の絆|文明開化|技巧伝承|多芸多才|侍|剣豪の絆|豪傑|戦場の華|能鷹隠爪,才腕の絆|文明開化|技巧伝承|多芸多才|侍|剣豪の絆|豪傑|戦場の華|能鷹隠爪,13504,1403,565,195,665,154,553,367,371,393,423,ステータス計算済み,step116で9因縁780行を「陣形+配置英傑6人セット+発動因縁セット」で重複除外。同一組内は総合値最大の配置を代表として採用。,STEP116_SELECTED_MAX_TOTAL_FROM_STEP106_RECALCULATED_9INEN,step106で各陣形有効ラインから再計算済みの9因縁行を使用し、重複組では総合値最大の配置を残す,魚鱗||通常||9||堀秀政|宮本武蔵(涼)|柳生宗矩|武田信玄(野望)|納涼忍お綾|道場娘まり(和装)||侍|剣豪の絆|多芸多才|戦場の華|才腕の絆|技巧伝承|文明開化|能鷹隠爪|豪傑,,step116_9inen_dedup_max_total,18593,18593,step164_verified_normal9,土属性,367
step116_9_魚鱗_000051,STEP116_9INEN_DEDUP_MAX_TOTAL_RESULT,step106_9inen_full_780_dedup_by_hero_set_bond_set_max_total,魚鱗,通常,9,納涼忍お綾|堀秀政|柳生宗矩|明智光秀(闇)|井伊直虎|仙桃院,納涼忍お綾|堀秀政|柳生宗矩|明智光秀(闇)|井伊直虎|仙桃院,才腕の絆|文明開化|技巧伝承|多芸多才|豪傑|勇猛果敢|女傑の絆|戦場の華|能鷹隠爪,才腕の絆|文明開化|技巧伝承|多芸多才|豪傑|勇猛果敢|女傑の絆|戦場の華|能鷹隠爪,13564,975,657,174,634,154,729,367,371,393,423,ステータス計算済み,step116で9因縁780行を「陣形+配置英傑6人セット+発動因縁セット」で重複除外。同一組内は総合値最大の配置を代表として採用。,STEP116_SELECTED_MAX_TOTAL_FROM_STEP106_RECALCULATED_9INEN,step106で各陣形有効ラインから再計算済みの9因縁行を使用し、重複組では総合値最大の配置を残す,魚鱗||通常||9||井伊直虎|仙桃院|堀秀政|明智光秀(闇)|柳生宗矩|納涼忍お綾||勇猛果敢|多芸多才|女傑の絆|戦場の華|才腕の絆|技巧伝承|文明開化|能鷹隠爪|豪傑,,step116_9inen_dedup_max_total,18441,18441,step164_verified_normal9,土属性,367
step116_9_魚鱗_000052,STEP116_9INEN_DEDUP_MAX_TOTAL_RESULT,step106_9inen_full_780_dedup_by_hero_set_bond_set_max_total,魚鱗,通常,9,納涼忍お綾|堀秀政|柳生宗矩|上杉謙信(野望)|井伊直虎|仙桃院,納涼忍お綾|堀秀政|柳生宗矩|上杉謙信(野望)|井伊直虎|仙桃院,才腕の絆|文明開化|技巧伝承|多芸多才|豪傑|勇猛果敢|女傑の絆|戦場の華|能鷹隠爪,才腕の絆|文明開化|技巧伝承|多芸多才|豪傑|勇猛果敢|女傑の絆|戦場の華|能鷹隠爪,13524,975,635,174,636,154,729,367,371,393,423,ステータス計算済み,step116で9因縁780行を「陣形+配置英傑6人セット+発動因縁セット」で重複除外。同一組内は総合値最大の配置を代表として採用。,STEP116_SELECTED_MAX_TOTAL_FROM_STEP106_RECALCULATED_9INEN,step106で各陣形有効ラインから再計算済みの9因縁行を使用し、重複組では総合値最大の配置を残す,魚鱗||通常||9||上杉謙信(野望)|井伊直虎|仙桃院|堀秀政|柳生宗矩|納涼忍お綾||勇猛果敢|多芸多才|女傑の絆|戦場の華|才腕の絆|技巧伝承|文明開化|能鷹隠爪|豪傑,,step116_9inen_dedup_max_total,18381,18381,step164_verified_normal9,土属性,367
step116_9_魚鱗_000054,STEP116_9INEN_DEDUP_MAX_TOTAL_RESULT,step106_9inen_full_780_dedup_by_hero_set_bond_set_max_total,魚鱗,通常,9,納涼忍お綾|堀秀政|柳生宗矩|原虎胤|井伊直虎|仙桃院,納涼忍お綾|堀秀政|柳生宗矩|原虎胤|井伊直虎|仙桃院,才腕の絆|文明開化|技巧伝承|多芸多才|豪傑|勇猛果敢|女傑の絆|戦場の華|能鷹隠爪,才腕の絆|文明開化|技巧伝承|多芸多才|豪傑|勇猛果敢|女傑の絆|戦場の華|能鷹隠爪,13052,975,580,174,612,154,729,367,371,393,423,ステータス計算済み,step116で9因縁780行を「陣形+配置英傑6人セット+発動因縁セット」で重複除外。同一組内は総合値最大の配置を代表として採用。,STEP116_SELECTED_MAX_TOTAL_FROM_STEP106_RECALCULATED_9INEN,step106で各陣形有効ラインから再計算済みの9因縁行を使用し、重複組では総合値最大の配置を残す,魚鱗||通常||9||井伊直虎|仙桃院|原虎胤|堀秀政|柳生宗矩|納涼忍お綾||勇猛果敢|多芸多才|女傑の絆|戦場の華|才腕の絆|技巧伝承|文明開化|能鷹隠爪|豪傑,,step116_9inen_dedup_max_total,17830,17830,step164_verified_normal9,土属性,367
step116_9_魚鱗_000034,STEP116_9INEN_DEDUP_MAX_TOTAL_RESULT,step106_9inen_full_780_dedup_by_hero_set_bond_set_max_total,魚鱗,通常,9,山県昌景(泰然)|島左近|長野業正|明智光秀(闇)|小松姫|伊達政宗(起源),山県昌景(泰然)|島左近|長野業正|明智光秀(闇)|小松姫|伊達政宗(起源),侍|根性の絆|もののふ|泰然自若|戦場の華|老練闊達|勇猛果敢|武芸の絆|意気衝天,侍|根性の絆|もののふ|泰然自若|戦場の華|老練闊達|勇猛果敢|武芸の絆|意気衝天,14359,3561,556,392,221,110,248,217,224,240,227,ステータス計算済み,step116で9因縁780行を「陣形+配置英傑6人セット+発動因縁セット」で重複除外。同一組内は総合値最大の配置を代表として採用。,STEP116_SELECTED_MAX_TOTAL_FROM_STEP106_RECALCULATED_9INEN,step106で各陣形有効ラインから再計算済みの9因縁行を使用し、重複組では総合値最大の配置を残す,魚鱗||通常||9||伊達政宗(起源)|小松姫|山県昌景(泰然)|島左近|明智光秀(闇)|長野業正||もののふ|侍|勇猛果敢|意気衝天|戦場の華|根性の絆|武芸の絆|泰然自若|老練闊達,,step116_9inen_dedup_max_total,20355,20355,step164_verified_normal9,土属性,217
step116_9_魚鱗_000039,STEP116_9INEN_DEDUP_MAX_TOTAL_RESULT,step106_9inen_full_780_dedup_by_hero_set_bond_set_max_total,魚鱗,通常,9,山県昌景(泰然)|島左近|長野業正|明智光秀(闇)|小松姫|十河一存,山県昌景(泰然)|島左近|長野業正|明智光秀(闇)|小松姫|十河一存,侍|根性の絆|もののふ|泰然自若|戦場の華|老練闊達|勇猛果敢|武芸の絆|意気衝天,侍|根性の絆|もののふ|泰然自若|戦場の華|老練闊達|勇猛果敢|武芸の絆|意気衝天,13882,3313,545,385,203,96,248,217,224,240,227,ステータス計算済み,step116で9因縁780行を「陣形+配置英傑6人セット+発動因縁セット」で重複除外。同一組内は総合値最大の配置を代表として採用。,STEP116_SELECTED_MAX_TOTAL_FROM_STEP106_RECALCULATED_9INEN,step106で各陣形有効ラインから再計算済みの9因縁行を使用し、重複組では総合値最大の配置を残す,魚鱗||通常||9||十河一存|小松姫|山県昌景(泰然)|島左近|明智光秀(闇)|長野業正||もののふ|侍|勇猛果敢|意気衝天|戦場の華|根性の絆|武芸の絆|泰然自若|老練闊達,,step116_9inen_dedup_max_total,19580,19580,step164_verified_normal9,土属性,217
step116_9_魚鱗_000040,STEP116_9INEN_DEDUP_MAX_TOTAL_RESULT,step106_9inen_full_780_dedup_by_hero_set_bond_set_max_total,魚鱗,通常,9,山県昌景(泰然)|島左近|長野業正|明智光秀(闇)|小松姫|井伊直政,山県昌景(泰然)|島左近|長野業正|明智光秀(闇)|小松姫|井伊直政,侍|根性の絆|もののふ|泰然自若|戦場の華|老練闊達|勇猛果敢|武芸の絆|意気衝天,侍|根性の絆|もののふ|泰然自若|戦場の華|老練闊達|勇猛果敢|武芸の絆|意気衝天,13882,3313,544,386,199,96,248,217,224,240,227,ステータス計算済み,step116で9因縁780行を「陣形+配置英傑6人セット+発動因縁セット」で重複除外。同一組内は総合値最大の配置を代表として採用。,STEP116_SELECTED_MAX_TOTAL_FROM_STEP106_RECALCULATED_9INEN,step106で各陣形有効ラインから再計算済みの9因縁行を使用し、重複組では総合値最大の配置を残す,魚鱗||通常||9||井伊直政|小松姫|山県昌景(泰然)|島左近|明智光秀(闇)|長野業正||もののふ|侍|勇猛果敢|意気衝天|戦場の華|根性の絆|武芸の絆|泰然自若|老練闊達,,step116_9inen_dedup_max_total,19576,19576,step164_verified_normal9,土属性,217
step116_9_魚鱗_000021,STEP116_9INEN_DEDUP_MAX_TOTAL_RESULT,step106_9inen_full_780_dedup_by_hero_set_bond_set_max_total,魚鱗,通常,9,山中鹿之介|吉川元春|井伊直虎|宮本武蔵(涼)|島左近|長野業正,山中鹿之介|吉川元春|井伊直虎|宮本武蔵(涼)|島左近|長野業正,猛将の絆|勇猛果敢|意気衝天|軍学の絆|豪傑|侍|根性の絆|もののふ|泰然自若,猛将の絆|勇猛果敢|意気衝天|軍学の絆|豪傑|侍|根性の絆|もののふ|泰然自若,16076,4022,806,411,192,149,204,210,217,243,222,ステータス計算済み,step116で9因縁780行を「陣形+配置英傑6人セット+発動因縁セット」で重複除外。同一組内は総合値最大の配置を代表として採用。,STEP116_SELECTED_MAX_TOTAL_FROM_STEP106_RECALCULATED_9INEN,step106で各陣形有効ラインから再計算済みの9因縁行を使用し、重複組では総合値最大の配置を残す,魚鱗||通常||9||井伊直虎|吉川元春|宮本武蔵(涼)|山中鹿之介|島左近|長野業正||もののふ|侍|勇猛果敢|意気衝天|根性の絆|泰然自若|猛将の絆|豪傑|軍学の絆,,step116_9inen_dedup_max_total,22752,22752,step164_verified_normal9,土属性,210
step116_9_魚鱗_000022,STEP116_9INEN_DEDUP_MAX_TOTAL_RESULT,step106_9inen_full_780_dedup_by_hero_set_bond_set_max_total,魚鱗,通常,9,山中鹿之介|長野業正|島左近|山県昌景|井伊直虎|吉川元春,山中鹿之介|長野業正|島左近|山県昌景|井伊直虎|吉川元春,侍|根性の絆|もののふ|泰然自若|軍学の絆|豪傑|猛将の絆|勇猛果敢|意気衝天,侍|根性の絆|もののふ|泰然自若|軍学の絆|豪傑|猛将の絆|勇猛果敢|意気衝天,15788,4022,781,403,192,144,197,210,217,243,222,ステータス計算済み,step116で9因縁780行を「陣形+配置英傑6人セット+発動因縁セット」で重複除外。同一組内は総合値最大の配置を代表として採用。,STEP116_SELECTED_MAX_TOTAL_FROM_STEP106_RECALCULATED_9INEN,step106で各陣形有効ラインから再計算済みの9因縁行を使用し、重複組では総合値最大の配置を残す,魚鱗||通常||9||井伊直虎|吉川元春|山中鹿之介|山県昌景|島左近|長野業正||もののふ|侍|勇猛果敢|意気衝天|根性の絆|泰然自若|猛将の絆|豪傑|軍学の絆,,step116_9inen_dedup_max_total,22419,22419,step164_verified_normal9,土属性,210
step116_9_魚鱗_000025,STEP116_9INEN_DEDUP_MAX_TOTAL_RESULT,step106_9inen_full_780_dedup_by_hero_set_bond_set_max_total,魚鱗,通常,9,山中鹿之介|吉川元春|井伊直虎|柿崎景家|島左近|長野業正,山中鹿之介|吉川元春|井伊直虎|柿崎景家|島左近|長野業正,猛将の絆|勇猛果敢|意気衝天|軍学の絆|豪傑|侍|根性の絆|もののふ|泰然自若,猛将の絆|勇猛果敢|意気衝天|軍学の絆|豪傑|侍|根性の絆|もののふ|泰然自若,15696,4022,784,402,192,144,197,210,217,243,222,ステータス計算済み,step116で9因縁780行を「陣形+配置英傑6人セット+発動因縁セット」で重複除外。同一組内は総合値最大の配置を代表として採用。,STEP116_SELECTED_MAX_TOTAL_FROM_STEP106_RECALCULATED_9INEN,step106で各陣形有効ラインから再計算済みの9因縁行を使用し、重複組では総合値最大の配置を残す,魚鱗||通常||9||井伊直虎|吉川元春|山中鹿之介|島左近|柿崎景家|長野業正||もののふ|侍|勇猛果敢|意気衝天|根性の絆|泰然自若|猛将の絆|豪傑|軍学の絆,,step116_9inen_dedup_max_total,22329,22329,step164_verified_normal9,土属性,210
step116_9_魚鱗_000033,STEP116_9INEN_DEDUP_MAX_TOTAL_RESULT,step106_9inen_full_780_dedup_by_hero_set_bond_set_max_total,魚鱗,通常,9,山中鹿之介|島左近|長野業正|明智光秀(闇)|小松姫|伊達政宗(起源),山中鹿之介|島左近|長野業正|明智光秀(闇)|小松姫|伊達政宗(起源),侍|根性の絆|もののふ|泰然自若|戦場の華|老練闊達|勇猛果敢|武芸の絆|意気衝天,侍|根性の絆|もののふ|泰然自若|戦場の華|老練闊達|勇猛果敢|武芸の絆|意気衝天,14439,3655,559,392,225,110,254,210,217,243,222,ステータス計算済み,step116で9因縁780行を「陣形+配置英傑6人セット+発動因縁セット」で重複除外。同一組内は総合値最大の配置を代表として採用。,STEP116_SELECTED_MAX_TOTAL_FROM_STEP106_RECALCULATED_9INEN,step106で各陣形有効ラインから再計算済みの9因縁行を使用し、重複組では総合値最大の配置を残す,魚鱗||通常||9||伊達政宗(起源)|小松姫|山中鹿之介|島左近|明智光秀(闇)|長野業正||もののふ|侍|勇猛果敢|意気衝天|戦場の華|根性の絆|武芸の絆|泰然自若|老練闊達,,step116_9inen_dedup_max_total,20526,20526,step164_verified_normal9,土属性,210
step116_9_魚鱗_000037,STEP116_9INEN_DEDUP_MAX_TOTAL_RESULT,step106_9inen_full_780_dedup_by_hero_set_bond_set_max_total,魚鱗,通常,9,山中鹿之介|島左近|長野業正|明智光秀(闇)|小松姫|十河一存,山中鹿之介|島左近|長野業正|明智光秀(闇)|小松姫|十河一存,侍|根性の絆|もののふ|泰然自若|戦場の華|老練闊達|勇猛果敢|武芸の絆|意気衝天,侍|根性の絆|もののふ|泰然自若|戦場の華|老練闊達|勇猛果敢|武芸の絆|意気衝天,13961,3406,548,385,207,97,254,210,217,243,222,ステータス計算済み,step116で9因縁780行を「陣形+配置英傑6人セット+発動因縁セット」で重複除外。同一組内は総合値最大の配置を代表として採用。,STEP116_SELECTED_MAX_TOTAL_FROM_STEP106_RECALCULATED_9INEN,step106で各陣形有効ラインから再計算済みの9因縁行を使用し、重複組では総合値最大の配置を残す,魚鱗||通常||9||十河一存|小松姫|山中鹿之介|島左近|明智光秀(闇)|長野業正||もののふ|侍|勇猛果敢|意気衝天|戦場の華|根性の絆|武芸の絆|泰然自若|老練闊達,,step116_9inen_dedup_max_total,19750,19750,step164_verified_normal9,土属性,210
step116_9_魚鱗_000038,STEP116_9INEN_DEDUP_MAX_TOTAL_RESULT,step106_9inen_full_780_dedup_by_hero_set_bond_set_max_total,魚鱗,通常,9,山中鹿之介|島左近|長野業正|明智光秀(闇)|小松姫|井伊直政,山中鹿之介|島左近|長野業正|明智光秀(闇)|小松姫|井伊直政,侍|根性の絆|もののふ|泰然自若|戦場の華|老練闊達|勇猛果敢|武芸の絆|意気衝天,侍|根性の絆|もののふ|泰然自若|戦場の華|老練闊達|勇猛果敢|武芸の絆|意気衝天,13961,3406,547,386,203,97,254,210,217,243,222,ステータス計算済み,step116で9因縁780行を「陣形+配置英傑6人セット+発動因縁セット」で重複除外。同一組内は総合値最大の配置を代表として採用。,STEP116_SELECTED_MAX_TOTAL_FROM_STEP106_RECALCULATED_9INEN,step106で各陣形有効ラインから再計算済みの9因縁行を使用し、重複組では総合値最大の配置を残す,魚鱗||通常||9||井伊直政|小松姫|山中鹿之介|島左近|明智光秀(闇)|長野業正||もののふ|侍|勇猛果敢|意気衝天|戦場の華|根性の絆|武芸の絆|泰然自若|老練闊達,,step116_9inen_dedup_max_total,19746,19746,step164_verified_normal9,土属性,210
step116_9_魚鱗_000055,STEP116_9INEN_DEDUP_MAX_TOTAL_RESULT,step106_9inen_full_780_dedup_by_hero_set_bond_set_max_total,魚鱗,通常,9,柳生宗矩|宮本武蔵(涼)|道場娘まり(和装)|井伊直虎|魔女ルシア|谷忠澄,柳生宗矩|宮本武蔵(涼)|道場娘まり(和装)|井伊直虎|魔女ルシア|谷忠澄,侍|剣豪の絆|豪傑|女傑の絆|戦場の華|文明開化|技巧伝承|竜飛鳳舞|多芸多才,侍|剣豪の絆|豪傑|女傑の絆|戦場の華|文明開化|技巧伝承|竜飛鳳舞|多芸多才,13298,1346,869,79,374,263,593,156,153,147,177,ステータス計算済み,step116で9因縁780行を「陣形+配置英傑6人セット+発動因縁セット」で重複除外。同一組内は総合値最大の配置を代表として採用。,STEP116_SELECTED_MAX_TOTAL_FROM_STEP106_RECALCULATED_9INEN,step106で各陣形有効ラインから再計算済みの9因縁行を使用し、重複組では総合値最大の配置を残す,魚鱗||通常||9||井伊直虎|宮本武蔵(涼)|柳生宗矩|谷忠澄|道場娘まり(和装)|魔女ルシア||侍|剣豪の絆|多芸多才|女傑の絆|戦場の華|技巧伝承|文明開化|竜飛鳳舞|豪傑,,step116_9inen_dedup_max_total,17455,17455,step164_verified_normal9,土属性,156
step116_9_魚鱗_000030,STEP116_9INEN_DEDUP_MAX_TOTAL_RESULT,step106_9inen_full_780_dedup_by_hero_set_bond_set_max_total,魚鱗,通常,9,大内義隆|北条氏邦|出雲阿国(野望)|大祝鶴|魔女ルシア|細川藤孝(立役),大内義隆|北条氏邦|出雲阿国(野望)|大祝鶴|魔女ルシア|細川藤孝(立役),流行創出|多芸多才|神主・巫女|女傑の絆|洒落者の絆|文化人の絆|文明開化|技巧伝承|山紫水明,流行創出|多芸多才|神主・巫女|女傑の絆|洒落者の絆|文化人の絆|文明開化|技巧伝承|山紫水明,13386,2828,249,44,382,403,622,773,812,744,795,ステータス計算済み,step116で9因縁780行を「陣形+配置英傑6人セット+発動因縁セット」で重複除外。同一組内は総合値最大の配置を代表として採用。,STEP116_SELECTED_MAX_TOTAL_FROM_STEP106_RECALCULATED_9INEN,step106で各陣形有効ラインから再計算済みの9因縁行を使用し、重複組では総合値最大の配置を残す,魚鱗||通常||9||出雲阿国(野望)|北条氏邦|大内義隆|大祝鶴|細川藤孝(立役)|魔女ルシア||多芸多才|女傑の絆|山紫水明|技巧伝承|文化人の絆|文明開化|洒落者の絆|流行創出|神主・巫女,,step116_9inen_dedup_max_total,21038,21038,step164_verified_normal9,水属性,812
step116_9_魚鱗_000036,STEP116_9INEN_DEDUP_MAX_TOTAL_RESULT,step106_9inen_full_780_dedup_by_hero_set_bond_set_max_total,魚鱗,通常,9,豊臣秀長|北条氏照(剛柔)|豊臣秀次|細川藤孝(立役)|前田利家|武田晴信,豊臣秀長|北条氏照(剛柔)|豊臣秀次|細川藤孝(立役)|前田利家|武田晴信,知将の絆|立役者|技巧伝承|柔能制剛|文明開化|山紫水明|謀略家|雄材大略|摂理探究,知将の絆|立役者|技巧伝承|柔能制剛|文明開化|山紫水明|謀略家|雄材大略|摂理探究,14832,899,83,0,293,1068,158,641,619,659,618,ステータス計算済み,step116で9因縁780行を「陣形+配置英傑6人セット+発動因縁セット」で重複除外。同一組内は総合値最大の配置を代表として採用。,STEP116_SELECTED_MAX_TOTAL_FROM_STEP106_RECALCULATED_9INEN,step106で各陣形有効ラインから再計算済みの9因縁行を使用し、重複組では総合値最大の配置を残す,魚鱗||通常||9||前田利家|北条氏照(剛柔)|武田晴信|細川藤孝(立役)|豊臣秀次|豊臣秀長||山紫水明|技巧伝承|摂理探究|文明開化|柔能制剛|知将の絆|立役者|謀略家|雄材大略,,step116_9inen_dedup_max_total,19870,19870,step164_verified_normal9,水属性,619
step116_9_魚鱗_000035,STEP116_9INEN_DEDUP_MAX_TOTAL_RESULT,step106_9inen_full_780_dedup_by_hero_set_bond_set_max_total,魚鱗,通常,9,豊臣秀長|武田晴信|前田利家(雄材)|細川藤孝(立役)|豊臣秀次|北条氏照(剛柔),豊臣秀長|武田晴信|前田利家(雄材)|細川藤孝(立役)|豊臣秀次|北条氏照(剛柔),謀略家|雄材大略|摂理探究|文明開化|山紫水明|知将の絆|立役者|技巧伝承|柔能制剛,謀略家|雄材大略|摂理探究|文明開化|山紫水明|知将の絆|立役者|技巧伝承|柔能制剛,14832,899,83,0,293,1068,158,641,619,659,618,ステータス計算済み,step116で9因縁780行を「陣形+配置英傑6人セット+発動因縁セット」で重複除外。同一組内は総合値最大の配置を代表として採用。,STEP116_SELECTED_MAX_TOTAL_FROM_STEP106_RECALCULATED_9INEN,step106で各陣形有効ラインから再計算済みの9因縁行を使用し、重複組では総合値最大の配置を残す,魚鱗||通常||9||前田利家(雄材)|北条氏照(剛柔)|武田晴信|細川藤孝(立役)|豊臣秀次|豊臣秀長||山紫水明|技巧伝承|摂理探究|文明開化|柔能制剛|知将の絆|立役者|謀略家|雄材大略,,step116_9inen_dedup_max_total,19870,19870,step164_verified_normal9,水属性,619
step116_9_魚鱗_000024,STEP116_9INEN_DEDUP_MAX_TOTAL_RESULT,step106_9inen_full_780_dedup_by_hero_set_bond_set_max_total,魚鱗,通常,9,伊奈忠次|ガラシャ(聖)|斎藤利三(神祇)|毛利隆元|豊臣秀吉|酒井忠次(衣鉢),伊奈忠次|ガラシャ(聖)|斎藤利三(神祇)|毛利隆元|豊臣秀吉|酒井忠次(衣鉢),召喚術の絆|摂理探究|世渡り上手の絆|才腕の絆|謀略家|柔能制剛|技巧伝承|天神地祇|雄材大略,召喚術の絆|摂理探究|世渡り上手の絆|才腕の絆|謀略家|柔能制剛|技巧伝承|天神地祇|雄材大略,15387,3129,40,56,394,604,385,596,604,633,577,ステータス計算済み,step116で9因縁780行を「陣形+配置英傑6人セット+発動因縁セット」で重複除外。同一組内は総合値最大の配置を代表として採用。,STEP116_SELECTED_MAX_TOTAL_FROM_STEP106_RECALCULATED_9INEN,step106で各陣形有効ラインから再計算済みの9因縁行を使用し、重複組では総合値最大の配置を残す,魚鱗||通常||9||ガラシャ(聖)|伊奈忠次|斎藤利三(神祇)|毛利隆元|豊臣秀吉|酒井忠次(衣鉢)||世渡り上手の絆|召喚術の絆|天神地祇|才腕の絆|技巧伝承|摂理探究|柔能制剛|謀略家|雄材大略,,step116_9inen_dedup_max_total,22405,22405,step164_verified_normal9,水属性,604
step116_9_魚鱗_000023,STEP116_9INEN_DEDUP_MAX_TOTAL_RESULT,step106_9inen_full_780_dedup_by_hero_set_bond_set_max_total,魚鱗,通常,9,伊奈忠次|ガラシャ(聖)|斎藤利三(神祇)|毛利隆元|豊臣秀吉|酒井忠次(通),伊奈忠次|ガラシャ(聖)|斎藤利三(神祇)|毛利隆元|豊臣秀吉|酒井忠次(通),召喚術の絆|摂理探究|世渡り上手の絆|才腕の絆|謀略家|柔能制剛|技巧伝承|天神地祇|雄材大略,召喚術の絆|摂理探究|世渡り上手の絆|才腕の絆|謀略家|柔能制剛|技巧伝承|天神地祇|雄材大略,15387,3129,40,56,394,604,385,596,604,633,577,ステータス計算済み,step116で9因縁780行を「陣形+配置英傑6人セット+発動因縁セット」で重複除外。同一組内は総合値最大の配置を代表として採用。,STEP116_SELECTED_MAX_TOTAL_FROM_STEP106_RECALCULATED_9INEN,step106で各陣形有効ラインから再計算済みの9因縁行を使用し、重複組では総合値最大の配置を残す,魚鱗||通常||9||ガラシャ(聖)|伊奈忠次|斎藤利三(神祇)|毛利隆元|豊臣秀吉|酒井忠次(通)||世渡り上手の絆|召喚術の絆|天神地祇|才腕の絆|技巧伝承|摂理探究|柔能制剛|謀略家|雄材大略,,step116_9inen_dedup_max_total,22405,22405,step164_verified_normal9,水属性,604
step116_9_魚鱗_000043,STEP116_9INEN_DEDUP_MAX_TOTAL_RESULT,step106_9inen_full_780_dedup_by_hero_set_bond_set_max_total,魚鱗,通常,9,豊臣秀長|北条氏照(剛柔)|豊臣秀次|細川藤孝(立役)|前田利家|上杉憲政,豊臣秀長|北条氏照(剛柔)|豊臣秀次|細川藤孝(立役)|前田利家|上杉憲政,知将の絆|立役者|技巧伝承|柔能制剛|文明開化|山紫水明|謀略家|雄材大略|摂理探究,知将の絆|立役者|技巧伝承|柔能制剛|文明開化|山紫水明|謀略家|雄材大略|摂理探究,14490,861,86,0,293,998,158,609,593,632,592,ステータス計算済み,step116で9因縁780行を「陣形+配置英傑6人セット+発動因縁セット」で重複除外。同一組内は総合値最大の配置を代表として採用。,STEP116_SELECTED_MAX_TOTAL_FROM_STEP106_RECALCULATED_9INEN,step106で各陣形有効ラインから再計算済みの9因縁行を使用し、重複組では総合値最大の配置を残す,魚鱗||通常||9||上杉憲政|前田利家|北条氏照(剛柔)|細川藤孝(立役)|豊臣秀次|豊臣秀長||山紫水明|技巧伝承|摂理探究|文明開化|柔能制剛|知将の絆|立役者|謀略家|雄材大略,,step116_9inen_dedup_max_total,19312,19312,step164_verified_normal9,水属性,593
step116_9_魚鱗_000042,STEP116_9INEN_DEDUP_MAX_TOTAL_RESULT,step106_9inen_full_780_dedup_by_hero_set_bond_set_max_total,魚鱗,通常,9,豊臣秀長|上杉憲政|前田利家(雄材)|細川藤孝(立役)|豊臣秀次|北条氏照(剛柔),豊臣秀長|上杉憲政|前田利家(雄材)|細川藤孝(立役)|豊臣秀次|北条氏照(剛柔),謀略家|雄材大略|摂理探究|文明開化|山紫水明|知将の絆|立役者|技巧伝承|柔能制剛,謀略家|雄材大略|摂理探究|文明開化|山紫水明|知将の絆|立役者|技巧伝承|柔能制剛,14490,861,86,0,293,998,158,609,593,632,592,ステータス計算済み,step116で9因縁780行を「陣形+配置英傑6人セット+発動因縁セット」で重複除外。同一組内は総合値最大の配置を代表として採用。,STEP116_SELECTED_MAX_TOTAL_FROM_STEP106_RECALCULATED_9INEN,step106で各陣形有効ラインから再計算済みの9因縁行を使用し、重複組では総合値最大の配置を残す,魚鱗||通常||9||上杉憲政|前田利家(雄材)|北条氏照(剛柔)|細川藤孝(立役)|豊臣秀次|豊臣秀長||山紫水明|技巧伝承|摂理探究|文明開化|柔能制剛|知将の絆|立役者|謀略家|雄材大略,,step116_9inen_dedup_max_total,19312,19312,step164_verified_normal9,水属性,593
step116_9_魚鱗_000047,STEP116_9INEN_DEDUP_MAX_TOTAL_RESULT,step106_9inen_full_780_dedup_by_hero_set_bond_set_max_total,魚鱗,通常,9,北条氏照(剛柔)|金森長近|雑賀孫市(道化)|黒田長政|黒田官兵衛|豊臣秀長,北条氏照(剛柔)|金森長近|雑賀孫市(道化)|黒田長政|黒田官兵衛|豊臣秀長,文明開化|技巧伝承|知勇兼備|才腕の絆|硝煙弾雨|多芸多才|知将の絆|立役者|柔能制剛,文明開化|技巧伝承|知勇兼備|才腕の絆|硝煙弾雨|多芸多才|知将の絆|立役者|柔能制剛,11393,3272,161,123,694,707,312,511,585,529,504,ステータス計算済み,step116で9因縁780行を「陣形+配置英傑6人セット+発動因縁セット」で重複除外。同一組内は総合値最大の配置を代表として採用。,STEP116_SELECTED_MAX_TOTAL_FROM_STEP106_RECALCULATED_9INEN,step106で各陣形有効ラインから再計算済みの9因縁行を使用し、重複組では総合値最大の配置を残す,魚鱗||通常||9||北条氏照(剛柔)|豊臣秀長|金森長近|雑賀孫市(道化)|黒田官兵衛|黒田長政||多芸多才|才腕の絆|技巧伝承|文明開化|柔能制剛|知勇兼備|知将の絆|硝煙弾雨|立役者,,step116_9inen_dedup_max_total,18791,18791,step164_verified_normal9,水属性,585
step116_9_魚鱗_000046,STEP116_9INEN_DEDUP_MAX_TOTAL_RESULT,step106_9inen_full_780_dedup_by_hero_set_bond_set_max_total,魚鱗,通常,9,北条氏照(剛柔)|金森長近|雑賀孫市(道化)|黒田長政|黒田官兵衛|鍋島直茂(乱雲),北条氏照(剛柔)|金森長近|雑賀孫市(道化)|黒田長政|黒田官兵衛|鍋島直茂(乱雲),文明開化|技巧伝承|知勇兼備|才腕の絆|硝煙弾雨|多芸多才|知将の絆|立役者|柔能制剛,文明開化|技巧伝承|知勇兼備|才腕の絆|硝煙弾雨|多芸多才|知将の絆|立役者|柔能制剛,11606,3272,161,123,696,703,312,506,583,521,502,ステータス計算済み,step116で9因縁780行を「陣形+配置英傑6人セット+発動因縁セット」で重複除外。同一組内は総合値最大の配置を代表として採用。,STEP116_SELECTED_MAX_TOTAL_FROM_STEP106_RECALCULATED_9INEN,step106で各陣形有効ラインから再計算済みの9因縁行を使用し、重複組では総合値最大の配置を残す,魚鱗||通常||9||北条氏照(剛柔)|金森長近|鍋島直茂(乱雲)|雑賀孫市(道化)|黒田官兵衛|黒田長政||多芸多才|才腕の絆|技巧伝承|文明開化|柔能制剛|知勇兼備|知将の絆|硝煙弾雨|立役者,,step116_9inen_dedup_max_total,18985,18985,step164_verified_normal9,水属性,583
step116_9_魚鱗_000053,STEP116_9INEN_DEDUP_MAX_TOTAL_RESULT,step106_9inen_full_780_dedup_by_hero_set_bond_set_max_total,魚鱗,通常,9,北条氏照(剛柔)|金森長近|雑賀孫市(道化)|大久保忠世|黒田官兵衛|豊臣秀長,北条氏照(剛柔)|金森長近|雑賀孫市(道化)|大久保忠世|黒田官兵衛|豊臣秀長,文明開化|技巧伝承|知勇兼備|才腕の絆|硝煙弾雨|多芸多才|知将の絆|立役者|柔能制剛,文明開化|技巧伝承|知勇兼備|才腕の絆|硝煙弾雨|多芸多才|知将の絆|立役者|柔能制剛,11154,3232,157,118,688,695,306,482,557,496,478,ステータス計算済み,step116で9因縁780行を「陣形+配置英傑6人セット+発動因縁セット」で重複除外。同一組内は総合値最大の配置を代表として採用。,STEP116_SELECTED_MAX_TOTAL_FROM_STEP106_RECALCULATED_9INEN,step106で各陣形有効ラインから再計算済みの9因縁行を使用し、重複組では総合値最大の配置を残す,魚鱗||通常||9||北条氏照(剛柔)|大久保忠世|豊臣秀長|金森長近|雑賀孫市(道化)|黒田官兵衛||多芸多才|才腕の絆|技巧伝承|文明開化|柔能制剛|知勇兼備|知将の絆|硝煙弾雨|立役者,,step116_9inen_dedup_max_total,18363,18363,step164_verified_normal9,水属性,557
step116_9_魚鱗_000027,STEP116_9INEN_DEDUP_MAX_TOTAL_RESULT,step106_9inen_full_780_dedup_by_hero_set_bond_set_max_total,魚鱗,通常,9,伊奈忠次|サンチョ|斎藤利三(神祇)|毛利隆元|豊臣秀吉|酒井忠次(衣鉢),伊奈忠次|サンチョ|斎藤利三(神祇)|毛利隆元|豊臣秀吉|酒井忠次(衣鉢),召喚術の絆|摂理探究|世渡り上手の絆|才腕の絆|謀略家|柔能制剛|技巧伝承|天神地祇|雄材大略,召喚術の絆|摂理探究|世渡り上手の絆|才腕の絆|謀略家|柔能制剛|技巧伝承|天神地祇|雄材大略,14916,3129,30,44,394,578,385,552,555,574,526,ステータス計算済み,step116で9因縁780行を「陣形+配置英傑6人セット+発動因縁セット」で重複除外。同一組内は総合値最大の配置を代表として採用。,STEP116_SELECTED_MAX_TOTAL_FROM_STEP106_RECALCULATED_9INEN,step106で各陣形有効ラインから再計算済みの9因縁行を使用し、重複組では総合値最大の配置を残す,魚鱗||通常||9||サンチョ|伊奈忠次|斎藤利三(神祇)|毛利隆元|豊臣秀吉|酒井忠次(衣鉢)||世渡り上手の絆|召喚術の絆|天神地祇|才腕の絆|技巧伝承|摂理探究|柔能制剛|謀略家|雄材大略,,step116_9inen_dedup_max_total,21683,21683,step164_verified_normal9,水属性,555
step116_9_魚鱗_000026,STEP116_9INEN_DEDUP_MAX_TOTAL_RESULT,step106_9inen_full_780_dedup_by_hero_set_bond_set_max_total,魚鱗,通常,9,伊奈忠次|サンチョ|斎藤利三(神祇)|毛利隆元|豊臣秀吉|酒井忠次(通),伊奈忠次|サンチョ|斎藤利三(神祇)|毛利隆元|豊臣秀吉|酒井忠次(通),召喚術の絆|摂理探究|世渡り上手の絆|才腕の絆|謀略家|柔能制剛|技巧伝承|天神地祇|雄材大略,召喚術の絆|摂理探究|世渡り上手の絆|才腕の絆|謀略家|柔能制剛|技巧伝承|天神地祇|雄材大略,14916,3129,30,44,394,578,385,552,555,574,526,ステータス計算済み,step116で9因縁780行を「陣形+配置英傑6人セット+発動因縁セット」で重複除外。同一組内は総合値最大の配置を代表として採用。,STEP116_SELECTED_MAX_TOTAL_FROM_STEP106_RECALCULATED_9INEN,step106で各陣形有効ラインから再計算済みの9因縁行を使用し、重複組では総合値最大の配置を残す,魚鱗||通常||9||サンチョ|伊奈忠次|斎藤利三(神祇)|毛利隆元|豊臣秀吉|酒井忠次(通)||世渡り上手の絆|召喚術の絆|天神地祇|才腕の絆|技巧伝承|摂理探究|柔能制剛|謀略家|雄材大略,,step116_9inen_dedup_max_total,21683,21683,step164_verified_normal9,水属性,555
step116_9_魚鱗_000050,STEP116_9INEN_DEDUP_MAX_TOTAL_RESULT,step106_9inen_full_780_dedup_by_hero_set_bond_set_max_total,魚鱗,通常,9,北条氏照(剛柔)|金森長近|雑賀孫市(道化)|大久保忠世|黒田官兵衛|鍋島直茂(乱雲),北条氏照(剛柔)|金森長近|雑賀孫市(道化)|大久保忠世|黒田官兵衛|鍋島直茂(乱雲),文明開化|技巧伝承|知勇兼備|才腕の絆|硝煙弾雨|多芸多才|知将の絆|立役者|柔能制剛,文明開化|技巧伝承|知勇兼備|才腕の絆|硝煙弾雨|多芸多才|知将の絆|立役者|柔能制剛,11367,3232,157,118,690,691,306,477,555,488,476,ステータス計算済み,step116で9因縁780行を「陣形+配置英傑6人セット+発動因縁セット」で重複除外。同一組内は総合値最大の配置を代表として採用。,STEP116_SELECTED_MAX_TOTAL_FROM_STEP106_RECALCULATED_9INEN,step106で各陣形有効ラインから再計算済みの9因縁行を使用し、重複組では総合値最大の配置を残す,魚鱗||通常||9||北条氏照(剛柔)|大久保忠世|金森長近|鍋島直茂(乱雲)|雑賀孫市(道化)|黒田官兵衛||多芸多才|才腕の絆|技巧伝承|文明開化|柔能制剛|知勇兼備|知将の絆|硝煙弾雨|立役者,,step116_9inen_dedup_max_total,18557,18557,step164_verified_normal9,水属性,555
step116_9_魚鱗_000016,STEP116_9INEN_DEDUP_MAX_TOTAL_RESULT,step106_9inen_full_780_dedup_by_hero_set_bond_set_max_total,魚鱗,通常,9,武田晴信|愛姫(起源)|細川藤孝(立役)|今川義元|前田利家|竹中半兵衛(右腕),武田晴信|愛姫(起源)|細川藤孝(立役)|今川義元|前田利家|竹中半兵衛(右腕),健康第一|老練闊達|質実剛健|文明開化|山紫水明|巧言令色|謀略家|雄材大略|摂理探究,健康第一|老練闊達|質実剛健|文明開化|山紫水明|巧言令色|謀略家|雄材大略|摂理探究,14808,4896,149,231,0,720,313,502,521,521,484,ステータス計算済み,step116で9因縁780行を「陣形+配置英傑6人セット+発動因縁セット」で重複除外。同一組内は総合値最大の配置を代表として採用。,STEP116_SELECTED_MAX_TOTAL_FROM_STEP106_RECALCULATED_9INEN,step106で各陣形有効ラインから再計算済みの9因縁行を使用し、重複組では総合値最大の配置を残す,魚鱗||通常||9||今川義元|前田利家|愛姫(起源)|武田晴信|竹中半兵衛(右腕)|細川藤孝(立役)||健康第一|山紫水明|巧言令色|摂理探究|文明開化|老練闊達|謀略家|質実剛健|雄材大略,,step116_9inen_dedup_max_total,23145,23145,step164_verified_normal9,水属性,521
step116_9_魚鱗_000015,STEP116_9INEN_DEDUP_MAX_TOTAL_RESULT,step106_9inen_full_780_dedup_by_hero_set_bond_set_max_total,魚鱗,通常,9,前田利家(雄材)|竹中半兵衛(右腕)|武田晴信|愛姫(起源)|細川藤孝(立役)|今川義元,前田利家(雄材)|竹中半兵衛(右腕)|武田晴信|愛姫(起源)|細川藤孝(立役)|今川義元,謀略家|雄材大略|摂理探究|健康第一|老練闊達|質実剛健|文明開化|山紫水明|巧言令色,謀略家|雄材大略|摂理探究|健康第一|老練闊達|質実剛健|文明開化|山紫水明|巧言令色,14808,4896,149,231,0,720,313,502,521,521,484,ステータス計算済み,step116で9因縁780行を「陣形+配置英傑6人セット+発動因縁セット」で重複除外。同一組内は総合値最大の配置を代表として採用。,STEP116_SELECTED_MAX_TOTAL_FROM_STEP106_RECALCULATED_9INEN,step106で各陣形有効ラインから再計算済みの9因縁行を使用し、重複組では総合値最大の配置を残す,魚鱗||通常||9||今川義元|前田利家(雄材)|愛姫(起源)|武田晴信|竹中半兵衛(右腕)|細川藤孝(立役)||健康第一|山紫水明|巧言令色|摂理探究|文明開化|老練闊達|謀略家|質実剛健|雄材大略,,step116_9inen_dedup_max_total,23145,23145,step164_verified_normal9,水属性,521
step116_9_魚鱗_000020,STEP116_9INEN_DEDUP_MAX_TOTAL_RESULT,step106_9inen_full_780_dedup_by_hero_set_bond_set_max_total,魚鱗,通常,9,武田晴信|高台院|細川藤孝(立役)|今川義元|前田利家|竹中半兵衛(右腕),武田晴信|高台院|細川藤孝(立役)|今川義元|前田利家|竹中半兵衛(右腕),健康第一|老練闊達|質実剛健|文明開化|山紫水明|巧言令色|謀略家|雄材大略|摂理探究,健康第一|老練闊達|質実剛健|文明開化|山紫水明|巧言令色|謀略家|雄材大略|摂理探究,14811,4870,137,226,0,724,313,501,519,517,481,ステータス計算済み,step116で9因縁780行を「陣形+配置英傑6人セット+発動因縁セット」で重複除外。同一組内は総合値最大の配置を代表として採用。,STEP116_SELECTED_MAX_TOTAL_FROM_STEP106_RECALCULATED_9INEN,step106で各陣形有効ラインから再計算済みの9因縁行を使用し、重複組では総合値最大の配置を残す,魚鱗||通常||9||今川義元|前田利家|武田晴信|竹中半兵衛(右腕)|細川藤孝(立役)|高台院||健康第一|山紫水明|巧言令色|摂理探究|文明開化|老練闊達|謀略家|質実剛健|雄材大略,,step116_9inen_dedup_max_total,23099,23099,step164_verified_normal9,水属性,519
step116_9_魚鱗_000019,STEP116_9INEN_DEDUP_MAX_TOTAL_RESULT,step106_9inen_full_780_dedup_by_hero_set_bond_set_max_total,魚鱗,通常,9,前田利家(雄材)|竹中半兵衛(右腕)|武田晴信|高台院|細川藤孝(立役)|今川義元,前田利家(雄材)|竹中半兵衛(右腕)|武田晴信|高台院|細川藤孝(立役)|今川義元,謀略家|雄材大略|摂理探究|健康第一|老練闊達|質実剛健|文明開化|山紫水明|巧言令色,謀略家|雄材大略|摂理探究|健康第一|老練闊達|質実剛健|文明開化|山紫水明|巧言令色,14811,4870,137,226,0,724,313,501,519,517,481,ステータス計算済み,step116で9因縁780行を「陣形+配置英傑6人セット+発動因縁セット」で重複除外。同一組内は総合値最大の配置を代表として採用。,STEP116_SELECTED_MAX_TOTAL_FROM_STEP106_RECALCULATED_9INEN,step106で各陣形有効ラインから再計算済みの9因縁行を使用し、重複組では総合値最大の配置を残す,魚鱗||通常||9||今川義元|前田利家(雄材)|武田晴信|竹中半兵衛(右腕)|細川藤孝(立役)|高台院||健康第一|山紫水明|巧言令色|摂理探究|文明開化|老練闊達|謀略家|質実剛健|雄材大略,,step116_9inen_dedup_max_total,23099,23099,step164_verified_normal9,水属性,519
step116_9_魚鱗_000014,STEP116_9INEN_DEDUP_MAX_TOTAL_RESULT,step106_9inen_full_780_dedup_by_hero_set_bond_set_max_total,魚鱗,通常,9,武田晴信|愛姫(起源)|細川藤孝(立役)|今川義元|前田利家|丹羽長秀(風雲),武田晴信|愛姫(起源)|細川藤孝(立役)|今川義元|前田利家|丹羽長秀(風雲),健康第一|老練闊達|質実剛健|文明開化|山紫水明|巧言令色|謀略家|雄材大略|摂理探究,健康第一|老練闊達|質実剛健|文明開化|山紫水明|巧言令色|謀略家|雄材大略|摂理探究,14973,4838,144,231,0,712,313,474,517,517,456,ステータス計算済み,step116で9因縁780行を「陣形+配置英傑6人セット+発動因縁セット」で重複除外。同一組内は総合値最大の配置を代表として採用。,STEP116_SELECTED_MAX_TOTAL_FROM_STEP106_RECALCULATED_9INEN,step106で各陣形有効ラインから再計算済みの9因縁行を使用し、重複組では総合値最大の配置を残す,魚鱗||通常||9||丹羽長秀(風雲)|今川義元|前田利家|愛姫(起源)|武田晴信|細川藤孝(立役)||健康第一|山紫水明|巧言令色|摂理探究|文明開化|老練闊達|謀略家|質実剛健|雄材大略,,step116_9inen_dedup_max_total,23175,23175,step164_verified_normal9,水属性,517
step116_9_魚鱗_000013,STEP116_9INEN_DEDUP_MAX_TOTAL_RESULT,step106_9inen_full_780_dedup_by_hero_set_bond_set_max_total,魚鱗,通常,9,前田利家(雄材)|丹羽長秀(風雲)|武田晴信|愛姫(起源)|細川藤孝(立役)|今川義元,前田利家(雄材)|丹羽長秀(風雲)|武田晴信|愛姫(起源)|細川藤孝(立役)|今川義元,謀略家|雄材大略|摂理探究|健康第一|老練闊達|質実剛健|文明開化|山紫水明|巧言令色,謀略家|雄材大略|摂理探究|健康第一|老練闊達|質実剛健|文明開化|山紫水明|巧言令色,14973,4838,144,231,0,712,313,474,517,517,456,ステータス計算済み,step116で9因縁780行を「陣形+配置英傑6人セット+発動因縁セット」で重複除外。同一組内は総合値最大の配置を代表として採用。,STEP116_SELECTED_MAX_TOTAL_FROM_STEP106_RECALCULATED_9INEN,step106で各陣形有効ラインから再計算済みの9因縁行を使用し、重複組では総合値最大の配置を残す,魚鱗||通常||9||丹羽長秀(風雲)|今川義元|前田利家(雄材)|愛姫(起源)|武田晴信|細川藤孝(立役)||健康第一|山紫水明|巧言令色|摂理探究|文明開化|老練闊達|謀略家|質実剛健|雄材大略,,step116_9inen_dedup_max_total,23175,23175,step164_verified_normal9,水属性,517
step116_9_魚鱗_000018,STEP116_9INEN_DEDUP_MAX_TOTAL_RESULT,step106_9inen_full_780_dedup_by_hero_set_bond_set_max_total,魚鱗,通常,9,武田晴信|高台院|細川藤孝(立役)|今川義元|前田利家|丹羽長秀(風雲),武田晴信|高台院|細川藤孝(立役)|今川義元|前田利家|丹羽長秀(風雲),健康第一|老練闊達|質実剛健|文明開化|山紫水明|巧言令色|謀略家|雄材大略|摂理探究,健康第一|老練闊達|質実剛健|文明開化|山紫水明|巧言令色|謀略家|雄材大略|摂理探究,14976,4813,132,226,0,716,313,473,515,513,453,ステータス計算済み,step116で9因縁780行を「陣形+配置英傑6人セット+発動因縁セット」で重複除外。同一組内は総合値最大の配置を代表として採用。,STEP116_SELECTED_MAX_TOTAL_FROM_STEP106_RECALCULATED_9INEN,step106で各陣形有効ラインから再計算済みの9因縁行を使用し、重複組では総合値最大の配置を残す,魚鱗||通常||9||丹羽長秀(風雲)|今川義元|前田利家|武田晴信|細川藤孝(立役)|高台院||健康第一|山紫水明|巧言令色|摂理探究|文明開化|老練闊達|謀略家|質実剛健|雄材大略,,step116_9inen_dedup_max_total,23130,23130,step164_verified_normal9,水属性,515
step116_9_魚鱗_000017,STEP116_9INEN_DEDUP_MAX_TOTAL_RESULT,step106_9inen_full_780_dedup_by_hero_set_bond_set_max_total,魚鱗,通常,9,前田利家(雄材)|丹羽長秀(風雲)|武田晴信|高台院|細川藤孝(立役)|今川義元,前田利家(雄材)|丹羽長秀(風雲)|武田晴信|高台院|細川藤孝(立役)|今川義元,謀略家|雄材大略|摂理探究|健康第一|老練闊達|質実剛健|文明開化|山紫水明|巧言令色,謀略家|雄材大略|摂理探究|健康第一|老練闊達|質実剛健|文明開化|山紫水明|巧言令色,14976,4813,132,226,0,716,313,473,515,513,453,ステータス計算済み,step116で9因縁780行を「陣形+配置英傑6人セット+発動因縁セット」で重複除外。同一組内は総合値最大の配置を代表として採用。,STEP116_SELECTED_MAX_TOTAL_FROM_STEP106_RECALCULATED_9INEN,step106で各陣形有効ラインから再計算済みの9因縁行を使用し、重複組では総合値最大の配置を残す,魚鱗||通常||9||丹羽長秀(風雲)|今川義元|前田利家(雄材)|武田晴信|細川藤孝(立役)|高台院||健康第一|山紫水明|巧言令色|摂理探究|文明開化|老練闊達|謀略家|質実剛健|雄材大略,,step116_9inen_dedup_max_total,23130,23130,step164_verified_normal9,水属性,515
step116_9_魚鱗_000010,STEP116_9INEN_DEDUP_MAX_TOTAL_RESULT,step106_9inen_full_780_dedup_by_hero_set_bond_set_max_total,魚鱗,通常,9,武田晴信|愛姫(起源)|細川藤孝(立役)|今川義元|前田利家|豊臣秀長,武田晴信|愛姫(起源)|細川藤孝(立役)|今川義元|前田利家|豊臣秀長,健康第一|老練闊達|質実剛健|文明開化|山紫水明|巧言令色|謀略家|雄材大略|摂理探究,健康第一|老練闊達|質実剛健|文明開化|山紫水明|巧言令色|謀略家|雄材大略|摂理探究,15036,4864,157,231,0,719,313,490,509,512,472,ステータス計算済み,step116で9因縁780行を「陣形+配置英傑6人セット+発動因縁セット」で重複除外。同一組内は総合値最大の配置を代表として採用。,STEP116_SELECTED_MAX_TOTAL_FROM_STEP106_RECALCULATED_9INEN,step106で各陣形有効ラインから再計算済みの9因縁行を使用し、重複組では総合値最大の配置を残す,魚鱗||通常||9||今川義元|前田利家|愛姫(起源)|武田晴信|細川藤孝(立役)|豊臣秀長||健康第一|山紫水明|巧言令色|摂理探究|文明開化|老練闊達|謀略家|質実剛健|雄材大略,,step116_9inen_dedup_max_total,23303,23303,step164_verified_normal9,水属性,509
step116_9_魚鱗_000009,STEP116_9INEN_DEDUP_MAX_TOTAL_RESULT,step106_9inen_full_780_dedup_by_hero_set_bond_set_max_total,魚鱗,通常,9,前田利家(雄材)|豊臣秀長|武田晴信|愛姫(起源)|細川藤孝(立役)|今川義元,前田利家(雄材)|豊臣秀長|武田晴信|愛姫(起源)|細川藤孝(立役)|今川義元,謀略家|雄材大略|摂理探究|健康第一|老練闊達|質実剛健|文明開化|山紫水明|巧言令色,謀略家|雄材大略|摂理探究|健康第一|老練闊達|質実剛健|文明開化|山紫水明|巧言令色,15036,4864,157,231,0,719,313,490,509,512,472,ステータス計算済み,step116で9因縁780行を「陣形+配置英傑6人セット+発動因縁セット」で重複除外。同一組内は総合値最大の配置を代表として採用。,STEP116_SELECTED_MAX_TOTAL_FROM_STEP106_RECALCULATED_9INEN,step106で各陣形有効ラインから再計算済みの9因縁行を使用し、重複組では総合値最大の配置を残す,魚鱗||通常||9||今川義元|前田利家(雄材)|愛姫(起源)|武田晴信|細川藤孝(立役)|豊臣秀長||健康第一|山紫水明|巧言令色|摂理探究|文明開化|老練闊達|謀略家|質実剛健|雄材大略,,step116_9inen_dedup_max_total,23303,23303,step164_verified_normal9,水属性,509
step116_9_魚鱗_000012,STEP116_9INEN_DEDUP_MAX_TOTAL_RESULT,step106_9inen_full_780_dedup_by_hero_set_bond_set_max_total,魚鱗,通常,9,武田晴信|高台院|細川藤孝(立役)|今川義元|前田利家|豊臣秀長,武田晴信|高台院|細川藤孝(立役)|今川義元|前田利家|豊臣秀長,健康第一|老練闊達|質実剛健|文明開化|山紫水明|巧言令色|謀略家|雄材大略|摂理探究,健康第一|老練闊達|質実剛健|文明開化|山紫水明|巧言令色|謀略家|雄材大略|摂理探究,15039,4838,145,226,0,723,313,489,507,508,469,ステータス計算済み,step116で9因縁780行を「陣形+配置英傑6人セット+発動因縁セット」で重複除外。同一組内は総合値最大の配置を代表として採用。,STEP116_SELECTED_MAX_TOTAL_FROM_STEP106_RECALCULATED_9INEN,step106で各陣形有効ラインから再計算済みの9因縁行を使用し、重複組では総合値最大の配置を残す,魚鱗||通常||9||今川義元|前田利家|武田晴信|細川藤孝(立役)|豊臣秀長|高台院||健康第一|山紫水明|巧言令色|摂理探究|文明開化|老練闊達|謀略家|質実剛健|雄材大略,,step116_9inen_dedup_max_total,23257,23257,step164_verified_normal9,水属性,507
step116_9_魚鱗_000011,STEP116_9INEN_DEDUP_MAX_TOTAL_RESULT,step106_9inen_full_780_dedup_by_hero_set_bond_set_max_total,魚鱗,通常,9,前田利家(雄材)|豊臣秀長|武田晴信|高台院|細川藤孝(立役)|今川義元,前田利家(雄材)|豊臣秀長|武田晴信|高台院|細川藤孝(立役)|今川義元,謀略家|雄材大略|摂理探究|健康第一|老練闊達|質実剛健|文明開化|山紫水明|巧言令色,謀略家|雄材大略|摂理探究|健康第一|老練闊達|質実剛健|文明開化|山紫水明|巧言令色,15039,4838,145,226,0,723,313,489,507,508,469,ステータス計算済み,step116で9因縁780行を「陣形+配置英傑6人セット+発動因縁セット」で重複除外。同一組内は総合値最大の配置を代表として採用。,STEP116_SELECTED_MAX_TOTAL_FROM_STEP106_RECALCULATED_9INEN,step106で各陣形有効ラインから再計算済みの9因縁行を使用し、重複組では総合値最大の配置を残す,魚鱗||通常||9||今川義元|前田利家(雄材)|武田晴信|細川藤孝(立役)|豊臣秀長|高台院||健康第一|山紫水明|巧言令色|摂理探究|文明開化|老練闊達|謀略家|質実剛健|雄材大略,,step116_9inen_dedup_max_total,23257,23257,step164_verified_normal9,水属性,507
step116_9_魚鱗_000002,STEP116_9INEN_DEDUP_MAX_TOTAL_RESULT,step106_9inen_full_780_dedup_by_hero_set_bond_set_max_total,魚鱗,通常,9,武田晴信|愛姫(起源)|細川藤孝(立役)|今川義元|前田利家|鍋島直茂(乱雲),武田晴信|愛姫(起源)|細川藤孝(立役)|今川義元|前田利家|鍋島直茂(乱雲),健康第一|老練闊達|質実剛健|文明開化|山紫水明|巧言令色|謀略家|雄材大略|摂理探究,健康第一|老練闊達|質実剛健|文明開化|山紫水明|巧言令色|謀略家|雄材大略|摂理探究,15234,4833,161,231,0,715,313,483,506,501,469,ステータス計算済み,step116で9因縁780行を「陣形+配置英傑6人セット+発動因縁セット」で重複除外。同一組内は総合値最大の配置を代表として採用。,STEP116_SELECTED_MAX_TOTAL_FROM_STEP106_RECALCULATED_9INEN,step106で各陣形有効ラインから再計算済みの9因縁行を使用し、重複組では総合値最大の配置を残す,魚鱗||通常||9||今川義元|前田利家|愛姫(起源)|武田晴信|細川藤孝(立役)|鍋島直茂(乱雲)||健康第一|山紫水明|巧言令色|摂理探究|文明開化|老練闊達|謀略家|質実剛健|雄材大略,,step116_9inen_dedup_max_total,23446,23446,step164_verified_normal9,水属性,506
step116_9_魚鱗_000001,STEP116_9INEN_DEDUP_MAX_TOTAL_RESULT,step106_9inen_full_780_dedup_by_hero_set_bond_set_max_total,魚鱗,通常,9,前田利家(雄材)|鍋島直茂(乱雲)|武田晴信|愛姫(起源)|細川藤孝(立役)|今川義元,前田利家(雄材)|鍋島直茂(乱雲)|武田晴信|愛姫(起源)|細川藤孝(立役)|今川義元,謀略家|雄材大略|摂理探究|健康第一|老練闊達|質実剛健|文明開化|山紫水明|巧言令色,謀略家|雄材大略|摂理探究|健康第一|老練闊達|質実剛健|文明開化|山紫水明|巧言令色,15234,4833,161,231,0,715,313,483,506,501,469,ステータス計算済み,step116で9因縁780行を「陣形+配置英傑6人セット+発動因縁セット」で重複除外。同一組内は総合値最大の配置を代表として採用。,STEP116_SELECTED_MAX_TOTAL_FROM_STEP106_RECALCULATED_9INEN,step106で各陣形有効ラインから再計算済みの9因縁行を使用し、重複組では総合値最大の配置を残す,魚鱗||通常||9||今川義元|前田利家(雄材)|愛姫(起源)|武田晴信|細川藤孝(立役)|鍋島直茂(乱雲)||健康第一|山紫水明|巧言令色|摂理探究|文明開化|老練闊達|謀略家|質実剛健|雄材大略,,step116_9inen_dedup_max_total,23446,23446,step164_verified_normal9,水属性,506
step116_9_魚鱗_000004,STEP116_9INEN_DEDUP_MAX_TOTAL_RESULT,step106_9inen_full_780_dedup_by_hero_set_bond_set_max_total,魚鱗,通常,9,武田晴信|高台院|細川藤孝(立役)|今川義元|前田利家|鍋島直茂(乱雲),武田晴信|高台院|細川藤孝(立役)|今川義元|前田利家|鍋島直茂(乱雲),健康第一|老練闊達|質実剛健|文明開化|山紫水明|巧言令色|謀略家|雄材大略|摂理探究,健康第一|老練闊達|質実剛健|文明開化|山紫水明|巧言令色|謀略家|雄材大略|摂理探究,15237,4808,149,226,0,719,313,482,504,497,466,ステータス計算済み,step116で9因縁780行を「陣形+配置英傑6人セット+発動因縁セット」で重複除外。同一組内は総合値最大の配置を代表として採用。,STEP116_SELECTED_MAX_TOTAL_FROM_STEP106_RECALCULATED_9INEN,step106で各陣形有効ラインから再計算済みの9因縁行を使用し、重複組では総合値最大の配置を残す,魚鱗||通常||9||今川義元|前田利家|武田晴信|細川藤孝(立役)|鍋島直茂(乱雲)|高台院||健康第一|山紫水明|巧言令色|摂理探究|文明開化|老練闊達|謀略家|質実剛健|雄材大略,,step116_9inen_dedup_max_total,23401,23401,step164_verified_normal9,水属性,504
step116_9_魚鱗_000003,STEP116_9INEN_DEDUP_MAX_TOTAL_RESULT,step106_9inen_full_780_dedup_by_hero_set_bond_set_max_total,魚鱗,通常,9,前田利家(雄材)|鍋島直茂(乱雲)|武田晴信|高台院|細川藤孝(立役)|今川義元,前田利家(雄材)|鍋島直茂(乱雲)|武田晴信|高台院|細川藤孝(立役)|今川義元,謀略家|雄材大略|摂理探究|健康第一|老練闊達|質実剛健|文明開化|山紫水明|巧言令色,謀略家|雄材大略|摂理探究|健康第一|老練闊達|質実剛健|文明開化|山紫水明|巧言令色,15237,4808,149,226,0,719,313,482,504,497,466,ステータス計算済み,step116で9因縁780行を「陣形+配置英傑6人セット+発動因縁セット」で重複除外。同一組内は総合値最大の配置を代表として採用。,STEP116_SELECTED_MAX_TOTAL_FROM_STEP106_RECALCULATED_9INEN,step106で各陣形有効ラインから再計算済みの9因縁行を使用し、重複組では総合値最大の配置を残す,魚鱗||通常||9||今川義元|前田利家(雄材)|武田晴信|細川藤孝(立役)|鍋島直茂(乱雲)|高台院||健康第一|山紫水明|巧言令色|摂理探究|文明開化|老練闊達|謀略家|質実剛健|雄材大略,,step116_9inen_dedup_max_total,23401,23401,step164_verified_normal9,水属性,504
step116_9_魚鱗_000006,STEP116_9INEN_DEDUP_MAX_TOTAL_RESULT,step106_9inen_full_780_dedup_by_hero_set_bond_set_max_total,魚鱗,通常,9,武田晴信|愛姫(起源)|細川藤孝(立役)|今川義元|前田利家|片倉景綱(右腕),武田晴信|愛姫(起源)|細川藤孝(立役)|今川義元|前田利家|片倉景綱(右腕),健康第一|老練闊達|質実剛健|文明開化|山紫水明|巧言令色|謀略家|雄材大略|摂理探究,健康第一|老練闊達|質実剛健|文明開化|山紫水明|巧言令色|謀略家|雄材大略|摂理探究,15159,4827,167,231,0,715,313,488,504,513,469,ステータス計算済み,step116で9因縁780行を「陣形+配置英傑6人セット+発動因縁セット」で重複除外。同一組内は総合値最大の配置を代表として採用。,STEP116_SELECTED_MAX_TOTAL_FROM_STEP106_RECALCULATED_9INEN,step106で各陣形有効ラインから再計算済みの9因縁行を使用し、重複組では総合値最大の配置を残す,魚鱗||通常||9||今川義元|前田利家|愛姫(起源)|武田晴信|片倉景綱(右腕)|細川藤孝(立役)||健康第一|山紫水明|巧言令色|摂理探究|文明開化|老練闊達|謀略家|質実剛健|雄材大略,,step116_9inen_dedup_max_total,23386,23386,step164_verified_normal9,水属性,504
step116_9_魚鱗_000005,STEP116_9INEN_DEDUP_MAX_TOTAL_RESULT,step106_9inen_full_780_dedup_by_hero_set_bond_set_max_total,魚鱗,通常,9,前田利家(雄材)|片倉景綱(右腕)|武田晴信|愛姫(起源)|細川藤孝(立役)|今川義元,前田利家(雄材)|片倉景綱(右腕)|武田晴信|愛姫(起源)|細川藤孝(立役)|今川義元,謀略家|雄材大略|摂理探究|健康第一|老練闊達|質実剛健|文明開化|山紫水明|巧言令色,謀略家|雄材大略|摂理探究|健康第一|老練闊達|質実剛健|文明開化|山紫水明|巧言令色,15159,4827,167,231,0,715,313,488,504,513,469,ステータス計算済み,step116で9因縁780行を「陣形+配置英傑6人セット+発動因縁セット」で重複除外。同一組内は総合値最大の配置を代表として採用。,STEP116_SELECTED_MAX_TOTAL_FROM_STEP106_RECALCULATED_9INEN,step106で各陣形有効ラインから再計算済みの9因縁行を使用し、重複組では総合値最大の配置を残す,魚鱗||通常||9||今川義元|前田利家(雄材)|愛姫(起源)|武田晴信|片倉景綱(右腕)|細川藤孝(立役)||健康第一|山紫水明|巧言令色|摂理探究|文明開化|老練闊達|謀略家|質実剛健|雄材大略,,step116_9inen_dedup_max_total,23386,23386,step164_verified_normal9,水属性,504
step116_9_魚鱗_000008,STEP116_9INEN_DEDUP_MAX_TOTAL_RESULT,step106_9inen_full_780_dedup_by_hero_set_bond_set_max_total,魚鱗,通常,9,武田晴信|高台院|細川藤孝(立役)|今川義元|前田利家|片倉景綱(右腕),武田晴信|高台院|細川藤孝(立役)|今川義元|前田利家|片倉景綱(右腕),健康第一|老練闊達|質実剛健|文明開化|山紫水明|巧言令色|謀略家|雄材大略|摂理探究,健康第一|老練闊達|質実剛健|文明開化|山紫水明|巧言令色|謀略家|雄材大略|摂理探究,15162,4802,155,226,0,719,313,487,502,509,466,ステータス計算済み,step116で9因縁780行を「陣形+配置英傑6人セット+発動因縁セット」で重複除外。同一組内は総合値最大の配置を代表として採用。,STEP116_SELECTED_MAX_TOTAL_FROM_STEP106_RECALCULATED_9INEN,step106で各陣形有効ラインから再計算済みの9因縁行を使用し、重複組では総合値最大の配置を残す,魚鱗||通常||9||今川義元|前田利家|武田晴信|片倉景綱(右腕)|細川藤孝(立役)|高台院||健康第一|山紫水明|巧言令色|摂理探究|文明開化|老練闊達|謀略家|質実剛健|雄材大略,,step116_9inen_dedup_max_total,23341,23341,step164_verified_normal9,水属性,502
step116_9_魚鱗_000007,STEP116_9INEN_DEDUP_MAX_TOTAL_RESULT,step106_9inen_full_780_dedup_by_hero_set_bond_set_max_total,魚鱗,通常,9,前田利家(雄材)|片倉景綱(右腕)|武田晴信|高台院|細川藤孝(立役)|今川義元,前田利家(雄材)|片倉景綱(右腕)|武田晴信|高台院|細川藤孝(立役)|今川義元,謀略家|雄材大略|摂理探究|健康第一|老練闊達|質実剛健|文明開化|山紫水明|巧言令色,謀略家|雄材大略|摂理探究|健康第一|老練闊達|質実剛健|文明開化|山紫水明|巧言令色,15162,4802,155,226,0,719,313,487,502,509,466,ステータス計算済み,step116で9因縁780行を「陣形+配置英傑6人セット+発動因縁セット」で重複除外。同一組内は総合値最大の配置を代表として採用。,STEP116_SELECTED_MAX_TOTAL_FROM_STEP106_RECALCULATED_9INEN,step106で各陣形有効ラインから再計算済みの9因縁行を使用し、重複組では総合値最大の配置を残す,魚鱗||通常||9||今川義元|前田利家(雄材)|武田晴信|片倉景綱(右腕)|細川藤孝(立役)|高台院||健康第一|山紫水明|巧言令色|摂理探究|文明開化|老練闊達|謀略家|質実剛健|雄材大略,,step116_9inen_dedup_max_total,23341,23341,step164_verified_normal9,水属性,502
step116_9_魚鱗_000041,STEP116_9INEN_DEDUP_MAX_TOTAL_RESULT,step106_9inen_full_780_dedup_by_hero_set_bond_set_max_total,魚鱗,通常,9,柳生宗矩|島左近|出雲阿国(野望)|大祝鶴|魔女ルシア|谷忠澄,柳生宗矩|島左近|出雲阿国(野望)|大祝鶴|魔女ルシア|谷忠澄,豪傑|流行創出|神主・巫女|女傑の絆|洒落者の絆|文明開化|技巧伝承|竜飛鳳舞|多芸多才,豪傑|流行創出|神主・巫女|女傑の絆|洒落者の絆|文明開化|技巧伝承|竜飛鳳舞|多芸多才,12761,2985,558,48,244,379,596,487,496,474,532,ステータス計算済み,step116で9因縁780行を「陣形+配置英傑6人セット+発動因縁セット」で重複除外。同一組内は総合値最大の配置を代表として採用。,STEP116_SELECTED_MAX_TOTAL_FROM_STEP106_RECALCULATED_9INEN,step106で各陣形有効ラインから再計算済みの9因縁行を使用し、重複組では総合値最大の配置を残す,魚鱗||通常||9||出雲阿国(野望)|大祝鶴|島左近|柳生宗矩|谷忠澄|魔女ルシア||多芸多才|女傑の絆|技巧伝承|文明開化|洒落者の絆|流行創出|神主・巫女|竜飛鳳舞|豪傑,,step116_9inen_dedup_max_total,19560,19560,step164_verified_normal9,水属性,496
step116_9_魚鱗_000029,STEP116_9INEN_DEDUP_MAX_TOTAL_RESULT,step106_9inen_full_780_dedup_by_hero_set_bond_set_max_total,魚鱗,通常,9,長野業正|山県昌景(泰然)|島左近|細川忠興(山紫)|明智光秀(闇)|小松姫,長野業正|山県昌景(泰然)|島左近|細川忠興(山紫)|明智光秀(闇)|小松姫,侍|根性の絆|もののふ|泰然自若|鬼の絆|流行創出|戦場の華|老練闊達|勇猛果敢,侍|根性の絆|もののふ|泰然自若|鬼の絆|流行創出|戦場の華|老練闊達|勇猛果敢,14844,3061,666,489,104,137,248,428,465,470,452,ステータス計算済み,step116で9因縁780行を「陣形+配置英傑6人セット+発動因縁セット」で重複除外。同一組内は総合値最大の配置を代表として採用。,STEP116_SELECTED_MAX_TOTAL_FROM_STEP106_RECALCULATED_9INEN,step106で各陣形有効ラインから再計算済みの9因縁行を使用し、重複組では総合値最大の配置を残す,魚鱗||通常||9||小松姫|山県昌景(泰然)|島左近|明智光秀(闇)|細川忠興(山紫)|長野業正||もののふ|侍|勇猛果敢|戦場の華|根性の絆|泰然自若|流行創出|老練闊達|鬼の絆,,step116_9inen_dedup_max_total,21364,21364,step164_verified_normal9,水属性,465
step116_9_魚鱗_000028,STEP116_9INEN_DEDUP_MAX_TOTAL_RESULT,step106_9inen_full_780_dedup_by_hero_set_bond_set_max_total,魚鱗,通常,9,長野業正|山中鹿之介|島左近|細川忠興(山紫)|明智光秀(闇)|小松姫,長野業正|山中鹿之介|島左近|細川忠興(山紫)|明智光秀(闇)|小松姫,侍|根性の絆|もののふ|泰然自若|鬼の絆|流行創出|戦場の華|老練闊達|勇猛果敢,侍|根性の絆|もののふ|泰然自若|鬼の絆|流行創出|戦場の華|老練闊達|勇猛果敢,14897,3081,668,489,104,137,254,421,458,473,447,ステータス計算済み,step116で9因縁780行を「陣形+配置英傑6人セット+発動因縁セット」で重複除外。同一組内は総合値最大の配置を代表として採用。,STEP116_SELECTED_MAX_TOTAL_FROM_STEP106_RECALCULATED_9INEN,step106で各陣形有効ラインから再計算済みの9因縁行を使用し、重複組では総合値最大の配置を残す,魚鱗||通常||9||小松姫|山中鹿之介|島左近|明智光秀(闇)|細川忠興(山紫)|長野業正||もののふ|侍|勇猛果敢|戦場の華|根性の絆|泰然自若|流行創出|老練闊達|鬼の絆,,step116_9inen_dedup_max_total,21429,21429,step164_verified_normal9,水属性,458
step116_9_魚鱗_000048,STEP116_9INEN_DEDUP_MAX_TOTAL_RESULT,step106_9inen_full_780_dedup_by_hero_set_bond_set_max_total,魚鱗,通常,9,豊臣秀長|北条氏照(剛柔)|豊臣秀次|百地三太夫(野望)|斎藤道三(巳)|佐竹義重,豊臣秀長|北条氏照(剛柔)|豊臣秀次|百地三太夫(野望)|斎藤道三(巳)|佐竹義重,知将の絆|立役者|技巧伝承|柔能制剛|謀略家|生殺与奪|侍|才腕の絆|知勇兼備,知将の絆|立役者|技巧伝承|柔能制剛|謀略家|生殺与奪|侍|才腕の絆|知勇兼備,13439,1428,162,99,517,864,357,463,454,463,458,ステータス計算済み,step116で9因縁780行を「陣形+配置英傑6人セット+発動因縁セット」で重複除外。同一組内は総合値最大の配置を代表として採用。,STEP116_SELECTED_MAX_TOTAL_FROM_STEP106_RECALCULATED_9INEN,step106で各陣形有効ラインから再計算済みの9因縁行を使用し、重複組では総合値最大の配置を残す,魚鱗||通常||9||佐竹義重|北条氏照(剛柔)|斎藤道三(巳)|百地三太夫(野望)|豊臣秀次|豊臣秀長||侍|才腕の絆|技巧伝承|柔能制剛|生殺与奪|知勇兼備|知将の絆|立役者|謀略家,,step116_9inen_dedup_max_total,18704,18704,step164_verified_normal9,水属性,454
step116_9_魚鱗_000032,STEP116_9INEN_DEDUP_MAX_TOTAL_RESULT,step106_9inen_full_780_dedup_by_hero_set_bond_set_max_total,魚鱗,通常,9,長野業正|山県昌景(泰然)|島左近|豊臣秀次|明智光秀(闇)|小松姫,長野業正|山県昌景(泰然)|島左近|豊臣秀次|明智光秀(闇)|小松姫,侍|根性の絆|もののふ|泰然自若|謀略家|流行創出|戦場の華|老練闊達|勇猛果敢,侍|根性の絆|もののふ|泰然自若|謀略家|流行創出|戦場の華|老練闊達|勇猛果敢,14462,2975,464,342,104,277,248,404,429,442,423,ステータス計算済み,step116で9因縁780行を「陣形+配置英傑6人セット+発動因縁セット」で重複除外。同一組内は総合値最大の配置を代表として採用。,STEP116_SELECTED_MAX_TOTAL_FROM_STEP106_RECALCULATED_9INEN,step106で各陣形有効ラインから再計算済みの9因縁行を使用し、重複組では総合値最大の配置を残す,魚鱗||通常||9||小松姫|山県昌景(泰然)|島左近|明智光秀(闇)|豊臣秀次|長野業正||もののふ|侍|勇猛果敢|戦場の華|根性の絆|泰然自若|流行創出|老練闊達|謀略家,,step116_9inen_dedup_max_total,20570,20570,step164_verified_normal9,水属性,429
step116_9_魚鱗_000031,STEP116_9INEN_DEDUP_MAX_TOTAL_RESULT,step106_9inen_full_780_dedup_by_hero_set_bond_set_max_total,魚鱗,通常,9,長野業正|山中鹿之介|島左近|豊臣秀次|明智光秀(闇)|小松姫,長野業正|山中鹿之介|島左近|豊臣秀次|明智光秀(闇)|小松姫,侍|根性の絆|もののふ|泰然自若|謀略家|流行創出|戦場の華|老練闊達|勇猛果敢,侍|根性の絆|もののふ|泰然自若|謀略家|流行創出|戦場の華|老練闊達|勇猛果敢,14515,2995,466,342,104,277,254,397,422,445,418,ステータス計算済み,step116で9因縁780行を「陣形+配置英傑6人セット+発動因縁セット」で重複除外。同一組内は総合値最大の配置を代表として採用。,STEP116_SELECTED_MAX_TOTAL_FROM_STEP106_RECALCULATED_9INEN,step106で各陣形有効ラインから再計算済みの9因縁行を使用し、重複組では総合値最大の配置を残す,魚鱗||通常||9||小松姫|山中鹿之介|島左近|明智光秀(闇)|豊臣秀次|長野業正||もののふ|侍|勇猛果敢|戦場の華|根性の絆|泰然自若|流行創出|老練闊達|謀略家,,step116_9inen_dedup_max_total,20635,20635,step164_verified_normal9,水属性,422
step116_9_魚鱗_000044,STEP116_9INEN_DEDUP_MAX_TOTAL_RESULT,step106_9inen_full_780_dedup_by_hero_set_bond_set_max_total,魚鱗,通常,9,納涼忍お綾|堀秀政|柳生宗矩|宮本武蔵(涼)|道場娘まり(和装)|仙桃院,納涼忍お綾|堀秀政|柳生宗矩|宮本武蔵(涼)|道場娘まり(和装)|仙桃院,才腕の絆|文明開化|技巧伝承|多芸多才|侍|剣豪の絆|豪傑|女傑の絆|能鷹隠爪,才腕の絆|文明開化|技巧伝承|多芸多才|侍|剣豪の絆|豪傑|女傑の絆|能鷹隠爪,13904,1403,749,202,665,154,589,367,371,393,423,ステータス計算済み,step116で9因縁780行を「陣形+配置英傑6人セット+発動因縁セット」で重複除外。同一組内は総合値最大の配置を代表として採用。,STEP116_SELECTED_MAX_TOTAL_FROM_STEP106_RECALCULATED_9INEN,step106で各陣形有効ラインから再計算済みの9因縁行を使用し、重複組では総合値最大の配置を残す,魚鱗||通常||9||仙桃院|堀秀政|宮本武蔵(涼)|柳生宗矩|納涼忍お綾|道場娘まり(和装)||侍|剣豪の絆|多芸多才|女傑の絆|才腕の絆|技巧伝承|文明開化|能鷹隠爪|豪傑,,step116_9inen_dedup_max_total,19220,19220,step164_verified_normal9,水属性,371
step116_9_魚鱗_000045,STEP116_9INEN_DEDUP_MAX_TOTAL_RESULT,step106_9inen_full_780_dedup_by_hero_set_bond_set_max_total,魚鱗,通常,9,納涼忍お綾|堀秀政|柳生宗矩|宮本武蔵(涼)|道場娘まり(和装)|井伊直虎,納涼忍お綾|堀秀政|柳生宗矩|宮本武蔵(涼)|道場娘まり(和装)|井伊直虎,才腕の絆|文明開化|技巧伝承|多芸多才|侍|剣豪の絆|豪傑|女傑の絆|戦場の華,才腕の絆|文明開化|技巧伝承|多芸多才|侍|剣豪の絆|豪傑|女傑の絆|戦場の華,13928,1403,772,86,665,154,590,367,371,393,423,ステータス計算済み,step116で9因縁780行を「陣形+配置英傑6人セット+発動因縁セット」で重複除外。同一組内は総合値最大の配置を代表として採用。,STEP116_SELECTED_MAX_TOTAL_FROM_STEP106_RECALCULATED_9INEN,step106で各陣形有効ラインから再計算済みの9因縁行を使用し、重複組では総合値最大の配置を残す,魚鱗||通常||9||井伊直虎|堀秀政|宮本武蔵(涼)|柳生宗矩|納涼忍お綾|道場娘まり(和装)||侍|剣豪の絆|多芸多才|女傑の絆|戦場の華|才腕の絆|技巧伝承|文明開化|豪傑,,step116_9inen_dedup_max_total,19152,19152,step164_verified_normal9,水属性,371
step116_9_魚鱗_000049,STEP116_9INEN_DEDUP_MAX_TOTAL_RESULT,step106_9inen_full_780_dedup_by_hero_set_bond_set_max_total,魚鱗,通常,9,納涼忍お綾|堀秀政|柳生宗矩|宮本武蔵(涼)|道場娘まり(和装)|武田信玄(野望),納涼忍お綾|堀秀政|柳生宗矩|宮本武蔵(涼)|道場娘まり(和装)|武田信玄(野望),才腕の絆|文明開化|技巧伝承|多芸多才|侍|剣豪の絆|豪傑|戦場の華|能鷹隠爪,才腕の絆|文明開化|技巧伝承|多芸多才|侍|剣豪の絆|豪傑|戦場の華|能鷹隠爪,13504,1403,565,195,665,154,553,367,371,393,423,ステータス計算済み,step116で9因縁780行を「陣形+配置英傑6人セット+発動因縁セット」で重複除外。同一組内は総合値最大の配置を代表として採用。,STEP116_SELECTED_MAX_TOTAL_FROM_STEP106_RECALCULATED_9INEN,step106で各陣形有効ラインから再計算済みの9因縁行を使用し、重複組では総合値最大の配置を残す,魚鱗||通常||9||堀秀政|宮本武蔵(涼)|柳生宗矩|武田信玄(野望)|納涼忍お綾|道場娘まり(和装)||侍|剣豪の絆|多芸多才|戦場の華|才腕の絆|技巧伝承|文明開化|能鷹隠爪|豪傑,,step116_9inen_dedup_max_total,18593,18593,step164_verified_normal9,水属性,371
step116_9_魚鱗_000051,STEP116_9INEN_DEDUP_MAX_TOTAL_RESULT,step106_9inen_full_780_dedup_by_hero_set_bond_set_max_total,魚鱗,通常,9,納涼忍お綾|堀秀政|柳生宗矩|明智光秀(闇)|井伊直虎|仙桃院,納涼忍お綾|堀秀政|柳生宗矩|明智光秀(闇)|井伊直虎|仙桃院,才腕の絆|文明開化|技巧伝承|多芸多才|豪傑|勇猛果敢|女傑の絆|戦場の華|能鷹隠爪,才腕の絆|文明開化|技巧伝承|多芸多才|豪傑|勇猛果敢|女傑の絆|戦場の華|能鷹隠爪,13564,975,657,174,634,154,729,367,371,393,423,ステータス計算済み,step116で9因縁780行を「陣形+配置英傑6人セット+発動因縁セット」で重複除外。同一組内は総合値最大の配置を代表として採用。,STEP116_SELECTED_MAX_TOTAL_FROM_STEP106_RECALCULATED_9INEN,step106で各陣形有効ラインから再計算済みの9因縁行を使用し、重複組では総合値最大の配置を残す,魚鱗||通常||9||井伊直虎|仙桃院|堀秀政|明智光秀(闇)|柳生宗矩|納涼忍お綾||勇猛果敢|多芸多才|女傑の絆|戦場の華|才腕の絆|技巧伝承|文明開化|能鷹隠爪|豪傑,,step116_9inen_dedup_max_total,18441,18441,step164_verified_normal9,水属性,371
step116_9_魚鱗_000052,STEP116_9INEN_DEDUP_MAX_TOTAL_RESULT,step106_9inen_full_780_dedup_by_hero_set_bond_set_max_total,魚鱗,通常,9,納涼忍お綾|堀秀政|柳生宗矩|上杉謙信(野望)|井伊直虎|仙桃院,納涼忍お綾|堀秀政|柳生宗矩|上杉謙信(野望)|井伊直虎|仙桃院,才腕の絆|文明開化|技巧伝承|多芸多才|豪傑|勇猛果敢|女傑の絆|戦場の華|能鷹隠爪,才腕の絆|文明開化|技巧伝承|多芸多才|豪傑|勇猛果敢|女傑の絆|戦場の華|能鷹隠爪,13524,975,635,174,636,154,729,367,371,393,423,ステータス計算済み,step116で9因縁780行を「陣形+配置英傑6人セット+発動因縁セット」で重複除外。同一組内は総合値最大の配置を代表として採用。,STEP116_SELECTED_MAX_TOTAL_FROM_STEP106_RECALCULATED_9INEN,step106で各陣形有効ラインから再計算済みの9因縁行を使用し、重複組では総合値最大の配置を残す,魚鱗||通常||9||上杉謙信(野望)|井伊直虎|仙桃院|堀秀政|柳生宗矩|納涼忍お綾||勇猛果敢|多芸多才|女傑の絆|戦場の華|才腕の絆|技巧伝承|文明開化|能鷹隠爪|豪傑,,step116_9inen_dedup_max_total,18381,18381,step164_verified_normal9,水属性,371
step116_9_魚鱗_000054,STEP116_9INEN_DEDUP_MAX_TOTAL_RESULT,step106_9inen_full_780_dedup_by_hero_set_bond_set_max_total,魚鱗,通常,9,納涼忍お綾|堀秀政|柳生宗矩|原虎胤|井伊直虎|仙桃院,納涼忍お綾|堀秀政|柳生宗矩|原虎胤|井伊直虎|仙桃院,才腕の絆|文明開化|技巧伝承|多芸多才|豪傑|勇猛果敢|女傑の絆|戦場の華|能鷹隠爪,才腕の絆|文明開化|技巧伝承|多芸多才|豪傑|勇猛果敢|女傑の絆|戦場の華|能鷹隠爪,13052,975,580,174,612,154,729,367,371,393,423,ステータス計算済み,step116で9因縁780行を「陣形+配置英傑6人セット+発動因縁セット」で重複除外。同一組内は総合値最大の配置を代表として採用。,STEP116_SELECTED_MAX_TOTAL_FROM_STEP106_RECALCULATED_9INEN,step106で各陣形有効ラインから再計算済みの9因縁行を使用し、重複組では総合値最大の配置を残す,魚鱗||通常||9||井伊直虎|仙桃院|原虎胤|堀秀政|柳生宗矩|納涼忍お綾||勇猛果敢|多芸多才|女傑の絆|戦場の華|才腕の絆|技巧伝承|文明開化|能鷹隠爪|豪傑,,step116_9inen_dedup_max_total,17830,17830,step164_verified_normal9,水属性,371
step116_9_魚鱗_000034,STEP116_9INEN_DEDUP_MAX_TOTAL_RESULT,step106_9inen_full_780_dedup_by_hero_set_bond_set_max_total,魚鱗,通常,9,山県昌景(泰然)|島左近|長野業正|明智光秀(闇)|小松姫|伊達政宗(起源),山県昌景(泰然)|島左近|長野業正|明智光秀(闇)|小松姫|伊達政宗(起源),侍|根性の絆|もののふ|泰然自若|戦場の華|老練闊達|勇猛果敢|武芸の絆|意気衝天,侍|根性の絆|もののふ|泰然自若|戦場の華|老練闊達|勇猛果敢|武芸の絆|意気衝天,14359,3561,556,392,221,110,248,217,224,240,227,ステータス計算済み,step116で9因縁780行を「陣形+配置英傑6人セット+発動因縁セット」で重複除外。同一組内は総合値最大の配置を代表として採用。,STEP116_SELECTED_MAX_TOTAL_FROM_STEP106_RECALCULATED_9INEN,step106で各陣形有効ラインから再計算済みの9因縁行を使用し、重複組では総合値最大の配置を残す,魚鱗||通常||9||伊達政宗(起源)|小松姫|山県昌景(泰然)|島左近|明智光秀(闇)|長野業正||もののふ|侍|勇猛果敢|意気衝天|戦場の華|根性の絆|武芸の絆|泰然自若|老練闊達,,step116_9inen_dedup_max_total,20355,20355,step164_verified_normal9,水属性,224
step116_9_魚鱗_000039,STEP116_9INEN_DEDUP_MAX_TOTAL_RESULT,step106_9inen_full_780_dedup_by_hero_set_bond_set_max_total,魚鱗,通常,9,山県昌景(泰然)|島左近|長野業正|明智光秀(闇)|小松姫|十河一存,山県昌景(泰然)|島左近|長野業正|明智光秀(闇)|小松姫|十河一存,侍|根性の絆|もののふ|泰然自若|戦場の華|老練闊達|勇猛果敢|武芸の絆|意気衝天,侍|根性の絆|もののふ|泰然自若|戦場の華|老練闊達|勇猛果敢|武芸の絆|意気衝天,13882,3313,545,385,203,96,248,217,224,240,227,ステータス計算済み,step116で9因縁780行を「陣形+配置英傑6人セット+発動因縁セット」で重複除外。同一組内は総合値最大の配置を代表として採用。,STEP116_SELECTED_MAX_TOTAL_FROM_STEP106_RECALCULATED_9INEN,step106で各陣形有効ラインから再計算済みの9因縁行を使用し、重複組では総合値最大の配置を残す,魚鱗||通常||9||十河一存|小松姫|山県昌景(泰然)|島左近|明智光秀(闇)|長野業正||もののふ|侍|勇猛果敢|意気衝天|戦場の華|根性の絆|武芸の絆|泰然自若|老練闊達,,step116_9inen_dedup_max_total,19580,19580,step164_verified_normal9,水属性,224
step116_9_魚鱗_000040,STEP116_9INEN_DEDUP_MAX_TOTAL_RESULT,step106_9inen_full_780_dedup_by_hero_set_bond_set_max_total,魚鱗,通常,9,山県昌景(泰然)|島左近|長野業正|明智光秀(闇)|小松姫|井伊直政,山県昌景(泰然)|島左近|長野業正|明智光秀(闇)|小松姫|井伊直政,侍|根性の絆|もののふ|泰然自若|戦場の華|老練闊達|勇猛果敢|武芸の絆|意気衝天,侍|根性の絆|もののふ|泰然自若|戦場の華|老練闊達|勇猛果敢|武芸の絆|意気衝天,13882,3313,544,386,199,96,248,217,224,240,227,ステータス計算済み,step116で9因縁780行を「陣形+配置英傑6人セット+発動因縁セット」で重複除外。同一組内は総合値最大の配置を代表として採用。,STEP116_SELECTED_MAX_TOTAL_FROM_STEP106_RECALCULATED_9INEN,step106で各陣形有効ラインから再計算済みの9因縁行を使用し、重複組では総合値最大の配置を残す,魚鱗||通常||9||井伊直政|小松姫|山県昌景(泰然)|島左近|明智光秀(闇)|長野業正||もののふ|侍|勇猛果敢|意気衝天|戦場の華|根性の絆|武芸の絆|泰然自若|老練闊達,,step116_9inen_dedup_max_total,19576,19576,step164_verified_normal9,水属性,224
step116_9_魚鱗_000021,STEP116_9INEN_DEDUP_MAX_TOTAL_RESULT,step106_9inen_full_780_dedup_by_hero_set_bond_set_max_total,魚鱗,通常,9,山中鹿之介|吉川元春|井伊直虎|宮本武蔵(涼)|島左近|長野業正,山中鹿之介|吉川元春|井伊直虎|宮本武蔵(涼)|島左近|長野業正,猛将の絆|勇猛果敢|意気衝天|軍学の絆|豪傑|侍|根性の絆|もののふ|泰然自若,猛将の絆|勇猛果敢|意気衝天|軍学の絆|豪傑|侍|根性の絆|もののふ|泰然自若,16076,4022,806,411,192,149,204,210,217,243,222,ステータス計算済み,step116で9因縁780行を「陣形+配置英傑6人セット+発動因縁セット」で重複除外。同一組内は総合値最大の配置を代表として採用。,STEP116_SELECTED_MAX_TOTAL_FROM_STEP106_RECALCULATED_9INEN,step106で各陣形有効ラインから再計算済みの9因縁行を使用し、重複組では総合値最大の配置を残す,魚鱗||通常||9||井伊直虎|吉川元春|宮本武蔵(涼)|山中鹿之介|島左近|長野業正||もののふ|侍|勇猛果敢|意気衝天|根性の絆|泰然自若|猛将の絆|豪傑|軍学の絆,,step116_9inen_dedup_max_total,22752,22752,step164_verified_normal9,水属性,217
step116_9_魚鱗_000022,STEP116_9INEN_DEDUP_MAX_TOTAL_RESULT,step106_9inen_full_780_dedup_by_hero_set_bond_set_max_total,魚鱗,通常,9,山中鹿之介|長野業正|島左近|山県昌景|井伊直虎|吉川元春,山中鹿之介|長野業正|島左近|山県昌景|井伊直虎|吉川元春,侍|根性の絆|もののふ|泰然自若|軍学の絆|豪傑|猛将の絆|勇猛果敢|意気衝天,侍|根性の絆|もののふ|泰然自若|軍学の絆|豪傑|猛将の絆|勇猛果敢|意気衝天,15788,4022,781,403,192,144,197,210,217,243,222,ステータス計算済み,step116で9因縁780行を「陣形+配置英傑6人セット+発動因縁セット」で重複除外。同一組内は総合値最大の配置を代表として採用。,STEP116_SELECTED_MAX_TOTAL_FROM_STEP106_RECALCULATED_9INEN,step106で各陣形有効ラインから再計算済みの9因縁行を使用し、重複組では総合値最大の配置を残す,魚鱗||通常||9||井伊直虎|吉川元春|山中鹿之介|山県昌景|島左近|長野業正||もののふ|侍|勇猛果敢|意気衝天|根性の絆|泰然自若|猛将の絆|豪傑|軍学の絆,,step116_9inen_dedup_max_total,22419,22419,step164_verified_normal9,水属性,217
step116_9_魚鱗_000025,STEP116_9INEN_DEDUP_MAX_TOTAL_RESULT,step106_9inen_full_780_dedup_by_hero_set_bond_set_max_total,魚鱗,通常,9,山中鹿之介|吉川元春|井伊直虎|柿崎景家|島左近|長野業正,山中鹿之介|吉川元春|井伊直虎|柿崎景家|島左近|長野業正,猛将の絆|勇猛果敢|意気衝天|軍学の絆|豪傑|侍|根性の絆|もののふ|泰然自若,猛将の絆|勇猛果敢|意気衝天|軍学の絆|豪傑|侍|根性の絆|もののふ|泰然自若,15696,4022,784,402,192,144,197,210,217,243,222,ステータス計算済み,step116で9因縁780行を「陣形+配置英傑6人セット+発動因縁セット」で重複除外。同一組内は総合値最大の配置を代表として採用。,STEP116_SELECTED_MAX_TOTAL_FROM_STEP106_RECALCULATED_9INEN,step106で各陣形有効ラインから再計算済みの9因縁行を使用し、重複組では総合値最大の配置を残す,魚鱗||通常||9||井伊直虎|吉川元春|山中鹿之介|島左近|柿崎景家|長野業正||もののふ|侍|勇猛果敢|意気衝天|根性の絆|泰然自若|猛将の絆|豪傑|軍学の絆,,step116_9inen_dedup_max_total,22329,22329,step164_verified_normal9,水属性,217
step116_9_魚鱗_000033,STEP116_9INEN_DEDUP_MAX_TOTAL_RESULT,step106_9inen_full_780_dedup_by_hero_set_bond_set_max_total,魚鱗,通常,9,山中鹿之介|島左近|長野業正|明智光秀(闇)|小松姫|伊達政宗(起源),山中鹿之介|島左近|長野業正|明智光秀(闇)|小松姫|伊達政宗(起源),侍|根性の絆|もののふ|泰然自若|戦場の華|老練闊達|勇猛果敢|武芸の絆|意気衝天,侍|根性の絆|もののふ|泰然自若|戦場の華|老練闊達|勇猛果敢|武芸の絆|意気衝天,14439,3655,559,392,225,110,254,210,217,243,222,ステータス計算済み,step116で9因縁780行を「陣形+配置英傑6人セット+発動因縁セット」で重複除外。同一組内は総合値最大の配置を代表として採用。,STEP116_SELECTED_MAX_TOTAL_FROM_STEP106_RECALCULATED_9INEN,step106で各陣形有効ラインから再計算済みの9因縁行を使用し、重複組では総合値最大の配置を残す,魚鱗||通常||9||伊達政宗(起源)|小松姫|山中鹿之介|島左近|明智光秀(闇)|長野業正||もののふ|侍|勇猛果敢|意気衝天|戦場の華|根性の絆|武芸の絆|泰然自若|老練闊達,,step116_9inen_dedup_max_total,20526,20526,step164_verified_normal9,水属性,217
step116_9_魚鱗_000037,STEP116_9INEN_DEDUP_MAX_TOTAL_RESULT,step106_9inen_full_780_dedup_by_hero_set_bond_set_max_total,魚鱗,通常,9,山中鹿之介|島左近|長野業正|明智光秀(闇)|小松姫|十河一存,山中鹿之介|島左近|長野業正|明智光秀(闇)|小松姫|十河一存,侍|根性の絆|もののふ|泰然自若|戦場の華|老練闊達|勇猛果敢|武芸の絆|意気衝天,侍|根性の絆|もののふ|泰然自若|戦場の華|老練闊達|勇猛果敢|武芸の絆|意気衝天,13961,3406,548,385,207,97,254,210,217,243,222,ステータス計算済み,step116で9因縁780行を「陣形+配置英傑6人セット+発動因縁セット」で重複除外。同一組内は総合値最大の配置を代表として採用。,STEP116_SELECTED_MAX_TOTAL_FROM_STEP106_RECALCULATED_9INEN,step106で各陣形有効ラインから再計算済みの9因縁行を使用し、重複組では総合値最大の配置を残す,魚鱗||通常||9||十河一存|小松姫|山中鹿之介|島左近|明智光秀(闇)|長野業正||もののふ|侍|勇猛果敢|意気衝天|戦場の華|根性の絆|武芸の絆|泰然自若|老練闊達,,step116_9inen_dedup_max_total,19750,19750,step164_verified_normal9,水属性,217
step116_9_魚鱗_000038,STEP116_9INEN_DEDUP_MAX_TOTAL_RESULT,step106_9inen_full_780_dedup_by_hero_set_bond_set_max_total,魚鱗,通常,9,山中鹿之介|島左近|長野業正|明智光秀(闇)|小松姫|井伊直政,山中鹿之介|島左近|長野業正|明智光秀(闇)|小松姫|井伊直政,侍|根性の絆|もののふ|泰然自若|戦場の華|老練闊達|勇猛果敢|武芸の絆|意気衝天,侍|根性の絆|もののふ|泰然自若|戦場の華|老練闊達|勇猛果敢|武芸の絆|意気衝天,13961,3406,547,386,203,97,254,210,217,243,222,ステータス計算済み,step116で9因縁780行を「陣形+配置英傑6人セット+発動因縁セット」で重複除外。同一組内は総合値最大の配置を代表として採用。,STEP116_SELECTED_MAX_TOTAL_FROM_STEP106_RECALCULATED_9INEN,step106で各陣形有効ラインから再計算済みの9因縁行を使用し、重複組では総合値最大の配置を残す,魚鱗||通常||9||井伊直政|小松姫|山中鹿之介|島左近|明智光秀(闇)|長野業正||もののふ|侍|勇猛果敢|意気衝天|戦場の華|根性の絆|武芸の絆|泰然自若|老練闊達,,step116_9inen_dedup_max_total,19746,19746,step164_verified_normal9,水属性,217
step116_9_魚鱗_000055,STEP116_9INEN_DEDUP_MAX_TOTAL_RESULT,step106_9inen_full_780_dedup_by_hero_set_bond_set_max_total,魚鱗,通常,9,柳生宗矩|宮本武蔵(涼)|道場娘まり(和装)|井伊直虎|魔女ルシア|谷忠澄,柳生宗矩|宮本武蔵(涼)|道場娘まり(和装)|井伊直虎|魔女ルシア|谷忠澄,侍|剣豪の絆|豪傑|女傑の絆|戦場の華|文明開化|技巧伝承|竜飛鳳舞|多芸多才,侍|剣豪の絆|豪傑|女傑の絆|戦場の華|文明開化|技巧伝承|竜飛鳳舞|多芸多才,13298,1346,869,79,374,263,593,156,153,147,177,ステータス計算済み,step116で9因縁780行を「陣形+配置英傑6人セット+発動因縁セット」で重複除外。同一組内は総合値最大の配置を代表として採用。,STEP116_SELECTED_MAX_TOTAL_FROM_STEP106_RECALCULATED_9INEN,step106で各陣形有効ラインから再計算済みの9因縁行を使用し、重複組では総合値最大の配置を残す,魚鱗||通常||9||井伊直虎|宮本武蔵(涼)|柳生宗矩|谷忠澄|道場娘まり(和装)|魔女ルシア||侍|剣豪の絆|多芸多才|女傑の絆|戦場の華|技巧伝承|文明開化|竜飛鳳舞|豪傑,,step116_9inen_dedup_max_total,17455,17455,step164_verified_normal9,水属性,153
step116_9_魚鱗_000030,STEP116_9INEN_DEDUP_MAX_TOTAL_RESULT,step106_9inen_full_780_dedup_by_hero_set_bond_set_max_total,魚鱗,通常,9,大内義隆|北条氏邦|出雲阿国(野望)|大祝鶴|魔女ルシア|細川藤孝(立役),大内義隆|北条氏邦|出雲阿国(野望)|大祝鶴|魔女ルシア|細川藤孝(立役),流行創出|多芸多才|神主・巫女|女傑の絆|洒落者の絆|文化人の絆|文明開化|技巧伝承|山紫水明,流行創出|多芸多才|神主・巫女|女傑の絆|洒落者の絆|文化人の絆|文明開化|技巧伝承|山紫水明,13386,2828,249,44,382,403,622,773,812,744,795,ステータス計算済み,step116で9因縁780行を「陣形+配置英傑6人セット+発動因縁セット」で重複除外。同一組内は総合値最大の配置を代表として採用。,STEP116_SELECTED_MAX_TOTAL_FROM_STEP106_RECALCULATED_9INEN,step106で各陣形有効ラインから再計算済みの9因縁行を使用し、重複組では総合値最大の配置を残す,魚鱗||通常||9||出雲阿国(野望)|北条氏邦|大内義隆|大祝鶴|細川藤孝(立役)|魔女ルシア||多芸多才|女傑の絆|山紫水明|技巧伝承|文化人の絆|文明開化|洒落者の絆|流行創出|神主・巫女,,step116_9inen_dedup_max_total,21038,21038,step164_verified_normal9,火属性,744
step116_9_魚鱗_000036,STEP116_9INEN_DEDUP_MAX_TOTAL_RESULT,step106_9inen_full_780_dedup_by_hero_set_bond_set_max_total,魚鱗,通常,9,豊臣秀長|北条氏照(剛柔)|豊臣秀次|細川藤孝(立役)|前田利家|武田晴信,豊臣秀長|北条氏照(剛柔)|豊臣秀次|細川藤孝(立役)|前田利家|武田晴信,知将の絆|立役者|技巧伝承|柔能制剛|文明開化|山紫水明|謀略家|雄材大略|摂理探究,知将の絆|立役者|技巧伝承|柔能制剛|文明開化|山紫水明|謀略家|雄材大略|摂理探究,14832,899,83,0,293,1068,158,641,619,659,618,ステータス計算済み,step116で9因縁780行を「陣形+配置英傑6人セット+発動因縁セット」で重複除外。同一組内は総合値最大の配置を代表として採用。,STEP116_SELECTED_MAX_TOTAL_FROM_STEP106_RECALCULATED_9INEN,step106で各陣形有効ラインから再計算済みの9因縁行を使用し、重複組では総合値最大の配置を残す,魚鱗||通常||9||前田利家|北条氏照(剛柔)|武田晴信|細川藤孝(立役)|豊臣秀次|豊臣秀長||山紫水明|技巧伝承|摂理探究|文明開化|柔能制剛|知将の絆|立役者|謀略家|雄材大略,,step116_9inen_dedup_max_total,19870,19870,step164_verified_normal9,火属性,659
step116_9_魚鱗_000035,STEP116_9INEN_DEDUP_MAX_TOTAL_RESULT,step106_9inen_full_780_dedup_by_hero_set_bond_set_max_total,魚鱗,通常,9,豊臣秀長|武田晴信|前田利家(雄材)|細川藤孝(立役)|豊臣秀次|北条氏照(剛柔),豊臣秀長|武田晴信|前田利家(雄材)|細川藤孝(立役)|豊臣秀次|北条氏照(剛柔),謀略家|雄材大略|摂理探究|文明開化|山紫水明|知将の絆|立役者|技巧伝承|柔能制剛,謀略家|雄材大略|摂理探究|文明開化|山紫水明|知将の絆|立役者|技巧伝承|柔能制剛,14832,899,83,0,293,1068,158,641,619,659,618,ステータス計算済み,step116で9因縁780行を「陣形+配置英傑6人セット+発動因縁セット」で重複除外。同一組内は総合値最大の配置を代表として採用。,STEP116_SELECTED_MAX_TOTAL_FROM_STEP106_RECALCULATED_9INEN,step106で各陣形有効ラインから再計算済みの9因縁行を使用し、重複組では総合値最大の配置を残す,魚鱗||通常||9||前田利家(雄材)|北条氏照(剛柔)|武田晴信|細川藤孝(立役)|豊臣秀次|豊臣秀長||山紫水明|技巧伝承|摂理探究|文明開化|柔能制剛|知将の絆|立役者|謀略家|雄材大略,,step116_9inen_dedup_max_total,19870,19870,step164_verified_normal9,火属性,659
step116_9_魚鱗_000024,STEP116_9INEN_DEDUP_MAX_TOTAL_RESULT,step106_9inen_full_780_dedup_by_hero_set_bond_set_max_total,魚鱗,通常,9,伊奈忠次|ガラシャ(聖)|斎藤利三(神祇)|毛利隆元|豊臣秀吉|酒井忠次(衣鉢),伊奈忠次|ガラシャ(聖)|斎藤利三(神祇)|毛利隆元|豊臣秀吉|酒井忠次(衣鉢),召喚術の絆|摂理探究|世渡り上手の絆|才腕の絆|謀略家|柔能制剛|技巧伝承|天神地祇|雄材大略,召喚術の絆|摂理探究|世渡り上手の絆|才腕の絆|謀略家|柔能制剛|技巧伝承|天神地祇|雄材大略,15387,3129,40,56,394,604,385,596,604,633,577,ステータス計算済み,step116で9因縁780行を「陣形+配置英傑6人セット+発動因縁セット」で重複除外。同一組内は総合値最大の配置を代表として採用。,STEP116_SELECTED_MAX_TOTAL_FROM_STEP106_RECALCULATED_9INEN,step106で各陣形有効ラインから再計算済みの9因縁行を使用し、重複組では総合値最大の配置を残す,魚鱗||通常||9||ガラシャ(聖)|伊奈忠次|斎藤利三(神祇)|毛利隆元|豊臣秀吉|酒井忠次(衣鉢)||世渡り上手の絆|召喚術の絆|天神地祇|才腕の絆|技巧伝承|摂理探究|柔能制剛|謀略家|雄材大略,,step116_9inen_dedup_max_total,22405,22405,step164_verified_normal9,火属性,633
step116_9_魚鱗_000023,STEP116_9INEN_DEDUP_MAX_TOTAL_RESULT,step106_9inen_full_780_dedup_by_hero_set_bond_set_max_total,魚鱗,通常,9,伊奈忠次|ガラシャ(聖)|斎藤利三(神祇)|毛利隆元|豊臣秀吉|酒井忠次(通),伊奈忠次|ガラシャ(聖)|斎藤利三(神祇)|毛利隆元|豊臣秀吉|酒井忠次(通),召喚術の絆|摂理探究|世渡り上手の絆|才腕の絆|謀略家|柔能制剛|技巧伝承|天神地祇|雄材大略,召喚術の絆|摂理探究|世渡り上手の絆|才腕の絆|謀略家|柔能制剛|技巧伝承|天神地祇|雄材大略,15387,3129,40,56,394,604,385,596,604,633,577,ステータス計算済み,step116で9因縁780行を「陣形+配置英傑6人セット+発動因縁セット」で重複除外。同一組内は総合値最大の配置を代表として採用。,STEP116_SELECTED_MAX_TOTAL_FROM_STEP106_RECALCULATED_9INEN,step106で各陣形有効ラインから再計算済みの9因縁行を使用し、重複組では総合値最大の配置を残す,魚鱗||通常||9||ガラシャ(聖)|伊奈忠次|斎藤利三(神祇)|毛利隆元|豊臣秀吉|酒井忠次(通)||世渡り上手の絆|召喚術の絆|天神地祇|才腕の絆|技巧伝承|摂理探究|柔能制剛|謀略家|雄材大略,,step116_9inen_dedup_max_total,22405,22405,step164_verified_normal9,火属性,633
step116_9_魚鱗_000043,STEP116_9INEN_DEDUP_MAX_TOTAL_RESULT,step106_9inen_full_780_dedup_by_hero_set_bond_set_max_total,魚鱗,通常,9,豊臣秀長|北条氏照(剛柔)|豊臣秀次|細川藤孝(立役)|前田利家|上杉憲政,豊臣秀長|北条氏照(剛柔)|豊臣秀次|細川藤孝(立役)|前田利家|上杉憲政,知将の絆|立役者|技巧伝承|柔能制剛|文明開化|山紫水明|謀略家|雄材大略|摂理探究,知将の絆|立役者|技巧伝承|柔能制剛|文明開化|山紫水明|謀略家|雄材大略|摂理探究,14490,861,86,0,293,998,158,609,593,632,592,ステータス計算済み,step116で9因縁780行を「陣形+配置英傑6人セット+発動因縁セット」で重複除外。同一組内は総合値最大の配置を代表として採用。,STEP116_SELECTED_MAX_TOTAL_FROM_STEP106_RECALCULATED_9INEN,step106で各陣形有効ラインから再計算済みの9因縁行を使用し、重複組では総合値最大の配置を残す,魚鱗||通常||9||上杉憲政|前田利家|北条氏照(剛柔)|細川藤孝(立役)|豊臣秀次|豊臣秀長||山紫水明|技巧伝承|摂理探究|文明開化|柔能制剛|知将の絆|立役者|謀略家|雄材大略,,step116_9inen_dedup_max_total,19312,19312,step164_verified_normal9,火属性,632
step116_9_魚鱗_000042,STEP116_9INEN_DEDUP_MAX_TOTAL_RESULT,step106_9inen_full_780_dedup_by_hero_set_bond_set_max_total,魚鱗,通常,9,豊臣秀長|上杉憲政|前田利家(雄材)|細川藤孝(立役)|豊臣秀次|北条氏照(剛柔),豊臣秀長|上杉憲政|前田利家(雄材)|細川藤孝(立役)|豊臣秀次|北条氏照(剛柔),謀略家|雄材大略|摂理探究|文明開化|山紫水明|知将の絆|立役者|技巧伝承|柔能制剛,謀略家|雄材大略|摂理探究|文明開化|山紫水明|知将の絆|立役者|技巧伝承|柔能制剛,14490,861,86,0,293,998,158,609,593,632,592,ステータス計算済み,step116で9因縁780行を「陣形+配置英傑6人セット+発動因縁セット」で重複除外。同一組内は総合値最大の配置を代表として採用。,STEP116_SELECTED_MAX_TOTAL_FROM_STEP106_RECALCULATED_9INEN,step106で各陣形有効ラインから再計算済みの9因縁行を使用し、重複組では総合値最大の配置を残す,魚鱗||通常||9||上杉憲政|前田利家(雄材)|北条氏照(剛柔)|細川藤孝(立役)|豊臣秀次|豊臣秀長||山紫水明|技巧伝承|摂理探究|文明開化|柔能制剛|知将の絆|立役者|謀略家|雄材大略,,step116_9inen_dedup_max_total,19312,19312,step164_verified_normal9,火属性,632
step116_9_魚鱗_000027,STEP116_9INEN_DEDUP_MAX_TOTAL_RESULT,step106_9inen_full_780_dedup_by_hero_set_bond_set_max_total,魚鱗,通常,9,伊奈忠次|サンチョ|斎藤利三(神祇)|毛利隆元|豊臣秀吉|酒井忠次(衣鉢),伊奈忠次|サンチョ|斎藤利三(神祇)|毛利隆元|豊臣秀吉|酒井忠次(衣鉢),召喚術の絆|摂理探究|世渡り上手の絆|才腕の絆|謀略家|柔能制剛|技巧伝承|天神地祇|雄材大略,召喚術の絆|摂理探究|世渡り上手の絆|才腕の絆|謀略家|柔能制剛|技巧伝承|天神地祇|雄材大略,14916,3129,30,44,394,578,385,552,555,574,526,ステータス計算済み,step116で9因縁780行を「陣形+配置英傑6人セット+発動因縁セット」で重複除外。同一組内は総合値最大の配置を代表として採用。,STEP116_SELECTED_MAX_TOTAL_FROM_STEP106_RECALCULATED_9INEN,step106で各陣形有効ラインから再計算済みの9因縁行を使用し、重複組では総合値最大の配置を残す,魚鱗||通常||9||サンチョ|伊奈忠次|斎藤利三(神祇)|毛利隆元|豊臣秀吉|酒井忠次(衣鉢)||世渡り上手の絆|召喚術の絆|天神地祇|才腕の絆|技巧伝承|摂理探究|柔能制剛|謀略家|雄材大略,,step116_9inen_dedup_max_total,21683,21683,step164_verified_normal9,火属性,574
step116_9_魚鱗_000026,STEP116_9INEN_DEDUP_MAX_TOTAL_RESULT,step106_9inen_full_780_dedup_by_hero_set_bond_set_max_total,魚鱗,通常,9,伊奈忠次|サンチョ|斎藤利三(神祇)|毛利隆元|豊臣秀吉|酒井忠次(通),伊奈忠次|サンチョ|斎藤利三(神祇)|毛利隆元|豊臣秀吉|酒井忠次(通),召喚術の絆|摂理探究|世渡り上手の絆|才腕の絆|謀略家|柔能制剛|技巧伝承|天神地祇|雄材大略,召喚術の絆|摂理探究|世渡り上手の絆|才腕の絆|謀略家|柔能制剛|技巧伝承|天神地祇|雄材大略,14916,3129,30,44,394,578,385,552,555,574,526,ステータス計算済み,step116で9因縁780行を「陣形+配置英傑6人セット+発動因縁セット」で重複除外。同一組内は総合値最大の配置を代表として採用。,STEP116_SELECTED_MAX_TOTAL_FROM_STEP106_RECALCULATED_9INEN,step106で各陣形有効ラインから再計算済みの9因縁行を使用し、重複組では総合値最大の配置を残す,魚鱗||通常||9||サンチョ|伊奈忠次|斎藤利三(神祇)|毛利隆元|豊臣秀吉|酒井忠次(通)||世渡り上手の絆|召喚術の絆|天神地祇|才腕の絆|技巧伝承|摂理探究|柔能制剛|謀略家|雄材大略,,step116_9inen_dedup_max_total,21683,21683,step164_verified_normal9,火属性,574
step116_9_魚鱗_000047,STEP116_9INEN_DEDUP_MAX_TOTAL_RESULT,step106_9inen_full_780_dedup_by_hero_set_bond_set_max_total,魚鱗,通常,9,北条氏照(剛柔)|金森長近|雑賀孫市(道化)|黒田長政|黒田官兵衛|豊臣秀長,北条氏照(剛柔)|金森長近|雑賀孫市(道化)|黒田長政|黒田官兵衛|豊臣秀長,文明開化|技巧伝承|知勇兼備|才腕の絆|硝煙弾雨|多芸多才|知将の絆|立役者|柔能制剛,文明開化|技巧伝承|知勇兼備|才腕の絆|硝煙弾雨|多芸多才|知将の絆|立役者|柔能制剛,11393,3272,161,123,694,707,312,511,585,529,504,ステータス計算済み,step116で9因縁780行を「陣形+配置英傑6人セット+発動因縁セット」で重複除外。同一組内は総合値最大の配置を代表として採用。,STEP116_SELECTED_MAX_TOTAL_FROM_STEP106_RECALCULATED_9INEN,step106で各陣形有効ラインから再計算済みの9因縁行を使用し、重複組では総合値最大の配置を残す,魚鱗||通常||9||北条氏照(剛柔)|豊臣秀長|金森長近|雑賀孫市(道化)|黒田官兵衛|黒田長政||多芸多才|才腕の絆|技巧伝承|文明開化|柔能制剛|知勇兼備|知将の絆|硝煙弾雨|立役者,,step116_9inen_dedup_max_total,18791,18791,step164_verified_normal9,火属性,529
step116_9_魚鱗_000016,STEP116_9INEN_DEDUP_MAX_TOTAL_RESULT,step106_9inen_full_780_dedup_by_hero_set_bond_set_max_total,魚鱗,通常,9,武田晴信|愛姫(起源)|細川藤孝(立役)|今川義元|前田利家|竹中半兵衛(右腕),武田晴信|愛姫(起源)|細川藤孝(立役)|今川義元|前田利家|竹中半兵衛(右腕),健康第一|老練闊達|質実剛健|文明開化|山紫水明|巧言令色|謀略家|雄材大略|摂理探究,健康第一|老練闊達|質実剛健|文明開化|山紫水明|巧言令色|謀略家|雄材大略|摂理探究,14808,4896,149,231,0,720,313,502,521,521,484,ステータス計算済み,step116で9因縁780行を「陣形+配置英傑6人セット+発動因縁セット」で重複除外。同一組内は総合値最大の配置を代表として採用。,STEP116_SELECTED_MAX_TOTAL_FROM_STEP106_RECALCULATED_9INEN,step106で各陣形有効ラインから再計算済みの9因縁行を使用し、重複組では総合値最大の配置を残す,魚鱗||通常||9||今川義元|前田利家|愛姫(起源)|武田晴信|竹中半兵衛(右腕)|細川藤孝(立役)||健康第一|山紫水明|巧言令色|摂理探究|文明開化|老練闊達|謀略家|質実剛健|雄材大略,,step116_9inen_dedup_max_total,23145,23145,step164_verified_normal9,火属性,521
step116_9_魚鱗_000015,STEP116_9INEN_DEDUP_MAX_TOTAL_RESULT,step106_9inen_full_780_dedup_by_hero_set_bond_set_max_total,魚鱗,通常,9,前田利家(雄材)|竹中半兵衛(右腕)|武田晴信|愛姫(起源)|細川藤孝(立役)|今川義元,前田利家(雄材)|竹中半兵衛(右腕)|武田晴信|愛姫(起源)|細川藤孝(立役)|今川義元,謀略家|雄材大略|摂理探究|健康第一|老練闊達|質実剛健|文明開化|山紫水明|巧言令色,謀略家|雄材大略|摂理探究|健康第一|老練闊達|質実剛健|文明開化|山紫水明|巧言令色,14808,4896,149,231,0,720,313,502,521,521,484,ステータス計算済み,step116で9因縁780行を「陣形+配置英傑6人セット+発動因縁セット」で重複除外。同一組内は総合値最大の配置を代表として採用。,STEP116_SELECTED_MAX_TOTAL_FROM_STEP106_RECALCULATED_9INEN,step106で各陣形有効ラインから再計算済みの9因縁行を使用し、重複組では総合値最大の配置を残す,魚鱗||通常||9||今川義元|前田利家(雄材)|愛姫(起源)|武田晴信|竹中半兵衛(右腕)|細川藤孝(立役)||健康第一|山紫水明|巧言令色|摂理探究|文明開化|老練闊達|謀略家|質実剛健|雄材大略,,step116_9inen_dedup_max_total,23145,23145,step164_verified_normal9,火属性,521
step116_9_魚鱗_000046,STEP116_9INEN_DEDUP_MAX_TOTAL_RESULT,step106_9inen_full_780_dedup_by_hero_set_bond_set_max_total,魚鱗,通常,9,北条氏照(剛柔)|金森長近|雑賀孫市(道化)|黒田長政|黒田官兵衛|鍋島直茂(乱雲),北条氏照(剛柔)|金森長近|雑賀孫市(道化)|黒田長政|黒田官兵衛|鍋島直茂(乱雲),文明開化|技巧伝承|知勇兼備|才腕の絆|硝煙弾雨|多芸多才|知将の絆|立役者|柔能制剛,文明開化|技巧伝承|知勇兼備|才腕の絆|硝煙弾雨|多芸多才|知将の絆|立役者|柔能制剛,11606,3272,161,123,696,703,312,506,583,521,502,ステータス計算済み,step116で9因縁780行を「陣形+配置英傑6人セット+発動因縁セット」で重複除外。同一組内は総合値最大の配置を代表として採用。,STEP116_SELECTED_MAX_TOTAL_FROM_STEP106_RECALCULATED_9INEN,step106で各陣形有効ラインから再計算済みの9因縁行を使用し、重複組では総合値最大の配置を残す,魚鱗||通常||9||北条氏照(剛柔)|金森長近|鍋島直茂(乱雲)|雑賀孫市(道化)|黒田官兵衛|黒田長政||多芸多才|才腕の絆|技巧伝承|文明開化|柔能制剛|知勇兼備|知将の絆|硝煙弾雨|立役者,,step116_9inen_dedup_max_total,18985,18985,step164_verified_normal9,火属性,521
step116_9_魚鱗_000014,STEP116_9INEN_DEDUP_MAX_TOTAL_RESULT,step106_9inen_full_780_dedup_by_hero_set_bond_set_max_total,魚鱗,通常,9,武田晴信|愛姫(起源)|細川藤孝(立役)|今川義元|前田利家|丹羽長秀(風雲),武田晴信|愛姫(起源)|細川藤孝(立役)|今川義元|前田利家|丹羽長秀(風雲),健康第一|老練闊達|質実剛健|文明開化|山紫水明|巧言令色|謀略家|雄材大略|摂理探究,健康第一|老練闊達|質実剛健|文明開化|山紫水明|巧言令色|謀略家|雄材大略|摂理探究,14973,4838,144,231,0,712,313,474,517,517,456,ステータス計算済み,step116で9因縁780行を「陣形+配置英傑6人セット+発動因縁セット」で重複除外。同一組内は総合値最大の配置を代表として採用。,STEP116_SELECTED_MAX_TOTAL_FROM_STEP106_RECALCULATED_9INEN,step106で各陣形有効ラインから再計算済みの9因縁行を使用し、重複組では総合値最大の配置を残す,魚鱗||通常||9||丹羽長秀(風雲)|今川義元|前田利家|愛姫(起源)|武田晴信|細川藤孝(立役)||健康第一|山紫水明|巧言令色|摂理探究|文明開化|老練闊達|謀略家|質実剛健|雄材大略,,step116_9inen_dedup_max_total,23175,23175,step164_verified_normal9,火属性,517
step116_9_魚鱗_000013,STEP116_9INEN_DEDUP_MAX_TOTAL_RESULT,step106_9inen_full_780_dedup_by_hero_set_bond_set_max_total,魚鱗,通常,9,前田利家(雄材)|丹羽長秀(風雲)|武田晴信|愛姫(起源)|細川藤孝(立役)|今川義元,前田利家(雄材)|丹羽長秀(風雲)|武田晴信|愛姫(起源)|細川藤孝(立役)|今川義元,謀略家|雄材大略|摂理探究|健康第一|老練闊達|質実剛健|文明開化|山紫水明|巧言令色,謀略家|雄材大略|摂理探究|健康第一|老練闊達|質実剛健|文明開化|山紫水明|巧言令色,14973,4838,144,231,0,712,313,474,517,517,456,ステータス計算済み,step116で9因縁780行を「陣形+配置英傑6人セット+発動因縁セット」で重複除外。同一組内は総合値最大の配置を代表として採用。,STEP116_SELECTED_MAX_TOTAL_FROM_STEP106_RECALCULATED_9INEN,step106で各陣形有効ラインから再計算済みの9因縁行を使用し、重複組では総合値最大の配置を残す,魚鱗||通常||9||丹羽長秀(風雲)|今川義元|前田利家(雄材)|愛姫(起源)|武田晴信|細川藤孝(立役)||健康第一|山紫水明|巧言令色|摂理探究|文明開化|老練闊達|謀略家|質実剛健|雄材大略,,step116_9inen_dedup_max_total,23175,23175,step164_verified_normal9,火属性,517
step116_9_魚鱗_000020,STEP116_9INEN_DEDUP_MAX_TOTAL_RESULT,step106_9inen_full_780_dedup_by_hero_set_bond_set_max_total,魚鱗,通常,9,武田晴信|高台院|細川藤孝(立役)|今川義元|前田利家|竹中半兵衛(右腕),武田晴信|高台院|細川藤孝(立役)|今川義元|前田利家|竹中半兵衛(右腕),健康第一|老練闊達|質実剛健|文明開化|山紫水明|巧言令色|謀略家|雄材大略|摂理探究,健康第一|老練闊達|質実剛健|文明開化|山紫水明|巧言令色|謀略家|雄材大略|摂理探究,14811,4870,137,226,0,724,313,501,519,517,481,ステータス計算済み,step116で9因縁780行を「陣形+配置英傑6人セット+発動因縁セット」で重複除外。同一組内は総合値最大の配置を代表として採用。,STEP116_SELECTED_MAX_TOTAL_FROM_STEP106_RECALCULATED_9INEN,step106で各陣形有効ラインから再計算済みの9因縁行を使用し、重複組では総合値最大の配置を残す,魚鱗||通常||9||今川義元|前田利家|武田晴信|竹中半兵衛(右腕)|細川藤孝(立役)|高台院||健康第一|山紫水明|巧言令色|摂理探究|文明開化|老練闊達|謀略家|質実剛健|雄材大略,,step116_9inen_dedup_max_total,23099,23099,step164_verified_normal9,火属性,517
step116_9_魚鱗_000019,STEP116_9INEN_DEDUP_MAX_TOTAL_RESULT,step106_9inen_full_780_dedup_by_hero_set_bond_set_max_total,魚鱗,通常,9,前田利家(雄材)|竹中半兵衛(右腕)|武田晴信|高台院|細川藤孝(立役)|今川義元,前田利家(雄材)|竹中半兵衛(右腕)|武田晴信|高台院|細川藤孝(立役)|今川義元,謀略家|雄材大略|摂理探究|健康第一|老練闊達|質実剛健|文明開化|山紫水明|巧言令色,謀略家|雄材大略|摂理探究|健康第一|老練闊達|質実剛健|文明開化|山紫水明|巧言令色,14811,4870,137,226,0,724,313,501,519,517,481,ステータス計算済み,step116で9因縁780行を「陣形+配置英傑6人セット+発動因縁セット」で重複除外。同一組内は総合値最大の配置を代表として採用。,STEP116_SELECTED_MAX_TOTAL_FROM_STEP106_RECALCULATED_9INEN,step106で各陣形有効ラインから再計算済みの9因縁行を使用し、重複組では総合値最大の配置を残す,魚鱗||通常||9||今川義元|前田利家(雄材)|武田晴信|竹中半兵衛(右腕)|細川藤孝(立役)|高台院||健康第一|山紫水明|巧言令色|摂理探究|文明開化|老練闊達|謀略家|質実剛健|雄材大略,,step116_9inen_dedup_max_total,23099,23099,step164_verified_normal9,火属性,517
step116_9_魚鱗_000006,STEP116_9INEN_DEDUP_MAX_TOTAL_RESULT,step106_9inen_full_780_dedup_by_hero_set_bond_set_max_total,魚鱗,通常,9,武田晴信|愛姫(起源)|細川藤孝(立役)|今川義元|前田利家|片倉景綱(右腕),武田晴信|愛姫(起源)|細川藤孝(立役)|今川義元|前田利家|片倉景綱(右腕),健康第一|老練闊達|質実剛健|文明開化|山紫水明|巧言令色|謀略家|雄材大略|摂理探究,健康第一|老練闊達|質実剛健|文明開化|山紫水明|巧言令色|謀略家|雄材大略|摂理探究,15159,4827,167,231,0,715,313,488,504,513,469,ステータス計算済み,step116で9因縁780行を「陣形+配置英傑6人セット+発動因縁セット」で重複除外。同一組内は総合値最大の配置を代表として採用。,STEP116_SELECTED_MAX_TOTAL_FROM_STEP106_RECALCULATED_9INEN,step106で各陣形有効ラインから再計算済みの9因縁行を使用し、重複組では総合値最大の配置を残す,魚鱗||通常||9||今川義元|前田利家|愛姫(起源)|武田晴信|片倉景綱(右腕)|細川藤孝(立役)||健康第一|山紫水明|巧言令色|摂理探究|文明開化|老練闊達|謀略家|質実剛健|雄材大略,,step116_9inen_dedup_max_total,23386,23386,step164_verified_normal9,火属性,513
step116_9_魚鱗_000005,STEP116_9INEN_DEDUP_MAX_TOTAL_RESULT,step106_9inen_full_780_dedup_by_hero_set_bond_set_max_total,魚鱗,通常,9,前田利家(雄材)|片倉景綱(右腕)|武田晴信|愛姫(起源)|細川藤孝(立役)|今川義元,前田利家(雄材)|片倉景綱(右腕)|武田晴信|愛姫(起源)|細川藤孝(立役)|今川義元,謀略家|雄材大略|摂理探究|健康第一|老練闊達|質実剛健|文明開化|山紫水明|巧言令色,謀略家|雄材大略|摂理探究|健康第一|老練闊達|質実剛健|文明開化|山紫水明|巧言令色,15159,4827,167,231,0,715,313,488,504,513,469,ステータス計算済み,step116で9因縁780行を「陣形+配置英傑6人セット+発動因縁セット」で重複除外。同一組内は総合値最大の配置を代表として採用。,STEP116_SELECTED_MAX_TOTAL_FROM_STEP106_RECALCULATED_9INEN,step106で各陣形有効ラインから再計算済みの9因縁行を使用し、重複組では総合値最大の配置を残す,魚鱗||通常||9||今川義元|前田利家(雄材)|愛姫(起源)|武田晴信|片倉景綱(右腕)|細川藤孝(立役)||健康第一|山紫水明|巧言令色|摂理探究|文明開化|老練闊達|謀略家|質実剛健|雄材大略,,step116_9inen_dedup_max_total,23386,23386,step164_verified_normal9,火属性,513
step116_9_魚鱗_000018,STEP116_9INEN_DEDUP_MAX_TOTAL_RESULT,step106_9inen_full_780_dedup_by_hero_set_bond_set_max_total,魚鱗,通常,9,武田晴信|高台院|細川藤孝(立役)|今川義元|前田利家|丹羽長秀(風雲),武田晴信|高台院|細川藤孝(立役)|今川義元|前田利家|丹羽長秀(風雲),健康第一|老練闊達|質実剛健|文明開化|山紫水明|巧言令色|謀略家|雄材大略|摂理探究,健康第一|老練闊達|質実剛健|文明開化|山紫水明|巧言令色|謀略家|雄材大略|摂理探究,14976,4813,132,226,0,716,313,473,515,513,453,ステータス計算済み,step116で9因縁780行を「陣形+配置英傑6人セット+発動因縁セット」で重複除外。同一組内は総合値最大の配置を代表として採用。,STEP116_SELECTED_MAX_TOTAL_FROM_STEP106_RECALCULATED_9INEN,step106で各陣形有効ラインから再計算済みの9因縁行を使用し、重複組では総合値最大の配置を残す,魚鱗||通常||9||丹羽長秀(風雲)|今川義元|前田利家|武田晴信|細川藤孝(立役)|高台院||健康第一|山紫水明|巧言令色|摂理探究|文明開化|老練闊達|謀略家|質実剛健|雄材大略,,step116_9inen_dedup_max_total,23130,23130,step164_verified_normal9,火属性,513
step116_9_魚鱗_000017,STEP116_9INEN_DEDUP_MAX_TOTAL_RESULT,step106_9inen_full_780_dedup_by_hero_set_bond_set_max_total,魚鱗,通常,9,前田利家(雄材)|丹羽長秀(風雲)|武田晴信|高台院|細川藤孝(立役)|今川義元,前田利家(雄材)|丹羽長秀(風雲)|武田晴信|高台院|細川藤孝(立役)|今川義元,謀略家|雄材大略|摂理探究|健康第一|老練闊達|質実剛健|文明開化|山紫水明|巧言令色,謀略家|雄材大略|摂理探究|健康第一|老練闊達|質実剛健|文明開化|山紫水明|巧言令色,14976,4813,132,226,0,716,313,473,515,513,453,ステータス計算済み,step116で9因縁780行を「陣形+配置英傑6人セット+発動因縁セット」で重複除外。同一組内は総合値最大の配置を代表として採用。,STEP116_SELECTED_MAX_TOTAL_FROM_STEP106_RECALCULATED_9INEN,step106で各陣形有効ラインから再計算済みの9因縁行を使用し、重複組では総合値最大の配置を残す,魚鱗||通常||9||丹羽長秀(風雲)|今川義元|前田利家(雄材)|武田晴信|細川藤孝(立役)|高台院||健康第一|山紫水明|巧言令色|摂理探究|文明開化|老練闊達|謀略家|質実剛健|雄材大略,,step116_9inen_dedup_max_total,23130,23130,step164_verified_normal9,火属性,513
step116_9_魚鱗_000010,STEP116_9INEN_DEDUP_MAX_TOTAL_RESULT,step106_9inen_full_780_dedup_by_hero_set_bond_set_max_total,魚鱗,通常,9,武田晴信|愛姫(起源)|細川藤孝(立役)|今川義元|前田利家|豊臣秀長,武田晴信|愛姫(起源)|細川藤孝(立役)|今川義元|前田利家|豊臣秀長,健康第一|老練闊達|質実剛健|文明開化|山紫水明|巧言令色|謀略家|雄材大略|摂理探究,健康第一|老練闊達|質実剛健|文明開化|山紫水明|巧言令色|謀略家|雄材大略|摂理探究,15036,4864,157,231,0,719,313,490,509,512,472,ステータス計算済み,step116で9因縁780行を「陣形+配置英傑6人セット+発動因縁セット」で重複除外。同一組内は総合値最大の配置を代表として採用。,STEP116_SELECTED_MAX_TOTAL_FROM_STEP106_RECALCULATED_9INEN,step106で各陣形有効ラインから再計算済みの9因縁行を使用し、重複組では総合値最大の配置を残す,魚鱗||通常||9||今川義元|前田利家|愛姫(起源)|武田晴信|細川藤孝(立役)|豊臣秀長||健康第一|山紫水明|巧言令色|摂理探究|文明開化|老練闊達|謀略家|質実剛健|雄材大略,,step116_9inen_dedup_max_total,23303,23303,step164_verified_normal9,火属性,512
step116_9_魚鱗_000009,STEP116_9INEN_DEDUP_MAX_TOTAL_RESULT,step106_9inen_full_780_dedup_by_hero_set_bond_set_max_total,魚鱗,通常,9,前田利家(雄材)|豊臣秀長|武田晴信|愛姫(起源)|細川藤孝(立役)|今川義元,前田利家(雄材)|豊臣秀長|武田晴信|愛姫(起源)|細川藤孝(立役)|今川義元,謀略家|雄材大略|摂理探究|健康第一|老練闊達|質実剛健|文明開化|山紫水明|巧言令色,謀略家|雄材大略|摂理探究|健康第一|老練闊達|質実剛健|文明開化|山紫水明|巧言令色,15036,4864,157,231,0,719,313,490,509,512,472,ステータス計算済み,step116で9因縁780行を「陣形+配置英傑6人セット+発動因縁セット」で重複除外。同一組内は総合値最大の配置を代表として採用。,STEP116_SELECTED_MAX_TOTAL_FROM_STEP106_RECALCULATED_9INEN,step106で各陣形有効ラインから再計算済みの9因縁行を使用し、重複組では総合値最大の配置を残す,魚鱗||通常||9||今川義元|前田利家(雄材)|愛姫(起源)|武田晴信|細川藤孝(立役)|豊臣秀長||健康第一|山紫水明|巧言令色|摂理探究|文明開化|老練闊達|謀略家|質実剛健|雄材大略,,step116_9inen_dedup_max_total,23303,23303,step164_verified_normal9,火属性,512
step116_9_魚鱗_000008,STEP116_9INEN_DEDUP_MAX_TOTAL_RESULT,step106_9inen_full_780_dedup_by_hero_set_bond_set_max_total,魚鱗,通常,9,武田晴信|高台院|細川藤孝(立役)|今川義元|前田利家|片倉景綱(右腕),武田晴信|高台院|細川藤孝(立役)|今川義元|前田利家|片倉景綱(右腕),健康第一|老練闊達|質実剛健|文明開化|山紫水明|巧言令色|謀略家|雄材大略|摂理探究,健康第一|老練闊達|質実剛健|文明開化|山紫水明|巧言令色|謀略家|雄材大略|摂理探究,15162,4802,155,226,0,719,313,487,502,509,466,ステータス計算済み,step116で9因縁780行を「陣形+配置英傑6人セット+発動因縁セット」で重複除外。同一組内は総合値最大の配置を代表として採用。,STEP116_SELECTED_MAX_TOTAL_FROM_STEP106_RECALCULATED_9INEN,step106で各陣形有効ラインから再計算済みの9因縁行を使用し、重複組では総合値最大の配置を残す,魚鱗||通常||9||今川義元|前田利家|武田晴信|片倉景綱(右腕)|細川藤孝(立役)|高台院||健康第一|山紫水明|巧言令色|摂理探究|文明開化|老練闊達|謀略家|質実剛健|雄材大略,,step116_9inen_dedup_max_total,23341,23341,step164_verified_normal9,火属性,509
step116_9_魚鱗_000007,STEP116_9INEN_DEDUP_MAX_TOTAL_RESULT,step106_9inen_full_780_dedup_by_hero_set_bond_set_max_total,魚鱗,通常,9,前田利家(雄材)|片倉景綱(右腕)|武田晴信|高台院|細川藤孝(立役)|今川義元,前田利家(雄材)|片倉景綱(右腕)|武田晴信|高台院|細川藤孝(立役)|今川義元,謀略家|雄材大略|摂理探究|健康第一|老練闊達|質実剛健|文明開化|山紫水明|巧言令色,謀略家|雄材大略|摂理探究|健康第一|老練闊達|質実剛健|文明開化|山紫水明|巧言令色,15162,4802,155,226,0,719,313,487,502,509,466,ステータス計算済み,step116で9因縁780行を「陣形+配置英傑6人セット+発動因縁セット」で重複除外。同一組内は総合値最大の配置を代表として採用。,STEP116_SELECTED_MAX_TOTAL_FROM_STEP106_RECALCULATED_9INEN,step106で各陣形有効ラインから再計算済みの9因縁行を使用し、重複組では総合値最大の配置を残す,魚鱗||通常||9||今川義元|前田利家(雄材)|武田晴信|片倉景綱(右腕)|細川藤孝(立役)|高台院||健康第一|山紫水明|巧言令色|摂理探究|文明開化|老練闊達|謀略家|質実剛健|雄材大略,,step116_9inen_dedup_max_total,23341,23341,step164_verified_normal9,火属性,509
step116_9_魚鱗_000012,STEP116_9INEN_DEDUP_MAX_TOTAL_RESULT,step106_9inen_full_780_dedup_by_hero_set_bond_set_max_total,魚鱗,通常,9,武田晴信|高台院|細川藤孝(立役)|今川義元|前田利家|豊臣秀長,武田晴信|高台院|細川藤孝(立役)|今川義元|前田利家|豊臣秀長,健康第一|老練闊達|質実剛健|文明開化|山紫水明|巧言令色|謀略家|雄材大略|摂理探究,健康第一|老練闊達|質実剛健|文明開化|山紫水明|巧言令色|謀略家|雄材大略|摂理探究,15039,4838,145,226,0,723,313,489,507,508,469,ステータス計算済み,step116で9因縁780行を「陣形+配置英傑6人セット+発動因縁セット」で重複除外。同一組内は総合値最大の配置を代表として採用。,STEP116_SELECTED_MAX_TOTAL_FROM_STEP106_RECALCULATED_9INEN,step106で各陣形有効ラインから再計算済みの9因縁行を使用し、重複組では総合値最大の配置を残す,魚鱗||通常||9||今川義元|前田利家|武田晴信|細川藤孝(立役)|豊臣秀長|高台院||健康第一|山紫水明|巧言令色|摂理探究|文明開化|老練闊達|謀略家|質実剛健|雄材大略,,step116_9inen_dedup_max_total,23257,23257,step164_verified_normal9,火属性,508
step116_9_魚鱗_000011,STEP116_9INEN_DEDUP_MAX_TOTAL_RESULT,step106_9inen_full_780_dedup_by_hero_set_bond_set_max_total,魚鱗,通常,9,前田利家(雄材)|豊臣秀長|武田晴信|高台院|細川藤孝(立役)|今川義元,前田利家(雄材)|豊臣秀長|武田晴信|高台院|細川藤孝(立役)|今川義元,謀略家|雄材大略|摂理探究|健康第一|老練闊達|質実剛健|文明開化|山紫水明|巧言令色,謀略家|雄材大略|摂理探究|健康第一|老練闊達|質実剛健|文明開化|山紫水明|巧言令色,15039,4838,145,226,0,723,313,489,507,508,469,ステータス計算済み,step116で9因縁780行を「陣形+配置英傑6人セット+発動因縁セット」で重複除外。同一組内は総合値最大の配置を代表として採用。,STEP116_SELECTED_MAX_TOTAL_FROM_STEP106_RECALCULATED_9INEN,step106で各陣形有効ラインから再計算済みの9因縁行を使用し、重複組では総合値最大の配置を残す,魚鱗||通常||9||今川義元|前田利家(雄材)|武田晴信|細川藤孝(立役)|豊臣秀長|高台院||健康第一|山紫水明|巧言令色|摂理探究|文明開化|老練闊達|謀略家|質実剛健|雄材大略,,step116_9inen_dedup_max_total,23257,23257,step164_verified_normal9,火属性,508
step116_9_魚鱗_000002,STEP116_9INEN_DEDUP_MAX_TOTAL_RESULT,step106_9inen_full_780_dedup_by_hero_set_bond_set_max_total,魚鱗,通常,9,武田晴信|愛姫(起源)|細川藤孝(立役)|今川義元|前田利家|鍋島直茂(乱雲),武田晴信|愛姫(起源)|細川藤孝(立役)|今川義元|前田利家|鍋島直茂(乱雲),健康第一|老練闊達|質実剛健|文明開化|山紫水明|巧言令色|謀略家|雄材大略|摂理探究,健康第一|老練闊達|質実剛健|文明開化|山紫水明|巧言令色|謀略家|雄材大略|摂理探究,15234,4833,161,231,0,715,313,483,506,501,469,ステータス計算済み,step116で9因縁780行を「陣形+配置英傑6人セット+発動因縁セット」で重複除外。同一組内は総合値最大の配置を代表として採用。,STEP116_SELECTED_MAX_TOTAL_FROM_STEP106_RECALCULATED_9INEN,step106で各陣形有効ラインから再計算済みの9因縁行を使用し、重複組では総合値最大の配置を残す,魚鱗||通常||9||今川義元|前田利家|愛姫(起源)|武田晴信|細川藤孝(立役)|鍋島直茂(乱雲)||健康第一|山紫水明|巧言令色|摂理探究|文明開化|老練闊達|謀略家|質実剛健|雄材大略,,step116_9inen_dedup_max_total,23446,23446,step164_verified_normal9,火属性,501
step116_9_魚鱗_000001,STEP116_9INEN_DEDUP_MAX_TOTAL_RESULT,step106_9inen_full_780_dedup_by_hero_set_bond_set_max_total,魚鱗,通常,9,前田利家(雄材)|鍋島直茂(乱雲)|武田晴信|愛姫(起源)|細川藤孝(立役)|今川義元,前田利家(雄材)|鍋島直茂(乱雲)|武田晴信|愛姫(起源)|細川藤孝(立役)|今川義元,謀略家|雄材大略|摂理探究|健康第一|老練闊達|質実剛健|文明開化|山紫水明|巧言令色,謀略家|雄材大略|摂理探究|健康第一|老練闊達|質実剛健|文明開化|山紫水明|巧言令色,15234,4833,161,231,0,715,313,483,506,501,469,ステータス計算済み,step116で9因縁780行を「陣形+配置英傑6人セット+発動因縁セット」で重複除外。同一組内は総合値最大の配置を代表として採用。,STEP116_SELECTED_MAX_TOTAL_FROM_STEP106_RECALCULATED_9INEN,step106で各陣形有効ラインから再計算済みの9因縁行を使用し、重複組では総合値最大の配置を残す,魚鱗||通常||9||今川義元|前田利家(雄材)|愛姫(起源)|武田晴信|細川藤孝(立役)|鍋島直茂(乱雲)||健康第一|山紫水明|巧言令色|摂理探究|文明開化|老練闊達|謀略家|質実剛健|雄材大略,,step116_9inen_dedup_max_total,23446,23446,step164_verified_normal9,火属性,501
step116_9_魚鱗_000004,STEP116_9INEN_DEDUP_MAX_TOTAL_RESULT,step106_9inen_full_780_dedup_by_hero_set_bond_set_max_total,魚鱗,通常,9,武田晴信|高台院|細川藤孝(立役)|今川義元|前田利家|鍋島直茂(乱雲),武田晴信|高台院|細川藤孝(立役)|今川義元|前田利家|鍋島直茂(乱雲),健康第一|老練闊達|質実剛健|文明開化|山紫水明|巧言令色|謀略家|雄材大略|摂理探究,健康第一|老練闊達|質実剛健|文明開化|山紫水明|巧言令色|謀略家|雄材大略|摂理探究,15237,4808,149,226,0,719,313,482,504,497,466,ステータス計算済み,step116で9因縁780行を「陣形+配置英傑6人セット+発動因縁セット」で重複除外。同一組内は総合値最大の配置を代表として採用。,STEP116_SELECTED_MAX_TOTAL_FROM_STEP106_RECALCULATED_9INEN,step106で各陣形有効ラインから再計算済みの9因縁行を使用し、重複組では総合値最大の配置を残す,魚鱗||通常||9||今川義元|前田利家|武田晴信|細川藤孝(立役)|鍋島直茂(乱雲)|高台院||健康第一|山紫水明|巧言令色|摂理探究|文明開化|老練闊達|謀略家|質実剛健|雄材大略,,step116_9inen_dedup_max_total,23401,23401,step164_verified_normal9,火属性,497
step116_9_魚鱗_000003,STEP116_9INEN_DEDUP_MAX_TOTAL_RESULT,step106_9inen_full_780_dedup_by_hero_set_bond_set_max_total,魚鱗,通常,9,前田利家(雄材)|鍋島直茂(乱雲)|武田晴信|高台院|細川藤孝(立役)|今川義元,前田利家(雄材)|鍋島直茂(乱雲)|武田晴信|高台院|細川藤孝(立役)|今川義元,謀略家|雄材大略|摂理探究|健康第一|老練闊達|質実剛健|文明開化|山紫水明|巧言令色,謀略家|雄材大略|摂理探究|健康第一|老練闊達|質実剛健|文明開化|山紫水明|巧言令色,15237,4808,149,226,0,719,313,482,504,497,466,ステータス計算済み,step116で9因縁780行を「陣形+配置英傑6人セット+発動因縁セット」で重複除外。同一組内は総合値最大の配置を代表として採用。,STEP116_SELECTED_MAX_TOTAL_FROM_STEP106_RECALCULATED_9INEN,step106で各陣形有効ラインから再計算済みの9因縁行を使用し、重複組では総合値最大の配置を残す,魚鱗||通常||9||今川義元|前田利家(雄材)|武田晴信|細川藤孝(立役)|鍋島直茂(乱雲)|高台院||健康第一|山紫水明|巧言令色|摂理探究|文明開化|老練闊達|謀略家|質実剛健|雄材大略,,step116_9inen_dedup_max_total,23401,23401,step164_verified_normal9,火属性,497
step116_9_魚鱗_000053,STEP116_9INEN_DEDUP_MAX_TOTAL_RESULT,step106_9inen_full_780_dedup_by_hero_set_bond_set_max_total,魚鱗,通常,9,北条氏照(剛柔)|金森長近|雑賀孫市(道化)|大久保忠世|黒田官兵衛|豊臣秀長,北条氏照(剛柔)|金森長近|雑賀孫市(道化)|大久保忠世|黒田官兵衛|豊臣秀長,文明開化|技巧伝承|知勇兼備|才腕の絆|硝煙弾雨|多芸多才|知将の絆|立役者|柔能制剛,文明開化|技巧伝承|知勇兼備|才腕の絆|硝煙弾雨|多芸多才|知将の絆|立役者|柔能制剛,11154,3232,157,118,688,695,306,482,557,496,478,ステータス計算済み,step116で9因縁780行を「陣形+配置英傑6人セット+発動因縁セット」で重複除外。同一組内は総合値最大の配置を代表として採用。,STEP116_SELECTED_MAX_TOTAL_FROM_STEP106_RECALCULATED_9INEN,step106で各陣形有効ラインから再計算済みの9因縁行を使用し、重複組では総合値最大の配置を残す,魚鱗||通常||9||北条氏照(剛柔)|大久保忠世|豊臣秀長|金森長近|雑賀孫市(道化)|黒田官兵衛||多芸多才|才腕の絆|技巧伝承|文明開化|柔能制剛|知勇兼備|知将の絆|硝煙弾雨|立役者,,step116_9inen_dedup_max_total,18363,18363,step164_verified_normal9,火属性,496
step116_9_魚鱗_000050,STEP116_9INEN_DEDUP_MAX_TOTAL_RESULT,step106_9inen_full_780_dedup_by_hero_set_bond_set_max_total,魚鱗,通常,9,北条氏照(剛柔)|金森長近|雑賀孫市(道化)|大久保忠世|黒田官兵衛|鍋島直茂(乱雲),北条氏照(剛柔)|金森長近|雑賀孫市(道化)|大久保忠世|黒田官兵衛|鍋島直茂(乱雲),文明開化|技巧伝承|知勇兼備|才腕の絆|硝煙弾雨|多芸多才|知将の絆|立役者|柔能制剛,文明開化|技巧伝承|知勇兼備|才腕の絆|硝煙弾雨|多芸多才|知将の絆|立役者|柔能制剛,11367,3232,157,118,690,691,306,477,555,488,476,ステータス計算済み,step116で9因縁780行を「陣形+配置英傑6人セット+発動因縁セット」で重複除外。同一組内は総合値最大の配置を代表として採用。,STEP116_SELECTED_MAX_TOTAL_FROM_STEP106_RECALCULATED_9INEN,step106で各陣形有効ラインから再計算済みの9因縁行を使用し、重複組では総合値最大の配置を残す,魚鱗||通常||9||北条氏照(剛柔)|大久保忠世|金森長近|鍋島直茂(乱雲)|雑賀孫市(道化)|黒田官兵衛||多芸多才|才腕の絆|技巧伝承|文明開化|柔能制剛|知勇兼備|知将の絆|硝煙弾雨|立役者,,step116_9inen_dedup_max_total,18557,18557,step164_verified_normal9,火属性,488
step116_9_魚鱗_000041,STEP116_9INEN_DEDUP_MAX_TOTAL_RESULT,step106_9inen_full_780_dedup_by_hero_set_bond_set_max_total,魚鱗,通常,9,柳生宗矩|島左近|出雲阿国(野望)|大祝鶴|魔女ルシア|谷忠澄,柳生宗矩|島左近|出雲阿国(野望)|大祝鶴|魔女ルシア|谷忠澄,豪傑|流行創出|神主・巫女|女傑の絆|洒落者の絆|文明開化|技巧伝承|竜飛鳳舞|多芸多才,豪傑|流行創出|神主・巫女|女傑の絆|洒落者の絆|文明開化|技巧伝承|竜飛鳳舞|多芸多才,12761,2985,558,48,244,379,596,487,496,474,532,ステータス計算済み,step116で9因縁780行を「陣形+配置英傑6人セット+発動因縁セット」で重複除外。同一組内は総合値最大の配置を代表として採用。,STEP116_SELECTED_MAX_TOTAL_FROM_STEP106_RECALCULATED_9INEN,step106で各陣形有効ラインから再計算済みの9因縁行を使用し、重複組では総合値最大の配置を残す,魚鱗||通常||9||出雲阿国(野望)|大祝鶴|島左近|柳生宗矩|谷忠澄|魔女ルシア||多芸多才|女傑の絆|技巧伝承|文明開化|洒落者の絆|流行創出|神主・巫女|竜飛鳳舞|豪傑,,step116_9inen_dedup_max_total,19560,19560,step164_verified_normal9,火属性,474
step116_9_魚鱗_000028,STEP116_9INEN_DEDUP_MAX_TOTAL_RESULT,step106_9inen_full_780_dedup_by_hero_set_bond_set_max_total,魚鱗,通常,9,長野業正|山中鹿之介|島左近|細川忠興(山紫)|明智光秀(闇)|小松姫,長野業正|山中鹿之介|島左近|細川忠興(山紫)|明智光秀(闇)|小松姫,侍|根性の絆|もののふ|泰然自若|鬼の絆|流行創出|戦場の華|老練闊達|勇猛果敢,侍|根性の絆|もののふ|泰然自若|鬼の絆|流行創出|戦場の華|老練闊達|勇猛果敢,14897,3081,668,489,104,137,254,421,458,473,447,ステータス計算済み,step116で9因縁780行を「陣形+配置英傑6人セット+発動因縁セット」で重複除外。同一組内は総合値最大の配置を代表として採用。,STEP116_SELECTED_MAX_TOTAL_FROM_STEP106_RECALCULATED_9INEN,step106で各陣形有効ラインから再計算済みの9因縁行を使用し、重複組では総合値最大の配置を残す,魚鱗||通常||9||小松姫|山中鹿之介|島左近|明智光秀(闇)|細川忠興(山紫)|長野業正||もののふ|侍|勇猛果敢|戦場の華|根性の絆|泰然自若|流行創出|老練闊達|鬼の絆,,step116_9inen_dedup_max_total,21429,21429,step164_verified_normal9,火属性,473
step116_9_魚鱗_000029,STEP116_9INEN_DEDUP_MAX_TOTAL_RESULT,step106_9inen_full_780_dedup_by_hero_set_bond_set_max_total,魚鱗,通常,9,長野業正|山県昌景(泰然)|島左近|細川忠興(山紫)|明智光秀(闇)|小松姫,長野業正|山県昌景(泰然)|島左近|細川忠興(山紫)|明智光秀(闇)|小松姫,侍|根性の絆|もののふ|泰然自若|鬼の絆|流行創出|戦場の華|老練闊達|勇猛果敢,侍|根性の絆|もののふ|泰然自若|鬼の絆|流行創出|戦場の華|老練闊達|勇猛果敢,14844,3061,666,489,104,137,248,428,465,470,452,ステータス計算済み,step116で9因縁780行を「陣形+配置英傑6人セット+発動因縁セット」で重複除外。同一組内は総合値最大の配置を代表として採用。,STEP116_SELECTED_MAX_TOTAL_FROM_STEP106_RECALCULATED_9INEN,step106で各陣形有効ラインから再計算済みの9因縁行を使用し、重複組では総合値最大の配置を残す,魚鱗||通常||9||小松姫|山県昌景(泰然)|島左近|明智光秀(闇)|細川忠興(山紫)|長野業正||もののふ|侍|勇猛果敢|戦場の華|根性の絆|泰然自若|流行創出|老練闊達|鬼の絆,,step116_9inen_dedup_max_total,21364,21364,step164_verified_normal9,火属性,470
step116_9_魚鱗_000048,STEP116_9INEN_DEDUP_MAX_TOTAL_RESULT,step106_9inen_full_780_dedup_by_hero_set_bond_set_max_total,魚鱗,通常,9,豊臣秀長|北条氏照(剛柔)|豊臣秀次|百地三太夫(野望)|斎藤道三(巳)|佐竹義重,豊臣秀長|北条氏照(剛柔)|豊臣秀次|百地三太夫(野望)|斎藤道三(巳)|佐竹義重,知将の絆|立役者|技巧伝承|柔能制剛|謀略家|生殺与奪|侍|才腕の絆|知勇兼備,知将の絆|立役者|技巧伝承|柔能制剛|謀略家|生殺与奪|侍|才腕の絆|知勇兼備,13439,1428,162,99,517,864,357,463,454,463,458,ステータス計算済み,step116で9因縁780行を「陣形+配置英傑6人セット+発動因縁セット」で重複除外。同一組内は総合値最大の配置を代表として採用。,STEP116_SELECTED_MAX_TOTAL_FROM_STEP106_RECALCULATED_9INEN,step106で各陣形有効ラインから再計算済みの9因縁行を使用し、重複組では総合値最大の配置を残す,魚鱗||通常||9||佐竹義重|北条氏照(剛柔)|斎藤道三(巳)|百地三太夫(野望)|豊臣秀次|豊臣秀長||侍|才腕の絆|技巧伝承|柔能制剛|生殺与奪|知勇兼備|知将の絆|立役者|謀略家,,step116_9inen_dedup_max_total,18704,18704,step164_verified_normal9,火属性,463
step116_9_魚鱗_000031,STEP116_9INEN_DEDUP_MAX_TOTAL_RESULT,step106_9inen_full_780_dedup_by_hero_set_bond_set_max_total,魚鱗,通常,9,長野業正|山中鹿之介|島左近|豊臣秀次|明智光秀(闇)|小松姫,長野業正|山中鹿之介|島左近|豊臣秀次|明智光秀(闇)|小松姫,侍|根性の絆|もののふ|泰然自若|謀略家|流行創出|戦場の華|老練闊達|勇猛果敢,侍|根性の絆|もののふ|泰然自若|謀略家|流行創出|戦場の華|老練闊達|勇猛果敢,14515,2995,466,342,104,277,254,397,422,445,418,ステータス計算済み,step116で9因縁780行を「陣形+配置英傑6人セット+発動因縁セット」で重複除外。同一組内は総合値最大の配置を代表として採用。,STEP116_SELECTED_MAX_TOTAL_FROM_STEP106_RECALCULATED_9INEN,step106で各陣形有効ラインから再計算済みの9因縁行を使用し、重複組では総合値最大の配置を残す,魚鱗||通常||9||小松姫|山中鹿之介|島左近|明智光秀(闇)|豊臣秀次|長野業正||もののふ|侍|勇猛果敢|戦場の華|根性の絆|泰然自若|流行創出|老練闊達|謀略家,,step116_9inen_dedup_max_total,20635,20635,step164_verified_normal9,火属性,445
step116_9_魚鱗_000032,STEP116_9INEN_DEDUP_MAX_TOTAL_RESULT,step106_9inen_full_780_dedup_by_hero_set_bond_set_max_total,魚鱗,通常,9,長野業正|山県昌景(泰然)|島左近|豊臣秀次|明智光秀(闇)|小松姫,長野業正|山県昌景(泰然)|島左近|豊臣秀次|明智光秀(闇)|小松姫,侍|根性の絆|もののふ|泰然自若|謀略家|流行創出|戦場の華|老練闊達|勇猛果敢,侍|根性の絆|もののふ|泰然自若|謀略家|流行創出|戦場の華|老練闊達|勇猛果敢,14462,2975,464,342,104,277,248,404,429,442,423,ステータス計算済み,step116で9因縁780行を「陣形+配置英傑6人セット+発動因縁セット」で重複除外。同一組内は総合値最大の配置を代表として採用。,STEP116_SELECTED_MAX_TOTAL_FROM_STEP106_RECALCULATED_9INEN,step106で各陣形有効ラインから再計算済みの9因縁行を使用し、重複組では総合値最大の配置を残す,魚鱗||通常||9||小松姫|山県昌景(泰然)|島左近|明智光秀(闇)|豊臣秀次|長野業正||もののふ|侍|勇猛果敢|戦場の華|根性の絆|泰然自若|流行創出|老練闊達|謀略家,,step116_9inen_dedup_max_total,20570,20570,step164_verified_normal9,火属性,442
step116_9_魚鱗_000044,STEP116_9INEN_DEDUP_MAX_TOTAL_RESULT,step106_9inen_full_780_dedup_by_hero_set_bond_set_max_total,魚鱗,通常,9,納涼忍お綾|堀秀政|柳生宗矩|宮本武蔵(涼)|道場娘まり(和装)|仙桃院,納涼忍お綾|堀秀政|柳生宗矩|宮本武蔵(涼)|道場娘まり(和装)|仙桃院,才腕の絆|文明開化|技巧伝承|多芸多才|侍|剣豪の絆|豪傑|女傑の絆|能鷹隠爪,才腕の絆|文明開化|技巧伝承|多芸多才|侍|剣豪の絆|豪傑|女傑の絆|能鷹隠爪,13904,1403,749,202,665,154,589,367,371,393,423,ステータス計算済み,step116で9因縁780行を「陣形+配置英傑6人セット+発動因縁セット」で重複除外。同一組内は総合値最大の配置を代表として採用。,STEP116_SELECTED_MAX_TOTAL_FROM_STEP106_RECALCULATED_9INEN,step106で各陣形有効ラインから再計算済みの9因縁行を使用し、重複組では総合値最大の配置を残す,魚鱗||通常||9||仙桃院|堀秀政|宮本武蔵(涼)|柳生宗矩|納涼忍お綾|道場娘まり(和装)||侍|剣豪の絆|多芸多才|女傑の絆|才腕の絆|技巧伝承|文明開化|能鷹隠爪|豪傑,,step116_9inen_dedup_max_total,19220,19220,step164_verified_normal9,火属性,393
step116_9_魚鱗_000045,STEP116_9INEN_DEDUP_MAX_TOTAL_RESULT,step106_9inen_full_780_dedup_by_hero_set_bond_set_max_total,魚鱗,通常,9,納涼忍お綾|堀秀政|柳生宗矩|宮本武蔵(涼)|道場娘まり(和装)|井伊直虎,納涼忍お綾|堀秀政|柳生宗矩|宮本武蔵(涼)|道場娘まり(和装)|井伊直虎,才腕の絆|文明開化|技巧伝承|多芸多才|侍|剣豪の絆|豪傑|女傑の絆|戦場の華,才腕の絆|文明開化|技巧伝承|多芸多才|侍|剣豪の絆|豪傑|女傑の絆|戦場の華,13928,1403,772,86,665,154,590,367,371,393,423,ステータス計算済み,step116で9因縁780行を「陣形+配置英傑6人セット+発動因縁セット」で重複除外。同一組内は総合値最大の配置を代表として採用。,STEP116_SELECTED_MAX_TOTAL_FROM_STEP106_RECALCULATED_9INEN,step106で各陣形有効ラインから再計算済みの9因縁行を使用し、重複組では総合値最大の配置を残す,魚鱗||通常||9||井伊直虎|堀秀政|宮本武蔵(涼)|柳生宗矩|納涼忍お綾|道場娘まり(和装)||侍|剣豪の絆|多芸多才|女傑の絆|戦場の華|才腕の絆|技巧伝承|文明開化|豪傑,,step116_9inen_dedup_max_total,19152,19152,step164_verified_normal9,火属性,393
step116_9_魚鱗_000049,STEP116_9INEN_DEDUP_MAX_TOTAL_RESULT,step106_9inen_full_780_dedup_by_hero_set_bond_set_max_total,魚鱗,通常,9,納涼忍お綾|堀秀政|柳生宗矩|宮本武蔵(涼)|道場娘まり(和装)|武田信玄(野望),納涼忍お綾|堀秀政|柳生宗矩|宮本武蔵(涼)|道場娘まり(和装)|武田信玄(野望),才腕の絆|文明開化|技巧伝承|多芸多才|侍|剣豪の絆|豪傑|戦場の華|能鷹隠爪,才腕の絆|文明開化|技巧伝承|多芸多才|侍|剣豪の絆|豪傑|戦場の華|能鷹隠爪,13504,1403,565,195,665,154,553,367,371,393,423,ステータス計算済み,step116で9因縁780行を「陣形+配置英傑6人セット+発動因縁セット」で重複除外。同一組内は総合値最大の配置を代表として採用。,STEP116_SELECTED_MAX_TOTAL_FROM_STEP106_RECALCULATED_9INEN,step106で各陣形有効ラインから再計算済みの9因縁行を使用し、重複組では総合値最大の配置を残す,魚鱗||通常||9||堀秀政|宮本武蔵(涼)|柳生宗矩|武田信玄(野望)|納涼忍お綾|道場娘まり(和装)||侍|剣豪の絆|多芸多才|戦場の華|才腕の絆|技巧伝承|文明開化|能鷹隠爪|豪傑,,step116_9inen_dedup_max_total,18593,18593,step164_verified_normal9,火属性,393
step116_9_魚鱗_000051,STEP116_9INEN_DEDUP_MAX_TOTAL_RESULT,step106_9inen_full_780_dedup_by_hero_set_bond_set_max_total,魚鱗,通常,9,納涼忍お綾|堀秀政|柳生宗矩|明智光秀(闇)|井伊直虎|仙桃院,納涼忍お綾|堀秀政|柳生宗矩|明智光秀(闇)|井伊直虎|仙桃院,才腕の絆|文明開化|技巧伝承|多芸多才|豪傑|勇猛果敢|女傑の絆|戦場の華|能鷹隠爪,才腕の絆|文明開化|技巧伝承|多芸多才|豪傑|勇猛果敢|女傑の絆|戦場の華|能鷹隠爪,13564,975,657,174,634,154,729,367,371,393,423,ステータス計算済み,step116で9因縁780行を「陣形+配置英傑6人セット+発動因縁セット」で重複除外。同一組内は総合値最大の配置を代表として採用。,STEP116_SELECTED_MAX_TOTAL_FROM_STEP106_RECALCULATED_9INEN,step106で各陣形有効ラインから再計算済みの9因縁行を使用し、重複組では総合値最大の配置を残す,魚鱗||通常||9||井伊直虎|仙桃院|堀秀政|明智光秀(闇)|柳生宗矩|納涼忍お綾||勇猛果敢|多芸多才|女傑の絆|戦場の華|才腕の絆|技巧伝承|文明開化|能鷹隠爪|豪傑,,step116_9inen_dedup_max_total,18441,18441,step164_verified_normal9,火属性,393
step116_9_魚鱗_000052,STEP116_9INEN_DEDUP_MAX_TOTAL_RESULT,step106_9inen_full_780_dedup_by_hero_set_bond_set_max_total,魚鱗,通常,9,納涼忍お綾|堀秀政|柳生宗矩|上杉謙信(野望)|井伊直虎|仙桃院,納涼忍お綾|堀秀政|柳生宗矩|上杉謙信(野望)|井伊直虎|仙桃院,才腕の絆|文明開化|技巧伝承|多芸多才|豪傑|勇猛果敢|女傑の絆|戦場の華|能鷹隠爪,才腕の絆|文明開化|技巧伝承|多芸多才|豪傑|勇猛果敢|女傑の絆|戦場の華|能鷹隠爪,13524,975,635,174,636,154,729,367,371,393,423,ステータス計算済み,step116で9因縁780行を「陣形+配置英傑6人セット+発動因縁セット」で重複除外。同一組内は総合値最大の配置を代表として採用。,STEP116_SELECTED_MAX_TOTAL_FROM_STEP106_RECALCULATED_9INEN,step106で各陣形有効ラインから再計算済みの9因縁行を使用し、重複組では総合値最大の配置を残す,魚鱗||通常||9||上杉謙信(野望)|井伊直虎|仙桃院|堀秀政|柳生宗矩|納涼忍お綾||勇猛果敢|多芸多才|女傑の絆|戦場の華|才腕の絆|技巧伝承|文明開化|能鷹隠爪|豪傑,,step116_9inen_dedup_max_total,18381,18381,step164_verified_normal9,火属性,393
step116_9_魚鱗_000054,STEP116_9INEN_DEDUP_MAX_TOTAL_RESULT,step106_9inen_full_780_dedup_by_hero_set_bond_set_max_total,魚鱗,通常,9,納涼忍お綾|堀秀政|柳生宗矩|原虎胤|井伊直虎|仙桃院,納涼忍お綾|堀秀政|柳生宗矩|原虎胤|井伊直虎|仙桃院,才腕の絆|文明開化|技巧伝承|多芸多才|豪傑|勇猛果敢|女傑の絆|戦場の華|能鷹隠爪,才腕の絆|文明開化|技巧伝承|多芸多才|豪傑|勇猛果敢|女傑の絆|戦場の華|能鷹隠爪,13052,975,580,174,612,154,729,367,371,393,423,ステータス計算済み,step116で9因縁780行を「陣形+配置英傑6人セット+発動因縁セット」で重複除外。同一組内は総合値最大の配置を代表として採用。,STEP116_SELECTED_MAX_TOTAL_FROM_STEP106_RECALCULATED_9INEN,step106で各陣形有効ラインから再計算済みの9因縁行を使用し、重複組では総合値最大の配置を残す,魚鱗||通常||9||井伊直虎|仙桃院|原虎胤|堀秀政|柳生宗矩|納涼忍お綾||勇猛果敢|多芸多才|女傑の絆|戦場の華|才腕の絆|技巧伝承|文明開化|能鷹隠爪|豪傑,,step116_9inen_dedup_max_total,17830,17830,step164_verified_normal9,火属性,393
step116_9_魚鱗_000021,STEP116_9INEN_DEDUP_MAX_TOTAL_RESULT,step106_9inen_full_780_dedup_by_hero_set_bond_set_max_total,魚鱗,通常,9,山中鹿之介|吉川元春|井伊直虎|宮本武蔵(涼)|島左近|長野業正,山中鹿之介|吉川元春|井伊直虎|宮本武蔵(涼)|島左近|長野業正,猛将の絆|勇猛果敢|意気衝天|軍学の絆|豪傑|侍|根性の絆|もののふ|泰然自若,猛将の絆|勇猛果敢|意気衝天|軍学の絆|豪傑|侍|根性の絆|もののふ|泰然自若,16076,4022,806,411,192,149,204,210,217,243,222,ステータス計算済み,step116で9因縁780行を「陣形+配置英傑6人セット+発動因縁セット」で重複除外。同一組内は総合値最大の配置を代表として採用。,STEP116_SELECTED_MAX_TOTAL_FROM_STEP106_RECALCULATED_9INEN,step106で各陣形有効ラインから再計算済みの9因縁行を使用し、重複組では総合値最大の配置を残す,魚鱗||通常||9||井伊直虎|吉川元春|宮本武蔵(涼)|山中鹿之介|島左近|長野業正||もののふ|侍|勇猛果敢|意気衝天|根性の絆|泰然自若|猛将の絆|豪傑|軍学の絆,,step116_9inen_dedup_max_total,22752,22752,step164_verified_normal9,火属性,243
step116_9_魚鱗_000022,STEP116_9INEN_DEDUP_MAX_TOTAL_RESULT,step106_9inen_full_780_dedup_by_hero_set_bond_set_max_total,魚鱗,通常,9,山中鹿之介|長野業正|島左近|山県昌景|井伊直虎|吉川元春,山中鹿之介|長野業正|島左近|山県昌景|井伊直虎|吉川元春,侍|根性の絆|もののふ|泰然自若|軍学の絆|豪傑|猛将の絆|勇猛果敢|意気衝天,侍|根性の絆|もののふ|泰然自若|軍学の絆|豪傑|猛将の絆|勇猛果敢|意気衝天,15788,4022,781,403,192,144,197,210,217,243,222,ステータス計算済み,step116で9因縁780行を「陣形+配置英傑6人セット+発動因縁セット」で重複除外。同一組内は総合値最大の配置を代表として採用。,STEP116_SELECTED_MAX_TOTAL_FROM_STEP106_RECALCULATED_9INEN,step106で各陣形有効ラインから再計算済みの9因縁行を使用し、重複組では総合値最大の配置を残す,魚鱗||通常||9||井伊直虎|吉川元春|山中鹿之介|山県昌景|島左近|長野業正||もののふ|侍|勇猛果敢|意気衝天|根性の絆|泰然自若|猛将の絆|豪傑|軍学の絆,,step116_9inen_dedup_max_total,22419,22419,step164_verified_normal9,火属性,243
step116_9_魚鱗_000025,STEP116_9INEN_DEDUP_MAX_TOTAL_RESULT,step106_9inen_full_780_dedup_by_hero_set_bond_set_max_total,魚鱗,通常,9,山中鹿之介|吉川元春|井伊直虎|柿崎景家|島左近|長野業正,山中鹿之介|吉川元春|井伊直虎|柿崎景家|島左近|長野業正,猛将の絆|勇猛果敢|意気衝天|軍学の絆|豪傑|侍|根性の絆|もののふ|泰然自若,猛将の絆|勇猛果敢|意気衝天|軍学の絆|豪傑|侍|根性の絆|もののふ|泰然自若,15696,4022,784,402,192,144,197,210,217,243,222,ステータス計算済み,step116で9因縁780行を「陣形+配置英傑6人セット+発動因縁セット」で重複除外。同一組内は総合値最大の配置を代表として採用。,STEP116_SELECTED_MAX_TOTAL_FROM_STEP106_RECALCULATED_9INEN,step106で各陣形有効ラインから再計算済みの9因縁行を使用し、重複組では総合値最大の配置を残す,魚鱗||通常||9||井伊直虎|吉川元春|山中鹿之介|島左近|柿崎景家|長野業正||もののふ|侍|勇猛果敢|意気衝天|根性の絆|泰然自若|猛将の絆|豪傑|軍学の絆,,step116_9inen_dedup_max_total,22329,22329,step164_verified_normal9,火属性,243
step116_9_魚鱗_000033,STEP116_9INEN_DEDUP_MAX_TOTAL_RESULT,step106_9inen_full_780_dedup_by_hero_set_bond_set_max_total,魚鱗,通常,9,山中鹿之介|島左近|長野業正|明智光秀(闇)|小松姫|伊達政宗(起源),山中鹿之介|島左近|長野業正|明智光秀(闇)|小松姫|伊達政宗(起源),侍|根性の絆|もののふ|泰然自若|戦場の華|老練闊達|勇猛果敢|武芸の絆|意気衝天,侍|根性の絆|もののふ|泰然自若|戦場の華|老練闊達|勇猛果敢|武芸の絆|意気衝天,14439,3655,559,392,225,110,254,210,217,243,222,ステータス計算済み,step116で9因縁780行を「陣形+配置英傑6人セット+発動因縁セット」で重複除外。同一組内は総合値最大の配置を代表として採用。,STEP116_SELECTED_MAX_TOTAL_FROM_STEP106_RECALCULATED_9INEN,step106で各陣形有効ラインから再計算済みの9因縁行を使用し、重複組では総合値最大の配置を残す,魚鱗||通常||9||伊達政宗(起源)|小松姫|山中鹿之介|島左近|明智光秀(闇)|長野業正||もののふ|侍|勇猛果敢|意気衝天|戦場の華|根性の絆|武芸の絆|泰然自若|老練闊達,,step116_9inen_dedup_max_total,20526,20526,step164_verified_normal9,火属性,243
step116_9_魚鱗_000037,STEP116_9INEN_DEDUP_MAX_TOTAL_RESULT,step106_9inen_full_780_dedup_by_hero_set_bond_set_max_total,魚鱗,通常,9,山中鹿之介|島左近|長野業正|明智光秀(闇)|小松姫|十河一存,山中鹿之介|島左近|長野業正|明智光秀(闇)|小松姫|十河一存,侍|根性の絆|もののふ|泰然自若|戦場の華|老練闊達|勇猛果敢|武芸の絆|意気衝天,侍|根性の絆|もののふ|泰然自若|戦場の華|老練闊達|勇猛果敢|武芸の絆|意気衝天,13961,3406,548,385,207,97,254,210,217,243,222,ステータス計算済み,step116で9因縁780行を「陣形+配置英傑6人セット+発動因縁セット」で重複除外。同一組内は総合値最大の配置を代表として採用。,STEP116_SELECTED_MAX_TOTAL_FROM_STEP106_RECALCULATED_9INEN,step106で各陣形有効ラインから再計算済みの9因縁行を使用し、重複組では総合値最大の配置を残す,魚鱗||通常||9||十河一存|小松姫|山中鹿之介|島左近|明智光秀(闇)|長野業正||もののふ|侍|勇猛果敢|意気衝天|戦場の華|根性の絆|武芸の絆|泰然自若|老練闊達,,step116_9inen_dedup_max_total,19750,19750,step164_verified_normal9,火属性,243
step116_9_魚鱗_000038,STEP116_9INEN_DEDUP_MAX_TOTAL_RESULT,step106_9inen_full_780_dedup_by_hero_set_bond_set_max_total,魚鱗,通常,9,山中鹿之介|島左近|長野業正|明智光秀(闇)|小松姫|井伊直政,山中鹿之介|島左近|長野業正|明智光秀(闇)|小松姫|井伊直政,侍|根性の絆|もののふ|泰然自若|戦場の華|老練闊達|勇猛果敢|武芸の絆|意気衝天,侍|根性の絆|もののふ|泰然自若|戦場の華|老練闊達|勇猛果敢|武芸の絆|意気衝天,13961,3406,547,386,203,97,254,210,217,243,222,ステータス計算済み,step116で9因縁780行を「陣形+配置英傑6人セット+発動因縁セット」で重複除外。同一組内は総合値最大の配置を代表として採用。,STEP116_SELECTED_MAX_TOTAL_FROM_STEP106_RECALCULATED_9INEN,step106で各陣形有効ラインから再計算済みの9因縁行を使用し、重複組では総合値最大の配置を残す,魚鱗||通常||9||井伊直政|小松姫|山中鹿之介|島左近|明智光秀(闇)|長野業正||もののふ|侍|勇猛果敢|意気衝天|戦場の華|根性の絆|武芸の絆|泰然自若|老練闊達,,step116_9inen_dedup_max_total,19746,19746,step164_verified_normal9,火属性,243
step116_9_魚鱗_000034,STEP116_9INEN_DEDUP_MAX_TOTAL_RESULT,step106_9inen_full_780_dedup_by_hero_set_bond_set_max_total,魚鱗,通常,9,山県昌景(泰然)|島左近|長野業正|明智光秀(闇)|小松姫|伊達政宗(起源),山県昌景(泰然)|島左近|長野業正|明智光秀(闇)|小松姫|伊達政宗(起源),侍|根性の絆|もののふ|泰然自若|戦場の華|老練闊達|勇猛果敢|武芸の絆|意気衝天,侍|根性の絆|もののふ|泰然自若|戦場の華|老練闊達|勇猛果敢|武芸の絆|意気衝天,14359,3561,556,392,221,110,248,217,224,240,227,ステータス計算済み,step116で9因縁780行を「陣形+配置英傑6人セット+発動因縁セット」で重複除外。同一組内は総合値最大の配置を代表として採用。,STEP116_SELECTED_MAX_TOTAL_FROM_STEP106_RECALCULATED_9INEN,step106で各陣形有効ラインから再計算済みの9因縁行を使用し、重複組では総合値最大の配置を残す,魚鱗||通常||9||伊達政宗(起源)|小松姫|山県昌景(泰然)|島左近|明智光秀(闇)|長野業正||もののふ|侍|勇猛果敢|意気衝天|戦場の華|根性の絆|武芸の絆|泰然自若|老練闊達,,step116_9inen_dedup_max_total,20355,20355,step164_verified_normal9,火属性,240
step116_9_魚鱗_000039,STEP116_9INEN_DEDUP_MAX_TOTAL_RESULT,step106_9inen_full_780_dedup_by_hero_set_bond_set_max_total,魚鱗,通常,9,山県昌景(泰然)|島左近|長野業正|明智光秀(闇)|小松姫|十河一存,山県昌景(泰然)|島左近|長野業正|明智光秀(闇)|小松姫|十河一存,侍|根性の絆|もののふ|泰然自若|戦場の華|老練闊達|勇猛果敢|武芸の絆|意気衝天,侍|根性の絆|もののふ|泰然自若|戦場の華|老練闊達|勇猛果敢|武芸の絆|意気衝天,13882,3313,545,385,203,96,248,217,224,240,227,ステータス計算済み,step116で9因縁780行を「陣形+配置英傑6人セット+発動因縁セット」で重複除外。同一組内は総合値最大の配置を代表として採用。,STEP116_SELECTED_MAX_TOTAL_FROM_STEP106_RECALCULATED_9INEN,step106で各陣形有効ラインから再計算済みの9因縁行を使用し、重複組では総合値最大の配置を残す,魚鱗||通常||9||十河一存|小松姫|山県昌景(泰然)|島左近|明智光秀(闇)|長野業正||もののふ|侍|勇猛果敢|意気衝天|戦場の華|根性の絆|武芸の絆|泰然自若|老練闊達,,step116_9inen_dedup_max_total,19580,19580,step164_verified_normal9,火属性,240
step116_9_魚鱗_000040,STEP116_9INEN_DEDUP_MAX_TOTAL_RESULT,step106_9inen_full_780_dedup_by_hero_set_bond_set_max_total,魚鱗,通常,9,山県昌景(泰然)|島左近|長野業正|明智光秀(闇)|小松姫|井伊直政,山県昌景(泰然)|島左近|長野業正|明智光秀(闇)|小松姫|井伊直政,侍|根性の絆|もののふ|泰然自若|戦場の華|老練闊達|勇猛果敢|武芸の絆|意気衝天,侍|根性の絆|もののふ|泰然自若|戦場の華|老練闊達|勇猛果敢|武芸の絆|意気衝天,13882,3313,544,386,199,96,248,217,224,240,227,ステータス計算済み,step116で9因縁780行を「陣形+配置英傑6人セット+発動因縁セット」で重複除外。同一組内は総合値最大の配置を代表として採用。,STEP116_SELECTED_MAX_TOTAL_FROM_STEP106_RECALCULATED_9INEN,step106で各陣形有効ラインから再計算済みの9因縁行を使用し、重複組では総合値最大の配置を残す,魚鱗||通常||9||井伊直政|小松姫|山県昌景(泰然)|島左近|明智光秀(闇)|長野業正||もののふ|侍|勇猛果敢|意気衝天|戦場の華|根性の絆|武芸の絆|泰然自若|老練闊達,,step116_9inen_dedup_max_total,19576,19576,step164_verified_normal9,火属性,240
step116_9_魚鱗_000055,STEP116_9INEN_DEDUP_MAX_TOTAL_RESULT,step106_9inen_full_780_dedup_by_hero_set_bond_set_max_total,魚鱗,通常,9,柳生宗矩|宮本武蔵(涼)|道場娘まり(和装)|井伊直虎|魔女ルシア|谷忠澄,柳生宗矩|宮本武蔵(涼)|道場娘まり(和装)|井伊直虎|魔女ルシア|谷忠澄,侍|剣豪の絆|豪傑|女傑の絆|戦場の華|文明開化|技巧伝承|竜飛鳳舞|多芸多才,侍|剣豪の絆|豪傑|女傑の絆|戦場の華|文明開化|技巧伝承|竜飛鳳舞|多芸多才,13298,1346,869,79,374,263,593,156,153,147,177,ステータス計算済み,step116で9因縁780行を「陣形+配置英傑6人セット+発動因縁セット」で重複除外。同一組内は総合値最大の配置を代表として採用。,STEP116_SELECTED_MAX_TOTAL_FROM_STEP106_RECALCULATED_9INEN,step106で各陣形有効ラインから再計算済みの9因縁行を使用し、重複組では総合値最大の配置を残す,魚鱗||通常||9||井伊直虎|宮本武蔵(涼)|柳生宗矩|谷忠澄|道場娘まり(和装)|魔女ルシア||侍|剣豪の絆|多芸多才|女傑の絆|戦場の華|技巧伝承|文明開化|竜飛鳳舞|豪傑,,step116_9inen_dedup_max_total,17455,17455,step164_verified_normal9,火属性,147
step116_9_魚鱗_000030,STEP116_9INEN_DEDUP_MAX_TOTAL_RESULT,step106_9inen_full_780_dedup_by_hero_set_bond_set_max_total,魚鱗,通常,9,大内義隆|北条氏邦|出雲阿国(野望)|大祝鶴|魔女ルシア|細川藤孝(立役),大内義隆|北条氏邦|出雲阿国(野望)|大祝鶴|魔女ルシア|細川藤孝(立役),流行創出|多芸多才|神主・巫女|女傑の絆|洒落者の絆|文化人の絆|文明開化|技巧伝承|山紫水明,流行創出|多芸多才|神主・巫女|女傑の絆|洒落者の絆|文化人の絆|文明開化|技巧伝承|山紫水明,13386,2828,249,44,382,403,622,773,812,744,795,ステータス計算済み,step116で9因縁780行を「陣形+配置英傑6人セット+発動因縁セット」で重複除外。同一組内は総合値最大の配置を代表として採用。,STEP116_SELECTED_MAX_TOTAL_FROM_STEP106_RECALCULATED_9INEN,step106で各陣形有効ラインから再計算済みの9因縁行を使用し、重複組では総合値最大の配置を残す,魚鱗||通常||9||出雲阿国(野望)|北条氏邦|大内義隆|大祝鶴|細川藤孝(立役)|魔女ルシア||多芸多才|女傑の絆|山紫水明|技巧伝承|文化人の絆|文明開化|洒落者の絆|流行創出|神主・巫女,,step116_9inen_dedup_max_total,21038,21038,step164_verified_normal9,風属性,795
step116_9_魚鱗_000036,STEP116_9INEN_DEDUP_MAX_TOTAL_RESULT,step106_9inen_full_780_dedup_by_hero_set_bond_set_max_total,魚鱗,通常,9,豊臣秀長|北条氏照(剛柔)|豊臣秀次|細川藤孝(立役)|前田利家|武田晴信,豊臣秀長|北条氏照(剛柔)|豊臣秀次|細川藤孝(立役)|前田利家|武田晴信,知将の絆|立役者|技巧伝承|柔能制剛|文明開化|山紫水明|謀略家|雄材大略|摂理探究,知将の絆|立役者|技巧伝承|柔能制剛|文明開化|山紫水明|謀略家|雄材大略|摂理探究,14832,899,83,0,293,1068,158,641,619,659,618,ステータス計算済み,step116で9因縁780行を「陣形+配置英傑6人セット+発動因縁セット」で重複除外。同一組内は総合値最大の配置を代表として採用。,STEP116_SELECTED_MAX_TOTAL_FROM_STEP106_RECALCULATED_9INEN,step106で各陣形有効ラインから再計算済みの9因縁行を使用し、重複組では総合値最大の配置を残す,魚鱗||通常||9||前田利家|北条氏照(剛柔)|武田晴信|細川藤孝(立役)|豊臣秀次|豊臣秀長||山紫水明|技巧伝承|摂理探究|文明開化|柔能制剛|知将の絆|立役者|謀略家|雄材大略,,step116_9inen_dedup_max_total,19870,19870,step164_verified_normal9,風属性,618
step116_9_魚鱗_000035,STEP116_9INEN_DEDUP_MAX_TOTAL_RESULT,step106_9inen_full_780_dedup_by_hero_set_bond_set_max_total,魚鱗,通常,9,豊臣秀長|武田晴信|前田利家(雄材)|細川藤孝(立役)|豊臣秀次|北条氏照(剛柔),豊臣秀長|武田晴信|前田利家(雄材)|細川藤孝(立役)|豊臣秀次|北条氏照(剛柔),謀略家|雄材大略|摂理探究|文明開化|山紫水明|知将の絆|立役者|技巧伝承|柔能制剛,謀略家|雄材大略|摂理探究|文明開化|山紫水明|知将の絆|立役者|技巧伝承|柔能制剛,14832,899,83,0,293,1068,158,641,619,659,618,ステータス計算済み,step116で9因縁780行を「陣形+配置英傑6人セット+発動因縁セット」で重複除外。同一組内は総合値最大の配置を代表として採用。,STEP116_SELECTED_MAX_TOTAL_FROM_STEP106_RECALCULATED_9INEN,step106で各陣形有効ラインから再計算済みの9因縁行を使用し、重複組では総合値最大の配置を残す,魚鱗||通常||9||前田利家(雄材)|北条氏照(剛柔)|武田晴信|細川藤孝(立役)|豊臣秀次|豊臣秀長||山紫水明|技巧伝承|摂理探究|文明開化|柔能制剛|知将の絆|立役者|謀略家|雄材大略,,step116_9inen_dedup_max_total,19870,19870,step164_verified_normal9,風属性,618
step116_9_魚鱗_000043,STEP116_9INEN_DEDUP_MAX_TOTAL_RESULT,step106_9inen_full_780_dedup_by_hero_set_bond_set_max_total,魚鱗,通常,9,豊臣秀長|北条氏照(剛柔)|豊臣秀次|細川藤孝(立役)|前田利家|上杉憲政,豊臣秀長|北条氏照(剛柔)|豊臣秀次|細川藤孝(立役)|前田利家|上杉憲政,知将の絆|立役者|技巧伝承|柔能制剛|文明開化|山紫水明|謀略家|雄材大略|摂理探究,知将の絆|立役者|技巧伝承|柔能制剛|文明開化|山紫水明|謀略家|雄材大略|摂理探究,14490,861,86,0,293,998,158,609,593,632,592,ステータス計算済み,step116で9因縁780行を「陣形+配置英傑6人セット+発動因縁セット」で重複除外。同一組内は総合値最大の配置を代表として採用。,STEP116_SELECTED_MAX_TOTAL_FROM_STEP106_RECALCULATED_9INEN,step106で各陣形有効ラインから再計算済みの9因縁行を使用し、重複組では総合値最大の配置を残す,魚鱗||通常||9||上杉憲政|前田利家|北条氏照(剛柔)|細川藤孝(立役)|豊臣秀次|豊臣秀長||山紫水明|技巧伝承|摂理探究|文明開化|柔能制剛|知将の絆|立役者|謀略家|雄材大略,,step116_9inen_dedup_max_total,19312,19312,step164_verified_normal9,風属性,592
step116_9_魚鱗_000042,STEP116_9INEN_DEDUP_MAX_TOTAL_RESULT,step106_9inen_full_780_dedup_by_hero_set_bond_set_max_total,魚鱗,通常,9,豊臣秀長|上杉憲政|前田利家(雄材)|細川藤孝(立役)|豊臣秀次|北条氏照(剛柔),豊臣秀長|上杉憲政|前田利家(雄材)|細川藤孝(立役)|豊臣秀次|北条氏照(剛柔),謀略家|雄材大略|摂理探究|文明開化|山紫水明|知将の絆|立役者|技巧伝承|柔能制剛,謀略家|雄材大略|摂理探究|文明開化|山紫水明|知将の絆|立役者|技巧伝承|柔能制剛,14490,861,86,0,293,998,158,609,593,632,592,ステータス計算済み,step116で9因縁780行を「陣形+配置英傑6人セット+発動因縁セット」で重複除外。同一組内は総合値最大の配置を代表として採用。,STEP116_SELECTED_MAX_TOTAL_FROM_STEP106_RECALCULATED_9INEN,step106で各陣形有効ラインから再計算済みの9因縁行を使用し、重複組では総合値最大の配置を残す,魚鱗||通常||9||上杉憲政|前田利家(雄材)|北条氏照(剛柔)|細川藤孝(立役)|豊臣秀次|豊臣秀長||山紫水明|技巧伝承|摂理探究|文明開化|柔能制剛|知将の絆|立役者|謀略家|雄材大略,,step116_9inen_dedup_max_total,19312,19312,step164_verified_normal9,風属性,592
step116_9_魚鱗_000024,STEP116_9INEN_DEDUP_MAX_TOTAL_RESULT,step106_9inen_full_780_dedup_by_hero_set_bond_set_max_total,魚鱗,通常,9,伊奈忠次|ガラシャ(聖)|斎藤利三(神祇)|毛利隆元|豊臣秀吉|酒井忠次(衣鉢),伊奈忠次|ガラシャ(聖)|斎藤利三(神祇)|毛利隆元|豊臣秀吉|酒井忠次(衣鉢),召喚術の絆|摂理探究|世渡り上手の絆|才腕の絆|謀略家|柔能制剛|技巧伝承|天神地祇|雄材大略,召喚術の絆|摂理探究|世渡り上手の絆|才腕の絆|謀略家|柔能制剛|技巧伝承|天神地祇|雄材大略,15387,3129,40,56,394,604,385,596,604,633,577,ステータス計算済み,step116で9因縁780行を「陣形+配置英傑6人セット+発動因縁セット」で重複除外。同一組内は総合値最大の配置を代表として採用。,STEP116_SELECTED_MAX_TOTAL_FROM_STEP106_RECALCULATED_9INEN,step106で各陣形有効ラインから再計算済みの9因縁行を使用し、重複組では総合値最大の配置を残す,魚鱗||通常||9||ガラシャ(聖)|伊奈忠次|斎藤利三(神祇)|毛利隆元|豊臣秀吉|酒井忠次(衣鉢)||世渡り上手の絆|召喚術の絆|天神地祇|才腕の絆|技巧伝承|摂理探究|柔能制剛|謀略家|雄材大略,,step116_9inen_dedup_max_total,22405,22405,step164_verified_normal9,風属性,577
step116_9_魚鱗_000023,STEP116_9INEN_DEDUP_MAX_TOTAL_RESULT,step106_9inen_full_780_dedup_by_hero_set_bond_set_max_total,魚鱗,通常,9,伊奈忠次|ガラシャ(聖)|斎藤利三(神祇)|毛利隆元|豊臣秀吉|酒井忠次(通),伊奈忠次|ガラシャ(聖)|斎藤利三(神祇)|毛利隆元|豊臣秀吉|酒井忠次(通),召喚術の絆|摂理探究|世渡り上手の絆|才腕の絆|謀略家|柔能制剛|技巧伝承|天神地祇|雄材大略,召喚術の絆|摂理探究|世渡り上手の絆|才腕の絆|謀略家|柔能制剛|技巧伝承|天神地祇|雄材大略,15387,3129,40,56,394,604,385,596,604,633,577,ステータス計算済み,step116で9因縁780行を「陣形+配置英傑6人セット+発動因縁セット」で重複除外。同一組内は総合値最大の配置を代表として採用。,STEP116_SELECTED_MAX_TOTAL_FROM_STEP106_RECALCULATED_9INEN,step106で各陣形有効ラインから再計算済みの9因縁行を使用し、重複組では総合値最大の配置を残す,魚鱗||通常||9||ガラシャ(聖)|伊奈忠次|斎藤利三(神祇)|毛利隆元|豊臣秀吉|酒井忠次(通)||世渡り上手の絆|召喚術の絆|天神地祇|才腕の絆|技巧伝承|摂理探究|柔能制剛|謀略家|雄材大略,,step116_9inen_dedup_max_total,22405,22405,step164_verified_normal9,風属性,577
step116_9_魚鱗_000041,STEP116_9INEN_DEDUP_MAX_TOTAL_RESULT,step106_9inen_full_780_dedup_by_hero_set_bond_set_max_total,魚鱗,通常,9,柳生宗矩|島左近|出雲阿国(野望)|大祝鶴|魔女ルシア|谷忠澄,柳生宗矩|島左近|出雲阿国(野望)|大祝鶴|魔女ルシア|谷忠澄,豪傑|流行創出|神主・巫女|女傑の絆|洒落者の絆|文明開化|技巧伝承|竜飛鳳舞|多芸多才,豪傑|流行創出|神主・巫女|女傑の絆|洒落者の絆|文明開化|技巧伝承|竜飛鳳舞|多芸多才,12761,2985,558,48,244,379,596,487,496,474,532,ステータス計算済み,step116で9因縁780行を「陣形+配置英傑6人セット+発動因縁セット」で重複除外。同一組内は総合値最大の配置を代表として採用。,STEP116_SELECTED_MAX_TOTAL_FROM_STEP106_RECALCULATED_9INEN,step106で各陣形有効ラインから再計算済みの9因縁行を使用し、重複組では総合値最大の配置を残す,魚鱗||通常||9||出雲阿国(野望)|大祝鶴|島左近|柳生宗矩|谷忠澄|魔女ルシア||多芸多才|女傑の絆|技巧伝承|文明開化|洒落者の絆|流行創出|神主・巫女|竜飛鳳舞|豪傑,,step116_9inen_dedup_max_total,19560,19560,step164_verified_normal9,風属性,532
step116_9_魚鱗_000027,STEP116_9INEN_DEDUP_MAX_TOTAL_RESULT,step106_9inen_full_780_dedup_by_hero_set_bond_set_max_total,魚鱗,通常,9,伊奈忠次|サンチョ|斎藤利三(神祇)|毛利隆元|豊臣秀吉|酒井忠次(衣鉢),伊奈忠次|サンチョ|斎藤利三(神祇)|毛利隆元|豊臣秀吉|酒井忠次(衣鉢),召喚術の絆|摂理探究|世渡り上手の絆|才腕の絆|謀略家|柔能制剛|技巧伝承|天神地祇|雄材大略,召喚術の絆|摂理探究|世渡り上手の絆|才腕の絆|謀略家|柔能制剛|技巧伝承|天神地祇|雄材大略,14916,3129,30,44,394,578,385,552,555,574,526,ステータス計算済み,step116で9因縁780行を「陣形+配置英傑6人セット+発動因縁セット」で重複除外。同一組内は総合値最大の配置を代表として採用。,STEP116_SELECTED_MAX_TOTAL_FROM_STEP106_RECALCULATED_9INEN,step106で各陣形有効ラインから再計算済みの9因縁行を使用し、重複組では総合値最大の配置を残す,魚鱗||通常||9||サンチョ|伊奈忠次|斎藤利三(神祇)|毛利隆元|豊臣秀吉|酒井忠次(衣鉢)||世渡り上手の絆|召喚術の絆|天神地祇|才腕の絆|技巧伝承|摂理探究|柔能制剛|謀略家|雄材大略,,step116_9inen_dedup_max_total,21683,21683,step164_verified_normal9,風属性,526
step116_9_魚鱗_000026,STEP116_9INEN_DEDUP_MAX_TOTAL_RESULT,step106_9inen_full_780_dedup_by_hero_set_bond_set_max_total,魚鱗,通常,9,伊奈忠次|サンチョ|斎藤利三(神祇)|毛利隆元|豊臣秀吉|酒井忠次(通),伊奈忠次|サンチョ|斎藤利三(神祇)|毛利隆元|豊臣秀吉|酒井忠次(通),召喚術の絆|摂理探究|世渡り上手の絆|才腕の絆|謀略家|柔能制剛|技巧伝承|天神地祇|雄材大略,召喚術の絆|摂理探究|世渡り上手の絆|才腕の絆|謀略家|柔能制剛|技巧伝承|天神地祇|雄材大略,14916,3129,30,44,394,578,385,552,555,574,526,ステータス計算済み,step116で9因縁780行を「陣形+配置英傑6人セット+発動因縁セット」で重複除外。同一組内は総合値最大の配置を代表として採用。,STEP116_SELECTED_MAX_TOTAL_FROM_STEP106_RECALCULATED_9INEN,step106で各陣形有効ラインから再計算済みの9因縁行を使用し、重複組では総合値最大の配置を残す,魚鱗||通常||9||サンチョ|伊奈忠次|斎藤利三(神祇)|毛利隆元|豊臣秀吉|酒井忠次(通)||世渡り上手の絆|召喚術の絆|天神地祇|才腕の絆|技巧伝承|摂理探究|柔能制剛|謀略家|雄材大略,,step116_9inen_dedup_max_total,21683,21683,step164_verified_normal9,風属性,526
step116_9_魚鱗_000047,STEP116_9INEN_DEDUP_MAX_TOTAL_RESULT,step106_9inen_full_780_dedup_by_hero_set_bond_set_max_total,魚鱗,通常,9,北条氏照(剛柔)|金森長近|雑賀孫市(道化)|黒田長政|黒田官兵衛|豊臣秀長,北条氏照(剛柔)|金森長近|雑賀孫市(道化)|黒田長政|黒田官兵衛|豊臣秀長,文明開化|技巧伝承|知勇兼備|才腕の絆|硝煙弾雨|多芸多才|知将の絆|立役者|柔能制剛,文明開化|技巧伝承|知勇兼備|才腕の絆|硝煙弾雨|多芸多才|知将の絆|立役者|柔能制剛,11393,3272,161,123,694,707,312,511,585,529,504,ステータス計算済み,step116で9因縁780行を「陣形+配置英傑6人セット+発動因縁セット」で重複除外。同一組内は総合値最大の配置を代表として採用。,STEP116_SELECTED_MAX_TOTAL_FROM_STEP106_RECALCULATED_9INEN,step106で各陣形有効ラインから再計算済みの9因縁行を使用し、重複組では総合値最大の配置を残す,魚鱗||通常||9||北条氏照(剛柔)|豊臣秀長|金森長近|雑賀孫市(道化)|黒田官兵衛|黒田長政||多芸多才|才腕の絆|技巧伝承|文明開化|柔能制剛|知勇兼備|知将の絆|硝煙弾雨|立役者,,step116_9inen_dedup_max_total,18791,18791,step164_verified_normal9,風属性,504
step116_9_魚鱗_000046,STEP116_9INEN_DEDUP_MAX_TOTAL_RESULT,step106_9inen_full_780_dedup_by_hero_set_bond_set_max_total,魚鱗,通常,9,北条氏照(剛柔)|金森長近|雑賀孫市(道化)|黒田長政|黒田官兵衛|鍋島直茂(乱雲),北条氏照(剛柔)|金森長近|雑賀孫市(道化)|黒田長政|黒田官兵衛|鍋島直茂(乱雲),文明開化|技巧伝承|知勇兼備|才腕の絆|硝煙弾雨|多芸多才|知将の絆|立役者|柔能制剛,文明開化|技巧伝承|知勇兼備|才腕の絆|硝煙弾雨|多芸多才|知将の絆|立役者|柔能制剛,11606,3272,161,123,696,703,312,506,583,521,502,ステータス計算済み,step116で9因縁780行を「陣形+配置英傑6人セット+発動因縁セット」で重複除外。同一組内は総合値最大の配置を代表として採用。,STEP116_SELECTED_MAX_TOTAL_FROM_STEP106_RECALCULATED_9INEN,step106で各陣形有効ラインから再計算済みの9因縁行を使用し、重複組では総合値最大の配置を残す,魚鱗||通常||9||北条氏照(剛柔)|金森長近|鍋島直茂(乱雲)|雑賀孫市(道化)|黒田官兵衛|黒田長政||多芸多才|才腕の絆|技巧伝承|文明開化|柔能制剛|知勇兼備|知将の絆|硝煙弾雨|立役者,,step116_9inen_dedup_max_total,18985,18985,step164_verified_normal9,風属性,502
step116_9_魚鱗_000016,STEP116_9INEN_DEDUP_MAX_TOTAL_RESULT,step106_9inen_full_780_dedup_by_hero_set_bond_set_max_total,魚鱗,通常,9,武田晴信|愛姫(起源)|細川藤孝(立役)|今川義元|前田利家|竹中半兵衛(右腕),武田晴信|愛姫(起源)|細川藤孝(立役)|今川義元|前田利家|竹中半兵衛(右腕),健康第一|老練闊達|質実剛健|文明開化|山紫水明|巧言令色|謀略家|雄材大略|摂理探究,健康第一|老練闊達|質実剛健|文明開化|山紫水明|巧言令色|謀略家|雄材大略|摂理探究,14808,4896,149,231,0,720,313,502,521,521,484,ステータス計算済み,step116で9因縁780行を「陣形+配置英傑6人セット+発動因縁セット」で重複除外。同一組内は総合値最大の配置を代表として採用。,STEP116_SELECTED_MAX_TOTAL_FROM_STEP106_RECALCULATED_9INEN,step106で各陣形有効ラインから再計算済みの9因縁行を使用し、重複組では総合値最大の配置を残す,魚鱗||通常||9||今川義元|前田利家|愛姫(起源)|武田晴信|竹中半兵衛(右腕)|細川藤孝(立役)||健康第一|山紫水明|巧言令色|摂理探究|文明開化|老練闊達|謀略家|質実剛健|雄材大略,,step116_9inen_dedup_max_total,23145,23145,step164_verified_normal9,風属性,484
step116_9_魚鱗_000015,STEP116_9INEN_DEDUP_MAX_TOTAL_RESULT,step106_9inen_full_780_dedup_by_hero_set_bond_set_max_total,魚鱗,通常,9,前田利家(雄材)|竹中半兵衛(右腕)|武田晴信|愛姫(起源)|細川藤孝(立役)|今川義元,前田利家(雄材)|竹中半兵衛(右腕)|武田晴信|愛姫(起源)|細川藤孝(立役)|今川義元,謀略家|雄材大略|摂理探究|健康第一|老練闊達|質実剛健|文明開化|山紫水明|巧言令色,謀略家|雄材大略|摂理探究|健康第一|老練闊達|質実剛健|文明開化|山紫水明|巧言令色,14808,4896,149,231,0,720,313,502,521,521,484,ステータス計算済み,step116で9因縁780行を「陣形+配置英傑6人セット+発動因縁セット」で重複除外。同一組内は総合値最大の配置を代表として採用。,STEP116_SELECTED_MAX_TOTAL_FROM_STEP106_RECALCULATED_9INEN,step106で各陣形有効ラインから再計算済みの9因縁行を使用し、重複組では総合値最大の配置を残す,魚鱗||通常||9||今川義元|前田利家(雄材)|愛姫(起源)|武田晴信|竹中半兵衛(右腕)|細川藤孝(立役)||健康第一|山紫水明|巧言令色|摂理探究|文明開化|老練闊達|謀略家|質実剛健|雄材大略,,step116_9inen_dedup_max_total,23145,23145,step164_verified_normal9,風属性,484
step116_9_魚鱗_000020,STEP116_9INEN_DEDUP_MAX_TOTAL_RESULT,step106_9inen_full_780_dedup_by_hero_set_bond_set_max_total,魚鱗,通常,9,武田晴信|高台院|細川藤孝(立役)|今川義元|前田利家|竹中半兵衛(右腕),武田晴信|高台院|細川藤孝(立役)|今川義元|前田利家|竹中半兵衛(右腕),健康第一|老練闊達|質実剛健|文明開化|山紫水明|巧言令色|謀略家|雄材大略|摂理探究,健康第一|老練闊達|質実剛健|文明開化|山紫水明|巧言令色|謀略家|雄材大略|摂理探究,14811,4870,137,226,0,724,313,501,519,517,481,ステータス計算済み,step116で9因縁780行を「陣形+配置英傑6人セット+発動因縁セット」で重複除外。同一組内は総合値最大の配置を代表として採用。,STEP116_SELECTED_MAX_TOTAL_FROM_STEP106_RECALCULATED_9INEN,step106で各陣形有効ラインから再計算済みの9因縁行を使用し、重複組では総合値最大の配置を残す,魚鱗||通常||9||今川義元|前田利家|武田晴信|竹中半兵衛(右腕)|細川藤孝(立役)|高台院||健康第一|山紫水明|巧言令色|摂理探究|文明開化|老練闊達|謀略家|質実剛健|雄材大略,,step116_9inen_dedup_max_total,23099,23099,step164_verified_normal9,風属性,481
step116_9_魚鱗_000019,STEP116_9INEN_DEDUP_MAX_TOTAL_RESULT,step106_9inen_full_780_dedup_by_hero_set_bond_set_max_total,魚鱗,通常,9,前田利家(雄材)|竹中半兵衛(右腕)|武田晴信|高台院|細川藤孝(立役)|今川義元,前田利家(雄材)|竹中半兵衛(右腕)|武田晴信|高台院|細川藤孝(立役)|今川義元,謀略家|雄材大略|摂理探究|健康第一|老練闊達|質実剛健|文明開化|山紫水明|巧言令色,謀略家|雄材大略|摂理探究|健康第一|老練闊達|質実剛健|文明開化|山紫水明|巧言令色,14811,4870,137,226,0,724,313,501,519,517,481,ステータス計算済み,step116で9因縁780行を「陣形+配置英傑6人セット+発動因縁セット」で重複除外。同一組内は総合値最大の配置を代表として採用。,STEP116_SELECTED_MAX_TOTAL_FROM_STEP106_RECALCULATED_9INEN,step106で各陣形有効ラインから再計算済みの9因縁行を使用し、重複組では総合値最大の配置を残す,魚鱗||通常||9||今川義元|前田利家(雄材)|武田晴信|竹中半兵衛(右腕)|細川藤孝(立役)|高台院||健康第一|山紫水明|巧言令色|摂理探究|文明開化|老練闊達|謀略家|質実剛健|雄材大略,,step116_9inen_dedup_max_total,23099,23099,step164_verified_normal9,風属性,481
step116_9_魚鱗_000053,STEP116_9INEN_DEDUP_MAX_TOTAL_RESULT,step106_9inen_full_780_dedup_by_hero_set_bond_set_max_total,魚鱗,通常,9,北条氏照(剛柔)|金森長近|雑賀孫市(道化)|大久保忠世|黒田官兵衛|豊臣秀長,北条氏照(剛柔)|金森長近|雑賀孫市(道化)|大久保忠世|黒田官兵衛|豊臣秀長,文明開化|技巧伝承|知勇兼備|才腕の絆|硝煙弾雨|多芸多才|知将の絆|立役者|柔能制剛,文明開化|技巧伝承|知勇兼備|才腕の絆|硝煙弾雨|多芸多才|知将の絆|立役者|柔能制剛,11154,3232,157,118,688,695,306,482,557,496,478,ステータス計算済み,step116で9因縁780行を「陣形+配置英傑6人セット+発動因縁セット」で重複除外。同一組内は総合値最大の配置を代表として採用。,STEP116_SELECTED_MAX_TOTAL_FROM_STEP106_RECALCULATED_9INEN,step106で各陣形有効ラインから再計算済みの9因縁行を使用し、重複組では総合値最大の配置を残す,魚鱗||通常||9||北条氏照(剛柔)|大久保忠世|豊臣秀長|金森長近|雑賀孫市(道化)|黒田官兵衛||多芸多才|才腕の絆|技巧伝承|文明開化|柔能制剛|知勇兼備|知将の絆|硝煙弾雨|立役者,,step116_9inen_dedup_max_total,18363,18363,step164_verified_normal9,風属性,478
step116_9_魚鱗_000050,STEP116_9INEN_DEDUP_MAX_TOTAL_RESULT,step106_9inen_full_780_dedup_by_hero_set_bond_set_max_total,魚鱗,通常,9,北条氏照(剛柔)|金森長近|雑賀孫市(道化)|大久保忠世|黒田官兵衛|鍋島直茂(乱雲),北条氏照(剛柔)|金森長近|雑賀孫市(道化)|大久保忠世|黒田官兵衛|鍋島直茂(乱雲),文明開化|技巧伝承|知勇兼備|才腕の絆|硝煙弾雨|多芸多才|知将の絆|立役者|柔能制剛,文明開化|技巧伝承|知勇兼備|才腕の絆|硝煙弾雨|多芸多才|知将の絆|立役者|柔能制剛,11367,3232,157,118,690,691,306,477,555,488,476,ステータス計算済み,step116で9因縁780行を「陣形+配置英傑6人セット+発動因縁セット」で重複除外。同一組内は総合値最大の配置を代表として採用。,STEP116_SELECTED_MAX_TOTAL_FROM_STEP106_RECALCULATED_9INEN,step106で各陣形有効ラインから再計算済みの9因縁行を使用し、重複組では総合値最大の配置を残す,魚鱗||通常||9||北条氏照(剛柔)|大久保忠世|金森長近|鍋島直茂(乱雲)|雑賀孫市(道化)|黒田官兵衛||多芸多才|才腕の絆|技巧伝承|文明開化|柔能制剛|知勇兼備|知将の絆|硝煙弾雨|立役者,,step116_9inen_dedup_max_total,18557,18557,step164_verified_normal9,風属性,476
step116_9_魚鱗_000010,STEP116_9INEN_DEDUP_MAX_TOTAL_RESULT,step106_9inen_full_780_dedup_by_hero_set_bond_set_max_total,魚鱗,通常,9,武田晴信|愛姫(起源)|細川藤孝(立役)|今川義元|前田利家|豊臣秀長,武田晴信|愛姫(起源)|細川藤孝(立役)|今川義元|前田利家|豊臣秀長,健康第一|老練闊達|質実剛健|文明開化|山紫水明|巧言令色|謀略家|雄材大略|摂理探究,健康第一|老練闊達|質実剛健|文明開化|山紫水明|巧言令色|謀略家|雄材大略|摂理探究,15036,4864,157,231,0,719,313,490,509,512,472,ステータス計算済み,step116で9因縁780行を「陣形+配置英傑6人セット+発動因縁セット」で重複除外。同一組内は総合値最大の配置を代表として採用。,STEP116_SELECTED_MAX_TOTAL_FROM_STEP106_RECALCULATED_9INEN,step106で各陣形有効ラインから再計算済みの9因縁行を使用し、重複組では総合値最大の配置を残す,魚鱗||通常||9||今川義元|前田利家|愛姫(起源)|武田晴信|細川藤孝(立役)|豊臣秀長||健康第一|山紫水明|巧言令色|摂理探究|文明開化|老練闊達|謀略家|質実剛健|雄材大略,,step116_9inen_dedup_max_total,23303,23303,step164_verified_normal9,風属性,472
step116_9_魚鱗_000009,STEP116_9INEN_DEDUP_MAX_TOTAL_RESULT,step106_9inen_full_780_dedup_by_hero_set_bond_set_max_total,魚鱗,通常,9,前田利家(雄材)|豊臣秀長|武田晴信|愛姫(起源)|細川藤孝(立役)|今川義元,前田利家(雄材)|豊臣秀長|武田晴信|愛姫(起源)|細川藤孝(立役)|今川義元,謀略家|雄材大略|摂理探究|健康第一|老練闊達|質実剛健|文明開化|山紫水明|巧言令色,謀略家|雄材大略|摂理探究|健康第一|老練闊達|質実剛健|文明開化|山紫水明|巧言令色,15036,4864,157,231,0,719,313,490,509,512,472,ステータス計算済み,step116で9因縁780行を「陣形+配置英傑6人セット+発動因縁セット」で重複除外。同一組内は総合値最大の配置を代表として採用。,STEP116_SELECTED_MAX_TOTAL_FROM_STEP106_RECALCULATED_9INEN,step106で各陣形有効ラインから再計算済みの9因縁行を使用し、重複組では総合値最大の配置を残す,魚鱗||通常||9||今川義元|前田利家(雄材)|愛姫(起源)|武田晴信|細川藤孝(立役)|豊臣秀長||健康第一|山紫水明|巧言令色|摂理探究|文明開化|老練闊達|謀略家|質実剛健|雄材大略,,step116_9inen_dedup_max_total,23303,23303,step164_verified_normal9,風属性,472
step116_9_魚鱗_000002,STEP116_9INEN_DEDUP_MAX_TOTAL_RESULT,step106_9inen_full_780_dedup_by_hero_set_bond_set_max_total,魚鱗,通常,9,武田晴信|愛姫(起源)|細川藤孝(立役)|今川義元|前田利家|鍋島直茂(乱雲),武田晴信|愛姫(起源)|細川藤孝(立役)|今川義元|前田利家|鍋島直茂(乱雲),健康第一|老練闊達|質実剛健|文明開化|山紫水明|巧言令色|謀略家|雄材大略|摂理探究,健康第一|老練闊達|質実剛健|文明開化|山紫水明|巧言令色|謀略家|雄材大略|摂理探究,15234,4833,161,231,0,715,313,483,506,501,469,ステータス計算済み,step116で9因縁780行を「陣形+配置英傑6人セット+発動因縁セット」で重複除外。同一組内は総合値最大の配置を代表として採用。,STEP116_SELECTED_MAX_TOTAL_FROM_STEP106_RECALCULATED_9INEN,step106で各陣形有効ラインから再計算済みの9因縁行を使用し、重複組では総合値最大の配置を残す,魚鱗||通常||9||今川義元|前田利家|愛姫(起源)|武田晴信|細川藤孝(立役)|鍋島直茂(乱雲)||健康第一|山紫水明|巧言令色|摂理探究|文明開化|老練闊達|謀略家|質実剛健|雄材大略,,step116_9inen_dedup_max_total,23446,23446,step164_verified_normal9,風属性,469
step116_9_魚鱗_000001,STEP116_9INEN_DEDUP_MAX_TOTAL_RESULT,step106_9inen_full_780_dedup_by_hero_set_bond_set_max_total,魚鱗,通常,9,前田利家(雄材)|鍋島直茂(乱雲)|武田晴信|愛姫(起源)|細川藤孝(立役)|今川義元,前田利家(雄材)|鍋島直茂(乱雲)|武田晴信|愛姫(起源)|細川藤孝(立役)|今川義元,謀略家|雄材大略|摂理探究|健康第一|老練闊達|質実剛健|文明開化|山紫水明|巧言令色,謀略家|雄材大略|摂理探究|健康第一|老練闊達|質実剛健|文明開化|山紫水明|巧言令色,15234,4833,161,231,0,715,313,483,506,501,469,ステータス計算済み,step116で9因縁780行を「陣形+配置英傑6人セット+発動因縁セット」で重複除外。同一組内は総合値最大の配置を代表として採用。,STEP116_SELECTED_MAX_TOTAL_FROM_STEP106_RECALCULATED_9INEN,step106で各陣形有効ラインから再計算済みの9因縁行を使用し、重複組では総合値最大の配置を残す,魚鱗||通常||9||今川義元|前田利家(雄材)|愛姫(起源)|武田晴信|細川藤孝(立役)|鍋島直茂(乱雲)||健康第一|山紫水明|巧言令色|摂理探究|文明開化|老練闊達|謀略家|質実剛健|雄材大略,,step116_9inen_dedup_max_total,23446,23446,step164_verified_normal9,風属性,469
step116_9_魚鱗_000006,STEP116_9INEN_DEDUP_MAX_TOTAL_RESULT,step106_9inen_full_780_dedup_by_hero_set_bond_set_max_total,魚鱗,通常,9,武田晴信|愛姫(起源)|細川藤孝(立役)|今川義元|前田利家|片倉景綱(右腕),武田晴信|愛姫(起源)|細川藤孝(立役)|今川義元|前田利家|片倉景綱(右腕),健康第一|老練闊達|質実剛健|文明開化|山紫水明|巧言令色|謀略家|雄材大略|摂理探究,健康第一|老練闊達|質実剛健|文明開化|山紫水明|巧言令色|謀略家|雄材大略|摂理探究,15159,4827,167,231,0,715,313,488,504,513,469,ステータス計算済み,step116で9因縁780行を「陣形+配置英傑6人セット+発動因縁セット」で重複除外。同一組内は総合値最大の配置を代表として採用。,STEP116_SELECTED_MAX_TOTAL_FROM_STEP106_RECALCULATED_9INEN,step106で各陣形有効ラインから再計算済みの9因縁行を使用し、重複組では総合値最大の配置を残す,魚鱗||通常||9||今川義元|前田利家|愛姫(起源)|武田晴信|片倉景綱(右腕)|細川藤孝(立役)||健康第一|山紫水明|巧言令色|摂理探究|文明開化|老練闊達|謀略家|質実剛健|雄材大略,,step116_9inen_dedup_max_total,23386,23386,step164_verified_normal9,風属性,469
step116_9_魚鱗_000005,STEP116_9INEN_DEDUP_MAX_TOTAL_RESULT,step106_9inen_full_780_dedup_by_hero_set_bond_set_max_total,魚鱗,通常,9,前田利家(雄材)|片倉景綱(右腕)|武田晴信|愛姫(起源)|細川藤孝(立役)|今川義元,前田利家(雄材)|片倉景綱(右腕)|武田晴信|愛姫(起源)|細川藤孝(立役)|今川義元,謀略家|雄材大略|摂理探究|健康第一|老練闊達|質実剛健|文明開化|山紫水明|巧言令色,謀略家|雄材大略|摂理探究|健康第一|老練闊達|質実剛健|文明開化|山紫水明|巧言令色,15159,4827,167,231,0,715,313,488,504,513,469,ステータス計算済み,step116で9因縁780行を「陣形+配置英傑6人セット+発動因縁セット」で重複除外。同一組内は総合値最大の配置を代表として採用。,STEP116_SELECTED_MAX_TOTAL_FROM_STEP106_RECALCULATED_9INEN,step106で各陣形有効ラインから再計算済みの9因縁行を使用し、重複組では総合値最大の配置を残す,魚鱗||通常||9||今川義元|前田利家(雄材)|愛姫(起源)|武田晴信|片倉景綱(右腕)|細川藤孝(立役)||健康第一|山紫水明|巧言令色|摂理探究|文明開化|老練闊達|謀略家|質実剛健|雄材大略,,step116_9inen_dedup_max_total,23386,23386,step164_verified_normal9,風属性,469
step116_9_魚鱗_000012,STEP116_9INEN_DEDUP_MAX_TOTAL_RESULT,step106_9inen_full_780_dedup_by_hero_set_bond_set_max_total,魚鱗,通常,9,武田晴信|高台院|細川藤孝(立役)|今川義元|前田利家|豊臣秀長,武田晴信|高台院|細川藤孝(立役)|今川義元|前田利家|豊臣秀長,健康第一|老練闊達|質実剛健|文明開化|山紫水明|巧言令色|謀略家|雄材大略|摂理探究,健康第一|老練闊達|質実剛健|文明開化|山紫水明|巧言令色|謀略家|雄材大略|摂理探究,15039,4838,145,226,0,723,313,489,507,508,469,ステータス計算済み,step116で9因縁780行を「陣形+配置英傑6人セット+発動因縁セット」で重複除外。同一組内は総合値最大の配置を代表として採用。,STEP116_SELECTED_MAX_TOTAL_FROM_STEP106_RECALCULATED_9INEN,step106で各陣形有効ラインから再計算済みの9因縁行を使用し、重複組では総合値最大の配置を残す,魚鱗||通常||9||今川義元|前田利家|武田晴信|細川藤孝(立役)|豊臣秀長|高台院||健康第一|山紫水明|巧言令色|摂理探究|文明開化|老練闊達|謀略家|質実剛健|雄材大略,,step116_9inen_dedup_max_total,23257,23257,step164_verified_normal9,風属性,469
step116_9_魚鱗_000011,STEP116_9INEN_DEDUP_MAX_TOTAL_RESULT,step106_9inen_full_780_dedup_by_hero_set_bond_set_max_total,魚鱗,通常,9,前田利家(雄材)|豊臣秀長|武田晴信|高台院|細川藤孝(立役)|今川義元,前田利家(雄材)|豊臣秀長|武田晴信|高台院|細川藤孝(立役)|今川義元,謀略家|雄材大略|摂理探究|健康第一|老練闊達|質実剛健|文明開化|山紫水明|巧言令色,謀略家|雄材大略|摂理探究|健康第一|老練闊達|質実剛健|文明開化|山紫水明|巧言令色,15039,4838,145,226,0,723,313,489,507,508,469,ステータス計算済み,step116で9因縁780行を「陣形+配置英傑6人セット+発動因縁セット」で重複除外。同一組内は総合値最大の配置を代表として採用。,STEP116_SELECTED_MAX_TOTAL_FROM_STEP106_RECALCULATED_9INEN,step106で各陣形有効ラインから再計算済みの9因縁行を使用し、重複組では総合値最大の配置を残す,魚鱗||通常||9||今川義元|前田利家(雄材)|武田晴信|細川藤孝(立役)|豊臣秀長|高台院||健康第一|山紫水明|巧言令色|摂理探究|文明開化|老練闊達|謀略家|質実剛健|雄材大略,,step116_9inen_dedup_max_total,23257,23257,step164_verified_normal9,風属性,469
step116_9_魚鱗_000004,STEP116_9INEN_DEDUP_MAX_TOTAL_RESULT,step106_9inen_full_780_dedup_by_hero_set_bond_set_max_total,魚鱗,通常,9,武田晴信|高台院|細川藤孝(立役)|今川義元|前田利家|鍋島直茂(乱雲),武田晴信|高台院|細川藤孝(立役)|今川義元|前田利家|鍋島直茂(乱雲),健康第一|老練闊達|質実剛健|文明開化|山紫水明|巧言令色|謀略家|雄材大略|摂理探究,健康第一|老練闊達|質実剛健|文明開化|山紫水明|巧言令色|謀略家|雄材大略|摂理探究,15237,4808,149,226,0,719,313,482,504,497,466,ステータス計算済み,step116で9因縁780行を「陣形+配置英傑6人セット+発動因縁セット」で重複除外。同一組内は総合値最大の配置を代表として採用。,STEP116_SELECTED_MAX_TOTAL_FROM_STEP106_RECALCULATED_9INEN,step106で各陣形有効ラインから再計算済みの9因縁行を使用し、重複組では総合値最大の配置を残す,魚鱗||通常||9||今川義元|前田利家|武田晴信|細川藤孝(立役)|鍋島直茂(乱雲)|高台院||健康第一|山紫水明|巧言令色|摂理探究|文明開化|老練闊達|謀略家|質実剛健|雄材大略,,step116_9inen_dedup_max_total,23401,23401,step164_verified_normal9,風属性,466
step116_9_魚鱗_000003,STEP116_9INEN_DEDUP_MAX_TOTAL_RESULT,step106_9inen_full_780_dedup_by_hero_set_bond_set_max_total,魚鱗,通常,9,前田利家(雄材)|鍋島直茂(乱雲)|武田晴信|高台院|細川藤孝(立役)|今川義元,前田利家(雄材)|鍋島直茂(乱雲)|武田晴信|高台院|細川藤孝(立役)|今川義元,謀略家|雄材大略|摂理探究|健康第一|老練闊達|質実剛健|文明開化|山紫水明|巧言令色,謀略家|雄材大略|摂理探究|健康第一|老練闊達|質実剛健|文明開化|山紫水明|巧言令色,15237,4808,149,226,0,719,313,482,504,497,466,ステータス計算済み,step116で9因縁780行を「陣形+配置英傑6人セット+発動因縁セット」で重複除外。同一組内は総合値最大の配置を代表として採用。,STEP116_SELECTED_MAX_TOTAL_FROM_STEP106_RECALCULATED_9INEN,step106で各陣形有効ラインから再計算済みの9因縁行を使用し、重複組では総合値最大の配置を残す,魚鱗||通常||9||今川義元|前田利家(雄材)|武田晴信|細川藤孝(立役)|鍋島直茂(乱雲)|高台院||健康第一|山紫水明|巧言令色|摂理探究|文明開化|老練闊達|謀略家|質実剛健|雄材大略,,step116_9inen_dedup_max_total,23401,23401,step164_verified_normal9,風属性,466
step116_9_魚鱗_000008,STEP116_9INEN_DEDUP_MAX_TOTAL_RESULT,step106_9inen_full_780_dedup_by_hero_set_bond_set_max_total,魚鱗,通常,9,武田晴信|高台院|細川藤孝(立役)|今川義元|前田利家|片倉景綱(右腕),武田晴信|高台院|細川藤孝(立役)|今川義元|前田利家|片倉景綱(右腕),健康第一|老練闊達|質実剛健|文明開化|山紫水明|巧言令色|謀略家|雄材大略|摂理探究,健康第一|老練闊達|質実剛健|文明開化|山紫水明|巧言令色|謀略家|雄材大略|摂理探究,15162,4802,155,226,0,719,313,487,502,509,466,ステータス計算済み,step116で9因縁780行を「陣形+配置英傑6人セット+発動因縁セット」で重複除外。同一組内は総合値最大の配置を代表として採用。,STEP116_SELECTED_MAX_TOTAL_FROM_STEP106_RECALCULATED_9INEN,step106で各陣形有効ラインから再計算済みの9因縁行を使用し、重複組では総合値最大の配置を残す,魚鱗||通常||9||今川義元|前田利家|武田晴信|片倉景綱(右腕)|細川藤孝(立役)|高台院||健康第一|山紫水明|巧言令色|摂理探究|文明開化|老練闊達|謀略家|質実剛健|雄材大略,,step116_9inen_dedup_max_total,23341,23341,step164_verified_normal9,風属性,466
step116_9_魚鱗_000007,STEP116_9INEN_DEDUP_MAX_TOTAL_RESULT,step106_9inen_full_780_dedup_by_hero_set_bond_set_max_total,魚鱗,通常,9,前田利家(雄材)|片倉景綱(右腕)|武田晴信|高台院|細川藤孝(立役)|今川義元,前田利家(雄材)|片倉景綱(右腕)|武田晴信|高台院|細川藤孝(立役)|今川義元,謀略家|雄材大略|摂理探究|健康第一|老練闊達|質実剛健|文明開化|山紫水明|巧言令色,謀略家|雄材大略|摂理探究|健康第一|老練闊達|質実剛健|文明開化|山紫水明|巧言令色,15162,4802,155,226,0,719,313,487,502,509,466,ステータス計算済み,step116で9因縁780行を「陣形+配置英傑6人セット+発動因縁セット」で重複除外。同一組内は総合値最大の配置を代表として採用。,STEP116_SELECTED_MAX_TOTAL_FROM_STEP106_RECALCULATED_9INEN,step106で各陣形有効ラインから再計算済みの9因縁行を使用し、重複組では総合値最大の配置を残す,魚鱗||通常||9||今川義元|前田利家(雄材)|武田晴信|片倉景綱(右腕)|細川藤孝(立役)|高台院||健康第一|山紫水明|巧言令色|摂理探究|文明開化|老練闊達|謀略家|質実剛健|雄材大略,,step116_9inen_dedup_max_total,23341,23341,step164_verified_normal9,風属性,466
step116_9_魚鱗_000048,STEP116_9INEN_DEDUP_MAX_TOTAL_RESULT,step106_9inen_full_780_dedup_by_hero_set_bond_set_max_total,魚鱗,通常,9,豊臣秀長|北条氏照(剛柔)|豊臣秀次|百地三太夫(野望)|斎藤道三(巳)|佐竹義重,豊臣秀長|北条氏照(剛柔)|豊臣秀次|百地三太夫(野望)|斎藤道三(巳)|佐竹義重,知将の絆|立役者|技巧伝承|柔能制剛|謀略家|生殺与奪|侍|才腕の絆|知勇兼備,知将の絆|立役者|技巧伝承|柔能制剛|謀略家|生殺与奪|侍|才腕の絆|知勇兼備,13439,1428,162,99,517,864,357,463,454,463,458,ステータス計算済み,step116で9因縁780行を「陣形+配置英傑6人セット+発動因縁セット」で重複除外。同一組内は総合値最大の配置を代表として採用。,STEP116_SELECTED_MAX_TOTAL_FROM_STEP106_RECALCULATED_9INEN,step106で各陣形有効ラインから再計算済みの9因縁行を使用し、重複組では総合値最大の配置を残す,魚鱗||通常||9||佐竹義重|北条氏照(剛柔)|斎藤道三(巳)|百地三太夫(野望)|豊臣秀次|豊臣秀長||侍|才腕の絆|技巧伝承|柔能制剛|生殺与奪|知勇兼備|知将の絆|立役者|謀略家,,step116_9inen_dedup_max_total,18704,18704,step164_verified_normal9,風属性,458
step116_9_魚鱗_000014,STEP116_9INEN_DEDUP_MAX_TOTAL_RESULT,step106_9inen_full_780_dedup_by_hero_set_bond_set_max_total,魚鱗,通常,9,武田晴信|愛姫(起源)|細川藤孝(立役)|今川義元|前田利家|丹羽長秀(風雲),武田晴信|愛姫(起源)|細川藤孝(立役)|今川義元|前田利家|丹羽長秀(風雲),健康第一|老練闊達|質実剛健|文明開化|山紫水明|巧言令色|謀略家|雄材大略|摂理探究,健康第一|老練闊達|質実剛健|文明開化|山紫水明|巧言令色|謀略家|雄材大略|摂理探究,14973,4838,144,231,0,712,313,474,517,517,456,ステータス計算済み,step116で9因縁780行を「陣形+配置英傑6人セット+発動因縁セット」で重複除外。同一組内は総合値最大の配置を代表として採用。,STEP116_SELECTED_MAX_TOTAL_FROM_STEP106_RECALCULATED_9INEN,step106で各陣形有効ラインから再計算済みの9因縁行を使用し、重複組では総合値最大の配置を残す,魚鱗||通常||9||丹羽長秀(風雲)|今川義元|前田利家|愛姫(起源)|武田晴信|細川藤孝(立役)||健康第一|山紫水明|巧言令色|摂理探究|文明開化|老練闊達|謀略家|質実剛健|雄材大略,,step116_9inen_dedup_max_total,23175,23175,step164_verified_normal9,風属性,456
step116_9_魚鱗_000013,STEP116_9INEN_DEDUP_MAX_TOTAL_RESULT,step106_9inen_full_780_dedup_by_hero_set_bond_set_max_total,魚鱗,通常,9,前田利家(雄材)|丹羽長秀(風雲)|武田晴信|愛姫(起源)|細川藤孝(立役)|今川義元,前田利家(雄材)|丹羽長秀(風雲)|武田晴信|愛姫(起源)|細川藤孝(立役)|今川義元,謀略家|雄材大略|摂理探究|健康第一|老練闊達|質実剛健|文明開化|山紫水明|巧言令色,謀略家|雄材大略|摂理探究|健康第一|老練闊達|質実剛健|文明開化|山紫水明|巧言令色,14973,4838,144,231,0,712,313,474,517,517,456,ステータス計算済み,step116で9因縁780行を「陣形+配置英傑6人セット+発動因縁セット」で重複除外。同一組内は総合値最大の配置を代表として採用。,STEP116_SELECTED_MAX_TOTAL_FROM_STEP106_RECALCULATED_9INEN,step106で各陣形有効ラインから再計算済みの9因縁行を使用し、重複組では総合値最大の配置を残す,魚鱗||通常||9||丹羽長秀(風雲)|今川義元|前田利家(雄材)|愛姫(起源)|武田晴信|細川藤孝(立役)||健康第一|山紫水明|巧言令色|摂理探究|文明開化|老練闊達|謀略家|質実剛健|雄材大略,,step116_9inen_dedup_max_total,23175,23175,step164_verified_normal9,風属性,456
step116_9_魚鱗_000018,STEP116_9INEN_DEDUP_MAX_TOTAL_RESULT,step106_9inen_full_780_dedup_by_hero_set_bond_set_max_total,魚鱗,通常,9,武田晴信|高台院|細川藤孝(立役)|今川義元|前田利家|丹羽長秀(風雲),武田晴信|高台院|細川藤孝(立役)|今川義元|前田利家|丹羽長秀(風雲),健康第一|老練闊達|質実剛健|文明開化|山紫水明|巧言令色|謀略家|雄材大略|摂理探究,健康第一|老練闊達|質実剛健|文明開化|山紫水明|巧言令色|謀略家|雄材大略|摂理探究,14976,4813,132,226,0,716,313,473,515,513,453,ステータス計算済み,step116で9因縁780行を「陣形+配置英傑6人セット+発動因縁セット」で重複除外。同一組内は総合値最大の配置を代表として採用。,STEP116_SELECTED_MAX_TOTAL_FROM_STEP106_RECALCULATED_9INEN,step106で各陣形有効ラインから再計算済みの9因縁行を使用し、重複組では総合値最大の配置を残す,魚鱗||通常||9||丹羽長秀(風雲)|今川義元|前田利家|武田晴信|細川藤孝(立役)|高台院||健康第一|山紫水明|巧言令色|摂理探究|文明開化|老練闊達|謀略家|質実剛健|雄材大略,,step116_9inen_dedup_max_total,23130,23130,step164_verified_normal9,風属性,453
step116_9_魚鱗_000017,STEP116_9INEN_DEDUP_MAX_TOTAL_RESULT,step106_9inen_full_780_dedup_by_hero_set_bond_set_max_total,魚鱗,通常,9,前田利家(雄材)|丹羽長秀(風雲)|武田晴信|高台院|細川藤孝(立役)|今川義元,前田利家(雄材)|丹羽長秀(風雲)|武田晴信|高台院|細川藤孝(立役)|今川義元,謀略家|雄材大略|摂理探究|健康第一|老練闊達|質実剛健|文明開化|山紫水明|巧言令色,謀略家|雄材大略|摂理探究|健康第一|老練闊達|質実剛健|文明開化|山紫水明|巧言令色,14976,4813,132,226,0,716,313,473,515,513,453,ステータス計算済み,step116で9因縁780行を「陣形+配置英傑6人セット+発動因縁セット」で重複除外。同一組内は総合値最大の配置を代表として採用。,STEP116_SELECTED_MAX_TOTAL_FROM_STEP106_RECALCULATED_9INEN,step106で各陣形有効ラインから再計算済みの9因縁行を使用し、重複組では総合値最大の配置を残す,魚鱗||通常||9||丹羽長秀(風雲)|今川義元|前田利家(雄材)|武田晴信|細川藤孝(立役)|高台院||健康第一|山紫水明|巧言令色|摂理探究|文明開化|老練闊達|謀略家|質実剛健|雄材大略,,step116_9inen_dedup_max_total,23130,23130,step164_verified_normal9,風属性,453
step116_9_魚鱗_000029,STEP116_9INEN_DEDUP_MAX_TOTAL_RESULT,step106_9inen_full_780_dedup_by_hero_set_bond_set_max_total,魚鱗,通常,9,長野業正|山県昌景(泰然)|島左近|細川忠興(山紫)|明智光秀(闇)|小松姫,長野業正|山県昌景(泰然)|島左近|細川忠興(山紫)|明智光秀(闇)|小松姫,侍|根性の絆|もののふ|泰然自若|鬼の絆|流行創出|戦場の華|老練闊達|勇猛果敢,侍|根性の絆|もののふ|泰然自若|鬼の絆|流行創出|戦場の華|老練闊達|勇猛果敢,14844,3061,666,489,104,137,248,428,465,470,452,ステータス計算済み,step116で9因縁780行を「陣形+配置英傑6人セット+発動因縁セット」で重複除外。同一組内は総合値最大の配置を代表として採用。,STEP116_SELECTED_MAX_TOTAL_FROM_STEP106_RECALCULATED_9INEN,step106で各陣形有効ラインから再計算済みの9因縁行を使用し、重複組では総合値最大の配置を残す,魚鱗||通常||9||小松姫|山県昌景(泰然)|島左近|明智光秀(闇)|細川忠興(山紫)|長野業正||もののふ|侍|勇猛果敢|戦場の華|根性の絆|泰然自若|流行創出|老練闊達|鬼の絆,,step116_9inen_dedup_max_total,21364,21364,step164_verified_normal9,風属性,452
step116_9_魚鱗_000028,STEP116_9INEN_DEDUP_MAX_TOTAL_RESULT,step106_9inen_full_780_dedup_by_hero_set_bond_set_max_total,魚鱗,通常,9,長野業正|山中鹿之介|島左近|細川忠興(山紫)|明智光秀(闇)|小松姫,長野業正|山中鹿之介|島左近|細川忠興(山紫)|明智光秀(闇)|小松姫,侍|根性の絆|もののふ|泰然自若|鬼の絆|流行創出|戦場の華|老練闊達|勇猛果敢,侍|根性の絆|もののふ|泰然自若|鬼の絆|流行創出|戦場の華|老練闊達|勇猛果敢,14897,3081,668,489,104,137,254,421,458,473,447,ステータス計算済み,step116で9因縁780行を「陣形+配置英傑6人セット+発動因縁セット」で重複除外。同一組内は総合値最大の配置を代表として採用。,STEP116_SELECTED_MAX_TOTAL_FROM_STEP106_RECALCULATED_9INEN,step106で各陣形有効ラインから再計算済みの9因縁行を使用し、重複組では総合値最大の配置を残す,魚鱗||通常||9||小松姫|山中鹿之介|島左近|明智光秀(闇)|細川忠興(山紫)|長野業正||もののふ|侍|勇猛果敢|戦場の華|根性の絆|泰然自若|流行創出|老練闊達|鬼の絆,,step116_9inen_dedup_max_total,21429,21429,step164_verified_normal9,風属性,447
step116_9_魚鱗_000032,STEP116_9INEN_DEDUP_MAX_TOTAL_RESULT,step106_9inen_full_780_dedup_by_hero_set_bond_set_max_total,魚鱗,通常,9,長野業正|山県昌景(泰然)|島左近|豊臣秀次|明智光秀(闇)|小松姫,長野業正|山県昌景(泰然)|島左近|豊臣秀次|明智光秀(闇)|小松姫,侍|根性の絆|もののふ|泰然自若|謀略家|流行創出|戦場の華|老練闊達|勇猛果敢,侍|根性の絆|もののふ|泰然自若|謀略家|流行創出|戦場の華|老練闊達|勇猛果敢,14462,2975,464,342,104,277,248,404,429,442,423,ステータス計算済み,step116で9因縁780行を「陣形+配置英傑6人セット+発動因縁セット」で重複除外。同一組内は総合値最大の配置を代表として採用。,STEP116_SELECTED_MAX_TOTAL_FROM_STEP106_RECALCULATED_9INEN,step106で各陣形有効ラインから再計算済みの9因縁行を使用し、重複組では総合値最大の配置を残す,魚鱗||通常||9||小松姫|山県昌景(泰然)|島左近|明智光秀(闇)|豊臣秀次|長野業正||もののふ|侍|勇猛果敢|戦場の華|根性の絆|泰然自若|流行創出|老練闊達|謀略家,,step116_9inen_dedup_max_total,20570,20570,step164_verified_normal9,風属性,423
step116_9_魚鱗_000044,STEP116_9INEN_DEDUP_MAX_TOTAL_RESULT,step106_9inen_full_780_dedup_by_hero_set_bond_set_max_total,魚鱗,通常,9,納涼忍お綾|堀秀政|柳生宗矩|宮本武蔵(涼)|道場娘まり(和装)|仙桃院,納涼忍お綾|堀秀政|柳生宗矩|宮本武蔵(涼)|道場娘まり(和装)|仙桃院,才腕の絆|文明開化|技巧伝承|多芸多才|侍|剣豪の絆|豪傑|女傑の絆|能鷹隠爪,才腕の絆|文明開化|技巧伝承|多芸多才|侍|剣豪の絆|豪傑|女傑の絆|能鷹隠爪,13904,1403,749,202,665,154,589,367,371,393,423,ステータス計算済み,step116で9因縁780行を「陣形+配置英傑6人セット+発動因縁セット」で重複除外。同一組内は総合値最大の配置を代表として採用。,STEP116_SELECTED_MAX_TOTAL_FROM_STEP106_RECALCULATED_9INEN,step106で各陣形有効ラインから再計算済みの9因縁行を使用し、重複組では総合値最大の配置を残す,魚鱗||通常||9||仙桃院|堀秀政|宮本武蔵(涼)|柳生宗矩|納涼忍お綾|道場娘まり(和装)||侍|剣豪の絆|多芸多才|女傑の絆|才腕の絆|技巧伝承|文明開化|能鷹隠爪|豪傑,,step116_9inen_dedup_max_total,19220,19220,step164_verified_normal9,風属性,423
step116_9_魚鱗_000045,STEP116_9INEN_DEDUP_MAX_TOTAL_RESULT,step106_9inen_full_780_dedup_by_hero_set_bond_set_max_total,魚鱗,通常,9,納涼忍お綾|堀秀政|柳生宗矩|宮本武蔵(涼)|道場娘まり(和装)|井伊直虎,納涼忍お綾|堀秀政|柳生宗矩|宮本武蔵(涼)|道場娘まり(和装)|井伊直虎,才腕の絆|文明開化|技巧伝承|多芸多才|侍|剣豪の絆|豪傑|女傑の絆|戦場の華,才腕の絆|文明開化|技巧伝承|多芸多才|侍|剣豪の絆|豪傑|女傑の絆|戦場の華,13928,1403,772,86,665,154,590,367,371,393,423,ステータス計算済み,step116で9因縁780行を「陣形+配置英傑6人セット+発動因縁セット」で重複除外。同一組内は総合値最大の配置を代表として採用。,STEP116_SELECTED_MAX_TOTAL_FROM_STEP106_RECALCULATED_9INEN,step106で各陣形有効ラインから再計算済みの9因縁行を使用し、重複組では総合値最大の配置を残す,魚鱗||通常||9||井伊直虎|堀秀政|宮本武蔵(涼)|柳生宗矩|納涼忍お綾|道場娘まり(和装)||侍|剣豪の絆|多芸多才|女傑の絆|戦場の華|才腕の絆|技巧伝承|文明開化|豪傑,,step116_9inen_dedup_max_total,19152,19152,step164_verified_normal9,風属性,423
step116_9_魚鱗_000049,STEP116_9INEN_DEDUP_MAX_TOTAL_RESULT,step106_9inen_full_780_dedup_by_hero_set_bond_set_max_total,魚鱗,通常,9,納涼忍お綾|堀秀政|柳生宗矩|宮本武蔵(涼)|道場娘まり(和装)|武田信玄(野望),納涼忍お綾|堀秀政|柳生宗矩|宮本武蔵(涼)|道場娘まり(和装)|武田信玄(野望),才腕の絆|文明開化|技巧伝承|多芸多才|侍|剣豪の絆|豪傑|戦場の華|能鷹隠爪,才腕の絆|文明開化|技巧伝承|多芸多才|侍|剣豪の絆|豪傑|戦場の華|能鷹隠爪,13504,1403,565,195,665,154,553,367,371,393,423,ステータス計算済み,step116で9因縁780行を「陣形+配置英傑6人セット+発動因縁セット」で重複除外。同一組内は総合値最大の配置を代表として採用。,STEP116_SELECTED_MAX_TOTAL_FROM_STEP106_RECALCULATED_9INEN,step106で各陣形有効ラインから再計算済みの9因縁行を使用し、重複組では総合値最大の配置を残す,魚鱗||通常||9||堀秀政|宮本武蔵(涼)|柳生宗矩|武田信玄(野望)|納涼忍お綾|道場娘まり(和装)||侍|剣豪の絆|多芸多才|戦場の華|才腕の絆|技巧伝承|文明開化|能鷹隠爪|豪傑,,step116_9inen_dedup_max_total,18593,18593,step164_verified_normal9,風属性,423
step116_9_魚鱗_000051,STEP116_9INEN_DEDUP_MAX_TOTAL_RESULT,step106_9inen_full_780_dedup_by_hero_set_bond_set_max_total,魚鱗,通常,9,納涼忍お綾|堀秀政|柳生宗矩|明智光秀(闇)|井伊直虎|仙桃院,納涼忍お綾|堀秀政|柳生宗矩|明智光秀(闇)|井伊直虎|仙桃院,才腕の絆|文明開化|技巧伝承|多芸多才|豪傑|勇猛果敢|女傑の絆|戦場の華|能鷹隠爪,才腕の絆|文明開化|技巧伝承|多芸多才|豪傑|勇猛果敢|女傑の絆|戦場の華|能鷹隠爪,13564,975,657,174,634,154,729,367,371,393,423,ステータス計算済み,step116で9因縁780行を「陣形+配置英傑6人セット+発動因縁セット」で重複除外。同一組内は総合値最大の配置を代表として採用。,STEP116_SELECTED_MAX_TOTAL_FROM_STEP106_RECALCULATED_9INEN,step106で各陣形有効ラインから再計算済みの9因縁行を使用し、重複組では総合値最大の配置を残す,魚鱗||通常||9||井伊直虎|仙桃院|堀秀政|明智光秀(闇)|柳生宗矩|納涼忍お綾||勇猛果敢|多芸多才|女傑の絆|戦場の華|才腕の絆|技巧伝承|文明開化|能鷹隠爪|豪傑,,step116_9inen_dedup_max_total,18441,18441,step164_verified_normal9,風属性,423
step116_9_魚鱗_000052,STEP116_9INEN_DEDUP_MAX_TOTAL_RESULT,step106_9inen_full_780_dedup_by_hero_set_bond_set_max_total,魚鱗,通常,9,納涼忍お綾|堀秀政|柳生宗矩|上杉謙信(野望)|井伊直虎|仙桃院,納涼忍お綾|堀秀政|柳生宗矩|上杉謙信(野望)|井伊直虎|仙桃院,才腕の絆|文明開化|技巧伝承|多芸多才|豪傑|勇猛果敢|女傑の絆|戦場の華|能鷹隠爪,才腕の絆|文明開化|技巧伝承|多芸多才|豪傑|勇猛果敢|女傑の絆|戦場の華|能鷹隠爪,13524,975,635,174,636,154,729,367,371,393,423,ステータス計算済み,step116で9因縁780行を「陣形+配置英傑6人セット+発動因縁セット」で重複除外。同一組内は総合値最大の配置を代表として採用。,STEP116_SELECTED_MAX_TOTAL_FROM_STEP106_RECALCULATED_9INEN,step106で各陣形有効ラインから再計算済みの9因縁行を使用し、重複組では総合値最大の配置を残す,魚鱗||通常||9||上杉謙信(野望)|井伊直虎|仙桃院|堀秀政|柳生宗矩|納涼忍お綾||勇猛果敢|多芸多才|女傑の絆|戦場の華|才腕の絆|技巧伝承|文明開化|能鷹隠爪|豪傑,,step116_9inen_dedup_max_total,18381,18381,step164_verified_normal9,風属性,423
step116_9_魚鱗_000054,STEP116_9INEN_DEDUP_MAX_TOTAL_RESULT,step106_9inen_full_780_dedup_by_hero_set_bond_set_max_total,魚鱗,通常,9,納涼忍お綾|堀秀政|柳生宗矩|原虎胤|井伊直虎|仙桃院,納涼忍お綾|堀秀政|柳生宗矩|原虎胤|井伊直虎|仙桃院,才腕の絆|文明開化|技巧伝承|多芸多才|豪傑|勇猛果敢|女傑の絆|戦場の華|能鷹隠爪,才腕の絆|文明開化|技巧伝承|多芸多才|豪傑|勇猛果敢|女傑の絆|戦場の華|能鷹隠爪,13052,975,580,174,612,154,729,367,371,393,423,ステータス計算済み,step116で9因縁780行を「陣形+配置英傑6人セット+発動因縁セット」で重複除外。同一組内は総合値最大の配置を代表として採用。,STEP116_SELECTED_MAX_TOTAL_FROM_STEP106_RECALCULATED_9INEN,step106で各陣形有効ラインから再計算済みの9因縁行を使用し、重複組では総合値最大の配置を残す,魚鱗||通常||9||井伊直虎|仙桃院|原虎胤|堀秀政|柳生宗矩|納涼忍お綾||勇猛果敢|多芸多才|女傑の絆|戦場の華|才腕の絆|技巧伝承|文明開化|能鷹隠爪|豪傑,,step116_9inen_dedup_max_total,17830,17830,step164_verified_normal9,風属性,423
step116_9_魚鱗_000031,STEP116_9INEN_DEDUP_MAX_TOTAL_RESULT,step106_9inen_full_780_dedup_by_hero_set_bond_set_max_total,魚鱗,通常,9,長野業正|山中鹿之介|島左近|豊臣秀次|明智光秀(闇)|小松姫,長野業正|山中鹿之介|島左近|豊臣秀次|明智光秀(闇)|小松姫,侍|根性の絆|もののふ|泰然自若|謀略家|流行創出|戦場の華|老練闊達|勇猛果敢,侍|根性の絆|もののふ|泰然自若|謀略家|流行創出|戦場の華|老練闊達|勇猛果敢,14515,2995,466,342,104,277,254,397,422,445,418,ステータス計算済み,step116で9因縁780行を「陣形+配置英傑6人セット+発動因縁セット」で重複除外。同一組内は総合値最大の配置を代表として採用。,STEP116_SELECTED_MAX_TOTAL_FROM_STEP106_RECALCULATED_9INEN,step106で各陣形有効ラインから再計算済みの9因縁行を使用し、重複組では総合値最大の配置を残す,魚鱗||通常||9||小松姫|山中鹿之介|島左近|明智光秀(闇)|豊臣秀次|長野業正||もののふ|侍|勇猛果敢|戦場の華|根性の絆|泰然自若|流行創出|老練闊達|謀略家,,step116_9inen_dedup_max_total,20635,20635,step164_verified_normal9,風属性,418
step116_9_魚鱗_000034,STEP116_9INEN_DEDUP_MAX_TOTAL_RESULT,step106_9inen_full_780_dedup_by_hero_set_bond_set_max_total,魚鱗,通常,9,山県昌景(泰然)|島左近|長野業正|明智光秀(闇)|小松姫|伊達政宗(起源),山県昌景(泰然)|島左近|長野業正|明智光秀(闇)|小松姫|伊達政宗(起源),侍|根性の絆|もののふ|泰然自若|戦場の華|老練闊達|勇猛果敢|武芸の絆|意気衝天,侍|根性の絆|もののふ|泰然自若|戦場の華|老練闊達|勇猛果敢|武芸の絆|意気衝天,14359,3561,556,392,221,110,248,217,224,240,227,ステータス計算済み,step116で9因縁780行を「陣形+配置英傑6人セット+発動因縁セット」で重複除外。同一組内は総合値最大の配置を代表として採用。,STEP116_SELECTED_MAX_TOTAL_FROM_STEP106_RECALCULATED_9INEN,step106で各陣形有効ラインから再計算済みの9因縁行を使用し、重複組では総合値最大の配置を残す,魚鱗||通常||9||伊達政宗(起源)|小松姫|山県昌景(泰然)|島左近|明智光秀(闇)|長野業正||もののふ|侍|勇猛果敢|意気衝天|戦場の華|根性の絆|武芸の絆|泰然自若|老練闊達,,step116_9inen_dedup_max_total,20355,20355,step164_verified_normal9,風属性,227
step116_9_魚鱗_000039,STEP116_9INEN_DEDUP_MAX_TOTAL_RESULT,step106_9inen_full_780_dedup_by_hero_set_bond_set_max_total,魚鱗,通常,9,山県昌景(泰然)|島左近|長野業正|明智光秀(闇)|小松姫|十河一存,山県昌景(泰然)|島左近|長野業正|明智光秀(闇)|小松姫|十河一存,侍|根性の絆|もののふ|泰然自若|戦場の華|老練闊達|勇猛果敢|武芸の絆|意気衝天,侍|根性の絆|もののふ|泰然自若|戦場の華|老練闊達|勇猛果敢|武芸の絆|意気衝天,13882,3313,545,385,203,96,248,217,224,240,227,ステータス計算済み,step116で9因縁780行を「陣形+配置英傑6人セット+発動因縁セット」で重複除外。同一組内は総合値最大の配置を代表として採用。,STEP116_SELECTED_MAX_TOTAL_FROM_STEP106_RECALCULATED_9INEN,step106で各陣形有効ラインから再計算済みの9因縁行を使用し、重複組では総合値最大の配置を残す,魚鱗||通常||9||十河一存|小松姫|山県昌景(泰然)|島左近|明智光秀(闇)|長野業正||もののふ|侍|勇猛果敢|意気衝天|戦場の華|根性の絆|武芸の絆|泰然自若|老練闊達,,step116_9inen_dedup_max_total,19580,19580,step164_verified_normal9,風属性,227
step116_9_魚鱗_000040,STEP116_9INEN_DEDUP_MAX_TOTAL_RESULT,step106_9inen_full_780_dedup_by_hero_set_bond_set_max_total,魚鱗,通常,9,山県昌景(泰然)|島左近|長野業正|明智光秀(闇)|小松姫|井伊直政,山県昌景(泰然)|島左近|長野業正|明智光秀(闇)|小松姫|井伊直政,侍|根性の絆|もののふ|泰然自若|戦場の華|老練闊達|勇猛果敢|武芸の絆|意気衝天,侍|根性の絆|もののふ|泰然自若|戦場の華|老練闊達|勇猛果敢|武芸の絆|意気衝天,13882,3313,544,386,199,96,248,217,224,240,227,ステータス計算済み,step116で9因縁780行を「陣形+配置英傑6人セット+発動因縁セット」で重複除外。同一組内は総合値最大の配置を代表として採用。,STEP116_SELECTED_MAX_TOTAL_FROM_STEP106_RECALCULATED_9INEN,step106で各陣形有効ラインから再計算済みの9因縁行を使用し、重複組では総合値最大の配置を残す,魚鱗||通常||9||井伊直政|小松姫|山県昌景(泰然)|島左近|明智光秀(闇)|長野業正||もののふ|侍|勇猛果敢|意気衝天|戦場の華|根性の絆|武芸の絆|泰然自若|老練闊達,,step116_9inen_dedup_max_total,19576,19576,step164_verified_normal9,風属性,227
step116_9_魚鱗_000021,STEP116_9INEN_DEDUP_MAX_TOTAL_RESULT,step106_9inen_full_780_dedup_by_hero_set_bond_set_max_total,魚鱗,通常,9,山中鹿之介|吉川元春|井伊直虎|宮本武蔵(涼)|島左近|長野業正,山中鹿之介|吉川元春|井伊直虎|宮本武蔵(涼)|島左近|長野業正,猛将の絆|勇猛果敢|意気衝天|軍学の絆|豪傑|侍|根性の絆|もののふ|泰然自若,猛将の絆|勇猛果敢|意気衝天|軍学の絆|豪傑|侍|根性の絆|もののふ|泰然自若,16076,4022,806,411,192,149,204,210,217,243,222,ステータス計算済み,step116で9因縁780行を「陣形+配置英傑6人セット+発動因縁セット」で重複除外。同一組内は総合値最大の配置を代表として採用。,STEP116_SELECTED_MAX_TOTAL_FROM_STEP106_RECALCULATED_9INEN,step106で各陣形有効ラインから再計算済みの9因縁行を使用し、重複組では総合値最大の配置を残す,魚鱗||通常||9||井伊直虎|吉川元春|宮本武蔵(涼)|山中鹿之介|島左近|長野業正||もののふ|侍|勇猛果敢|意気衝天|根性の絆|泰然自若|猛将の絆|豪傑|軍学の絆,,step116_9inen_dedup_max_total,22752,22752,step164_verified_normal9,風属性,222
step116_9_魚鱗_000022,STEP116_9INEN_DEDUP_MAX_TOTAL_RESULT,step106_9inen_full_780_dedup_by_hero_set_bond_set_max_total,魚鱗,通常,9,山中鹿之介|長野業正|島左近|山県昌景|井伊直虎|吉川元春,山中鹿之介|長野業正|島左近|山県昌景|井伊直虎|吉川元春,侍|根性の絆|もののふ|泰然自若|軍学の絆|豪傑|猛将の絆|勇猛果敢|意気衝天,侍|根性の絆|もののふ|泰然自若|軍学の絆|豪傑|猛将の絆|勇猛果敢|意気衝天,15788,4022,781,403,192,144,197,210,217,243,222,ステータス計算済み,step116で9因縁780行を「陣形+配置英傑6人セット+発動因縁セット」で重複除外。同一組内は総合値最大の配置を代表として採用。,STEP116_SELECTED_MAX_TOTAL_FROM_STEP106_RECALCULATED_9INEN,step106で各陣形有効ラインから再計算済みの9因縁行を使用し、重複組では総合値最大の配置を残す,魚鱗||通常||9||井伊直虎|吉川元春|山中鹿之介|山県昌景|島左近|長野業正||もののふ|侍|勇猛果敢|意気衝天|根性の絆|泰然自若|猛将の絆|豪傑|軍学の絆,,step116_9inen_dedup_max_total,22419,22419,step164_verified_normal9,風属性,222
step116_9_魚鱗_000025,STEP116_9INEN_DEDUP_MAX_TOTAL_RESULT,step106_9inen_full_780_dedup_by_hero_set_bond_set_max_total,魚鱗,通常,9,山中鹿之介|吉川元春|井伊直虎|柿崎景家|島左近|長野業正,山中鹿之介|吉川元春|井伊直虎|柿崎景家|島左近|長野業正,猛将の絆|勇猛果敢|意気衝天|軍学の絆|豪傑|侍|根性の絆|もののふ|泰然自若,猛将の絆|勇猛果敢|意気衝天|軍学の絆|豪傑|侍|根性の絆|もののふ|泰然自若,15696,4022,784,402,192,144,197,210,217,243,222,ステータス計算済み,step116で9因縁780行を「陣形+配置英傑6人セット+発動因縁セット」で重複除外。同一組内は総合値最大の配置を代表として採用。,STEP116_SELECTED_MAX_TOTAL_FROM_STEP106_RECALCULATED_9INEN,step106で各陣形有効ラインから再計算済みの9因縁行を使用し、重複組では総合値最大の配置を残す,魚鱗||通常||9||井伊直虎|吉川元春|山中鹿之介|島左近|柿崎景家|長野業正||もののふ|侍|勇猛果敢|意気衝天|根性の絆|泰然自若|猛将の絆|豪傑|軍学の絆,,step116_9inen_dedup_max_total,22329,22329,step164_verified_normal9,風属性,222
step116_9_魚鱗_000033,STEP116_9INEN_DEDUP_MAX_TOTAL_RESULT,step106_9inen_full_780_dedup_by_hero_set_bond_set_max_total,魚鱗,通常,9,山中鹿之介|島左近|長野業正|明智光秀(闇)|小松姫|伊達政宗(起源),山中鹿之介|島左近|長野業正|明智光秀(闇)|小松姫|伊達政宗(起源),侍|根性の絆|もののふ|泰然自若|戦場の華|老練闊達|勇猛果敢|武芸の絆|意気衝天,侍|根性の絆|もののふ|泰然自若|戦場の華|老練闊達|勇猛果敢|武芸の絆|意気衝天,14439,3655,559,392,225,110,254,210,217,243,222,ステータス計算済み,step116で9因縁780行を「陣形+配置英傑6人セット+発動因縁セット」で重複除外。同一組内は総合値最大の配置を代表として採用。,STEP116_SELECTED_MAX_TOTAL_FROM_STEP106_RECALCULATED_9INEN,step106で各陣形有効ラインから再計算済みの9因縁行を使用し、重複組では総合値最大の配置を残す,魚鱗||通常||9||伊達政宗(起源)|小松姫|山中鹿之介|島左近|明智光秀(闇)|長野業正||もののふ|侍|勇猛果敢|意気衝天|戦場の華|根性の絆|武芸の絆|泰然自若|老練闊達,,step116_9inen_dedup_max_total,20526,20526,step164_verified_normal9,風属性,222
step116_9_魚鱗_000037,STEP116_9INEN_DEDUP_MAX_TOTAL_RESULT,step106_9inen_full_780_dedup_by_hero_set_bond_set_max_total,魚鱗,通常,9,山中鹿之介|島左近|長野業正|明智光秀(闇)|小松姫|十河一存,山中鹿之介|島左近|長野業正|明智光秀(闇)|小松姫|十河一存,侍|根性の絆|もののふ|泰然自若|戦場の華|老練闊達|勇猛果敢|武芸の絆|意気衝天,侍|根性の絆|もののふ|泰然自若|戦場の華|老練闊達|勇猛果敢|武芸の絆|意気衝天,13961,3406,548,385,207,97,254,210,217,243,222,ステータス計算済み,step116で9因縁780行を「陣形+配置英傑6人セット+発動因縁セット」で重複除外。同一組内は総合値最大の配置を代表として採用。,STEP116_SELECTED_MAX_TOTAL_FROM_STEP106_RECALCULATED_9INEN,step106で各陣形有効ラインから再計算済みの9因縁行を使用し、重複組では総合値最大の配置を残す,魚鱗||通常||9||十河一存|小松姫|山中鹿之介|島左近|明智光秀(闇)|長野業正||もののふ|侍|勇猛果敢|意気衝天|戦場の華|根性の絆|武芸の絆|泰然自若|老練闊達,,step116_9inen_dedup_max_total,19750,19750,step164_verified_normal9,風属性,222
step116_9_魚鱗_000038,STEP116_9INEN_DEDUP_MAX_TOTAL_RESULT,step106_9inen_full_780_dedup_by_hero_set_bond_set_max_total,魚鱗,通常,9,山中鹿之介|島左近|長野業正|明智光秀(闇)|小松姫|井伊直政,山中鹿之介|島左近|長野業正|明智光秀(闇)|小松姫|井伊直政,侍|根性の絆|もののふ|泰然自若|戦場の華|老練闊達|勇猛果敢|武芸の絆|意気衝天,侍|根性の絆|もののふ|泰然自若|戦場の華|老練闊達|勇猛果敢|武芸の絆|意気衝天,13961,3406,547,386,203,97,254,210,217,243,222,ステータス計算済み,step116で9因縁780行を「陣形+配置英傑6人セット+発動因縁セット」で重複除外。同一組内は総合値最大の配置を代表として採用。,STEP116_SELECTED_MAX_TOTAL_FROM_STEP106_RECALCULATED_9INEN,step106で各陣形有効ラインから再計算済みの9因縁行を使用し、重複組では総合値最大の配置を残す,魚鱗||通常||9||井伊直政|小松姫|山中鹿之介|島左近|明智光秀(闇)|長野業正||もののふ|侍|勇猛果敢|意気衝天|戦場の華|根性の絆|武芸の絆|泰然自若|老練闊達,,step116_9inen_dedup_max_total,19746,19746,step164_verified_normal9,風属性,222
step116_9_魚鱗_000055,STEP116_9INEN_DEDUP_MAX_TOTAL_RESULT,step106_9inen_full_780_dedup_by_hero_set_bond_set_max_total,魚鱗,通常,9,柳生宗矩|宮本武蔵(涼)|道場娘まり(和装)|井伊直虎|魔女ルシア|谷忠澄,柳生宗矩|宮本武蔵(涼)|道場娘まり(和装)|井伊直虎|魔女ルシア|谷忠澄,侍|剣豪の絆|豪傑|女傑の絆|戦場の華|文明開化|技巧伝承|竜飛鳳舞|多芸多才,侍|剣豪の絆|豪傑|女傑の絆|戦場の華|文明開化|技巧伝承|竜飛鳳舞|多芸多才,13298,1346,869,79,374,263,593,156,153,147,177,ステータス計算済み,step116で9因縁780行を「陣形+配置英傑6人セット+発動因縁セット」で重複除外。同一組内は総合値最大の配置を代表として採用。,STEP116_SELECTED_MAX_TOTAL_FROM_STEP106_RECALCULATED_9INEN,step106で各陣形有効ラインから再計算済みの9因縁行を使用し、重複組では総合値最大の配置を残す,魚鱗||通常||9||井伊直虎|宮本武蔵(涼)|柳生宗矩|谷忠澄|道場娘まり(和装)|魔女ルシア||侍|剣豪の絆|多芸多才|女傑の絆|戦場の華|技巧伝承|文明開化|竜飛鳳舞|豪傑,,step116_9inen_dedup_max_total,17455,17455,step164_verified_normal9,風属性,177
step116_9_方円_000002,STEP116_9INEN_DEDUP_MAX_TOTAL_RESULT,step106_9inen_full_780_dedup_by_hero_set_bond_set_max_total,方円,通常,9,鍋島直茂(乱雲)|武田晴信|愛姫(起源)|細川藤孝(立役)|今川義元|前田利家,鍋島直茂(乱雲)|武田晴信|愛姫(起源)|細川藤孝(立役)|今川義元|前田利家,健康第一|老練闊達|質実剛健|文明開化|山紫水明|巧言令色|謀略家|雄材大略|摂理探究,健康第一|老練闊達|質実剛健|文明開化|山紫水明|巧言令色|謀略家|雄材大略|摂理探究,15234,4833,147,210,0,786,344,531,556,551,515,ステータス計算済み,step116で9因縁780行を「陣形+配置英傑6人セット+発動因縁セット」で重複除外。同一組内は総合値最大の配置を代表として採用。,STEP116_SELECTED_MAX_TOTAL_FROM_STEP106_RECALCULATED_9INEN,step106で各陣形有効ラインから再計算済みの9因縁行を使用し、重複組では総合値最大の配置を残す,方円||通常||9||今川義元|前田利家|愛姫(起源)|武田晴信|細川藤孝(立役)|鍋島直茂(乱雲)||健康第一|山紫水明|巧言令色|摂理探究|文明開化|老練闊達|謀略家|質実剛健|雄材大略,,step116_9inen_dedup_max_total,23707,23707,step164_verified_normal9,total_score,23707
step116_9_方円_000001,STEP116_9INEN_DEDUP_MAX_TOTAL_RESULT,step106_9inen_full_780_dedup_by_hero_set_bond_set_max_total,方円,通常,9,今川義元|前田利家(雄材)|鍋島直茂(乱雲)|武田晴信|愛姫(起源)|細川藤孝(立役),今川義元|前田利家(雄材)|鍋島直茂(乱雲)|武田晴信|愛姫(起源)|細川藤孝(立役),謀略家|雄材大略|摂理探究|健康第一|老練闊達|質実剛健|文明開化|山紫水明|巧言令色,謀略家|雄材大略|摂理探究|健康第一|老練闊達|質実剛健|文明開化|山紫水明|巧言令色,15234,4833,147,210,0,786,344,531,556,551,515,ステータス計算済み,step116で9因縁780行を「陣形+配置英傑6人セット+発動因縁セット」で重複除外。同一組内は総合値最大の配置を代表として採用。,STEP116_SELECTED_MAX_TOTAL_FROM_STEP106_RECALCULATED_9INEN,step106で各陣形有効ラインから再計算済みの9因縁行を使用し、重複組では総合値最大の配置を残す,方円||通常||9||今川義元|前田利家(雄材)|愛姫(起源)|武田晴信|細川藤孝(立役)|鍋島直茂(乱雲)||健康第一|山紫水明|巧言令色|摂理探究|文明開化|老練闊達|謀略家|質実剛健|雄材大略,,step116_9inen_dedup_max_total,23707,23707,step164_verified_normal9,total_score,23707
step116_9_方円_000004,STEP116_9INEN_DEDUP_MAX_TOTAL_RESULT,step106_9inen_full_780_dedup_by_hero_set_bond_set_max_total,方円,通常,9,鍋島直茂(乱雲)|武田晴信|高台院|細川藤孝(立役)|今川義元|前田利家,鍋島直茂(乱雲)|武田晴信|高台院|細川藤孝(立役)|今川義元|前田利家,健康第一|老練闊達|質実剛健|文明開化|山紫水明|巧言令色|謀略家|雄材大略|摂理探究,健康第一|老練闊達|質実剛健|文明開化|山紫水明|巧言令色|謀略家|雄材大略|摂理探究,15237,4808,136,206,0,790,344,530,554,546,512,ステータス計算済み,step116で9因縁780行を「陣形+配置英傑6人セット+発動因縁セット」で重複除外。同一組内は総合値最大の配置を代表として採用。,STEP116_SELECTED_MAX_TOTAL_FROM_STEP106_RECALCULATED_9INEN,step106で各陣形有効ラインから再計算済みの9因縁行を使用し、重複組では総合値最大の配置を残す,方円||通常||9||今川義元|前田利家|武田晴信|細川藤孝(立役)|鍋島直茂(乱雲)|高台院||健康第一|山紫水明|巧言令色|摂理探究|文明開化|老練闊達|謀略家|質実剛健|雄材大略,,step116_9inen_dedup_max_total,23663,23663,step164_verified_normal9,total_score,23663
step116_9_方円_000003,STEP116_9INEN_DEDUP_MAX_TOTAL_RESULT,step106_9inen_full_780_dedup_by_hero_set_bond_set_max_total,方円,通常,9,今川義元|前田利家(雄材)|鍋島直茂(乱雲)|武田晴信|高台院|細川藤孝(立役),今川義元|前田利家(雄材)|鍋島直茂(乱雲)|武田晴信|高台院|細川藤孝(立役),謀略家|雄材大略|摂理探究|健康第一|老練闊達|質実剛健|文明開化|山紫水明|巧言令色,謀略家|雄材大略|摂理探究|健康第一|老練闊達|質実剛健|文明開化|山紫水明|巧言令色,15237,4808,136,206,0,790,344,530,554,546,512,ステータス計算済み,step116で9因縁780行を「陣形+配置英傑6人セット+発動因縁セット」で重複除外。同一組内は総合値最大の配置を代表として採用。,STEP116_SELECTED_MAX_TOTAL_FROM_STEP106_RECALCULATED_9INEN,step106で各陣形有効ラインから再計算済みの9因縁行を使用し、重複組では総合値最大の配置を残す,方円||通常||9||今川義元|前田利家(雄材)|武田晴信|細川藤孝(立役)|鍋島直茂(乱雲)|高台院||健康第一|山紫水明|巧言令色|摂理探究|文明開化|老練闊達|謀略家|質実剛健|雄材大略,,step116_9inen_dedup_max_total,23663,23663,step164_verified_normal9,total_score,23663
step116_9_方円_000006,STEP116_9INEN_DEDUP_MAX_TOTAL_RESULT,step106_9inen_full_780_dedup_by_hero_set_bond_set_max_total,方円,通常,9,片倉景綱(右腕)|武田晴信|愛姫(起源)|細川藤孝(立役)|今川義元|前田利家,片倉景綱(右腕)|武田晴信|愛姫(起源)|細川藤孝(立役)|今川義元|前田利家,健康第一|老練闊達|質実剛健|文明開化|山紫水明|巧言令色|謀略家|雄材大略|摂理探究,健康第一|老練闊達|質実剛健|文明開化|山紫水明|巧言令色|謀略家|雄材大略|摂理探究,15159,4827,152,210,0,786,344,536,554,564,515,ステータス計算済み,step116で9因縁780行を「陣形+配置英傑6人セット+発動因縁セット」で重複除外。同一組内は総合値最大の配置を代表として採用。,STEP116_SELECTED_MAX_TOTAL_FROM_STEP106_RECALCULATED_9INEN,step106で各陣形有効ラインから再計算済みの9因縁行を使用し、重複組では総合値最大の配置を残す,方円||通常||9||今川義元|前田利家|愛姫(起源)|武田晴信|片倉景綱(右腕)|細川藤孝(立役)||健康第一|山紫水明|巧言令色|摂理探究|文明開化|老練闊達|謀略家|質実剛健|雄材大略,,step116_9inen_dedup_max_total,23647,23647,step164_verified_normal9,total_score,23647
step116_9_方円_000005,STEP116_9INEN_DEDUP_MAX_TOTAL_RESULT,step106_9inen_full_780_dedup_by_hero_set_bond_set_max_total,方円,通常,9,今川義元|前田利家(雄材)|片倉景綱(右腕)|武田晴信|愛姫(起源)|細川藤孝(立役),今川義元|前田利家(雄材)|片倉景綱(右腕)|武田晴信|愛姫(起源)|細川藤孝(立役),謀略家|雄材大略|摂理探究|健康第一|老練闊達|質実剛健|文明開化|山紫水明|巧言令色,謀略家|雄材大略|摂理探究|健康第一|老練闊達|質実剛健|文明開化|山紫水明|巧言令色,15159,4827,152,210,0,786,344,536,554,564,515,ステータス計算済み,step116で9因縁780行を「陣形+配置英傑6人セット+発動因縁セット」で重複除外。同一組内は総合値最大の配置を代表として採用。,STEP116_SELECTED_MAX_TOTAL_FROM_STEP106_RECALCULATED_9INEN,step106で各陣形有効ラインから再計算済みの9因縁行を使用し、重複組では総合値最大の配置を残す,方円||通常||9||今川義元|前田利家(雄材)|愛姫(起源)|武田晴信|片倉景綱(右腕)|細川藤孝(立役)||健康第一|山紫水明|巧言令色|摂理探究|文明開化|老練闊達|謀略家|質実剛健|雄材大略,,step116_9inen_dedup_max_total,23647,23647,step164_verified_normal9,total_score,23647
step116_9_方円_000008,STEP116_9INEN_DEDUP_MAX_TOTAL_RESULT,step106_9inen_full_780_dedup_by_hero_set_bond_set_max_total,方円,通常,9,片倉景綱(右腕)|武田晴信|高台院|細川藤孝(立役)|今川義元|前田利家,片倉景綱(右腕)|武田晴信|高台院|細川藤孝(立役)|今川義元|前田利家,健康第一|老練闊達|質実剛健|文明開化|山紫水明|巧言令色|謀略家|雄材大略|摂理探究,健康第一|老練闊達|質実剛健|文明開化|山紫水明|巧言令色|謀略家|雄材大略|摂理探究,15162,4802,141,206,0,790,344,535,552,559,512,ステータス計算済み,step116で9因縁780行を「陣形+配置英傑6人セット+発動因縁セット」で重複除外。同一組内は総合値最大の配置を代表として採用。,STEP116_SELECTED_MAX_TOTAL_FROM_STEP106_RECALCULATED_9INEN,step106で各陣形有効ラインから再計算済みの9因縁行を使用し、重複組では総合値最大の配置を残す,方円||通常||9||今川義元|前田利家|武田晴信|片倉景綱(右腕)|細川藤孝(立役)|高台院||健康第一|山紫水明|巧言令色|摂理探究|文明開化|老練闊達|謀略家|質実剛健|雄材大略,,step116_9inen_dedup_max_total,23603,23603,step164_verified_normal9,total_score,23603
step116_9_方円_000007,STEP116_9INEN_DEDUP_MAX_TOTAL_RESULT,step106_9inen_full_780_dedup_by_hero_set_bond_set_max_total,方円,通常,9,今川義元|前田利家(雄材)|片倉景綱(右腕)|武田晴信|高台院|細川藤孝(立役),今川義元|前田利家(雄材)|片倉景綱(右腕)|武田晴信|高台院|細川藤孝(立役),謀略家|雄材大略|摂理探究|健康第一|老練闊達|質実剛健|文明開化|山紫水明|巧言令色,謀略家|雄材大略|摂理探究|健康第一|老練闊達|質実剛健|文明開化|山紫水明|巧言令色,15162,4802,141,206,0,790,344,535,552,559,512,ステータス計算済み,step116で9因縁780行を「陣形+配置英傑6人セット+発動因縁セット」で重複除外。同一組内は総合値最大の配置を代表として採用。,STEP116_SELECTED_MAX_TOTAL_FROM_STEP106_RECALCULATED_9INEN,step106で各陣形有効ラインから再計算済みの9因縁行を使用し、重複組では総合値最大の配置を残す,方円||通常||9||今川義元|前田利家(雄材)|武田晴信|片倉景綱(右腕)|細川藤孝(立役)|高台院||健康第一|山紫水明|巧言令色|摂理探究|文明開化|老練闊達|謀略家|質実剛健|雄材大略,,step116_9inen_dedup_max_total,23603,23603,step164_verified_normal9,total_score,23603
step116_9_方円_000010,STEP116_9INEN_DEDUP_MAX_TOTAL_RESULT,step106_9inen_full_780_dedup_by_hero_set_bond_set_max_total,方円,通常,9,豊臣秀長|武田晴信|愛姫(起源)|細川藤孝(立役)|今川義元|前田利家,豊臣秀長|武田晴信|愛姫(起源)|細川藤孝(立役)|今川義元|前田利家,健康第一|老練闊達|質実剛健|文明開化|山紫水明|巧言令色|謀略家|雄材大略|摂理探究,健康第一|老練闊達|質実剛健|文明開化|山紫水明|巧言令色|謀略家|雄材大略|摂理探究,15036,4864,143,210,0,790,344,539,559,563,519,ステータス計算済み,step116で9因縁780行を「陣形+配置英傑6人セット+発動因縁セット」で重複除外。同一組内は総合値最大の配置を代表として採用。,STEP116_SELECTED_MAX_TOTAL_FROM_STEP106_RECALCULATED_9INEN,step106で各陣形有効ラインから再計算済みの9因縁行を使用し、重複組では総合値最大の配置を残す,方円||通常||9||今川義元|前田利家|愛姫(起源)|武田晴信|細川藤孝(立役)|豊臣秀長||健康第一|山紫水明|巧言令色|摂理探究|文明開化|老練闊達|謀略家|質実剛健|雄材大略,,step116_9inen_dedup_max_total,23567,23567,step164_verified_normal9,total_score,23567
step116_9_方円_000009,STEP116_9INEN_DEDUP_MAX_TOTAL_RESULT,step106_9inen_full_780_dedup_by_hero_set_bond_set_max_total,方円,通常,9,今川義元|前田利家(雄材)|豊臣秀長|武田晴信|愛姫(起源)|細川藤孝(立役),今川義元|前田利家(雄材)|豊臣秀長|武田晴信|愛姫(起源)|細川藤孝(立役),謀略家|雄材大略|摂理探究|健康第一|老練闊達|質実剛健|文明開化|山紫水明|巧言令色,謀略家|雄材大略|摂理探究|健康第一|老練闊達|質実剛健|文明開化|山紫水明|巧言令色,15036,4864,143,210,0,790,344,539,559,563,519,ステータス計算済み,step116で9因縁780行を「陣形+配置英傑6人セット+発動因縁セット」で重複除外。同一組内は総合値最大の配置を代表として採用。,STEP116_SELECTED_MAX_TOTAL_FROM_STEP106_RECALCULATED_9INEN,step106で各陣形有効ラインから再計算済みの9因縁行を使用し、重複組では総合値最大の配置を残す,方円||通常||9||今川義元|前田利家(雄材)|愛姫(起源)|武田晴信|細川藤孝(立役)|豊臣秀長||健康第一|山紫水明|巧言令色|摂理探究|文明開化|老練闊達|謀略家|質実剛健|雄材大略,,step116_9inen_dedup_max_total,23567,23567,step164_verified_normal9,total_score,23567
step116_9_方円_000012,STEP116_9INEN_DEDUP_MAX_TOTAL_RESULT,step106_9inen_full_780_dedup_by_hero_set_bond_set_max_total,方円,通常,9,豊臣秀長|武田晴信|高台院|細川藤孝(立役)|今川義元|前田利家,豊臣秀長|武田晴信|高台院|細川藤孝(立役)|今川義元|前田利家,健康第一|老練闊達|質実剛健|文明開化|山紫水明|巧言令色|謀略家|雄材大略|摂理探究,健康第一|老練闊達|質実剛健|文明開化|山紫水明|巧言令色|謀略家|雄材大略|摂理探究,15039,4838,132,206,0,795,344,537,557,558,515,ステータス計算済み,step116で9因縁780行を「陣形+配置英傑6人セット+発動因縁セット」で重複除外。同一組内は総合値最大の配置を代表として採用。,STEP116_SELECTED_MAX_TOTAL_FROM_STEP106_RECALCULATED_9INEN,step106で各陣形有効ラインから再計算済みの9因縁行を使用し、重複組では総合値最大の配置を残す,方円||通常||9||今川義元|前田利家|武田晴信|細川藤孝(立役)|豊臣秀長|高台院||健康第一|山紫水明|巧言令色|摂理探究|文明開化|老練闊達|謀略家|質実剛健|雄材大略,,step116_9inen_dedup_max_total,23521,23521,step164_verified_normal9,total_score,23521
step116_9_方円_000011,STEP116_9INEN_DEDUP_MAX_TOTAL_RESULT,step106_9inen_full_780_dedup_by_hero_set_bond_set_max_total,方円,通常,9,今川義元|前田利家(雄材)|豊臣秀長|武田晴信|高台院|細川藤孝(立役),今川義元|前田利家(雄材)|豊臣秀長|武田晴信|高台院|細川藤孝(立役),謀略家|雄材大略|摂理探究|健康第一|老練闊達|質実剛健|文明開化|山紫水明|巧言令色,謀略家|雄材大略|摂理探究|健康第一|老練闊達|質実剛健|文明開化|山紫水明|巧言令色,15039,4838,132,206,0,795,344,537,557,558,515,ステータス計算済み,step116で9因縁780行を「陣形+配置英傑6人セット+発動因縁セット」で重複除外。同一組内は総合値最大の配置を代表として採用。,STEP116_SELECTED_MAX_TOTAL_FROM_STEP106_RECALCULATED_9INEN,step106で各陣形有効ラインから再計算済みの9因縁行を使用し、重複組では総合値最大の配置を残す,方円||通常||9||今川義元|前田利家(雄材)|武田晴信|細川藤孝(立役)|豊臣秀長|高台院||健康第一|山紫水明|巧言令色|摂理探究|文明開化|老練闊達|謀略家|質実剛健|雄材大略,,step116_9inen_dedup_max_total,23521,23521,step164_verified_normal9,total_score,23521
step116_9_方円_000014,STEP116_9INEN_DEDUP_MAX_TOTAL_RESULT,step106_9inen_full_780_dedup_by_hero_set_bond_set_max_total,方円,通常,9,丹羽長秀(風雲)|武田晴信|愛姫(起源)|細川藤孝(立役)|今川義元|前田利家,丹羽長秀(風雲)|武田晴信|愛姫(起源)|細川藤孝(立役)|今川義元|前田利家,健康第一|老練闊達|質実剛健|文明開化|山紫水明|巧言令色|謀略家|雄材大略|摂理探究,健康第一|老練闊達|質実剛健|文明開化|山紫水明|巧言令色|謀略家|雄材大略|摂理探究,14973,4838,131,210,0,783,344,521,568,568,501,ステータス計算済み,step116で9因縁780行を「陣形+配置英傑6人セット+発動因縁セット」で重複除外。同一組内は総合値最大の配置を代表として採用。,STEP116_SELECTED_MAX_TOTAL_FROM_STEP106_RECALCULATED_9INEN,step106で各陣形有効ラインから再計算済みの9因縁行を使用し、重複組では総合値最大の配置を残す,方円||通常||9||丹羽長秀(風雲)|今川義元|前田利家|愛姫(起源)|武田晴信|細川藤孝(立役)||健康第一|山紫水明|巧言令色|摂理探究|文明開化|老練闊達|謀略家|質実剛健|雄材大略,,step116_9inen_dedup_max_total,23437,23437,step164_verified_normal9,total_score,23437
step116_9_方円_000013,STEP116_9INEN_DEDUP_MAX_TOTAL_RESULT,step106_9inen_full_780_dedup_by_hero_set_bond_set_max_total,方円,通常,9,今川義元|前田利家(雄材)|丹羽長秀(風雲)|武田晴信|愛姫(起源)|細川藤孝(立役),今川義元|前田利家(雄材)|丹羽長秀(風雲)|武田晴信|愛姫(起源)|細川藤孝(立役),謀略家|雄材大略|摂理探究|健康第一|老練闊達|質実剛健|文明開化|山紫水明|巧言令色,謀略家|雄材大略|摂理探究|健康第一|老練闊達|質実剛健|文明開化|山紫水明|巧言令色,14973,4838,131,210,0,783,344,521,568,568,501,ステータス計算済み,step116で9因縁780行を「陣形+配置英傑6人セット+発動因縁セット」で重複除外。同一組内は総合値最大の配置を代表として採用。,STEP116_SELECTED_MAX_TOTAL_FROM_STEP106_RECALCULATED_9INEN,step106で各陣形有効ラインから再計算済みの9因縁行を使用し、重複組では総合値最大の配置を残す,方円||通常||9||丹羽長秀(風雲)|今川義元|前田利家(雄材)|愛姫(起源)|武田晴信|細川藤孝(立役)||健康第一|山紫水明|巧言令色|摂理探究|文明開化|老練闊達|謀略家|質実剛健|雄材大略,,step116_9inen_dedup_max_total,23437,23437,step164_verified_normal9,total_score,23437
step116_9_方円_000016,STEP116_9INEN_DEDUP_MAX_TOTAL_RESULT,step106_9inen_full_780_dedup_by_hero_set_bond_set_max_total,方円,通常,9,竹中半兵衛(右腕)|武田晴信|愛姫(起源)|細川藤孝(立役)|今川義元|前田利家,竹中半兵衛(右腕)|武田晴信|愛姫(起源)|細川藤孝(立役)|今川義元|前田利家,健康第一|老練闊達|質実剛健|文明開化|山紫水明|巧言令色|謀略家|雄材大略|摂理探究,健康第一|老練闊達|質実剛健|文明開化|山紫水明|巧言令色|謀略家|雄材大略|摂理探究,14808,4896,136,210,0,792,344,552,573,573,532,ステータス計算済み,step116で9因縁780行を「陣形+配置英傑6人セット+発動因縁セット」で重複除外。同一組内は総合値最大の配置を代表として採用。,STEP116_SELECTED_MAX_TOTAL_FROM_STEP106_RECALCULATED_9INEN,step106で各陣形有効ラインから再計算済みの9因縁行を使用し、重複組では総合値最大の配置を残す,方円||通常||9||今川義元|前田利家|愛姫(起源)|武田晴信|竹中半兵衛(右腕)|細川藤孝(立役)||健康第一|山紫水明|巧言令色|摂理探究|文明開化|老練闊達|謀略家|質実剛健|雄材大略,,step116_9inen_dedup_max_total,23416,23416,step164_verified_normal9,total_score,23416
step116_9_方円_000015,STEP116_9INEN_DEDUP_MAX_TOTAL_RESULT,step106_9inen_full_780_dedup_by_hero_set_bond_set_max_total,方円,通常,9,今川義元|前田利家(雄材)|竹中半兵衛(右腕)|武田晴信|愛姫(起源)|細川藤孝(立役),今川義元|前田利家(雄材)|竹中半兵衛(右腕)|武田晴信|愛姫(起源)|細川藤孝(立役),謀略家|雄材大略|摂理探究|健康第一|老練闊達|質実剛健|文明開化|山紫水明|巧言令色,謀略家|雄材大略|摂理探究|健康第一|老練闊達|質実剛健|文明開化|山紫水明|巧言令色,14808,4896,136,210,0,792,344,552,573,573,532,ステータス計算済み,step116で9因縁780行を「陣形+配置英傑6人セット+発動因縁セット」で重複除外。同一組内は総合値最大の配置を代表として採用。,STEP116_SELECTED_MAX_TOTAL_FROM_STEP106_RECALCULATED_9INEN,step106で各陣形有効ラインから再計算済みの9因縁行を使用し、重複組では総合値最大の配置を残す,方円||通常||9||今川義元|前田利家(雄材)|愛姫(起源)|武田晴信|竹中半兵衛(右腕)|細川藤孝(立役)||健康第一|山紫水明|巧言令色|摂理探究|文明開化|老練闊達|謀略家|質実剛健|雄材大略,,step116_9inen_dedup_max_total,23416,23416,step164_verified_normal9,total_score,23416
step116_9_方円_000018,STEP116_9INEN_DEDUP_MAX_TOTAL_RESULT,step106_9inen_full_780_dedup_by_hero_set_bond_set_max_total,方円,通常,9,丹羽長秀(風雲)|武田晴信|高台院|細川藤孝(立役)|今川義元|前田利家,丹羽長秀(風雲)|武田晴信|高台院|細川藤孝(立役)|今川義元|前田利家,健康第一|老練闊達|質実剛健|文明開化|山紫水明|巧言令色|謀略家|雄材大略|摂理探究,健康第一|老練闊達|質実剛健|文明開化|山紫水明|巧言令色|謀略家|雄材大略|摂理探究,14976,4813,120,206,0,787,344,520,566,564,498,ステータス計算済み,step116で9因縁780行を「陣形+配置英傑6人セット+発動因縁セット」で重複除外。同一組内は総合値最大の配置を代表として採用。,STEP116_SELECTED_MAX_TOTAL_FROM_STEP106_RECALCULATED_9INEN,step106で各陣形有効ラインから再計算済みの9因縁行を使用し、重複組では総合値最大の配置を残す,方円||通常||9||丹羽長秀(風雲)|今川義元|前田利家|武田晴信|細川藤孝(立役)|高台院||健康第一|山紫水明|巧言令色|摂理探究|文明開化|老練闊達|謀略家|質実剛健|雄材大略,,step116_9inen_dedup_max_total,23394,23394,step164_verified_normal9,total_score,23394
step116_9_方円_000017,STEP116_9INEN_DEDUP_MAX_TOTAL_RESULT,step106_9inen_full_780_dedup_by_hero_set_bond_set_max_total,方円,通常,9,今川義元|前田利家(雄材)|丹羽長秀(風雲)|武田晴信|高台院|細川藤孝(立役),今川義元|前田利家(雄材)|丹羽長秀(風雲)|武田晴信|高台院|細川藤孝(立役),謀略家|雄材大略|摂理探究|健康第一|老練闊達|質実剛健|文明開化|山紫水明|巧言令色,謀略家|雄材大略|摂理探究|健康第一|老練闊達|質実剛健|文明開化|山紫水明|巧言令色,14976,4813,120,206,0,787,344,520,566,564,498,ステータス計算済み,step116で9因縁780行を「陣形+配置英傑6人セット+発動因縁セット」で重複除外。同一組内は総合値最大の配置を代表として採用。,STEP116_SELECTED_MAX_TOTAL_FROM_STEP106_RECALCULATED_9INEN,step106で各陣形有効ラインから再計算済みの9因縁行を使用し、重複組では総合値最大の配置を残す,方円||通常||9||丹羽長秀(風雲)|今川義元|前田利家(雄材)|武田晴信|細川藤孝(立役)|高台院||健康第一|山紫水明|巧言令色|摂理探究|文明開化|老練闊達|謀略家|質実剛健|雄材大略,,step116_9inen_dedup_max_total,23394,23394,step164_verified_normal9,total_score,23394
step116_9_方円_000020,STEP116_9INEN_DEDUP_MAX_TOTAL_RESULT,step106_9inen_full_780_dedup_by_hero_set_bond_set_max_total,方円,通常,9,竹中半兵衛(右腕)|武田晴信|高台院|細川藤孝(立役)|今川義元|前田利家,竹中半兵衛(右腕)|武田晴信|高台院|細川藤孝(立役)|今川義元|前田利家,健康第一|老練闊達|質実剛健|文明開化|山紫水明|巧言令色|謀略家|雄材大略|摂理探究,健康第一|老練闊達|質実剛健|文明開化|山紫水明|巧言令色|謀略家|雄材大略|摂理探究,14811,4870,125,206,0,796,344,551,570,568,529,ステータス計算済み,step116で9因縁780行を「陣形+配置英傑6人セット+発動因縁セット」で重複除外。同一組内は総合値最大の配置を代表として採用。,STEP116_SELECTED_MAX_TOTAL_FROM_STEP106_RECALCULATED_9INEN,step106で各陣形有効ラインから再計算済みの9因縁行を使用し、重複組では総合値最大の配置を残す,方円||通常||9||今川義元|前田利家|武田晴信|竹中半兵衛(右腕)|細川藤孝(立役)|高台院||健康第一|山紫水明|巧言令色|摂理探究|文明開化|老練闊達|謀略家|質実剛健|雄材大略,,step116_9inen_dedup_max_total,23370,23370,step164_verified_normal9,total_score,23370
step116_9_方円_000019,STEP116_9INEN_DEDUP_MAX_TOTAL_RESULT,step106_9inen_full_780_dedup_by_hero_set_bond_set_max_total,方円,通常,9,今川義元|前田利家(雄材)|竹中半兵衛(右腕)|武田晴信|高台院|細川藤孝(立役),今川義元|前田利家(雄材)|竹中半兵衛(右腕)|武田晴信|高台院|細川藤孝(立役),謀略家|雄材大略|摂理探究|健康第一|老練闊達|質実剛健|文明開化|山紫水明|巧言令色,謀略家|雄材大略|摂理探究|健康第一|老練闊達|質実剛健|文明開化|山紫水明|巧言令色,14811,4870,125,206,0,796,344,551,570,568,529,ステータス計算済み,step116で9因縁780行を「陣形+配置英傑6人セット+発動因縁セット」で重複除外。同一組内は総合値最大の配置を代表として採用。,STEP116_SELECTED_MAX_TOTAL_FROM_STEP106_RECALCULATED_9INEN,step106で各陣形有効ラインから再計算済みの9因縁行を使用し、重複組では総合値最大の配置を残す,方円||通常||9||今川義元|前田利家(雄材)|武田晴信|竹中半兵衛(右腕)|細川藤孝(立役)|高台院||健康第一|山紫水明|巧言令色|摂理探究|文明開化|老練闊達|謀略家|質実剛健|雄材大略,,step116_9inen_dedup_max_total,23370,23370,step164_verified_normal9,total_score,23370
step116_9_方円_000021,STEP116_9INEN_DEDUP_MAX_TOTAL_RESULT,step106_9inen_full_780_dedup_by_hero_set_bond_set_max_total,方円,通常,9,長野業正|山中鹿之介|吉川元春|井伊直虎|宮本武蔵(涼)|島左近,長野業正|山中鹿之介|吉川元春|井伊直虎|宮本武蔵(涼)|島左近,猛将の絆|勇猛果敢|意気衝天|軍学の絆|豪傑|侍|根性の絆|もののふ|泰然自若,猛将の絆|勇猛果敢|意気衝天|軍学の絆|豪傑|侍|根性の絆|もののふ|泰然自若,16076,4022,733,374,175,163,224,231,238,267,244,ステータス計算済み,step116で9因縁780行を「陣形+配置英傑6人セット+発動因縁セット」で重複除外。同一組内は総合値最大の配置を代表として採用。,STEP116_SELECTED_MAX_TOTAL_FROM_STEP106_RECALCULATED_9INEN,step106で各陣形有効ラインから再計算済みの9因縁行を使用し、重複組では総合値最大の配置を残す,方円||通常||9||井伊直虎|吉川元春|宮本武蔵(涼)|山中鹿之介|島左近|長野業正||もののふ|侍|勇猛果敢|意気衝天|根性の絆|泰然自若|猛将の絆|豪傑|軍学の絆,,step116_9inen_dedup_max_total,22747,22747,step164_verified_normal9,total_score,22747
step116_9_方円_000023,STEP116_9INEN_DEDUP_MAX_TOTAL_RESULT,step106_9inen_full_780_dedup_by_hero_set_bond_set_max_total,方円,通常,9,酒井忠次(衣鉢)|伊奈忠次|ガラシャ(聖)|斎藤利三(神祇)|毛利隆元|豊臣秀吉,酒井忠次(衣鉢)|伊奈忠次|ガラシャ(聖)|斎藤利三(神祇)|毛利隆元|豊臣秀吉,召喚術の絆|摂理探究|世渡り上手の絆|才腕の絆|謀略家|柔能制剛|技巧伝承|天神地祇|雄材大略,召喚術の絆|摂理探究|世渡り上手の絆|才腕の絆|謀略家|柔能制剛|技巧伝承|天神地祇|雄材大略,15387,3129,37,51,359,664,423,655,664,696,634,ステータス計算済み,step116で9因縁780行を「陣形+配置英傑6人セット+発動因縁セット」で重複除外。同一組内は総合値最大の配置を代表として採用。,STEP116_SELECTED_MAX_TOTAL_FROM_STEP106_RECALCULATED_9INEN,step106で各陣形有効ラインから再計算済みの9因縁行を使用し、重複組では総合値最大の配置を残す,方円||通常||9||ガラシャ(聖)|伊奈忠次|斎藤利三(神祇)|毛利隆元|豊臣秀吉|酒井忠次(衣鉢)||世渡り上手の絆|召喚術の絆|天神地祇|才腕の絆|技巧伝承|摂理探究|柔能制剛|謀略家|雄材大略,,step116_9inen_dedup_max_total,22699,22699,step164_verified_normal9,total_score,22699
step116_9_方円_000022,STEP116_9INEN_DEDUP_MAX_TOTAL_RESULT,step106_9inen_full_780_dedup_by_hero_set_bond_set_max_total,方円,通常,9,酒井忠次(通)|伊奈忠次|ガラシャ(聖)|斎藤利三(神祇)|毛利隆元|豊臣秀吉,酒井忠次(通)|伊奈忠次|ガラシャ(聖)|斎藤利三(神祇)|毛利隆元|豊臣秀吉,召喚術の絆|摂理探究|世渡り上手の絆|才腕の絆|謀略家|柔能制剛|技巧伝承|天神地祇|雄材大略,召喚術の絆|摂理探究|世渡り上手の絆|才腕の絆|謀略家|柔能制剛|技巧伝承|天神地祇|雄材大略,15387,3129,37,51,359,664,423,655,664,696,634,ステータス計算済み,step116で9因縁780行を「陣形+配置英傑6人セット+発動因縁セット」で重複除外。同一組内は総合値最大の配置を代表として採用。,STEP116_SELECTED_MAX_TOTAL_FROM_STEP106_RECALCULATED_9INEN,step106で各陣形有効ラインから再計算済みの9因縁行を使用し、重複組では総合値最大の配置を残す,方円||通常||9||ガラシャ(聖)|伊奈忠次|斎藤利三(神祇)|毛利隆元|豊臣秀吉|酒井忠次(通)||世渡り上手の絆|召喚術の絆|天神地祇|才腕の絆|技巧伝承|摂理探究|柔能制剛|謀略家|雄材大略,,step116_9inen_dedup_max_total,22699,22699,step164_verified_normal9,total_score,22699
step116_9_方円_000024,STEP116_9INEN_DEDUP_MAX_TOTAL_RESULT,step106_9inen_full_780_dedup_by_hero_set_bond_set_max_total,方円,通常,9,吉川元春|山中鹿之介|長野業正|島左近|山県昌景|井伊直虎,吉川元春|山中鹿之介|長野業正|島左近|山県昌景|井伊直虎,侍|根性の絆|もののふ|泰然自若|軍学の絆|豪傑|猛将の絆|勇猛果敢|意気衝天,侍|根性の絆|もののふ|泰然自若|軍学の絆|豪傑|猛将の絆|勇猛果敢|意気衝天,15788,4022,710,367,175,158,216,231,238,267,244,ステータス計算済み,step116で9因縁780行を「陣形+配置英傑6人セット+発動因縁セット」で重複除外。同一組内は総合値最大の配置を代表として採用。,STEP116_SELECTED_MAX_TOTAL_FROM_STEP106_RECALCULATED_9INEN,step106で各陣形有効ラインから再計算済みの9因縁行を使用し、重複組では総合値最大の配置を残す,方円||通常||9||井伊直虎|吉川元春|山中鹿之介|山県昌景|島左近|長野業正||もののふ|侍|勇猛果敢|意気衝天|根性の絆|泰然自若|猛将の絆|豪傑|軍学の絆,,step116_9inen_dedup_max_total,22416,22416,step164_verified_normal9,total_score,22416
step116_9_方円_000025,STEP116_9INEN_DEDUP_MAX_TOTAL_RESULT,step106_9inen_full_780_dedup_by_hero_set_bond_set_max_total,方円,通常,9,長野業正|山中鹿之介|吉川元春|井伊直虎|柿崎景家|島左近,長野業正|山中鹿之介|吉川元春|井伊直虎|柿崎景家|島左近,猛将の絆|勇猛果敢|意気衝天|軍学の絆|豪傑|侍|根性の絆|もののふ|泰然自若,猛将の絆|勇猛果敢|意気衝天|軍学の絆|豪傑|侍|根性の絆|もののふ|泰然自若,15696,4022,713,366,175,158,216,231,238,267,244,ステータス計算済み,step116で9因縁780行を「陣形+配置英傑6人セット+発動因縁セット」で重複除外。同一組内は総合値最大の配置を代表として採用。,STEP116_SELECTED_MAX_TOTAL_FROM_STEP106_RECALCULATED_9INEN,step106で各陣形有効ラインから再計算済みの9因縁行を使用し、重複組では総合値最大の配置を残す,方円||通常||9||井伊直虎|吉川元春|山中鹿之介|島左近|柿崎景家|長野業正||もののふ|侍|勇猛果敢|意気衝天|根性の絆|泰然自若|猛将の絆|豪傑|軍学の絆,,step116_9inen_dedup_max_total,22326,22326,step164_verified_normal9,total_score,22326
step116_9_方円_000027,STEP116_9INEN_DEDUP_MAX_TOTAL_RESULT,step106_9inen_full_780_dedup_by_hero_set_bond_set_max_total,方円,通常,9,酒井忠次(衣鉢)|伊奈忠次|サンチョ|斎藤利三(神祇)|毛利隆元|豊臣秀吉,酒井忠次(衣鉢)|伊奈忠次|サンチョ|斎藤利三(神祇)|毛利隆元|豊臣秀吉,召喚術の絆|摂理探究|世渡り上手の絆|才腕の絆|謀略家|柔能制剛|技巧伝承|天神地祇|雄材大略,召喚術の絆|摂理探究|世渡り上手の絆|才腕の絆|謀略家|柔能制剛|技巧伝承|天神地祇|雄材大略,14916,3129,28,40,359,635,423,607,610,631,578,ステータス計算済み,step116で9因縁780行を「陣形+配置英傑6人セット+発動因縁セット」で重複除外。同一組内は総合値最大の配置を代表として採用。,STEP116_SELECTED_MAX_TOTAL_FROM_STEP106_RECALCULATED_9INEN,step106で各陣形有効ラインから再計算済みの9因縁行を使用し、重複組では総合値最大の配置を残す,方円||通常||9||サンチョ|伊奈忠次|斎藤利三(神祇)|毛利隆元|豊臣秀吉|酒井忠次(衣鉢)||世渡り上手の絆|召喚術の絆|天神地祇|才腕の絆|技巧伝承|摂理探究|柔能制剛|謀略家|雄材大略,,step116_9inen_dedup_max_total,21956,21956,step164_verified_normal9,total_score,21956
step116_9_方円_000026,STEP116_9INEN_DEDUP_MAX_TOTAL_RESULT,step106_9inen_full_780_dedup_by_hero_set_bond_set_max_total,方円,通常,9,酒井忠次(通)|伊奈忠次|サンチョ|斎藤利三(神祇)|毛利隆元|豊臣秀吉,酒井忠次(通)|伊奈忠次|サンチョ|斎藤利三(神祇)|毛利隆元|豊臣秀吉,召喚術の絆|摂理探究|世渡り上手の絆|才腕の絆|謀略家|柔能制剛|技巧伝承|天神地祇|雄材大略,召喚術の絆|摂理探究|世渡り上手の絆|才腕の絆|謀略家|柔能制剛|技巧伝承|天神地祇|雄材大略,14916,3129,28,40,359,635,423,607,610,631,578,ステータス計算済み,step116で9因縁780行を「陣形+配置英傑6人セット+発動因縁セット」で重複除外。同一組内は総合値最大の配置を代表として採用。,STEP116_SELECTED_MAX_TOTAL_FROM_STEP106_RECALCULATED_9INEN,step106で各陣形有効ラインから再計算済みの9因縁行を使用し、重複組では総合値最大の配置を残す,方円||通常||9||サンチョ|伊奈忠次|斎藤利三(神祇)|毛利隆元|豊臣秀吉|酒井忠次(通)||世渡り上手の絆|召喚術の絆|天神地祇|才腕の絆|技巧伝承|摂理探究|柔能制剛|謀略家|雄材大略,,step116_9inen_dedup_max_total,21956,21956,step164_verified_normal9,total_score,21956
step116_9_方円_000028,STEP116_9INEN_DEDUP_MAX_TOTAL_RESULT,step106_9inen_full_780_dedup_by_hero_set_bond_set_max_total,方円,通常,9,小松姫|長野業正|山中鹿之介|島左近|細川忠興(山紫)|明智光秀(闇),小松姫|長野業正|山中鹿之介|島左近|細川忠興(山紫)|明智光秀(闇),侍|根性の絆|もののふ|泰然自若|鬼の絆|流行創出|戦場の華|老練闊達|勇猛果敢,侍|根性の絆|もののふ|泰然自若|鬼の絆|流行創出|戦場の華|老練闊達|勇猛果敢,14897,3081,608,445,95,150,279,463,503,520,491,ステータス計算済み,step116で9因縁780行を「陣形+配置英傑6人セット+発動因縁セット」で重複除外。同一組内は総合値最大の配置を代表として採用。,STEP116_SELECTED_MAX_TOTAL_FROM_STEP106_RECALCULATED_9INEN,step106で各陣形有効ラインから再計算済みの9因縁行を使用し、重複組では総合値最大の配置を残す,方円||通常||9||小松姫|山中鹿之介|島左近|明智光秀(闇)|細川忠興(山紫)|長野業正||もののふ|侍|勇猛果敢|戦場の華|根性の絆|泰然自若|流行創出|老練闊達|鬼の絆,,step116_9inen_dedup_max_total,21532,21532,step164_verified_normal9,total_score,21532
step116_9_方円_000029,STEP116_9INEN_DEDUP_MAX_TOTAL_RESULT,step106_9inen_full_780_dedup_by_hero_set_bond_set_max_total,方円,通常,9,小松姫|長野業正|山県昌景(泰然)|島左近|細川忠興(山紫)|明智光秀(闇),小松姫|長野業正|山県昌景(泰然)|島左近|細川忠興(山紫)|明智光秀(闇),侍|根性の絆|もののふ|泰然自若|鬼の絆|流行創出|戦場の華|老練闊達|勇猛果敢,侍|根性の絆|もののふ|泰然自若|鬼の絆|流行創出|戦場の華|老練闊達|勇猛果敢,14844,3061,606,445,95,150,272,470,511,517,497,ステータス計算済み,step116で9因縁780行を「陣形+配置英傑6人セット+発動因縁セット」で重複除外。同一組内は総合値最大の配置を代表として採用。,STEP116_SELECTED_MAX_TOTAL_FROM_STEP106_RECALCULATED_9INEN,step106で各陣形有効ラインから再計算済みの9因縁行を使用し、重複組では総合値最大の配置を残す,方円||通常||9||小松姫|山県昌景(泰然)|島左近|明智光秀(闇)|細川忠興(山紫)|長野業正||もののふ|侍|勇猛果敢|戦場の華|根性の絆|泰然自若|流行創出|老練闊達|鬼の絆,,step116_9inen_dedup_max_total,21468,21468,step164_verified_normal9,total_score,21468
step116_9_方円_000030,STEP116_9INEN_DEDUP_MAX_TOTAL_RESULT,step106_9inen_full_780_dedup_by_hero_set_bond_set_max_total,方円,通常,9,細川藤孝(立役)|大内義隆|北条氏邦|出雲阿国(野望)|大祝鶴|魔女ルシア,細川藤孝(立役)|大内義隆|北条氏邦|出雲阿国(野望)|大祝鶴|魔女ルシア,流行創出|多芸多才|神主・巫女|女傑の絆|洒落者の絆|文化人の絆|文明開化|技巧伝承|山紫水明,流行創出|多芸多才|神主・巫女|女傑の絆|洒落者の絆|文化人の絆|文明開化|技巧伝承|山紫水明,13386,2828,227,40,348,443,684,850,893,818,874,ステータス計算済み,step116で9因縁780行を「陣形+配置英傑6人セット+発動因縁セット」で重複除外。同一組内は総合値最大の配置を代表として採用。,STEP116_SELECTED_MAX_TOTAL_FROM_STEP106_RECALCULATED_9INEN,step106で各陣形有効ラインから再計算済みの9因縁行を使用し、重複組では総合値最大の配置を残す,方円||通常||9||出雲阿国(野望)|北条氏邦|大内義隆|大祝鶴|細川藤孝(立役)|魔女ルシア||多芸多才|女傑の絆|山紫水明|技巧伝承|文化人の絆|文明開化|洒落者の絆|流行創出|神主・巫女,,step116_9inen_dedup_max_total,21391,21391,step164_verified_normal9,total_score,21391
step116_9_方円_000031,STEP116_9INEN_DEDUP_MAX_TOTAL_RESULT,step106_9inen_full_780_dedup_by_hero_set_bond_set_max_total,方円,通常,9,小松姫|長野業正|山中鹿之介|島左近|豊臣秀次|明智光秀(闇),小松姫|長野業正|山中鹿之介|島左近|豊臣秀次|明智光秀(闇),侍|根性の絆|もののふ|泰然自若|謀略家|流行創出|戦場の華|老練闊達|勇猛果敢,侍|根性の絆|もののふ|泰然自若|謀略家|流行創出|戦場の華|老練闊達|勇猛果敢,14515,2995,424,311,95,304,279,436,464,489,459,ステータス計算済み,step116で9因縁780行を「陣形+配置英傑6人セット+発動因縁セット」で重複除外。同一組内は総合値最大の配置を代表として採用。,STEP116_SELECTED_MAX_TOTAL_FROM_STEP106_RECALCULATED_9INEN,step106で各陣形有効ラインから再計算済みの9因縁行を使用し、重複組では総合値最大の配置を残す,方円||通常||9||小松姫|山中鹿之介|島左近|明智光秀(闇)|豊臣秀次|長野業正||もののふ|侍|勇猛果敢|戦場の華|根性の絆|泰然自若|流行創出|老練闊達|謀略家,,step116_9inen_dedup_max_total,20771,20771,step164_verified_normal9,total_score,20771
step116_9_方円_000032,STEP116_9INEN_DEDUP_MAX_TOTAL_RESULT,step106_9inen_full_780_dedup_by_hero_set_bond_set_max_total,方円,通常,9,小松姫|長野業正|山県昌景(泰然)|島左近|豊臣秀次|明智光秀(闇),小松姫|長野業正|山県昌景(泰然)|島左近|豊臣秀次|明智光秀(闇),侍|根性の絆|もののふ|泰然自若|謀略家|流行創出|戦場の華|老練闊達|勇猛果敢,侍|根性の絆|もののふ|泰然自若|謀略家|流行創出|戦場の華|老練闊達|勇猛果敢,14462,2975,422,311,95,304,272,444,471,486,465,ステータス計算済み,step116で9因縁780行を「陣形+配置英傑6人セット+発動因縁セット」で重複除外。同一組内は総合値最大の配置を代表として採用。,STEP116_SELECTED_MAX_TOTAL_FROM_STEP106_RECALCULATED_9INEN,step106で各陣形有効ラインから再計算済みの9因縁行を使用し、重複組では総合値最大の配置を残す,方円||通常||9||小松姫|山県昌景(泰然)|島左近|明智光秀(闇)|豊臣秀次|長野業正||もののふ|侍|勇猛果敢|戦場の華|根性の絆|泰然自若|流行創出|老練闊達|謀略家,,step116_9inen_dedup_max_total,20707,20707,step164_verified_normal9,total_score,20707
step116_9_方円_000033,STEP116_9INEN_DEDUP_MAX_TOTAL_RESULT,step106_9inen_full_780_dedup_by_hero_set_bond_set_max_total,方円,通常,9,伊達政宗(起源)|山中鹿之介|島左近|長野業正|明智光秀(闇)|小松姫,伊達政宗(起源)|山中鹿之介|島左近|長野業正|明智光秀(闇)|小松姫,侍|根性の絆|もののふ|泰然自若|戦場の華|老練闊達|勇猛果敢|武芸の絆|意気衝天,侍|根性の絆|もののふ|泰然自若|戦場の華|老練闊達|勇猛果敢|武芸の絆|意気衝天,14439,3655,509,357,205,121,279,231,238,267,244,ステータス計算済み,step116で9因縁780行を「陣形+配置英傑6人セット+発動因縁セット」で重複除外。同一組内は総合値最大の配置を代表として採用。,STEP116_SELECTED_MAX_TOTAL_FROM_STEP106_RECALCULATED_9INEN,step106で各陣形有効ラインから再計算済みの9因縁行を使用し、重複組では総合値最大の配置を残す,方円||通常||9||伊達政宗(起源)|小松姫|山中鹿之介|島左近|明智光秀(闇)|長野業正||もののふ|侍|勇猛果敢|意気衝天|戦場の華|根性の絆|武芸の絆|泰然自若|老練闊達,,step116_9inen_dedup_max_total,20545,20545,step164_verified_normal9,total_score,20545
step116_9_方円_000034,STEP116_9INEN_DEDUP_MAX_TOTAL_RESULT,step106_9inen_full_780_dedup_by_hero_set_bond_set_max_total,方円,通常,9,伊達政宗(起源)|山県昌景(泰然)|島左近|長野業正|明智光秀(闇)|小松姫,伊達政宗(起源)|山県昌景(泰然)|島左近|長野業正|明智光秀(闇)|小松姫,侍|根性の絆|もののふ|泰然自若|戦場の華|老練闊達|勇猛果敢|武芸の絆|意気衝天,侍|根性の絆|もののふ|泰然自若|戦場の華|老練闊達|勇猛果敢|武芸の絆|意気衝天,14359,3561,506,357,201,121,272,238,246,264,249,ステータス計算済み,step116で9因縁780行を「陣形+配置英傑6人セット+発動因縁セット」で重複除外。同一組内は総合値最大の配置を代表として採用。,STEP116_SELECTED_MAX_TOTAL_FROM_STEP106_RECALCULATED_9INEN,step106で各陣形有効ラインから再計算済みの9因縁行を使用し、重複組では総合値最大の配置を残す,方円||通常||9||伊達政宗(起源)|小松姫|山県昌景(泰然)|島左近|明智光秀(闇)|長野業正||もののふ|侍|勇猛果敢|意気衝天|戦場の華|根性の絆|武芸の絆|泰然自若|老練闊達,,step116_9inen_dedup_max_total,20374,20374,step164_verified_normal9,total_score,20374
step116_9_方円_000036,STEP116_9INEN_DEDUP_MAX_TOTAL_RESULT,step106_9inen_full_780_dedup_by_hero_set_bond_set_max_total,方円,通常,9,武田晴信|豊臣秀長|北条氏照(剛柔)|豊臣秀次|細川藤孝(立役)|前田利家,武田晴信|豊臣秀長|北条氏照(剛柔)|豊臣秀次|細川藤孝(立役)|前田利家,知将の絆|立役者|技巧伝承|柔能制剛|文明開化|山紫水明|謀略家|雄材大略|摂理探究,知将の絆|立役者|技巧伝承|柔能制剛|文明開化|山紫水明|謀略家|雄材大略|摂理探究,14832,899,76,0,267,1174,173,705,680,724,679,ステータス計算済み,step116で9因縁780行を「陣形+配置英傑6人セット+発動因縁セット」で重複除外。同一組内は総合値最大の配置を代表として採用。,STEP116_SELECTED_MAX_TOTAL_FROM_STEP106_RECALCULATED_9INEN,step106で各陣形有効ラインから再計算済みの9因縁行を使用し、重複組では総合値最大の配置を残す,方円||通常||9||前田利家|北条氏照(剛柔)|武田晴信|細川藤孝(立役)|豊臣秀次|豊臣秀長||山紫水明|技巧伝承|摂理探究|文明開化|柔能制剛|知将の絆|立役者|謀略家|雄材大略,,step116_9inen_dedup_max_total,20209,20209,step164_verified_normal9,total_score,20209
step116_9_方円_000035,STEP116_9INEN_DEDUP_MAX_TOTAL_RESULT,step106_9inen_full_780_dedup_by_hero_set_bond_set_max_total,方円,通常,9,北条氏照(剛柔)|豊臣秀長|武田晴信|前田利家(雄材)|細川藤孝(立役)|豊臣秀次,北条氏照(剛柔)|豊臣秀長|武田晴信|前田利家(雄材)|細川藤孝(立役)|豊臣秀次,謀略家|雄材大略|摂理探究|文明開化|山紫水明|知将の絆|立役者|技巧伝承|柔能制剛,謀略家|雄材大略|摂理探究|文明開化|山紫水明|知将の絆|立役者|技巧伝承|柔能制剛,14832,899,76,0,267,1174,173,705,680,724,679,ステータス計算済み,step116で9因縁780行を「陣形+配置英傑6人セット+発動因縁セット」で重複除外。同一組内は総合値最大の配置を代表として採用。,STEP116_SELECTED_MAX_TOTAL_FROM_STEP106_RECALCULATED_9INEN,step106で各陣形有効ラインから再計算済みの9因縁行を使用し、重複組では総合値最大の配置を残す,方円||通常||9||前田利家(雄材)|北条氏照(剛柔)|武田晴信|細川藤孝(立役)|豊臣秀次|豊臣秀長||山紫水明|技巧伝承|摂理探究|文明開化|柔能制剛|知将の絆|立役者|謀略家|雄材大略,,step116_9inen_dedup_max_total,20209,20209,step164_verified_normal9,total_score,20209
step116_9_方円_000037,STEP116_9INEN_DEDUP_MAX_TOTAL_RESULT,step106_9inen_full_780_dedup_by_hero_set_bond_set_max_total,方円,通常,9,谷忠澄|柳生宗矩|島左近|出雲阿国(野望)|大祝鶴|魔女ルシア,谷忠澄|柳生宗矩|島左近|出雲阿国(野望)|大祝鶴|魔女ルシア,豪傑|流行創出|神主・巫女|女傑の絆|洒落者の絆|文明開化|技巧伝承|竜飛鳳舞|多芸多才,豪傑|流行創出|神主・巫女|女傑の絆|洒落者の絆|文明開化|技巧伝承|竜飛鳳舞|多芸多才,12761,2985,508,44,222,416,655,535,545,521,585,ステータス計算済み,step116で9因縁780行を「陣形+配置英傑6人セット+発動因縁セット」で重複除外。同一組内は総合値最大の配置を代表として採用。,STEP116_SELECTED_MAX_TOTAL_FROM_STEP106_RECALCULATED_9INEN,step106で各陣形有効ラインから再計算済みの9因縁行を使用し、重複組では総合値最大の配置を残す,方円||通常||9||出雲阿国(野望)|大祝鶴|島左近|柳生宗矩|谷忠澄|魔女ルシア||多芸多才|女傑の絆|技巧伝承|文明開化|洒落者の絆|流行創出|神主・巫女|竜飛鳳舞|豪傑,,step116_9inen_dedup_max_total,19777,19777,step164_verified_normal9,total_score,19777
step116_9_方円_000038,STEP116_9INEN_DEDUP_MAX_TOTAL_RESULT,step106_9inen_full_780_dedup_by_hero_set_bond_set_max_total,方円,通常,9,十河一存|山中鹿之介|島左近|長野業正|明智光秀(闇)|小松姫,十河一存|山中鹿之介|島左近|長野業正|明智光秀(闇)|小松姫,侍|根性の絆|もののふ|泰然自若|戦場の華|老練闊達|勇猛果敢|武芸の絆|意気衝天,侍|根性の絆|もののふ|泰然自若|戦場の華|老練闊達|勇猛果敢|武芸の絆|意気衝天,13961,3406,499,350,189,106,279,231,238,267,244,ステータス計算済み,step116で9因縁780行を「陣形+配置英傑6人セット+発動因縁セット」で重複除外。同一組内は総合値最大の配置を代表として採用。,STEP116_SELECTED_MAX_TOTAL_FROM_STEP106_RECALCULATED_9INEN,step106で各陣形有効ラインから再計算済みの9因縁行を使用し、重複組では総合値最大の配置を残す,方円||通常||9||十河一存|小松姫|山中鹿之介|島左近|明智光秀(闇)|長野業正||もののふ|侍|勇猛果敢|意気衝天|戦場の華|根性の絆|武芸の絆|泰然自若|老練闊達,,step116_9inen_dedup_max_total,19770,19770,step164_verified_normal9,total_score,19770
step116_9_方円_000039,STEP116_9INEN_DEDUP_MAX_TOTAL_RESULT,step106_9inen_full_780_dedup_by_hero_set_bond_set_max_total,方円,通常,9,井伊直政|山中鹿之介|島左近|長野業正|明智光秀(闇)|小松姫,井伊直政|山中鹿之介|島左近|長野業正|明智光秀(闇)|小松姫,侍|根性の絆|もののふ|泰然自若|戦場の華|老練闊達|勇猛果敢|武芸の絆|意気衝天,侍|根性の絆|もののふ|泰然自若|戦場の華|老練闊達|勇猛果敢|武芸の絆|意気衝天,13961,3406,498,351,185,106,279,231,238,267,244,ステータス計算済み,step116で9因縁780行を「陣形+配置英傑6人セット+発動因縁セット」で重複除外。同一組内は総合値最大の配置を代表として採用。,STEP116_SELECTED_MAX_TOTAL_FROM_STEP106_RECALCULATED_9INEN,step106で各陣形有効ラインから再計算済みの9因縁行を使用し、重複組では総合値最大の配置を残す,方円||通常||9||井伊直政|小松姫|山中鹿之介|島左近|明智光秀(闇)|長野業正||もののふ|侍|勇猛果敢|意気衝天|戦場の華|根性の絆|武芸の絆|泰然自若|老練闊達,,step116_9inen_dedup_max_total,19766,19766,step164_verified_normal9,total_score,19766
step116_9_方円_000041,STEP116_9INEN_DEDUP_MAX_TOTAL_RESULT,step106_9inen_full_780_dedup_by_hero_set_bond_set_max_total,方円,通常,9,上杉憲政|豊臣秀長|北条氏照(剛柔)|豊臣秀次|細川藤孝(立役)|前田利家,上杉憲政|豊臣秀長|北条氏照(剛柔)|豊臣秀次|細川藤孝(立役)|前田利家,知将の絆|立役者|技巧伝承|柔能制剛|文明開化|山紫水明|謀略家|雄材大略|摂理探究,知将の絆|立役者|技巧伝承|柔能制剛|文明開化|山紫水明|謀略家|雄材大略|摂理探究,14490,861,79,0,267,1097,173,669,652,695,651,ステータス計算済み,step116で9因縁780行を「陣形+配置英傑6人セット+発動因縁セット」で重複除外。同一組内は総合値最大の配置を代表として採用。,STEP116_SELECTED_MAX_TOTAL_FROM_STEP106_RECALCULATED_9INEN,step106で各陣形有効ラインから再計算済みの9因縁行を使用し、重複組では総合値最大の配置を残す,方円||通常||9||上杉憲政|前田利家|北条氏照(剛柔)|細川藤孝(立役)|豊臣秀次|豊臣秀長||山紫水明|技巧伝承|摂理探究|文明開化|柔能制剛|知将の絆|立役者|謀略家|雄材大略,,step116_9inen_dedup_max_total,19634,19634,step164_verified_normal9,total_score,19634
step116_9_方円_000040,STEP116_9INEN_DEDUP_MAX_TOTAL_RESULT,step106_9inen_full_780_dedup_by_hero_set_bond_set_max_total,方円,通常,9,北条氏照(剛柔)|豊臣秀長|上杉憲政|前田利家(雄材)|細川藤孝(立役)|豊臣秀次,北条氏照(剛柔)|豊臣秀長|上杉憲政|前田利家(雄材)|細川藤孝(立役)|豊臣秀次,謀略家|雄材大略|摂理探究|文明開化|山紫水明|知将の絆|立役者|技巧伝承|柔能制剛,謀略家|雄材大略|摂理探究|文明開化|山紫水明|知将の絆|立役者|技巧伝承|柔能制剛,14490,861,79,0,267,1097,173,669,652,695,651,ステータス計算済み,step116で9因縁780行を「陣形+配置英傑6人セット+発動因縁セット」で重複除外。同一組内は総合値最大の配置を代表として採用。,STEP116_SELECTED_MAX_TOTAL_FROM_STEP106_RECALCULATED_9INEN,step106で各陣形有効ラインから再計算済みの9因縁行を使用し、重複組では総合値最大の配置を残す,方円||通常||9||上杉憲政|前田利家(雄材)|北条氏照(剛柔)|細川藤孝(立役)|豊臣秀次|豊臣秀長||山紫水明|技巧伝承|摂理探究|文明開化|柔能制剛|知将の絆|立役者|謀略家|雄材大略,,step116_9inen_dedup_max_total,19634,19634,step164_verified_normal9,total_score,19634
step116_9_方円_000042,STEP116_9INEN_DEDUP_MAX_TOTAL_RESULT,step106_9inen_full_780_dedup_by_hero_set_bond_set_max_total,方円,通常,9,十河一存|山県昌景(泰然)|島左近|長野業正|明智光秀(闇)|小松姫,十河一存|山県昌景(泰然)|島左近|長野業正|明智光秀(闇)|小松姫,侍|根性の絆|もののふ|泰然自若|戦場の華|老練闊達|勇猛果敢|武芸の絆|意気衝天,侍|根性の絆|もののふ|泰然自若|戦場の華|老練闊達|勇猛果敢|武芸の絆|意気衝天,13882,3313,496,350,185,105,272,238,246,264,249,ステータス計算済み,step116で9因縁780行を「陣形+配置英傑6人セット+発動因縁セット」で重複除外。同一組内は総合値最大の配置を代表として採用。,STEP116_SELECTED_MAX_TOTAL_FROM_STEP106_RECALCULATED_9INEN,step106で各陣形有効ラインから再計算済みの9因縁行を使用し、重複組では総合値最大の配置を残す,方円||通常||9||十河一存|小松姫|山県昌景(泰然)|島左近|明智光秀(闇)|長野業正||もののふ|侍|勇猛果敢|意気衝天|戦場の華|根性の絆|武芸の絆|泰然自若|老練闊達,,step116_9inen_dedup_max_total,19600,19600,step164_verified_normal9,total_score,19600
step116_9_方円_000043,STEP116_9INEN_DEDUP_MAX_TOTAL_RESULT,step106_9inen_full_780_dedup_by_hero_set_bond_set_max_total,方円,通常,9,井伊直政|山県昌景(泰然)|島左近|長野業正|明智光秀(闇)|小松姫,井伊直政|山県昌景(泰然)|島左近|長野業正|明智光秀(闇)|小松姫,侍|根性の絆|もののふ|泰然自若|戦場の華|老練闊達|勇猛果敢|武芸の絆|意気衝天,侍|根性の絆|もののふ|泰然自若|戦場の華|老練闊達|勇猛果敢|武芸の絆|意気衝天,13882,3313,495,351,181,105,272,238,246,264,249,ステータス計算済み,step116で9因縁780行を「陣形+配置英傑6人セット+発動因縁セット」で重複除外。同一組内は総合値最大の配置を代表として採用。,STEP116_SELECTED_MAX_TOTAL_FROM_STEP106_RECALCULATED_9INEN,step106で各陣形有効ラインから再計算済みの9因縁行を使用し、重複組では総合値最大の配置を残す,方円||通常||9||井伊直政|小松姫|山県昌景(泰然)|島左近|明智光秀(闇)|長野業正||もののふ|侍|勇猛果敢|意気衝天|戦場の華|根性の絆|武芸の絆|泰然自若|老練闊達,,step116_9inen_dedup_max_total,19596,19596,step164_verified_normal9,total_score,19596
step116_9_方円_000044,STEP116_9INEN_DEDUP_MAX_TOTAL_RESULT,step106_9inen_full_780_dedup_by_hero_set_bond_set_max_total,方円,通常,9,仙桃院|納涼忍お綾|堀秀政|柳生宗矩|宮本武蔵(涼)|道場娘まり(和装),仙桃院|納涼忍お綾|堀秀政|柳生宗矩|宮本武蔵(涼)|道場娘まり(和装),才腕の絆|文明開化|技巧伝承|多芸多才|侍|剣豪の絆|豪傑|女傑の絆|能鷹隠爪,才腕の絆|文明開化|技巧伝承|多芸多才|侍|剣豪の絆|豪傑|女傑の絆|能鷹隠爪,13904,1403,681,184,605,169,647,403,408,432,465,ステータス計算済み,step116で9因縁780行を「陣形+配置英傑6人セット+発動因縁セット」で重複除外。同一組内は総合値最大の配置を代表として採用。,STEP116_SELECTED_MAX_TOTAL_FROM_STEP106_RECALCULATED_9INEN,step106で各陣形有効ラインから再計算済みの9因縁行を使用し、重複組では総合値最大の配置を残す,方円||通常||9||仙桃院|堀秀政|宮本武蔵(涼)|柳生宗矩|納涼忍お綾|道場娘まり(和装)||侍|剣豪の絆|多芸多才|女傑の絆|才腕の絆|技巧伝承|文明開化|能鷹隠爪|豪傑,,step116_9inen_dedup_max_total,19301,19301,step164_verified_normal9,total_score,19301
step116_9_方円_000045,STEP116_9INEN_DEDUP_MAX_TOTAL_RESULT,step106_9inen_full_780_dedup_by_hero_set_bond_set_max_total,方円,通常,9,井伊直虎|納涼忍お綾|堀秀政|柳生宗矩|宮本武蔵(涼)|道場娘まり(和装),井伊直虎|納涼忍お綾|堀秀政|柳生宗矩|宮本武蔵(涼)|道場娘まり(和装),才腕の絆|文明開化|技巧伝承|多芸多才|侍|剣豪の絆|豪傑|女傑の絆|戦場の華,才腕の絆|文明開化|技巧伝承|多芸多才|侍|剣豪の絆|豪傑|女傑の絆|戦場の華,13928,1403,702,79,605,169,649,403,408,432,465,ステータス計算済み,step116で9因縁780行を「陣形+配置英傑6人セット+発動因縁セット」で重複除外。同一組内は総合値最大の配置を代表として採用。,STEP116_SELECTED_MAX_TOTAL_FROM_STEP106_RECALCULATED_9INEN,step106で各陣形有効ラインから再計算済みの9因縁行を使用し、重複組では総合値最大の配置を残す,方円||通常||9||井伊直虎|堀秀政|宮本武蔵(涼)|柳生宗矩|納涼忍お綾|道場娘まり(和装)||侍|剣豪の絆|多芸多才|女傑の絆|戦場の華|才腕の絆|技巧伝承|文明開化|豪傑,,step116_9inen_dedup_max_total,19243,19243,step164_verified_normal9,total_score,19243
step116_9_方円_000046,STEP116_9INEN_DEDUP_MAX_TOTAL_RESULT,step106_9inen_full_780_dedup_by_hero_set_bond_set_max_total,方円,通常,9,鍋島直茂(乱雲)|北条氏照(剛柔)|金森長近|雑賀孫市(道化)|黒田長政|黒田官兵衛,鍋島直茂(乱雲)|北条氏照(剛柔)|金森長近|雑賀孫市(道化)|黒田長政|黒田官兵衛,文明開化|技巧伝承|知勇兼備|才腕の絆|硝煙弾雨|多芸多才|知将の絆|立役者|柔能制剛,文明開化|技巧伝承|知勇兼備|才腕の絆|硝煙弾雨|多芸多才|知将の絆|立役者|柔能制剛,11606,3272,147,112,633,773,343,556,641,573,552,ステータス計算済み,step116で9因縁780行を「陣形+配置英傑6人セット+発動因縁セット」で重複除外。同一組内は総合値最大の配置を代表として採用。,STEP116_SELECTED_MAX_TOTAL_FROM_STEP106_RECALCULATED_9INEN,step106で各陣形有効ラインから再計算済みの9因縁行を使用し、重複組では総合値最大の配置を残す,方円||通常||9||北条氏照(剛柔)|金森長近|鍋島直茂(乱雲)|雑賀孫市(道化)|黒田官兵衛|黒田長政||多芸多才|才腕の絆|技巧伝承|文明開化|柔能制剛|知勇兼備|知将の絆|硝煙弾雨|立役者,,step116_9inen_dedup_max_total,19208,19208,step164_verified_normal9,total_score,19208
step116_9_方円_000047,STEP116_9INEN_DEDUP_MAX_TOTAL_RESULT,step106_9inen_full_780_dedup_by_hero_set_bond_set_max_total,方円,通常,9,豊臣秀長|北条氏照(剛柔)|金森長近|雑賀孫市(道化)|黒田長政|黒田官兵衛,豊臣秀長|北条氏照(剛柔)|金森長近|雑賀孫市(道化)|黒田長政|黒田官兵衛,文明開化|技巧伝承|知勇兼備|才腕の絆|硝煙弾雨|多芸多才|知将の絆|立役者|柔能制剛,文明開化|技巧伝承|知勇兼備|才腕の絆|硝煙弾雨|多芸多才|知将の絆|立役者|柔能制剛,11393,3272,147,112,631,777,343,562,643,581,554,ステータス計算済み,step116で9因縁780行を「陣形+配置英傑6人セット+発動因縁セット」で重複除外。同一組内は総合値最大の配置を代表として採用。,STEP116_SELECTED_MAX_TOTAL_FROM_STEP106_RECALCULATED_9INEN,step106で各陣形有効ラインから再計算済みの9因縁行を使用し、重複組では総合値最大の配置を残す,方円||通常||9||北条氏照(剛柔)|豊臣秀長|金森長近|雑賀孫市(道化)|黒田官兵衛|黒田長政||多芸多才|才腕の絆|技巧伝承|文明開化|柔能制剛|知勇兼備|知将の絆|硝煙弾雨|立役者,,step116_9inen_dedup_max_total,19015,19015,step164_verified_normal9,total_score,19015
step116_9_方円_000048,STEP116_9INEN_DEDUP_MAX_TOTAL_RESULT,step106_9inen_full_780_dedup_by_hero_set_bond_set_max_total,方円,通常,9,佐竹義重|豊臣秀長|北条氏照(剛柔)|豊臣秀次|百地三太夫(野望)|斎藤道三(巳),佐竹義重|豊臣秀長|北条氏照(剛柔)|豊臣秀次|百地三太夫(野望)|斎藤道三(巳),知将の絆|立役者|技巧伝承|柔能制剛|謀略家|生殺与奪|侍|才腕の絆|知勇兼備,知将の絆|立役者|技巧伝承|柔能制剛|謀略家|生殺与奪|侍|才腕の絆|知勇兼備,13439,1428,148,90,470,950,392,509,499,509,503,ステータス計算済み,step116で9因縁780行を「陣形+配置英傑6人セット+発動因縁セット」で重複除外。同一組内は総合値最大の配置を代表として採用。,STEP116_SELECTED_MAX_TOTAL_FROM_STEP106_RECALCULATED_9INEN,step106で各陣形有効ラインから再計算済みの9因縁行を使用し、重複組では総合値最大の配置を残す,方円||通常||9||佐竹義重|北条氏照(剛柔)|斎藤道三(巳)|百地三太夫(野望)|豊臣秀次|豊臣秀長||侍|才腕の絆|技巧伝承|柔能制剛|生殺与奪|知勇兼備|知将の絆|立役者|謀略家,,step116_9inen_dedup_max_total,18937,18937,step164_verified_normal9,total_score,18937
step116_9_方円_000049,STEP116_9INEN_DEDUP_MAX_TOTAL_RESULT,step106_9inen_full_780_dedup_by_hero_set_bond_set_max_total,方円,通常,9,鍋島直茂(乱雲)|北条氏照(剛柔)|金森長近|雑賀孫市(道化)|大久保忠世|黒田官兵衛,鍋島直茂(乱雲)|北条氏照(剛柔)|金森長近|雑賀孫市(道化)|大久保忠世|黒田官兵衛,文明開化|技巧伝承|知勇兼備|才腕の絆|硝煙弾雨|多芸多才|知将の絆|立役者|柔能制剛,文明開化|技巧伝承|知勇兼備|才腕の絆|硝煙弾雨|多芸多才|知将の絆|立役者|柔能制剛,11367,3232,143,108,628,760,336,524,610,536,523,ステータス計算済み,step116で9因縁780行を「陣形+配置英傑6人セット+発動因縁セット」で重複除外。同一組内は総合値最大の配置を代表として採用。,STEP116_SELECTED_MAX_TOTAL_FROM_STEP106_RECALCULATED_9INEN,step106で各陣形有効ラインから再計算済みの9因縁行を使用し、重複組では総合値最大の配置を残す,方円||通常||9||北条氏照(剛柔)|大久保忠世|金森長近|鍋島直茂(乱雲)|雑賀孫市(道化)|黒田官兵衛||多芸多才|才腕の絆|技巧伝承|文明開化|柔能制剛|知勇兼備|知将の絆|硝煙弾雨|立役者,,step116_9inen_dedup_max_total,18767,18767,step164_verified_normal9,total_score,18767
step116_9_方円_000050,STEP116_9INEN_DEDUP_MAX_TOTAL_RESULT,step106_9inen_full_780_dedup_by_hero_set_bond_set_max_total,方円,通常,9,武田信玄(野望)|納涼忍お綾|堀秀政|柳生宗矩|宮本武蔵(涼)|道場娘まり(和装),武田信玄(野望)|納涼忍お綾|堀秀政|柳生宗矩|宮本武蔵(涼)|道場娘まり(和装),才腕の絆|文明開化|技巧伝承|多芸多才|侍|剣豪の絆|豪傑|戦場の華|能鷹隠爪,才腕の絆|文明開化|技巧伝承|多芸多才|侍|剣豪の絆|豪傑|戦場の華|能鷹隠爪,13504,1403,514,178,605,169,608,403,408,432,465,ステータス計算済み,step116で9因縁780行を「陣形+配置英傑6人セット+発動因縁セット」で重複除外。同一組内は総合値最大の配置を代表として採用。,STEP116_SELECTED_MAX_TOTAL_FROM_STEP106_RECALCULATED_9INEN,step106で各陣形有効ラインから再計算済みの9因縁行を使用し、重複組では総合値最大の配置を残す,方円||通常||9||堀秀政|宮本武蔵(涼)|柳生宗矩|武田信玄(野望)|納涼忍お綾|道場娘まり(和装)||侍|剣豪の絆|多芸多才|戦場の華|才腕の絆|技巧伝承|文明開化|能鷹隠爪|豪傑,,step116_9inen_dedup_max_total,18689,18689,step164_verified_normal9,total_score,18689
step116_9_方円_000051,STEP116_9INEN_DEDUP_MAX_TOTAL_RESULT,step106_9inen_full_780_dedup_by_hero_set_bond_set_max_total,方円,通常,9,豊臣秀長|北条氏照(剛柔)|金森長近|雑賀孫市(道化)|大久保忠世|黒田官兵衛,豊臣秀長|北条氏照(剛柔)|金森長近|雑賀孫市(道化)|大久保忠世|黒田官兵衛,文明開化|技巧伝承|知勇兼備|才腕の絆|硝煙弾雨|多芸多才|知将の絆|立役者|柔能制剛,文明開化|技巧伝承|知勇兼備|才腕の絆|硝煙弾雨|多芸多才|知将の絆|立役者|柔能制剛,11154,3232,143,108,626,764,336,530,612,545,525,ステータス計算済み,step116で9因縁780行を「陣形+配置英傑6人セット+発動因縁セット」で重複除外。同一組内は総合値最大の配置を代表として採用。,STEP116_SELECTED_MAX_TOTAL_FROM_STEP106_RECALCULATED_9INEN,step106で各陣形有効ラインから再計算済みの9因縁行を使用し、重複組では総合値最大の配置を残す,方円||通常||9||北条氏照(剛柔)|大久保忠世|豊臣秀長|金森長近|雑賀孫市(道化)|黒田官兵衛||多芸多才|才腕の絆|技巧伝承|文明開化|柔能制剛|知勇兼備|知将の絆|硝煙弾雨|立役者,,step116_9inen_dedup_max_total,18575,18575,step164_verified_normal9,total_score,18575
step116_9_方円_000052,STEP116_9INEN_DEDUP_MAX_TOTAL_RESULT,step106_9inen_full_780_dedup_by_hero_set_bond_set_max_total,方円,通常,9,仙桃院|納涼忍お綾|堀秀政|柳生宗矩|明智光秀(闇)|井伊直虎,仙桃院|納涼忍お綾|堀秀政|柳生宗矩|明智光秀(闇)|井伊直虎,才腕の絆|文明開化|技巧伝承|多芸多才|豪傑|勇猛果敢|女傑の絆|戦場の華|能鷹隠爪,才腕の絆|文明開化|技巧伝承|多芸多才|豪傑|勇猛果敢|女傑の絆|戦場の華|能鷹隠爪,13564,975,598,159,577,169,801,403,408,432,465,ステータス計算済み,step116で9因縁780行を「陣形+配置英傑6人セット+発動因縁セット」で重複除外。同一組内は総合値最大の配置を代表として採用。,STEP116_SELECTED_MAX_TOTAL_FROM_STEP106_RECALCULATED_9INEN,step106で各陣形有効ラインから再計算済みの9因縁行を使用し、重複組では総合値最大の配置を残す,方円||通常||9||井伊直虎|仙桃院|堀秀政|明智光秀(闇)|柳生宗矩|納涼忍お綾||勇猛果敢|多芸多才|女傑の絆|戦場の華|才腕の絆|技巧伝承|文明開化|能鷹隠爪|豪傑,,step116_9inen_dedup_max_total,18551,18551,step164_verified_normal9,total_score,18551
step116_9_方円_000053,STEP116_9INEN_DEDUP_MAX_TOTAL_RESULT,step106_9inen_full_780_dedup_by_hero_set_bond_set_max_total,方円,通常,9,仙桃院|納涼忍お綾|堀秀政|柳生宗矩|上杉謙信(野望)|井伊直虎,仙桃院|納涼忍お綾|堀秀政|柳生宗矩|上杉謙信(野望)|井伊直虎,才腕の絆|文明開化|技巧伝承|多芸多才|豪傑|勇猛果敢|女傑の絆|戦場の華|能鷹隠爪,才腕の絆|文明開化|技巧伝承|多芸多才|豪傑|勇猛果敢|女傑の絆|戦場の華|能鷹隠爪,13524,975,578,159,579,169,801,403,408,432,465,ステータス計算済み,step116で9因縁780行を「陣形+配置英傑6人セット+発動因縁セット」で重複除外。同一組内は総合値最大の配置を代表として採用。,STEP116_SELECTED_MAX_TOTAL_FROM_STEP106_RECALCULATED_9INEN,step106で各陣形有効ラインから再計算済みの9因縁行を使用し、重複組では総合値最大の配置を残す,方円||通常||9||上杉謙信(野望)|井伊直虎|仙桃院|堀秀政|柳生宗矩|納涼忍お綾||勇猛果敢|多芸多才|女傑の絆|戦場の華|才腕の絆|技巧伝承|文明開化|能鷹隠爪|豪傑,,step116_9inen_dedup_max_total,18493,18493,step164_verified_normal9,total_score,18493
step116_9_方円_000054,STEP116_9INEN_DEDUP_MAX_TOTAL_RESULT,step106_9inen_full_780_dedup_by_hero_set_bond_set_max_total,方円,通常,9,仙桃院|納涼忍お綾|堀秀政|柳生宗矩|原虎胤|井伊直虎,仙桃院|納涼忍お綾|堀秀政|柳生宗矩|原虎胤|井伊直虎,才腕の絆|文明開化|技巧伝承|多芸多才|豪傑|勇猛果敢|女傑の絆|戦場の華|能鷹隠爪,才腕の絆|文明開化|技巧伝承|多芸多才|豪傑|勇猛果敢|女傑の絆|戦場の華|能鷹隠爪,13052,975,528,159,557,169,801,403,408,432,465,ステータス計算済み,step116で9因縁780行を「陣形+配置英傑6人セット+発動因縁セット」で重複除外。同一組内は総合値最大の配置を代表として採用。,STEP116_SELECTED_MAX_TOTAL_FROM_STEP106_RECALCULATED_9INEN,step106で各陣形有効ラインから再計算済みの9因縁行を使用し、重複組では総合値最大の配置を残す,方円||通常||9||井伊直虎|仙桃院|原虎胤|堀秀政|柳生宗矩|納涼忍お綾||勇猛果敢|多芸多才|女傑の絆|戦場の華|才腕の絆|技巧伝承|文明開化|能鷹隠爪|豪傑,,step116_9inen_dedup_max_total,17949,17949,step164_verified_normal9,total_score,17949
step116_9_方円_000055,STEP116_9INEN_DEDUP_MAX_TOTAL_RESULT,step106_9inen_full_780_dedup_by_hero_set_bond_set_max_total,方円,通常,9,谷忠澄|柳生宗矩|宮本武蔵(涼)|道場娘まり(和装)|井伊直虎|魔女ルシア,谷忠澄|柳生宗矩|宮本武蔵(涼)|道場娘まり(和装)|井伊直虎|魔女ルシア,侍|剣豪の絆|豪傑|女傑の絆|戦場の華|文明開化|技巧伝承|竜飛鳳舞|多芸多才,侍|剣豪の絆|豪傑|女傑の絆|戦場の華|文明開化|技巧伝承|竜飛鳳舞|多芸多才,13298,1346,790,72,340,289,652,171,168,161,194,ステータス計算済み,step116で9因縁780行を「陣形+配置英傑6人セット+発動因縁セット」で重複除外。同一組内は総合値最大の配置を代表として採用。,STEP116_SELECTED_MAX_TOTAL_FROM_STEP106_RECALCULATED_9INEN,step106で各陣形有効ラインから再計算済みの9因縁行を使用し、重複組では総合値最大の配置を残す,方円||通常||9||井伊直虎|宮本武蔵(涼)|柳生宗矩|谷忠澄|道場娘まり(和装)|魔女ルシア||侍|剣豪の絆|多芸多才|女傑の絆|戦場の華|技巧伝承|文明開化|竜飛鳳舞|豪傑,,step116_9inen_dedup_max_total,17481,17481,step164_verified_normal9,total_score,17481
step116_9_方円_000021,STEP116_9INEN_DEDUP_MAX_TOTAL_RESULT,step106_9inen_full_780_dedup_by_hero_set_bond_set_max_total,方円,通常,9,長野業正|山中鹿之介|吉川元春|井伊直虎|宮本武蔵(涼)|島左近,長野業正|山中鹿之介|吉川元春|井伊直虎|宮本武蔵(涼)|島左近,猛将の絆|勇猛果敢|意気衝天|軍学の絆|豪傑|侍|根性の絆|もののふ|泰然自若,猛将の絆|勇猛果敢|意気衝天|軍学の絆|豪傑|侍|根性の絆|もののふ|泰然自若,16076,4022,733,374,175,163,224,231,238,267,244,ステータス計算済み,step116で9因縁780行を「陣形+配置英傑6人セット+発動因縁セット」で重複除外。同一組内は総合値最大の配置を代表として採用。,STEP116_SELECTED_MAX_TOTAL_FROM_STEP106_RECALCULATED_9INEN,step106で各陣形有効ラインから再計算済みの9因縁行を使用し、重複組では総合値最大の配置を残す,方円||通常||9||井伊直虎|吉川元春|宮本武蔵(涼)|山中鹿之介|島左近|長野業正||もののふ|侍|勇猛果敢|意気衝天|根性の絆|泰然自若|猛将の絆|豪傑|軍学の絆,,step116_9inen_dedup_max_total,22747,22747,step164_verified_normal9,生命,16076
step116_9_方円_000024,STEP116_9INEN_DEDUP_MAX_TOTAL_RESULT,step106_9inen_full_780_dedup_by_hero_set_bond_set_max_total,方円,通常,9,吉川元春|山中鹿之介|長野業正|島左近|山県昌景|井伊直虎,吉川元春|山中鹿之介|長野業正|島左近|山県昌景|井伊直虎,侍|根性の絆|もののふ|泰然自若|軍学の絆|豪傑|猛将の絆|勇猛果敢|意気衝天,侍|根性の絆|もののふ|泰然自若|軍学の絆|豪傑|猛将の絆|勇猛果敢|意気衝天,15788,4022,710,367,175,158,216,231,238,267,244,ステータス計算済み,step116で9因縁780行を「陣形+配置英傑6人セット+発動因縁セット」で重複除外。同一組内は総合値最大の配置を代表として採用。,STEP116_SELECTED_MAX_TOTAL_FROM_STEP106_RECALCULATED_9INEN,step106で各陣形有効ラインから再計算済みの9因縁行を使用し、重複組では総合値最大の配置を残す,方円||通常||9||井伊直虎|吉川元春|山中鹿之介|山県昌景|島左近|長野業正||もののふ|侍|勇猛果敢|意気衝天|根性の絆|泰然自若|猛将の絆|豪傑|軍学の絆,,step116_9inen_dedup_max_total,22416,22416,step164_verified_normal9,生命,15788
step116_9_方円_000025,STEP116_9INEN_DEDUP_MAX_TOTAL_RESULT,step106_9inen_full_780_dedup_by_hero_set_bond_set_max_total,方円,通常,9,長野業正|山中鹿之介|吉川元春|井伊直虎|柿崎景家|島左近,長野業正|山中鹿之介|吉川元春|井伊直虎|柿崎景家|島左近,猛将の絆|勇猛果敢|意気衝天|軍学の絆|豪傑|侍|根性の絆|もののふ|泰然自若,猛将の絆|勇猛果敢|意気衝天|軍学の絆|豪傑|侍|根性の絆|もののふ|泰然自若,15696,4022,713,366,175,158,216,231,238,267,244,ステータス計算済み,step116で9因縁780行を「陣形+配置英傑6人セット+発動因縁セット」で重複除外。同一組内は総合値最大の配置を代表として採用。,STEP116_SELECTED_MAX_TOTAL_FROM_STEP106_RECALCULATED_9INEN,step106で各陣形有効ラインから再計算済みの9因縁行を使用し、重複組では総合値最大の配置を残す,方円||通常||9||井伊直虎|吉川元春|山中鹿之介|島左近|柿崎景家|長野業正||もののふ|侍|勇猛果敢|意気衝天|根性の絆|泰然自若|猛将の絆|豪傑|軍学の絆,,step116_9inen_dedup_max_total,22326,22326,step164_verified_normal9,生命,15696
step116_9_方円_000023,STEP116_9INEN_DEDUP_MAX_TOTAL_RESULT,step106_9inen_full_780_dedup_by_hero_set_bond_set_max_total,方円,通常,9,酒井忠次(衣鉢)|伊奈忠次|ガラシャ(聖)|斎藤利三(神祇)|毛利隆元|豊臣秀吉,酒井忠次(衣鉢)|伊奈忠次|ガラシャ(聖)|斎藤利三(神祇)|毛利隆元|豊臣秀吉,召喚術の絆|摂理探究|世渡り上手の絆|才腕の絆|謀略家|柔能制剛|技巧伝承|天神地祇|雄材大略,召喚術の絆|摂理探究|世渡り上手の絆|才腕の絆|謀略家|柔能制剛|技巧伝承|天神地祇|雄材大略,15387,3129,37,51,359,664,423,655,664,696,634,ステータス計算済み,step116で9因縁780行を「陣形+配置英傑6人セット+発動因縁セット」で重複除外。同一組内は総合値最大の配置を代表として採用。,STEP116_SELECTED_MAX_TOTAL_FROM_STEP106_RECALCULATED_9INEN,step106で各陣形有効ラインから再計算済みの9因縁行を使用し、重複組では総合値最大の配置を残す,方円||通常||9||ガラシャ(聖)|伊奈忠次|斎藤利三(神祇)|毛利隆元|豊臣秀吉|酒井忠次(衣鉢)||世渡り上手の絆|召喚術の絆|天神地祇|才腕の絆|技巧伝承|摂理探究|柔能制剛|謀略家|雄材大略,,step116_9inen_dedup_max_total,22699,22699,step164_verified_normal9,生命,15387
step116_9_方円_000022,STEP116_9INEN_DEDUP_MAX_TOTAL_RESULT,step106_9inen_full_780_dedup_by_hero_set_bond_set_max_total,方円,通常,9,酒井忠次(通)|伊奈忠次|ガラシャ(聖)|斎藤利三(神祇)|毛利隆元|豊臣秀吉,酒井忠次(通)|伊奈忠次|ガラシャ(聖)|斎藤利三(神祇)|毛利隆元|豊臣秀吉,召喚術の絆|摂理探究|世渡り上手の絆|才腕の絆|謀略家|柔能制剛|技巧伝承|天神地祇|雄材大略,召喚術の絆|摂理探究|世渡り上手の絆|才腕の絆|謀略家|柔能制剛|技巧伝承|天神地祇|雄材大略,15387,3129,37,51,359,664,423,655,664,696,634,ステータス計算済み,step116で9因縁780行を「陣形+配置英傑6人セット+発動因縁セット」で重複除外。同一組内は総合値最大の配置を代表として採用。,STEP116_SELECTED_MAX_TOTAL_FROM_STEP106_RECALCULATED_9INEN,step106で各陣形有効ラインから再計算済みの9因縁行を使用し、重複組では総合値最大の配置を残す,方円||通常||9||ガラシャ(聖)|伊奈忠次|斎藤利三(神祇)|毛利隆元|豊臣秀吉|酒井忠次(通)||世渡り上手の絆|召喚術の絆|天神地祇|才腕の絆|技巧伝承|摂理探究|柔能制剛|謀略家|雄材大略,,step116_9inen_dedup_max_total,22699,22699,step164_verified_normal9,生命,15387
step116_9_方円_000004,STEP116_9INEN_DEDUP_MAX_TOTAL_RESULT,step106_9inen_full_780_dedup_by_hero_set_bond_set_max_total,方円,通常,9,鍋島直茂(乱雲)|武田晴信|高台院|細川藤孝(立役)|今川義元|前田利家,鍋島直茂(乱雲)|武田晴信|高台院|細川藤孝(立役)|今川義元|前田利家,健康第一|老練闊達|質実剛健|文明開化|山紫水明|巧言令色|謀略家|雄材大略|摂理探究,健康第一|老練闊達|質実剛健|文明開化|山紫水明|巧言令色|謀略家|雄材大略|摂理探究,15237,4808,136,206,0,790,344,530,554,546,512,ステータス計算済み,step116で9因縁780行を「陣形+配置英傑6人セット+発動因縁セット」で重複除外。同一組内は総合値最大の配置を代表として採用。,STEP116_SELECTED_MAX_TOTAL_FROM_STEP106_RECALCULATED_9INEN,step106で各陣形有効ラインから再計算済みの9因縁行を使用し、重複組では総合値最大の配置を残す,方円||通常||9||今川義元|前田利家|武田晴信|細川藤孝(立役)|鍋島直茂(乱雲)|高台院||健康第一|山紫水明|巧言令色|摂理探究|文明開化|老練闊達|謀略家|質実剛健|雄材大略,,step116_9inen_dedup_max_total,23663,23663,step164_verified_normal9,生命,15237
step116_9_方円_000003,STEP116_9INEN_DEDUP_MAX_TOTAL_RESULT,step106_9inen_full_780_dedup_by_hero_set_bond_set_max_total,方円,通常,9,今川義元|前田利家(雄材)|鍋島直茂(乱雲)|武田晴信|高台院|細川藤孝(立役),今川義元|前田利家(雄材)|鍋島直茂(乱雲)|武田晴信|高台院|細川藤孝(立役),謀略家|雄材大略|摂理探究|健康第一|老練闊達|質実剛健|文明開化|山紫水明|巧言令色,謀略家|雄材大略|摂理探究|健康第一|老練闊達|質実剛健|文明開化|山紫水明|巧言令色,15237,4808,136,206,0,790,344,530,554,546,512,ステータス計算済み,step116で9因縁780行を「陣形+配置英傑6人セット+発動因縁セット」で重複除外。同一組内は総合値最大の配置を代表として採用。,STEP116_SELECTED_MAX_TOTAL_FROM_STEP106_RECALCULATED_9INEN,step106で各陣形有効ラインから再計算済みの9因縁行を使用し、重複組では総合値最大の配置を残す,方円||通常||9||今川義元|前田利家(雄材)|武田晴信|細川藤孝(立役)|鍋島直茂(乱雲)|高台院||健康第一|山紫水明|巧言令色|摂理探究|文明開化|老練闊達|謀略家|質実剛健|雄材大略,,step116_9inen_dedup_max_total,23663,23663,step164_verified_normal9,生命,15237
step116_9_方円_000002,STEP116_9INEN_DEDUP_MAX_TOTAL_RESULT,step106_9inen_full_780_dedup_by_hero_set_bond_set_max_total,方円,通常,9,鍋島直茂(乱雲)|武田晴信|愛姫(起源)|細川藤孝(立役)|今川義元|前田利家,鍋島直茂(乱雲)|武田晴信|愛姫(起源)|細川藤孝(立役)|今川義元|前田利家,健康第一|老練闊達|質実剛健|文明開化|山紫水明|巧言令色|謀略家|雄材大略|摂理探究,健康第一|老練闊達|質実剛健|文明開化|山紫水明|巧言令色|謀略家|雄材大略|摂理探究,15234,4833,147,210,0,786,344,531,556,551,515,ステータス計算済み,step116で9因縁780行を「陣形+配置英傑6人セット+発動因縁セット」で重複除外。同一組内は総合値最大の配置を代表として採用。,STEP116_SELECTED_MAX_TOTAL_FROM_STEP106_RECALCULATED_9INEN,step106で各陣形有効ラインから再計算済みの9因縁行を使用し、重複組では総合値最大の配置を残す,方円||通常||9||今川義元|前田利家|愛姫(起源)|武田晴信|細川藤孝(立役)|鍋島直茂(乱雲)||健康第一|山紫水明|巧言令色|摂理探究|文明開化|老練闊達|謀略家|質実剛健|雄材大略,,step116_9inen_dedup_max_total,23707,23707,step164_verified_normal9,生命,15234
step116_9_方円_000001,STEP116_9INEN_DEDUP_MAX_TOTAL_RESULT,step106_9inen_full_780_dedup_by_hero_set_bond_set_max_total,方円,通常,9,今川義元|前田利家(雄材)|鍋島直茂(乱雲)|武田晴信|愛姫(起源)|細川藤孝(立役),今川義元|前田利家(雄材)|鍋島直茂(乱雲)|武田晴信|愛姫(起源)|細川藤孝(立役),謀略家|雄材大略|摂理探究|健康第一|老練闊達|質実剛健|文明開化|山紫水明|巧言令色,謀略家|雄材大略|摂理探究|健康第一|老練闊達|質実剛健|文明開化|山紫水明|巧言令色,15234,4833,147,210,0,786,344,531,556,551,515,ステータス計算済み,step116で9因縁780行を「陣形+配置英傑6人セット+発動因縁セット」で重複除外。同一組内は総合値最大の配置を代表として採用。,STEP116_SELECTED_MAX_TOTAL_FROM_STEP106_RECALCULATED_9INEN,step106で各陣形有効ラインから再計算済みの9因縁行を使用し、重複組では総合値最大の配置を残す,方円||通常||9||今川義元|前田利家(雄材)|愛姫(起源)|武田晴信|細川藤孝(立役)|鍋島直茂(乱雲)||健康第一|山紫水明|巧言令色|摂理探究|文明開化|老練闊達|謀略家|質実剛健|雄材大略,,step116_9inen_dedup_max_total,23707,23707,step164_verified_normal9,生命,15234
step116_9_方円_000008,STEP116_9INEN_DEDUP_MAX_TOTAL_RESULT,step106_9inen_full_780_dedup_by_hero_set_bond_set_max_total,方円,通常,9,片倉景綱(右腕)|武田晴信|高台院|細川藤孝(立役)|今川義元|前田利家,片倉景綱(右腕)|武田晴信|高台院|細川藤孝(立役)|今川義元|前田利家,健康第一|老練闊達|質実剛健|文明開化|山紫水明|巧言令色|謀略家|雄材大略|摂理探究,健康第一|老練闊達|質実剛健|文明開化|山紫水明|巧言令色|謀略家|雄材大略|摂理探究,15162,4802,141,206,0,790,344,535,552,559,512,ステータス計算済み,step116で9因縁780行を「陣形+配置英傑6人セット+発動因縁セット」で重複除外。同一組内は総合値最大の配置を代表として採用。,STEP116_SELECTED_MAX_TOTAL_FROM_STEP106_RECALCULATED_9INEN,step106で各陣形有効ラインから再計算済みの9因縁行を使用し、重複組では総合値最大の配置を残す,方円||通常||9||今川義元|前田利家|武田晴信|片倉景綱(右腕)|細川藤孝(立役)|高台院||健康第一|山紫水明|巧言令色|摂理探究|文明開化|老練闊達|謀略家|質実剛健|雄材大略,,step116_9inen_dedup_max_total,23603,23603,step164_verified_normal9,生命,15162
step116_9_方円_000007,STEP116_9INEN_DEDUP_MAX_TOTAL_RESULT,step106_9inen_full_780_dedup_by_hero_set_bond_set_max_total,方円,通常,9,今川義元|前田利家(雄材)|片倉景綱(右腕)|武田晴信|高台院|細川藤孝(立役),今川義元|前田利家(雄材)|片倉景綱(右腕)|武田晴信|高台院|細川藤孝(立役),謀略家|雄材大略|摂理探究|健康第一|老練闊達|質実剛健|文明開化|山紫水明|巧言令色,謀略家|雄材大略|摂理探究|健康第一|老練闊達|質実剛健|文明開化|山紫水明|巧言令色,15162,4802,141,206,0,790,344,535,552,559,512,ステータス計算済み,step116で9因縁780行を「陣形+配置英傑6人セット+発動因縁セット」で重複除外。同一組内は総合値最大の配置を代表として採用。,STEP116_SELECTED_MAX_TOTAL_FROM_STEP106_RECALCULATED_9INEN,step106で各陣形有効ラインから再計算済みの9因縁行を使用し、重複組では総合値最大の配置を残す,方円||通常||9||今川義元|前田利家(雄材)|武田晴信|片倉景綱(右腕)|細川藤孝(立役)|高台院||健康第一|山紫水明|巧言令色|摂理探究|文明開化|老練闊達|謀略家|質実剛健|雄材大略,,step116_9inen_dedup_max_total,23603,23603,step164_verified_normal9,生命,15162
step116_9_方円_000006,STEP116_9INEN_DEDUP_MAX_TOTAL_RESULT,step106_9inen_full_780_dedup_by_hero_set_bond_set_max_total,方円,通常,9,片倉景綱(右腕)|武田晴信|愛姫(起源)|細川藤孝(立役)|今川義元|前田利家,片倉景綱(右腕)|武田晴信|愛姫(起源)|細川藤孝(立役)|今川義元|前田利家,健康第一|老練闊達|質実剛健|文明開化|山紫水明|巧言令色|謀略家|雄材大略|摂理探究,健康第一|老練闊達|質実剛健|文明開化|山紫水明|巧言令色|謀略家|雄材大略|摂理探究,15159,4827,152,210,0,786,344,536,554,564,515,ステータス計算済み,step116で9因縁780行を「陣形+配置英傑6人セット+発動因縁セット」で重複除外。同一組内は総合値最大の配置を代表として採用。,STEP116_SELECTED_MAX_TOTAL_FROM_STEP106_RECALCULATED_9INEN,step106で各陣形有効ラインから再計算済みの9因縁行を使用し、重複組では総合値最大の配置を残す,方円||通常||9||今川義元|前田利家|愛姫(起源)|武田晴信|片倉景綱(右腕)|細川藤孝(立役)||健康第一|山紫水明|巧言令色|摂理探究|文明開化|老練闊達|謀略家|質実剛健|雄材大略,,step116_9inen_dedup_max_total,23647,23647,step164_verified_normal9,生命,15159
step116_9_方円_000005,STEP116_9INEN_DEDUP_MAX_TOTAL_RESULT,step106_9inen_full_780_dedup_by_hero_set_bond_set_max_total,方円,通常,9,今川義元|前田利家(雄材)|片倉景綱(右腕)|武田晴信|愛姫(起源)|細川藤孝(立役),今川義元|前田利家(雄材)|片倉景綱(右腕)|武田晴信|愛姫(起源)|細川藤孝(立役),謀略家|雄材大略|摂理探究|健康第一|老練闊達|質実剛健|文明開化|山紫水明|巧言令色,謀略家|雄材大略|摂理探究|健康第一|老練闊達|質実剛健|文明開化|山紫水明|巧言令色,15159,4827,152,210,0,786,344,536,554,564,515,ステータス計算済み,step116で9因縁780行を「陣形+配置英傑6人セット+発動因縁セット」で重複除外。同一組内は総合値最大の配置を代表として採用。,STEP116_SELECTED_MAX_TOTAL_FROM_STEP106_RECALCULATED_9INEN,step106で各陣形有効ラインから再計算済みの9因縁行を使用し、重複組では総合値最大の配置を残す,方円||通常||9||今川義元|前田利家(雄材)|愛姫(起源)|武田晴信|片倉景綱(右腕)|細川藤孝(立役)||健康第一|山紫水明|巧言令色|摂理探究|文明開化|老練闊達|謀略家|質実剛健|雄材大略,,step116_9inen_dedup_max_total,23647,23647,step164_verified_normal9,生命,15159
step116_9_方円_000012,STEP116_9INEN_DEDUP_MAX_TOTAL_RESULT,step106_9inen_full_780_dedup_by_hero_set_bond_set_max_total,方円,通常,9,豊臣秀長|武田晴信|高台院|細川藤孝(立役)|今川義元|前田利家,豊臣秀長|武田晴信|高台院|細川藤孝(立役)|今川義元|前田利家,健康第一|老練闊達|質実剛健|文明開化|山紫水明|巧言令色|謀略家|雄材大略|摂理探究,健康第一|老練闊達|質実剛健|文明開化|山紫水明|巧言令色|謀略家|雄材大略|摂理探究,15039,4838,132,206,0,795,344,537,557,558,515,ステータス計算済み,step116で9因縁780行を「陣形+配置英傑6人セット+発動因縁セット」で重複除外。同一組内は総合値最大の配置を代表として採用。,STEP116_SELECTED_MAX_TOTAL_FROM_STEP106_RECALCULATED_9INEN,step106で各陣形有効ラインから再計算済みの9因縁行を使用し、重複組では総合値最大の配置を残す,方円||通常||9||今川義元|前田利家|武田晴信|細川藤孝(立役)|豊臣秀長|高台院||健康第一|山紫水明|巧言令色|摂理探究|文明開化|老練闊達|謀略家|質実剛健|雄材大略,,step116_9inen_dedup_max_total,23521,23521,step164_verified_normal9,生命,15039
step116_9_方円_000011,STEP116_9INEN_DEDUP_MAX_TOTAL_RESULT,step106_9inen_full_780_dedup_by_hero_set_bond_set_max_total,方円,通常,9,今川義元|前田利家(雄材)|豊臣秀長|武田晴信|高台院|細川藤孝(立役),今川義元|前田利家(雄材)|豊臣秀長|武田晴信|高台院|細川藤孝(立役),謀略家|雄材大略|摂理探究|健康第一|老練闊達|質実剛健|文明開化|山紫水明|巧言令色,謀略家|雄材大略|摂理探究|健康第一|老練闊達|質実剛健|文明開化|山紫水明|巧言令色,15039,4838,132,206,0,795,344,537,557,558,515,ステータス計算済み,step116で9因縁780行を「陣形+配置英傑6人セット+発動因縁セット」で重複除外。同一組内は総合値最大の配置を代表として採用。,STEP116_SELECTED_MAX_TOTAL_FROM_STEP106_RECALCULATED_9INEN,step106で各陣形有効ラインから再計算済みの9因縁行を使用し、重複組では総合値最大の配置を残す,方円||通常||9||今川義元|前田利家(雄材)|武田晴信|細川藤孝(立役)|豊臣秀長|高台院||健康第一|山紫水明|巧言令色|摂理探究|文明開化|老練闊達|謀略家|質実剛健|雄材大略,,step116_9inen_dedup_max_total,23521,23521,step164_verified_normal9,生命,15039
step116_9_方円_000010,STEP116_9INEN_DEDUP_MAX_TOTAL_RESULT,step106_9inen_full_780_dedup_by_hero_set_bond_set_max_total,方円,通常,9,豊臣秀長|武田晴信|愛姫(起源)|細川藤孝(立役)|今川義元|前田利家,豊臣秀長|武田晴信|愛姫(起源)|細川藤孝(立役)|今川義元|前田利家,健康第一|老練闊達|質実剛健|文明開化|山紫水明|巧言令色|謀略家|雄材大略|摂理探究,健康第一|老練闊達|質実剛健|文明開化|山紫水明|巧言令色|謀略家|雄材大略|摂理探究,15036,4864,143,210,0,790,344,539,559,563,519,ステータス計算済み,step116で9因縁780行を「陣形+配置英傑6人セット+発動因縁セット」で重複除外。同一組内は総合値最大の配置を代表として採用。,STEP116_SELECTED_MAX_TOTAL_FROM_STEP106_RECALCULATED_9INEN,step106で各陣形有効ラインから再計算済みの9因縁行を使用し、重複組では総合値最大の配置を残す,方円||通常||9||今川義元|前田利家|愛姫(起源)|武田晴信|細川藤孝(立役)|豊臣秀長||健康第一|山紫水明|巧言令色|摂理探究|文明開化|老練闊達|謀略家|質実剛健|雄材大略,,step116_9inen_dedup_max_total,23567,23567,step164_verified_normal9,生命,15036
step116_9_方円_000009,STEP116_9INEN_DEDUP_MAX_TOTAL_RESULT,step106_9inen_full_780_dedup_by_hero_set_bond_set_max_total,方円,通常,9,今川義元|前田利家(雄材)|豊臣秀長|武田晴信|愛姫(起源)|細川藤孝(立役),今川義元|前田利家(雄材)|豊臣秀長|武田晴信|愛姫(起源)|細川藤孝(立役),謀略家|雄材大略|摂理探究|健康第一|老練闊達|質実剛健|文明開化|山紫水明|巧言令色,謀略家|雄材大略|摂理探究|健康第一|老練闊達|質実剛健|文明開化|山紫水明|巧言令色,15036,4864,143,210,0,790,344,539,559,563,519,ステータス計算済み,step116で9因縁780行を「陣形+配置英傑6人セット+発動因縁セット」で重複除外。同一組内は総合値最大の配置を代表として採用。,STEP116_SELECTED_MAX_TOTAL_FROM_STEP106_RECALCULATED_9INEN,step106で各陣形有効ラインから再計算済みの9因縁行を使用し、重複組では総合値最大の配置を残す,方円||通常||9||今川義元|前田利家(雄材)|愛姫(起源)|武田晴信|細川藤孝(立役)|豊臣秀長||健康第一|山紫水明|巧言令色|摂理探究|文明開化|老練闊達|謀略家|質実剛健|雄材大略,,step116_9inen_dedup_max_total,23567,23567,step164_verified_normal9,生命,15036
step116_9_方円_000018,STEP116_9INEN_DEDUP_MAX_TOTAL_RESULT,step106_9inen_full_780_dedup_by_hero_set_bond_set_max_total,方円,通常,9,丹羽長秀(風雲)|武田晴信|高台院|細川藤孝(立役)|今川義元|前田利家,丹羽長秀(風雲)|武田晴信|高台院|細川藤孝(立役)|今川義元|前田利家,健康第一|老練闊達|質実剛健|文明開化|山紫水明|巧言令色|謀略家|雄材大略|摂理探究,健康第一|老練闊達|質実剛健|文明開化|山紫水明|巧言令色|謀略家|雄材大略|摂理探究,14976,4813,120,206,0,787,344,520,566,564,498,ステータス計算済み,step116で9因縁780行を「陣形+配置英傑6人セット+発動因縁セット」で重複除外。同一組内は総合値最大の配置を代表として採用。,STEP116_SELECTED_MAX_TOTAL_FROM_STEP106_RECALCULATED_9INEN,step106で各陣形有効ラインから再計算済みの9因縁行を使用し、重複組では総合値最大の配置を残す,方円||通常||9||丹羽長秀(風雲)|今川義元|前田利家|武田晴信|細川藤孝(立役)|高台院||健康第一|山紫水明|巧言令色|摂理探究|文明開化|老練闊達|謀略家|質実剛健|雄材大略,,step116_9inen_dedup_max_total,23394,23394,step164_verified_normal9,生命,14976
step116_9_方円_000017,STEP116_9INEN_DEDUP_MAX_TOTAL_RESULT,step106_9inen_full_780_dedup_by_hero_set_bond_set_max_total,方円,通常,9,今川義元|前田利家(雄材)|丹羽長秀(風雲)|武田晴信|高台院|細川藤孝(立役),今川義元|前田利家(雄材)|丹羽長秀(風雲)|武田晴信|高台院|細川藤孝(立役),謀略家|雄材大略|摂理探究|健康第一|老練闊達|質実剛健|文明開化|山紫水明|巧言令色,謀略家|雄材大略|摂理探究|健康第一|老練闊達|質実剛健|文明開化|山紫水明|巧言令色,14976,4813,120,206,0,787,344,520,566,564,498,ステータス計算済み,step116で9因縁780行を「陣形+配置英傑6人セット+発動因縁セット」で重複除外。同一組内は総合値最大の配置を代表として採用。,STEP116_SELECTED_MAX_TOTAL_FROM_STEP106_RECALCULATED_9INEN,step106で各陣形有効ラインから再計算済みの9因縁行を使用し、重複組では総合値最大の配置を残す,方円||通常||9||丹羽長秀(風雲)|今川義元|前田利家(雄材)|武田晴信|細川藤孝(立役)|高台院||健康第一|山紫水明|巧言令色|摂理探究|文明開化|老練闊達|謀略家|質実剛健|雄材大略,,step116_9inen_dedup_max_total,23394,23394,step164_verified_normal9,生命,14976
step116_9_方円_000014,STEP116_9INEN_DEDUP_MAX_TOTAL_RESULT,step106_9inen_full_780_dedup_by_hero_set_bond_set_max_total,方円,通常,9,丹羽長秀(風雲)|武田晴信|愛姫(起源)|細川藤孝(立役)|今川義元|前田利家,丹羽長秀(風雲)|武田晴信|愛姫(起源)|細川藤孝(立役)|今川義元|前田利家,健康第一|老練闊達|質実剛健|文明開化|山紫水明|巧言令色|謀略家|雄材大略|摂理探究,健康第一|老練闊達|質実剛健|文明開化|山紫水明|巧言令色|謀略家|雄材大略|摂理探究,14973,4838,131,210,0,783,344,521,568,568,501,ステータス計算済み,step116で9因縁780行を「陣形+配置英傑6人セット+発動因縁セット」で重複除外。同一組内は総合値最大の配置を代表として採用。,STEP116_SELECTED_MAX_TOTAL_FROM_STEP106_RECALCULATED_9INEN,step106で各陣形有効ラインから再計算済みの9因縁行を使用し、重複組では総合値最大の配置を残す,方円||通常||9||丹羽長秀(風雲)|今川義元|前田利家|愛姫(起源)|武田晴信|細川藤孝(立役)||健康第一|山紫水明|巧言令色|摂理探究|文明開化|老練闊達|謀略家|質実剛健|雄材大略,,step116_9inen_dedup_max_total,23437,23437,step164_verified_normal9,生命,14973
step116_9_方円_000013,STEP116_9INEN_DEDUP_MAX_TOTAL_RESULT,step106_9inen_full_780_dedup_by_hero_set_bond_set_max_total,方円,通常,9,今川義元|前田利家(雄材)|丹羽長秀(風雲)|武田晴信|愛姫(起源)|細川藤孝(立役),今川義元|前田利家(雄材)|丹羽長秀(風雲)|武田晴信|愛姫(起源)|細川藤孝(立役),謀略家|雄材大略|摂理探究|健康第一|老練闊達|質実剛健|文明開化|山紫水明|巧言令色,謀略家|雄材大略|摂理探究|健康第一|老練闊達|質実剛健|文明開化|山紫水明|巧言令色,14973,4838,131,210,0,783,344,521,568,568,501,ステータス計算済み,step116で9因縁780行を「陣形+配置英傑6人セット+発動因縁セット」で重複除外。同一組内は総合値最大の配置を代表として採用。,STEP116_SELECTED_MAX_TOTAL_FROM_STEP106_RECALCULATED_9INEN,step106で各陣形有効ラインから再計算済みの9因縁行を使用し、重複組では総合値最大の配置を残す,方円||通常||9||丹羽長秀(風雲)|今川義元|前田利家(雄材)|愛姫(起源)|武田晴信|細川藤孝(立役)||健康第一|山紫水明|巧言令色|摂理探究|文明開化|老練闊達|謀略家|質実剛健|雄材大略,,step116_9inen_dedup_max_total,23437,23437,step164_verified_normal9,生命,14973
step116_9_方円_000027,STEP116_9INEN_DEDUP_MAX_TOTAL_RESULT,step106_9inen_full_780_dedup_by_hero_set_bond_set_max_total,方円,通常,9,酒井忠次(衣鉢)|伊奈忠次|サンチョ|斎藤利三(神祇)|毛利隆元|豊臣秀吉,酒井忠次(衣鉢)|伊奈忠次|サンチョ|斎藤利三(神祇)|毛利隆元|豊臣秀吉,召喚術の絆|摂理探究|世渡り上手の絆|才腕の絆|謀略家|柔能制剛|技巧伝承|天神地祇|雄材大略,召喚術の絆|摂理探究|世渡り上手の絆|才腕の絆|謀略家|柔能制剛|技巧伝承|天神地祇|雄材大略,14916,3129,28,40,359,635,423,607,610,631,578,ステータス計算済み,step116で9因縁780行を「陣形+配置英傑6人セット+発動因縁セット」で重複除外。同一組内は総合値最大の配置を代表として採用。,STEP116_SELECTED_MAX_TOTAL_FROM_STEP106_RECALCULATED_9INEN,step106で各陣形有効ラインから再計算済みの9因縁行を使用し、重複組では総合値最大の配置を残す,方円||通常||9||サンチョ|伊奈忠次|斎藤利三(神祇)|毛利隆元|豊臣秀吉|酒井忠次(衣鉢)||世渡り上手の絆|召喚術の絆|天神地祇|才腕の絆|技巧伝承|摂理探究|柔能制剛|謀略家|雄材大略,,step116_9inen_dedup_max_total,21956,21956,step164_verified_normal9,生命,14916
step116_9_方円_000026,STEP116_9INEN_DEDUP_MAX_TOTAL_RESULT,step106_9inen_full_780_dedup_by_hero_set_bond_set_max_total,方円,通常,9,酒井忠次(通)|伊奈忠次|サンチョ|斎藤利三(神祇)|毛利隆元|豊臣秀吉,酒井忠次(通)|伊奈忠次|サンチョ|斎藤利三(神祇)|毛利隆元|豊臣秀吉,召喚術の絆|摂理探究|世渡り上手の絆|才腕の絆|謀略家|柔能制剛|技巧伝承|天神地祇|雄材大略,召喚術の絆|摂理探究|世渡り上手の絆|才腕の絆|謀略家|柔能制剛|技巧伝承|天神地祇|雄材大略,14916,3129,28,40,359,635,423,607,610,631,578,ステータス計算済み,step116で9因縁780行を「陣形+配置英傑6人セット+発動因縁セット」で重複除外。同一組内は総合値最大の配置を代表として採用。,STEP116_SELECTED_MAX_TOTAL_FROM_STEP106_RECALCULATED_9INEN,step106で各陣形有効ラインから再計算済みの9因縁行を使用し、重複組では総合値最大の配置を残す,方円||通常||9||サンチョ|伊奈忠次|斎藤利三(神祇)|毛利隆元|豊臣秀吉|酒井忠次(通)||世渡り上手の絆|召喚術の絆|天神地祇|才腕の絆|技巧伝承|摂理探究|柔能制剛|謀略家|雄材大略,,step116_9inen_dedup_max_total,21956,21956,step164_verified_normal9,生命,14916
step116_9_方円_000028,STEP116_9INEN_DEDUP_MAX_TOTAL_RESULT,step106_9inen_full_780_dedup_by_hero_set_bond_set_max_total,方円,通常,9,小松姫|長野業正|山中鹿之介|島左近|細川忠興(山紫)|明智光秀(闇),小松姫|長野業正|山中鹿之介|島左近|細川忠興(山紫)|明智光秀(闇),侍|根性の絆|もののふ|泰然自若|鬼の絆|流行創出|戦場の華|老練闊達|勇猛果敢,侍|根性の絆|もののふ|泰然自若|鬼の絆|流行創出|戦場の華|老練闊達|勇猛果敢,14897,3081,608,445,95,150,279,463,503,520,491,ステータス計算済み,step116で9因縁780行を「陣形+配置英傑6人セット+発動因縁セット」で重複除外。同一組内は総合値最大の配置を代表として採用。,STEP116_SELECTED_MAX_TOTAL_FROM_STEP106_RECALCULATED_9INEN,step106で各陣形有効ラインから再計算済みの9因縁行を使用し、重複組では総合値最大の配置を残す,方円||通常||9||小松姫|山中鹿之介|島左近|明智光秀(闇)|細川忠興(山紫)|長野業正||もののふ|侍|勇猛果敢|戦場の華|根性の絆|泰然自若|流行創出|老練闊達|鬼の絆,,step116_9inen_dedup_max_total,21532,21532,step164_verified_normal9,生命,14897
step116_9_方円_000029,STEP116_9INEN_DEDUP_MAX_TOTAL_RESULT,step106_9inen_full_780_dedup_by_hero_set_bond_set_max_total,方円,通常,9,小松姫|長野業正|山県昌景(泰然)|島左近|細川忠興(山紫)|明智光秀(闇),小松姫|長野業正|山県昌景(泰然)|島左近|細川忠興(山紫)|明智光秀(闇),侍|根性の絆|もののふ|泰然自若|鬼の絆|流行創出|戦場の華|老練闊達|勇猛果敢,侍|根性の絆|もののふ|泰然自若|鬼の絆|流行創出|戦場の華|老練闊達|勇猛果敢,14844,3061,606,445,95,150,272,470,511,517,497,ステータス計算済み,step116で9因縁780行を「陣形+配置英傑6人セット+発動因縁セット」で重複除外。同一組内は総合値最大の配置を代表として採用。,STEP116_SELECTED_MAX_TOTAL_FROM_STEP106_RECALCULATED_9INEN,step106で各陣形有効ラインから再計算済みの9因縁行を使用し、重複組では総合値最大の配置を残す,方円||通常||9||小松姫|山県昌景(泰然)|島左近|明智光秀(闇)|細川忠興(山紫)|長野業正||もののふ|侍|勇猛果敢|戦場の華|根性の絆|泰然自若|流行創出|老練闊達|鬼の絆,,step116_9inen_dedup_max_total,21468,21468,step164_verified_normal9,生命,14844
step116_9_方円_000036,STEP116_9INEN_DEDUP_MAX_TOTAL_RESULT,step106_9inen_full_780_dedup_by_hero_set_bond_set_max_total,方円,通常,9,武田晴信|豊臣秀長|北条氏照(剛柔)|豊臣秀次|細川藤孝(立役)|前田利家,武田晴信|豊臣秀長|北条氏照(剛柔)|豊臣秀次|細川藤孝(立役)|前田利家,知将の絆|立役者|技巧伝承|柔能制剛|文明開化|山紫水明|謀略家|雄材大略|摂理探究,知将の絆|立役者|技巧伝承|柔能制剛|文明開化|山紫水明|謀略家|雄材大略|摂理探究,14832,899,76,0,267,1174,173,705,680,724,679,ステータス計算済み,step116で9因縁780行を「陣形+配置英傑6人セット+発動因縁セット」で重複除外。同一組内は総合値最大の配置を代表として採用。,STEP116_SELECTED_MAX_TOTAL_FROM_STEP106_RECALCULATED_9INEN,step106で各陣形有効ラインから再計算済みの9因縁行を使用し、重複組では総合値最大の配置を残す,方円||通常||9||前田利家|北条氏照(剛柔)|武田晴信|細川藤孝(立役)|豊臣秀次|豊臣秀長||山紫水明|技巧伝承|摂理探究|文明開化|柔能制剛|知将の絆|立役者|謀略家|雄材大略,,step116_9inen_dedup_max_total,20209,20209,step164_verified_normal9,生命,14832
step116_9_方円_000035,STEP116_9INEN_DEDUP_MAX_TOTAL_RESULT,step106_9inen_full_780_dedup_by_hero_set_bond_set_max_total,方円,通常,9,北条氏照(剛柔)|豊臣秀長|武田晴信|前田利家(雄材)|細川藤孝(立役)|豊臣秀次,北条氏照(剛柔)|豊臣秀長|武田晴信|前田利家(雄材)|細川藤孝(立役)|豊臣秀次,謀略家|雄材大略|摂理探究|文明開化|山紫水明|知将の絆|立役者|技巧伝承|柔能制剛,謀略家|雄材大略|摂理探究|文明開化|山紫水明|知将の絆|立役者|技巧伝承|柔能制剛,14832,899,76,0,267,1174,173,705,680,724,679,ステータス計算済み,step116で9因縁780行を「陣形+配置英傑6人セット+発動因縁セット」で重複除外。同一組内は総合値最大の配置を代表として採用。,STEP116_SELECTED_MAX_TOTAL_FROM_STEP106_RECALCULATED_9INEN,step106で各陣形有効ラインから再計算済みの9因縁行を使用し、重複組では総合値最大の配置を残す,方円||通常||9||前田利家(雄材)|北条氏照(剛柔)|武田晴信|細川藤孝(立役)|豊臣秀次|豊臣秀長||山紫水明|技巧伝承|摂理探究|文明開化|柔能制剛|知将の絆|立役者|謀略家|雄材大略,,step116_9inen_dedup_max_total,20209,20209,step164_verified_normal9,生命,14832
step116_9_方円_000020,STEP116_9INEN_DEDUP_MAX_TOTAL_RESULT,step106_9inen_full_780_dedup_by_hero_set_bond_set_max_total,方円,通常,9,竹中半兵衛(右腕)|武田晴信|高台院|細川藤孝(立役)|今川義元|前田利家,竹中半兵衛(右腕)|武田晴信|高台院|細川藤孝(立役)|今川義元|前田利家,健康第一|老練闊達|質実剛健|文明開化|山紫水明|巧言令色|謀略家|雄材大略|摂理探究,健康第一|老練闊達|質実剛健|文明開化|山紫水明|巧言令色|謀略家|雄材大略|摂理探究,14811,4870,125,206,0,796,344,551,570,568,529,ステータス計算済み,step116で9因縁780行を「陣形+配置英傑6人セット+発動因縁セット」で重複除外。同一組内は総合値最大の配置を代表として採用。,STEP116_SELECTED_MAX_TOTAL_FROM_STEP106_RECALCULATED_9INEN,step106で各陣形有効ラインから再計算済みの9因縁行を使用し、重複組では総合値最大の配置を残す,方円||通常||9||今川義元|前田利家|武田晴信|竹中半兵衛(右腕)|細川藤孝(立役)|高台院||健康第一|山紫水明|巧言令色|摂理探究|文明開化|老練闊達|謀略家|質実剛健|雄材大略,,step116_9inen_dedup_max_total,23370,23370,step164_verified_normal9,生命,14811
step116_9_方円_000019,STEP116_9INEN_DEDUP_MAX_TOTAL_RESULT,step106_9inen_full_780_dedup_by_hero_set_bond_set_max_total,方円,通常,9,今川義元|前田利家(雄材)|竹中半兵衛(右腕)|武田晴信|高台院|細川藤孝(立役),今川義元|前田利家(雄材)|竹中半兵衛(右腕)|武田晴信|高台院|細川藤孝(立役),謀略家|雄材大略|摂理探究|健康第一|老練闊達|質実剛健|文明開化|山紫水明|巧言令色,謀略家|雄材大略|摂理探究|健康第一|老練闊達|質実剛健|文明開化|山紫水明|巧言令色,14811,4870,125,206,0,796,344,551,570,568,529,ステータス計算済み,step116で9因縁780行を「陣形+配置英傑6人セット+発動因縁セット」で重複除外。同一組内は総合値最大の配置を代表として採用。,STEP116_SELECTED_MAX_TOTAL_FROM_STEP106_RECALCULATED_9INEN,step106で各陣形有効ラインから再計算済みの9因縁行を使用し、重複組では総合値最大の配置を残す,方円||通常||9||今川義元|前田利家(雄材)|武田晴信|竹中半兵衛(右腕)|細川藤孝(立役)|高台院||健康第一|山紫水明|巧言令色|摂理探究|文明開化|老練闊達|謀略家|質実剛健|雄材大略,,step116_9inen_dedup_max_total,23370,23370,step164_verified_normal9,生命,14811
step116_9_方円_000016,STEP116_9INEN_DEDUP_MAX_TOTAL_RESULT,step106_9inen_full_780_dedup_by_hero_set_bond_set_max_total,方円,通常,9,竹中半兵衛(右腕)|武田晴信|愛姫(起源)|細川藤孝(立役)|今川義元|前田利家,竹中半兵衛(右腕)|武田晴信|愛姫(起源)|細川藤孝(立役)|今川義元|前田利家,健康第一|老練闊達|質実剛健|文明開化|山紫水明|巧言令色|謀略家|雄材大略|摂理探究,健康第一|老練闊達|質実剛健|文明開化|山紫水明|巧言令色|謀略家|雄材大略|摂理探究,14808,4896,136,210,0,792,344,552,573,573,532,ステータス計算済み,step116で9因縁780行を「陣形+配置英傑6人セット+発動因縁セット」で重複除外。同一組内は総合値最大の配置を代表として採用。,STEP116_SELECTED_MAX_TOTAL_FROM_STEP106_RECALCULATED_9INEN,step106で各陣形有効ラインから再計算済みの9因縁行を使用し、重複組では総合値最大の配置を残す,方円||通常||9||今川義元|前田利家|愛姫(起源)|武田晴信|竹中半兵衛(右腕)|細川藤孝(立役)||健康第一|山紫水明|巧言令色|摂理探究|文明開化|老練闊達|謀略家|質実剛健|雄材大略,,step116_9inen_dedup_max_total,23416,23416,step164_verified_normal9,生命,14808
step116_9_方円_000015,STEP116_9INEN_DEDUP_MAX_TOTAL_RESULT,step106_9inen_full_780_dedup_by_hero_set_bond_set_max_total,方円,通常,9,今川義元|前田利家(雄材)|竹中半兵衛(右腕)|武田晴信|愛姫(起源)|細川藤孝(立役),今川義元|前田利家(雄材)|竹中半兵衛(右腕)|武田晴信|愛姫(起源)|細川藤孝(立役),謀略家|雄材大略|摂理探究|健康第一|老練闊達|質実剛健|文明開化|山紫水明|巧言令色,謀略家|雄材大略|摂理探究|健康第一|老練闊達|質実剛健|文明開化|山紫水明|巧言令色,14808,4896,136,210,0,792,344,552,573,573,532,ステータス計算済み,step116で9因縁780行を「陣形+配置英傑6人セット+発動因縁セット」で重複除外。同一組内は総合値最大の配置を代表として採用。,STEP116_SELECTED_MAX_TOTAL_FROM_STEP106_RECALCULATED_9INEN,step106で各陣形有効ラインから再計算済みの9因縁行を使用し、重複組では総合値最大の配置を残す,方円||通常||9||今川義元|前田利家(雄材)|愛姫(起源)|武田晴信|竹中半兵衛(右腕)|細川藤孝(立役)||健康第一|山紫水明|巧言令色|摂理探究|文明開化|老練闊達|謀略家|質実剛健|雄材大略,,step116_9inen_dedup_max_total,23416,23416,step164_verified_normal9,生命,14808
step116_9_方円_000031,STEP116_9INEN_DEDUP_MAX_TOTAL_RESULT,step106_9inen_full_780_dedup_by_hero_set_bond_set_max_total,方円,通常,9,小松姫|長野業正|山中鹿之介|島左近|豊臣秀次|明智光秀(闇),小松姫|長野業正|山中鹿之介|島左近|豊臣秀次|明智光秀(闇),侍|根性の絆|もののふ|泰然自若|謀略家|流行創出|戦場の華|老練闊達|勇猛果敢,侍|根性の絆|もののふ|泰然自若|謀略家|流行創出|戦場の華|老練闊達|勇猛果敢,14515,2995,424,311,95,304,279,436,464,489,459,ステータス計算済み,step116で9因縁780行を「陣形+配置英傑6人セット+発動因縁セット」で重複除外。同一組内は総合値最大の配置を代表として採用。,STEP116_SELECTED_MAX_TOTAL_FROM_STEP106_RECALCULATED_9INEN,step106で各陣形有効ラインから再計算済みの9因縁行を使用し、重複組では総合値最大の配置を残す,方円||通常||9||小松姫|山中鹿之介|島左近|明智光秀(闇)|豊臣秀次|長野業正||もののふ|侍|勇猛果敢|戦場の華|根性の絆|泰然自若|流行創出|老練闊達|謀略家,,step116_9inen_dedup_max_total,20771,20771,step164_verified_normal9,生命,14515
step116_9_方円_000041,STEP116_9INEN_DEDUP_MAX_TOTAL_RESULT,step106_9inen_full_780_dedup_by_hero_set_bond_set_max_total,方円,通常,9,上杉憲政|豊臣秀長|北条氏照(剛柔)|豊臣秀次|細川藤孝(立役)|前田利家,上杉憲政|豊臣秀長|北条氏照(剛柔)|豊臣秀次|細川藤孝(立役)|前田利家,知将の絆|立役者|技巧伝承|柔能制剛|文明開化|山紫水明|謀略家|雄材大略|摂理探究,知将の絆|立役者|技巧伝承|柔能制剛|文明開化|山紫水明|謀略家|雄材大略|摂理探究,14490,861,79,0,267,1097,173,669,652,695,651,ステータス計算済み,step116で9因縁780行を「陣形+配置英傑6人セット+発動因縁セット」で重複除外。同一組内は総合値最大の配置を代表として採用。,STEP116_SELECTED_MAX_TOTAL_FROM_STEP106_RECALCULATED_9INEN,step106で各陣形有効ラインから再計算済みの9因縁行を使用し、重複組では総合値最大の配置を残す,方円||通常||9||上杉憲政|前田利家|北条氏照(剛柔)|細川藤孝(立役)|豊臣秀次|豊臣秀長||山紫水明|技巧伝承|摂理探究|文明開化|柔能制剛|知将の絆|立役者|謀略家|雄材大略,,step116_9inen_dedup_max_total,19634,19634,step164_verified_normal9,生命,14490
step116_9_方円_000040,STEP116_9INEN_DEDUP_MAX_TOTAL_RESULT,step106_9inen_full_780_dedup_by_hero_set_bond_set_max_total,方円,通常,9,北条氏照(剛柔)|豊臣秀長|上杉憲政|前田利家(雄材)|細川藤孝(立役)|豊臣秀次,北条氏照(剛柔)|豊臣秀長|上杉憲政|前田利家(雄材)|細川藤孝(立役)|豊臣秀次,謀略家|雄材大略|摂理探究|文明開化|山紫水明|知将の絆|立役者|技巧伝承|柔能制剛,謀略家|雄材大略|摂理探究|文明開化|山紫水明|知将の絆|立役者|技巧伝承|柔能制剛,14490,861,79,0,267,1097,173,669,652,695,651,ステータス計算済み,step116で9因縁780行を「陣形+配置英傑6人セット+発動因縁セット」で重複除外。同一組内は総合値最大の配置を代表として採用。,STEP116_SELECTED_MAX_TOTAL_FROM_STEP106_RECALCULATED_9INEN,step106で各陣形有効ラインから再計算済みの9因縁行を使用し、重複組では総合値最大の配置を残す,方円||通常||9||上杉憲政|前田利家(雄材)|北条氏照(剛柔)|細川藤孝(立役)|豊臣秀次|豊臣秀長||山紫水明|技巧伝承|摂理探究|文明開化|柔能制剛|知将の絆|立役者|謀略家|雄材大略,,step116_9inen_dedup_max_total,19634,19634,step164_verified_normal9,生命,14490
step116_9_方円_000032,STEP116_9INEN_DEDUP_MAX_TOTAL_RESULT,step106_9inen_full_780_dedup_by_hero_set_bond_set_max_total,方円,通常,9,小松姫|長野業正|山県昌景(泰然)|島左近|豊臣秀次|明智光秀(闇),小松姫|長野業正|山県昌景(泰然)|島左近|豊臣秀次|明智光秀(闇),侍|根性の絆|もののふ|泰然自若|謀略家|流行創出|戦場の華|老練闊達|勇猛果敢,侍|根性の絆|もののふ|泰然自若|謀略家|流行創出|戦場の華|老練闊達|勇猛果敢,14462,2975,422,311,95,304,272,444,471,486,465,ステータス計算済み,step116で9因縁780行を「陣形+配置英傑6人セット+発動因縁セット」で重複除外。同一組内は総合値最大の配置を代表として採用。,STEP116_SELECTED_MAX_TOTAL_FROM_STEP106_RECALCULATED_9INEN,step106で各陣形有効ラインから再計算済みの9因縁行を使用し、重複組では総合値最大の配置を残す,方円||通常||9||小松姫|山県昌景(泰然)|島左近|明智光秀(闇)|豊臣秀次|長野業正||もののふ|侍|勇猛果敢|戦場の華|根性の絆|泰然自若|流行創出|老練闊達|謀略家,,step116_9inen_dedup_max_total,20707,20707,step164_verified_normal9,生命,14462
step116_9_方円_000033,STEP116_9INEN_DEDUP_MAX_TOTAL_RESULT,step106_9inen_full_780_dedup_by_hero_set_bond_set_max_total,方円,通常,9,伊達政宗(起源)|山中鹿之介|島左近|長野業正|明智光秀(闇)|小松姫,伊達政宗(起源)|山中鹿之介|島左近|長野業正|明智光秀(闇)|小松姫,侍|根性の絆|もののふ|泰然自若|戦場の華|老練闊達|勇猛果敢|武芸の絆|意気衝天,侍|根性の絆|もののふ|泰然自若|戦場の華|老練闊達|勇猛果敢|武芸の絆|意気衝天,14439,3655,509,357,205,121,279,231,238,267,244,ステータス計算済み,step116で9因縁780行を「陣形+配置英傑6人セット+発動因縁セット」で重複除外。同一組内は総合値最大の配置を代表として採用。,STEP116_SELECTED_MAX_TOTAL_FROM_STEP106_RECALCULATED_9INEN,step106で各陣形有効ラインから再計算済みの9因縁行を使用し、重複組では総合値最大の配置を残す,方円||通常||9||伊達政宗(起源)|小松姫|山中鹿之介|島左近|明智光秀(闇)|長野業正||もののふ|侍|勇猛果敢|意気衝天|戦場の華|根性の絆|武芸の絆|泰然自若|老練闊達,,step116_9inen_dedup_max_total,20545,20545,step164_verified_normal9,生命,14439
step116_9_方円_000034,STEP116_9INEN_DEDUP_MAX_TOTAL_RESULT,step106_9inen_full_780_dedup_by_hero_set_bond_set_max_total,方円,通常,9,伊達政宗(起源)|山県昌景(泰然)|島左近|長野業正|明智光秀(闇)|小松姫,伊達政宗(起源)|山県昌景(泰然)|島左近|長野業正|明智光秀(闇)|小松姫,侍|根性の絆|もののふ|泰然自若|戦場の華|老練闊達|勇猛果敢|武芸の絆|意気衝天,侍|根性の絆|もののふ|泰然自若|戦場の華|老練闊達|勇猛果敢|武芸の絆|意気衝天,14359,3561,506,357,201,121,272,238,246,264,249,ステータス計算済み,step116で9因縁780行を「陣形+配置英傑6人セット+発動因縁セット」で重複除外。同一組内は総合値最大の配置を代表として採用。,STEP116_SELECTED_MAX_TOTAL_FROM_STEP106_RECALCULATED_9INEN,step106で各陣形有効ラインから再計算済みの9因縁行を使用し、重複組では総合値最大の配置を残す,方円||通常||9||伊達政宗(起源)|小松姫|山県昌景(泰然)|島左近|明智光秀(闇)|長野業正||もののふ|侍|勇猛果敢|意気衝天|戦場の華|根性の絆|武芸の絆|泰然自若|老練闊達,,step116_9inen_dedup_max_total,20374,20374,step164_verified_normal9,生命,14359
step116_9_方円_000038,STEP116_9INEN_DEDUP_MAX_TOTAL_RESULT,step106_9inen_full_780_dedup_by_hero_set_bond_set_max_total,方円,通常,9,十河一存|山中鹿之介|島左近|長野業正|明智光秀(闇)|小松姫,十河一存|山中鹿之介|島左近|長野業正|明智光秀(闇)|小松姫,侍|根性の絆|もののふ|泰然自若|戦場の華|老練闊達|勇猛果敢|武芸の絆|意気衝天,侍|根性の絆|もののふ|泰然自若|戦場の華|老練闊達|勇猛果敢|武芸の絆|意気衝天,13961,3406,499,350,189,106,279,231,238,267,244,ステータス計算済み,step116で9因縁780行を「陣形+配置英傑6人セット+発動因縁セット」で重複除外。同一組内は総合値最大の配置を代表として採用。,STEP116_SELECTED_MAX_TOTAL_FROM_STEP106_RECALCULATED_9INEN,step106で各陣形有効ラインから再計算済みの9因縁行を使用し、重複組では総合値最大の配置を残す,方円||通常||9||十河一存|小松姫|山中鹿之介|島左近|明智光秀(闇)|長野業正||もののふ|侍|勇猛果敢|意気衝天|戦場の華|根性の絆|武芸の絆|泰然自若|老練闊達,,step116_9inen_dedup_max_total,19770,19770,step164_verified_normal9,生命,13961
step116_9_方円_000039,STEP116_9INEN_DEDUP_MAX_TOTAL_RESULT,step106_9inen_full_780_dedup_by_hero_set_bond_set_max_total,方円,通常,9,井伊直政|山中鹿之介|島左近|長野業正|明智光秀(闇)|小松姫,井伊直政|山中鹿之介|島左近|長野業正|明智光秀(闇)|小松姫,侍|根性の絆|もののふ|泰然自若|戦場の華|老練闊達|勇猛果敢|武芸の絆|意気衝天,侍|根性の絆|もののふ|泰然自若|戦場の華|老練闊達|勇猛果敢|武芸の絆|意気衝天,13961,3406,498,351,185,106,279,231,238,267,244,ステータス計算済み,step116で9因縁780行を「陣形+配置英傑6人セット+発動因縁セット」で重複除外。同一組内は総合値最大の配置を代表として採用。,STEP116_SELECTED_MAX_TOTAL_FROM_STEP106_RECALCULATED_9INEN,step106で各陣形有効ラインから再計算済みの9因縁行を使用し、重複組では総合値最大の配置を残す,方円||通常||9||井伊直政|小松姫|山中鹿之介|島左近|明智光秀(闇)|長野業正||もののふ|侍|勇猛果敢|意気衝天|戦場の華|根性の絆|武芸の絆|泰然自若|老練闊達,,step116_9inen_dedup_max_total,19766,19766,step164_verified_normal9,生命,13961
step116_9_方円_000045,STEP116_9INEN_DEDUP_MAX_TOTAL_RESULT,step106_9inen_full_780_dedup_by_hero_set_bond_set_max_total,方円,通常,9,井伊直虎|納涼忍お綾|堀秀政|柳生宗矩|宮本武蔵(涼)|道場娘まり(和装),井伊直虎|納涼忍お綾|堀秀政|柳生宗矩|宮本武蔵(涼)|道場娘まり(和装),才腕の絆|文明開化|技巧伝承|多芸多才|侍|剣豪の絆|豪傑|女傑の絆|戦場の華,才腕の絆|文明開化|技巧伝承|多芸多才|侍|剣豪の絆|豪傑|女傑の絆|戦場の華,13928,1403,702,79,605,169,649,403,408,432,465,ステータス計算済み,step116で9因縁780行を「陣形+配置英傑6人セット+発動因縁セット」で重複除外。同一組内は総合値最大の配置を代表として採用。,STEP116_SELECTED_MAX_TOTAL_FROM_STEP106_RECALCULATED_9INEN,step106で各陣形有効ラインから再計算済みの9因縁行を使用し、重複組では総合値最大の配置を残す,方円||通常||9||井伊直虎|堀秀政|宮本武蔵(涼)|柳生宗矩|納涼忍お綾|道場娘まり(和装)||侍|剣豪の絆|多芸多才|女傑の絆|戦場の華|才腕の絆|技巧伝承|文明開化|豪傑,,step116_9inen_dedup_max_total,19243,19243,step164_verified_normal9,生命,13928
step116_9_方円_000044,STEP116_9INEN_DEDUP_MAX_TOTAL_RESULT,step106_9inen_full_780_dedup_by_hero_set_bond_set_max_total,方円,通常,9,仙桃院|納涼忍お綾|堀秀政|柳生宗矩|宮本武蔵(涼)|道場娘まり(和装),仙桃院|納涼忍お綾|堀秀政|柳生宗矩|宮本武蔵(涼)|道場娘まり(和装),才腕の絆|文明開化|技巧伝承|多芸多才|侍|剣豪の絆|豪傑|女傑の絆|能鷹隠爪,才腕の絆|文明開化|技巧伝承|多芸多才|侍|剣豪の絆|豪傑|女傑の絆|能鷹隠爪,13904,1403,681,184,605,169,647,403,408,432,465,ステータス計算済み,step116で9因縁780行を「陣形+配置英傑6人セット+発動因縁セット」で重複除外。同一組内は総合値最大の配置を代表として採用。,STEP116_SELECTED_MAX_TOTAL_FROM_STEP106_RECALCULATED_9INEN,step106で各陣形有効ラインから再計算済みの9因縁行を使用し、重複組では総合値最大の配置を残す,方円||通常||9||仙桃院|堀秀政|宮本武蔵(涼)|柳生宗矩|納涼忍お綾|道場娘まり(和装)||侍|剣豪の絆|多芸多才|女傑の絆|才腕の絆|技巧伝承|文明開化|能鷹隠爪|豪傑,,step116_9inen_dedup_max_total,19301,19301,step164_verified_normal9,生命,13904
step116_9_方円_000042,STEP116_9INEN_DEDUP_MAX_TOTAL_RESULT,step106_9inen_full_780_dedup_by_hero_set_bond_set_max_total,方円,通常,9,十河一存|山県昌景(泰然)|島左近|長野業正|明智光秀(闇)|小松姫,十河一存|山県昌景(泰然)|島左近|長野業正|明智光秀(闇)|小松姫,侍|根性の絆|もののふ|泰然自若|戦場の華|老練闊達|勇猛果敢|武芸の絆|意気衝天,侍|根性の絆|もののふ|泰然自若|戦場の華|老練闊達|勇猛果敢|武芸の絆|意気衝天,13882,3313,496,350,185,105,272,238,246,264,249,ステータス計算済み,step116で9因縁780行を「陣形+配置英傑6人セット+発動因縁セット」で重複除外。同一組内は総合値最大の配置を代表として採用。,STEP116_SELECTED_MAX_TOTAL_FROM_STEP106_RECALCULATED_9INEN,step106で各陣形有効ラインから再計算済みの9因縁行を使用し、重複組では総合値最大の配置を残す,方円||通常||9||十河一存|小松姫|山県昌景(泰然)|島左近|明智光秀(闇)|長野業正||もののふ|侍|勇猛果敢|意気衝天|戦場の華|根性の絆|武芸の絆|泰然自若|老練闊達,,step116_9inen_dedup_max_total,19600,19600,step164_verified_normal9,生命,13882
step116_9_方円_000043,STEP116_9INEN_DEDUP_MAX_TOTAL_RESULT,step106_9inen_full_780_dedup_by_hero_set_bond_set_max_total,方円,通常,9,井伊直政|山県昌景(泰然)|島左近|長野業正|明智光秀(闇)|小松姫,井伊直政|山県昌景(泰然)|島左近|長野業正|明智光秀(闇)|小松姫,侍|根性の絆|もののふ|泰然自若|戦場の華|老練闊達|勇猛果敢|武芸の絆|意気衝天,侍|根性の絆|もののふ|泰然自若|戦場の華|老練闊達|勇猛果敢|武芸の絆|意気衝天,13882,3313,495,351,181,105,272,238,246,264,249,ステータス計算済み,step116で9因縁780行を「陣形+配置英傑6人セット+発動因縁セット」で重複除外。同一組内は総合値最大の配置を代表として採用。,STEP116_SELECTED_MAX_TOTAL_FROM_STEP106_RECALCULATED_9INEN,step106で各陣形有効ラインから再計算済みの9因縁行を使用し、重複組では総合値最大の配置を残す,方円||通常||9||井伊直政|小松姫|山県昌景(泰然)|島左近|明智光秀(闇)|長野業正||もののふ|侍|勇猛果敢|意気衝天|戦場の華|根性の絆|武芸の絆|泰然自若|老練闊達,,step116_9inen_dedup_max_total,19596,19596,step164_verified_normal9,生命,13882
step116_9_方円_000052,STEP116_9INEN_DEDUP_MAX_TOTAL_RESULT,step106_9inen_full_780_dedup_by_hero_set_bond_set_max_total,方円,通常,9,仙桃院|納涼忍お綾|堀秀政|柳生宗矩|明智光秀(闇)|井伊直虎,仙桃院|納涼忍お綾|堀秀政|柳生宗矩|明智光秀(闇)|井伊直虎,才腕の絆|文明開化|技巧伝承|多芸多才|豪傑|勇猛果敢|女傑の絆|戦場の華|能鷹隠爪,才腕の絆|文明開化|技巧伝承|多芸多才|豪傑|勇猛果敢|女傑の絆|戦場の華|能鷹隠爪,13564,975,598,159,577,169,801,403,408,432,465,ステータス計算済み,step116で9因縁780行を「陣形+配置英傑6人セット+発動因縁セット」で重複除外。同一組内は総合値最大の配置を代表として採用。,STEP116_SELECTED_MAX_TOTAL_FROM_STEP106_RECALCULATED_9INEN,step106で各陣形有効ラインから再計算済みの9因縁行を使用し、重複組では総合値最大の配置を残す,方円||通常||9||井伊直虎|仙桃院|堀秀政|明智光秀(闇)|柳生宗矩|納涼忍お綾||勇猛果敢|多芸多才|女傑の絆|戦場の華|才腕の絆|技巧伝承|文明開化|能鷹隠爪|豪傑,,step116_9inen_dedup_max_total,18551,18551,step164_verified_normal9,生命,13564
step116_9_方円_000053,STEP116_9INEN_DEDUP_MAX_TOTAL_RESULT,step106_9inen_full_780_dedup_by_hero_set_bond_set_max_total,方円,通常,9,仙桃院|納涼忍お綾|堀秀政|柳生宗矩|上杉謙信(野望)|井伊直虎,仙桃院|納涼忍お綾|堀秀政|柳生宗矩|上杉謙信(野望)|井伊直虎,才腕の絆|文明開化|技巧伝承|多芸多才|豪傑|勇猛果敢|女傑の絆|戦場の華|能鷹隠爪,才腕の絆|文明開化|技巧伝承|多芸多才|豪傑|勇猛果敢|女傑の絆|戦場の華|能鷹隠爪,13524,975,578,159,579,169,801,403,408,432,465,ステータス計算済み,step116で9因縁780行を「陣形+配置英傑6人セット+発動因縁セット」で重複除外。同一組内は総合値最大の配置を代表として採用。,STEP116_SELECTED_MAX_TOTAL_FROM_STEP106_RECALCULATED_9INEN,step106で各陣形有効ラインから再計算済みの9因縁行を使用し、重複組では総合値最大の配置を残す,方円||通常||9||上杉謙信(野望)|井伊直虎|仙桃院|堀秀政|柳生宗矩|納涼忍お綾||勇猛果敢|多芸多才|女傑の絆|戦場の華|才腕の絆|技巧伝承|文明開化|能鷹隠爪|豪傑,,step116_9inen_dedup_max_total,18493,18493,step164_verified_normal9,生命,13524
step116_9_方円_000050,STEP116_9INEN_DEDUP_MAX_TOTAL_RESULT,step106_9inen_full_780_dedup_by_hero_set_bond_set_max_total,方円,通常,9,武田信玄(野望)|納涼忍お綾|堀秀政|柳生宗矩|宮本武蔵(涼)|道場娘まり(和装),武田信玄(野望)|納涼忍お綾|堀秀政|柳生宗矩|宮本武蔵(涼)|道場娘まり(和装),才腕の絆|文明開化|技巧伝承|多芸多才|侍|剣豪の絆|豪傑|戦場の華|能鷹隠爪,才腕の絆|文明開化|技巧伝承|多芸多才|侍|剣豪の絆|豪傑|戦場の華|能鷹隠爪,13504,1403,514,178,605,169,608,403,408,432,465,ステータス計算済み,step116で9因縁780行を「陣形+配置英傑6人セット+発動因縁セット」で重複除外。同一組内は総合値最大の配置を代表として採用。,STEP116_SELECTED_MAX_TOTAL_FROM_STEP106_RECALCULATED_9INEN,step106で各陣形有効ラインから再計算済みの9因縁行を使用し、重複組では総合値最大の配置を残す,方円||通常||9||堀秀政|宮本武蔵(涼)|柳生宗矩|武田信玄(野望)|納涼忍お綾|道場娘まり(和装)||侍|剣豪の絆|多芸多才|戦場の華|才腕の絆|技巧伝承|文明開化|能鷹隠爪|豪傑,,step116_9inen_dedup_max_total,18689,18689,step164_verified_normal9,生命,13504
step116_9_方円_000048,STEP116_9INEN_DEDUP_MAX_TOTAL_RESULT,step106_9inen_full_780_dedup_by_hero_set_bond_set_max_total,方円,通常,9,佐竹義重|豊臣秀長|北条氏照(剛柔)|豊臣秀次|百地三太夫(野望)|斎藤道三(巳),佐竹義重|豊臣秀長|北条氏照(剛柔)|豊臣秀次|百地三太夫(野望)|斎藤道三(巳),知将の絆|立役者|技巧伝承|柔能制剛|謀略家|生殺与奪|侍|才腕の絆|知勇兼備,知将の絆|立役者|技巧伝承|柔能制剛|謀略家|生殺与奪|侍|才腕の絆|知勇兼備,13439,1428,148,90,470,950,392,509,499,509,503,ステータス計算済み,step116で9因縁780行を「陣形+配置英傑6人セット+発動因縁セット」で重複除外。同一組内は総合値最大の配置を代表として採用。,STEP116_SELECTED_MAX_TOTAL_FROM_STEP106_RECALCULATED_9INEN,step106で各陣形有効ラインから再計算済みの9因縁行を使用し、重複組では総合値最大の配置を残す,方円||通常||9||佐竹義重|北条氏照(剛柔)|斎藤道三(巳)|百地三太夫(野望)|豊臣秀次|豊臣秀長||侍|才腕の絆|技巧伝承|柔能制剛|生殺与奪|知勇兼備|知将の絆|立役者|謀略家,,step116_9inen_dedup_max_total,18937,18937,step164_verified_normal9,生命,13439
step116_9_方円_000030,STEP116_9INEN_DEDUP_MAX_TOTAL_RESULT,step106_9inen_full_780_dedup_by_hero_set_bond_set_max_total,方円,通常,9,細川藤孝(立役)|大内義隆|北条氏邦|出雲阿国(野望)|大祝鶴|魔女ルシア,細川藤孝(立役)|大内義隆|北条氏邦|出雲阿国(野望)|大祝鶴|魔女ルシア,流行創出|多芸多才|神主・巫女|女傑の絆|洒落者の絆|文化人の絆|文明開化|技巧伝承|山紫水明,流行創出|多芸多才|神主・巫女|女傑の絆|洒落者の絆|文化人の絆|文明開化|技巧伝承|山紫水明,13386,2828,227,40,348,443,684,850,893,818,874,ステータス計算済み,step116で9因縁780行を「陣形+配置英傑6人セット+発動因縁セット」で重複除外。同一組内は総合値最大の配置を代表として採用。,STEP116_SELECTED_MAX_TOTAL_FROM_STEP106_RECALCULATED_9INEN,step106で各陣形有効ラインから再計算済みの9因縁行を使用し、重複組では総合値最大の配置を残す,方円||通常||9||出雲阿国(野望)|北条氏邦|大内義隆|大祝鶴|細川藤孝(立役)|魔女ルシア||多芸多才|女傑の絆|山紫水明|技巧伝承|文化人の絆|文明開化|洒落者の絆|流行創出|神主・巫女,,step116_9inen_dedup_max_total,21391,21391,step164_verified_normal9,生命,13386
step116_9_方円_000055,STEP116_9INEN_DEDUP_MAX_TOTAL_RESULT,step106_9inen_full_780_dedup_by_hero_set_bond_set_max_total,方円,通常,9,谷忠澄|柳生宗矩|宮本武蔵(涼)|道場娘まり(和装)|井伊直虎|魔女ルシア,谷忠澄|柳生宗矩|宮本武蔵(涼)|道場娘まり(和装)|井伊直虎|魔女ルシア,侍|剣豪の絆|豪傑|女傑の絆|戦場の華|文明開化|技巧伝承|竜飛鳳舞|多芸多才,侍|剣豪の絆|豪傑|女傑の絆|戦場の華|文明開化|技巧伝承|竜飛鳳舞|多芸多才,13298,1346,790,72,340,289,652,171,168,161,194,ステータス計算済み,step116で9因縁780行を「陣形+配置英傑6人セット+発動因縁セット」で重複除外。同一組内は総合値最大の配置を代表として採用。,STEP116_SELECTED_MAX_TOTAL_FROM_STEP106_RECALCULATED_9INEN,step106で各陣形有効ラインから再計算済みの9因縁行を使用し、重複組では総合値最大の配置を残す,方円||通常||9||井伊直虎|宮本武蔵(涼)|柳生宗矩|谷忠澄|道場娘まり(和装)|魔女ルシア||侍|剣豪の絆|多芸多才|女傑の絆|戦場の華|技巧伝承|文明開化|竜飛鳳舞|豪傑,,step116_9inen_dedup_max_total,17481,17481,step164_verified_normal9,生命,13298
step116_9_方円_000054,STEP116_9INEN_DEDUP_MAX_TOTAL_RESULT,step106_9inen_full_780_dedup_by_hero_set_bond_set_max_total,方円,通常,9,仙桃院|納涼忍お綾|堀秀政|柳生宗矩|原虎胤|井伊直虎,仙桃院|納涼忍お綾|堀秀政|柳生宗矩|原虎胤|井伊直虎,才腕の絆|文明開化|技巧伝承|多芸多才|豪傑|勇猛果敢|女傑の絆|戦場の華|能鷹隠爪,才腕の絆|文明開化|技巧伝承|多芸多才|豪傑|勇猛果敢|女傑の絆|戦場の華|能鷹隠爪,13052,975,528,159,557,169,801,403,408,432,465,ステータス計算済み,step116で9因縁780行を「陣形+配置英傑6人セット+発動因縁セット」で重複除外。同一組内は総合値最大の配置を代表として採用。,STEP116_SELECTED_MAX_TOTAL_FROM_STEP106_RECALCULATED_9INEN,step106で各陣形有効ラインから再計算済みの9因縁行を使用し、重複組では総合値最大の配置を残す,方円||通常||9||井伊直虎|仙桃院|原虎胤|堀秀政|柳生宗矩|納涼忍お綾||勇猛果敢|多芸多才|女傑の絆|戦場の華|才腕の絆|技巧伝承|文明開化|能鷹隠爪|豪傑,,step116_9inen_dedup_max_total,17949,17949,step164_verified_normal9,生命,13052
step116_9_方円_000037,STEP116_9INEN_DEDUP_MAX_TOTAL_RESULT,step106_9inen_full_780_dedup_by_hero_set_bond_set_max_total,方円,通常,9,谷忠澄|柳生宗矩|島左近|出雲阿国(野望)|大祝鶴|魔女ルシア,谷忠澄|柳生宗矩|島左近|出雲阿国(野望)|大祝鶴|魔女ルシア,豪傑|流行創出|神主・巫女|女傑の絆|洒落者の絆|文明開化|技巧伝承|竜飛鳳舞|多芸多才,豪傑|流行創出|神主・巫女|女傑の絆|洒落者の絆|文明開化|技巧伝承|竜飛鳳舞|多芸多才,12761,2985,508,44,222,416,655,535,545,521,585,ステータス計算済み,step116で9因縁780行を「陣形+配置英傑6人セット+発動因縁セット」で重複除外。同一組内は総合値最大の配置を代表として採用。,STEP116_SELECTED_MAX_TOTAL_FROM_STEP106_RECALCULATED_9INEN,step106で各陣形有効ラインから再計算済みの9因縁行を使用し、重複組では総合値最大の配置を残す,方円||通常||9||出雲阿国(野望)|大祝鶴|島左近|柳生宗矩|谷忠澄|魔女ルシア||多芸多才|女傑の絆|技巧伝承|文明開化|洒落者の絆|流行創出|神主・巫女|竜飛鳳舞|豪傑,,step116_9inen_dedup_max_total,19777,19777,step164_verified_normal9,生命,12761
step116_9_方円_000046,STEP116_9INEN_DEDUP_MAX_TOTAL_RESULT,step106_9inen_full_780_dedup_by_hero_set_bond_set_max_total,方円,通常,9,鍋島直茂(乱雲)|北条氏照(剛柔)|金森長近|雑賀孫市(道化)|黒田長政|黒田官兵衛,鍋島直茂(乱雲)|北条氏照(剛柔)|金森長近|雑賀孫市(道化)|黒田長政|黒田官兵衛,文明開化|技巧伝承|知勇兼備|才腕の絆|硝煙弾雨|多芸多才|知将の絆|立役者|柔能制剛,文明開化|技巧伝承|知勇兼備|才腕の絆|硝煙弾雨|多芸多才|知将の絆|立役者|柔能制剛,11606,3272,147,112,633,773,343,556,641,573,552,ステータス計算済み,step116で9因縁780行を「陣形+配置英傑6人セット+発動因縁セット」で重複除外。同一組内は総合値最大の配置を代表として採用。,STEP116_SELECTED_MAX_TOTAL_FROM_STEP106_RECALCULATED_9INEN,step106で各陣形有効ラインから再計算済みの9因縁行を使用し、重複組では総合値最大の配置を残す,方円||通常||9||北条氏照(剛柔)|金森長近|鍋島直茂(乱雲)|雑賀孫市(道化)|黒田官兵衛|黒田長政||多芸多才|才腕の絆|技巧伝承|文明開化|柔能制剛|知勇兼備|知将の絆|硝煙弾雨|立役者,,step116_9inen_dedup_max_total,19208,19208,step164_verified_normal9,生命,11606
step116_9_方円_000047,STEP116_9INEN_DEDUP_MAX_TOTAL_RESULT,step106_9inen_full_780_dedup_by_hero_set_bond_set_max_total,方円,通常,9,豊臣秀長|北条氏照(剛柔)|金森長近|雑賀孫市(道化)|黒田長政|黒田官兵衛,豊臣秀長|北条氏照(剛柔)|金森長近|雑賀孫市(道化)|黒田長政|黒田官兵衛,文明開化|技巧伝承|知勇兼備|才腕の絆|硝煙弾雨|多芸多才|知将の絆|立役者|柔能制剛,文明開化|技巧伝承|知勇兼備|才腕の絆|硝煙弾雨|多芸多才|知将の絆|立役者|柔能制剛,11393,3272,147,112,631,777,343,562,643,581,554,ステータス計算済み,step116で9因縁780行を「陣形+配置英傑6人セット+発動因縁セット」で重複除外。同一組内は総合値最大の配置を代表として採用。,STEP116_SELECTED_MAX_TOTAL_FROM_STEP106_RECALCULATED_9INEN,step106で各陣形有効ラインから再計算済みの9因縁行を使用し、重複組では総合値最大の配置を残す,方円||通常||9||北条氏照(剛柔)|豊臣秀長|金森長近|雑賀孫市(道化)|黒田官兵衛|黒田長政||多芸多才|才腕の絆|技巧伝承|文明開化|柔能制剛|知勇兼備|知将の絆|硝煙弾雨|立役者,,step116_9inen_dedup_max_total,19015,19015,step164_verified_normal9,生命,11393
step116_9_方円_000049,STEP116_9INEN_DEDUP_MAX_TOTAL_RESULT,step106_9inen_full_780_dedup_by_hero_set_bond_set_max_total,方円,通常,9,鍋島直茂(乱雲)|北条氏照(剛柔)|金森長近|雑賀孫市(道化)|大久保忠世|黒田官兵衛,鍋島直茂(乱雲)|北条氏照(剛柔)|金森長近|雑賀孫市(道化)|大久保忠世|黒田官兵衛,文明開化|技巧伝承|知勇兼備|才腕の絆|硝煙弾雨|多芸多才|知将の絆|立役者|柔能制剛,文明開化|技巧伝承|知勇兼備|才腕の絆|硝煙弾雨|多芸多才|知将の絆|立役者|柔能制剛,11367,3232,143,108,628,760,336,524,610,536,523,ステータス計算済み,step116で9因縁780行を「陣形+配置英傑6人セット+発動因縁セット」で重複除外。同一組内は総合値最大の配置を代表として採用。,STEP116_SELECTED_MAX_TOTAL_FROM_STEP106_RECALCULATED_9INEN,step106で各陣形有効ラインから再計算済みの9因縁行を使用し、重複組では総合値最大の配置を残す,方円||通常||9||北条氏照(剛柔)|大久保忠世|金森長近|鍋島直茂(乱雲)|雑賀孫市(道化)|黒田官兵衛||多芸多才|才腕の絆|技巧伝承|文明開化|柔能制剛|知勇兼備|知将の絆|硝煙弾雨|立役者,,step116_9inen_dedup_max_total,18767,18767,step164_verified_normal9,生命,11367
step116_9_方円_000051,STEP116_9INEN_DEDUP_MAX_TOTAL_RESULT,step106_9inen_full_780_dedup_by_hero_set_bond_set_max_total,方円,通常,9,豊臣秀長|北条氏照(剛柔)|金森長近|雑賀孫市(道化)|大久保忠世|黒田官兵衛,豊臣秀長|北条氏照(剛柔)|金森長近|雑賀孫市(道化)|大久保忠世|黒田官兵衛,文明開化|技巧伝承|知勇兼備|才腕の絆|硝煙弾雨|多芸多才|知将の絆|立役者|柔能制剛,文明開化|技巧伝承|知勇兼備|才腕の絆|硝煙弾雨|多芸多才|知将の絆|立役者|柔能制剛,11154,3232,143,108,626,764,336,530,612,545,525,ステータス計算済み,step116で9因縁780行を「陣形+配置英傑6人セット+発動因縁セット」で重複除外。同一組内は総合値最大の配置を代表として採用。,STEP116_SELECTED_MAX_TOTAL_FROM_STEP106_RECALCULATED_9INEN,step106で各陣形有効ラインから再計算済みの9因縁行を使用し、重複組では総合値最大の配置を残す,方円||通常||9||北条氏照(剛柔)|大久保忠世|豊臣秀長|金森長近|雑賀孫市(道化)|黒田官兵衛||多芸多才|才腕の絆|技巧伝承|文明開化|柔能制剛|知勇兼備|知将の絆|硝煙弾雨|立役者,,step116_9inen_dedup_max_total,18575,18575,step164_verified_normal9,生命,11154
step116_9_方円_000016,STEP116_9INEN_DEDUP_MAX_TOTAL_RESULT,step106_9inen_full_780_dedup_by_hero_set_bond_set_max_total,方円,通常,9,竹中半兵衛(右腕)|武田晴信|愛姫(起源)|細川藤孝(立役)|今川義元|前田利家,竹中半兵衛(右腕)|武田晴信|愛姫(起源)|細川藤孝(立役)|今川義元|前田利家,健康第一|老練闊達|質実剛健|文明開化|山紫水明|巧言令色|謀略家|雄材大略|摂理探究,健康第一|老練闊達|質実剛健|文明開化|山紫水明|巧言令色|謀略家|雄材大略|摂理探究,14808,4896,136,210,0,792,344,552,573,573,532,ステータス計算済み,step116で9因縁780行を「陣形+配置英傑6人セット+発動因縁セット」で重複除外。同一組内は総合値最大の配置を代表として採用。,STEP116_SELECTED_MAX_TOTAL_FROM_STEP106_RECALCULATED_9INEN,step106で各陣形有効ラインから再計算済みの9因縁行を使用し、重複組では総合値最大の配置を残す,方円||通常||9||今川義元|前田利家|愛姫(起源)|武田晴信|竹中半兵衛(右腕)|細川藤孝(立役)||健康第一|山紫水明|巧言令色|摂理探究|文明開化|老練闊達|謀略家|質実剛健|雄材大略,,step116_9inen_dedup_max_total,23416,23416,step164_verified_normal9,気合,4896
step116_9_方円_000015,STEP116_9INEN_DEDUP_MAX_TOTAL_RESULT,step106_9inen_full_780_dedup_by_hero_set_bond_set_max_total,方円,通常,9,今川義元|前田利家(雄材)|竹中半兵衛(右腕)|武田晴信|愛姫(起源)|細川藤孝(立役),今川義元|前田利家(雄材)|竹中半兵衛(右腕)|武田晴信|愛姫(起源)|細川藤孝(立役),謀略家|雄材大略|摂理探究|健康第一|老練闊達|質実剛健|文明開化|山紫水明|巧言令色,謀略家|雄材大略|摂理探究|健康第一|老練闊達|質実剛健|文明開化|山紫水明|巧言令色,14808,4896,136,210,0,792,344,552,573,573,532,ステータス計算済み,step116で9因縁780行を「陣形+配置英傑6人セット+発動因縁セット」で重複除外。同一組内は総合値最大の配置を代表として採用。,STEP116_SELECTED_MAX_TOTAL_FROM_STEP106_RECALCULATED_9INEN,step106で各陣形有効ラインから再計算済みの9因縁行を使用し、重複組では総合値最大の配置を残す,方円||通常||9||今川義元|前田利家(雄材)|愛姫(起源)|武田晴信|竹中半兵衛(右腕)|細川藤孝(立役)||健康第一|山紫水明|巧言令色|摂理探究|文明開化|老練闊達|謀略家|質実剛健|雄材大略,,step116_9inen_dedup_max_total,23416,23416,step164_verified_normal9,気合,4896
step116_9_方円_000020,STEP116_9INEN_DEDUP_MAX_TOTAL_RESULT,step106_9inen_full_780_dedup_by_hero_set_bond_set_max_total,方円,通常,9,竹中半兵衛(右腕)|武田晴信|高台院|細川藤孝(立役)|今川義元|前田利家,竹中半兵衛(右腕)|武田晴信|高台院|細川藤孝(立役)|今川義元|前田利家,健康第一|老練闊達|質実剛健|文明開化|山紫水明|巧言令色|謀略家|雄材大略|摂理探究,健康第一|老練闊達|質実剛健|文明開化|山紫水明|巧言令色|謀略家|雄材大略|摂理探究,14811,4870,125,206,0,796,344,551,570,568,529,ステータス計算済み,step116で9因縁780行を「陣形+配置英傑6人セット+発動因縁セット」で重複除外。同一組内は総合値最大の配置を代表として採用。,STEP116_SELECTED_MAX_TOTAL_FROM_STEP106_RECALCULATED_9INEN,step106で各陣形有効ラインから再計算済みの9因縁行を使用し、重複組では総合値最大の配置を残す,方円||通常||9||今川義元|前田利家|武田晴信|竹中半兵衛(右腕)|細川藤孝(立役)|高台院||健康第一|山紫水明|巧言令色|摂理探究|文明開化|老練闊達|謀略家|質実剛健|雄材大略,,step116_9inen_dedup_max_total,23370,23370,step164_verified_normal9,気合,4870
step116_9_方円_000019,STEP116_9INEN_DEDUP_MAX_TOTAL_RESULT,step106_9inen_full_780_dedup_by_hero_set_bond_set_max_total,方円,通常,9,今川義元|前田利家(雄材)|竹中半兵衛(右腕)|武田晴信|高台院|細川藤孝(立役),今川義元|前田利家(雄材)|竹中半兵衛(右腕)|武田晴信|高台院|細川藤孝(立役),謀略家|雄材大略|摂理探究|健康第一|老練闊達|質実剛健|文明開化|山紫水明|巧言令色,謀略家|雄材大略|摂理探究|健康第一|老練闊達|質実剛健|文明開化|山紫水明|巧言令色,14811,4870,125,206,0,796,344,551,570,568,529,ステータス計算済み,step116で9因縁780行を「陣形+配置英傑6人セット+発動因縁セット」で重複除外。同一組内は総合値最大の配置を代表として採用。,STEP116_SELECTED_MAX_TOTAL_FROM_STEP106_RECALCULATED_9INEN,step106で各陣形有効ラインから再計算済みの9因縁行を使用し、重複組では総合値最大の配置を残す,方円||通常||9||今川義元|前田利家(雄材)|武田晴信|竹中半兵衛(右腕)|細川藤孝(立役)|高台院||健康第一|山紫水明|巧言令色|摂理探究|文明開化|老練闊達|謀略家|質実剛健|雄材大略,,step116_9inen_dedup_max_total,23370,23370,step164_verified_normal9,気合,4870
step116_9_方円_000010,STEP116_9INEN_DEDUP_MAX_TOTAL_RESULT,step106_9inen_full_780_dedup_by_hero_set_bond_set_max_total,方円,通常,9,豊臣秀長|武田晴信|愛姫(起源)|細川藤孝(立役)|今川義元|前田利家,豊臣秀長|武田晴信|愛姫(起源)|細川藤孝(立役)|今川義元|前田利家,健康第一|老練闊達|質実剛健|文明開化|山紫水明|巧言令色|謀略家|雄材大略|摂理探究,健康第一|老練闊達|質実剛健|文明開化|山紫水明|巧言令色|謀略家|雄材大略|摂理探究,15036,4864,143,210,0,790,344,539,559,563,519,ステータス計算済み,step116で9因縁780行を「陣形+配置英傑6人セット+発動因縁セット」で重複除外。同一組内は総合値最大の配置を代表として採用。,STEP116_SELECTED_MAX_TOTAL_FROM_STEP106_RECALCULATED_9INEN,step106で各陣形有効ラインから再計算済みの9因縁行を使用し、重複組では総合値最大の配置を残す,方円||通常||9||今川義元|前田利家|愛姫(起源)|武田晴信|細川藤孝(立役)|豊臣秀長||健康第一|山紫水明|巧言令色|摂理探究|文明開化|老練闊達|謀略家|質実剛健|雄材大略,,step116_9inen_dedup_max_total,23567,23567,step164_verified_normal9,気合,4864
step116_9_方円_000009,STEP116_9INEN_DEDUP_MAX_TOTAL_RESULT,step106_9inen_full_780_dedup_by_hero_set_bond_set_max_total,方円,通常,9,今川義元|前田利家(雄材)|豊臣秀長|武田晴信|愛姫(起源)|細川藤孝(立役),今川義元|前田利家(雄材)|豊臣秀長|武田晴信|愛姫(起源)|細川藤孝(立役),謀略家|雄材大略|摂理探究|健康第一|老練闊達|質実剛健|文明開化|山紫水明|巧言令色,謀略家|雄材大略|摂理探究|健康第一|老練闊達|質実剛健|文明開化|山紫水明|巧言令色,15036,4864,143,210,0,790,344,539,559,563,519,ステータス計算済み,step116で9因縁780行を「陣形+配置英傑6人セット+発動因縁セット」で重複除外。同一組内は総合値最大の配置を代表として採用。,STEP116_SELECTED_MAX_TOTAL_FROM_STEP106_RECALCULATED_9INEN,step106で各陣形有効ラインから再計算済みの9因縁行を使用し、重複組では総合値最大の配置を残す,方円||通常||9||今川義元|前田利家(雄材)|愛姫(起源)|武田晴信|細川藤孝(立役)|豊臣秀長||健康第一|山紫水明|巧言令色|摂理探究|文明開化|老練闊達|謀略家|質実剛健|雄材大略,,step116_9inen_dedup_max_total,23567,23567,step164_verified_normal9,気合,4864
step116_9_方円_000012,STEP116_9INEN_DEDUP_MAX_TOTAL_RESULT,step106_9inen_full_780_dedup_by_hero_set_bond_set_max_total,方円,通常,9,豊臣秀長|武田晴信|高台院|細川藤孝(立役)|今川義元|前田利家,豊臣秀長|武田晴信|高台院|細川藤孝(立役)|今川義元|前田利家,健康第一|老練闊達|質実剛健|文明開化|山紫水明|巧言令色|謀略家|雄材大略|摂理探究,健康第一|老練闊達|質実剛健|文明開化|山紫水明|巧言令色|謀略家|雄材大略|摂理探究,15039,4838,132,206,0,795,344,537,557,558,515,ステータス計算済み,step116で9因縁780行を「陣形+配置英傑6人セット+発動因縁セット」で重複除外。同一組内は総合値最大の配置を代表として採用。,STEP116_SELECTED_MAX_TOTAL_FROM_STEP106_RECALCULATED_9INEN,step106で各陣形有効ラインから再計算済みの9因縁行を使用し、重複組では総合値最大の配置を残す,方円||通常||9||今川義元|前田利家|武田晴信|細川藤孝(立役)|豊臣秀長|高台院||健康第一|山紫水明|巧言令色|摂理探究|文明開化|老練闊達|謀略家|質実剛健|雄材大略,,step116_9inen_dedup_max_total,23521,23521,step164_verified_normal9,気合,4838
step116_9_方円_000011,STEP116_9INEN_DEDUP_MAX_TOTAL_RESULT,step106_9inen_full_780_dedup_by_hero_set_bond_set_max_total,方円,通常,9,今川義元|前田利家(雄材)|豊臣秀長|武田晴信|高台院|細川藤孝(立役),今川義元|前田利家(雄材)|豊臣秀長|武田晴信|高台院|細川藤孝(立役),謀略家|雄材大略|摂理探究|健康第一|老練闊達|質実剛健|文明開化|山紫水明|巧言令色,謀略家|雄材大略|摂理探究|健康第一|老練闊達|質実剛健|文明開化|山紫水明|巧言令色,15039,4838,132,206,0,795,344,537,557,558,515,ステータス計算済み,step116で9因縁780行を「陣形+配置英傑6人セット+発動因縁セット」で重複除外。同一組内は総合値最大の配置を代表として採用。,STEP116_SELECTED_MAX_TOTAL_FROM_STEP106_RECALCULATED_9INEN,step106で各陣形有効ラインから再計算済みの9因縁行を使用し、重複組では総合値最大の配置を残す,方円||通常||9||今川義元|前田利家(雄材)|武田晴信|細川藤孝(立役)|豊臣秀長|高台院||健康第一|山紫水明|巧言令色|摂理探究|文明開化|老練闊達|謀略家|質実剛健|雄材大略,,step116_9inen_dedup_max_total,23521,23521,step164_verified_normal9,気合,4838
step116_9_方円_000014,STEP116_9INEN_DEDUP_MAX_TOTAL_RESULT,step106_9inen_full_780_dedup_by_hero_set_bond_set_max_total,方円,通常,9,丹羽長秀(風雲)|武田晴信|愛姫(起源)|細川藤孝(立役)|今川義元|前田利家,丹羽長秀(風雲)|武田晴信|愛姫(起源)|細川藤孝(立役)|今川義元|前田利家,健康第一|老練闊達|質実剛健|文明開化|山紫水明|巧言令色|謀略家|雄材大略|摂理探究,健康第一|老練闊達|質実剛健|文明開化|山紫水明|巧言令色|謀略家|雄材大略|摂理探究,14973,4838,131,210,0,783,344,521,568,568,501,ステータス計算済み,step116で9因縁780行を「陣形+配置英傑6人セット+発動因縁セット」で重複除外。同一組内は総合値最大の配置を代表として採用。,STEP116_SELECTED_MAX_TOTAL_FROM_STEP106_RECALCULATED_9INEN,step106で各陣形有効ラインから再計算済みの9因縁行を使用し、重複組では総合値最大の配置を残す,方円||通常||9||丹羽長秀(風雲)|今川義元|前田利家|愛姫(起源)|武田晴信|細川藤孝(立役)||健康第一|山紫水明|巧言令色|摂理探究|文明開化|老練闊達|謀略家|質実剛健|雄材大略,,step116_9inen_dedup_max_total,23437,23437,step164_verified_normal9,気合,4838
step116_9_方円_000013,STEP116_9INEN_DEDUP_MAX_TOTAL_RESULT,step106_9inen_full_780_dedup_by_hero_set_bond_set_max_total,方円,通常,9,今川義元|前田利家(雄材)|丹羽長秀(風雲)|武田晴信|愛姫(起源)|細川藤孝(立役),今川義元|前田利家(雄材)|丹羽長秀(風雲)|武田晴信|愛姫(起源)|細川藤孝(立役),謀略家|雄材大略|摂理探究|健康第一|老練闊達|質実剛健|文明開化|山紫水明|巧言令色,謀略家|雄材大略|摂理探究|健康第一|老練闊達|質実剛健|文明開化|山紫水明|巧言令色,14973,4838,131,210,0,783,344,521,568,568,501,ステータス計算済み,step116で9因縁780行を「陣形+配置英傑6人セット+発動因縁セット」で重複除外。同一組内は総合値最大の配置を代表として採用。,STEP116_SELECTED_MAX_TOTAL_FROM_STEP106_RECALCULATED_9INEN,step106で各陣形有効ラインから再計算済みの9因縁行を使用し、重複組では総合値最大の配置を残す,方円||通常||9||丹羽長秀(風雲)|今川義元|前田利家(雄材)|愛姫(起源)|武田晴信|細川藤孝(立役)||健康第一|山紫水明|巧言令色|摂理探究|文明開化|老練闊達|謀略家|質実剛健|雄材大略,,step116_9inen_dedup_max_total,23437,23437,step164_verified_normal9,気合,4838
step116_9_方円_000002,STEP116_9INEN_DEDUP_MAX_TOTAL_RESULT,step106_9inen_full_780_dedup_by_hero_set_bond_set_max_total,方円,通常,9,鍋島直茂(乱雲)|武田晴信|愛姫(起源)|細川藤孝(立役)|今川義元|前田利家,鍋島直茂(乱雲)|武田晴信|愛姫(起源)|細川藤孝(立役)|今川義元|前田利家,健康第一|老練闊達|質実剛健|文明開化|山紫水明|巧言令色|謀略家|雄材大略|摂理探究,健康第一|老練闊達|質実剛健|文明開化|山紫水明|巧言令色|謀略家|雄材大略|摂理探究,15234,4833,147,210,0,786,344,531,556,551,515,ステータス計算済み,step116で9因縁780行を「陣形+配置英傑6人セット+発動因縁セット」で重複除外。同一組内は総合値最大の配置を代表として採用。,STEP116_SELECTED_MAX_TOTAL_FROM_STEP106_RECALCULATED_9INEN,step106で各陣形有効ラインから再計算済みの9因縁行を使用し、重複組では総合値最大の配置を残す,方円||通常||9||今川義元|前田利家|愛姫(起源)|武田晴信|細川藤孝(立役)|鍋島直茂(乱雲)||健康第一|山紫水明|巧言令色|摂理探究|文明開化|老練闊達|謀略家|質実剛健|雄材大略,,step116_9inen_dedup_max_total,23707,23707,step164_verified_normal9,気合,4833
step116_9_方円_000001,STEP116_9INEN_DEDUP_MAX_TOTAL_RESULT,step106_9inen_full_780_dedup_by_hero_set_bond_set_max_total,方円,通常,9,今川義元|前田利家(雄材)|鍋島直茂(乱雲)|武田晴信|愛姫(起源)|細川藤孝(立役),今川義元|前田利家(雄材)|鍋島直茂(乱雲)|武田晴信|愛姫(起源)|細川藤孝(立役),謀略家|雄材大略|摂理探究|健康第一|老練闊達|質実剛健|文明開化|山紫水明|巧言令色,謀略家|雄材大略|摂理探究|健康第一|老練闊達|質実剛健|文明開化|山紫水明|巧言令色,15234,4833,147,210,0,786,344,531,556,551,515,ステータス計算済み,step116で9因縁780行を「陣形+配置英傑6人セット+発動因縁セット」で重複除外。同一組内は総合値最大の配置を代表として採用。,STEP116_SELECTED_MAX_TOTAL_FROM_STEP106_RECALCULATED_9INEN,step106で各陣形有効ラインから再計算済みの9因縁行を使用し、重複組では総合値最大の配置を残す,方円||通常||9||今川義元|前田利家(雄材)|愛姫(起源)|武田晴信|細川藤孝(立役)|鍋島直茂(乱雲)||健康第一|山紫水明|巧言令色|摂理探究|文明開化|老練闊達|謀略家|質実剛健|雄材大略,,step116_9inen_dedup_max_total,23707,23707,step164_verified_normal9,気合,4833
step116_9_方円_000006,STEP116_9INEN_DEDUP_MAX_TOTAL_RESULT,step106_9inen_full_780_dedup_by_hero_set_bond_set_max_total,方円,通常,9,片倉景綱(右腕)|武田晴信|愛姫(起源)|細川藤孝(立役)|今川義元|前田利家,片倉景綱(右腕)|武田晴信|愛姫(起源)|細川藤孝(立役)|今川義元|前田利家,健康第一|老練闊達|質実剛健|文明開化|山紫水明|巧言令色|謀略家|雄材大略|摂理探究,健康第一|老練闊達|質実剛健|文明開化|山紫水明|巧言令色|謀略家|雄材大略|摂理探究,15159,4827,152,210,0,786,344,536,554,564,515,ステータス計算済み,step116で9因縁780行を「陣形+配置英傑6人セット+発動因縁セット」で重複除外。同一組内は総合値最大の配置を代表として採用。,STEP116_SELECTED_MAX_TOTAL_FROM_STEP106_RECALCULATED_9INEN,step106で各陣形有効ラインから再計算済みの9因縁行を使用し、重複組では総合値最大の配置を残す,方円||通常||9||今川義元|前田利家|愛姫(起源)|武田晴信|片倉景綱(右腕)|細川藤孝(立役)||健康第一|山紫水明|巧言令色|摂理探究|文明開化|老練闊達|謀略家|質実剛健|雄材大略,,step116_9inen_dedup_max_total,23647,23647,step164_verified_normal9,気合,4827
step116_9_方円_000005,STEP116_9INEN_DEDUP_MAX_TOTAL_RESULT,step106_9inen_full_780_dedup_by_hero_set_bond_set_max_total,方円,通常,9,今川義元|前田利家(雄材)|片倉景綱(右腕)|武田晴信|愛姫(起源)|細川藤孝(立役),今川義元|前田利家(雄材)|片倉景綱(右腕)|武田晴信|愛姫(起源)|細川藤孝(立役),謀略家|雄材大略|摂理探究|健康第一|老練闊達|質実剛健|文明開化|山紫水明|巧言令色,謀略家|雄材大略|摂理探究|健康第一|老練闊達|質実剛健|文明開化|山紫水明|巧言令色,15159,4827,152,210,0,786,344,536,554,564,515,ステータス計算済み,step116で9因縁780行を「陣形+配置英傑6人セット+発動因縁セット」で重複除外。同一組内は総合値最大の配置を代表として採用。,STEP116_SELECTED_MAX_TOTAL_FROM_STEP106_RECALCULATED_9INEN,step106で各陣形有効ラインから再計算済みの9因縁行を使用し、重複組では総合値最大の配置を残す,方円||通常||9||今川義元|前田利家(雄材)|愛姫(起源)|武田晴信|片倉景綱(右腕)|細川藤孝(立役)||健康第一|山紫水明|巧言令色|摂理探究|文明開化|老練闊達|謀略家|質実剛健|雄材大略,,step116_9inen_dedup_max_total,23647,23647,step164_verified_normal9,気合,4827
step116_9_方円_000018,STEP116_9INEN_DEDUP_MAX_TOTAL_RESULT,step106_9inen_full_780_dedup_by_hero_set_bond_set_max_total,方円,通常,9,丹羽長秀(風雲)|武田晴信|高台院|細川藤孝(立役)|今川義元|前田利家,丹羽長秀(風雲)|武田晴信|高台院|細川藤孝(立役)|今川義元|前田利家,健康第一|老練闊達|質実剛健|文明開化|山紫水明|巧言令色|謀略家|雄材大略|摂理探究,健康第一|老練闊達|質実剛健|文明開化|山紫水明|巧言令色|謀略家|雄材大略|摂理探究,14976,4813,120,206,0,787,344,520,566,564,498,ステータス計算済み,step116で9因縁780行を「陣形+配置英傑6人セット+発動因縁セット」で重複除外。同一組内は総合値最大の配置を代表として採用。,STEP116_SELECTED_MAX_TOTAL_FROM_STEP106_RECALCULATED_9INEN,step106で各陣形有効ラインから再計算済みの9因縁行を使用し、重複組では総合値最大の配置を残す,方円||通常||9||丹羽長秀(風雲)|今川義元|前田利家|武田晴信|細川藤孝(立役)|高台院||健康第一|山紫水明|巧言令色|摂理探究|文明開化|老練闊達|謀略家|質実剛健|雄材大略,,step116_9inen_dedup_max_total,23394,23394,step164_verified_normal9,気合,4813
step116_9_方円_000017,STEP116_9INEN_DEDUP_MAX_TOTAL_RESULT,step106_9inen_full_780_dedup_by_hero_set_bond_set_max_total,方円,通常,9,今川義元|前田利家(雄材)|丹羽長秀(風雲)|武田晴信|高台院|細川藤孝(立役),今川義元|前田利家(雄材)|丹羽長秀(風雲)|武田晴信|高台院|細川藤孝(立役),謀略家|雄材大略|摂理探究|健康第一|老練闊達|質実剛健|文明開化|山紫水明|巧言令色,謀略家|雄材大略|摂理探究|健康第一|老練闊達|質実剛健|文明開化|山紫水明|巧言令色,14976,4813,120,206,0,787,344,520,566,564,498,ステータス計算済み,step116で9因縁780行を「陣形+配置英傑6人セット+発動因縁セット」で重複除外。同一組内は総合値最大の配置を代表として採用。,STEP116_SELECTED_MAX_TOTAL_FROM_STEP106_RECALCULATED_9INEN,step106で各陣形有効ラインから再計算済みの9因縁行を使用し、重複組では総合値最大の配置を残す,方円||通常||9||丹羽長秀(風雲)|今川義元|前田利家(雄材)|武田晴信|細川藤孝(立役)|高台院||健康第一|山紫水明|巧言令色|摂理探究|文明開化|老練闊達|謀略家|質実剛健|雄材大略,,step116_9inen_dedup_max_total,23394,23394,step164_verified_normal9,気合,4813
step116_9_方円_000004,STEP116_9INEN_DEDUP_MAX_TOTAL_RESULT,step106_9inen_full_780_dedup_by_hero_set_bond_set_max_total,方円,通常,9,鍋島直茂(乱雲)|武田晴信|高台院|細川藤孝(立役)|今川義元|前田利家,鍋島直茂(乱雲)|武田晴信|高台院|細川藤孝(立役)|今川義元|前田利家,健康第一|老練闊達|質実剛健|文明開化|山紫水明|巧言令色|謀略家|雄材大略|摂理探究,健康第一|老練闊達|質実剛健|文明開化|山紫水明|巧言令色|謀略家|雄材大略|摂理探究,15237,4808,136,206,0,790,344,530,554,546,512,ステータス計算済み,step116で9因縁780行を「陣形+配置英傑6人セット+発動因縁セット」で重複除外。同一組内は総合値最大の配置を代表として採用。,STEP116_SELECTED_MAX_TOTAL_FROM_STEP106_RECALCULATED_9INEN,step106で各陣形有効ラインから再計算済みの9因縁行を使用し、重複組では総合値最大の配置を残す,方円||通常||9||今川義元|前田利家|武田晴信|細川藤孝(立役)|鍋島直茂(乱雲)|高台院||健康第一|山紫水明|巧言令色|摂理探究|文明開化|老練闊達|謀略家|質実剛健|雄材大略,,step116_9inen_dedup_max_total,23663,23663,step164_verified_normal9,気合,4808
step116_9_方円_000003,STEP116_9INEN_DEDUP_MAX_TOTAL_RESULT,step106_9inen_full_780_dedup_by_hero_set_bond_set_max_total,方円,通常,9,今川義元|前田利家(雄材)|鍋島直茂(乱雲)|武田晴信|高台院|細川藤孝(立役),今川義元|前田利家(雄材)|鍋島直茂(乱雲)|武田晴信|高台院|細川藤孝(立役),謀略家|雄材大略|摂理探究|健康第一|老練闊達|質実剛健|文明開化|山紫水明|巧言令色,謀略家|雄材大略|摂理探究|健康第一|老練闊達|質実剛健|文明開化|山紫水明|巧言令色,15237,4808,136,206,0,790,344,530,554,546,512,ステータス計算済み,step116で9因縁780行を「陣形+配置英傑6人セット+発動因縁セット」で重複除外。同一組内は総合値最大の配置を代表として採用。,STEP116_SELECTED_MAX_TOTAL_FROM_STEP106_RECALCULATED_9INEN,step106で各陣形有効ラインから再計算済みの9因縁行を使用し、重複組では総合値最大の配置を残す,方円||通常||9||今川義元|前田利家(雄材)|武田晴信|細川藤孝(立役)|鍋島直茂(乱雲)|高台院||健康第一|山紫水明|巧言令色|摂理探究|文明開化|老練闊達|謀略家|質実剛健|雄材大略,,step116_9inen_dedup_max_total,23663,23663,step164_verified_normal9,気合,4808
step116_9_方円_000008,STEP116_9INEN_DEDUP_MAX_TOTAL_RESULT,step106_9inen_full_780_dedup_by_hero_set_bond_set_max_total,方円,通常,9,片倉景綱(右腕)|武田晴信|高台院|細川藤孝(立役)|今川義元|前田利家,片倉景綱(右腕)|武田晴信|高台院|細川藤孝(立役)|今川義元|前田利家,健康第一|老練闊達|質実剛健|文明開化|山紫水明|巧言令色|謀略家|雄材大略|摂理探究,健康第一|老練闊達|質実剛健|文明開化|山紫水明|巧言令色|謀略家|雄材大略|摂理探究,15162,4802,141,206,0,790,344,535,552,559,512,ステータス計算済み,step116で9因縁780行を「陣形+配置英傑6人セット+発動因縁セット」で重複除外。同一組内は総合値最大の配置を代表として採用。,STEP116_SELECTED_MAX_TOTAL_FROM_STEP106_RECALCULATED_9INEN,step106で各陣形有効ラインから再計算済みの9因縁行を使用し、重複組では総合値最大の配置を残す,方円||通常||9||今川義元|前田利家|武田晴信|片倉景綱(右腕)|細川藤孝(立役)|高台院||健康第一|山紫水明|巧言令色|摂理探究|文明開化|老練闊達|謀略家|質実剛健|雄材大略,,step116_9inen_dedup_max_total,23603,23603,step164_verified_normal9,気合,4802
step116_9_方円_000007,STEP116_9INEN_DEDUP_MAX_TOTAL_RESULT,step106_9inen_full_780_dedup_by_hero_set_bond_set_max_total,方円,通常,9,今川義元|前田利家(雄材)|片倉景綱(右腕)|武田晴信|高台院|細川藤孝(立役),今川義元|前田利家(雄材)|片倉景綱(右腕)|武田晴信|高台院|細川藤孝(立役),謀略家|雄材大略|摂理探究|健康第一|老練闊達|質実剛健|文明開化|山紫水明|巧言令色,謀略家|雄材大略|摂理探究|健康第一|老練闊達|質実剛健|文明開化|山紫水明|巧言令色,15162,4802,141,206,0,790,344,535,552,559,512,ステータス計算済み,step116で9因縁780行を「陣形+配置英傑6人セット+発動因縁セット」で重複除外。同一組内は総合値最大の配置を代表として採用。,STEP116_SELECTED_MAX_TOTAL_FROM_STEP106_RECALCULATED_9INEN,step106で各陣形有効ラインから再計算済みの9因縁行を使用し、重複組では総合値最大の配置を残す,方円||通常||9||今川義元|前田利家(雄材)|武田晴信|片倉景綱(右腕)|細川藤孝(立役)|高台院||健康第一|山紫水明|巧言令色|摂理探究|文明開化|老練闊達|謀略家|質実剛健|雄材大略,,step116_9inen_dedup_max_total,23603,23603,step164_verified_normal9,気合,4802
step116_9_方円_000021,STEP116_9INEN_DEDUP_MAX_TOTAL_RESULT,step106_9inen_full_780_dedup_by_hero_set_bond_set_max_total,方円,通常,9,長野業正|山中鹿之介|吉川元春|井伊直虎|宮本武蔵(涼)|島左近,長野業正|山中鹿之介|吉川元春|井伊直虎|宮本武蔵(涼)|島左近,猛将の絆|勇猛果敢|意気衝天|軍学の絆|豪傑|侍|根性の絆|もののふ|泰然自若,猛将の絆|勇猛果敢|意気衝天|軍学の絆|豪傑|侍|根性の絆|もののふ|泰然自若,16076,4022,733,374,175,163,224,231,238,267,244,ステータス計算済み,step116で9因縁780行を「陣形+配置英傑6人セット+発動因縁セット」で重複除外。同一組内は総合値最大の配置を代表として採用。,STEP116_SELECTED_MAX_TOTAL_FROM_STEP106_RECALCULATED_9INEN,step106で各陣形有効ラインから再計算済みの9因縁行を使用し、重複組では総合値最大の配置を残す,方円||通常||9||井伊直虎|吉川元春|宮本武蔵(涼)|山中鹿之介|島左近|長野業正||もののふ|侍|勇猛果敢|意気衝天|根性の絆|泰然自若|猛将の絆|豪傑|軍学の絆,,step116_9inen_dedup_max_total,22747,22747,step164_verified_normal9,気合,4022
step116_9_方円_000024,STEP116_9INEN_DEDUP_MAX_TOTAL_RESULT,step106_9inen_full_780_dedup_by_hero_set_bond_set_max_total,方円,通常,9,吉川元春|山中鹿之介|長野業正|島左近|山県昌景|井伊直虎,吉川元春|山中鹿之介|長野業正|島左近|山県昌景|井伊直虎,侍|根性の絆|もののふ|泰然自若|軍学の絆|豪傑|猛将の絆|勇猛果敢|意気衝天,侍|根性の絆|もののふ|泰然自若|軍学の絆|豪傑|猛将の絆|勇猛果敢|意気衝天,15788,4022,710,367,175,158,216,231,238,267,244,ステータス計算済み,step116で9因縁780行を「陣形+配置英傑6人セット+発動因縁セット」で重複除外。同一組内は総合値最大の配置を代表として採用。,STEP116_SELECTED_MAX_TOTAL_FROM_STEP106_RECALCULATED_9INEN,step106で各陣形有効ラインから再計算済みの9因縁行を使用し、重複組では総合値最大の配置を残す,方円||通常||9||井伊直虎|吉川元春|山中鹿之介|山県昌景|島左近|長野業正||もののふ|侍|勇猛果敢|意気衝天|根性の絆|泰然自若|猛将の絆|豪傑|軍学の絆,,step116_9inen_dedup_max_total,22416,22416,step164_verified_normal9,気合,4022
step116_9_方円_000025,STEP116_9INEN_DEDUP_MAX_TOTAL_RESULT,step106_9inen_full_780_dedup_by_hero_set_bond_set_max_total,方円,通常,9,長野業正|山中鹿之介|吉川元春|井伊直虎|柿崎景家|島左近,長野業正|山中鹿之介|吉川元春|井伊直虎|柿崎景家|島左近,猛将の絆|勇猛果敢|意気衝天|軍学の絆|豪傑|侍|根性の絆|もののふ|泰然自若,猛将の絆|勇猛果敢|意気衝天|軍学の絆|豪傑|侍|根性の絆|もののふ|泰然自若,15696,4022,713,366,175,158,216,231,238,267,244,ステータス計算済み,step116で9因縁780行を「陣形+配置英傑6人セット+発動因縁セット」で重複除外。同一組内は総合値最大の配置を代表として採用。,STEP116_SELECTED_MAX_TOTAL_FROM_STEP106_RECALCULATED_9INEN,step106で各陣形有効ラインから再計算済みの9因縁行を使用し、重複組では総合値最大の配置を残す,方円||通常||9||井伊直虎|吉川元春|山中鹿之介|島左近|柿崎景家|長野業正||もののふ|侍|勇猛果敢|意気衝天|根性の絆|泰然自若|猛将の絆|豪傑|軍学の絆,,step116_9inen_dedup_max_total,22326,22326,step164_verified_normal9,気合,4022
step116_9_方円_000033,STEP116_9INEN_DEDUP_MAX_TOTAL_RESULT,step106_9inen_full_780_dedup_by_hero_set_bond_set_max_total,方円,通常,9,伊達政宗(起源)|山中鹿之介|島左近|長野業正|明智光秀(闇)|小松姫,伊達政宗(起源)|山中鹿之介|島左近|長野業正|明智光秀(闇)|小松姫,侍|根性の絆|もののふ|泰然自若|戦場の華|老練闊達|勇猛果敢|武芸の絆|意気衝天,侍|根性の絆|もののふ|泰然自若|戦場の華|老練闊達|勇猛果敢|武芸の絆|意気衝天,14439,3655,509,357,205,121,279,231,238,267,244,ステータス計算済み,step116で9因縁780行を「陣形+配置英傑6人セット+発動因縁セット」で重複除外。同一組内は総合値最大の配置を代表として採用。,STEP116_SELECTED_MAX_TOTAL_FROM_STEP106_RECALCULATED_9INEN,step106で各陣形有効ラインから再計算済みの9因縁行を使用し、重複組では総合値最大の配置を残す,方円||通常||9||伊達政宗(起源)|小松姫|山中鹿之介|島左近|明智光秀(闇)|長野業正||もののふ|侍|勇猛果敢|意気衝天|戦場の華|根性の絆|武芸の絆|泰然自若|老練闊達,,step116_9inen_dedup_max_total,20545,20545,step164_verified_normal9,気合,3655
step116_9_方円_000034,STEP116_9INEN_DEDUP_MAX_TOTAL_RESULT,step106_9inen_full_780_dedup_by_hero_set_bond_set_max_total,方円,通常,9,伊達政宗(起源)|山県昌景(泰然)|島左近|長野業正|明智光秀(闇)|小松姫,伊達政宗(起源)|山県昌景(泰然)|島左近|長野業正|明智光秀(闇)|小松姫,侍|根性の絆|もののふ|泰然自若|戦場の華|老練闊達|勇猛果敢|武芸の絆|意気衝天,侍|根性の絆|もののふ|泰然自若|戦場の華|老練闊達|勇猛果敢|武芸の絆|意気衝天,14359,3561,506,357,201,121,272,238,246,264,249,ステータス計算済み,step116で9因縁780行を「陣形+配置英傑6人セット+発動因縁セット」で重複除外。同一組内は総合値最大の配置を代表として採用。,STEP116_SELECTED_MAX_TOTAL_FROM_STEP106_RECALCULATED_9INEN,step106で各陣形有効ラインから再計算済みの9因縁行を使用し、重複組では総合値最大の配置を残す,方円||通常||9||伊達政宗(起源)|小松姫|山県昌景(泰然)|島左近|明智光秀(闇)|長野業正||もののふ|侍|勇猛果敢|意気衝天|戦場の華|根性の絆|武芸の絆|泰然自若|老練闊達,,step116_9inen_dedup_max_total,20374,20374,step164_verified_normal9,気合,3561
step116_9_方円_000038,STEP116_9INEN_DEDUP_MAX_TOTAL_RESULT,step106_9inen_full_780_dedup_by_hero_set_bond_set_max_total,方円,通常,9,十河一存|山中鹿之介|島左近|長野業正|明智光秀(闇)|小松姫,十河一存|山中鹿之介|島左近|長野業正|明智光秀(闇)|小松姫,侍|根性の絆|もののふ|泰然自若|戦場の華|老練闊達|勇猛果敢|武芸の絆|意気衝天,侍|根性の絆|もののふ|泰然自若|戦場の華|老練闊達|勇猛果敢|武芸の絆|意気衝天,13961,3406,499,350,189,106,279,231,238,267,244,ステータス計算済み,step116で9因縁780行を「陣形+配置英傑6人セット+発動因縁セット」で重複除外。同一組内は総合値最大の配置を代表として採用。,STEP116_SELECTED_MAX_TOTAL_FROM_STEP106_RECALCULATED_9INEN,step106で各陣形有効ラインから再計算済みの9因縁行を使用し、重複組では総合値最大の配置を残す,方円||通常||9||十河一存|小松姫|山中鹿之介|島左近|明智光秀(闇)|長野業正||もののふ|侍|勇猛果敢|意気衝天|戦場の華|根性の絆|武芸の絆|泰然自若|老練闊達,,step116_9inen_dedup_max_total,19770,19770,step164_verified_normal9,気合,3406
step116_9_方円_000039,STEP116_9INEN_DEDUP_MAX_TOTAL_RESULT,step106_9inen_full_780_dedup_by_hero_set_bond_set_max_total,方円,通常,9,井伊直政|山中鹿之介|島左近|長野業正|明智光秀(闇)|小松姫,井伊直政|山中鹿之介|島左近|長野業正|明智光秀(闇)|小松姫,侍|根性の絆|もののふ|泰然自若|戦場の華|老練闊達|勇猛果敢|武芸の絆|意気衝天,侍|根性の絆|もののふ|泰然自若|戦場の華|老練闊達|勇猛果敢|武芸の絆|意気衝天,13961,3406,498,351,185,106,279,231,238,267,244,ステータス計算済み,step116で9因縁780行を「陣形+配置英傑6人セット+発動因縁セット」で重複除外。同一組内は総合値最大の配置を代表として採用。,STEP116_SELECTED_MAX_TOTAL_FROM_STEP106_RECALCULATED_9INEN,step106で各陣形有効ラインから再計算済みの9因縁行を使用し、重複組では総合値最大の配置を残す,方円||通常||9||井伊直政|小松姫|山中鹿之介|島左近|明智光秀(闇)|長野業正||もののふ|侍|勇猛果敢|意気衝天|戦場の華|根性の絆|武芸の絆|泰然自若|老練闊達,,step116_9inen_dedup_max_total,19766,19766,step164_verified_normal9,気合,3406
step116_9_方円_000042,STEP116_9INEN_DEDUP_MAX_TOTAL_RESULT,step106_9inen_full_780_dedup_by_hero_set_bond_set_max_total,方円,通常,9,十河一存|山県昌景(泰然)|島左近|長野業正|明智光秀(闇)|小松姫,十河一存|山県昌景(泰然)|島左近|長野業正|明智光秀(闇)|小松姫,侍|根性の絆|もののふ|泰然自若|戦場の華|老練闊達|勇猛果敢|武芸の絆|意気衝天,侍|根性の絆|もののふ|泰然自若|戦場の華|老練闊達|勇猛果敢|武芸の絆|意気衝天,13882,3313,496,350,185,105,272,238,246,264,249,ステータス計算済み,step116で9因縁780行を「陣形+配置英傑6人セット+発動因縁セット」で重複除外。同一組内は総合値最大の配置を代表として採用。,STEP116_SELECTED_MAX_TOTAL_FROM_STEP106_RECALCULATED_9INEN,step106で各陣形有効ラインから再計算済みの9因縁行を使用し、重複組では総合値最大の配置を残す,方円||通常||9||十河一存|小松姫|山県昌景(泰然)|島左近|明智光秀(闇)|長野業正||もののふ|侍|勇猛果敢|意気衝天|戦場の華|根性の絆|武芸の絆|泰然自若|老練闊達,,step116_9inen_dedup_max_total,19600,19600,step164_verified_normal9,気合,3313
step116_9_方円_000043,STEP116_9INEN_DEDUP_MAX_TOTAL_RESULT,step106_9inen_full_780_dedup_by_hero_set_bond_set_max_total,方円,通常,9,井伊直政|山県昌景(泰然)|島左近|長野業正|明智光秀(闇)|小松姫,井伊直政|山県昌景(泰然)|島左近|長野業正|明智光秀(闇)|小松姫,侍|根性の絆|もののふ|泰然自若|戦場の華|老練闊達|勇猛果敢|武芸の絆|意気衝天,侍|根性の絆|もののふ|泰然自若|戦場の華|老練闊達|勇猛果敢|武芸の絆|意気衝天,13882,3313,495,351,181,105,272,238,246,264,249,ステータス計算済み,step116で9因縁780行を「陣形+配置英傑6人セット+発動因縁セット」で重複除外。同一組内は総合値最大の配置を代表として採用。,STEP116_SELECTED_MAX_TOTAL_FROM_STEP106_RECALCULATED_9INEN,step106で各陣形有効ラインから再計算済みの9因縁行を使用し、重複組では総合値最大の配置を残す,方円||通常||9||井伊直政|小松姫|山県昌景(泰然)|島左近|明智光秀(闇)|長野業正||もののふ|侍|勇猛果敢|意気衝天|戦場の華|根性の絆|武芸の絆|泰然自若|老練闊達,,step116_9inen_dedup_max_total,19596,19596,step164_verified_normal9,気合,3313
step116_9_方円_000046,STEP116_9INEN_DEDUP_MAX_TOTAL_RESULT,step106_9inen_full_780_dedup_by_hero_set_bond_set_max_total,方円,通常,9,鍋島直茂(乱雲)|北条氏照(剛柔)|金森長近|雑賀孫市(道化)|黒田長政|黒田官兵衛,鍋島直茂(乱雲)|北条氏照(剛柔)|金森長近|雑賀孫市(道化)|黒田長政|黒田官兵衛,文明開化|技巧伝承|知勇兼備|才腕の絆|硝煙弾雨|多芸多才|知将の絆|立役者|柔能制剛,文明開化|技巧伝承|知勇兼備|才腕の絆|硝煙弾雨|多芸多才|知将の絆|立役者|柔能制剛,11606,3272,147,112,633,773,343,556,641,573,552,ステータス計算済み,step116で9因縁780行を「陣形+配置英傑6人セット+発動因縁セット」で重複除外。同一組内は総合値最大の配置を代表として採用。,STEP116_SELECTED_MAX_TOTAL_FROM_STEP106_RECALCULATED_9INEN,step106で各陣形有効ラインから再計算済みの9因縁行を使用し、重複組では総合値最大の配置を残す,方円||通常||9||北条氏照(剛柔)|金森長近|鍋島直茂(乱雲)|雑賀孫市(道化)|黒田官兵衛|黒田長政||多芸多才|才腕の絆|技巧伝承|文明開化|柔能制剛|知勇兼備|知将の絆|硝煙弾雨|立役者,,step116_9inen_dedup_max_total,19208,19208,step164_verified_normal9,気合,3272
step116_9_方円_000047,STEP116_9INEN_DEDUP_MAX_TOTAL_RESULT,step106_9inen_full_780_dedup_by_hero_set_bond_set_max_total,方円,通常,9,豊臣秀長|北条氏照(剛柔)|金森長近|雑賀孫市(道化)|黒田長政|黒田官兵衛,豊臣秀長|北条氏照(剛柔)|金森長近|雑賀孫市(道化)|黒田長政|黒田官兵衛,文明開化|技巧伝承|知勇兼備|才腕の絆|硝煙弾雨|多芸多才|知将の絆|立役者|柔能制剛,文明開化|技巧伝承|知勇兼備|才腕の絆|硝煙弾雨|多芸多才|知将の絆|立役者|柔能制剛,11393,3272,147,112,631,777,343,562,643,581,554,ステータス計算済み,step116で9因縁780行を「陣形+配置英傑6人セット+発動因縁セット」で重複除外。同一組内は総合値最大の配置を代表として採用。,STEP116_SELECTED_MAX_TOTAL_FROM_STEP106_RECALCULATED_9INEN,step106で各陣形有効ラインから再計算済みの9因縁行を使用し、重複組では総合値最大の配置を残す,方円||通常||9||北条氏照(剛柔)|豊臣秀長|金森長近|雑賀孫市(道化)|黒田官兵衛|黒田長政||多芸多才|才腕の絆|技巧伝承|文明開化|柔能制剛|知勇兼備|知将の絆|硝煙弾雨|立役者,,step116_9inen_dedup_max_total,19015,19015,step164_verified_normal9,気合,3272
step116_9_方円_000049,STEP116_9INEN_DEDUP_MAX_TOTAL_RESULT,step106_9inen_full_780_dedup_by_hero_set_bond_set_max_total,方円,通常,9,鍋島直茂(乱雲)|北条氏照(剛柔)|金森長近|雑賀孫市(道化)|大久保忠世|黒田官兵衛,鍋島直茂(乱雲)|北条氏照(剛柔)|金森長近|雑賀孫市(道化)|大久保忠世|黒田官兵衛,文明開化|技巧伝承|知勇兼備|才腕の絆|硝煙弾雨|多芸多才|知将の絆|立役者|柔能制剛,文明開化|技巧伝承|知勇兼備|才腕の絆|硝煙弾雨|多芸多才|知将の絆|立役者|柔能制剛,11367,3232,143,108,628,760,336,524,610,536,523,ステータス計算済み,step116で9因縁780行を「陣形+配置英傑6人セット+発動因縁セット」で重複除外。同一組内は総合値最大の配置を代表として採用。,STEP116_SELECTED_MAX_TOTAL_FROM_STEP106_RECALCULATED_9INEN,step106で各陣形有効ラインから再計算済みの9因縁行を使用し、重複組では総合値最大の配置を残す,方円||通常||9||北条氏照(剛柔)|大久保忠世|金森長近|鍋島直茂(乱雲)|雑賀孫市(道化)|黒田官兵衛||多芸多才|才腕の絆|技巧伝承|文明開化|柔能制剛|知勇兼備|知将の絆|硝煙弾雨|立役者,,step116_9inen_dedup_max_total,18767,18767,step164_verified_normal9,気合,3232
step116_9_方円_000051,STEP116_9INEN_DEDUP_MAX_TOTAL_RESULT,step106_9inen_full_780_dedup_by_hero_set_bond_set_max_total,方円,通常,9,豊臣秀長|北条氏照(剛柔)|金森長近|雑賀孫市(道化)|大久保忠世|黒田官兵衛,豊臣秀長|北条氏照(剛柔)|金森長近|雑賀孫市(道化)|大久保忠世|黒田官兵衛,文明開化|技巧伝承|知勇兼備|才腕の絆|硝煙弾雨|多芸多才|知将の絆|立役者|柔能制剛,文明開化|技巧伝承|知勇兼備|才腕の絆|硝煙弾雨|多芸多才|知将の絆|立役者|柔能制剛,11154,3232,143,108,626,764,336,530,612,545,525,ステータス計算済み,step116で9因縁780行を「陣形+配置英傑6人セット+発動因縁セット」で重複除外。同一組内は総合値最大の配置を代表として採用。,STEP116_SELECTED_MAX_TOTAL_FROM_STEP106_RECALCULATED_9INEN,step106で各陣形有効ラインから再計算済みの9因縁行を使用し、重複組では総合値最大の配置を残す,方円||通常||9||北条氏照(剛柔)|大久保忠世|豊臣秀長|金森長近|雑賀孫市(道化)|黒田官兵衛||多芸多才|才腕の絆|技巧伝承|文明開化|柔能制剛|知勇兼備|知将の絆|硝煙弾雨|立役者,,step116_9inen_dedup_max_total,18575,18575,step164_verified_normal9,気合,3232
step116_9_方円_000023,STEP116_9INEN_DEDUP_MAX_TOTAL_RESULT,step106_9inen_full_780_dedup_by_hero_set_bond_set_max_total,方円,通常,9,酒井忠次(衣鉢)|伊奈忠次|ガラシャ(聖)|斎藤利三(神祇)|毛利隆元|豊臣秀吉,酒井忠次(衣鉢)|伊奈忠次|ガラシャ(聖)|斎藤利三(神祇)|毛利隆元|豊臣秀吉,召喚術の絆|摂理探究|世渡り上手の絆|才腕の絆|謀略家|柔能制剛|技巧伝承|天神地祇|雄材大略,召喚術の絆|摂理探究|世渡り上手の絆|才腕の絆|謀略家|柔能制剛|技巧伝承|天神地祇|雄材大略,15387,3129,37,51,359,664,423,655,664,696,634,ステータス計算済み,step116で9因縁780行を「陣形+配置英傑6人セット+発動因縁セット」で重複除外。同一組内は総合値最大の配置を代表として採用。,STEP116_SELECTED_MAX_TOTAL_FROM_STEP106_RECALCULATED_9INEN,step106で各陣形有効ラインから再計算済みの9因縁行を使用し、重複組では総合値最大の配置を残す,方円||通常||9||ガラシャ(聖)|伊奈忠次|斎藤利三(神祇)|毛利隆元|豊臣秀吉|酒井忠次(衣鉢)||世渡り上手の絆|召喚術の絆|天神地祇|才腕の絆|技巧伝承|摂理探究|柔能制剛|謀略家|雄材大略,,step116_9inen_dedup_max_total,22699,22699,step164_verified_normal9,気合,3129
step116_9_方円_000022,STEP116_9INEN_DEDUP_MAX_TOTAL_RESULT,step106_9inen_full_780_dedup_by_hero_set_bond_set_max_total,方円,通常,9,酒井忠次(通)|伊奈忠次|ガラシャ(聖)|斎藤利三(神祇)|毛利隆元|豊臣秀吉,酒井忠次(通)|伊奈忠次|ガラシャ(聖)|斎藤利三(神祇)|毛利隆元|豊臣秀吉,召喚術の絆|摂理探究|世渡り上手の絆|才腕の絆|謀略家|柔能制剛|技巧伝承|天神地祇|雄材大略,召喚術の絆|摂理探究|世渡り上手の絆|才腕の絆|謀略家|柔能制剛|技巧伝承|天神地祇|雄材大略,15387,3129,37,51,359,664,423,655,664,696,634,ステータス計算済み,step116で9因縁780行を「陣形+配置英傑6人セット+発動因縁セット」で重複除外。同一組内は総合値最大の配置を代表として採用。,STEP116_SELECTED_MAX_TOTAL_FROM_STEP106_RECALCULATED_9INEN,step106で各陣形有効ラインから再計算済みの9因縁行を使用し、重複組では総合値最大の配置を残す,方円||通常||9||ガラシャ(聖)|伊奈忠次|斎藤利三(神祇)|毛利隆元|豊臣秀吉|酒井忠次(通)||世渡り上手の絆|召喚術の絆|天神地祇|才腕の絆|技巧伝承|摂理探究|柔能制剛|謀略家|雄材大略,,step116_9inen_dedup_max_total,22699,22699,step164_verified_normal9,気合,3129
step116_9_方円_000027,STEP116_9INEN_DEDUP_MAX_TOTAL_RESULT,step106_9inen_full_780_dedup_by_hero_set_bond_set_max_total,方円,通常,9,酒井忠次(衣鉢)|伊奈忠次|サンチョ|斎藤利三(神祇)|毛利隆元|豊臣秀吉,酒井忠次(衣鉢)|伊奈忠次|サンチョ|斎藤利三(神祇)|毛利隆元|豊臣秀吉,召喚術の絆|摂理探究|世渡り上手の絆|才腕の絆|謀略家|柔能制剛|技巧伝承|天神地祇|雄材大略,召喚術の絆|摂理探究|世渡り上手の絆|才腕の絆|謀略家|柔能制剛|技巧伝承|天神地祇|雄材大略,14916,3129,28,40,359,635,423,607,610,631,578,ステータス計算済み,step116で9因縁780行を「陣形+配置英傑6人セット+発動因縁セット」で重複除外。同一組内は総合値最大の配置を代表として採用。,STEP116_SELECTED_MAX_TOTAL_FROM_STEP106_RECALCULATED_9INEN,step106で各陣形有効ラインから再計算済みの9因縁行を使用し、重複組では総合値最大の配置を残す,方円||通常||9||サンチョ|伊奈忠次|斎藤利三(神祇)|毛利隆元|豊臣秀吉|酒井忠次(衣鉢)||世渡り上手の絆|召喚術の絆|天神地祇|才腕の絆|技巧伝承|摂理探究|柔能制剛|謀略家|雄材大略,,step116_9inen_dedup_max_total,21956,21956,step164_verified_normal9,気合,3129
step116_9_方円_000026,STEP116_9INEN_DEDUP_MAX_TOTAL_RESULT,step106_9inen_full_780_dedup_by_hero_set_bond_set_max_total,方円,通常,9,酒井忠次(通)|伊奈忠次|サンチョ|斎藤利三(神祇)|毛利隆元|豊臣秀吉,酒井忠次(通)|伊奈忠次|サンチョ|斎藤利三(神祇)|毛利隆元|豊臣秀吉,召喚術の絆|摂理探究|世渡り上手の絆|才腕の絆|謀略家|柔能制剛|技巧伝承|天神地祇|雄材大略,召喚術の絆|摂理探究|世渡り上手の絆|才腕の絆|謀略家|柔能制剛|技巧伝承|天神地祇|雄材大略,14916,3129,28,40,359,635,423,607,610,631,578,ステータス計算済み,step116で9因縁780行を「陣形+配置英傑6人セット+発動因縁セット」で重複除外。同一組内は総合値最大の配置を代表として採用。,STEP116_SELECTED_MAX_TOTAL_FROM_STEP106_RECALCULATED_9INEN,step106で各陣形有効ラインから再計算済みの9因縁行を使用し、重複組では総合値最大の配置を残す,方円||通常||9||サンチョ|伊奈忠次|斎藤利三(神祇)|毛利隆元|豊臣秀吉|酒井忠次(通)||世渡り上手の絆|召喚術の絆|天神地祇|才腕の絆|技巧伝承|摂理探究|柔能制剛|謀略家|雄材大略,,step116_9inen_dedup_max_total,21956,21956,step164_verified_normal9,気合,3129
step116_9_方円_000028,STEP116_9INEN_DEDUP_MAX_TOTAL_RESULT,step106_9inen_full_780_dedup_by_hero_set_bond_set_max_total,方円,通常,9,小松姫|長野業正|山中鹿之介|島左近|細川忠興(山紫)|明智光秀(闇),小松姫|長野業正|山中鹿之介|島左近|細川忠興(山紫)|明智光秀(闇),侍|根性の絆|もののふ|泰然自若|鬼の絆|流行創出|戦場の華|老練闊達|勇猛果敢,侍|根性の絆|もののふ|泰然自若|鬼の絆|流行創出|戦場の華|老練闊達|勇猛果敢,14897,3081,608,445,95,150,279,463,503,520,491,ステータス計算済み,step116で9因縁780行を「陣形+配置英傑6人セット+発動因縁セット」で重複除外。同一組内は総合値最大の配置を代表として採用。,STEP116_SELECTED_MAX_TOTAL_FROM_STEP106_RECALCULATED_9INEN,step106で各陣形有効ラインから再計算済みの9因縁行を使用し、重複組では総合値最大の配置を残す,方円||通常||9||小松姫|山中鹿之介|島左近|明智光秀(闇)|細川忠興(山紫)|長野業正||もののふ|侍|勇猛果敢|戦場の華|根性の絆|泰然自若|流行創出|老練闊達|鬼の絆,,step116_9inen_dedup_max_total,21532,21532,step164_verified_normal9,気合,3081
step116_9_方円_000029,STEP116_9INEN_DEDUP_MAX_TOTAL_RESULT,step106_9inen_full_780_dedup_by_hero_set_bond_set_max_total,方円,通常,9,小松姫|長野業正|山県昌景(泰然)|島左近|細川忠興(山紫)|明智光秀(闇),小松姫|長野業正|山県昌景(泰然)|島左近|細川忠興(山紫)|明智光秀(闇),侍|根性の絆|もののふ|泰然自若|鬼の絆|流行創出|戦場の華|老練闊達|勇猛果敢,侍|根性の絆|もののふ|泰然自若|鬼の絆|流行創出|戦場の華|老練闊達|勇猛果敢,14844,3061,606,445,95,150,272,470,511,517,497,ステータス計算済み,step116で9因縁780行を「陣形+配置英傑6人セット+発動因縁セット」で重複除外。同一組内は総合値最大の配置を代表として採用。,STEP116_SELECTED_MAX_TOTAL_FROM_STEP106_RECALCULATED_9INEN,step106で各陣形有効ラインから再計算済みの9因縁行を使用し、重複組では総合値最大の配置を残す,方円||通常||9||小松姫|山県昌景(泰然)|島左近|明智光秀(闇)|細川忠興(山紫)|長野業正||もののふ|侍|勇猛果敢|戦場の華|根性の絆|泰然自若|流行創出|老練闊達|鬼の絆,,step116_9inen_dedup_max_total,21468,21468,step164_verified_normal9,気合,3061
step116_9_方円_000031,STEP116_9INEN_DEDUP_MAX_TOTAL_RESULT,step106_9inen_full_780_dedup_by_hero_set_bond_set_max_total,方円,通常,9,小松姫|長野業正|山中鹿之介|島左近|豊臣秀次|明智光秀(闇),小松姫|長野業正|山中鹿之介|島左近|豊臣秀次|明智光秀(闇),侍|根性の絆|もののふ|泰然自若|謀略家|流行創出|戦場の華|老練闊達|勇猛果敢,侍|根性の絆|もののふ|泰然自若|謀略家|流行創出|戦場の華|老練闊達|勇猛果敢,14515,2995,424,311,95,304,279,436,464,489,459,ステータス計算済み,step116で9因縁780行を「陣形+配置英傑6人セット+発動因縁セット」で重複除外。同一組内は総合値最大の配置を代表として採用。,STEP116_SELECTED_MAX_TOTAL_FROM_STEP106_RECALCULATED_9INEN,step106で各陣形有効ラインから再計算済みの9因縁行を使用し、重複組では総合値最大の配置を残す,方円||通常||9||小松姫|山中鹿之介|島左近|明智光秀(闇)|豊臣秀次|長野業正||もののふ|侍|勇猛果敢|戦場の華|根性の絆|泰然自若|流行創出|老練闊達|謀略家,,step116_9inen_dedup_max_total,20771,20771,step164_verified_normal9,気合,2995
step116_9_方円_000037,STEP116_9INEN_DEDUP_MAX_TOTAL_RESULT,step106_9inen_full_780_dedup_by_hero_set_bond_set_max_total,方円,通常,9,谷忠澄|柳生宗矩|島左近|出雲阿国(野望)|大祝鶴|魔女ルシア,谷忠澄|柳生宗矩|島左近|出雲阿国(野望)|大祝鶴|魔女ルシア,豪傑|流行創出|神主・巫女|女傑の絆|洒落者の絆|文明開化|技巧伝承|竜飛鳳舞|多芸多才,豪傑|流行創出|神主・巫女|女傑の絆|洒落者の絆|文明開化|技巧伝承|竜飛鳳舞|多芸多才,12761,2985,508,44,222,416,655,535,545,521,585,ステータス計算済み,step116で9因縁780行を「陣形+配置英傑6人セット+発動因縁セット」で重複除外。同一組内は総合値最大の配置を代表として採用。,STEP116_SELECTED_MAX_TOTAL_FROM_STEP106_RECALCULATED_9INEN,step106で各陣形有効ラインから再計算済みの9因縁行を使用し、重複組では総合値最大の配置を残す,方円||通常||9||出雲阿国(野望)|大祝鶴|島左近|柳生宗矩|谷忠澄|魔女ルシア||多芸多才|女傑の絆|技巧伝承|文明開化|洒落者の絆|流行創出|神主・巫女|竜飛鳳舞|豪傑,,step116_9inen_dedup_max_total,19777,19777,step164_verified_normal9,気合,2985
step116_9_方円_000032,STEP116_9INEN_DEDUP_MAX_TOTAL_RESULT,step106_9inen_full_780_dedup_by_hero_set_bond_set_max_total,方円,通常,9,小松姫|長野業正|山県昌景(泰然)|島左近|豊臣秀次|明智光秀(闇),小松姫|長野業正|山県昌景(泰然)|島左近|豊臣秀次|明智光秀(闇),侍|根性の絆|もののふ|泰然自若|謀略家|流行創出|戦場の華|老練闊達|勇猛果敢,侍|根性の絆|もののふ|泰然自若|謀略家|流行創出|戦場の華|老練闊達|勇猛果敢,14462,2975,422,311,95,304,272,444,471,486,465,ステータス計算済み,step116で9因縁780行を「陣形+配置英傑6人セット+発動因縁セット」で重複除外。同一組内は総合値最大の配置を代表として採用。,STEP116_SELECTED_MAX_TOTAL_FROM_STEP106_RECALCULATED_9INEN,step106で各陣形有効ラインから再計算済みの9因縁行を使用し、重複組では総合値最大の配置を残す,方円||通常||9||小松姫|山県昌景(泰然)|島左近|明智光秀(闇)|豊臣秀次|長野業正||もののふ|侍|勇猛果敢|戦場の華|根性の絆|泰然自若|流行創出|老練闊達|謀略家,,step116_9inen_dedup_max_total,20707,20707,step164_verified_normal9,気合,2975
step116_9_方円_000030,STEP116_9INEN_DEDUP_MAX_TOTAL_RESULT,step106_9inen_full_780_dedup_by_hero_set_bond_set_max_total,方円,通常,9,細川藤孝(立役)|大内義隆|北条氏邦|出雲阿国(野望)|大祝鶴|魔女ルシア,細川藤孝(立役)|大内義隆|北条氏邦|出雲阿国(野望)|大祝鶴|魔女ルシア,流行創出|多芸多才|神主・巫女|女傑の絆|洒落者の絆|文化人の絆|文明開化|技巧伝承|山紫水明,流行創出|多芸多才|神主・巫女|女傑の絆|洒落者の絆|文化人の絆|文明開化|技巧伝承|山紫水明,13386,2828,227,40,348,443,684,850,893,818,874,ステータス計算済み,step116で9因縁780行を「陣形+配置英傑6人セット+発動因縁セット」で重複除外。同一組内は総合値最大の配置を代表として採用。,STEP116_SELECTED_MAX_TOTAL_FROM_STEP106_RECALCULATED_9INEN,step106で各陣形有効ラインから再計算済みの9因縁行を使用し、重複組では総合値最大の配置を残す,方円||通常||9||出雲阿国(野望)|北条氏邦|大内義隆|大祝鶴|細川藤孝(立役)|魔女ルシア||多芸多才|女傑の絆|山紫水明|技巧伝承|文化人の絆|文明開化|洒落者の絆|流行創出|神主・巫女,,step116_9inen_dedup_max_total,21391,21391,step164_verified_normal9,気合,2828
step116_9_方円_000048,STEP116_9INEN_DEDUP_MAX_TOTAL_RESULT,step106_9inen_full_780_dedup_by_hero_set_bond_set_max_total,方円,通常,9,佐竹義重|豊臣秀長|北条氏照(剛柔)|豊臣秀次|百地三太夫(野望)|斎藤道三(巳),佐竹義重|豊臣秀長|北条氏照(剛柔)|豊臣秀次|百地三太夫(野望)|斎藤道三(巳),知将の絆|立役者|技巧伝承|柔能制剛|謀略家|生殺与奪|侍|才腕の絆|知勇兼備,知将の絆|立役者|技巧伝承|柔能制剛|謀略家|生殺与奪|侍|才腕の絆|知勇兼備,13439,1428,148,90,470,950,392,509,499,509,503,ステータス計算済み,step116で9因縁780行を「陣形+配置英傑6人セット+発動因縁セット」で重複除外。同一組内は総合値最大の配置を代表として採用。,STEP116_SELECTED_MAX_TOTAL_FROM_STEP106_RECALCULATED_9INEN,step106で各陣形有効ラインから再計算済みの9因縁行を使用し、重複組では総合値最大の配置を残す,方円||通常||9||佐竹義重|北条氏照(剛柔)|斎藤道三(巳)|百地三太夫(野望)|豊臣秀次|豊臣秀長||侍|才腕の絆|技巧伝承|柔能制剛|生殺与奪|知勇兼備|知将の絆|立役者|謀略家,,step116_9inen_dedup_max_total,18937,18937,step164_verified_normal9,気合,1428
step116_9_方円_000044,STEP116_9INEN_DEDUP_MAX_TOTAL_RESULT,step106_9inen_full_780_dedup_by_hero_set_bond_set_max_total,方円,通常,9,仙桃院|納涼忍お綾|堀秀政|柳生宗矩|宮本武蔵(涼)|道場娘まり(和装),仙桃院|納涼忍お綾|堀秀政|柳生宗矩|宮本武蔵(涼)|道場娘まり(和装),才腕の絆|文明開化|技巧伝承|多芸多才|侍|剣豪の絆|豪傑|女傑の絆|能鷹隠爪,才腕の絆|文明開化|技巧伝承|多芸多才|侍|剣豪の絆|豪傑|女傑の絆|能鷹隠爪,13904,1403,681,184,605,169,647,403,408,432,465,ステータス計算済み,step116で9因縁780行を「陣形+配置英傑6人セット+発動因縁セット」で重複除外。同一組内は総合値最大の配置を代表として採用。,STEP116_SELECTED_MAX_TOTAL_FROM_STEP106_RECALCULATED_9INEN,step106で各陣形有効ラインから再計算済みの9因縁行を使用し、重複組では総合値最大の配置を残す,方円||通常||9||仙桃院|堀秀政|宮本武蔵(涼)|柳生宗矩|納涼忍お綾|道場娘まり(和装)||侍|剣豪の絆|多芸多才|女傑の絆|才腕の絆|技巧伝承|文明開化|能鷹隠爪|豪傑,,step116_9inen_dedup_max_total,19301,19301,step164_verified_normal9,気合,1403
step116_9_方円_000045,STEP116_9INEN_DEDUP_MAX_TOTAL_RESULT,step106_9inen_full_780_dedup_by_hero_set_bond_set_max_total,方円,通常,9,井伊直虎|納涼忍お綾|堀秀政|柳生宗矩|宮本武蔵(涼)|道場娘まり(和装),井伊直虎|納涼忍お綾|堀秀政|柳生宗矩|宮本武蔵(涼)|道場娘まり(和装),才腕の絆|文明開化|技巧伝承|多芸多才|侍|剣豪の絆|豪傑|女傑の絆|戦場の華,才腕の絆|文明開化|技巧伝承|多芸多才|侍|剣豪の絆|豪傑|女傑の絆|戦場の華,13928,1403,702,79,605,169,649,403,408,432,465,ステータス計算済み,step116で9因縁780行を「陣形+配置英傑6人セット+発動因縁セット」で重複除外。同一組内は総合値最大の配置を代表として採用。,STEP116_SELECTED_MAX_TOTAL_FROM_STEP106_RECALCULATED_9INEN,step106で各陣形有効ラインから再計算済みの9因縁行を使用し、重複組では総合値最大の配置を残す,方円||通常||9||井伊直虎|堀秀政|宮本武蔵(涼)|柳生宗矩|納涼忍お綾|道場娘まり(和装)||侍|剣豪の絆|多芸多才|女傑の絆|戦場の華|才腕の絆|技巧伝承|文明開化|豪傑,,step116_9inen_dedup_max_total,19243,19243,step164_verified_normal9,気合,1403
step116_9_方円_000050,STEP116_9INEN_DEDUP_MAX_TOTAL_RESULT,step106_9inen_full_780_dedup_by_hero_set_bond_set_max_total,方円,通常,9,武田信玄(野望)|納涼忍お綾|堀秀政|柳生宗矩|宮本武蔵(涼)|道場娘まり(和装),武田信玄(野望)|納涼忍お綾|堀秀政|柳生宗矩|宮本武蔵(涼)|道場娘まり(和装),才腕の絆|文明開化|技巧伝承|多芸多才|侍|剣豪の絆|豪傑|戦場の華|能鷹隠爪,才腕の絆|文明開化|技巧伝承|多芸多才|侍|剣豪の絆|豪傑|戦場の華|能鷹隠爪,13504,1403,514,178,605,169,608,403,408,432,465,ステータス計算済み,step116で9因縁780行を「陣形+配置英傑6人セット+発動因縁セット」で重複除外。同一組内は総合値最大の配置を代表として採用。,STEP116_SELECTED_MAX_TOTAL_FROM_STEP106_RECALCULATED_9INEN,step106で各陣形有効ラインから再計算済みの9因縁行を使用し、重複組では総合値最大の配置を残す,方円||通常||9||堀秀政|宮本武蔵(涼)|柳生宗矩|武田信玄(野望)|納涼忍お綾|道場娘まり(和装)||侍|剣豪の絆|多芸多才|戦場の華|才腕の絆|技巧伝承|文明開化|能鷹隠爪|豪傑,,step116_9inen_dedup_max_total,18689,18689,step164_verified_normal9,気合,1403
step116_9_方円_000055,STEP116_9INEN_DEDUP_MAX_TOTAL_RESULT,step106_9inen_full_780_dedup_by_hero_set_bond_set_max_total,方円,通常,9,谷忠澄|柳生宗矩|宮本武蔵(涼)|道場娘まり(和装)|井伊直虎|魔女ルシア,谷忠澄|柳生宗矩|宮本武蔵(涼)|道場娘まり(和装)|井伊直虎|魔女ルシア,侍|剣豪の絆|豪傑|女傑の絆|戦場の華|文明開化|技巧伝承|竜飛鳳舞|多芸多才,侍|剣豪の絆|豪傑|女傑の絆|戦場の華|文明開化|技巧伝承|竜飛鳳舞|多芸多才,13298,1346,790,72,340,289,652,171,168,161,194,ステータス計算済み,step116で9因縁780行を「陣形+配置英傑6人セット+発動因縁セット」で重複除外。同一組内は総合値最大の配置を代表として採用。,STEP116_SELECTED_MAX_TOTAL_FROM_STEP106_RECALCULATED_9INEN,step106で各陣形有効ラインから再計算済みの9因縁行を使用し、重複組では総合値最大の配置を残す,方円||通常||9||井伊直虎|宮本武蔵(涼)|柳生宗矩|谷忠澄|道場娘まり(和装)|魔女ルシア||侍|剣豪の絆|多芸多才|女傑の絆|戦場の華|技巧伝承|文明開化|竜飛鳳舞|豪傑,,step116_9inen_dedup_max_total,17481,17481,step164_verified_normal9,気合,1346
step116_9_方円_000052,STEP116_9INEN_DEDUP_MAX_TOTAL_RESULT,step106_9inen_full_780_dedup_by_hero_set_bond_set_max_total,方円,通常,9,仙桃院|納涼忍お綾|堀秀政|柳生宗矩|明智光秀(闇)|井伊直虎,仙桃院|納涼忍お綾|堀秀政|柳生宗矩|明智光秀(闇)|井伊直虎,才腕の絆|文明開化|技巧伝承|多芸多才|豪傑|勇猛果敢|女傑の絆|戦場の華|能鷹隠爪,才腕の絆|文明開化|技巧伝承|多芸多才|豪傑|勇猛果敢|女傑の絆|戦場の華|能鷹隠爪,13564,975,598,159,577,169,801,403,408,432,465,ステータス計算済み,step116で9因縁780行を「陣形+配置英傑6人セット+発動因縁セット」で重複除外。同一組内は総合値最大の配置を代表として採用。,STEP116_SELECTED_MAX_TOTAL_FROM_STEP106_RECALCULATED_9INEN,step106で各陣形有効ラインから再計算済みの9因縁行を使用し、重複組では総合値最大の配置を残す,方円||通常||9||井伊直虎|仙桃院|堀秀政|明智光秀(闇)|柳生宗矩|納涼忍お綾||勇猛果敢|多芸多才|女傑の絆|戦場の華|才腕の絆|技巧伝承|文明開化|能鷹隠爪|豪傑,,step116_9inen_dedup_max_total,18551,18551,step164_verified_normal9,気合,975
step116_9_方円_000053,STEP116_9INEN_DEDUP_MAX_TOTAL_RESULT,step106_9inen_full_780_dedup_by_hero_set_bond_set_max_total,方円,通常,9,仙桃院|納涼忍お綾|堀秀政|柳生宗矩|上杉謙信(野望)|井伊直虎,仙桃院|納涼忍お綾|堀秀政|柳生宗矩|上杉謙信(野望)|井伊直虎,才腕の絆|文明開化|技巧伝承|多芸多才|豪傑|勇猛果敢|女傑の絆|戦場の華|能鷹隠爪,才腕の絆|文明開化|技巧伝承|多芸多才|豪傑|勇猛果敢|女傑の絆|戦場の華|能鷹隠爪,13524,975,578,159,579,169,801,403,408,432,465,ステータス計算済み,step116で9因縁780行を「陣形+配置英傑6人セット+発動因縁セット」で重複除外。同一組内は総合値最大の配置を代表として採用。,STEP116_SELECTED_MAX_TOTAL_FROM_STEP106_RECALCULATED_9INEN,step106で各陣形有効ラインから再計算済みの9因縁行を使用し、重複組では総合値最大の配置を残す,方円||通常||9||上杉謙信(野望)|井伊直虎|仙桃院|堀秀政|柳生宗矩|納涼忍お綾||勇猛果敢|多芸多才|女傑の絆|戦場の華|才腕の絆|技巧伝承|文明開化|能鷹隠爪|豪傑,,step116_9inen_dedup_max_total,18493,18493,step164_verified_normal9,気合,975
step116_9_方円_000054,STEP116_9INEN_DEDUP_MAX_TOTAL_RESULT,step106_9inen_full_780_dedup_by_hero_set_bond_set_max_total,方円,通常,9,仙桃院|納涼忍お綾|堀秀政|柳生宗矩|原虎胤|井伊直虎,仙桃院|納涼忍お綾|堀秀政|柳生宗矩|原虎胤|井伊直虎,才腕の絆|文明開化|技巧伝承|多芸多才|豪傑|勇猛果敢|女傑の絆|戦場の華|能鷹隠爪,才腕の絆|文明開化|技巧伝承|多芸多才|豪傑|勇猛果敢|女傑の絆|戦場の華|能鷹隠爪,13052,975,528,159,557,169,801,403,408,432,465,ステータス計算済み,step116で9因縁780行を「陣形+配置英傑6人セット+発動因縁セット」で重複除外。同一組内は総合値最大の配置を代表として採用。,STEP116_SELECTED_MAX_TOTAL_FROM_STEP106_RECALCULATED_9INEN,step106で各陣形有効ラインから再計算済みの9因縁行を使用し、重複組では総合値最大の配置を残す,方円||通常||9||井伊直虎|仙桃院|原虎胤|堀秀政|柳生宗矩|納涼忍お綾||勇猛果敢|多芸多才|女傑の絆|戦場の華|才腕の絆|技巧伝承|文明開化|能鷹隠爪|豪傑,,step116_9inen_dedup_max_total,17949,17949,step164_verified_normal9,気合,975
step116_9_方円_000036,STEP116_9INEN_DEDUP_MAX_TOTAL_RESULT,step106_9inen_full_780_dedup_by_hero_set_bond_set_max_total,方円,通常,9,武田晴信|豊臣秀長|北条氏照(剛柔)|豊臣秀次|細川藤孝(立役)|前田利家,武田晴信|豊臣秀長|北条氏照(剛柔)|豊臣秀次|細川藤孝(立役)|前田利家,知将の絆|立役者|技巧伝承|柔能制剛|文明開化|山紫水明|謀略家|雄材大略|摂理探究,知将の絆|立役者|技巧伝承|柔能制剛|文明開化|山紫水明|謀略家|雄材大略|摂理探究,14832,899,76,0,267,1174,173,705,680,724,679,ステータス計算済み,step116で9因縁780行を「陣形+配置英傑6人セット+発動因縁セット」で重複除外。同一組内は総合値最大の配置を代表として採用。,STEP116_SELECTED_MAX_TOTAL_FROM_STEP106_RECALCULATED_9INEN,step106で各陣形有効ラインから再計算済みの9因縁行を使用し、重複組では総合値最大の配置を残す,方円||通常||9||前田利家|北条氏照(剛柔)|武田晴信|細川藤孝(立役)|豊臣秀次|豊臣秀長||山紫水明|技巧伝承|摂理探究|文明開化|柔能制剛|知将の絆|立役者|謀略家|雄材大略,,step116_9inen_dedup_max_total,20209,20209,step164_verified_normal9,気合,899
step116_9_方円_000035,STEP116_9INEN_DEDUP_MAX_TOTAL_RESULT,step106_9inen_full_780_dedup_by_hero_set_bond_set_max_total,方円,通常,9,北条氏照(剛柔)|豊臣秀長|武田晴信|前田利家(雄材)|細川藤孝(立役)|豊臣秀次,北条氏照(剛柔)|豊臣秀長|武田晴信|前田利家(雄材)|細川藤孝(立役)|豊臣秀次,謀略家|雄材大略|摂理探究|文明開化|山紫水明|知将の絆|立役者|技巧伝承|柔能制剛,謀略家|雄材大略|摂理探究|文明開化|山紫水明|知将の絆|立役者|技巧伝承|柔能制剛,14832,899,76,0,267,1174,173,705,680,724,679,ステータス計算済み,step116で9因縁780行を「陣形+配置英傑6人セット+発動因縁セット」で重複除外。同一組内は総合値最大の配置を代表として採用。,STEP116_SELECTED_MAX_TOTAL_FROM_STEP106_RECALCULATED_9INEN,step106で各陣形有効ラインから再計算済みの9因縁行を使用し、重複組では総合値最大の配置を残す,方円||通常||9||前田利家(雄材)|北条氏照(剛柔)|武田晴信|細川藤孝(立役)|豊臣秀次|豊臣秀長||山紫水明|技巧伝承|摂理探究|文明開化|柔能制剛|知将の絆|立役者|謀略家|雄材大略,,step116_9inen_dedup_max_total,20209,20209,step164_verified_normal9,気合,899
step116_9_方円_000041,STEP116_9INEN_DEDUP_MAX_TOTAL_RESULT,step106_9inen_full_780_dedup_by_hero_set_bond_set_max_total,方円,通常,9,上杉憲政|豊臣秀長|北条氏照(剛柔)|豊臣秀次|細川藤孝(立役)|前田利家,上杉憲政|豊臣秀長|北条氏照(剛柔)|豊臣秀次|細川藤孝(立役)|前田利家,知将の絆|立役者|技巧伝承|柔能制剛|文明開化|山紫水明|謀略家|雄材大略|摂理探究,知将の絆|立役者|技巧伝承|柔能制剛|文明開化|山紫水明|謀略家|雄材大略|摂理探究,14490,861,79,0,267,1097,173,669,652,695,651,ステータス計算済み,step116で9因縁780行を「陣形+配置英傑6人セット+発動因縁セット」で重複除外。同一組内は総合値最大の配置を代表として採用。,STEP116_SELECTED_MAX_TOTAL_FROM_STEP106_RECALCULATED_9INEN,step106で各陣形有効ラインから再計算済みの9因縁行を使用し、重複組では総合値最大の配置を残す,方円||通常||9||上杉憲政|前田利家|北条氏照(剛柔)|細川藤孝(立役)|豊臣秀次|豊臣秀長||山紫水明|技巧伝承|摂理探究|文明開化|柔能制剛|知将の絆|立役者|謀略家|雄材大略,,step116_9inen_dedup_max_total,19634,19634,step164_verified_normal9,気合,861
step116_9_方円_000040,STEP116_9INEN_DEDUP_MAX_TOTAL_RESULT,step106_9inen_full_780_dedup_by_hero_set_bond_set_max_total,方円,通常,9,北条氏照(剛柔)|豊臣秀長|上杉憲政|前田利家(雄材)|細川藤孝(立役)|豊臣秀次,北条氏照(剛柔)|豊臣秀長|上杉憲政|前田利家(雄材)|細川藤孝(立役)|豊臣秀次,謀略家|雄材大略|摂理探究|文明開化|山紫水明|知将の絆|立役者|技巧伝承|柔能制剛,謀略家|雄材大略|摂理探究|文明開化|山紫水明|知将の絆|立役者|技巧伝承|柔能制剛,14490,861,79,0,267,1097,173,669,652,695,651,ステータス計算済み,step116で9因縁780行を「陣形+配置英傑6人セット+発動因縁セット」で重複除外。同一組内は総合値最大の配置を代表として採用。,STEP116_SELECTED_MAX_TOTAL_FROM_STEP106_RECALCULATED_9INEN,step106で各陣形有効ラインから再計算済みの9因縁行を使用し、重複組では総合値最大の配置を残す,方円||通常||9||上杉憲政|前田利家(雄材)|北条氏照(剛柔)|細川藤孝(立役)|豊臣秀次|豊臣秀長||山紫水明|技巧伝承|摂理探究|文明開化|柔能制剛|知将の絆|立役者|謀略家|雄材大略,,step116_9inen_dedup_max_total,19634,19634,step164_verified_normal9,気合,861
step116_9_方円_000055,STEP116_9INEN_DEDUP_MAX_TOTAL_RESULT,step106_9inen_full_780_dedup_by_hero_set_bond_set_max_total,方円,通常,9,谷忠澄|柳生宗矩|宮本武蔵(涼)|道場娘まり(和装)|井伊直虎|魔女ルシア,谷忠澄|柳生宗矩|宮本武蔵(涼)|道場娘まり(和装)|井伊直虎|魔女ルシア,侍|剣豪の絆|豪傑|女傑の絆|戦場の華|文明開化|技巧伝承|竜飛鳳舞|多芸多才,侍|剣豪の絆|豪傑|女傑の絆|戦場の華|文明開化|技巧伝承|竜飛鳳舞|多芸多才,13298,1346,790,72,340,289,652,171,168,161,194,ステータス計算済み,step116で9因縁780行を「陣形+配置英傑6人セット+発動因縁セット」で重複除外。同一組内は総合値最大の配置を代表として採用。,STEP116_SELECTED_MAX_TOTAL_FROM_STEP106_RECALCULATED_9INEN,step106で各陣形有効ラインから再計算済みの9因縁行を使用し、重複組では総合値最大の配置を残す,方円||通常||9||井伊直虎|宮本武蔵(涼)|柳生宗矩|谷忠澄|道場娘まり(和装)|魔女ルシア||侍|剣豪の絆|多芸多才|女傑の絆|戦場の華|技巧伝承|文明開化|竜飛鳳舞|豪傑,,step116_9inen_dedup_max_total,17481,17481,step164_verified_normal9,腕力,790
step116_9_方円_000021,STEP116_9INEN_DEDUP_MAX_TOTAL_RESULT,step106_9inen_full_780_dedup_by_hero_set_bond_set_max_total,方円,通常,9,長野業正|山中鹿之介|吉川元春|井伊直虎|宮本武蔵(涼)|島左近,長野業正|山中鹿之介|吉川元春|井伊直虎|宮本武蔵(涼)|島左近,猛将の絆|勇猛果敢|意気衝天|軍学の絆|豪傑|侍|根性の絆|もののふ|泰然自若,猛将の絆|勇猛果敢|意気衝天|軍学の絆|豪傑|侍|根性の絆|もののふ|泰然自若,16076,4022,733,374,175,163,224,231,238,267,244,ステータス計算済み,step116で9因縁780行を「陣形+配置英傑6人セット+発動因縁セット」で重複除外。同一組内は総合値最大の配置を代表として採用。,STEP116_SELECTED_MAX_TOTAL_FROM_STEP106_RECALCULATED_9INEN,step106で各陣形有効ラインから再計算済みの9因縁行を使用し、重複組では総合値最大の配置を残す,方円||通常||9||井伊直虎|吉川元春|宮本武蔵(涼)|山中鹿之介|島左近|長野業正||もののふ|侍|勇猛果敢|意気衝天|根性の絆|泰然自若|猛将の絆|豪傑|軍学の絆,,step116_9inen_dedup_max_total,22747,22747,step164_verified_normal9,腕力,733
step116_9_方円_000025,STEP116_9INEN_DEDUP_MAX_TOTAL_RESULT,step106_9inen_full_780_dedup_by_hero_set_bond_set_max_total,方円,通常,9,長野業正|山中鹿之介|吉川元春|井伊直虎|柿崎景家|島左近,長野業正|山中鹿之介|吉川元春|井伊直虎|柿崎景家|島左近,猛将の絆|勇猛果敢|意気衝天|軍学の絆|豪傑|侍|根性の絆|もののふ|泰然自若,猛将の絆|勇猛果敢|意気衝天|軍学の絆|豪傑|侍|根性の絆|もののふ|泰然自若,15696,4022,713,366,175,158,216,231,238,267,244,ステータス計算済み,step116で9因縁780行を「陣形+配置英傑6人セット+発動因縁セット」で重複除外。同一組内は総合値最大の配置を代表として採用。,STEP116_SELECTED_MAX_TOTAL_FROM_STEP106_RECALCULATED_9INEN,step106で各陣形有効ラインから再計算済みの9因縁行を使用し、重複組では総合値最大の配置を残す,方円||通常||9||井伊直虎|吉川元春|山中鹿之介|島左近|柿崎景家|長野業正||もののふ|侍|勇猛果敢|意気衝天|根性の絆|泰然自若|猛将の絆|豪傑|軍学の絆,,step116_9inen_dedup_max_total,22326,22326,step164_verified_normal9,腕力,713
step116_9_方円_000024,STEP116_9INEN_DEDUP_MAX_TOTAL_RESULT,step106_9inen_full_780_dedup_by_hero_set_bond_set_max_total,方円,通常,9,吉川元春|山中鹿之介|長野業正|島左近|山県昌景|井伊直虎,吉川元春|山中鹿之介|長野業正|島左近|山県昌景|井伊直虎,侍|根性の絆|もののふ|泰然自若|軍学の絆|豪傑|猛将の絆|勇猛果敢|意気衝天,侍|根性の絆|もののふ|泰然自若|軍学の絆|豪傑|猛将の絆|勇猛果敢|意気衝天,15788,4022,710,367,175,158,216,231,238,267,244,ステータス計算済み,step116で9因縁780行を「陣形+配置英傑6人セット+発動因縁セット」で重複除外。同一組内は総合値最大の配置を代表として採用。,STEP116_SELECTED_MAX_TOTAL_FROM_STEP106_RECALCULATED_9INEN,step106で各陣形有効ラインから再計算済みの9因縁行を使用し、重複組では総合値最大の配置を残す,方円||通常||9||井伊直虎|吉川元春|山中鹿之介|山県昌景|島左近|長野業正||もののふ|侍|勇猛果敢|意気衝天|根性の絆|泰然自若|猛将の絆|豪傑|軍学の絆,,step116_9inen_dedup_max_total,22416,22416,step164_verified_normal9,腕力,710
step116_9_方円_000045,STEP116_9INEN_DEDUP_MAX_TOTAL_RESULT,step106_9inen_full_780_dedup_by_hero_set_bond_set_max_total,方円,通常,9,井伊直虎|納涼忍お綾|堀秀政|柳生宗矩|宮本武蔵(涼)|道場娘まり(和装),井伊直虎|納涼忍お綾|堀秀政|柳生宗矩|宮本武蔵(涼)|道場娘まり(和装),才腕の絆|文明開化|技巧伝承|多芸多才|侍|剣豪の絆|豪傑|女傑の絆|戦場の華,才腕の絆|文明開化|技巧伝承|多芸多才|侍|剣豪の絆|豪傑|女傑の絆|戦場の華,13928,1403,702,79,605,169,649,403,408,432,465,ステータス計算済み,step116で9因縁780行を「陣形+配置英傑6人セット+発動因縁セット」で重複除外。同一組内は総合値最大の配置を代表として採用。,STEP116_SELECTED_MAX_TOTAL_FROM_STEP106_RECALCULATED_9INEN,step106で各陣形有効ラインから再計算済みの9因縁行を使用し、重複組では総合値最大の配置を残す,方円||通常||9||井伊直虎|堀秀政|宮本武蔵(涼)|柳生宗矩|納涼忍お綾|道場娘まり(和装)||侍|剣豪の絆|多芸多才|女傑の絆|戦場の華|才腕の絆|技巧伝承|文明開化|豪傑,,step116_9inen_dedup_max_total,19243,19243,step164_verified_normal9,腕力,702
step116_9_方円_000044,STEP116_9INEN_DEDUP_MAX_TOTAL_RESULT,step106_9inen_full_780_dedup_by_hero_set_bond_set_max_total,方円,通常,9,仙桃院|納涼忍お綾|堀秀政|柳生宗矩|宮本武蔵(涼)|道場娘まり(和装),仙桃院|納涼忍お綾|堀秀政|柳生宗矩|宮本武蔵(涼)|道場娘まり(和装),才腕の絆|文明開化|技巧伝承|多芸多才|侍|剣豪の絆|豪傑|女傑の絆|能鷹隠爪,才腕の絆|文明開化|技巧伝承|多芸多才|侍|剣豪の絆|豪傑|女傑の絆|能鷹隠爪,13904,1403,681,184,605,169,647,403,408,432,465,ステータス計算済み,step116で9因縁780行を「陣形+配置英傑6人セット+発動因縁セット」で重複除外。同一組内は総合値最大の配置を代表として採用。,STEP116_SELECTED_MAX_TOTAL_FROM_STEP106_RECALCULATED_9INEN,step106で各陣形有効ラインから再計算済みの9因縁行を使用し、重複組では総合値最大の配置を残す,方円||通常||9||仙桃院|堀秀政|宮本武蔵(涼)|柳生宗矩|納涼忍お綾|道場娘まり(和装)||侍|剣豪の絆|多芸多才|女傑の絆|才腕の絆|技巧伝承|文明開化|能鷹隠爪|豪傑,,step116_9inen_dedup_max_total,19301,19301,step164_verified_normal9,腕力,681
step116_9_方円_000028,STEP116_9INEN_DEDUP_MAX_TOTAL_RESULT,step106_9inen_full_780_dedup_by_hero_set_bond_set_max_total,方円,通常,9,小松姫|長野業正|山中鹿之介|島左近|細川忠興(山紫)|明智光秀(闇),小松姫|長野業正|山中鹿之介|島左近|細川忠興(山紫)|明智光秀(闇),侍|根性の絆|もののふ|泰然自若|鬼の絆|流行創出|戦場の華|老練闊達|勇猛果敢,侍|根性の絆|もののふ|泰然自若|鬼の絆|流行創出|戦場の華|老練闊達|勇猛果敢,14897,3081,608,445,95,150,279,463,503,520,491,ステータス計算済み,step116で9因縁780行を「陣形+配置英傑6人セット+発動因縁セット」で重複除外。同一組内は総合値最大の配置を代表として採用。,STEP116_SELECTED_MAX_TOTAL_FROM_STEP106_RECALCULATED_9INEN,step106で各陣形有効ラインから再計算済みの9因縁行を使用し、重複組では総合値最大の配置を残す,方円||通常||9||小松姫|山中鹿之介|島左近|明智光秀(闇)|細川忠興(山紫)|長野業正||もののふ|侍|勇猛果敢|戦場の華|根性の絆|泰然自若|流行創出|老練闊達|鬼の絆,,step116_9inen_dedup_max_total,21532,21532,step164_verified_normal9,腕力,608
step116_9_方円_000029,STEP116_9INEN_DEDUP_MAX_TOTAL_RESULT,step106_9inen_full_780_dedup_by_hero_set_bond_set_max_total,方円,通常,9,小松姫|長野業正|山県昌景(泰然)|島左近|細川忠興(山紫)|明智光秀(闇),小松姫|長野業正|山県昌景(泰然)|島左近|細川忠興(山紫)|明智光秀(闇),侍|根性の絆|もののふ|泰然自若|鬼の絆|流行創出|戦場の華|老練闊達|勇猛果敢,侍|根性の絆|もののふ|泰然自若|鬼の絆|流行創出|戦場の華|老練闊達|勇猛果敢,14844,3061,606,445,95,150,272,470,511,517,497,ステータス計算済み,step116で9因縁780行を「陣形+配置英傑6人セット+発動因縁セット」で重複除外。同一組内は総合値最大の配置を代表として採用。,STEP116_SELECTED_MAX_TOTAL_FROM_STEP106_RECALCULATED_9INEN,step106で各陣形有効ラインから再計算済みの9因縁行を使用し、重複組では総合値最大の配置を残す,方円||通常||9||小松姫|山県昌景(泰然)|島左近|明智光秀(闇)|細川忠興(山紫)|長野業正||もののふ|侍|勇猛果敢|戦場の華|根性の絆|泰然自若|流行創出|老練闊達|鬼の絆,,step116_9inen_dedup_max_total,21468,21468,step164_verified_normal9,腕力,606
step116_9_方円_000052,STEP116_9INEN_DEDUP_MAX_TOTAL_RESULT,step106_9inen_full_780_dedup_by_hero_set_bond_set_max_total,方円,通常,9,仙桃院|納涼忍お綾|堀秀政|柳生宗矩|明智光秀(闇)|井伊直虎,仙桃院|納涼忍お綾|堀秀政|柳生宗矩|明智光秀(闇)|井伊直虎,才腕の絆|文明開化|技巧伝承|多芸多才|豪傑|勇猛果敢|女傑の絆|戦場の華|能鷹隠爪,才腕の絆|文明開化|技巧伝承|多芸多才|豪傑|勇猛果敢|女傑の絆|戦場の華|能鷹隠爪,13564,975,598,159,577,169,801,403,408,432,465,ステータス計算済み,step116で9因縁780行を「陣形+配置英傑6人セット+発動因縁セット」で重複除外。同一組内は総合値最大の配置を代表として採用。,STEP116_SELECTED_MAX_TOTAL_FROM_STEP106_RECALCULATED_9INEN,step106で各陣形有効ラインから再計算済みの9因縁行を使用し、重複組では総合値最大の配置を残す,方円||通常||9||井伊直虎|仙桃院|堀秀政|明智光秀(闇)|柳生宗矩|納涼忍お綾||勇猛果敢|多芸多才|女傑の絆|戦場の華|才腕の絆|技巧伝承|文明開化|能鷹隠爪|豪傑,,step116_9inen_dedup_max_total,18551,18551,step164_verified_normal9,腕力,598
step116_9_方円_000053,STEP116_9INEN_DEDUP_MAX_TOTAL_RESULT,step106_9inen_full_780_dedup_by_hero_set_bond_set_max_total,方円,通常,9,仙桃院|納涼忍お綾|堀秀政|柳生宗矩|上杉謙信(野望)|井伊直虎,仙桃院|納涼忍お綾|堀秀政|柳生宗矩|上杉謙信(野望)|井伊直虎,才腕の絆|文明開化|技巧伝承|多芸多才|豪傑|勇猛果敢|女傑の絆|戦場の華|能鷹隠爪,才腕の絆|文明開化|技巧伝承|多芸多才|豪傑|勇猛果敢|女傑の絆|戦場の華|能鷹隠爪,13524,975,578,159,579,169,801,403,408,432,465,ステータス計算済み,step116で9因縁780行を「陣形+配置英傑6人セット+発動因縁セット」で重複除外。同一組内は総合値最大の配置を代表として採用。,STEP116_SELECTED_MAX_TOTAL_FROM_STEP106_RECALCULATED_9INEN,step106で各陣形有効ラインから再計算済みの9因縁行を使用し、重複組では総合値最大の配置を残す,方円||通常||9||上杉謙信(野望)|井伊直虎|仙桃院|堀秀政|柳生宗矩|納涼忍お綾||勇猛果敢|多芸多才|女傑の絆|戦場の華|才腕の絆|技巧伝承|文明開化|能鷹隠爪|豪傑,,step116_9inen_dedup_max_total,18493,18493,step164_verified_normal9,腕力,578
step116_9_方円_000054,STEP116_9INEN_DEDUP_MAX_TOTAL_RESULT,step106_9inen_full_780_dedup_by_hero_set_bond_set_max_total,方円,通常,9,仙桃院|納涼忍お綾|堀秀政|柳生宗矩|原虎胤|井伊直虎,仙桃院|納涼忍お綾|堀秀政|柳生宗矩|原虎胤|井伊直虎,才腕の絆|文明開化|技巧伝承|多芸多才|豪傑|勇猛果敢|女傑の絆|戦場の華|能鷹隠爪,才腕の絆|文明開化|技巧伝承|多芸多才|豪傑|勇猛果敢|女傑の絆|戦場の華|能鷹隠爪,13052,975,528,159,557,169,801,403,408,432,465,ステータス計算済み,step116で9因縁780行を「陣形+配置英傑6人セット+発動因縁セット」で重複除外。同一組内は総合値最大の配置を代表として採用。,STEP116_SELECTED_MAX_TOTAL_FROM_STEP106_RECALCULATED_9INEN,step106で各陣形有効ラインから再計算済みの9因縁行を使用し、重複組では総合値最大の配置を残す,方円||通常||9||井伊直虎|仙桃院|原虎胤|堀秀政|柳生宗矩|納涼忍お綾||勇猛果敢|多芸多才|女傑の絆|戦場の華|才腕の絆|技巧伝承|文明開化|能鷹隠爪|豪傑,,step116_9inen_dedup_max_total,17949,17949,step164_verified_normal9,腕力,528
step116_9_方円_000050,STEP116_9INEN_DEDUP_MAX_TOTAL_RESULT,step106_9inen_full_780_dedup_by_hero_set_bond_set_max_total,方円,通常,9,武田信玄(野望)|納涼忍お綾|堀秀政|柳生宗矩|宮本武蔵(涼)|道場娘まり(和装),武田信玄(野望)|納涼忍お綾|堀秀政|柳生宗矩|宮本武蔵(涼)|道場娘まり(和装),才腕の絆|文明開化|技巧伝承|多芸多才|侍|剣豪の絆|豪傑|戦場の華|能鷹隠爪,才腕の絆|文明開化|技巧伝承|多芸多才|侍|剣豪の絆|豪傑|戦場の華|能鷹隠爪,13504,1403,514,178,605,169,608,403,408,432,465,ステータス計算済み,step116で9因縁780行を「陣形+配置英傑6人セット+発動因縁セット」で重複除外。同一組内は総合値最大の配置を代表として採用。,STEP116_SELECTED_MAX_TOTAL_FROM_STEP106_RECALCULATED_9INEN,step106で各陣形有効ラインから再計算済みの9因縁行を使用し、重複組では総合値最大の配置を残す,方円||通常||9||堀秀政|宮本武蔵(涼)|柳生宗矩|武田信玄(野望)|納涼忍お綾|道場娘まり(和装)||侍|剣豪の絆|多芸多才|戦場の華|才腕の絆|技巧伝承|文明開化|能鷹隠爪|豪傑,,step116_9inen_dedup_max_total,18689,18689,step164_verified_normal9,腕力,514
step116_9_方円_000033,STEP116_9INEN_DEDUP_MAX_TOTAL_RESULT,step106_9inen_full_780_dedup_by_hero_set_bond_set_max_total,方円,通常,9,伊達政宗(起源)|山中鹿之介|島左近|長野業正|明智光秀(闇)|小松姫,伊達政宗(起源)|山中鹿之介|島左近|長野業正|明智光秀(闇)|小松姫,侍|根性の絆|もののふ|泰然自若|戦場の華|老練闊達|勇猛果敢|武芸の絆|意気衝天,侍|根性の絆|もののふ|泰然自若|戦場の華|老練闊達|勇猛果敢|武芸の絆|意気衝天,14439,3655,509,357,205,121,279,231,238,267,244,ステータス計算済み,step116で9因縁780行を「陣形+配置英傑6人セット+発動因縁セット」で重複除外。同一組内は総合値最大の配置を代表として採用。,STEP116_SELECTED_MAX_TOTAL_FROM_STEP106_RECALCULATED_9INEN,step106で各陣形有効ラインから再計算済みの9因縁行を使用し、重複組では総合値最大の配置を残す,方円||通常||9||伊達政宗(起源)|小松姫|山中鹿之介|島左近|明智光秀(闇)|長野業正||もののふ|侍|勇猛果敢|意気衝天|戦場の華|根性の絆|武芸の絆|泰然自若|老練闊達,,step116_9inen_dedup_max_total,20545,20545,step164_verified_normal9,腕力,509
step116_9_方円_000037,STEP116_9INEN_DEDUP_MAX_TOTAL_RESULT,step106_9inen_full_780_dedup_by_hero_set_bond_set_max_total,方円,通常,9,谷忠澄|柳生宗矩|島左近|出雲阿国(野望)|大祝鶴|魔女ルシア,谷忠澄|柳生宗矩|島左近|出雲阿国(野望)|大祝鶴|魔女ルシア,豪傑|流行創出|神主・巫女|女傑の絆|洒落者の絆|文明開化|技巧伝承|竜飛鳳舞|多芸多才,豪傑|流行創出|神主・巫女|女傑の絆|洒落者の絆|文明開化|技巧伝承|竜飛鳳舞|多芸多才,12761,2985,508,44,222,416,655,535,545,521,585,ステータス計算済み,step116で9因縁780行を「陣形+配置英傑6人セット+発動因縁セット」で重複除外。同一組内は総合値最大の配置を代表として採用。,STEP116_SELECTED_MAX_TOTAL_FROM_STEP106_RECALCULATED_9INEN,step106で各陣形有効ラインから再計算済みの9因縁行を使用し、重複組では総合値最大の配置を残す,方円||通常||9||出雲阿国(野望)|大祝鶴|島左近|柳生宗矩|谷忠澄|魔女ルシア||多芸多才|女傑の絆|技巧伝承|文明開化|洒落者の絆|流行創出|神主・巫女|竜飛鳳舞|豪傑,,step116_9inen_dedup_max_total,19777,19777,step164_verified_normal9,腕力,508
step116_9_方円_000034,STEP116_9INEN_DEDUP_MAX_TOTAL_RESULT,step106_9inen_full_780_dedup_by_hero_set_bond_set_max_total,方円,通常,9,伊達政宗(起源)|山県昌景(泰然)|島左近|長野業正|明智光秀(闇)|小松姫,伊達政宗(起源)|山県昌景(泰然)|島左近|長野業正|明智光秀(闇)|小松姫,侍|根性の絆|もののふ|泰然自若|戦場の華|老練闊達|勇猛果敢|武芸の絆|意気衝天,侍|根性の絆|もののふ|泰然自若|戦場の華|老練闊達|勇猛果敢|武芸の絆|意気衝天,14359,3561,506,357,201,121,272,238,246,264,249,ステータス計算済み,step116で9因縁780行を「陣形+配置英傑6人セット+発動因縁セット」で重複除外。同一組内は総合値最大の配置を代表として採用。,STEP116_SELECTED_MAX_TOTAL_FROM_STEP106_RECALCULATED_9INEN,step106で各陣形有効ラインから再計算済みの9因縁行を使用し、重複組では総合値最大の配置を残す,方円||通常||9||伊達政宗(起源)|小松姫|山県昌景(泰然)|島左近|明智光秀(闇)|長野業正||もののふ|侍|勇猛果敢|意気衝天|戦場の華|根性の絆|武芸の絆|泰然自若|老練闊達,,step116_9inen_dedup_max_total,20374,20374,step164_verified_normal9,腕力,506
step116_9_方円_000038,STEP116_9INEN_DEDUP_MAX_TOTAL_RESULT,step106_9inen_full_780_dedup_by_hero_set_bond_set_max_total,方円,通常,9,十河一存|山中鹿之介|島左近|長野業正|明智光秀(闇)|小松姫,十河一存|山中鹿之介|島左近|長野業正|明智光秀(闇)|小松姫,侍|根性の絆|もののふ|泰然自若|戦場の華|老練闊達|勇猛果敢|武芸の絆|意気衝天,侍|根性の絆|もののふ|泰然自若|戦場の華|老練闊達|勇猛果敢|武芸の絆|意気衝天,13961,3406,499,350,189,106,279,231,238,267,244,ステータス計算済み,step116で9因縁780行を「陣形+配置英傑6人セット+発動因縁セット」で重複除外。同一組内は総合値最大の配置を代表として採用。,STEP116_SELECTED_MAX_TOTAL_FROM_STEP106_RECALCULATED_9INEN,step106で各陣形有効ラインから再計算済みの9因縁行を使用し、重複組では総合値最大の配置を残す,方円||通常||9||十河一存|小松姫|山中鹿之介|島左近|明智光秀(闇)|長野業正||もののふ|侍|勇猛果敢|意気衝天|戦場の華|根性の絆|武芸の絆|泰然自若|老練闊達,,step116_9inen_dedup_max_total,19770,19770,step164_verified_normal9,腕力,499
step116_9_方円_000039,STEP116_9INEN_DEDUP_MAX_TOTAL_RESULT,step106_9inen_full_780_dedup_by_hero_set_bond_set_max_total,方円,通常,9,井伊直政|山中鹿之介|島左近|長野業正|明智光秀(闇)|小松姫,井伊直政|山中鹿之介|島左近|長野業正|明智光秀(闇)|小松姫,侍|根性の絆|もののふ|泰然自若|戦場の華|老練闊達|勇猛果敢|武芸の絆|意気衝天,侍|根性の絆|もののふ|泰然自若|戦場の華|老練闊達|勇猛果敢|武芸の絆|意気衝天,13961,3406,498,351,185,106,279,231,238,267,244,ステータス計算済み,step116で9因縁780行を「陣形+配置英傑6人セット+発動因縁セット」で重複除外。同一組内は総合値最大の配置を代表として採用。,STEP116_SELECTED_MAX_TOTAL_FROM_STEP106_RECALCULATED_9INEN,step106で各陣形有効ラインから再計算済みの9因縁行を使用し、重複組では総合値最大の配置を残す,方円||通常||9||井伊直政|小松姫|山中鹿之介|島左近|明智光秀(闇)|長野業正||もののふ|侍|勇猛果敢|意気衝天|戦場の華|根性の絆|武芸の絆|泰然自若|老練闊達,,step116_9inen_dedup_max_total,19766,19766,step164_verified_normal9,腕力,498
step116_9_方円_000042,STEP116_9INEN_DEDUP_MAX_TOTAL_RESULT,step106_9inen_full_780_dedup_by_hero_set_bond_set_max_total,方円,通常,9,十河一存|山県昌景(泰然)|島左近|長野業正|明智光秀(闇)|小松姫,十河一存|山県昌景(泰然)|島左近|長野業正|明智光秀(闇)|小松姫,侍|根性の絆|もののふ|泰然自若|戦場の華|老練闊達|勇猛果敢|武芸の絆|意気衝天,侍|根性の絆|もののふ|泰然自若|戦場の華|老練闊達|勇猛果敢|武芸の絆|意気衝天,13882,3313,496,350,185,105,272,238,246,264,249,ステータス計算済み,step116で9因縁780行を「陣形+配置英傑6人セット+発動因縁セット」で重複除外。同一組内は総合値最大の配置を代表として採用。,STEP116_SELECTED_MAX_TOTAL_FROM_STEP106_RECALCULATED_9INEN,step106で各陣形有効ラインから再計算済みの9因縁行を使用し、重複組では総合値最大の配置を残す,方円||通常||9||十河一存|小松姫|山県昌景(泰然)|島左近|明智光秀(闇)|長野業正||もののふ|侍|勇猛果敢|意気衝天|戦場の華|根性の絆|武芸の絆|泰然自若|老練闊達,,step116_9inen_dedup_max_total,19600,19600,step164_verified_normal9,腕力,496
step116_9_方円_000043,STEP116_9INEN_DEDUP_MAX_TOTAL_RESULT,step106_9inen_full_780_dedup_by_hero_set_bond_set_max_total,方円,通常,9,井伊直政|山県昌景(泰然)|島左近|長野業正|明智光秀(闇)|小松姫,井伊直政|山県昌景(泰然)|島左近|長野業正|明智光秀(闇)|小松姫,侍|根性の絆|もののふ|泰然自若|戦場の華|老練闊達|勇猛果敢|武芸の絆|意気衝天,侍|根性の絆|もののふ|泰然自若|戦場の華|老練闊達|勇猛果敢|武芸の絆|意気衝天,13882,3313,495,351,181,105,272,238,246,264,249,ステータス計算済み,step116で9因縁780行を「陣形+配置英傑6人セット+発動因縁セット」で重複除外。同一組内は総合値最大の配置を代表として採用。,STEP116_SELECTED_MAX_TOTAL_FROM_STEP106_RECALCULATED_9INEN,step106で各陣形有効ラインから再計算済みの9因縁行を使用し、重複組では総合値最大の配置を残す,方円||通常||9||井伊直政|小松姫|山県昌景(泰然)|島左近|明智光秀(闇)|長野業正||もののふ|侍|勇猛果敢|意気衝天|戦場の華|根性の絆|武芸の絆|泰然自若|老練闊達,,step116_9inen_dedup_max_total,19596,19596,step164_verified_normal9,腕力,495
step116_9_方円_000031,STEP116_9INEN_DEDUP_MAX_TOTAL_RESULT,step106_9inen_full_780_dedup_by_hero_set_bond_set_max_total,方円,通常,9,小松姫|長野業正|山中鹿之介|島左近|豊臣秀次|明智光秀(闇),小松姫|長野業正|山中鹿之介|島左近|豊臣秀次|明智光秀(闇),侍|根性の絆|もののふ|泰然自若|謀略家|流行創出|戦場の華|老練闊達|勇猛果敢,侍|根性の絆|もののふ|泰然自若|謀略家|流行創出|戦場の華|老練闊達|勇猛果敢,14515,2995,424,311,95,304,279,436,464,489,459,ステータス計算済み,step116で9因縁780行を「陣形+配置英傑6人セット+発動因縁セット」で重複除外。同一組内は総合値最大の配置を代表として採用。,STEP116_SELECTED_MAX_TOTAL_FROM_STEP106_RECALCULATED_9INEN,step106で各陣形有効ラインから再計算済みの9因縁行を使用し、重複組では総合値最大の配置を残す,方円||通常||9||小松姫|山中鹿之介|島左近|明智光秀(闇)|豊臣秀次|長野業正||もののふ|侍|勇猛果敢|戦場の華|根性の絆|泰然自若|流行創出|老練闊達|謀略家,,step116_9inen_dedup_max_total,20771,20771,step164_verified_normal9,腕力,424
step116_9_方円_000032,STEP116_9INEN_DEDUP_MAX_TOTAL_RESULT,step106_9inen_full_780_dedup_by_hero_set_bond_set_max_total,方円,通常,9,小松姫|長野業正|山県昌景(泰然)|島左近|豊臣秀次|明智光秀(闇),小松姫|長野業正|山県昌景(泰然)|島左近|豊臣秀次|明智光秀(闇),侍|根性の絆|もののふ|泰然自若|謀略家|流行創出|戦場の華|老練闊達|勇猛果敢,侍|根性の絆|もののふ|泰然自若|謀略家|流行創出|戦場の華|老練闊達|勇猛果敢,14462,2975,422,311,95,304,272,444,471,486,465,ステータス計算済み,step116で9因縁780行を「陣形+配置英傑6人セット+発動因縁セット」で重複除外。同一組内は総合値最大の配置を代表として採用。,STEP116_SELECTED_MAX_TOTAL_FROM_STEP106_RECALCULATED_9INEN,step106で各陣形有効ラインから再計算済みの9因縁行を使用し、重複組では総合値最大の配置を残す,方円||通常||9||小松姫|山県昌景(泰然)|島左近|明智光秀(闇)|豊臣秀次|長野業正||もののふ|侍|勇猛果敢|戦場の華|根性の絆|泰然自若|流行創出|老練闊達|謀略家,,step116_9inen_dedup_max_total,20707,20707,step164_verified_normal9,腕力,422
step116_9_方円_000030,STEP116_9INEN_DEDUP_MAX_TOTAL_RESULT,step106_9inen_full_780_dedup_by_hero_set_bond_set_max_total,方円,通常,9,細川藤孝(立役)|大内義隆|北条氏邦|出雲阿国(野望)|大祝鶴|魔女ルシア,細川藤孝(立役)|大内義隆|北条氏邦|出雲阿国(野望)|大祝鶴|魔女ルシア,流行創出|多芸多才|神主・巫女|女傑の絆|洒落者の絆|文化人の絆|文明開化|技巧伝承|山紫水明,流行創出|多芸多才|神主・巫女|女傑の絆|洒落者の絆|文化人の絆|文明開化|技巧伝承|山紫水明,13386,2828,227,40,348,443,684,850,893,818,874,ステータス計算済み,step116で9因縁780行を「陣形+配置英傑6人セット+発動因縁セット」で重複除外。同一組内は総合値最大の配置を代表として採用。,STEP116_SELECTED_MAX_TOTAL_FROM_STEP106_RECALCULATED_9INEN,step106で各陣形有効ラインから再計算済みの9因縁行を使用し、重複組では総合値最大の配置を残す,方円||通常||9||出雲阿国(野望)|北条氏邦|大内義隆|大祝鶴|細川藤孝(立役)|魔女ルシア||多芸多才|女傑の絆|山紫水明|技巧伝承|文化人の絆|文明開化|洒落者の絆|流行創出|神主・巫女,,step116_9inen_dedup_max_total,21391,21391,step164_verified_normal9,腕力,227
step116_9_方円_000006,STEP116_9INEN_DEDUP_MAX_TOTAL_RESULT,step106_9inen_full_780_dedup_by_hero_set_bond_set_max_total,方円,通常,9,片倉景綱(右腕)|武田晴信|愛姫(起源)|細川藤孝(立役)|今川義元|前田利家,片倉景綱(右腕)|武田晴信|愛姫(起源)|細川藤孝(立役)|今川義元|前田利家,健康第一|老練闊達|質実剛健|文明開化|山紫水明|巧言令色|謀略家|雄材大略|摂理探究,健康第一|老練闊達|質実剛健|文明開化|山紫水明|巧言令色|謀略家|雄材大略|摂理探究,15159,4827,152,210,0,786,344,536,554,564,515,ステータス計算済み,step116で9因縁780行を「陣形+配置英傑6人セット+発動因縁セット」で重複除外。同一組内は総合値最大の配置を代表として採用。,STEP116_SELECTED_MAX_TOTAL_FROM_STEP106_RECALCULATED_9INEN,step106で各陣形有効ラインから再計算済みの9因縁行を使用し、重複組では総合値最大の配置を残す,方円||通常||9||今川義元|前田利家|愛姫(起源)|武田晴信|片倉景綱(右腕)|細川藤孝(立役)||健康第一|山紫水明|巧言令色|摂理探究|文明開化|老練闊達|謀略家|質実剛健|雄材大略,,step116_9inen_dedup_max_total,23647,23647,step164_verified_normal9,腕力,152
step116_9_方円_000005,STEP116_9INEN_DEDUP_MAX_TOTAL_RESULT,step106_9inen_full_780_dedup_by_hero_set_bond_set_max_total,方円,通常,9,今川義元|前田利家(雄材)|片倉景綱(右腕)|武田晴信|愛姫(起源)|細川藤孝(立役),今川義元|前田利家(雄材)|片倉景綱(右腕)|武田晴信|愛姫(起源)|細川藤孝(立役),謀略家|雄材大略|摂理探究|健康第一|老練闊達|質実剛健|文明開化|山紫水明|巧言令色,謀略家|雄材大略|摂理探究|健康第一|老練闊達|質実剛健|文明開化|山紫水明|巧言令色,15159,4827,152,210,0,786,344,536,554,564,515,ステータス計算済み,step116で9因縁780行を「陣形+配置英傑6人セット+発動因縁セット」で重複除外。同一組内は総合値最大の配置を代表として採用。,STEP116_SELECTED_MAX_TOTAL_FROM_STEP106_RECALCULATED_9INEN,step106で各陣形有効ラインから再計算済みの9因縁行を使用し、重複組では総合値最大の配置を残す,方円||通常||9||今川義元|前田利家(雄材)|愛姫(起源)|武田晴信|片倉景綱(右腕)|細川藤孝(立役)||健康第一|山紫水明|巧言令色|摂理探究|文明開化|老練闊達|謀略家|質実剛健|雄材大略,,step116_9inen_dedup_max_total,23647,23647,step164_verified_normal9,腕力,152
step116_9_方円_000048,STEP116_9INEN_DEDUP_MAX_TOTAL_RESULT,step106_9inen_full_780_dedup_by_hero_set_bond_set_max_total,方円,通常,9,佐竹義重|豊臣秀長|北条氏照(剛柔)|豊臣秀次|百地三太夫(野望)|斎藤道三(巳),佐竹義重|豊臣秀長|北条氏照(剛柔)|豊臣秀次|百地三太夫(野望)|斎藤道三(巳),知将の絆|立役者|技巧伝承|柔能制剛|謀略家|生殺与奪|侍|才腕の絆|知勇兼備,知将の絆|立役者|技巧伝承|柔能制剛|謀略家|生殺与奪|侍|才腕の絆|知勇兼備,13439,1428,148,90,470,950,392,509,499,509,503,ステータス計算済み,step116で9因縁780行を「陣形+配置英傑6人セット+発動因縁セット」で重複除外。同一組内は総合値最大の配置を代表として採用。,STEP116_SELECTED_MAX_TOTAL_FROM_STEP106_RECALCULATED_9INEN,step106で各陣形有効ラインから再計算済みの9因縁行を使用し、重複組では総合値最大の配置を残す,方円||通常||9||佐竹義重|北条氏照(剛柔)|斎藤道三(巳)|百地三太夫(野望)|豊臣秀次|豊臣秀長||侍|才腕の絆|技巧伝承|柔能制剛|生殺与奪|知勇兼備|知将の絆|立役者|謀略家,,step116_9inen_dedup_max_total,18937,18937,step164_verified_normal9,腕力,148
step116_9_方円_000002,STEP116_9INEN_DEDUP_MAX_TOTAL_RESULT,step106_9inen_full_780_dedup_by_hero_set_bond_set_max_total,方円,通常,9,鍋島直茂(乱雲)|武田晴信|愛姫(起源)|細川藤孝(立役)|今川義元|前田利家,鍋島直茂(乱雲)|武田晴信|愛姫(起源)|細川藤孝(立役)|今川義元|前田利家,健康第一|老練闊達|質実剛健|文明開化|山紫水明|巧言令色|謀略家|雄材大略|摂理探究,健康第一|老練闊達|質実剛健|文明開化|山紫水明|巧言令色|謀略家|雄材大略|摂理探究,15234,4833,147,210,0,786,344,531,556,551,515,ステータス計算済み,step116で9因縁780行を「陣形+配置英傑6人セット+発動因縁セット」で重複除外。同一組内は総合値最大の配置を代表として採用。,STEP116_SELECTED_MAX_TOTAL_FROM_STEP106_RECALCULATED_9INEN,step106で各陣形有効ラインから再計算済みの9因縁行を使用し、重複組では総合値最大の配置を残す,方円||通常||9||今川義元|前田利家|愛姫(起源)|武田晴信|細川藤孝(立役)|鍋島直茂(乱雲)||健康第一|山紫水明|巧言令色|摂理探究|文明開化|老練闊達|謀略家|質実剛健|雄材大略,,step116_9inen_dedup_max_total,23707,23707,step164_verified_normal9,腕力,147
step116_9_方円_000001,STEP116_9INEN_DEDUP_MAX_TOTAL_RESULT,step106_9inen_full_780_dedup_by_hero_set_bond_set_max_total,方円,通常,9,今川義元|前田利家(雄材)|鍋島直茂(乱雲)|武田晴信|愛姫(起源)|細川藤孝(立役),今川義元|前田利家(雄材)|鍋島直茂(乱雲)|武田晴信|愛姫(起源)|細川藤孝(立役),謀略家|雄材大略|摂理探究|健康第一|老練闊達|質実剛健|文明開化|山紫水明|巧言令色,謀略家|雄材大略|摂理探究|健康第一|老練闊達|質実剛健|文明開化|山紫水明|巧言令色,15234,4833,147,210,0,786,344,531,556,551,515,ステータス計算済み,step116で9因縁780行を「陣形+配置英傑6人セット+発動因縁セット」で重複除外。同一組内は総合値最大の配置を代表として採用。,STEP116_SELECTED_MAX_TOTAL_FROM_STEP106_RECALCULATED_9INEN,step106で各陣形有効ラインから再計算済みの9因縁行を使用し、重複組では総合値最大の配置を残す,方円||通常||9||今川義元|前田利家(雄材)|愛姫(起源)|武田晴信|細川藤孝(立役)|鍋島直茂(乱雲)||健康第一|山紫水明|巧言令色|摂理探究|文明開化|老練闊達|謀略家|質実剛健|雄材大略,,step116_9inen_dedup_max_total,23707,23707,step164_verified_normal9,腕力,147
step116_9_方円_000046,STEP116_9INEN_DEDUP_MAX_TOTAL_RESULT,step106_9inen_full_780_dedup_by_hero_set_bond_set_max_total,方円,通常,9,鍋島直茂(乱雲)|北条氏照(剛柔)|金森長近|雑賀孫市(道化)|黒田長政|黒田官兵衛,鍋島直茂(乱雲)|北条氏照(剛柔)|金森長近|雑賀孫市(道化)|黒田長政|黒田官兵衛,文明開化|技巧伝承|知勇兼備|才腕の絆|硝煙弾雨|多芸多才|知将の絆|立役者|柔能制剛,文明開化|技巧伝承|知勇兼備|才腕の絆|硝煙弾雨|多芸多才|知将の絆|立役者|柔能制剛,11606,3272,147,112,633,773,343,556,641,573,552,ステータス計算済み,step116で9因縁780行を「陣形+配置英傑6人セット+発動因縁セット」で重複除外。同一組内は総合値最大の配置を代表として採用。,STEP116_SELECTED_MAX_TOTAL_FROM_STEP106_RECALCULATED_9INEN,step106で各陣形有効ラインから再計算済みの9因縁行を使用し、重複組では総合値最大の配置を残す,方円||通常||9||北条氏照(剛柔)|金森長近|鍋島直茂(乱雲)|雑賀孫市(道化)|黒田官兵衛|黒田長政||多芸多才|才腕の絆|技巧伝承|文明開化|柔能制剛|知勇兼備|知将の絆|硝煙弾雨|立役者,,step116_9inen_dedup_max_total,19208,19208,step164_verified_normal9,腕力,147
step116_9_方円_000047,STEP116_9INEN_DEDUP_MAX_TOTAL_RESULT,step106_9inen_full_780_dedup_by_hero_set_bond_set_max_total,方円,通常,9,豊臣秀長|北条氏照(剛柔)|金森長近|雑賀孫市(道化)|黒田長政|黒田官兵衛,豊臣秀長|北条氏照(剛柔)|金森長近|雑賀孫市(道化)|黒田長政|黒田官兵衛,文明開化|技巧伝承|知勇兼備|才腕の絆|硝煙弾雨|多芸多才|知将の絆|立役者|柔能制剛,文明開化|技巧伝承|知勇兼備|才腕の絆|硝煙弾雨|多芸多才|知将の絆|立役者|柔能制剛,11393,3272,147,112,631,777,343,562,643,581,554,ステータス計算済み,step116で9因縁780行を「陣形+配置英傑6人セット+発動因縁セット」で重複除外。同一組内は総合値最大の配置を代表として採用。,STEP116_SELECTED_MAX_TOTAL_FROM_STEP106_RECALCULATED_9INEN,step106で各陣形有効ラインから再計算済みの9因縁行を使用し、重複組では総合値最大の配置を残す,方円||通常||9||北条氏照(剛柔)|豊臣秀長|金森長近|雑賀孫市(道化)|黒田官兵衛|黒田長政||多芸多才|才腕の絆|技巧伝承|文明開化|柔能制剛|知勇兼備|知将の絆|硝煙弾雨|立役者,,step116_9inen_dedup_max_total,19015,19015,step164_verified_normal9,腕力,147
step116_9_方円_000010,STEP116_9INEN_DEDUP_MAX_TOTAL_RESULT,step106_9inen_full_780_dedup_by_hero_set_bond_set_max_total,方円,通常,9,豊臣秀長|武田晴信|愛姫(起源)|細川藤孝(立役)|今川義元|前田利家,豊臣秀長|武田晴信|愛姫(起源)|細川藤孝(立役)|今川義元|前田利家,健康第一|老練闊達|質実剛健|文明開化|山紫水明|巧言令色|謀略家|雄材大略|摂理探究,健康第一|老練闊達|質実剛健|文明開化|山紫水明|巧言令色|謀略家|雄材大略|摂理探究,15036,4864,143,210,0,790,344,539,559,563,519,ステータス計算済み,step116で9因縁780行を「陣形+配置英傑6人セット+発動因縁セット」で重複除外。同一組内は総合値最大の配置を代表として採用。,STEP116_SELECTED_MAX_TOTAL_FROM_STEP106_RECALCULATED_9INEN,step106で各陣形有効ラインから再計算済みの9因縁行を使用し、重複組では総合値最大の配置を残す,方円||通常||9||今川義元|前田利家|愛姫(起源)|武田晴信|細川藤孝(立役)|豊臣秀長||健康第一|山紫水明|巧言令色|摂理探究|文明開化|老練闊達|謀略家|質実剛健|雄材大略,,step116_9inen_dedup_max_total,23567,23567,step164_verified_normal9,腕力,143
step116_9_方円_000009,STEP116_9INEN_DEDUP_MAX_TOTAL_RESULT,step106_9inen_full_780_dedup_by_hero_set_bond_set_max_total,方円,通常,9,今川義元|前田利家(雄材)|豊臣秀長|武田晴信|愛姫(起源)|細川藤孝(立役),今川義元|前田利家(雄材)|豊臣秀長|武田晴信|愛姫(起源)|細川藤孝(立役),謀略家|雄材大略|摂理探究|健康第一|老練闊達|質実剛健|文明開化|山紫水明|巧言令色,謀略家|雄材大略|摂理探究|健康第一|老練闊達|質実剛健|文明開化|山紫水明|巧言令色,15036,4864,143,210,0,790,344,539,559,563,519,ステータス計算済み,step116で9因縁780行を「陣形+配置英傑6人セット+発動因縁セット」で重複除外。同一組内は総合値最大の配置を代表として採用。,STEP116_SELECTED_MAX_TOTAL_FROM_STEP106_RECALCULATED_9INEN,step106で各陣形有効ラインから再計算済みの9因縁行を使用し、重複組では総合値最大の配置を残す,方円||通常||9||今川義元|前田利家(雄材)|愛姫(起源)|武田晴信|細川藤孝(立役)|豊臣秀長||健康第一|山紫水明|巧言令色|摂理探究|文明開化|老練闊達|謀略家|質実剛健|雄材大略,,step116_9inen_dedup_max_total,23567,23567,step164_verified_normal9,腕力,143
step116_9_方円_000049,STEP116_9INEN_DEDUP_MAX_TOTAL_RESULT,step106_9inen_full_780_dedup_by_hero_set_bond_set_max_total,方円,通常,9,鍋島直茂(乱雲)|北条氏照(剛柔)|金森長近|雑賀孫市(道化)|大久保忠世|黒田官兵衛,鍋島直茂(乱雲)|北条氏照(剛柔)|金森長近|雑賀孫市(道化)|大久保忠世|黒田官兵衛,文明開化|技巧伝承|知勇兼備|才腕の絆|硝煙弾雨|多芸多才|知将の絆|立役者|柔能制剛,文明開化|技巧伝承|知勇兼備|才腕の絆|硝煙弾雨|多芸多才|知将の絆|立役者|柔能制剛,11367,3232,143,108,628,760,336,524,610,536,523,ステータス計算済み,step116で9因縁780行を「陣形+配置英傑6人セット+発動因縁セット」で重複除外。同一組内は総合値最大の配置を代表として採用。,STEP116_SELECTED_MAX_TOTAL_FROM_STEP106_RECALCULATED_9INEN,step106で各陣形有効ラインから再計算済みの9因縁行を使用し、重複組では総合値最大の配置を残す,方円||通常||9||北条氏照(剛柔)|大久保忠世|金森長近|鍋島直茂(乱雲)|雑賀孫市(道化)|黒田官兵衛||多芸多才|才腕の絆|技巧伝承|文明開化|柔能制剛|知勇兼備|知将の絆|硝煙弾雨|立役者,,step116_9inen_dedup_max_total,18767,18767,step164_verified_normal9,腕力,143
step116_9_方円_000051,STEP116_9INEN_DEDUP_MAX_TOTAL_RESULT,step106_9inen_full_780_dedup_by_hero_set_bond_set_max_total,方円,通常,9,豊臣秀長|北条氏照(剛柔)|金森長近|雑賀孫市(道化)|大久保忠世|黒田官兵衛,豊臣秀長|北条氏照(剛柔)|金森長近|雑賀孫市(道化)|大久保忠世|黒田官兵衛,文明開化|技巧伝承|知勇兼備|才腕の絆|硝煙弾雨|多芸多才|知将の絆|立役者|柔能制剛,文明開化|技巧伝承|知勇兼備|才腕の絆|硝煙弾雨|多芸多才|知将の絆|立役者|柔能制剛,11154,3232,143,108,626,764,336,530,612,545,525,ステータス計算済み,step116で9因縁780行を「陣形+配置英傑6人セット+発動因縁セット」で重複除外。同一組内は総合値最大の配置を代表として採用。,STEP116_SELECTED_MAX_TOTAL_FROM_STEP106_RECALCULATED_9INEN,step106で各陣形有効ラインから再計算済みの9因縁行を使用し、重複組では総合値最大の配置を残す,方円||通常||9||北条氏照(剛柔)|大久保忠世|豊臣秀長|金森長近|雑賀孫市(道化)|黒田官兵衛||多芸多才|才腕の絆|技巧伝承|文明開化|柔能制剛|知勇兼備|知将の絆|硝煙弾雨|立役者,,step116_9inen_dedup_max_total,18575,18575,step164_verified_normal9,腕力,143
step116_9_方円_000008,STEP116_9INEN_DEDUP_MAX_TOTAL_RESULT,step106_9inen_full_780_dedup_by_hero_set_bond_set_max_total,方円,通常,9,片倉景綱(右腕)|武田晴信|高台院|細川藤孝(立役)|今川義元|前田利家,片倉景綱(右腕)|武田晴信|高台院|細川藤孝(立役)|今川義元|前田利家,健康第一|老練闊達|質実剛健|文明開化|山紫水明|巧言令色|謀略家|雄材大略|摂理探究,健康第一|老練闊達|質実剛健|文明開化|山紫水明|巧言令色|謀略家|雄材大略|摂理探究,15162,4802,141,206,0,790,344,535,552,559,512,ステータス計算済み,step116で9因縁780行を「陣形+配置英傑6人セット+発動因縁セット」で重複除外。同一組内は総合値最大の配置を代表として採用。,STEP116_SELECTED_MAX_TOTAL_FROM_STEP106_RECALCULATED_9INEN,step106で各陣形有効ラインから再計算済みの9因縁行を使用し、重複組では総合値最大の配置を残す,方円||通常||9||今川義元|前田利家|武田晴信|片倉景綱(右腕)|細川藤孝(立役)|高台院||健康第一|山紫水明|巧言令色|摂理探究|文明開化|老練闊達|謀略家|質実剛健|雄材大略,,step116_9inen_dedup_max_total,23603,23603,step164_verified_normal9,腕力,141
step116_9_方円_000007,STEP116_9INEN_DEDUP_MAX_TOTAL_RESULT,step106_9inen_full_780_dedup_by_hero_set_bond_set_max_total,方円,通常,9,今川義元|前田利家(雄材)|片倉景綱(右腕)|武田晴信|高台院|細川藤孝(立役),今川義元|前田利家(雄材)|片倉景綱(右腕)|武田晴信|高台院|細川藤孝(立役),謀略家|雄材大略|摂理探究|健康第一|老練闊達|質実剛健|文明開化|山紫水明|巧言令色,謀略家|雄材大略|摂理探究|健康第一|老練闊達|質実剛健|文明開化|山紫水明|巧言令色,15162,4802,141,206,0,790,344,535,552,559,512,ステータス計算済み,step116で9因縁780行を「陣形+配置英傑6人セット+発動因縁セット」で重複除外。同一組内は総合値最大の配置を代表として採用。,STEP116_SELECTED_MAX_TOTAL_FROM_STEP106_RECALCULATED_9INEN,step106で各陣形有効ラインから再計算済みの9因縁行を使用し、重複組では総合値最大の配置を残す,方円||通常||9||今川義元|前田利家(雄材)|武田晴信|片倉景綱(右腕)|細川藤孝(立役)|高台院||健康第一|山紫水明|巧言令色|摂理探究|文明開化|老練闊達|謀略家|質実剛健|雄材大略,,step116_9inen_dedup_max_total,23603,23603,step164_verified_normal9,腕力,141
step116_9_方円_000004,STEP116_9INEN_DEDUP_MAX_TOTAL_RESULT,step106_9inen_full_780_dedup_by_hero_set_bond_set_max_total,方円,通常,9,鍋島直茂(乱雲)|武田晴信|高台院|細川藤孝(立役)|今川義元|前田利家,鍋島直茂(乱雲)|武田晴信|高台院|細川藤孝(立役)|今川義元|前田利家,健康第一|老練闊達|質実剛健|文明開化|山紫水明|巧言令色|謀略家|雄材大略|摂理探究,健康第一|老練闊達|質実剛健|文明開化|山紫水明|巧言令色|謀略家|雄材大略|摂理探究,15237,4808,136,206,0,790,344,530,554,546,512,ステータス計算済み,step116で9因縁780行を「陣形+配置英傑6人セット+発動因縁セット」で重複除外。同一組内は総合値最大の配置を代表として採用。,STEP116_SELECTED_MAX_TOTAL_FROM_STEP106_RECALCULATED_9INEN,step106で各陣形有効ラインから再計算済みの9因縁行を使用し、重複組では総合値最大の配置を残す,方円||通常||9||今川義元|前田利家|武田晴信|細川藤孝(立役)|鍋島直茂(乱雲)|高台院||健康第一|山紫水明|巧言令色|摂理探究|文明開化|老練闊達|謀略家|質実剛健|雄材大略,,step116_9inen_dedup_max_total,23663,23663,step164_verified_normal9,腕力,136
step116_9_方円_000003,STEP116_9INEN_DEDUP_MAX_TOTAL_RESULT,step106_9inen_full_780_dedup_by_hero_set_bond_set_max_total,方円,通常,9,今川義元|前田利家(雄材)|鍋島直茂(乱雲)|武田晴信|高台院|細川藤孝(立役),今川義元|前田利家(雄材)|鍋島直茂(乱雲)|武田晴信|高台院|細川藤孝(立役),謀略家|雄材大略|摂理探究|健康第一|老練闊達|質実剛健|文明開化|山紫水明|巧言令色,謀略家|雄材大略|摂理探究|健康第一|老練闊達|質実剛健|文明開化|山紫水明|巧言令色,15237,4808,136,206,0,790,344,530,554,546,512,ステータス計算済み,step116で9因縁780行を「陣形+配置英傑6人セット+発動因縁セット」で重複除外。同一組内は総合値最大の配置を代表として採用。,STEP116_SELECTED_MAX_TOTAL_FROM_STEP106_RECALCULATED_9INEN,step106で各陣形有効ラインから再計算済みの9因縁行を使用し、重複組では総合値最大の配置を残す,方円||通常||9||今川義元|前田利家(雄材)|武田晴信|細川藤孝(立役)|鍋島直茂(乱雲)|高台院||健康第一|山紫水明|巧言令色|摂理探究|文明開化|老練闊達|謀略家|質実剛健|雄材大略,,step116_9inen_dedup_max_total,23663,23663,step164_verified_normal9,腕力,136
step116_9_方円_000016,STEP116_9INEN_DEDUP_MAX_TOTAL_RESULT,step106_9inen_full_780_dedup_by_hero_set_bond_set_max_total,方円,通常,9,竹中半兵衛(右腕)|武田晴信|愛姫(起源)|細川藤孝(立役)|今川義元|前田利家,竹中半兵衛(右腕)|武田晴信|愛姫(起源)|細川藤孝(立役)|今川義元|前田利家,健康第一|老練闊達|質実剛健|文明開化|山紫水明|巧言令色|謀略家|雄材大略|摂理探究,健康第一|老練闊達|質実剛健|文明開化|山紫水明|巧言令色|謀略家|雄材大略|摂理探究,14808,4896,136,210,0,792,344,552,573,573,532,ステータス計算済み,step116で9因縁780行を「陣形+配置英傑6人セット+発動因縁セット」で重複除外。同一組内は総合値最大の配置を代表として採用。,STEP116_SELECTED_MAX_TOTAL_FROM_STEP106_RECALCULATED_9INEN,step106で各陣形有効ラインから再計算済みの9因縁行を使用し、重複組では総合値最大の配置を残す,方円||通常||9||今川義元|前田利家|愛姫(起源)|武田晴信|竹中半兵衛(右腕)|細川藤孝(立役)||健康第一|山紫水明|巧言令色|摂理探究|文明開化|老練闊達|謀略家|質実剛健|雄材大略,,step116_9inen_dedup_max_total,23416,23416,step164_verified_normal9,腕力,136
step116_9_方円_000015,STEP116_9INEN_DEDUP_MAX_TOTAL_RESULT,step106_9inen_full_780_dedup_by_hero_set_bond_set_max_total,方円,通常,9,今川義元|前田利家(雄材)|竹中半兵衛(右腕)|武田晴信|愛姫(起源)|細川藤孝(立役),今川義元|前田利家(雄材)|竹中半兵衛(右腕)|武田晴信|愛姫(起源)|細川藤孝(立役),謀略家|雄材大略|摂理探究|健康第一|老練闊達|質実剛健|文明開化|山紫水明|巧言令色,謀略家|雄材大略|摂理探究|健康第一|老練闊達|質実剛健|文明開化|山紫水明|巧言令色,14808,4896,136,210,0,792,344,552,573,573,532,ステータス計算済み,step116で9因縁780行を「陣形+配置英傑6人セット+発動因縁セット」で重複除外。同一組内は総合値最大の配置を代表として採用。,STEP116_SELECTED_MAX_TOTAL_FROM_STEP106_RECALCULATED_9INEN,step106で各陣形有効ラインから再計算済みの9因縁行を使用し、重複組では総合値最大の配置を残す,方円||通常||9||今川義元|前田利家(雄材)|愛姫(起源)|武田晴信|竹中半兵衛(右腕)|細川藤孝(立役)||健康第一|山紫水明|巧言令色|摂理探究|文明開化|老練闊達|謀略家|質実剛健|雄材大略,,step116_9inen_dedup_max_total,23416,23416,step164_verified_normal9,腕力,136
step116_9_方円_000012,STEP116_9INEN_DEDUP_MAX_TOTAL_RESULT,step106_9inen_full_780_dedup_by_hero_set_bond_set_max_total,方円,通常,9,豊臣秀長|武田晴信|高台院|細川藤孝(立役)|今川義元|前田利家,豊臣秀長|武田晴信|高台院|細川藤孝(立役)|今川義元|前田利家,健康第一|老練闊達|質実剛健|文明開化|山紫水明|巧言令色|謀略家|雄材大略|摂理探究,健康第一|老練闊達|質実剛健|文明開化|山紫水明|巧言令色|謀略家|雄材大略|摂理探究,15039,4838,132,206,0,795,344,537,557,558,515,ステータス計算済み,step116で9因縁780行を「陣形+配置英傑6人セット+発動因縁セット」で重複除外。同一組内は総合値最大の配置を代表として採用。,STEP116_SELECTED_MAX_TOTAL_FROM_STEP106_RECALCULATED_9INEN,step106で各陣形有効ラインから再計算済みの9因縁行を使用し、重複組では総合値最大の配置を残す,方円||通常||9||今川義元|前田利家|武田晴信|細川藤孝(立役)|豊臣秀長|高台院||健康第一|山紫水明|巧言令色|摂理探究|文明開化|老練闊達|謀略家|質実剛健|雄材大略,,step116_9inen_dedup_max_total,23521,23521,step164_verified_normal9,腕力,132
step116_9_方円_000011,STEP116_9INEN_DEDUP_MAX_TOTAL_RESULT,step106_9inen_full_780_dedup_by_hero_set_bond_set_max_total,方円,通常,9,今川義元|前田利家(雄材)|豊臣秀長|武田晴信|高台院|細川藤孝(立役),今川義元|前田利家(雄材)|豊臣秀長|武田晴信|高台院|細川藤孝(立役),謀略家|雄材大略|摂理探究|健康第一|老練闊達|質実剛健|文明開化|山紫水明|巧言令色,謀略家|雄材大略|摂理探究|健康第一|老練闊達|質実剛健|文明開化|山紫水明|巧言令色,15039,4838,132,206,0,795,344,537,557,558,515,ステータス計算済み,step116で9因縁780行を「陣形+配置英傑6人セット+発動因縁セット」で重複除外。同一組内は総合値最大の配置を代表として採用。,STEP116_SELECTED_MAX_TOTAL_FROM_STEP106_RECALCULATED_9INEN,step106で各陣形有効ラインから再計算済みの9因縁行を使用し、重複組では総合値最大の配置を残す,方円||通常||9||今川義元|前田利家(雄材)|武田晴信|細川藤孝(立役)|豊臣秀長|高台院||健康第一|山紫水明|巧言令色|摂理探究|文明開化|老練闊達|謀略家|質実剛健|雄材大略,,step116_9inen_dedup_max_total,23521,23521,step164_verified_normal9,腕力,132
step116_9_方円_000014,STEP116_9INEN_DEDUP_MAX_TOTAL_RESULT,step106_9inen_full_780_dedup_by_hero_set_bond_set_max_total,方円,通常,9,丹羽長秀(風雲)|武田晴信|愛姫(起源)|細川藤孝(立役)|今川義元|前田利家,丹羽長秀(風雲)|武田晴信|愛姫(起源)|細川藤孝(立役)|今川義元|前田利家,健康第一|老練闊達|質実剛健|文明開化|山紫水明|巧言令色|謀略家|雄材大略|摂理探究,健康第一|老練闊達|質実剛健|文明開化|山紫水明|巧言令色|謀略家|雄材大略|摂理探究,14973,4838,131,210,0,783,344,521,568,568,501,ステータス計算済み,step116で9因縁780行を「陣形+配置英傑6人セット+発動因縁セット」で重複除外。同一組内は総合値最大の配置を代表として採用。,STEP116_SELECTED_MAX_TOTAL_FROM_STEP106_RECALCULATED_9INEN,step106で各陣形有効ラインから再計算済みの9因縁行を使用し、重複組では総合値最大の配置を残す,方円||通常||9||丹羽長秀(風雲)|今川義元|前田利家|愛姫(起源)|武田晴信|細川藤孝(立役)||健康第一|山紫水明|巧言令色|摂理探究|文明開化|老練闊達|謀略家|質実剛健|雄材大略,,step116_9inen_dedup_max_total,23437,23437,step164_verified_normal9,腕力,131
step116_9_方円_000013,STEP116_9INEN_DEDUP_MAX_TOTAL_RESULT,step106_9inen_full_780_dedup_by_hero_set_bond_set_max_total,方円,通常,9,今川義元|前田利家(雄材)|丹羽長秀(風雲)|武田晴信|愛姫(起源)|細川藤孝(立役),今川義元|前田利家(雄材)|丹羽長秀(風雲)|武田晴信|愛姫(起源)|細川藤孝(立役),謀略家|雄材大略|摂理探究|健康第一|老練闊達|質実剛健|文明開化|山紫水明|巧言令色,謀略家|雄材大略|摂理探究|健康第一|老練闊達|質実剛健|文明開化|山紫水明|巧言令色,14973,4838,131,210,0,783,344,521,568,568,501,ステータス計算済み,step116で9因縁780行を「陣形+配置英傑6人セット+発動因縁セット」で重複除外。同一組内は総合値最大の配置を代表として採用。,STEP116_SELECTED_MAX_TOTAL_FROM_STEP106_RECALCULATED_9INEN,step106で各陣形有効ラインから再計算済みの9因縁行を使用し、重複組では総合値最大の配置を残す,方円||通常||9||丹羽長秀(風雲)|今川義元|前田利家(雄材)|愛姫(起源)|武田晴信|細川藤孝(立役)||健康第一|山紫水明|巧言令色|摂理探究|文明開化|老練闊達|謀略家|質実剛健|雄材大略,,step116_9inen_dedup_max_total,23437,23437,step164_verified_normal9,腕力,131
step116_9_方円_000020,STEP116_9INEN_DEDUP_MAX_TOTAL_RESULT,step106_9inen_full_780_dedup_by_hero_set_bond_set_max_total,方円,通常,9,竹中半兵衛(右腕)|武田晴信|高台院|細川藤孝(立役)|今川義元|前田利家,竹中半兵衛(右腕)|武田晴信|高台院|細川藤孝(立役)|今川義元|前田利家,健康第一|老練闊達|質実剛健|文明開化|山紫水明|巧言令色|謀略家|雄材大略|摂理探究,健康第一|老練闊達|質実剛健|文明開化|山紫水明|巧言令色|謀略家|雄材大略|摂理探究,14811,4870,125,206,0,796,344,551,570,568,529,ステータス計算済み,step116で9因縁780行を「陣形+配置英傑6人セット+発動因縁セット」で重複除外。同一組内は総合値最大の配置を代表として採用。,STEP116_SELECTED_MAX_TOTAL_FROM_STEP106_RECALCULATED_9INEN,step106で各陣形有効ラインから再計算済みの9因縁行を使用し、重複組では総合値最大の配置を残す,方円||通常||9||今川義元|前田利家|武田晴信|竹中半兵衛(右腕)|細川藤孝(立役)|高台院||健康第一|山紫水明|巧言令色|摂理探究|文明開化|老練闊達|謀略家|質実剛健|雄材大略,,step116_9inen_dedup_max_total,23370,23370,step164_verified_normal9,腕力,125
step116_9_方円_000019,STEP116_9INEN_DEDUP_MAX_TOTAL_RESULT,step106_9inen_full_780_dedup_by_hero_set_bond_set_max_total,方円,通常,9,今川義元|前田利家(雄材)|竹中半兵衛(右腕)|武田晴信|高台院|細川藤孝(立役),今川義元|前田利家(雄材)|竹中半兵衛(右腕)|武田晴信|高台院|細川藤孝(立役),謀略家|雄材大略|摂理探究|健康第一|老練闊達|質実剛健|文明開化|山紫水明|巧言令色,謀略家|雄材大略|摂理探究|健康第一|老練闊達|質実剛健|文明開化|山紫水明|巧言令色,14811,4870,125,206,0,796,344,551,570,568,529,ステータス計算済み,step116で9因縁780行を「陣形+配置英傑6人セット+発動因縁セット」で重複除外。同一組内は総合値最大の配置を代表として採用。,STEP116_SELECTED_MAX_TOTAL_FROM_STEP106_RECALCULATED_9INEN,step106で各陣形有効ラインから再計算済みの9因縁行を使用し、重複組では総合値最大の配置を残す,方円||通常||9||今川義元|前田利家(雄材)|武田晴信|竹中半兵衛(右腕)|細川藤孝(立役)|高台院||健康第一|山紫水明|巧言令色|摂理探究|文明開化|老練闊達|謀略家|質実剛健|雄材大略,,step116_9inen_dedup_max_total,23370,23370,step164_verified_normal9,腕力,125
step116_9_方円_000018,STEP116_9INEN_DEDUP_MAX_TOTAL_RESULT,step106_9inen_full_780_dedup_by_hero_set_bond_set_max_total,方円,通常,9,丹羽長秀(風雲)|武田晴信|高台院|細川藤孝(立役)|今川義元|前田利家,丹羽長秀(風雲)|武田晴信|高台院|細川藤孝(立役)|今川義元|前田利家,健康第一|老練闊達|質実剛健|文明開化|山紫水明|巧言令色|謀略家|雄材大略|摂理探究,健康第一|老練闊達|質実剛健|文明開化|山紫水明|巧言令色|謀略家|雄材大略|摂理探究,14976,4813,120,206,0,787,344,520,566,564,498,ステータス計算済み,step116で9因縁780行を「陣形+配置英傑6人セット+発動因縁セット」で重複除外。同一組内は総合値最大の配置を代表として採用。,STEP116_SELECTED_MAX_TOTAL_FROM_STEP106_RECALCULATED_9INEN,step106で各陣形有効ラインから再計算済みの9因縁行を使用し、重複組では総合値最大の配置を残す,方円||通常||9||丹羽長秀(風雲)|今川義元|前田利家|武田晴信|細川藤孝(立役)|高台院||健康第一|山紫水明|巧言令色|摂理探究|文明開化|老練闊達|謀略家|質実剛健|雄材大略,,step116_9inen_dedup_max_total,23394,23394,step164_verified_normal9,腕力,120
step116_9_方円_000017,STEP116_9INEN_DEDUP_MAX_TOTAL_RESULT,step106_9inen_full_780_dedup_by_hero_set_bond_set_max_total,方円,通常,9,今川義元|前田利家(雄材)|丹羽長秀(風雲)|武田晴信|高台院|細川藤孝(立役),今川義元|前田利家(雄材)|丹羽長秀(風雲)|武田晴信|高台院|細川藤孝(立役),謀略家|雄材大略|摂理探究|健康第一|老練闊達|質実剛健|文明開化|山紫水明|巧言令色,謀略家|雄材大略|摂理探究|健康第一|老練闊達|質実剛健|文明開化|山紫水明|巧言令色,14976,4813,120,206,0,787,344,520,566,564,498,ステータス計算済み,step116で9因縁780行を「陣形+配置英傑6人セット+発動因縁セット」で重複除外。同一組内は総合値最大の配置を代表として採用。,STEP116_SELECTED_MAX_TOTAL_FROM_STEP106_RECALCULATED_9INEN,step106で各陣形有効ラインから再計算済みの9因縁行を使用し、重複組では総合値最大の配置を残す,方円||通常||9||丹羽長秀(風雲)|今川義元|前田利家(雄材)|武田晴信|細川藤孝(立役)|高台院||健康第一|山紫水明|巧言令色|摂理探究|文明開化|老練闊達|謀略家|質実剛健|雄材大略,,step116_9inen_dedup_max_total,23394,23394,step164_verified_normal9,腕力,120
step116_9_方円_000041,STEP116_9INEN_DEDUP_MAX_TOTAL_RESULT,step106_9inen_full_780_dedup_by_hero_set_bond_set_max_total,方円,通常,9,上杉憲政|豊臣秀長|北条氏照(剛柔)|豊臣秀次|細川藤孝(立役)|前田利家,上杉憲政|豊臣秀長|北条氏照(剛柔)|豊臣秀次|細川藤孝(立役)|前田利家,知将の絆|立役者|技巧伝承|柔能制剛|文明開化|山紫水明|謀略家|雄材大略|摂理探究,知将の絆|立役者|技巧伝承|柔能制剛|文明開化|山紫水明|謀略家|雄材大略|摂理探究,14490,861,79,0,267,1097,173,669,652,695,651,ステータス計算済み,step116で9因縁780行を「陣形+配置英傑6人セット+発動因縁セット」で重複除外。同一組内は総合値最大の配置を代表として採用。,STEP116_SELECTED_MAX_TOTAL_FROM_STEP106_RECALCULATED_9INEN,step106で各陣形有効ラインから再計算済みの9因縁行を使用し、重複組では総合値最大の配置を残す,方円||通常||9||上杉憲政|前田利家|北条氏照(剛柔)|細川藤孝(立役)|豊臣秀次|豊臣秀長||山紫水明|技巧伝承|摂理探究|文明開化|柔能制剛|知将の絆|立役者|謀略家|雄材大略,,step116_9inen_dedup_max_total,19634,19634,step164_verified_normal9,腕力,79
step116_9_方円_000040,STEP116_9INEN_DEDUP_MAX_TOTAL_RESULT,step106_9inen_full_780_dedup_by_hero_set_bond_set_max_total,方円,通常,9,北条氏照(剛柔)|豊臣秀長|上杉憲政|前田利家(雄材)|細川藤孝(立役)|豊臣秀次,北条氏照(剛柔)|豊臣秀長|上杉憲政|前田利家(雄材)|細川藤孝(立役)|豊臣秀次,謀略家|雄材大略|摂理探究|文明開化|山紫水明|知将の絆|立役者|技巧伝承|柔能制剛,謀略家|雄材大略|摂理探究|文明開化|山紫水明|知将の絆|立役者|技巧伝承|柔能制剛,14490,861,79,0,267,1097,173,669,652,695,651,ステータス計算済み,step116で9因縁780行を「陣形+配置英傑6人セット+発動因縁セット」で重複除外。同一組内は総合値最大の配置を代表として採用。,STEP116_SELECTED_MAX_TOTAL_FROM_STEP106_RECALCULATED_9INEN,step106で各陣形有効ラインから再計算済みの9因縁行を使用し、重複組では総合値最大の配置を残す,方円||通常||9||上杉憲政|前田利家(雄材)|北条氏照(剛柔)|細川藤孝(立役)|豊臣秀次|豊臣秀長||山紫水明|技巧伝承|摂理探究|文明開化|柔能制剛|知将の絆|立役者|謀略家|雄材大略,,step116_9inen_dedup_max_total,19634,19634,step164_verified_normal9,腕力,79
step116_9_方円_000036,STEP116_9INEN_DEDUP_MAX_TOTAL_RESULT,step106_9inen_full_780_dedup_by_hero_set_bond_set_max_total,方円,通常,9,武田晴信|豊臣秀長|北条氏照(剛柔)|豊臣秀次|細川藤孝(立役)|前田利家,武田晴信|豊臣秀長|北条氏照(剛柔)|豊臣秀次|細川藤孝(立役)|前田利家,知将の絆|立役者|技巧伝承|柔能制剛|文明開化|山紫水明|謀略家|雄材大略|摂理探究,知将の絆|立役者|技巧伝承|柔能制剛|文明開化|山紫水明|謀略家|雄材大略|摂理探究,14832,899,76,0,267,1174,173,705,680,724,679,ステータス計算済み,step116で9因縁780行を「陣形+配置英傑6人セット+発動因縁セット」で重複除外。同一組内は総合値最大の配置を代表として採用。,STEP116_SELECTED_MAX_TOTAL_FROM_STEP106_RECALCULATED_9INEN,step106で各陣形有効ラインから再計算済みの9因縁行を使用し、重複組では総合値最大の配置を残す,方円||通常||9||前田利家|北条氏照(剛柔)|武田晴信|細川藤孝(立役)|豊臣秀次|豊臣秀長||山紫水明|技巧伝承|摂理探究|文明開化|柔能制剛|知将の絆|立役者|謀略家|雄材大略,,step116_9inen_dedup_max_total,20209,20209,step164_verified_normal9,腕力,76
step116_9_方円_000035,STEP116_9INEN_DEDUP_MAX_TOTAL_RESULT,step106_9inen_full_780_dedup_by_hero_set_bond_set_max_total,方円,通常,9,北条氏照(剛柔)|豊臣秀長|武田晴信|前田利家(雄材)|細川藤孝(立役)|豊臣秀次,北条氏照(剛柔)|豊臣秀長|武田晴信|前田利家(雄材)|細川藤孝(立役)|豊臣秀次,謀略家|雄材大略|摂理探究|文明開化|山紫水明|知将の絆|立役者|技巧伝承|柔能制剛,謀略家|雄材大略|摂理探究|文明開化|山紫水明|知将の絆|立役者|技巧伝承|柔能制剛,14832,899,76,0,267,1174,173,705,680,724,679,ステータス計算済み,step116で9因縁780行を「陣形+配置英傑6人セット+発動因縁セット」で重複除外。同一組内は総合値最大の配置を代表として採用。,STEP116_SELECTED_MAX_TOTAL_FROM_STEP106_RECALCULATED_9INEN,step106で各陣形有効ラインから再計算済みの9因縁行を使用し、重複組では総合値最大の配置を残す,方円||通常||9||前田利家(雄材)|北条氏照(剛柔)|武田晴信|細川藤孝(立役)|豊臣秀次|豊臣秀長||山紫水明|技巧伝承|摂理探究|文明開化|柔能制剛|知将の絆|立役者|謀略家|雄材大略,,step116_9inen_dedup_max_total,20209,20209,step164_verified_normal9,腕力,76
step116_9_方円_000023,STEP116_9INEN_DEDUP_MAX_TOTAL_RESULT,step106_9inen_full_780_dedup_by_hero_set_bond_set_max_total,方円,通常,9,酒井忠次(衣鉢)|伊奈忠次|ガラシャ(聖)|斎藤利三(神祇)|毛利隆元|豊臣秀吉,酒井忠次(衣鉢)|伊奈忠次|ガラシャ(聖)|斎藤利三(神祇)|毛利隆元|豊臣秀吉,召喚術の絆|摂理探究|世渡り上手の絆|才腕の絆|謀略家|柔能制剛|技巧伝承|天神地祇|雄材大略,召喚術の絆|摂理探究|世渡り上手の絆|才腕の絆|謀略家|柔能制剛|技巧伝承|天神地祇|雄材大略,15387,3129,37,51,359,664,423,655,664,696,634,ステータス計算済み,step116で9因縁780行を「陣形+配置英傑6人セット+発動因縁セット」で重複除外。同一組内は総合値最大の配置を代表として採用。,STEP116_SELECTED_MAX_TOTAL_FROM_STEP106_RECALCULATED_9INEN,step106で各陣形有効ラインから再計算済みの9因縁行を使用し、重複組では総合値最大の配置を残す,方円||通常||9||ガラシャ(聖)|伊奈忠次|斎藤利三(神祇)|毛利隆元|豊臣秀吉|酒井忠次(衣鉢)||世渡り上手の絆|召喚術の絆|天神地祇|才腕の絆|技巧伝承|摂理探究|柔能制剛|謀略家|雄材大略,,step116_9inen_dedup_max_total,22699,22699,step164_verified_normal9,腕力,37
step116_9_方円_000022,STEP116_9INEN_DEDUP_MAX_TOTAL_RESULT,step106_9inen_full_780_dedup_by_hero_set_bond_set_max_total,方円,通常,9,酒井忠次(通)|伊奈忠次|ガラシャ(聖)|斎藤利三(神祇)|毛利隆元|豊臣秀吉,酒井忠次(通)|伊奈忠次|ガラシャ(聖)|斎藤利三(神祇)|毛利隆元|豊臣秀吉,召喚術の絆|摂理探究|世渡り上手の絆|才腕の絆|謀略家|柔能制剛|技巧伝承|天神地祇|雄材大略,召喚術の絆|摂理探究|世渡り上手の絆|才腕の絆|謀略家|柔能制剛|技巧伝承|天神地祇|雄材大略,15387,3129,37,51,359,664,423,655,664,696,634,ステータス計算済み,step116で9因縁780行を「陣形+配置英傑6人セット+発動因縁セット」で重複除外。同一組内は総合値最大の配置を代表として採用。,STEP116_SELECTED_MAX_TOTAL_FROM_STEP106_RECALCULATED_9INEN,step106で各陣形有効ラインから再計算済みの9因縁行を使用し、重複組では総合値最大の配置を残す,方円||通常||9||ガラシャ(聖)|伊奈忠次|斎藤利三(神祇)|毛利隆元|豊臣秀吉|酒井忠次(通)||世渡り上手の絆|召喚術の絆|天神地祇|才腕の絆|技巧伝承|摂理探究|柔能制剛|謀略家|雄材大略,,step116_9inen_dedup_max_total,22699,22699,step164_verified_normal9,腕力,37
step116_9_方円_000027,STEP116_9INEN_DEDUP_MAX_TOTAL_RESULT,step106_9inen_full_780_dedup_by_hero_set_bond_set_max_total,方円,通常,9,酒井忠次(衣鉢)|伊奈忠次|サンチョ|斎藤利三(神祇)|毛利隆元|豊臣秀吉,酒井忠次(衣鉢)|伊奈忠次|サンチョ|斎藤利三(神祇)|毛利隆元|豊臣秀吉,召喚術の絆|摂理探究|世渡り上手の絆|才腕の絆|謀略家|柔能制剛|技巧伝承|天神地祇|雄材大略,召喚術の絆|摂理探究|世渡り上手の絆|才腕の絆|謀略家|柔能制剛|技巧伝承|天神地祇|雄材大略,14916,3129,28,40,359,635,423,607,610,631,578,ステータス計算済み,step116で9因縁780行を「陣形+配置英傑6人セット+発動因縁セット」で重複除外。同一組内は総合値最大の配置を代表として採用。,STEP116_SELECTED_MAX_TOTAL_FROM_STEP106_RECALCULATED_9INEN,step106で各陣形有効ラインから再計算済みの9因縁行を使用し、重複組では総合値最大の配置を残す,方円||通常||9||サンチョ|伊奈忠次|斎藤利三(神祇)|毛利隆元|豊臣秀吉|酒井忠次(衣鉢)||世渡り上手の絆|召喚術の絆|天神地祇|才腕の絆|技巧伝承|摂理探究|柔能制剛|謀略家|雄材大略,,step116_9inen_dedup_max_total,21956,21956,step164_verified_normal9,腕力,28
step116_9_方円_000026,STEP116_9INEN_DEDUP_MAX_TOTAL_RESULT,step106_9inen_full_780_dedup_by_hero_set_bond_set_max_total,方円,通常,9,酒井忠次(通)|伊奈忠次|サンチョ|斎藤利三(神祇)|毛利隆元|豊臣秀吉,酒井忠次(通)|伊奈忠次|サンチョ|斎藤利三(神祇)|毛利隆元|豊臣秀吉,召喚術の絆|摂理探究|世渡り上手の絆|才腕の絆|謀略家|柔能制剛|技巧伝承|天神地祇|雄材大略,召喚術の絆|摂理探究|世渡り上手の絆|才腕の絆|謀略家|柔能制剛|技巧伝承|天神地祇|雄材大略,14916,3129,28,40,359,635,423,607,610,631,578,ステータス計算済み,step116で9因縁780行を「陣形+配置英傑6人セット+発動因縁セット」で重複除外。同一組内は総合値最大の配置を代表として採用。,STEP116_SELECTED_MAX_TOTAL_FROM_STEP106_RECALCULATED_9INEN,step106で各陣形有効ラインから再計算済みの9因縁行を使用し、重複組では総合値最大の配置を残す,方円||通常||9||サンチョ|伊奈忠次|斎藤利三(神祇)|毛利隆元|豊臣秀吉|酒井忠次(通)||世渡り上手の絆|召喚術の絆|天神地祇|才腕の絆|技巧伝承|摂理探究|柔能制剛|謀略家|雄材大略,,step116_9inen_dedup_max_total,21956,21956,step164_verified_normal9,腕力,28
step116_9_方円_000028,STEP116_9INEN_DEDUP_MAX_TOTAL_RESULT,step106_9inen_full_780_dedup_by_hero_set_bond_set_max_total,方円,通常,9,小松姫|長野業正|山中鹿之介|島左近|細川忠興(山紫)|明智光秀(闇),小松姫|長野業正|山中鹿之介|島左近|細川忠興(山紫)|明智光秀(闇),侍|根性の絆|もののふ|泰然自若|鬼の絆|流行創出|戦場の華|老練闊達|勇猛果敢,侍|根性の絆|もののふ|泰然自若|鬼の絆|流行創出|戦場の華|老練闊達|勇猛果敢,14897,3081,608,445,95,150,279,463,503,520,491,ステータス計算済み,step116で9因縁780行を「陣形+配置英傑6人セット+発動因縁セット」で重複除外。同一組内は総合値最大の配置を代表として採用。,STEP116_SELECTED_MAX_TOTAL_FROM_STEP106_RECALCULATED_9INEN,step106で各陣形有効ラインから再計算済みの9因縁行を使用し、重複組では総合値最大の配置を残す,方円||通常||9||小松姫|山中鹿之介|島左近|明智光秀(闇)|細川忠興(山紫)|長野業正||もののふ|侍|勇猛果敢|戦場の華|根性の絆|泰然自若|流行創出|老練闊達|鬼の絆,,step116_9inen_dedup_max_total,21532,21532,step164_verified_normal9,耐久力,445
step116_9_方円_000029,STEP116_9INEN_DEDUP_MAX_TOTAL_RESULT,step106_9inen_full_780_dedup_by_hero_set_bond_set_max_total,方円,通常,9,小松姫|長野業正|山県昌景(泰然)|島左近|細川忠興(山紫)|明智光秀(闇),小松姫|長野業正|山県昌景(泰然)|島左近|細川忠興(山紫)|明智光秀(闇),侍|根性の絆|もののふ|泰然自若|鬼の絆|流行創出|戦場の華|老練闊達|勇猛果敢,侍|根性の絆|もののふ|泰然自若|鬼の絆|流行創出|戦場の華|老練闊達|勇猛果敢,14844,3061,606,445,95,150,272,470,511,517,497,ステータス計算済み,step116で9因縁780行を「陣形+配置英傑6人セット+発動因縁セット」で重複除外。同一組内は総合値最大の配置を代表として採用。,STEP116_SELECTED_MAX_TOTAL_FROM_STEP106_RECALCULATED_9INEN,step106で各陣形有効ラインから再計算済みの9因縁行を使用し、重複組では総合値最大の配置を残す,方円||通常||9||小松姫|山県昌景(泰然)|島左近|明智光秀(闇)|細川忠興(山紫)|長野業正||もののふ|侍|勇猛果敢|戦場の華|根性の絆|泰然自若|流行創出|老練闊達|鬼の絆,,step116_9inen_dedup_max_total,21468,21468,step164_verified_normal9,耐久力,445
step116_9_方円_000021,STEP116_9INEN_DEDUP_MAX_TOTAL_RESULT,step106_9inen_full_780_dedup_by_hero_set_bond_set_max_total,方円,通常,9,長野業正|山中鹿之介|吉川元春|井伊直虎|宮本武蔵(涼)|島左近,長野業正|山中鹿之介|吉川元春|井伊直虎|宮本武蔵(涼)|島左近,猛将の絆|勇猛果敢|意気衝天|軍学の絆|豪傑|侍|根性の絆|もののふ|泰然自若,猛将の絆|勇猛果敢|意気衝天|軍学の絆|豪傑|侍|根性の絆|もののふ|泰然自若,16076,4022,733,374,175,163,224,231,238,267,244,ステータス計算済み,step116で9因縁780行を「陣形+配置英傑6人セット+発動因縁セット」で重複除外。同一組内は総合値最大の配置を代表として採用。,STEP116_SELECTED_MAX_TOTAL_FROM_STEP106_RECALCULATED_9INEN,step106で各陣形有効ラインから再計算済みの9因縁行を使用し、重複組では総合値最大の配置を残す,方円||通常||9||井伊直虎|吉川元春|宮本武蔵(涼)|山中鹿之介|島左近|長野業正||もののふ|侍|勇猛果敢|意気衝天|根性の絆|泰然自若|猛将の絆|豪傑|軍学の絆,,step116_9inen_dedup_max_total,22747,22747,step164_verified_normal9,耐久力,374
step116_9_方円_000024,STEP116_9INEN_DEDUP_MAX_TOTAL_RESULT,step106_9inen_full_780_dedup_by_hero_set_bond_set_max_total,方円,通常,9,吉川元春|山中鹿之介|長野業正|島左近|山県昌景|井伊直虎,吉川元春|山中鹿之介|長野業正|島左近|山県昌景|井伊直虎,侍|根性の絆|もののふ|泰然自若|軍学の絆|豪傑|猛将の絆|勇猛果敢|意気衝天,侍|根性の絆|もののふ|泰然自若|軍学の絆|豪傑|猛将の絆|勇猛果敢|意気衝天,15788,4022,710,367,175,158,216,231,238,267,244,ステータス計算済み,step116で9因縁780行を「陣形+配置英傑6人セット+発動因縁セット」で重複除外。同一組内は総合値最大の配置を代表として採用。,STEP116_SELECTED_MAX_TOTAL_FROM_STEP106_RECALCULATED_9INEN,step106で各陣形有効ラインから再計算済みの9因縁行を使用し、重複組では総合値最大の配置を残す,方円||通常||9||井伊直虎|吉川元春|山中鹿之介|山県昌景|島左近|長野業正||もののふ|侍|勇猛果敢|意気衝天|根性の絆|泰然自若|猛将の絆|豪傑|軍学の絆,,step116_9inen_dedup_max_total,22416,22416,step164_verified_normal9,耐久力,367
step116_9_方円_000025,STEP116_9INEN_DEDUP_MAX_TOTAL_RESULT,step106_9inen_full_780_dedup_by_hero_set_bond_set_max_total,方円,通常,9,長野業正|山中鹿之介|吉川元春|井伊直虎|柿崎景家|島左近,長野業正|山中鹿之介|吉川元春|井伊直虎|柿崎景家|島左近,猛将の絆|勇猛果敢|意気衝天|軍学の絆|豪傑|侍|根性の絆|もののふ|泰然自若,猛将の絆|勇猛果敢|意気衝天|軍学の絆|豪傑|侍|根性の絆|もののふ|泰然自若,15696,4022,713,366,175,158,216,231,238,267,244,ステータス計算済み,step116で9因縁780行を「陣形+配置英傑6人セット+発動因縁セット」で重複除外。同一組内は総合値最大の配置を代表として採用。,STEP116_SELECTED_MAX_TOTAL_FROM_STEP106_RECALCULATED_9INEN,step106で各陣形有効ラインから再計算済みの9因縁行を使用し、重複組では総合値最大の配置を残す,方円||通常||9||井伊直虎|吉川元春|山中鹿之介|島左近|柿崎景家|長野業正||もののふ|侍|勇猛果敢|意気衝天|根性の絆|泰然自若|猛将の絆|豪傑|軍学の絆,,step116_9inen_dedup_max_total,22326,22326,step164_verified_normal9,耐久力,366
step116_9_方円_000033,STEP116_9INEN_DEDUP_MAX_TOTAL_RESULT,step106_9inen_full_780_dedup_by_hero_set_bond_set_max_total,方円,通常,9,伊達政宗(起源)|山中鹿之介|島左近|長野業正|明智光秀(闇)|小松姫,伊達政宗(起源)|山中鹿之介|島左近|長野業正|明智光秀(闇)|小松姫,侍|根性の絆|もののふ|泰然自若|戦場の華|老練闊達|勇猛果敢|武芸の絆|意気衝天,侍|根性の絆|もののふ|泰然自若|戦場の華|老練闊達|勇猛果敢|武芸の絆|意気衝天,14439,3655,509,357,205,121,279,231,238,267,244,ステータス計算済み,step116で9因縁780行を「陣形+配置英傑6人セット+発動因縁セット」で重複除外。同一組内は総合値最大の配置を代表として採用。,STEP116_SELECTED_MAX_TOTAL_FROM_STEP106_RECALCULATED_9INEN,step106で各陣形有効ラインから再計算済みの9因縁行を使用し、重複組では総合値最大の配置を残す,方円||通常||9||伊達政宗(起源)|小松姫|山中鹿之介|島左近|明智光秀(闇)|長野業正||もののふ|侍|勇猛果敢|意気衝天|戦場の華|根性の絆|武芸の絆|泰然自若|老練闊達,,step116_9inen_dedup_max_total,20545,20545,step164_verified_normal9,耐久力,357
step116_9_方円_000034,STEP116_9INEN_DEDUP_MAX_TOTAL_RESULT,step106_9inen_full_780_dedup_by_hero_set_bond_set_max_total,方円,通常,9,伊達政宗(起源)|山県昌景(泰然)|島左近|長野業正|明智光秀(闇)|小松姫,伊達政宗(起源)|山県昌景(泰然)|島左近|長野業正|明智光秀(闇)|小松姫,侍|根性の絆|もののふ|泰然自若|戦場の華|老練闊達|勇猛果敢|武芸の絆|意気衝天,侍|根性の絆|もののふ|泰然自若|戦場の華|老練闊達|勇猛果敢|武芸の絆|意気衝天,14359,3561,506,357,201,121,272,238,246,264,249,ステータス計算済み,step116で9因縁780行を「陣形+配置英傑6人セット+発動因縁セット」で重複除外。同一組内は総合値最大の配置を代表として採用。,STEP116_SELECTED_MAX_TOTAL_FROM_STEP106_RECALCULATED_9INEN,step106で各陣形有効ラインから再計算済みの9因縁行を使用し、重複組では総合値最大の配置を残す,方円||通常||9||伊達政宗(起源)|小松姫|山県昌景(泰然)|島左近|明智光秀(闇)|長野業正||もののふ|侍|勇猛果敢|意気衝天|戦場の華|根性の絆|武芸の絆|泰然自若|老練闊達,,step116_9inen_dedup_max_total,20374,20374,step164_verified_normal9,耐久力,357
step116_9_方円_000039,STEP116_9INEN_DEDUP_MAX_TOTAL_RESULT,step106_9inen_full_780_dedup_by_hero_set_bond_set_max_total,方円,通常,9,井伊直政|山中鹿之介|島左近|長野業正|明智光秀(闇)|小松姫,井伊直政|山中鹿之介|島左近|長野業正|明智光秀(闇)|小松姫,侍|根性の絆|もののふ|泰然自若|戦場の華|老練闊達|勇猛果敢|武芸の絆|意気衝天,侍|根性の絆|もののふ|泰然自若|戦場の華|老練闊達|勇猛果敢|武芸の絆|意気衝天,13961,3406,498,351,185,106,279,231,238,267,244,ステータス計算済み,step116で9因縁780行を「陣形+配置英傑6人セット+発動因縁セット」で重複除外。同一組内は総合値最大の配置を代表として採用。,STEP116_SELECTED_MAX_TOTAL_FROM_STEP106_RECALCULATED_9INEN,step106で各陣形有効ラインから再計算済みの9因縁行を使用し、重複組では総合値最大の配置を残す,方円||通常||9||井伊直政|小松姫|山中鹿之介|島左近|明智光秀(闇)|長野業正||もののふ|侍|勇猛果敢|意気衝天|戦場の華|根性の絆|武芸の絆|泰然自若|老練闊達,,step116_9inen_dedup_max_total,19766,19766,step164_verified_normal9,耐久力,351
step116_9_方円_000043,STEP116_9INEN_DEDUP_MAX_TOTAL_RESULT,step106_9inen_full_780_dedup_by_hero_set_bond_set_max_total,方円,通常,9,井伊直政|山県昌景(泰然)|島左近|長野業正|明智光秀(闇)|小松姫,井伊直政|山県昌景(泰然)|島左近|長野業正|明智光秀(闇)|小松姫,侍|根性の絆|もののふ|泰然自若|戦場の華|老練闊達|勇猛果敢|武芸の絆|意気衝天,侍|根性の絆|もののふ|泰然自若|戦場の華|老練闊達|勇猛果敢|武芸の絆|意気衝天,13882,3313,495,351,181,105,272,238,246,264,249,ステータス計算済み,step116で9因縁780行を「陣形+配置英傑6人セット+発動因縁セット」で重複除外。同一組内は総合値最大の配置を代表として採用。,STEP116_SELECTED_MAX_TOTAL_FROM_STEP106_RECALCULATED_9INEN,step106で各陣形有効ラインから再計算済みの9因縁行を使用し、重複組では総合値最大の配置を残す,方円||通常||9||井伊直政|小松姫|山県昌景(泰然)|島左近|明智光秀(闇)|長野業正||もののふ|侍|勇猛果敢|意気衝天|戦場の華|根性の絆|武芸の絆|泰然自若|老練闊達,,step116_9inen_dedup_max_total,19596,19596,step164_verified_normal9,耐久力,351
step116_9_方円_000038,STEP116_9INEN_DEDUP_MAX_TOTAL_RESULT,step106_9inen_full_780_dedup_by_hero_set_bond_set_max_total,方円,通常,9,十河一存|山中鹿之介|島左近|長野業正|明智光秀(闇)|小松姫,十河一存|山中鹿之介|島左近|長野業正|明智光秀(闇)|小松姫,侍|根性の絆|もののふ|泰然自若|戦場の華|老練闊達|勇猛果敢|武芸の絆|意気衝天,侍|根性の絆|もののふ|泰然自若|戦場の華|老練闊達|勇猛果敢|武芸の絆|意気衝天,13961,3406,499,350,189,106,279,231,238,267,244,ステータス計算済み,step116で9因縁780行を「陣形+配置英傑6人セット+発動因縁セット」で重複除外。同一組内は総合値最大の配置を代表として採用。,STEP116_SELECTED_MAX_TOTAL_FROM_STEP106_RECALCULATED_9INEN,step106で各陣形有効ラインから再計算済みの9因縁行を使用し、重複組では総合値最大の配置を残す,方円||通常||9||十河一存|小松姫|山中鹿之介|島左近|明智光秀(闇)|長野業正||もののふ|侍|勇猛果敢|意気衝天|戦場の華|根性の絆|武芸の絆|泰然自若|老練闊達,,step116_9inen_dedup_max_total,19770,19770,step164_verified_normal9,耐久力,350
step116_9_方円_000042,STEP116_9INEN_DEDUP_MAX_TOTAL_RESULT,step106_9inen_full_780_dedup_by_hero_set_bond_set_max_total,方円,通常,9,十河一存|山県昌景(泰然)|島左近|長野業正|明智光秀(闇)|小松姫,十河一存|山県昌景(泰然)|島左近|長野業正|明智光秀(闇)|小松姫,侍|根性の絆|もののふ|泰然自若|戦場の華|老練闊達|勇猛果敢|武芸の絆|意気衝天,侍|根性の絆|もののふ|泰然自若|戦場の華|老練闊達|勇猛果敢|武芸の絆|意気衝天,13882,3313,496,350,185,105,272,238,246,264,249,ステータス計算済み,step116で9因縁780行を「陣形+配置英傑6人セット+発動因縁セット」で重複除外。同一組内は総合値最大の配置を代表として採用。,STEP116_SELECTED_MAX_TOTAL_FROM_STEP106_RECALCULATED_9INEN,step106で各陣形有効ラインから再計算済みの9因縁行を使用し、重複組では総合値最大の配置を残す,方円||通常||9||十河一存|小松姫|山県昌景(泰然)|島左近|明智光秀(闇)|長野業正||もののふ|侍|勇猛果敢|意気衝天|戦場の華|根性の絆|武芸の絆|泰然自若|老練闊達,,step116_9inen_dedup_max_total,19600,19600,step164_verified_normal9,耐久力,350
step116_9_方円_000031,STEP116_9INEN_DEDUP_MAX_TOTAL_RESULT,step106_9inen_full_780_dedup_by_hero_set_bond_set_max_total,方円,通常,9,小松姫|長野業正|山中鹿之介|島左近|豊臣秀次|明智光秀(闇),小松姫|長野業正|山中鹿之介|島左近|豊臣秀次|明智光秀(闇),侍|根性の絆|もののふ|泰然自若|謀略家|流行創出|戦場の華|老練闊達|勇猛果敢,侍|根性の絆|もののふ|泰然自若|謀略家|流行創出|戦場の華|老練闊達|勇猛果敢,14515,2995,424,311,95,304,279,436,464,489,459,ステータス計算済み,step116で9因縁780行を「陣形+配置英傑6人セット+発動因縁セット」で重複除外。同一組内は総合値最大の配置を代表として採用。,STEP116_SELECTED_MAX_TOTAL_FROM_STEP106_RECALCULATED_9INEN,step106で各陣形有効ラインから再計算済みの9因縁行を使用し、重複組では総合値最大の配置を残す,方円||通常||9||小松姫|山中鹿之介|島左近|明智光秀(闇)|豊臣秀次|長野業正||もののふ|侍|勇猛果敢|戦場の華|根性の絆|泰然自若|流行創出|老練闊達|謀略家,,step116_9inen_dedup_max_total,20771,20771,step164_verified_normal9,耐久力,311
step116_9_方円_000032,STEP116_9INEN_DEDUP_MAX_TOTAL_RESULT,step106_9inen_full_780_dedup_by_hero_set_bond_set_max_total,方円,通常,9,小松姫|長野業正|山県昌景(泰然)|島左近|豊臣秀次|明智光秀(闇),小松姫|長野業正|山県昌景(泰然)|島左近|豊臣秀次|明智光秀(闇),侍|根性の絆|もののふ|泰然自若|謀略家|流行創出|戦場の華|老練闊達|勇猛果敢,侍|根性の絆|もののふ|泰然自若|謀略家|流行創出|戦場の華|老練闊達|勇猛果敢,14462,2975,422,311,95,304,272,444,471,486,465,ステータス計算済み,step116で9因縁780行を「陣形+配置英傑6人セット+発動因縁セット」で重複除外。同一組内は総合値最大の配置を代表として採用。,STEP116_SELECTED_MAX_TOTAL_FROM_STEP106_RECALCULATED_9INEN,step106で各陣形有効ラインから再計算済みの9因縁行を使用し、重複組では総合値最大の配置を残す,方円||通常||9||小松姫|山県昌景(泰然)|島左近|明智光秀(闇)|豊臣秀次|長野業正||もののふ|侍|勇猛果敢|戦場の華|根性の絆|泰然自若|流行創出|老練闊達|謀略家,,step116_9inen_dedup_max_total,20707,20707,step164_verified_normal9,耐久力,311
step116_9_方円_000002,STEP116_9INEN_DEDUP_MAX_TOTAL_RESULT,step106_9inen_full_780_dedup_by_hero_set_bond_set_max_total,方円,通常,9,鍋島直茂(乱雲)|武田晴信|愛姫(起源)|細川藤孝(立役)|今川義元|前田利家,鍋島直茂(乱雲)|武田晴信|愛姫(起源)|細川藤孝(立役)|今川義元|前田利家,健康第一|老練闊達|質実剛健|文明開化|山紫水明|巧言令色|謀略家|雄材大略|摂理探究,健康第一|老練闊達|質実剛健|文明開化|山紫水明|巧言令色|謀略家|雄材大略|摂理探究,15234,4833,147,210,0,786,344,531,556,551,515,ステータス計算済み,step116で9因縁780行を「陣形+配置英傑6人セット+発動因縁セット」で重複除外。同一組内は総合値最大の配置を代表として採用。,STEP116_SELECTED_MAX_TOTAL_FROM_STEP106_RECALCULATED_9INEN,step106で各陣形有効ラインから再計算済みの9因縁行を使用し、重複組では総合値最大の配置を残す,方円||通常||9||今川義元|前田利家|愛姫(起源)|武田晴信|細川藤孝(立役)|鍋島直茂(乱雲)||健康第一|山紫水明|巧言令色|摂理探究|文明開化|老練闊達|謀略家|質実剛健|雄材大略,,step116_9inen_dedup_max_total,23707,23707,step164_verified_normal9,耐久力,210
step116_9_方円_000001,STEP116_9INEN_DEDUP_MAX_TOTAL_RESULT,step106_9inen_full_780_dedup_by_hero_set_bond_set_max_total,方円,通常,9,今川義元|前田利家(雄材)|鍋島直茂(乱雲)|武田晴信|愛姫(起源)|細川藤孝(立役),今川義元|前田利家(雄材)|鍋島直茂(乱雲)|武田晴信|愛姫(起源)|細川藤孝(立役),謀略家|雄材大略|摂理探究|健康第一|老練闊達|質実剛健|文明開化|山紫水明|巧言令色,謀略家|雄材大略|摂理探究|健康第一|老練闊達|質実剛健|文明開化|山紫水明|巧言令色,15234,4833,147,210,0,786,344,531,556,551,515,ステータス計算済み,step116で9因縁780行を「陣形+配置英傑6人セット+発動因縁セット」で重複除外。同一組内は総合値最大の配置を代表として採用。,STEP116_SELECTED_MAX_TOTAL_FROM_STEP106_RECALCULATED_9INEN,step106で各陣形有効ラインから再計算済みの9因縁行を使用し、重複組では総合値最大の配置を残す,方円||通常||9||今川義元|前田利家(雄材)|愛姫(起源)|武田晴信|細川藤孝(立役)|鍋島直茂(乱雲)||健康第一|山紫水明|巧言令色|摂理探究|文明開化|老練闊達|謀略家|質実剛健|雄材大略,,step116_9inen_dedup_max_total,23707,23707,step164_verified_normal9,耐久力,210
step116_9_方円_000006,STEP116_9INEN_DEDUP_MAX_TOTAL_RESULT,step106_9inen_full_780_dedup_by_hero_set_bond_set_max_total,方円,通常,9,片倉景綱(右腕)|武田晴信|愛姫(起源)|細川藤孝(立役)|今川義元|前田利家,片倉景綱(右腕)|武田晴信|愛姫(起源)|細川藤孝(立役)|今川義元|前田利家,健康第一|老練闊達|質実剛健|文明開化|山紫水明|巧言令色|謀略家|雄材大略|摂理探究,健康第一|老練闊達|質実剛健|文明開化|山紫水明|巧言令色|謀略家|雄材大略|摂理探究,15159,4827,152,210,0,786,344,536,554,564,515,ステータス計算済み,step116で9因縁780行を「陣形+配置英傑6人セット+発動因縁セット」で重複除外。同一組内は総合値最大の配置を代表として採用。,STEP116_SELECTED_MAX_TOTAL_FROM_STEP106_RECALCULATED_9INEN,step106で各陣形有効ラインから再計算済みの9因縁行を使用し、重複組では総合値最大の配置を残す,方円||通常||9||今川義元|前田利家|愛姫(起源)|武田晴信|片倉景綱(右腕)|細川藤孝(立役)||健康第一|山紫水明|巧言令色|摂理探究|文明開化|老練闊達|謀略家|質実剛健|雄材大略,,step116_9inen_dedup_max_total,23647,23647,step164_verified_normal9,耐久力,210
step116_9_方円_000005,STEP116_9INEN_DEDUP_MAX_TOTAL_RESULT,step106_9inen_full_780_dedup_by_hero_set_bond_set_max_total,方円,通常,9,今川義元|前田利家(雄材)|片倉景綱(右腕)|武田晴信|愛姫(起源)|細川藤孝(立役),今川義元|前田利家(雄材)|片倉景綱(右腕)|武田晴信|愛姫(起源)|細川藤孝(立役),謀略家|雄材大略|摂理探究|健康第一|老練闊達|質実剛健|文明開化|山紫水明|巧言令色,謀略家|雄材大略|摂理探究|健康第一|老練闊達|質実剛健|文明開化|山紫水明|巧言令色,15159,4827,152,210,0,786,344,536,554,564,515,ステータス計算済み,step116で9因縁780行を「陣形+配置英傑6人セット+発動因縁セット」で重複除外。同一組内は総合値最大の配置を代表として採用。,STEP116_SELECTED_MAX_TOTAL_FROM_STEP106_RECALCULATED_9INEN,step106で各陣形有効ラインから再計算済みの9因縁行を使用し、重複組では総合値最大の配置を残す,方円||通常||9||今川義元|前田利家(雄材)|愛姫(起源)|武田晴信|片倉景綱(右腕)|細川藤孝(立役)||健康第一|山紫水明|巧言令色|摂理探究|文明開化|老練闊達|謀略家|質実剛健|雄材大略,,step116_9inen_dedup_max_total,23647,23647,step164_verified_normal9,耐久力,210
step116_9_方円_000010,STEP116_9INEN_DEDUP_MAX_TOTAL_RESULT,step106_9inen_full_780_dedup_by_hero_set_bond_set_max_total,方円,通常,9,豊臣秀長|武田晴信|愛姫(起源)|細川藤孝(立役)|今川義元|前田利家,豊臣秀長|武田晴信|愛姫(起源)|細川藤孝(立役)|今川義元|前田利家,健康第一|老練闊達|質実剛健|文明開化|山紫水明|巧言令色|謀略家|雄材大略|摂理探究,健康第一|老練闊達|質実剛健|文明開化|山紫水明|巧言令色|謀略家|雄材大略|摂理探究,15036,4864,143,210,0,790,344,539,559,563,519,ステータス計算済み,step116で9因縁780行を「陣形+配置英傑6人セット+発動因縁セット」で重複除外。同一組内は総合値最大の配置を代表として採用。,STEP116_SELECTED_MAX_TOTAL_FROM_STEP106_RECALCULATED_9INEN,step106で各陣形有効ラインから再計算済みの9因縁行を使用し、重複組では総合値最大の配置を残す,方円||通常||9||今川義元|前田利家|愛姫(起源)|武田晴信|細川藤孝(立役)|豊臣秀長||健康第一|山紫水明|巧言令色|摂理探究|文明開化|老練闊達|謀略家|質実剛健|雄材大略,,step116_9inen_dedup_max_total,23567,23567,step164_verified_normal9,耐久力,210
step116_9_方円_000009,STEP116_9INEN_DEDUP_MAX_TOTAL_RESULT,step106_9inen_full_780_dedup_by_hero_set_bond_set_max_total,方円,通常,9,今川義元|前田利家(雄材)|豊臣秀長|武田晴信|愛姫(起源)|細川藤孝(立役),今川義元|前田利家(雄材)|豊臣秀長|武田晴信|愛姫(起源)|細川藤孝(立役),謀略家|雄材大略|摂理探究|健康第一|老練闊達|質実剛健|文明開化|山紫水明|巧言令色,謀略家|雄材大略|摂理探究|健康第一|老練闊達|質実剛健|文明開化|山紫水明|巧言令色,15036,4864,143,210,0,790,344,539,559,563,519,ステータス計算済み,step116で9因縁780行を「陣形+配置英傑6人セット+発動因縁セット」で重複除外。同一組内は総合値最大の配置を代表として採用。,STEP116_SELECTED_MAX_TOTAL_FROM_STEP106_RECALCULATED_9INEN,step106で各陣形有効ラインから再計算済みの9因縁行を使用し、重複組では総合値最大の配置を残す,方円||通常||9||今川義元|前田利家(雄材)|愛姫(起源)|武田晴信|細川藤孝(立役)|豊臣秀長||健康第一|山紫水明|巧言令色|摂理探究|文明開化|老練闊達|謀略家|質実剛健|雄材大略,,step116_9inen_dedup_max_total,23567,23567,step164_verified_normal9,耐久力,210
step116_9_方円_000014,STEP116_9INEN_DEDUP_MAX_TOTAL_RESULT,step106_9inen_full_780_dedup_by_hero_set_bond_set_max_total,方円,通常,9,丹羽長秀(風雲)|武田晴信|愛姫(起源)|細川藤孝(立役)|今川義元|前田利家,丹羽長秀(風雲)|武田晴信|愛姫(起源)|細川藤孝(立役)|今川義元|前田利家,健康第一|老練闊達|質実剛健|文明開化|山紫水明|巧言令色|謀略家|雄材大略|摂理探究,健康第一|老練闊達|質実剛健|文明開化|山紫水明|巧言令色|謀略家|雄材大略|摂理探究,14973,4838,131,210,0,783,344,521,568,568,501,ステータス計算済み,step116で9因縁780行を「陣形+配置英傑6人セット+発動因縁セット」で重複除外。同一組内は総合値最大の配置を代表として採用。,STEP116_SELECTED_MAX_TOTAL_FROM_STEP106_RECALCULATED_9INEN,step106で各陣形有効ラインから再計算済みの9因縁行を使用し、重複組では総合値最大の配置を残す,方円||通常||9||丹羽長秀(風雲)|今川義元|前田利家|愛姫(起源)|武田晴信|細川藤孝(立役)||健康第一|山紫水明|巧言令色|摂理探究|文明開化|老練闊達|謀略家|質実剛健|雄材大略,,step116_9inen_dedup_max_total,23437,23437,step164_verified_normal9,耐久力,210
step116_9_方円_000013,STEP116_9INEN_DEDUP_MAX_TOTAL_RESULT,step106_9inen_full_780_dedup_by_hero_set_bond_set_max_total,方円,通常,9,今川義元|前田利家(雄材)|丹羽長秀(風雲)|武田晴信|愛姫(起源)|細川藤孝(立役),今川義元|前田利家(雄材)|丹羽長秀(風雲)|武田晴信|愛姫(起源)|細川藤孝(立役),謀略家|雄材大略|摂理探究|健康第一|老練闊達|質実剛健|文明開化|山紫水明|巧言令色,謀略家|雄材大略|摂理探究|健康第一|老練闊達|質実剛健|文明開化|山紫水明|巧言令色,14973,4838,131,210,0,783,344,521,568,568,501,ステータス計算済み,step116で9因縁780行を「陣形+配置英傑6人セット+発動因縁セット」で重複除外。同一組内は総合値最大の配置を代表として採用。,STEP116_SELECTED_MAX_TOTAL_FROM_STEP106_RECALCULATED_9INEN,step106で各陣形有効ラインから再計算済みの9因縁行を使用し、重複組では総合値最大の配置を残す,方円||通常||9||丹羽長秀(風雲)|今川義元|前田利家(雄材)|愛姫(起源)|武田晴信|細川藤孝(立役)||健康第一|山紫水明|巧言令色|摂理探究|文明開化|老練闊達|謀略家|質実剛健|雄材大略,,step116_9inen_dedup_max_total,23437,23437,step164_verified_normal9,耐久力,210
step116_9_方円_000016,STEP116_9INEN_DEDUP_MAX_TOTAL_RESULT,step106_9inen_full_780_dedup_by_hero_set_bond_set_max_total,方円,通常,9,竹中半兵衛(右腕)|武田晴信|愛姫(起源)|細川藤孝(立役)|今川義元|前田利家,竹中半兵衛(右腕)|武田晴信|愛姫(起源)|細川藤孝(立役)|今川義元|前田利家,健康第一|老練闊達|質実剛健|文明開化|山紫水明|巧言令色|謀略家|雄材大略|摂理探究,健康第一|老練闊達|質実剛健|文明開化|山紫水明|巧言令色|謀略家|雄材大略|摂理探究,14808,4896,136,210,0,792,344,552,573,573,532,ステータス計算済み,step116で9因縁780行を「陣形+配置英傑6人セット+発動因縁セット」で重複除外。同一組内は総合値最大の配置を代表として採用。,STEP116_SELECTED_MAX_TOTAL_FROM_STEP106_RECALCULATED_9INEN,step106で各陣形有効ラインから再計算済みの9因縁行を使用し、重複組では総合値最大の配置を残す,方円||通常||9||今川義元|前田利家|愛姫(起源)|武田晴信|竹中半兵衛(右腕)|細川藤孝(立役)||健康第一|山紫水明|巧言令色|摂理探究|文明開化|老練闊達|謀略家|質実剛健|雄材大略,,step116_9inen_dedup_max_total,23416,23416,step164_verified_normal9,耐久力,210
step116_9_方円_000015,STEP116_9INEN_DEDUP_MAX_TOTAL_RESULT,step106_9inen_full_780_dedup_by_hero_set_bond_set_max_total,方円,通常,9,今川義元|前田利家(雄材)|竹中半兵衛(右腕)|武田晴信|愛姫(起源)|細川藤孝(立役),今川義元|前田利家(雄材)|竹中半兵衛(右腕)|武田晴信|愛姫(起源)|細川藤孝(立役),謀略家|雄材大略|摂理探究|健康第一|老練闊達|質実剛健|文明開化|山紫水明|巧言令色,謀略家|雄材大略|摂理探究|健康第一|老練闊達|質実剛健|文明開化|山紫水明|巧言令色,14808,4896,136,210,0,792,344,552,573,573,532,ステータス計算済み,step116で9因縁780行を「陣形+配置英傑6人セット+発動因縁セット」で重複除外。同一組内は総合値最大の配置を代表として採用。,STEP116_SELECTED_MAX_TOTAL_FROM_STEP106_RECALCULATED_9INEN,step106で各陣形有効ラインから再計算済みの9因縁行を使用し、重複組では総合値最大の配置を残す,方円||通常||9||今川義元|前田利家(雄材)|愛姫(起源)|武田晴信|竹中半兵衛(右腕)|細川藤孝(立役)||健康第一|山紫水明|巧言令色|摂理探究|文明開化|老練闊達|謀略家|質実剛健|雄材大略,,step116_9inen_dedup_max_total,23416,23416,step164_verified_normal9,耐久力,210
step116_9_方円_000004,STEP116_9INEN_DEDUP_MAX_TOTAL_RESULT,step106_9inen_full_780_dedup_by_hero_set_bond_set_max_total,方円,通常,9,鍋島直茂(乱雲)|武田晴信|高台院|細川藤孝(立役)|今川義元|前田利家,鍋島直茂(乱雲)|武田晴信|高台院|細川藤孝(立役)|今川義元|前田利家,健康第一|老練闊達|質実剛健|文明開化|山紫水明|巧言令色|謀略家|雄材大略|摂理探究,健康第一|老練闊達|質実剛健|文明開化|山紫水明|巧言令色|謀略家|雄材大略|摂理探究,15237,4808,136,206,0,790,344,530,554,546,512,ステータス計算済み,step116で9因縁780行を「陣形+配置英傑6人セット+発動因縁セット」で重複除外。同一組内は総合値最大の配置を代表として採用。,STEP116_SELECTED_MAX_TOTAL_FROM_STEP106_RECALCULATED_9INEN,step106で各陣形有効ラインから再計算済みの9因縁行を使用し、重複組では総合値最大の配置を残す,方円||通常||9||今川義元|前田利家|武田晴信|細川藤孝(立役)|鍋島直茂(乱雲)|高台院||健康第一|山紫水明|巧言令色|摂理探究|文明開化|老練闊達|謀略家|質実剛健|雄材大略,,step116_9inen_dedup_max_total,23663,23663,step164_verified_normal9,耐久力,206
step116_9_方円_000003,STEP116_9INEN_DEDUP_MAX_TOTAL_RESULT,step106_9inen_full_780_dedup_by_hero_set_bond_set_max_total,方円,通常,9,今川義元|前田利家(雄材)|鍋島直茂(乱雲)|武田晴信|高台院|細川藤孝(立役),今川義元|前田利家(雄材)|鍋島直茂(乱雲)|武田晴信|高台院|細川藤孝(立役),謀略家|雄材大略|摂理探究|健康第一|老練闊達|質実剛健|文明開化|山紫水明|巧言令色,謀略家|雄材大略|摂理探究|健康第一|老練闊達|質実剛健|文明開化|山紫水明|巧言令色,15237,4808,136,206,0,790,344,530,554,546,512,ステータス計算済み,step116で9因縁780行を「陣形+配置英傑6人セット+発動因縁セット」で重複除外。同一組内は総合値最大の配置を代表として採用。,STEP116_SELECTED_MAX_TOTAL_FROM_STEP106_RECALCULATED_9INEN,step106で各陣形有効ラインから再計算済みの9因縁行を使用し、重複組では総合値最大の配置を残す,方円||通常||9||今川義元|前田利家(雄材)|武田晴信|細川藤孝(立役)|鍋島直茂(乱雲)|高台院||健康第一|山紫水明|巧言令色|摂理探究|文明開化|老練闊達|謀略家|質実剛健|雄材大略,,step116_9inen_dedup_max_total,23663,23663,step164_verified_normal9,耐久力,206
step116_9_方円_000008,STEP116_9INEN_DEDUP_MAX_TOTAL_RESULT,step106_9inen_full_780_dedup_by_hero_set_bond_set_max_total,方円,通常,9,片倉景綱(右腕)|武田晴信|高台院|細川藤孝(立役)|今川義元|前田利家,片倉景綱(右腕)|武田晴信|高台院|細川藤孝(立役)|今川義元|前田利家,健康第一|老練闊達|質実剛健|文明開化|山紫水明|巧言令色|謀略家|雄材大略|摂理探究,健康第一|老練闊達|質実剛健|文明開化|山紫水明|巧言令色|謀略家|雄材大略|摂理探究,15162,4802,141,206,0,790,344,535,552,559,512,ステータス計算済み,step116で9因縁780行を「陣形+配置英傑6人セット+発動因縁セット」で重複除外。同一組内は総合値最大の配置を代表として採用。,STEP116_SELECTED_MAX_TOTAL_FROM_STEP106_RECALCULATED_9INEN,step106で各陣形有効ラインから再計算済みの9因縁行を使用し、重複組では総合値最大の配置を残す,方円||通常||9||今川義元|前田利家|武田晴信|片倉景綱(右腕)|細川藤孝(立役)|高台院||健康第一|山紫水明|巧言令色|摂理探究|文明開化|老練闊達|謀略家|質実剛健|雄材大略,,step116_9inen_dedup_max_total,23603,23603,step164_verified_normal9,耐久力,206
step116_9_方円_000007,STEP116_9INEN_DEDUP_MAX_TOTAL_RESULT,step106_9inen_full_780_dedup_by_hero_set_bond_set_max_total,方円,通常,9,今川義元|前田利家(雄材)|片倉景綱(右腕)|武田晴信|高台院|細川藤孝(立役),今川義元|前田利家(雄材)|片倉景綱(右腕)|武田晴信|高台院|細川藤孝(立役),謀略家|雄材大略|摂理探究|健康第一|老練闊達|質実剛健|文明開化|山紫水明|巧言令色,謀略家|雄材大略|摂理探究|健康第一|老練闊達|質実剛健|文明開化|山紫水明|巧言令色,15162,4802,141,206,0,790,344,535,552,559,512,ステータス計算済み,step116で9因縁780行を「陣形+配置英傑6人セット+発動因縁セット」で重複除外。同一組内は総合値最大の配置を代表として採用。,STEP116_SELECTED_MAX_TOTAL_FROM_STEP106_RECALCULATED_9INEN,step106で各陣形有効ラインから再計算済みの9因縁行を使用し、重複組では総合値最大の配置を残す,方円||通常||9||今川義元|前田利家(雄材)|武田晴信|片倉景綱(右腕)|細川藤孝(立役)|高台院||健康第一|山紫水明|巧言令色|摂理探究|文明開化|老練闊達|謀略家|質実剛健|雄材大略,,step116_9inen_dedup_max_total,23603,23603,step164_verified_normal9,耐久力,206
step116_9_方円_000012,STEP116_9INEN_DEDUP_MAX_TOTAL_RESULT,step106_9inen_full_780_dedup_by_hero_set_bond_set_max_total,方円,通常,9,豊臣秀長|武田晴信|高台院|細川藤孝(立役)|今川義元|前田利家,豊臣秀長|武田晴信|高台院|細川藤孝(立役)|今川義元|前田利家,健康第一|老練闊達|質実剛健|文明開化|山紫水明|巧言令色|謀略家|雄材大略|摂理探究,健康第一|老練闊達|質実剛健|文明開化|山紫水明|巧言令色|謀略家|雄材大略|摂理探究,15039,4838,132,206,0,795,344,537,557,558,515,ステータス計算済み,step116で9因縁780行を「陣形+配置英傑6人セット+発動因縁セット」で重複除外。同一組内は総合値最大の配置を代表として採用。,STEP116_SELECTED_MAX_TOTAL_FROM_STEP106_RECALCULATED_9INEN,step106で各陣形有効ラインから再計算済みの9因縁行を使用し、重複組では総合値最大の配置を残す,方円||通常||9||今川義元|前田利家|武田晴信|細川藤孝(立役)|豊臣秀長|高台院||健康第一|山紫水明|巧言令色|摂理探究|文明開化|老練闊達|謀略家|質実剛健|雄材大略,,step116_9inen_dedup_max_total,23521,23521,step164_verified_normal9,耐久力,206
step116_9_方円_000011,STEP116_9INEN_DEDUP_MAX_TOTAL_RESULT,step106_9inen_full_780_dedup_by_hero_set_bond_set_max_total,方円,通常,9,今川義元|前田利家(雄材)|豊臣秀長|武田晴信|高台院|細川藤孝(立役),今川義元|前田利家(雄材)|豊臣秀長|武田晴信|高台院|細川藤孝(立役),謀略家|雄材大略|摂理探究|健康第一|老練闊達|質実剛健|文明開化|山紫水明|巧言令色,謀略家|雄材大略|摂理探究|健康第一|老練闊達|質実剛健|文明開化|山紫水明|巧言令色,15039,4838,132,206,0,795,344,537,557,558,515,ステータス計算済み,step116で9因縁780行を「陣形+配置英傑6人セット+発動因縁セット」で重複除外。同一組内は総合値最大の配置を代表として採用。,STEP116_SELECTED_MAX_TOTAL_FROM_STEP106_RECALCULATED_9INEN,step106で各陣形有効ラインから再計算済みの9因縁行を使用し、重複組では総合値最大の配置を残す,方円||通常||9||今川義元|前田利家(雄材)|武田晴信|細川藤孝(立役)|豊臣秀長|高台院||健康第一|山紫水明|巧言令色|摂理探究|文明開化|老練闊達|謀略家|質実剛健|雄材大略,,step116_9inen_dedup_max_total,23521,23521,step164_verified_normal9,耐久力,206
step116_9_方円_000018,STEP116_9INEN_DEDUP_MAX_TOTAL_RESULT,step106_9inen_full_780_dedup_by_hero_set_bond_set_max_total,方円,通常,9,丹羽長秀(風雲)|武田晴信|高台院|細川藤孝(立役)|今川義元|前田利家,丹羽長秀(風雲)|武田晴信|高台院|細川藤孝(立役)|今川義元|前田利家,健康第一|老練闊達|質実剛健|文明開化|山紫水明|巧言令色|謀略家|雄材大略|摂理探究,健康第一|老練闊達|質実剛健|文明開化|山紫水明|巧言令色|謀略家|雄材大略|摂理探究,14976,4813,120,206,0,787,344,520,566,564,498,ステータス計算済み,step116で9因縁780行を「陣形+配置英傑6人セット+発動因縁セット」で重複除外。同一組内は総合値最大の配置を代表として採用。,STEP116_SELECTED_MAX_TOTAL_FROM_STEP106_RECALCULATED_9INEN,step106で各陣形有効ラインから再計算済みの9因縁行を使用し、重複組では総合値最大の配置を残す,方円||通常||9||丹羽長秀(風雲)|今川義元|前田利家|武田晴信|細川藤孝(立役)|高台院||健康第一|山紫水明|巧言令色|摂理探究|文明開化|老練闊達|謀略家|質実剛健|雄材大略,,step116_9inen_dedup_max_total,23394,23394,step164_verified_normal9,耐久力,206
step116_9_方円_000017,STEP116_9INEN_DEDUP_MAX_TOTAL_RESULT,step106_9inen_full_780_dedup_by_hero_set_bond_set_max_total,方円,通常,9,今川義元|前田利家(雄材)|丹羽長秀(風雲)|武田晴信|高台院|細川藤孝(立役),今川義元|前田利家(雄材)|丹羽長秀(風雲)|武田晴信|高台院|細川藤孝(立役),謀略家|雄材大略|摂理探究|健康第一|老練闊達|質実剛健|文明開化|山紫水明|巧言令色,謀略家|雄材大略|摂理探究|健康第一|老練闊達|質実剛健|文明開化|山紫水明|巧言令色,14976,4813,120,206,0,787,344,520,566,564,498,ステータス計算済み,step116で9因縁780行を「陣形+配置英傑6人セット+発動因縁セット」で重複除外。同一組内は総合値最大の配置を代表として採用。,STEP116_SELECTED_MAX_TOTAL_FROM_STEP106_RECALCULATED_9INEN,step106で各陣形有効ラインから再計算済みの9因縁行を使用し、重複組では総合値最大の配置を残す,方円||通常||9||丹羽長秀(風雲)|今川義元|前田利家(雄材)|武田晴信|細川藤孝(立役)|高台院||健康第一|山紫水明|巧言令色|摂理探究|文明開化|老練闊達|謀略家|質実剛健|雄材大略,,step116_9inen_dedup_max_total,23394,23394,step164_verified_normal9,耐久力,206
step116_9_方円_000020,STEP116_9INEN_DEDUP_MAX_TOTAL_RESULT,step106_9inen_full_780_dedup_by_hero_set_bond_set_max_total,方円,通常,9,竹中半兵衛(右腕)|武田晴信|高台院|細川藤孝(立役)|今川義元|前田利家,竹中半兵衛(右腕)|武田晴信|高台院|細川藤孝(立役)|今川義元|前田利家,健康第一|老練闊達|質実剛健|文明開化|山紫水明|巧言令色|謀略家|雄材大略|摂理探究,健康第一|老練闊達|質実剛健|文明開化|山紫水明|巧言令色|謀略家|雄材大略|摂理探究,14811,4870,125,206,0,796,344,551,570,568,529,ステータス計算済み,step116で9因縁780行を「陣形+配置英傑6人セット+発動因縁セット」で重複除外。同一組内は総合値最大の配置を代表として採用。,STEP116_SELECTED_MAX_TOTAL_FROM_STEP106_RECALCULATED_9INEN,step106で各陣形有効ラインから再計算済みの9因縁行を使用し、重複組では総合値最大の配置を残す,方円||通常||9||今川義元|前田利家|武田晴信|竹中半兵衛(右腕)|細川藤孝(立役)|高台院||健康第一|山紫水明|巧言令色|摂理探究|文明開化|老練闊達|謀略家|質実剛健|雄材大略,,step116_9inen_dedup_max_total,23370,23370,step164_verified_normal9,耐久力,206
step116_9_方円_000019,STEP116_9INEN_DEDUP_MAX_TOTAL_RESULT,step106_9inen_full_780_dedup_by_hero_set_bond_set_max_total,方円,通常,9,今川義元|前田利家(雄材)|竹中半兵衛(右腕)|武田晴信|高台院|細川藤孝(立役),今川義元|前田利家(雄材)|竹中半兵衛(右腕)|武田晴信|高台院|細川藤孝(立役),謀略家|雄材大略|摂理探究|健康第一|老練闊達|質実剛健|文明開化|山紫水明|巧言令色,謀略家|雄材大略|摂理探究|健康第一|老練闊達|質実剛健|文明開化|山紫水明|巧言令色,14811,4870,125,206,0,796,344,551,570,568,529,ステータス計算済み,step116で9因縁780行を「陣形+配置英傑6人セット+発動因縁セット」で重複除外。同一組内は総合値最大の配置を代表として採用。,STEP116_SELECTED_MAX_TOTAL_FROM_STEP106_RECALCULATED_9INEN,step106で各陣形有効ラインから再計算済みの9因縁行を使用し、重複組では総合値最大の配置を残す,方円||通常||9||今川義元|前田利家(雄材)|武田晴信|竹中半兵衛(右腕)|細川藤孝(立役)|高台院||健康第一|山紫水明|巧言令色|摂理探究|文明開化|老練闊達|謀略家|質実剛健|雄材大略,,step116_9inen_dedup_max_total,23370,23370,step164_verified_normal9,耐久力,206
step116_9_方円_000044,STEP116_9INEN_DEDUP_MAX_TOTAL_RESULT,step106_9inen_full_780_dedup_by_hero_set_bond_set_max_total,方円,通常,9,仙桃院|納涼忍お綾|堀秀政|柳生宗矩|宮本武蔵(涼)|道場娘まり(和装),仙桃院|納涼忍お綾|堀秀政|柳生宗矩|宮本武蔵(涼)|道場娘まり(和装),才腕の絆|文明開化|技巧伝承|多芸多才|侍|剣豪の絆|豪傑|女傑の絆|能鷹隠爪,才腕の絆|文明開化|技巧伝承|多芸多才|侍|剣豪の絆|豪傑|女傑の絆|能鷹隠爪,13904,1403,681,184,605,169,647,403,408,432,465,ステータス計算済み,step116で9因縁780行を「陣形+配置英傑6人セット+発動因縁セット」で重複除外。同一組内は総合値最大の配置を代表として採用。,STEP116_SELECTED_MAX_TOTAL_FROM_STEP106_RECALCULATED_9INEN,step106で各陣形有効ラインから再計算済みの9因縁行を使用し、重複組では総合値最大の配置を残す,方円||通常||9||仙桃院|堀秀政|宮本武蔵(涼)|柳生宗矩|納涼忍お綾|道場娘まり(和装)||侍|剣豪の絆|多芸多才|女傑の絆|才腕の絆|技巧伝承|文明開化|能鷹隠爪|豪傑,,step116_9inen_dedup_max_total,19301,19301,step164_verified_normal9,耐久力,184
step116_9_方円_000050,STEP116_9INEN_DEDUP_MAX_TOTAL_RESULT,step106_9inen_full_780_dedup_by_hero_set_bond_set_max_total,方円,通常,9,武田信玄(野望)|納涼忍お綾|堀秀政|柳生宗矩|宮本武蔵(涼)|道場娘まり(和装),武田信玄(野望)|納涼忍お綾|堀秀政|柳生宗矩|宮本武蔵(涼)|道場娘まり(和装),才腕の絆|文明開化|技巧伝承|多芸多才|侍|剣豪の絆|豪傑|戦場の華|能鷹隠爪,才腕の絆|文明開化|技巧伝承|多芸多才|侍|剣豪の絆|豪傑|戦場の華|能鷹隠爪,13504,1403,514,178,605,169,608,403,408,432,465,ステータス計算済み,step116で9因縁780行を「陣形+配置英傑6人セット+発動因縁セット」で重複除外。同一組内は総合値最大の配置を代表として採用。,STEP116_SELECTED_MAX_TOTAL_FROM_STEP106_RECALCULATED_9INEN,step106で各陣形有効ラインから再計算済みの9因縁行を使用し、重複組では総合値最大の配置を残す,方円||通常||9||堀秀政|宮本武蔵(涼)|柳生宗矩|武田信玄(野望)|納涼忍お綾|道場娘まり(和装)||侍|剣豪の絆|多芸多才|戦場の華|才腕の絆|技巧伝承|文明開化|能鷹隠爪|豪傑,,step116_9inen_dedup_max_total,18689,18689,step164_verified_normal9,耐久力,178
step116_9_方円_000052,STEP116_9INEN_DEDUP_MAX_TOTAL_RESULT,step106_9inen_full_780_dedup_by_hero_set_bond_set_max_total,方円,通常,9,仙桃院|納涼忍お綾|堀秀政|柳生宗矩|明智光秀(闇)|井伊直虎,仙桃院|納涼忍お綾|堀秀政|柳生宗矩|明智光秀(闇)|井伊直虎,才腕の絆|文明開化|技巧伝承|多芸多才|豪傑|勇猛果敢|女傑の絆|戦場の華|能鷹隠爪,才腕の絆|文明開化|技巧伝承|多芸多才|豪傑|勇猛果敢|女傑の絆|戦場の華|能鷹隠爪,13564,975,598,159,577,169,801,403,408,432,465,ステータス計算済み,step116で9因縁780行を「陣形+配置英傑6人セット+発動因縁セット」で重複除外。同一組内は総合値最大の配置を代表として採用。,STEP116_SELECTED_MAX_TOTAL_FROM_STEP106_RECALCULATED_9INEN,step106で各陣形有効ラインから再計算済みの9因縁行を使用し、重複組では総合値最大の配置を残す,方円||通常||9||井伊直虎|仙桃院|堀秀政|明智光秀(闇)|柳生宗矩|納涼忍お綾||勇猛果敢|多芸多才|女傑の絆|戦場の華|才腕の絆|技巧伝承|文明開化|能鷹隠爪|豪傑,,step116_9inen_dedup_max_total,18551,18551,step164_verified_normal9,耐久力,159
step116_9_方円_000053,STEP116_9INEN_DEDUP_MAX_TOTAL_RESULT,step106_9inen_full_780_dedup_by_hero_set_bond_set_max_total,方円,通常,9,仙桃院|納涼忍お綾|堀秀政|柳生宗矩|上杉謙信(野望)|井伊直虎,仙桃院|納涼忍お綾|堀秀政|柳生宗矩|上杉謙信(野望)|井伊直虎,才腕の絆|文明開化|技巧伝承|多芸多才|豪傑|勇猛果敢|女傑の絆|戦場の華|能鷹隠爪,才腕の絆|文明開化|技巧伝承|多芸多才|豪傑|勇猛果敢|女傑の絆|戦場の華|能鷹隠爪,13524,975,578,159,579,169,801,403,408,432,465,ステータス計算済み,step116で9因縁780行を「陣形+配置英傑6人セット+発動因縁セット」で重複除外。同一組内は総合値最大の配置を代表として採用。,STEP116_SELECTED_MAX_TOTAL_FROM_STEP106_RECALCULATED_9INEN,step106で各陣形有効ラインから再計算済みの9因縁行を使用し、重複組では総合値最大の配置を残す,方円||通常||9||上杉謙信(野望)|井伊直虎|仙桃院|堀秀政|柳生宗矩|納涼忍お綾||勇猛果敢|多芸多才|女傑の絆|戦場の華|才腕の絆|技巧伝承|文明開化|能鷹隠爪|豪傑,,step116_9inen_dedup_max_total,18493,18493,step164_verified_normal9,耐久力,159
step116_9_方円_000054,STEP116_9INEN_DEDUP_MAX_TOTAL_RESULT,step106_9inen_full_780_dedup_by_hero_set_bond_set_max_total,方円,通常,9,仙桃院|納涼忍お綾|堀秀政|柳生宗矩|原虎胤|井伊直虎,仙桃院|納涼忍お綾|堀秀政|柳生宗矩|原虎胤|井伊直虎,才腕の絆|文明開化|技巧伝承|多芸多才|豪傑|勇猛果敢|女傑の絆|戦場の華|能鷹隠爪,才腕の絆|文明開化|技巧伝承|多芸多才|豪傑|勇猛果敢|女傑の絆|戦場の華|能鷹隠爪,13052,975,528,159,557,169,801,403,408,432,465,ステータス計算済み,step116で9因縁780行を「陣形+配置英傑6人セット+発動因縁セット」で重複除外。同一組内は総合値最大の配置を代表として採用。,STEP116_SELECTED_MAX_TOTAL_FROM_STEP106_RECALCULATED_9INEN,step106で各陣形有効ラインから再計算済みの9因縁行を使用し、重複組では総合値最大の配置を残す,方円||通常||9||井伊直虎|仙桃院|原虎胤|堀秀政|柳生宗矩|納涼忍お綾||勇猛果敢|多芸多才|女傑の絆|戦場の華|才腕の絆|技巧伝承|文明開化|能鷹隠爪|豪傑,,step116_9inen_dedup_max_total,17949,17949,step164_verified_normal9,耐久力,159
step116_9_方円_000046,STEP116_9INEN_DEDUP_MAX_TOTAL_RESULT,step106_9inen_full_780_dedup_by_hero_set_bond_set_max_total,方円,通常,9,鍋島直茂(乱雲)|北条氏照(剛柔)|金森長近|雑賀孫市(道化)|黒田長政|黒田官兵衛,鍋島直茂(乱雲)|北条氏照(剛柔)|金森長近|雑賀孫市(道化)|黒田長政|黒田官兵衛,文明開化|技巧伝承|知勇兼備|才腕の絆|硝煙弾雨|多芸多才|知将の絆|立役者|柔能制剛,文明開化|技巧伝承|知勇兼備|才腕の絆|硝煙弾雨|多芸多才|知将の絆|立役者|柔能制剛,11606,3272,147,112,633,773,343,556,641,573,552,ステータス計算済み,step116で9因縁780行を「陣形+配置英傑6人セット+発動因縁セット」で重複除外。同一組内は総合値最大の配置を代表として採用。,STEP116_SELECTED_MAX_TOTAL_FROM_STEP106_RECALCULATED_9INEN,step106で各陣形有効ラインから再計算済みの9因縁行を使用し、重複組では総合値最大の配置を残す,方円||通常||9||北条氏照(剛柔)|金森長近|鍋島直茂(乱雲)|雑賀孫市(道化)|黒田官兵衛|黒田長政||多芸多才|才腕の絆|技巧伝承|文明開化|柔能制剛|知勇兼備|知将の絆|硝煙弾雨|立役者,,step116_9inen_dedup_max_total,19208,19208,step164_verified_normal9,耐久力,112
step116_9_方円_000047,STEP116_9INEN_DEDUP_MAX_TOTAL_RESULT,step106_9inen_full_780_dedup_by_hero_set_bond_set_max_total,方円,通常,9,豊臣秀長|北条氏照(剛柔)|金森長近|雑賀孫市(道化)|黒田長政|黒田官兵衛,豊臣秀長|北条氏照(剛柔)|金森長近|雑賀孫市(道化)|黒田長政|黒田官兵衛,文明開化|技巧伝承|知勇兼備|才腕の絆|硝煙弾雨|多芸多才|知将の絆|立役者|柔能制剛,文明開化|技巧伝承|知勇兼備|才腕の絆|硝煙弾雨|多芸多才|知将の絆|立役者|柔能制剛,11393,3272,147,112,631,777,343,562,643,581,554,ステータス計算済み,step116で9因縁780行を「陣形+配置英傑6人セット+発動因縁セット」で重複除外。同一組内は総合値最大の配置を代表として採用。,STEP116_SELECTED_MAX_TOTAL_FROM_STEP106_RECALCULATED_9INEN,step106で各陣形有効ラインから再計算済みの9因縁行を使用し、重複組では総合値最大の配置を残す,方円||通常||9||北条氏照(剛柔)|豊臣秀長|金森長近|雑賀孫市(道化)|黒田官兵衛|黒田長政||多芸多才|才腕の絆|技巧伝承|文明開化|柔能制剛|知勇兼備|知将の絆|硝煙弾雨|立役者,,step116_9inen_dedup_max_total,19015,19015,step164_verified_normal9,耐久力,112
step116_9_方円_000049,STEP116_9INEN_DEDUP_MAX_TOTAL_RESULT,step106_9inen_full_780_dedup_by_hero_set_bond_set_max_total,方円,通常,9,鍋島直茂(乱雲)|北条氏照(剛柔)|金森長近|雑賀孫市(道化)|大久保忠世|黒田官兵衛,鍋島直茂(乱雲)|北条氏照(剛柔)|金森長近|雑賀孫市(道化)|大久保忠世|黒田官兵衛,文明開化|技巧伝承|知勇兼備|才腕の絆|硝煙弾雨|多芸多才|知将の絆|立役者|柔能制剛,文明開化|技巧伝承|知勇兼備|才腕の絆|硝煙弾雨|多芸多才|知将の絆|立役者|柔能制剛,11367,3232,143,108,628,760,336,524,610,536,523,ステータス計算済み,step116で9因縁780行を「陣形+配置英傑6人セット+発動因縁セット」で重複除外。同一組内は総合値最大の配置を代表として採用。,STEP116_SELECTED_MAX_TOTAL_FROM_STEP106_RECALCULATED_9INEN,step106で各陣形有効ラインから再計算済みの9因縁行を使用し、重複組では総合値最大の配置を残す,方円||通常||9||北条氏照(剛柔)|大久保忠世|金森長近|鍋島直茂(乱雲)|雑賀孫市(道化)|黒田官兵衛||多芸多才|才腕の絆|技巧伝承|文明開化|柔能制剛|知勇兼備|知将の絆|硝煙弾雨|立役者,,step116_9inen_dedup_max_total,18767,18767,step164_verified_normal9,耐久力,108
step116_9_方円_000051,STEP116_9INEN_DEDUP_MAX_TOTAL_RESULT,step106_9inen_full_780_dedup_by_hero_set_bond_set_max_total,方円,通常,9,豊臣秀長|北条氏照(剛柔)|金森長近|雑賀孫市(道化)|大久保忠世|黒田官兵衛,豊臣秀長|北条氏照(剛柔)|金森長近|雑賀孫市(道化)|大久保忠世|黒田官兵衛,文明開化|技巧伝承|知勇兼備|才腕の絆|硝煙弾雨|多芸多才|知将の絆|立役者|柔能制剛,文明開化|技巧伝承|知勇兼備|才腕の絆|硝煙弾雨|多芸多才|知将の絆|立役者|柔能制剛,11154,3232,143,108,626,764,336,530,612,545,525,ステータス計算済み,step116で9因縁780行を「陣形+配置英傑6人セット+発動因縁セット」で重複除外。同一組内は総合値最大の配置を代表として採用。,STEP116_SELECTED_MAX_TOTAL_FROM_STEP106_RECALCULATED_9INEN,step106で各陣形有効ラインから再計算済みの9因縁行を使用し、重複組では総合値最大の配置を残す,方円||通常||9||北条氏照(剛柔)|大久保忠世|豊臣秀長|金森長近|雑賀孫市(道化)|黒田官兵衛||多芸多才|才腕の絆|技巧伝承|文明開化|柔能制剛|知勇兼備|知将の絆|硝煙弾雨|立役者,,step116_9inen_dedup_max_total,18575,18575,step164_verified_normal9,耐久力,108
step116_9_方円_000048,STEP116_9INEN_DEDUP_MAX_TOTAL_RESULT,step106_9inen_full_780_dedup_by_hero_set_bond_set_max_total,方円,通常,9,佐竹義重|豊臣秀長|北条氏照(剛柔)|豊臣秀次|百地三太夫(野望)|斎藤道三(巳),佐竹義重|豊臣秀長|北条氏照(剛柔)|豊臣秀次|百地三太夫(野望)|斎藤道三(巳),知将の絆|立役者|技巧伝承|柔能制剛|謀略家|生殺与奪|侍|才腕の絆|知勇兼備,知将の絆|立役者|技巧伝承|柔能制剛|謀略家|生殺与奪|侍|才腕の絆|知勇兼備,13439,1428,148,90,470,950,392,509,499,509,503,ステータス計算済み,step116で9因縁780行を「陣形+配置英傑6人セット+発動因縁セット」で重複除外。同一組内は総合値最大の配置を代表として採用。,STEP116_SELECTED_MAX_TOTAL_FROM_STEP106_RECALCULATED_9INEN,step106で各陣形有効ラインから再計算済みの9因縁行を使用し、重複組では総合値最大の配置を残す,方円||通常||9||佐竹義重|北条氏照(剛柔)|斎藤道三(巳)|百地三太夫(野望)|豊臣秀次|豊臣秀長||侍|才腕の絆|技巧伝承|柔能制剛|生殺与奪|知勇兼備|知将の絆|立役者|謀略家,,step116_9inen_dedup_max_total,18937,18937,step164_verified_normal9,耐久力,90
step116_9_方円_000045,STEP116_9INEN_DEDUP_MAX_TOTAL_RESULT,step106_9inen_full_780_dedup_by_hero_set_bond_set_max_total,方円,通常,9,井伊直虎|納涼忍お綾|堀秀政|柳生宗矩|宮本武蔵(涼)|道場娘まり(和装),井伊直虎|納涼忍お綾|堀秀政|柳生宗矩|宮本武蔵(涼)|道場娘まり(和装),才腕の絆|文明開化|技巧伝承|多芸多才|侍|剣豪の絆|豪傑|女傑の絆|戦場の華,才腕の絆|文明開化|技巧伝承|多芸多才|侍|剣豪の絆|豪傑|女傑の絆|戦場の華,13928,1403,702,79,605,169,649,403,408,432,465,ステータス計算済み,step116で9因縁780行を「陣形+配置英傑6人セット+発動因縁セット」で重複除外。同一組内は総合値最大の配置を代表として採用。,STEP116_SELECTED_MAX_TOTAL_FROM_STEP106_RECALCULATED_9INEN,step106で各陣形有効ラインから再計算済みの9因縁行を使用し、重複組では総合値最大の配置を残す,方円||通常||9||井伊直虎|堀秀政|宮本武蔵(涼)|柳生宗矩|納涼忍お綾|道場娘まり(和装)||侍|剣豪の絆|多芸多才|女傑の絆|戦場の華|才腕の絆|技巧伝承|文明開化|豪傑,,step116_9inen_dedup_max_total,19243,19243,step164_verified_normal9,耐久力,79
step116_9_方円_000055,STEP116_9INEN_DEDUP_MAX_TOTAL_RESULT,step106_9inen_full_780_dedup_by_hero_set_bond_set_max_total,方円,通常,9,谷忠澄|柳生宗矩|宮本武蔵(涼)|道場娘まり(和装)|井伊直虎|魔女ルシア,谷忠澄|柳生宗矩|宮本武蔵(涼)|道場娘まり(和装)|井伊直虎|魔女ルシア,侍|剣豪の絆|豪傑|女傑の絆|戦場の華|文明開化|技巧伝承|竜飛鳳舞|多芸多才,侍|剣豪の絆|豪傑|女傑の絆|戦場の華|文明開化|技巧伝承|竜飛鳳舞|多芸多才,13298,1346,790,72,340,289,652,171,168,161,194,ステータス計算済み,step116で9因縁780行を「陣形+配置英傑6人セット+発動因縁セット」で重複除外。同一組内は総合値最大の配置を代表として採用。,STEP116_SELECTED_MAX_TOTAL_FROM_STEP106_RECALCULATED_9INEN,step106で各陣形有効ラインから再計算済みの9因縁行を使用し、重複組では総合値最大の配置を残す,方円||通常||9||井伊直虎|宮本武蔵(涼)|柳生宗矩|谷忠澄|道場娘まり(和装)|魔女ルシア||侍|剣豪の絆|多芸多才|女傑の絆|戦場の華|技巧伝承|文明開化|竜飛鳳舞|豪傑,,step116_9inen_dedup_max_total,17481,17481,step164_verified_normal9,耐久力,72
step116_9_方円_000023,STEP116_9INEN_DEDUP_MAX_TOTAL_RESULT,step106_9inen_full_780_dedup_by_hero_set_bond_set_max_total,方円,通常,9,酒井忠次(衣鉢)|伊奈忠次|ガラシャ(聖)|斎藤利三(神祇)|毛利隆元|豊臣秀吉,酒井忠次(衣鉢)|伊奈忠次|ガラシャ(聖)|斎藤利三(神祇)|毛利隆元|豊臣秀吉,召喚術の絆|摂理探究|世渡り上手の絆|才腕の絆|謀略家|柔能制剛|技巧伝承|天神地祇|雄材大略,召喚術の絆|摂理探究|世渡り上手の絆|才腕の絆|謀略家|柔能制剛|技巧伝承|天神地祇|雄材大略,15387,3129,37,51,359,664,423,655,664,696,634,ステータス計算済み,step116で9因縁780行を「陣形+配置英傑6人セット+発動因縁セット」で重複除外。同一組内は総合値最大の配置を代表として採用。,STEP116_SELECTED_MAX_TOTAL_FROM_STEP106_RECALCULATED_9INEN,step106で各陣形有効ラインから再計算済みの9因縁行を使用し、重複組では総合値最大の配置を残す,方円||通常||9||ガラシャ(聖)|伊奈忠次|斎藤利三(神祇)|毛利隆元|豊臣秀吉|酒井忠次(衣鉢)||世渡り上手の絆|召喚術の絆|天神地祇|才腕の絆|技巧伝承|摂理探究|柔能制剛|謀略家|雄材大略,,step116_9inen_dedup_max_total,22699,22699,step164_verified_normal9,耐久力,51
step116_9_方円_000022,STEP116_9INEN_DEDUP_MAX_TOTAL_RESULT,step106_9inen_full_780_dedup_by_hero_set_bond_set_max_total,方円,通常,9,酒井忠次(通)|伊奈忠次|ガラシャ(聖)|斎藤利三(神祇)|毛利隆元|豊臣秀吉,酒井忠次(通)|伊奈忠次|ガラシャ(聖)|斎藤利三(神祇)|毛利隆元|豊臣秀吉,召喚術の絆|摂理探究|世渡り上手の絆|才腕の絆|謀略家|柔能制剛|技巧伝承|天神地祇|雄材大略,召喚術の絆|摂理探究|世渡り上手の絆|才腕の絆|謀略家|柔能制剛|技巧伝承|天神地祇|雄材大略,15387,3129,37,51,359,664,423,655,664,696,634,ステータス計算済み,step116で9因縁780行を「陣形+配置英傑6人セット+発動因縁セット」で重複除外。同一組内は総合値最大の配置を代表として採用。,STEP116_SELECTED_MAX_TOTAL_FROM_STEP106_RECALCULATED_9INEN,step106で各陣形有効ラインから再計算済みの9因縁行を使用し、重複組では総合値最大の配置を残す,方円||通常||9||ガラシャ(聖)|伊奈忠次|斎藤利三(神祇)|毛利隆元|豊臣秀吉|酒井忠次(通)||世渡り上手の絆|召喚術の絆|天神地祇|才腕の絆|技巧伝承|摂理探究|柔能制剛|謀略家|雄材大略,,step116_9inen_dedup_max_total,22699,22699,step164_verified_normal9,耐久力,51
step116_9_方円_000037,STEP116_9INEN_DEDUP_MAX_TOTAL_RESULT,step106_9inen_full_780_dedup_by_hero_set_bond_set_max_total,方円,通常,9,谷忠澄|柳生宗矩|島左近|出雲阿国(野望)|大祝鶴|魔女ルシア,谷忠澄|柳生宗矩|島左近|出雲阿国(野望)|大祝鶴|魔女ルシア,豪傑|流行創出|神主・巫女|女傑の絆|洒落者の絆|文明開化|技巧伝承|竜飛鳳舞|多芸多才,豪傑|流行創出|神主・巫女|女傑の絆|洒落者の絆|文明開化|技巧伝承|竜飛鳳舞|多芸多才,12761,2985,508,44,222,416,655,535,545,521,585,ステータス計算済み,step116で9因縁780行を「陣形+配置英傑6人セット+発動因縁セット」で重複除外。同一組内は総合値最大の配置を代表として採用。,STEP116_SELECTED_MAX_TOTAL_FROM_STEP106_RECALCULATED_9INEN,step106で各陣形有効ラインから再計算済みの9因縁行を使用し、重複組では総合値最大の配置を残す,方円||通常||9||出雲阿国(野望)|大祝鶴|島左近|柳生宗矩|谷忠澄|魔女ルシア||多芸多才|女傑の絆|技巧伝承|文明開化|洒落者の絆|流行創出|神主・巫女|竜飛鳳舞|豪傑,,step116_9inen_dedup_max_total,19777,19777,step164_verified_normal9,耐久力,44
step116_9_方円_000027,STEP116_9INEN_DEDUP_MAX_TOTAL_RESULT,step106_9inen_full_780_dedup_by_hero_set_bond_set_max_total,方円,通常,9,酒井忠次(衣鉢)|伊奈忠次|サンチョ|斎藤利三(神祇)|毛利隆元|豊臣秀吉,酒井忠次(衣鉢)|伊奈忠次|サンチョ|斎藤利三(神祇)|毛利隆元|豊臣秀吉,召喚術の絆|摂理探究|世渡り上手の絆|才腕の絆|謀略家|柔能制剛|技巧伝承|天神地祇|雄材大略,召喚術の絆|摂理探究|世渡り上手の絆|才腕の絆|謀略家|柔能制剛|技巧伝承|天神地祇|雄材大略,14916,3129,28,40,359,635,423,607,610,631,578,ステータス計算済み,step116で9因縁780行を「陣形+配置英傑6人セット+発動因縁セット」で重複除外。同一組内は総合値最大の配置を代表として採用。,STEP116_SELECTED_MAX_TOTAL_FROM_STEP106_RECALCULATED_9INEN,step106で各陣形有効ラインから再計算済みの9因縁行を使用し、重複組では総合値最大の配置を残す,方円||通常||9||サンチョ|伊奈忠次|斎藤利三(神祇)|毛利隆元|豊臣秀吉|酒井忠次(衣鉢)||世渡り上手の絆|召喚術の絆|天神地祇|才腕の絆|技巧伝承|摂理探究|柔能制剛|謀略家|雄材大略,,step116_9inen_dedup_max_total,21956,21956,step164_verified_normal9,耐久力,40
step116_9_方円_000026,STEP116_9INEN_DEDUP_MAX_TOTAL_RESULT,step106_9inen_full_780_dedup_by_hero_set_bond_set_max_total,方円,通常,9,酒井忠次(通)|伊奈忠次|サンチョ|斎藤利三(神祇)|毛利隆元|豊臣秀吉,酒井忠次(通)|伊奈忠次|サンチョ|斎藤利三(神祇)|毛利隆元|豊臣秀吉,召喚術の絆|摂理探究|世渡り上手の絆|才腕の絆|謀略家|柔能制剛|技巧伝承|天神地祇|雄材大略,召喚術の絆|摂理探究|世渡り上手の絆|才腕の絆|謀略家|柔能制剛|技巧伝承|天神地祇|雄材大略,14916,3129,28,40,359,635,423,607,610,631,578,ステータス計算済み,step116で9因縁780行を「陣形+配置英傑6人セット+発動因縁セット」で重複除外。同一組内は総合値最大の配置を代表として採用。,STEP116_SELECTED_MAX_TOTAL_FROM_STEP106_RECALCULATED_9INEN,step106で各陣形有効ラインから再計算済みの9因縁行を使用し、重複組では総合値最大の配置を残す,方円||通常||9||サンチョ|伊奈忠次|斎藤利三(神祇)|毛利隆元|豊臣秀吉|酒井忠次(通)||世渡り上手の絆|召喚術の絆|天神地祇|才腕の絆|技巧伝承|摂理探究|柔能制剛|謀略家|雄材大略,,step116_9inen_dedup_max_total,21956,21956,step164_verified_normal9,耐久力,40
step116_9_方円_000030,STEP116_9INEN_DEDUP_MAX_TOTAL_RESULT,step106_9inen_full_780_dedup_by_hero_set_bond_set_max_total,方円,通常,9,細川藤孝(立役)|大内義隆|北条氏邦|出雲阿国(野望)|大祝鶴|魔女ルシア,細川藤孝(立役)|大内義隆|北条氏邦|出雲阿国(野望)|大祝鶴|魔女ルシア,流行創出|多芸多才|神主・巫女|女傑の絆|洒落者の絆|文化人の絆|文明開化|技巧伝承|山紫水明,流行創出|多芸多才|神主・巫女|女傑の絆|洒落者の絆|文化人の絆|文明開化|技巧伝承|山紫水明,13386,2828,227,40,348,443,684,850,893,818,874,ステータス計算済み,step116で9因縁780行を「陣形+配置英傑6人セット+発動因縁セット」で重複除外。同一組内は総合値最大の配置を代表として採用。,STEP116_SELECTED_MAX_TOTAL_FROM_STEP106_RECALCULATED_9INEN,step106で各陣形有効ラインから再計算済みの9因縁行を使用し、重複組では総合値最大の配置を残す,方円||通常||9||出雲阿国(野望)|北条氏邦|大内義隆|大祝鶴|細川藤孝(立役)|魔女ルシア||多芸多才|女傑の絆|山紫水明|技巧伝承|文化人の絆|文明開化|洒落者の絆|流行創出|神主・巫女,,step116_9inen_dedup_max_total,21391,21391,step164_verified_normal9,耐久力,40
step116_9_方円_000036,STEP116_9INEN_DEDUP_MAX_TOTAL_RESULT,step106_9inen_full_780_dedup_by_hero_set_bond_set_max_total,方円,通常,9,武田晴信|豊臣秀長|北条氏照(剛柔)|豊臣秀次|細川藤孝(立役)|前田利家,武田晴信|豊臣秀長|北条氏照(剛柔)|豊臣秀次|細川藤孝(立役)|前田利家,知将の絆|立役者|技巧伝承|柔能制剛|文明開化|山紫水明|謀略家|雄材大略|摂理探究,知将の絆|立役者|技巧伝承|柔能制剛|文明開化|山紫水明|謀略家|雄材大略|摂理探究,14832,899,76,0,267,1174,173,705,680,724,679,ステータス計算済み,step116で9因縁780行を「陣形+配置英傑6人セット+発動因縁セット」で重複除外。同一組内は総合値最大の配置を代表として採用。,STEP116_SELECTED_MAX_TOTAL_FROM_STEP106_RECALCULATED_9INEN,step106で各陣形有効ラインから再計算済みの9因縁行を使用し、重複組では総合値最大の配置を残す,方円||通常||9||前田利家|北条氏照(剛柔)|武田晴信|細川藤孝(立役)|豊臣秀次|豊臣秀長||山紫水明|技巧伝承|摂理探究|文明開化|柔能制剛|知将の絆|立役者|謀略家|雄材大略,,step116_9inen_dedup_max_total,20209,20209,step164_verified_normal9,耐久力,0
step116_9_方円_000035,STEP116_9INEN_DEDUP_MAX_TOTAL_RESULT,step106_9inen_full_780_dedup_by_hero_set_bond_set_max_total,方円,通常,9,北条氏照(剛柔)|豊臣秀長|武田晴信|前田利家(雄材)|細川藤孝(立役)|豊臣秀次,北条氏照(剛柔)|豊臣秀長|武田晴信|前田利家(雄材)|細川藤孝(立役)|豊臣秀次,謀略家|雄材大略|摂理探究|文明開化|山紫水明|知将の絆|立役者|技巧伝承|柔能制剛,謀略家|雄材大略|摂理探究|文明開化|山紫水明|知将の絆|立役者|技巧伝承|柔能制剛,14832,899,76,0,267,1174,173,705,680,724,679,ステータス計算済み,step116で9因縁780行を「陣形+配置英傑6人セット+発動因縁セット」で重複除外。同一組内は総合値最大の配置を代表として採用。,STEP116_SELECTED_MAX_TOTAL_FROM_STEP106_RECALCULATED_9INEN,step106で各陣形有効ラインから再計算済みの9因縁行を使用し、重複組では総合値最大の配置を残す,方円||通常||9||前田利家(雄材)|北条氏照(剛柔)|武田晴信|細川藤孝(立役)|豊臣秀次|豊臣秀長||山紫水明|技巧伝承|摂理探究|文明開化|柔能制剛|知将の絆|立役者|謀略家|雄材大略,,step116_9inen_dedup_max_total,20209,20209,step164_verified_normal9,耐久力,0
step116_9_方円_000041,STEP116_9INEN_DEDUP_MAX_TOTAL_RESULT,step106_9inen_full_780_dedup_by_hero_set_bond_set_max_total,方円,通常,9,上杉憲政|豊臣秀長|北条氏照(剛柔)|豊臣秀次|細川藤孝(立役)|前田利家,上杉憲政|豊臣秀長|北条氏照(剛柔)|豊臣秀次|細川藤孝(立役)|前田利家,知将の絆|立役者|技巧伝承|柔能制剛|文明開化|山紫水明|謀略家|雄材大略|摂理探究,知将の絆|立役者|技巧伝承|柔能制剛|文明開化|山紫水明|謀略家|雄材大略|摂理探究,14490,861,79,0,267,1097,173,669,652,695,651,ステータス計算済み,step116で9因縁780行を「陣形+配置英傑6人セット+発動因縁セット」で重複除外。同一組内は総合値最大の配置を代表として採用。,STEP116_SELECTED_MAX_TOTAL_FROM_STEP106_RECALCULATED_9INEN,step106で各陣形有効ラインから再計算済みの9因縁行を使用し、重複組では総合値最大の配置を残す,方円||通常||9||上杉憲政|前田利家|北条氏照(剛柔)|細川藤孝(立役)|豊臣秀次|豊臣秀長||山紫水明|技巧伝承|摂理探究|文明開化|柔能制剛|知将の絆|立役者|謀略家|雄材大略,,step116_9inen_dedup_max_total,19634,19634,step164_verified_normal9,耐久力,0
step116_9_方円_000040,STEP116_9INEN_DEDUP_MAX_TOTAL_RESULT,step106_9inen_full_780_dedup_by_hero_set_bond_set_max_total,方円,通常,9,北条氏照(剛柔)|豊臣秀長|上杉憲政|前田利家(雄材)|細川藤孝(立役)|豊臣秀次,北条氏照(剛柔)|豊臣秀長|上杉憲政|前田利家(雄材)|細川藤孝(立役)|豊臣秀次,謀略家|雄材大略|摂理探究|文明開化|山紫水明|知将の絆|立役者|技巧伝承|柔能制剛,謀略家|雄材大略|摂理探究|文明開化|山紫水明|知将の絆|立役者|技巧伝承|柔能制剛,14490,861,79,0,267,1097,173,669,652,695,651,ステータス計算済み,step116で9因縁780行を「陣形+配置英傑6人セット+発動因縁セット」で重複除外。同一組内は総合値最大の配置を代表として採用。,STEP116_SELECTED_MAX_TOTAL_FROM_STEP106_RECALCULATED_9INEN,step106で各陣形有効ラインから再計算済みの9因縁行を使用し、重複組では総合値最大の配置を残す,方円||通常||9||上杉憲政|前田利家(雄材)|北条氏照(剛柔)|細川藤孝(立役)|豊臣秀次|豊臣秀長||山紫水明|技巧伝承|摂理探究|文明開化|柔能制剛|知将の絆|立役者|謀略家|雄材大略,,step116_9inen_dedup_max_total,19634,19634,step164_verified_normal9,耐久力,0
step116_9_方円_000046,STEP116_9INEN_DEDUP_MAX_TOTAL_RESULT,step106_9inen_full_780_dedup_by_hero_set_bond_set_max_total,方円,通常,9,鍋島直茂(乱雲)|北条氏照(剛柔)|金森長近|雑賀孫市(道化)|黒田長政|黒田官兵衛,鍋島直茂(乱雲)|北条氏照(剛柔)|金森長近|雑賀孫市(道化)|黒田長政|黒田官兵衛,文明開化|技巧伝承|知勇兼備|才腕の絆|硝煙弾雨|多芸多才|知将の絆|立役者|柔能制剛,文明開化|技巧伝承|知勇兼備|才腕の絆|硝煙弾雨|多芸多才|知将の絆|立役者|柔能制剛,11606,3272,147,112,633,773,343,556,641,573,552,ステータス計算済み,step116で9因縁780行を「陣形+配置英傑6人セット+発動因縁セット」で重複除外。同一組内は総合値最大の配置を代表として採用。,STEP116_SELECTED_MAX_TOTAL_FROM_STEP106_RECALCULATED_9INEN,step106で各陣形有効ラインから再計算済みの9因縁行を使用し、重複組では総合値最大の配置を残す,方円||通常||9||北条氏照(剛柔)|金森長近|鍋島直茂(乱雲)|雑賀孫市(道化)|黒田官兵衛|黒田長政||多芸多才|才腕の絆|技巧伝承|文明開化|柔能制剛|知勇兼備|知将の絆|硝煙弾雨|立役者,,step116_9inen_dedup_max_total,19208,19208,step164_verified_normal9,器用さ,633
step116_9_方円_000047,STEP116_9INEN_DEDUP_MAX_TOTAL_RESULT,step106_9inen_full_780_dedup_by_hero_set_bond_set_max_total,方円,通常,9,豊臣秀長|北条氏照(剛柔)|金森長近|雑賀孫市(道化)|黒田長政|黒田官兵衛,豊臣秀長|北条氏照(剛柔)|金森長近|雑賀孫市(道化)|黒田長政|黒田官兵衛,文明開化|技巧伝承|知勇兼備|才腕の絆|硝煙弾雨|多芸多才|知将の絆|立役者|柔能制剛,文明開化|技巧伝承|知勇兼備|才腕の絆|硝煙弾雨|多芸多才|知将の絆|立役者|柔能制剛,11393,3272,147,112,631,777,343,562,643,581,554,ステータス計算済み,step116で9因縁780行を「陣形+配置英傑6人セット+発動因縁セット」で重複除外。同一組内は総合値最大の配置を代表として採用。,STEP116_SELECTED_MAX_TOTAL_FROM_STEP106_RECALCULATED_9INEN,step106で各陣形有効ラインから再計算済みの9因縁行を使用し、重複組では総合値最大の配置を残す,方円||通常||9||北条氏照(剛柔)|豊臣秀長|金森長近|雑賀孫市(道化)|黒田官兵衛|黒田長政||多芸多才|才腕の絆|技巧伝承|文明開化|柔能制剛|知勇兼備|知将の絆|硝煙弾雨|立役者,,step116_9inen_dedup_max_total,19015,19015,step164_verified_normal9,器用さ,631
step116_9_方円_000049,STEP116_9INEN_DEDUP_MAX_TOTAL_RESULT,step106_9inen_full_780_dedup_by_hero_set_bond_set_max_total,方円,通常,9,鍋島直茂(乱雲)|北条氏照(剛柔)|金森長近|雑賀孫市(道化)|大久保忠世|黒田官兵衛,鍋島直茂(乱雲)|北条氏照(剛柔)|金森長近|雑賀孫市(道化)|大久保忠世|黒田官兵衛,文明開化|技巧伝承|知勇兼備|才腕の絆|硝煙弾雨|多芸多才|知将の絆|立役者|柔能制剛,文明開化|技巧伝承|知勇兼備|才腕の絆|硝煙弾雨|多芸多才|知将の絆|立役者|柔能制剛,11367,3232,143,108,628,760,336,524,610,536,523,ステータス計算済み,step116で9因縁780行を「陣形+配置英傑6人セット+発動因縁セット」で重複除外。同一組内は総合値最大の配置を代表として採用。,STEP116_SELECTED_MAX_TOTAL_FROM_STEP106_RECALCULATED_9INEN,step106で各陣形有効ラインから再計算済みの9因縁行を使用し、重複組では総合値最大の配置を残す,方円||通常||9||北条氏照(剛柔)|大久保忠世|金森長近|鍋島直茂(乱雲)|雑賀孫市(道化)|黒田官兵衛||多芸多才|才腕の絆|技巧伝承|文明開化|柔能制剛|知勇兼備|知将の絆|硝煙弾雨|立役者,,step116_9inen_dedup_max_total,18767,18767,step164_verified_normal9,器用さ,628
step116_9_方円_000051,STEP116_9INEN_DEDUP_MAX_TOTAL_RESULT,step106_9inen_full_780_dedup_by_hero_set_bond_set_max_total,方円,通常,9,豊臣秀長|北条氏照(剛柔)|金森長近|雑賀孫市(道化)|大久保忠世|黒田官兵衛,豊臣秀長|北条氏照(剛柔)|金森長近|雑賀孫市(道化)|大久保忠世|黒田官兵衛,文明開化|技巧伝承|知勇兼備|才腕の絆|硝煙弾雨|多芸多才|知将の絆|立役者|柔能制剛,文明開化|技巧伝承|知勇兼備|才腕の絆|硝煙弾雨|多芸多才|知将の絆|立役者|柔能制剛,11154,3232,143,108,626,764,336,530,612,545,525,ステータス計算済み,step116で9因縁780行を「陣形+配置英傑6人セット+発動因縁セット」で重複除外。同一組内は総合値最大の配置を代表として採用。,STEP116_SELECTED_MAX_TOTAL_FROM_STEP106_RECALCULATED_9INEN,step106で各陣形有効ラインから再計算済みの9因縁行を使用し、重複組では総合値最大の配置を残す,方円||通常||9||北条氏照(剛柔)|大久保忠世|豊臣秀長|金森長近|雑賀孫市(道化)|黒田官兵衛||多芸多才|才腕の絆|技巧伝承|文明開化|柔能制剛|知勇兼備|知将の絆|硝煙弾雨|立役者,,step116_9inen_dedup_max_total,18575,18575,step164_verified_normal9,器用さ,626
step116_9_方円_000044,STEP116_9INEN_DEDUP_MAX_TOTAL_RESULT,step106_9inen_full_780_dedup_by_hero_set_bond_set_max_total,方円,通常,9,仙桃院|納涼忍お綾|堀秀政|柳生宗矩|宮本武蔵(涼)|道場娘まり(和装),仙桃院|納涼忍お綾|堀秀政|柳生宗矩|宮本武蔵(涼)|道場娘まり(和装),才腕の絆|文明開化|技巧伝承|多芸多才|侍|剣豪の絆|豪傑|女傑の絆|能鷹隠爪,才腕の絆|文明開化|技巧伝承|多芸多才|侍|剣豪の絆|豪傑|女傑の絆|能鷹隠爪,13904,1403,681,184,605,169,647,403,408,432,465,ステータス計算済み,step116で9因縁780行を「陣形+配置英傑6人セット+発動因縁セット」で重複除外。同一組内は総合値最大の配置を代表として採用。,STEP116_SELECTED_MAX_TOTAL_FROM_STEP106_RECALCULATED_9INEN,step106で各陣形有効ラインから再計算済みの9因縁行を使用し、重複組では総合値最大の配置を残す,方円||通常||9||仙桃院|堀秀政|宮本武蔵(涼)|柳生宗矩|納涼忍お綾|道場娘まり(和装)||侍|剣豪の絆|多芸多才|女傑の絆|才腕の絆|技巧伝承|文明開化|能鷹隠爪|豪傑,,step116_9inen_dedup_max_total,19301,19301,step164_verified_normal9,器用さ,605
step116_9_方円_000045,STEP116_9INEN_DEDUP_MAX_TOTAL_RESULT,step106_9inen_full_780_dedup_by_hero_set_bond_set_max_total,方円,通常,9,井伊直虎|納涼忍お綾|堀秀政|柳生宗矩|宮本武蔵(涼)|道場娘まり(和装),井伊直虎|納涼忍お綾|堀秀政|柳生宗矩|宮本武蔵(涼)|道場娘まり(和装),才腕の絆|文明開化|技巧伝承|多芸多才|侍|剣豪の絆|豪傑|女傑の絆|戦場の華,才腕の絆|文明開化|技巧伝承|多芸多才|侍|剣豪の絆|豪傑|女傑の絆|戦場の華,13928,1403,702,79,605,169,649,403,408,432,465,ステータス計算済み,step116で9因縁780行を「陣形+配置英傑6人セット+発動因縁セット」で重複除外。同一組内は総合値最大の配置を代表として採用。,STEP116_SELECTED_MAX_TOTAL_FROM_STEP106_RECALCULATED_9INEN,step106で各陣形有効ラインから再計算済みの9因縁行を使用し、重複組では総合値最大の配置を残す,方円||通常||9||井伊直虎|堀秀政|宮本武蔵(涼)|柳生宗矩|納涼忍お綾|道場娘まり(和装)||侍|剣豪の絆|多芸多才|女傑の絆|戦場の華|才腕の絆|技巧伝承|文明開化|豪傑,,step116_9inen_dedup_max_total,19243,19243,step164_verified_normal9,器用さ,605
step116_9_方円_000050,STEP116_9INEN_DEDUP_MAX_TOTAL_RESULT,step106_9inen_full_780_dedup_by_hero_set_bond_set_max_total,方円,通常,9,武田信玄(野望)|納涼忍お綾|堀秀政|柳生宗矩|宮本武蔵(涼)|道場娘まり(和装),武田信玄(野望)|納涼忍お綾|堀秀政|柳生宗矩|宮本武蔵(涼)|道場娘まり(和装),才腕の絆|文明開化|技巧伝承|多芸多才|侍|剣豪の絆|豪傑|戦場の華|能鷹隠爪,才腕の絆|文明開化|技巧伝承|多芸多才|侍|剣豪の絆|豪傑|戦場の華|能鷹隠爪,13504,1403,514,178,605,169,608,403,408,432,465,ステータス計算済み,step116で9因縁780行を「陣形+配置英傑6人セット+発動因縁セット」で重複除外。同一組内は総合値最大の配置を代表として採用。,STEP116_SELECTED_MAX_TOTAL_FROM_STEP106_RECALCULATED_9INEN,step106で各陣形有効ラインから再計算済みの9因縁行を使用し、重複組では総合値最大の配置を残す,方円||通常||9||堀秀政|宮本武蔵(涼)|柳生宗矩|武田信玄(野望)|納涼忍お綾|道場娘まり(和装)||侍|剣豪の絆|多芸多才|戦場の華|才腕の絆|技巧伝承|文明開化|能鷹隠爪|豪傑,,step116_9inen_dedup_max_total,18689,18689,step164_verified_normal9,器用さ,605
step116_9_方円_000053,STEP116_9INEN_DEDUP_MAX_TOTAL_RESULT,step106_9inen_full_780_dedup_by_hero_set_bond_set_max_total,方円,通常,9,仙桃院|納涼忍お綾|堀秀政|柳生宗矩|上杉謙信(野望)|井伊直虎,仙桃院|納涼忍お綾|堀秀政|柳生宗矩|上杉謙信(野望)|井伊直虎,才腕の絆|文明開化|技巧伝承|多芸多才|豪傑|勇猛果敢|女傑の絆|戦場の華|能鷹隠爪,才腕の絆|文明開化|技巧伝承|多芸多才|豪傑|勇猛果敢|女傑の絆|戦場の華|能鷹隠爪,13524,975,578,159,579,169,801,403,408,432,465,ステータス計算済み,step116で9因縁780行を「陣形+配置英傑6人セット+発動因縁セット」で重複除外。同一組内は総合値最大の配置を代表として採用。,STEP116_SELECTED_MAX_TOTAL_FROM_STEP106_RECALCULATED_9INEN,step106で各陣形有効ラインから再計算済みの9因縁行を使用し、重複組では総合値最大の配置を残す,方円||通常||9||上杉謙信(野望)|井伊直虎|仙桃院|堀秀政|柳生宗矩|納涼忍お綾||勇猛果敢|多芸多才|女傑の絆|戦場の華|才腕の絆|技巧伝承|文明開化|能鷹隠爪|豪傑,,step116_9inen_dedup_max_total,18493,18493,step164_verified_normal9,器用さ,579
step116_9_方円_000052,STEP116_9INEN_DEDUP_MAX_TOTAL_RESULT,step106_9inen_full_780_dedup_by_hero_set_bond_set_max_total,方円,通常,9,仙桃院|納涼忍お綾|堀秀政|柳生宗矩|明智光秀(闇)|井伊直虎,仙桃院|納涼忍お綾|堀秀政|柳生宗矩|明智光秀(闇)|井伊直虎,才腕の絆|文明開化|技巧伝承|多芸多才|豪傑|勇猛果敢|女傑の絆|戦場の華|能鷹隠爪,才腕の絆|文明開化|技巧伝承|多芸多才|豪傑|勇猛果敢|女傑の絆|戦場の華|能鷹隠爪,13564,975,598,159,577,169,801,403,408,432,465,ステータス計算済み,step116で9因縁780行を「陣形+配置英傑6人セット+発動因縁セット」で重複除外。同一組内は総合値最大の配置を代表として採用。,STEP116_SELECTED_MAX_TOTAL_FROM_STEP106_RECALCULATED_9INEN,step106で各陣形有効ラインから再計算済みの9因縁行を使用し、重複組では総合値最大の配置を残す,方円||通常||9||井伊直虎|仙桃院|堀秀政|明智光秀(闇)|柳生宗矩|納涼忍お綾||勇猛果敢|多芸多才|女傑の絆|戦場の華|才腕の絆|技巧伝承|文明開化|能鷹隠爪|豪傑,,step116_9inen_dedup_max_total,18551,18551,step164_verified_normal9,器用さ,577
step116_9_方円_000054,STEP116_9INEN_DEDUP_MAX_TOTAL_RESULT,step106_9inen_full_780_dedup_by_hero_set_bond_set_max_total,方円,通常,9,仙桃院|納涼忍お綾|堀秀政|柳生宗矩|原虎胤|井伊直虎,仙桃院|納涼忍お綾|堀秀政|柳生宗矩|原虎胤|井伊直虎,才腕の絆|文明開化|技巧伝承|多芸多才|豪傑|勇猛果敢|女傑の絆|戦場の華|能鷹隠爪,才腕の絆|文明開化|技巧伝承|多芸多才|豪傑|勇猛果敢|女傑の絆|戦場の華|能鷹隠爪,13052,975,528,159,557,169,801,403,408,432,465,ステータス計算済み,step116で9因縁780行を「陣形+配置英傑6人セット+発動因縁セット」で重複除外。同一組内は総合値最大の配置を代表として採用。,STEP116_SELECTED_MAX_TOTAL_FROM_STEP106_RECALCULATED_9INEN,step106で各陣形有効ラインから再計算済みの9因縁行を使用し、重複組では総合値最大の配置を残す,方円||通常||9||井伊直虎|仙桃院|原虎胤|堀秀政|柳生宗矩|納涼忍お綾||勇猛果敢|多芸多才|女傑の絆|戦場の華|才腕の絆|技巧伝承|文明開化|能鷹隠爪|豪傑,,step116_9inen_dedup_max_total,17949,17949,step164_verified_normal9,器用さ,557
step116_9_方円_000048,STEP116_9INEN_DEDUP_MAX_TOTAL_RESULT,step106_9inen_full_780_dedup_by_hero_set_bond_set_max_total,方円,通常,9,佐竹義重|豊臣秀長|北条氏照(剛柔)|豊臣秀次|百地三太夫(野望)|斎藤道三(巳),佐竹義重|豊臣秀長|北条氏照(剛柔)|豊臣秀次|百地三太夫(野望)|斎藤道三(巳),知将の絆|立役者|技巧伝承|柔能制剛|謀略家|生殺与奪|侍|才腕の絆|知勇兼備,知将の絆|立役者|技巧伝承|柔能制剛|謀略家|生殺与奪|侍|才腕の絆|知勇兼備,13439,1428,148,90,470,950,392,509,499,509,503,ステータス計算済み,step116で9因縁780行を「陣形+配置英傑6人セット+発動因縁セット」で重複除外。同一組内は総合値最大の配置を代表として採用。,STEP116_SELECTED_MAX_TOTAL_FROM_STEP106_RECALCULATED_9INEN,step106で各陣形有効ラインから再計算済みの9因縁行を使用し、重複組では総合値最大の配置を残す,方円||通常||9||佐竹義重|北条氏照(剛柔)|斎藤道三(巳)|百地三太夫(野望)|豊臣秀次|豊臣秀長||侍|才腕の絆|技巧伝承|柔能制剛|生殺与奪|知勇兼備|知将の絆|立役者|謀略家,,step116_9inen_dedup_max_total,18937,18937,step164_verified_normal9,器用さ,470
step116_9_方円_000023,STEP116_9INEN_DEDUP_MAX_TOTAL_RESULT,step106_9inen_full_780_dedup_by_hero_set_bond_set_max_total,方円,通常,9,酒井忠次(衣鉢)|伊奈忠次|ガラシャ(聖)|斎藤利三(神祇)|毛利隆元|豊臣秀吉,酒井忠次(衣鉢)|伊奈忠次|ガラシャ(聖)|斎藤利三(神祇)|毛利隆元|豊臣秀吉,召喚術の絆|摂理探究|世渡り上手の絆|才腕の絆|謀略家|柔能制剛|技巧伝承|天神地祇|雄材大略,召喚術の絆|摂理探究|世渡り上手の絆|才腕の絆|謀略家|柔能制剛|技巧伝承|天神地祇|雄材大略,15387,3129,37,51,359,664,423,655,664,696,634,ステータス計算済み,step116で9因縁780行を「陣形+配置英傑6人セット+発動因縁セット」で重複除外。同一組内は総合値最大の配置を代表として採用。,STEP116_SELECTED_MAX_TOTAL_FROM_STEP106_RECALCULATED_9INEN,step106で各陣形有効ラインから再計算済みの9因縁行を使用し、重複組では総合値最大の配置を残す,方円||通常||9||ガラシャ(聖)|伊奈忠次|斎藤利三(神祇)|毛利隆元|豊臣秀吉|酒井忠次(衣鉢)||世渡り上手の絆|召喚術の絆|天神地祇|才腕の絆|技巧伝承|摂理探究|柔能制剛|謀略家|雄材大略,,step116_9inen_dedup_max_total,22699,22699,step164_verified_normal9,器用さ,359
step116_9_方円_000022,STEP116_9INEN_DEDUP_MAX_TOTAL_RESULT,step106_9inen_full_780_dedup_by_hero_set_bond_set_max_total,方円,通常,9,酒井忠次(通)|伊奈忠次|ガラシャ(聖)|斎藤利三(神祇)|毛利隆元|豊臣秀吉,酒井忠次(通)|伊奈忠次|ガラシャ(聖)|斎藤利三(神祇)|毛利隆元|豊臣秀吉,召喚術の絆|摂理探究|世渡り上手の絆|才腕の絆|謀略家|柔能制剛|技巧伝承|天神地祇|雄材大略,召喚術の絆|摂理探究|世渡り上手の絆|才腕の絆|謀略家|柔能制剛|技巧伝承|天神地祇|雄材大略,15387,3129,37,51,359,664,423,655,664,696,634,ステータス計算済み,step116で9因縁780行を「陣形+配置英傑6人セット+発動因縁セット」で重複除外。同一組内は総合値最大の配置を代表として採用。,STEP116_SELECTED_MAX_TOTAL_FROM_STEP106_RECALCULATED_9INEN,step106で各陣形有効ラインから再計算済みの9因縁行を使用し、重複組では総合値最大の配置を残す,方円||通常||9||ガラシャ(聖)|伊奈忠次|斎藤利三(神祇)|毛利隆元|豊臣秀吉|酒井忠次(通)||世渡り上手の絆|召喚術の絆|天神地祇|才腕の絆|技巧伝承|摂理探究|柔能制剛|謀略家|雄材大略,,step116_9inen_dedup_max_total,22699,22699,step164_verified_normal9,器用さ,359
step116_9_方円_000027,STEP116_9INEN_DEDUP_MAX_TOTAL_RESULT,step106_9inen_full_780_dedup_by_hero_set_bond_set_max_total,方円,通常,9,酒井忠次(衣鉢)|伊奈忠次|サンチョ|斎藤利三(神祇)|毛利隆元|豊臣秀吉,酒井忠次(衣鉢)|伊奈忠次|サンチョ|斎藤利三(神祇)|毛利隆元|豊臣秀吉,召喚術の絆|摂理探究|世渡り上手の絆|才腕の絆|謀略家|柔能制剛|技巧伝承|天神地祇|雄材大略,召喚術の絆|摂理探究|世渡り上手の絆|才腕の絆|謀略家|柔能制剛|技巧伝承|天神地祇|雄材大略,14916,3129,28,40,359,635,423,607,610,631,578,ステータス計算済み,step116で9因縁780行を「陣形+配置英傑6人セット+発動因縁セット」で重複除外。同一組内は総合値最大の配置を代表として採用。,STEP116_SELECTED_MAX_TOTAL_FROM_STEP106_RECALCULATED_9INEN,step106で各陣形有効ラインから再計算済みの9因縁行を使用し、重複組では総合値最大の配置を残す,方円||通常||9||サンチョ|伊奈忠次|斎藤利三(神祇)|毛利隆元|豊臣秀吉|酒井忠次(衣鉢)||世渡り上手の絆|召喚術の絆|天神地祇|才腕の絆|技巧伝承|摂理探究|柔能制剛|謀略家|雄材大略,,step116_9inen_dedup_max_total,21956,21956,step164_verified_normal9,器用さ,359
step116_9_方円_000026,STEP116_9INEN_DEDUP_MAX_TOTAL_RESULT,step106_9inen_full_780_dedup_by_hero_set_bond_set_max_total,方円,通常,9,酒井忠次(通)|伊奈忠次|サンチョ|斎藤利三(神祇)|毛利隆元|豊臣秀吉,酒井忠次(通)|伊奈忠次|サンチョ|斎藤利三(神祇)|毛利隆元|豊臣秀吉,召喚術の絆|摂理探究|世渡り上手の絆|才腕の絆|謀略家|柔能制剛|技巧伝承|天神地祇|雄材大略,召喚術の絆|摂理探究|世渡り上手の絆|才腕の絆|謀略家|柔能制剛|技巧伝承|天神地祇|雄材大略,14916,3129,28,40,359,635,423,607,610,631,578,ステータス計算済み,step116で9因縁780行を「陣形+配置英傑6人セット+発動因縁セット」で重複除外。同一組内は総合値最大の配置を代表として採用。,STEP116_SELECTED_MAX_TOTAL_FROM_STEP106_RECALCULATED_9INEN,step106で各陣形有効ラインから再計算済みの9因縁行を使用し、重複組では総合値最大の配置を残す,方円||通常||9||サンチョ|伊奈忠次|斎藤利三(神祇)|毛利隆元|豊臣秀吉|酒井忠次(通)||世渡り上手の絆|召喚術の絆|天神地祇|才腕の絆|技巧伝承|摂理探究|柔能制剛|謀略家|雄材大略,,step116_9inen_dedup_max_total,21956,21956,step164_verified_normal9,器用さ,359
step116_9_方円_000030,STEP116_9INEN_DEDUP_MAX_TOTAL_RESULT,step106_9inen_full_780_dedup_by_hero_set_bond_set_max_total,方円,通常,9,細川藤孝(立役)|大内義隆|北条氏邦|出雲阿国(野望)|大祝鶴|魔女ルシア,細川藤孝(立役)|大内義隆|北条氏邦|出雲阿国(野望)|大祝鶴|魔女ルシア,流行創出|多芸多才|神主・巫女|女傑の絆|洒落者の絆|文化人の絆|文明開化|技巧伝承|山紫水明,流行創出|多芸多才|神主・巫女|女傑の絆|洒落者の絆|文化人の絆|文明開化|技巧伝承|山紫水明,13386,2828,227,40,348,443,684,850,893,818,874,ステータス計算済み,step116で9因縁780行を「陣形+配置英傑6人セット+発動因縁セット」で重複除外。同一組内は総合値最大の配置を代表として採用。,STEP116_SELECTED_MAX_TOTAL_FROM_STEP106_RECALCULATED_9INEN,step106で各陣形有効ラインから再計算済みの9因縁行を使用し、重複組では総合値最大の配置を残す,方円||通常||9||出雲阿国(野望)|北条氏邦|大内義隆|大祝鶴|細川藤孝(立役)|魔女ルシア||多芸多才|女傑の絆|山紫水明|技巧伝承|文化人の絆|文明開化|洒落者の絆|流行創出|神主・巫女,,step116_9inen_dedup_max_total,21391,21391,step164_verified_normal9,器用さ,348
step116_9_方円_000055,STEP116_9INEN_DEDUP_MAX_TOTAL_RESULT,step106_9inen_full_780_dedup_by_hero_set_bond_set_max_total,方円,通常,9,谷忠澄|柳生宗矩|宮本武蔵(涼)|道場娘まり(和装)|井伊直虎|魔女ルシア,谷忠澄|柳生宗矩|宮本武蔵(涼)|道場娘まり(和装)|井伊直虎|魔女ルシア,侍|剣豪の絆|豪傑|女傑の絆|戦場の華|文明開化|技巧伝承|竜飛鳳舞|多芸多才,侍|剣豪の絆|豪傑|女傑の絆|戦場の華|文明開化|技巧伝承|竜飛鳳舞|多芸多才,13298,1346,790,72,340,289,652,171,168,161,194,ステータス計算済み,step116で9因縁780行を「陣形+配置英傑6人セット+発動因縁セット」で重複除外。同一組内は総合値最大の配置を代表として採用。,STEP116_SELECTED_MAX_TOTAL_FROM_STEP106_RECALCULATED_9INEN,step106で各陣形有効ラインから再計算済みの9因縁行を使用し、重複組では総合値最大の配置を残す,方円||通常||9||井伊直虎|宮本武蔵(涼)|柳生宗矩|谷忠澄|道場娘まり(和装)|魔女ルシア||侍|剣豪の絆|多芸多才|女傑の絆|戦場の華|技巧伝承|文明開化|竜飛鳳舞|豪傑,,step116_9inen_dedup_max_total,17481,17481,step164_verified_normal9,器用さ,340
step116_9_方円_000036,STEP116_9INEN_DEDUP_MAX_TOTAL_RESULT,step106_9inen_full_780_dedup_by_hero_set_bond_set_max_total,方円,通常,9,武田晴信|豊臣秀長|北条氏照(剛柔)|豊臣秀次|細川藤孝(立役)|前田利家,武田晴信|豊臣秀長|北条氏照(剛柔)|豊臣秀次|細川藤孝(立役)|前田利家,知将の絆|立役者|技巧伝承|柔能制剛|文明開化|山紫水明|謀略家|雄材大略|摂理探究,知将の絆|立役者|技巧伝承|柔能制剛|文明開化|山紫水明|謀略家|雄材大略|摂理探究,14832,899,76,0,267,1174,173,705,680,724,679,ステータス計算済み,step116で9因縁780行を「陣形+配置英傑6人セット+発動因縁セット」で重複除外。同一組内は総合値最大の配置を代表として採用。,STEP116_SELECTED_MAX_TOTAL_FROM_STEP106_RECALCULATED_9INEN,step106で各陣形有効ラインから再計算済みの9因縁行を使用し、重複組では総合値最大の配置を残す,方円||通常||9||前田利家|北条氏照(剛柔)|武田晴信|細川藤孝(立役)|豊臣秀次|豊臣秀長||山紫水明|技巧伝承|摂理探究|文明開化|柔能制剛|知将の絆|立役者|謀略家|雄材大略,,step116_9inen_dedup_max_total,20209,20209,step164_verified_normal9,器用さ,267
step116_9_方円_000035,STEP116_9INEN_DEDUP_MAX_TOTAL_RESULT,step106_9inen_full_780_dedup_by_hero_set_bond_set_max_total,方円,通常,9,北条氏照(剛柔)|豊臣秀長|武田晴信|前田利家(雄材)|細川藤孝(立役)|豊臣秀次,北条氏照(剛柔)|豊臣秀長|武田晴信|前田利家(雄材)|細川藤孝(立役)|豊臣秀次,謀略家|雄材大略|摂理探究|文明開化|山紫水明|知将の絆|立役者|技巧伝承|柔能制剛,謀略家|雄材大略|摂理探究|文明開化|山紫水明|知将の絆|立役者|技巧伝承|柔能制剛,14832,899,76,0,267,1174,173,705,680,724,679,ステータス計算済み,step116で9因縁780行を「陣形+配置英傑6人セット+発動因縁セット」で重複除外。同一組内は総合値最大の配置を代表として採用。,STEP116_SELECTED_MAX_TOTAL_FROM_STEP106_RECALCULATED_9INEN,step106で各陣形有効ラインから再計算済みの9因縁行を使用し、重複組では総合値最大の配置を残す,方円||通常||9||前田利家(雄材)|北条氏照(剛柔)|武田晴信|細川藤孝(立役)|豊臣秀次|豊臣秀長||山紫水明|技巧伝承|摂理探究|文明開化|柔能制剛|知将の絆|立役者|謀略家|雄材大略,,step116_9inen_dedup_max_total,20209,20209,step164_verified_normal9,器用さ,267
step116_9_方円_000041,STEP116_9INEN_DEDUP_MAX_TOTAL_RESULT,step106_9inen_full_780_dedup_by_hero_set_bond_set_max_total,方円,通常,9,上杉憲政|豊臣秀長|北条氏照(剛柔)|豊臣秀次|細川藤孝(立役)|前田利家,上杉憲政|豊臣秀長|北条氏照(剛柔)|豊臣秀次|細川藤孝(立役)|前田利家,知将の絆|立役者|技巧伝承|柔能制剛|文明開化|山紫水明|謀略家|雄材大略|摂理探究,知将の絆|立役者|技巧伝承|柔能制剛|文明開化|山紫水明|謀略家|雄材大略|摂理探究,14490,861,79,0,267,1097,173,669,652,695,651,ステータス計算済み,step116で9因縁780行を「陣形+配置英傑6人セット+発動因縁セット」で重複除外。同一組内は総合値最大の配置を代表として採用。,STEP116_SELECTED_MAX_TOTAL_FROM_STEP106_RECALCULATED_9INEN,step106で各陣形有効ラインから再計算済みの9因縁行を使用し、重複組では総合値最大の配置を残す,方円||通常||9||上杉憲政|前田利家|北条氏照(剛柔)|細川藤孝(立役)|豊臣秀次|豊臣秀長||山紫水明|技巧伝承|摂理探究|文明開化|柔能制剛|知将の絆|立役者|謀略家|雄材大略,,step116_9inen_dedup_max_total,19634,19634,step164_verified_normal9,器用さ,267
step116_9_方円_000040,STEP116_9INEN_DEDUP_MAX_TOTAL_RESULT,step106_9inen_full_780_dedup_by_hero_set_bond_set_max_total,方円,通常,9,北条氏照(剛柔)|豊臣秀長|上杉憲政|前田利家(雄材)|細川藤孝(立役)|豊臣秀次,北条氏照(剛柔)|豊臣秀長|上杉憲政|前田利家(雄材)|細川藤孝(立役)|豊臣秀次,謀略家|雄材大略|摂理探究|文明開化|山紫水明|知将の絆|立役者|技巧伝承|柔能制剛,謀略家|雄材大略|摂理探究|文明開化|山紫水明|知将の絆|立役者|技巧伝承|柔能制剛,14490,861,79,0,267,1097,173,669,652,695,651,ステータス計算済み,step116で9因縁780行を「陣形+配置英傑6人セット+発動因縁セット」で重複除外。同一組内は総合値最大の配置を代表として採用。,STEP116_SELECTED_MAX_TOTAL_FROM_STEP106_RECALCULATED_9INEN,step106で各陣形有効ラインから再計算済みの9因縁行を使用し、重複組では総合値最大の配置を残す,方円||通常||9||上杉憲政|前田利家(雄材)|北条氏照(剛柔)|細川藤孝(立役)|豊臣秀次|豊臣秀長||山紫水明|技巧伝承|摂理探究|文明開化|柔能制剛|知将の絆|立役者|謀略家|雄材大略,,step116_9inen_dedup_max_total,19634,19634,step164_verified_normal9,器用さ,267
step116_9_方円_000037,STEP116_9INEN_DEDUP_MAX_TOTAL_RESULT,step106_9inen_full_780_dedup_by_hero_set_bond_set_max_total,方円,通常,9,谷忠澄|柳生宗矩|島左近|出雲阿国(野望)|大祝鶴|魔女ルシア,谷忠澄|柳生宗矩|島左近|出雲阿国(野望)|大祝鶴|魔女ルシア,豪傑|流行創出|神主・巫女|女傑の絆|洒落者の絆|文明開化|技巧伝承|竜飛鳳舞|多芸多才,豪傑|流行創出|神主・巫女|女傑の絆|洒落者の絆|文明開化|技巧伝承|竜飛鳳舞|多芸多才,12761,2985,508,44,222,416,655,535,545,521,585,ステータス計算済み,step116で9因縁780行を「陣形+配置英傑6人セット+発動因縁セット」で重複除外。同一組内は総合値最大の配置を代表として採用。,STEP116_SELECTED_MAX_TOTAL_FROM_STEP106_RECALCULATED_9INEN,step106で各陣形有効ラインから再計算済みの9因縁行を使用し、重複組では総合値最大の配置を残す,方円||通常||9||出雲阿国(野望)|大祝鶴|島左近|柳生宗矩|谷忠澄|魔女ルシア||多芸多才|女傑の絆|技巧伝承|文明開化|洒落者の絆|流行創出|神主・巫女|竜飛鳳舞|豪傑,,step116_9inen_dedup_max_total,19777,19777,step164_verified_normal9,器用さ,222
step116_9_方円_000033,STEP116_9INEN_DEDUP_MAX_TOTAL_RESULT,step106_9inen_full_780_dedup_by_hero_set_bond_set_max_total,方円,通常,9,伊達政宗(起源)|山中鹿之介|島左近|長野業正|明智光秀(闇)|小松姫,伊達政宗(起源)|山中鹿之介|島左近|長野業正|明智光秀(闇)|小松姫,侍|根性の絆|もののふ|泰然自若|戦場の華|老練闊達|勇猛果敢|武芸の絆|意気衝天,侍|根性の絆|もののふ|泰然自若|戦場の華|老練闊達|勇猛果敢|武芸の絆|意気衝天,14439,3655,509,357,205,121,279,231,238,267,244,ステータス計算済み,step116で9因縁780行を「陣形+配置英傑6人セット+発動因縁セット」で重複除外。同一組内は総合値最大の配置を代表として採用。,STEP116_SELECTED_MAX_TOTAL_FROM_STEP106_RECALCULATED_9INEN,step106で各陣形有効ラインから再計算済みの9因縁行を使用し、重複組では総合値最大の配置を残す,方円||通常||9||伊達政宗(起源)|小松姫|山中鹿之介|島左近|明智光秀(闇)|長野業正||もののふ|侍|勇猛果敢|意気衝天|戦場の華|根性の絆|武芸の絆|泰然自若|老練闊達,,step116_9inen_dedup_max_total,20545,20545,step164_verified_normal9,器用さ,205
step116_9_方円_000034,STEP116_9INEN_DEDUP_MAX_TOTAL_RESULT,step106_9inen_full_780_dedup_by_hero_set_bond_set_max_total,方円,通常,9,伊達政宗(起源)|山県昌景(泰然)|島左近|長野業正|明智光秀(闇)|小松姫,伊達政宗(起源)|山県昌景(泰然)|島左近|長野業正|明智光秀(闇)|小松姫,侍|根性の絆|もののふ|泰然自若|戦場の華|老練闊達|勇猛果敢|武芸の絆|意気衝天,侍|根性の絆|もののふ|泰然自若|戦場の華|老練闊達|勇猛果敢|武芸の絆|意気衝天,14359,3561,506,357,201,121,272,238,246,264,249,ステータス計算済み,step116で9因縁780行を「陣形+配置英傑6人セット+発動因縁セット」で重複除外。同一組内は総合値最大の配置を代表として採用。,STEP116_SELECTED_MAX_TOTAL_FROM_STEP106_RECALCULATED_9INEN,step106で各陣形有効ラインから再計算済みの9因縁行を使用し、重複組では総合値最大の配置を残す,方円||通常||9||伊達政宗(起源)|小松姫|山県昌景(泰然)|島左近|明智光秀(闇)|長野業正||もののふ|侍|勇猛果敢|意気衝天|戦場の華|根性の絆|武芸の絆|泰然自若|老練闊達,,step116_9inen_dedup_max_total,20374,20374,step164_verified_normal9,器用さ,201
step116_9_方円_000038,STEP116_9INEN_DEDUP_MAX_TOTAL_RESULT,step106_9inen_full_780_dedup_by_hero_set_bond_set_max_total,方円,通常,9,十河一存|山中鹿之介|島左近|長野業正|明智光秀(闇)|小松姫,十河一存|山中鹿之介|島左近|長野業正|明智光秀(闇)|小松姫,侍|根性の絆|もののふ|泰然自若|戦場の華|老練闊達|勇猛果敢|武芸の絆|意気衝天,侍|根性の絆|もののふ|泰然自若|戦場の華|老練闊達|勇猛果敢|武芸の絆|意気衝天,13961,3406,499,350,189,106,279,231,238,267,244,ステータス計算済み,step116で9因縁780行を「陣形+配置英傑6人セット+発動因縁セット」で重複除外。同一組内は総合値最大の配置を代表として採用。,STEP116_SELECTED_MAX_TOTAL_FROM_STEP106_RECALCULATED_9INEN,step106で各陣形有効ラインから再計算済みの9因縁行を使用し、重複組では総合値最大の配置を残す,方円||通常||9||十河一存|小松姫|山中鹿之介|島左近|明智光秀(闇)|長野業正||もののふ|侍|勇猛果敢|意気衝天|戦場の華|根性の絆|武芸の絆|泰然自若|老練闊達,,step116_9inen_dedup_max_total,19770,19770,step164_verified_normal9,器用さ,189
step116_9_方円_000039,STEP116_9INEN_DEDUP_MAX_TOTAL_RESULT,step106_9inen_full_780_dedup_by_hero_set_bond_set_max_total,方円,通常,9,井伊直政|山中鹿之介|島左近|長野業正|明智光秀(闇)|小松姫,井伊直政|山中鹿之介|島左近|長野業正|明智光秀(闇)|小松姫,侍|根性の絆|もののふ|泰然自若|戦場の華|老練闊達|勇猛果敢|武芸の絆|意気衝天,侍|根性の絆|もののふ|泰然自若|戦場の華|老練闊達|勇猛果敢|武芸の絆|意気衝天,13961,3406,498,351,185,106,279,231,238,267,244,ステータス計算済み,step116で9因縁780行を「陣形+配置英傑6人セット+発動因縁セット」で重複除外。同一組内は総合値最大の配置を代表として採用。,STEP116_SELECTED_MAX_TOTAL_FROM_STEP106_RECALCULATED_9INEN,step106で各陣形有効ラインから再計算済みの9因縁行を使用し、重複組では総合値最大の配置を残す,方円||通常||9||井伊直政|小松姫|山中鹿之介|島左近|明智光秀(闇)|長野業正||もののふ|侍|勇猛果敢|意気衝天|戦場の華|根性の絆|武芸の絆|泰然自若|老練闊達,,step116_9inen_dedup_max_total,19766,19766,step164_verified_normal9,器用さ,185
step116_9_方円_000042,STEP116_9INEN_DEDUP_MAX_TOTAL_RESULT,step106_9inen_full_780_dedup_by_hero_set_bond_set_max_total,方円,通常,9,十河一存|山県昌景(泰然)|島左近|長野業正|明智光秀(闇)|小松姫,十河一存|山県昌景(泰然)|島左近|長野業正|明智光秀(闇)|小松姫,侍|根性の絆|もののふ|泰然自若|戦場の華|老練闊達|勇猛果敢|武芸の絆|意気衝天,侍|根性の絆|もののふ|泰然自若|戦場の華|老練闊達|勇猛果敢|武芸の絆|意気衝天,13882,3313,496,350,185,105,272,238,246,264,249,ステータス計算済み,step116で9因縁780行を「陣形+配置英傑6人セット+発動因縁セット」で重複除外。同一組内は総合値最大の配置を代表として採用。,STEP116_SELECTED_MAX_TOTAL_FROM_STEP106_RECALCULATED_9INEN,step106で各陣形有効ラインから再計算済みの9因縁行を使用し、重複組では総合値最大の配置を残す,方円||通常||9||十河一存|小松姫|山県昌景(泰然)|島左近|明智光秀(闇)|長野業正||もののふ|侍|勇猛果敢|意気衝天|戦場の華|根性の絆|武芸の絆|泰然自若|老練闊達,,step116_9inen_dedup_max_total,19600,19600,step164_verified_normal9,器用さ,185
step116_9_方円_000043,STEP116_9INEN_DEDUP_MAX_TOTAL_RESULT,step106_9inen_full_780_dedup_by_hero_set_bond_set_max_total,方円,通常,9,井伊直政|山県昌景(泰然)|島左近|長野業正|明智光秀(闇)|小松姫,井伊直政|山県昌景(泰然)|島左近|長野業正|明智光秀(闇)|小松姫,侍|根性の絆|もののふ|泰然自若|戦場の華|老練闊達|勇猛果敢|武芸の絆|意気衝天,侍|根性の絆|もののふ|泰然自若|戦場の華|老練闊達|勇猛果敢|武芸の絆|意気衝天,13882,3313,495,351,181,105,272,238,246,264,249,ステータス計算済み,step116で9因縁780行を「陣形+配置英傑6人セット+発動因縁セット」で重複除外。同一組内は総合値最大の配置を代表として採用。,STEP116_SELECTED_MAX_TOTAL_FROM_STEP106_RECALCULATED_9INEN,step106で各陣形有効ラインから再計算済みの9因縁行を使用し、重複組では総合値最大の配置を残す,方円||通常||9||井伊直政|小松姫|山県昌景(泰然)|島左近|明智光秀(闇)|長野業正||もののふ|侍|勇猛果敢|意気衝天|戦場の華|根性の絆|武芸の絆|泰然自若|老練闊達,,step116_9inen_dedup_max_total,19596,19596,step164_verified_normal9,器用さ,181
step116_9_方円_000021,STEP116_9INEN_DEDUP_MAX_TOTAL_RESULT,step106_9inen_full_780_dedup_by_hero_set_bond_set_max_total,方円,通常,9,長野業正|山中鹿之介|吉川元春|井伊直虎|宮本武蔵(涼)|島左近,長野業正|山中鹿之介|吉川元春|井伊直虎|宮本武蔵(涼)|島左近,猛将の絆|勇猛果敢|意気衝天|軍学の絆|豪傑|侍|根性の絆|もののふ|泰然自若,猛将の絆|勇猛果敢|意気衝天|軍学の絆|豪傑|侍|根性の絆|もののふ|泰然自若,16076,4022,733,374,175,163,224,231,238,267,244,ステータス計算済み,step116で9因縁780行を「陣形+配置英傑6人セット+発動因縁セット」で重複除外。同一組内は総合値最大の配置を代表として採用。,STEP116_SELECTED_MAX_TOTAL_FROM_STEP106_RECALCULATED_9INEN,step106で各陣形有効ラインから再計算済みの9因縁行を使用し、重複組では総合値最大の配置を残す,方円||通常||9||井伊直虎|吉川元春|宮本武蔵(涼)|山中鹿之介|島左近|長野業正||もののふ|侍|勇猛果敢|意気衝天|根性の絆|泰然自若|猛将の絆|豪傑|軍学の絆,,step116_9inen_dedup_max_total,22747,22747,step164_verified_normal9,器用さ,175
step116_9_方円_000024,STEP116_9INEN_DEDUP_MAX_TOTAL_RESULT,step106_9inen_full_780_dedup_by_hero_set_bond_set_max_total,方円,通常,9,吉川元春|山中鹿之介|長野業正|島左近|山県昌景|井伊直虎,吉川元春|山中鹿之介|長野業正|島左近|山県昌景|井伊直虎,侍|根性の絆|もののふ|泰然自若|軍学の絆|豪傑|猛将の絆|勇猛果敢|意気衝天,侍|根性の絆|もののふ|泰然自若|軍学の絆|豪傑|猛将の絆|勇猛果敢|意気衝天,15788,4022,710,367,175,158,216,231,238,267,244,ステータス計算済み,step116で9因縁780行を「陣形+配置英傑6人セット+発動因縁セット」で重複除外。同一組内は総合値最大の配置を代表として採用。,STEP116_SELECTED_MAX_TOTAL_FROM_STEP106_RECALCULATED_9INEN,step106で各陣形有効ラインから再計算済みの9因縁行を使用し、重複組では総合値最大の配置を残す,方円||通常||9||井伊直虎|吉川元春|山中鹿之介|山県昌景|島左近|長野業正||もののふ|侍|勇猛果敢|意気衝天|根性の絆|泰然自若|猛将の絆|豪傑|軍学の絆,,step116_9inen_dedup_max_total,22416,22416,step164_verified_normal9,器用さ,175
step116_9_方円_000025,STEP116_9INEN_DEDUP_MAX_TOTAL_RESULT,step106_9inen_full_780_dedup_by_hero_set_bond_set_max_total,方円,通常,9,長野業正|山中鹿之介|吉川元春|井伊直虎|柿崎景家|島左近,長野業正|山中鹿之介|吉川元春|井伊直虎|柿崎景家|島左近,猛将の絆|勇猛果敢|意気衝天|軍学の絆|豪傑|侍|根性の絆|もののふ|泰然自若,猛将の絆|勇猛果敢|意気衝天|軍学の絆|豪傑|侍|根性の絆|もののふ|泰然自若,15696,4022,713,366,175,158,216,231,238,267,244,ステータス計算済み,step116で9因縁780行を「陣形+配置英傑6人セット+発動因縁セット」で重複除外。同一組内は総合値最大の配置を代表として採用。,STEP116_SELECTED_MAX_TOTAL_FROM_STEP106_RECALCULATED_9INEN,step106で各陣形有効ラインから再計算済みの9因縁行を使用し、重複組では総合値最大の配置を残す,方円||通常||9||井伊直虎|吉川元春|山中鹿之介|島左近|柿崎景家|長野業正||もののふ|侍|勇猛果敢|意気衝天|根性の絆|泰然自若|猛将の絆|豪傑|軍学の絆,,step116_9inen_dedup_max_total,22326,22326,step164_verified_normal9,器用さ,175
step116_9_方円_000028,STEP116_9INEN_DEDUP_MAX_TOTAL_RESULT,step106_9inen_full_780_dedup_by_hero_set_bond_set_max_total,方円,通常,9,小松姫|長野業正|山中鹿之介|島左近|細川忠興(山紫)|明智光秀(闇),小松姫|長野業正|山中鹿之介|島左近|細川忠興(山紫)|明智光秀(闇),侍|根性の絆|もののふ|泰然自若|鬼の絆|流行創出|戦場の華|老練闊達|勇猛果敢,侍|根性の絆|もののふ|泰然自若|鬼の絆|流行創出|戦場の華|老練闊達|勇猛果敢,14897,3081,608,445,95,150,279,463,503,520,491,ステータス計算済み,step116で9因縁780行を「陣形+配置英傑6人セット+発動因縁セット」で重複除外。同一組内は総合値最大の配置を代表として採用。,STEP116_SELECTED_MAX_TOTAL_FROM_STEP106_RECALCULATED_9INEN,step106で各陣形有効ラインから再計算済みの9因縁行を使用し、重複組では総合値最大の配置を残す,方円||通常||9||小松姫|山中鹿之介|島左近|明智光秀(闇)|細川忠興(山紫)|長野業正||もののふ|侍|勇猛果敢|戦場の華|根性の絆|泰然自若|流行創出|老練闊達|鬼の絆,,step116_9inen_dedup_max_total,21532,21532,step164_verified_normal9,器用さ,95
step116_9_方円_000029,STEP116_9INEN_DEDUP_MAX_TOTAL_RESULT,step106_9inen_full_780_dedup_by_hero_set_bond_set_max_total,方円,通常,9,小松姫|長野業正|山県昌景(泰然)|島左近|細川忠興(山紫)|明智光秀(闇),小松姫|長野業正|山県昌景(泰然)|島左近|細川忠興(山紫)|明智光秀(闇),侍|根性の絆|もののふ|泰然自若|鬼の絆|流行創出|戦場の華|老練闊達|勇猛果敢,侍|根性の絆|もののふ|泰然自若|鬼の絆|流行創出|戦場の華|老練闊達|勇猛果敢,14844,3061,606,445,95,150,272,470,511,517,497,ステータス計算済み,step116で9因縁780行を「陣形+配置英傑6人セット+発動因縁セット」で重複除外。同一組内は総合値最大の配置を代表として採用。,STEP116_SELECTED_MAX_TOTAL_FROM_STEP106_RECALCULATED_9INEN,step106で各陣形有効ラインから再計算済みの9因縁行を使用し、重複組では総合値最大の配置を残す,方円||通常||9||小松姫|山県昌景(泰然)|島左近|明智光秀(闇)|細川忠興(山紫)|長野業正||もののふ|侍|勇猛果敢|戦場の華|根性の絆|泰然自若|流行創出|老練闊達|鬼の絆,,step116_9inen_dedup_max_total,21468,21468,step164_verified_normal9,器用さ,95
step116_9_方円_000031,STEP116_9INEN_DEDUP_MAX_TOTAL_RESULT,step106_9inen_full_780_dedup_by_hero_set_bond_set_max_total,方円,通常,9,小松姫|長野業正|山中鹿之介|島左近|豊臣秀次|明智光秀(闇),小松姫|長野業正|山中鹿之介|島左近|豊臣秀次|明智光秀(闇),侍|根性の絆|もののふ|泰然自若|謀略家|流行創出|戦場の華|老練闊達|勇猛果敢,侍|根性の絆|もののふ|泰然自若|謀略家|流行創出|戦場の華|老練闊達|勇猛果敢,14515,2995,424,311,95,304,279,436,464,489,459,ステータス計算済み,step116で9因縁780行を「陣形+配置英傑6人セット+発動因縁セット」で重複除外。同一組内は総合値最大の配置を代表として採用。,STEP116_SELECTED_MAX_TOTAL_FROM_STEP106_RECALCULATED_9INEN,step106で各陣形有効ラインから再計算済みの9因縁行を使用し、重複組では総合値最大の配置を残す,方円||通常||9||小松姫|山中鹿之介|島左近|明智光秀(闇)|豊臣秀次|長野業正||もののふ|侍|勇猛果敢|戦場の華|根性の絆|泰然自若|流行創出|老練闊達|謀略家,,step116_9inen_dedup_max_total,20771,20771,step164_verified_normal9,器用さ,95
step116_9_方円_000032,STEP116_9INEN_DEDUP_MAX_TOTAL_RESULT,step106_9inen_full_780_dedup_by_hero_set_bond_set_max_total,方円,通常,9,小松姫|長野業正|山県昌景(泰然)|島左近|豊臣秀次|明智光秀(闇),小松姫|長野業正|山県昌景(泰然)|島左近|豊臣秀次|明智光秀(闇),侍|根性の絆|もののふ|泰然自若|謀略家|流行創出|戦場の華|老練闊達|勇猛果敢,侍|根性の絆|もののふ|泰然自若|謀略家|流行創出|戦場の華|老練闊達|勇猛果敢,14462,2975,422,311,95,304,272,444,471,486,465,ステータス計算済み,step116で9因縁780行を「陣形+配置英傑6人セット+発動因縁セット」で重複除外。同一組内は総合値最大の配置を代表として採用。,STEP116_SELECTED_MAX_TOTAL_FROM_STEP106_RECALCULATED_9INEN,step106で各陣形有効ラインから再計算済みの9因縁行を使用し、重複組では総合値最大の配置を残す,方円||通常||9||小松姫|山県昌景(泰然)|島左近|明智光秀(闇)|豊臣秀次|長野業正||もののふ|侍|勇猛果敢|戦場の華|根性の絆|泰然自若|流行創出|老練闊達|謀略家,,step116_9inen_dedup_max_total,20707,20707,step164_verified_normal9,器用さ,95
step116_9_方円_000002,STEP116_9INEN_DEDUP_MAX_TOTAL_RESULT,step106_9inen_full_780_dedup_by_hero_set_bond_set_max_total,方円,通常,9,鍋島直茂(乱雲)|武田晴信|愛姫(起源)|細川藤孝(立役)|今川義元|前田利家,鍋島直茂(乱雲)|武田晴信|愛姫(起源)|細川藤孝(立役)|今川義元|前田利家,健康第一|老練闊達|質実剛健|文明開化|山紫水明|巧言令色|謀略家|雄材大略|摂理探究,健康第一|老練闊達|質実剛健|文明開化|山紫水明|巧言令色|謀略家|雄材大略|摂理探究,15234,4833,147,210,0,786,344,531,556,551,515,ステータス計算済み,step116で9因縁780行を「陣形+配置英傑6人セット+発動因縁セット」で重複除外。同一組内は総合値最大の配置を代表として採用。,STEP116_SELECTED_MAX_TOTAL_FROM_STEP106_RECALCULATED_9INEN,step106で各陣形有効ラインから再計算済みの9因縁行を使用し、重複組では総合値最大の配置を残す,方円||通常||9||今川義元|前田利家|愛姫(起源)|武田晴信|細川藤孝(立役)|鍋島直茂(乱雲)||健康第一|山紫水明|巧言令色|摂理探究|文明開化|老練闊達|謀略家|質実剛健|雄材大略,,step116_9inen_dedup_max_total,23707,23707,step164_verified_normal9,器用さ,0
step116_9_方円_000001,STEP116_9INEN_DEDUP_MAX_TOTAL_RESULT,step106_9inen_full_780_dedup_by_hero_set_bond_set_max_total,方円,通常,9,今川義元|前田利家(雄材)|鍋島直茂(乱雲)|武田晴信|愛姫(起源)|細川藤孝(立役),今川義元|前田利家(雄材)|鍋島直茂(乱雲)|武田晴信|愛姫(起源)|細川藤孝(立役),謀略家|雄材大略|摂理探究|健康第一|老練闊達|質実剛健|文明開化|山紫水明|巧言令色,謀略家|雄材大略|摂理探究|健康第一|老練闊達|質実剛健|文明開化|山紫水明|巧言令色,15234,4833,147,210,0,786,344,531,556,551,515,ステータス計算済み,step116で9因縁780行を「陣形+配置英傑6人セット+発動因縁セット」で重複除外。同一組内は総合値最大の配置を代表として採用。,STEP116_SELECTED_MAX_TOTAL_FROM_STEP106_RECALCULATED_9INEN,step106で各陣形有効ラインから再計算済みの9因縁行を使用し、重複組では総合値最大の配置を残す,方円||通常||9||今川義元|前田利家(雄材)|愛姫(起源)|武田晴信|細川藤孝(立役)|鍋島直茂(乱雲)||健康第一|山紫水明|巧言令色|摂理探究|文明開化|老練闊達|謀略家|質実剛健|雄材大略,,step116_9inen_dedup_max_total,23707,23707,step164_verified_normal9,器用さ,0
step116_9_方円_000004,STEP116_9INEN_DEDUP_MAX_TOTAL_RESULT,step106_9inen_full_780_dedup_by_hero_set_bond_set_max_total,方円,通常,9,鍋島直茂(乱雲)|武田晴信|高台院|細川藤孝(立役)|今川義元|前田利家,鍋島直茂(乱雲)|武田晴信|高台院|細川藤孝(立役)|今川義元|前田利家,健康第一|老練闊達|質実剛健|文明開化|山紫水明|巧言令色|謀略家|雄材大略|摂理探究,健康第一|老練闊達|質実剛健|文明開化|山紫水明|巧言令色|謀略家|雄材大略|摂理探究,15237,4808,136,206,0,790,344,530,554,546,512,ステータス計算済み,step116で9因縁780行を「陣形+配置英傑6人セット+発動因縁セット」で重複除外。同一組内は総合値最大の配置を代表として採用。,STEP116_SELECTED_MAX_TOTAL_FROM_STEP106_RECALCULATED_9INEN,step106で各陣形有効ラインから再計算済みの9因縁行を使用し、重複組では総合値最大の配置を残す,方円||通常||9||今川義元|前田利家|武田晴信|細川藤孝(立役)|鍋島直茂(乱雲)|高台院||健康第一|山紫水明|巧言令色|摂理探究|文明開化|老練闊達|謀略家|質実剛健|雄材大略,,step116_9inen_dedup_max_total,23663,23663,step164_verified_normal9,器用さ,0
step116_9_方円_000003,STEP116_9INEN_DEDUP_MAX_TOTAL_RESULT,step106_9inen_full_780_dedup_by_hero_set_bond_set_max_total,方円,通常,9,今川義元|前田利家(雄材)|鍋島直茂(乱雲)|武田晴信|高台院|細川藤孝(立役),今川義元|前田利家(雄材)|鍋島直茂(乱雲)|武田晴信|高台院|細川藤孝(立役),謀略家|雄材大略|摂理探究|健康第一|老練闊達|質実剛健|文明開化|山紫水明|巧言令色,謀略家|雄材大略|摂理探究|健康第一|老練闊達|質実剛健|文明開化|山紫水明|巧言令色,15237,4808,136,206,0,790,344,530,554,546,512,ステータス計算済み,step116で9因縁780行を「陣形+配置英傑6人セット+発動因縁セット」で重複除外。同一組内は総合値最大の配置を代表として採用。,STEP116_SELECTED_MAX_TOTAL_FROM_STEP106_RECALCULATED_9INEN,step106で各陣形有効ラインから再計算済みの9因縁行を使用し、重複組では総合値最大の配置を残す,方円||通常||9||今川義元|前田利家(雄材)|武田晴信|細川藤孝(立役)|鍋島直茂(乱雲)|高台院||健康第一|山紫水明|巧言令色|摂理探究|文明開化|老練闊達|謀略家|質実剛健|雄材大略,,step116_9inen_dedup_max_total,23663,23663,step164_verified_normal9,器用さ,0
step116_9_方円_000006,STEP116_9INEN_DEDUP_MAX_TOTAL_RESULT,step106_9inen_full_780_dedup_by_hero_set_bond_set_max_total,方円,通常,9,片倉景綱(右腕)|武田晴信|愛姫(起源)|細川藤孝(立役)|今川義元|前田利家,片倉景綱(右腕)|武田晴信|愛姫(起源)|細川藤孝(立役)|今川義元|前田利家,健康第一|老練闊達|質実剛健|文明開化|山紫水明|巧言令色|謀略家|雄材大略|摂理探究,健康第一|老練闊達|質実剛健|文明開化|山紫水明|巧言令色|謀略家|雄材大略|摂理探究,15159,4827,152,210,0,786,344,536,554,564,515,ステータス計算済み,step116で9因縁780行を「陣形+配置英傑6人セット+発動因縁セット」で重複除外。同一組内は総合値最大の配置を代表として採用。,STEP116_SELECTED_MAX_TOTAL_FROM_STEP106_RECALCULATED_9INEN,step106で各陣形有効ラインから再計算済みの9因縁行を使用し、重複組では総合値最大の配置を残す,方円||通常||9||今川義元|前田利家|愛姫(起源)|武田晴信|片倉景綱(右腕)|細川藤孝(立役)||健康第一|山紫水明|巧言令色|摂理探究|文明開化|老練闊達|謀略家|質実剛健|雄材大略,,step116_9inen_dedup_max_total,23647,23647,step164_verified_normal9,器用さ,0
step116_9_方円_000005,STEP116_9INEN_DEDUP_MAX_TOTAL_RESULT,step106_9inen_full_780_dedup_by_hero_set_bond_set_max_total,方円,通常,9,今川義元|前田利家(雄材)|片倉景綱(右腕)|武田晴信|愛姫(起源)|細川藤孝(立役),今川義元|前田利家(雄材)|片倉景綱(右腕)|武田晴信|愛姫(起源)|細川藤孝(立役),謀略家|雄材大略|摂理探究|健康第一|老練闊達|質実剛健|文明開化|山紫水明|巧言令色,謀略家|雄材大略|摂理探究|健康第一|老練闊達|質実剛健|文明開化|山紫水明|巧言令色,15159,4827,152,210,0,786,344,536,554,564,515,ステータス計算済み,step116で9因縁780行を「陣形+配置英傑6人セット+発動因縁セット」で重複除外。同一組内は総合値最大の配置を代表として採用。,STEP116_SELECTED_MAX_TOTAL_FROM_STEP106_RECALCULATED_9INEN,step106で各陣形有効ラインから再計算済みの9因縁行を使用し、重複組では総合値最大の配置を残す,方円||通常||9||今川義元|前田利家(雄材)|愛姫(起源)|武田晴信|片倉景綱(右腕)|細川藤孝(立役)||健康第一|山紫水明|巧言令色|摂理探究|文明開化|老練闊達|謀略家|質実剛健|雄材大略,,step116_9inen_dedup_max_total,23647,23647,step164_verified_normal9,器用さ,0
step116_9_方円_000008,STEP116_9INEN_DEDUP_MAX_TOTAL_RESULT,step106_9inen_full_780_dedup_by_hero_set_bond_set_max_total,方円,通常,9,片倉景綱(右腕)|武田晴信|高台院|細川藤孝(立役)|今川義元|前田利家,片倉景綱(右腕)|武田晴信|高台院|細川藤孝(立役)|今川義元|前田利家,健康第一|老練闊達|質実剛健|文明開化|山紫水明|巧言令色|謀略家|雄材大略|摂理探究,健康第一|老練闊達|質実剛健|文明開化|山紫水明|巧言令色|謀略家|雄材大略|摂理探究,15162,4802,141,206,0,790,344,535,552,559,512,ステータス計算済み,step116で9因縁780行を「陣形+配置英傑6人セット+発動因縁セット」で重複除外。同一組内は総合値最大の配置を代表として採用。,STEP116_SELECTED_MAX_TOTAL_FROM_STEP106_RECALCULATED_9INEN,step106で各陣形有効ラインから再計算済みの9因縁行を使用し、重複組では総合値最大の配置を残す,方円||通常||9||今川義元|前田利家|武田晴信|片倉景綱(右腕)|細川藤孝(立役)|高台院||健康第一|山紫水明|巧言令色|摂理探究|文明開化|老練闊達|謀略家|質実剛健|雄材大略,,step116_9inen_dedup_max_total,23603,23603,step164_verified_normal9,器用さ,0
step116_9_方円_000007,STEP116_9INEN_DEDUP_MAX_TOTAL_RESULT,step106_9inen_full_780_dedup_by_hero_set_bond_set_max_total,方円,通常,9,今川義元|前田利家(雄材)|片倉景綱(右腕)|武田晴信|高台院|細川藤孝(立役),今川義元|前田利家(雄材)|片倉景綱(右腕)|武田晴信|高台院|細川藤孝(立役),謀略家|雄材大略|摂理探究|健康第一|老練闊達|質実剛健|文明開化|山紫水明|巧言令色,謀略家|雄材大略|摂理探究|健康第一|老練闊達|質実剛健|文明開化|山紫水明|巧言令色,15162,4802,141,206,0,790,344,535,552,559,512,ステータス計算済み,step116で9因縁780行を「陣形+配置英傑6人セット+発動因縁セット」で重複除外。同一組内は総合値最大の配置を代表として採用。,STEP116_SELECTED_MAX_TOTAL_FROM_STEP106_RECALCULATED_9INEN,step106で各陣形有効ラインから再計算済みの9因縁行を使用し、重複組では総合値最大の配置を残す,方円||通常||9||今川義元|前田利家(雄材)|武田晴信|片倉景綱(右腕)|細川藤孝(立役)|高台院||健康第一|山紫水明|巧言令色|摂理探究|文明開化|老練闊達|謀略家|質実剛健|雄材大略,,step116_9inen_dedup_max_total,23603,23603,step164_verified_normal9,器用さ,0
step116_9_方円_000010,STEP116_9INEN_DEDUP_MAX_TOTAL_RESULT,step106_9inen_full_780_dedup_by_hero_set_bond_set_max_total,方円,通常,9,豊臣秀長|武田晴信|愛姫(起源)|細川藤孝(立役)|今川義元|前田利家,豊臣秀長|武田晴信|愛姫(起源)|細川藤孝(立役)|今川義元|前田利家,健康第一|老練闊達|質実剛健|文明開化|山紫水明|巧言令色|謀略家|雄材大略|摂理探究,健康第一|老練闊達|質実剛健|文明開化|山紫水明|巧言令色|謀略家|雄材大略|摂理探究,15036,4864,143,210,0,790,344,539,559,563,519,ステータス計算済み,step116で9因縁780行を「陣形+配置英傑6人セット+発動因縁セット」で重複除外。同一組内は総合値最大の配置を代表として採用。,STEP116_SELECTED_MAX_TOTAL_FROM_STEP106_RECALCULATED_9INEN,step106で各陣形有効ラインから再計算済みの9因縁行を使用し、重複組では総合値最大の配置を残す,方円||通常||9||今川義元|前田利家|愛姫(起源)|武田晴信|細川藤孝(立役)|豊臣秀長||健康第一|山紫水明|巧言令色|摂理探究|文明開化|老練闊達|謀略家|質実剛健|雄材大略,,step116_9inen_dedup_max_total,23567,23567,step164_verified_normal9,器用さ,0
step116_9_方円_000009,STEP116_9INEN_DEDUP_MAX_TOTAL_RESULT,step106_9inen_full_780_dedup_by_hero_set_bond_set_max_total,方円,通常,9,今川義元|前田利家(雄材)|豊臣秀長|武田晴信|愛姫(起源)|細川藤孝(立役),今川義元|前田利家(雄材)|豊臣秀長|武田晴信|愛姫(起源)|細川藤孝(立役),謀略家|雄材大略|摂理探究|健康第一|老練闊達|質実剛健|文明開化|山紫水明|巧言令色,謀略家|雄材大略|摂理探究|健康第一|老練闊達|質実剛健|文明開化|山紫水明|巧言令色,15036,4864,143,210,0,790,344,539,559,563,519,ステータス計算済み,step116で9因縁780行を「陣形+配置英傑6人セット+発動因縁セット」で重複除外。同一組内は総合値最大の配置を代表として採用。,STEP116_SELECTED_MAX_TOTAL_FROM_STEP106_RECALCULATED_9INEN,step106で各陣形有効ラインから再計算済みの9因縁行を使用し、重複組では総合値最大の配置を残す,方円||通常||9||今川義元|前田利家(雄材)|愛姫(起源)|武田晴信|細川藤孝(立役)|豊臣秀長||健康第一|山紫水明|巧言令色|摂理探究|文明開化|老練闊達|謀略家|質実剛健|雄材大略,,step116_9inen_dedup_max_total,23567,23567,step164_verified_normal9,器用さ,0
step116_9_方円_000012,STEP116_9INEN_DEDUP_MAX_TOTAL_RESULT,step106_9inen_full_780_dedup_by_hero_set_bond_set_max_total,方円,通常,9,豊臣秀長|武田晴信|高台院|細川藤孝(立役)|今川義元|前田利家,豊臣秀長|武田晴信|高台院|細川藤孝(立役)|今川義元|前田利家,健康第一|老練闊達|質実剛健|文明開化|山紫水明|巧言令色|謀略家|雄材大略|摂理探究,健康第一|老練闊達|質実剛健|文明開化|山紫水明|巧言令色|謀略家|雄材大略|摂理探究,15039,4838,132,206,0,795,344,537,557,558,515,ステータス計算済み,step116で9因縁780行を「陣形+配置英傑6人セット+発動因縁セット」で重複除外。同一組内は総合値最大の配置を代表として採用。,STEP116_SELECTED_MAX_TOTAL_FROM_STEP106_RECALCULATED_9INEN,step106で各陣形有効ラインから再計算済みの9因縁行を使用し、重複組では総合値最大の配置を残す,方円||通常||9||今川義元|前田利家|武田晴信|細川藤孝(立役)|豊臣秀長|高台院||健康第一|山紫水明|巧言令色|摂理探究|文明開化|老練闊達|謀略家|質実剛健|雄材大略,,step116_9inen_dedup_max_total,23521,23521,step164_verified_normal9,器用さ,0
step116_9_方円_000011,STEP116_9INEN_DEDUP_MAX_TOTAL_RESULT,step106_9inen_full_780_dedup_by_hero_set_bond_set_max_total,方円,通常,9,今川義元|前田利家(雄材)|豊臣秀長|武田晴信|高台院|細川藤孝(立役),今川義元|前田利家(雄材)|豊臣秀長|武田晴信|高台院|細川藤孝(立役),謀略家|雄材大略|摂理探究|健康第一|老練闊達|質実剛健|文明開化|山紫水明|巧言令色,謀略家|雄材大略|摂理探究|健康第一|老練闊達|質実剛健|文明開化|山紫水明|巧言令色,15039,4838,132,206,0,795,344,537,557,558,515,ステータス計算済み,step116で9因縁780行を「陣形+配置英傑6人セット+発動因縁セット」で重複除外。同一組内は総合値最大の配置を代表として採用。,STEP116_SELECTED_MAX_TOTAL_FROM_STEP106_RECALCULATED_9INEN,step106で各陣形有効ラインから再計算済みの9因縁行を使用し、重複組では総合値最大の配置を残す,方円||通常||9||今川義元|前田利家(雄材)|武田晴信|細川藤孝(立役)|豊臣秀長|高台院||健康第一|山紫水明|巧言令色|摂理探究|文明開化|老練闊達|謀略家|質実剛健|雄材大略,,step116_9inen_dedup_max_total,23521,23521,step164_verified_normal9,器用さ,0
step116_9_方円_000014,STEP116_9INEN_DEDUP_MAX_TOTAL_RESULT,step106_9inen_full_780_dedup_by_hero_set_bond_set_max_total,方円,通常,9,丹羽長秀(風雲)|武田晴信|愛姫(起源)|細川藤孝(立役)|今川義元|前田利家,丹羽長秀(風雲)|武田晴信|愛姫(起源)|細川藤孝(立役)|今川義元|前田利家,健康第一|老練闊達|質実剛健|文明開化|山紫水明|巧言令色|謀略家|雄材大略|摂理探究,健康第一|老練闊達|質実剛健|文明開化|山紫水明|巧言令色|謀略家|雄材大略|摂理探究,14973,4838,131,210,0,783,344,521,568,568,501,ステータス計算済み,step116で9因縁780行を「陣形+配置英傑6人セット+発動因縁セット」で重複除外。同一組内は総合値最大の配置を代表として採用。,STEP116_SELECTED_MAX_TOTAL_FROM_STEP106_RECALCULATED_9INEN,step106で各陣形有効ラインから再計算済みの9因縁行を使用し、重複組では総合値最大の配置を残す,方円||通常||9||丹羽長秀(風雲)|今川義元|前田利家|愛姫(起源)|武田晴信|細川藤孝(立役)||健康第一|山紫水明|巧言令色|摂理探究|文明開化|老練闊達|謀略家|質実剛健|雄材大略,,step116_9inen_dedup_max_total,23437,23437,step164_verified_normal9,器用さ,0
step116_9_方円_000013,STEP116_9INEN_DEDUP_MAX_TOTAL_RESULT,step106_9inen_full_780_dedup_by_hero_set_bond_set_max_total,方円,通常,9,今川義元|前田利家(雄材)|丹羽長秀(風雲)|武田晴信|愛姫(起源)|細川藤孝(立役),今川義元|前田利家(雄材)|丹羽長秀(風雲)|武田晴信|愛姫(起源)|細川藤孝(立役),謀略家|雄材大略|摂理探究|健康第一|老練闊達|質実剛健|文明開化|山紫水明|巧言令色,謀略家|雄材大略|摂理探究|健康第一|老練闊達|質実剛健|文明開化|山紫水明|巧言令色,14973,4838,131,210,0,783,344,521,568,568,501,ステータス計算済み,step116で9因縁780行を「陣形+配置英傑6人セット+発動因縁セット」で重複除外。同一組内は総合値最大の配置を代表として採用。,STEP116_SELECTED_MAX_TOTAL_FROM_STEP106_RECALCULATED_9INEN,step106で各陣形有効ラインから再計算済みの9因縁行を使用し、重複組では総合値最大の配置を残す,方円||通常||9||丹羽長秀(風雲)|今川義元|前田利家(雄材)|愛姫(起源)|武田晴信|細川藤孝(立役)||健康第一|山紫水明|巧言令色|摂理探究|文明開化|老練闊達|謀略家|質実剛健|雄材大略,,step116_9inen_dedup_max_total,23437,23437,step164_verified_normal9,器用さ,0
step116_9_方円_000016,STEP116_9INEN_DEDUP_MAX_TOTAL_RESULT,step106_9inen_full_780_dedup_by_hero_set_bond_set_max_total,方円,通常,9,竹中半兵衛(右腕)|武田晴信|愛姫(起源)|細川藤孝(立役)|今川義元|前田利家,竹中半兵衛(右腕)|武田晴信|愛姫(起源)|細川藤孝(立役)|今川義元|前田利家,健康第一|老練闊達|質実剛健|文明開化|山紫水明|巧言令色|謀略家|雄材大略|摂理探究,健康第一|老練闊達|質実剛健|文明開化|山紫水明|巧言令色|謀略家|雄材大略|摂理探究,14808,4896,136,210,0,792,344,552,573,573,532,ステータス計算済み,step116で9因縁780行を「陣形+配置英傑6人セット+発動因縁セット」で重複除外。同一組内は総合値最大の配置を代表として採用。,STEP116_SELECTED_MAX_TOTAL_FROM_STEP106_RECALCULATED_9INEN,step106で各陣形有効ラインから再計算済みの9因縁行を使用し、重複組では総合値最大の配置を残す,方円||通常||9||今川義元|前田利家|愛姫(起源)|武田晴信|竹中半兵衛(右腕)|細川藤孝(立役)||健康第一|山紫水明|巧言令色|摂理探究|文明開化|老練闊達|謀略家|質実剛健|雄材大略,,step116_9inen_dedup_max_total,23416,23416,step164_verified_normal9,器用さ,0
step116_9_方円_000015,STEP116_9INEN_DEDUP_MAX_TOTAL_RESULT,step106_9inen_full_780_dedup_by_hero_set_bond_set_max_total,方円,通常,9,今川義元|前田利家(雄材)|竹中半兵衛(右腕)|武田晴信|愛姫(起源)|細川藤孝(立役),今川義元|前田利家(雄材)|竹中半兵衛(右腕)|武田晴信|愛姫(起源)|細川藤孝(立役),謀略家|雄材大略|摂理探究|健康第一|老練闊達|質実剛健|文明開化|山紫水明|巧言令色,謀略家|雄材大略|摂理探究|健康第一|老練闊達|質実剛健|文明開化|山紫水明|巧言令色,14808,4896,136,210,0,792,344,552,573,573,532,ステータス計算済み,step116で9因縁780行を「陣形+配置英傑6人セット+発動因縁セット」で重複除外。同一組内は総合値最大の配置を代表として採用。,STEP116_SELECTED_MAX_TOTAL_FROM_STEP106_RECALCULATED_9INEN,step106で各陣形有効ラインから再計算済みの9因縁行を使用し、重複組では総合値最大の配置を残す,方円||通常||9||今川義元|前田利家(雄材)|愛姫(起源)|武田晴信|竹中半兵衛(右腕)|細川藤孝(立役)||健康第一|山紫水明|巧言令色|摂理探究|文明開化|老練闊達|謀略家|質実剛健|雄材大略,,step116_9inen_dedup_max_total,23416,23416,step164_verified_normal9,器用さ,0
step116_9_方円_000018,STEP116_9INEN_DEDUP_MAX_TOTAL_RESULT,step106_9inen_full_780_dedup_by_hero_set_bond_set_max_total,方円,通常,9,丹羽長秀(風雲)|武田晴信|高台院|細川藤孝(立役)|今川義元|前田利家,丹羽長秀(風雲)|武田晴信|高台院|細川藤孝(立役)|今川義元|前田利家,健康第一|老練闊達|質実剛健|文明開化|山紫水明|巧言令色|謀略家|雄材大略|摂理探究,健康第一|老練闊達|質実剛健|文明開化|山紫水明|巧言令色|謀略家|雄材大略|摂理探究,14976,4813,120,206,0,787,344,520,566,564,498,ステータス計算済み,step116で9因縁780行を「陣形+配置英傑6人セット+発動因縁セット」で重複除外。同一組内は総合値最大の配置を代表として採用。,STEP116_SELECTED_MAX_TOTAL_FROM_STEP106_RECALCULATED_9INEN,step106で各陣形有効ラインから再計算済みの9因縁行を使用し、重複組では総合値最大の配置を残す,方円||通常||9||丹羽長秀(風雲)|今川義元|前田利家|武田晴信|細川藤孝(立役)|高台院||健康第一|山紫水明|巧言令色|摂理探究|文明開化|老練闊達|謀略家|質実剛健|雄材大略,,step116_9inen_dedup_max_total,23394,23394,step164_verified_normal9,器用さ,0
step116_9_方円_000017,STEP116_9INEN_DEDUP_MAX_TOTAL_RESULT,step106_9inen_full_780_dedup_by_hero_set_bond_set_max_total,方円,通常,9,今川義元|前田利家(雄材)|丹羽長秀(風雲)|武田晴信|高台院|細川藤孝(立役),今川義元|前田利家(雄材)|丹羽長秀(風雲)|武田晴信|高台院|細川藤孝(立役),謀略家|雄材大略|摂理探究|健康第一|老練闊達|質実剛健|文明開化|山紫水明|巧言令色,謀略家|雄材大略|摂理探究|健康第一|老練闊達|質実剛健|文明開化|山紫水明|巧言令色,14976,4813,120,206,0,787,344,520,566,564,498,ステータス計算済み,step116で9因縁780行を「陣形+配置英傑6人セット+発動因縁セット」で重複除外。同一組内は総合値最大の配置を代表として採用。,STEP116_SELECTED_MAX_TOTAL_FROM_STEP106_RECALCULATED_9INEN,step106で各陣形有効ラインから再計算済みの9因縁行を使用し、重複組では総合値最大の配置を残す,方円||通常||9||丹羽長秀(風雲)|今川義元|前田利家(雄材)|武田晴信|細川藤孝(立役)|高台院||健康第一|山紫水明|巧言令色|摂理探究|文明開化|老練闊達|謀略家|質実剛健|雄材大略,,step116_9inen_dedup_max_total,23394,23394,step164_verified_normal9,器用さ,0
step116_9_方円_000020,STEP116_9INEN_DEDUP_MAX_TOTAL_RESULT,step106_9inen_full_780_dedup_by_hero_set_bond_set_max_total,方円,通常,9,竹中半兵衛(右腕)|武田晴信|高台院|細川藤孝(立役)|今川義元|前田利家,竹中半兵衛(右腕)|武田晴信|高台院|細川藤孝(立役)|今川義元|前田利家,健康第一|老練闊達|質実剛健|文明開化|山紫水明|巧言令色|謀略家|雄材大略|摂理探究,健康第一|老練闊達|質実剛健|文明開化|山紫水明|巧言令色|謀略家|雄材大略|摂理探究,14811,4870,125,206,0,796,344,551,570,568,529,ステータス計算済み,step116で9因縁780行を「陣形+配置英傑6人セット+発動因縁セット」で重複除外。同一組内は総合値最大の配置を代表として採用。,STEP116_SELECTED_MAX_TOTAL_FROM_STEP106_RECALCULATED_9INEN,step106で各陣形有効ラインから再計算済みの9因縁行を使用し、重複組では総合値最大の配置を残す,方円||通常||9||今川義元|前田利家|武田晴信|竹中半兵衛(右腕)|細川藤孝(立役)|高台院||健康第一|山紫水明|巧言令色|摂理探究|文明開化|老練闊達|謀略家|質実剛健|雄材大略,,step116_9inen_dedup_max_total,23370,23370,step164_verified_normal9,器用さ,0
step116_9_方円_000019,STEP116_9INEN_DEDUP_MAX_TOTAL_RESULT,step106_9inen_full_780_dedup_by_hero_set_bond_set_max_total,方円,通常,9,今川義元|前田利家(雄材)|竹中半兵衛(右腕)|武田晴信|高台院|細川藤孝(立役),今川義元|前田利家(雄材)|竹中半兵衛(右腕)|武田晴信|高台院|細川藤孝(立役),謀略家|雄材大略|摂理探究|健康第一|老練闊達|質実剛健|文明開化|山紫水明|巧言令色,謀略家|雄材大略|摂理探究|健康第一|老練闊達|質実剛健|文明開化|山紫水明|巧言令色,14811,4870,125,206,0,796,344,551,570,568,529,ステータス計算済み,step116で9因縁780行を「陣形+配置英傑6人セット+発動因縁セット」で重複除外。同一組内は総合値最大の配置を代表として採用。,STEP116_SELECTED_MAX_TOTAL_FROM_STEP106_RECALCULATED_9INEN,step106で各陣形有効ラインから再計算済みの9因縁行を使用し、重複組では総合値最大の配置を残す,方円||通常||9||今川義元|前田利家(雄材)|武田晴信|竹中半兵衛(右腕)|細川藤孝(立役)|高台院||健康第一|山紫水明|巧言令色|摂理探究|文明開化|老練闊達|謀略家|質実剛健|雄材大略,,step116_9inen_dedup_max_total,23370,23370,step164_verified_normal9,器用さ,0
step116_9_方円_000036,STEP116_9INEN_DEDUP_MAX_TOTAL_RESULT,step106_9inen_full_780_dedup_by_hero_set_bond_set_max_total,方円,通常,9,武田晴信|豊臣秀長|北条氏照(剛柔)|豊臣秀次|細川藤孝(立役)|前田利家,武田晴信|豊臣秀長|北条氏照(剛柔)|豊臣秀次|細川藤孝(立役)|前田利家,知将の絆|立役者|技巧伝承|柔能制剛|文明開化|山紫水明|謀略家|雄材大略|摂理探究,知将の絆|立役者|技巧伝承|柔能制剛|文明開化|山紫水明|謀略家|雄材大略|摂理探究,14832,899,76,0,267,1174,173,705,680,724,679,ステータス計算済み,step116で9因縁780行を「陣形+配置英傑6人セット+発動因縁セット」で重複除外。同一組内は総合値最大の配置を代表として採用。,STEP116_SELECTED_MAX_TOTAL_FROM_STEP106_RECALCULATED_9INEN,step106で各陣形有効ラインから再計算済みの9因縁行を使用し、重複組では総合値最大の配置を残す,方円||通常||9||前田利家|北条氏照(剛柔)|武田晴信|細川藤孝(立役)|豊臣秀次|豊臣秀長||山紫水明|技巧伝承|摂理探究|文明開化|柔能制剛|知将の絆|立役者|謀略家|雄材大略,,step116_9inen_dedup_max_total,20209,20209,step164_verified_normal9,知力,1174
step116_9_方円_000035,STEP116_9INEN_DEDUP_MAX_TOTAL_RESULT,step106_9inen_full_780_dedup_by_hero_set_bond_set_max_total,方円,通常,9,北条氏照(剛柔)|豊臣秀長|武田晴信|前田利家(雄材)|細川藤孝(立役)|豊臣秀次,北条氏照(剛柔)|豊臣秀長|武田晴信|前田利家(雄材)|細川藤孝(立役)|豊臣秀次,謀略家|雄材大略|摂理探究|文明開化|山紫水明|知将の絆|立役者|技巧伝承|柔能制剛,謀略家|雄材大略|摂理探究|文明開化|山紫水明|知将の絆|立役者|技巧伝承|柔能制剛,14832,899,76,0,267,1174,173,705,680,724,679,ステータス計算済み,step116で9因縁780行を「陣形+配置英傑6人セット+発動因縁セット」で重複除外。同一組内は総合値最大の配置を代表として採用。,STEP116_SELECTED_MAX_TOTAL_FROM_STEP106_RECALCULATED_9INEN,step106で各陣形有効ラインから再計算済みの9因縁行を使用し、重複組では総合値最大の配置を残す,方円||通常||9||前田利家(雄材)|北条氏照(剛柔)|武田晴信|細川藤孝(立役)|豊臣秀次|豊臣秀長||山紫水明|技巧伝承|摂理探究|文明開化|柔能制剛|知将の絆|立役者|謀略家|雄材大略,,step116_9inen_dedup_max_total,20209,20209,step164_verified_normal9,知力,1174
step116_9_方円_000041,STEP116_9INEN_DEDUP_MAX_TOTAL_RESULT,step106_9inen_full_780_dedup_by_hero_set_bond_set_max_total,方円,通常,9,上杉憲政|豊臣秀長|北条氏照(剛柔)|豊臣秀次|細川藤孝(立役)|前田利家,上杉憲政|豊臣秀長|北条氏照(剛柔)|豊臣秀次|細川藤孝(立役)|前田利家,知将の絆|立役者|技巧伝承|柔能制剛|文明開化|山紫水明|謀略家|雄材大略|摂理探究,知将の絆|立役者|技巧伝承|柔能制剛|文明開化|山紫水明|謀略家|雄材大略|摂理探究,14490,861,79,0,267,1097,173,669,652,695,651,ステータス計算済み,step116で9因縁780行を「陣形+配置英傑6人セット+発動因縁セット」で重複除外。同一組内は総合値最大の配置を代表として採用。,STEP116_SELECTED_MAX_TOTAL_FROM_STEP106_RECALCULATED_9INEN,step106で各陣形有効ラインから再計算済みの9因縁行を使用し、重複組では総合値最大の配置を残す,方円||通常||9||上杉憲政|前田利家|北条氏照(剛柔)|細川藤孝(立役)|豊臣秀次|豊臣秀長||山紫水明|技巧伝承|摂理探究|文明開化|柔能制剛|知将の絆|立役者|謀略家|雄材大略,,step116_9inen_dedup_max_total,19634,19634,step164_verified_normal9,知力,1097
step116_9_方円_000040,STEP116_9INEN_DEDUP_MAX_TOTAL_RESULT,step106_9inen_full_780_dedup_by_hero_set_bond_set_max_total,方円,通常,9,北条氏照(剛柔)|豊臣秀長|上杉憲政|前田利家(雄材)|細川藤孝(立役)|豊臣秀次,北条氏照(剛柔)|豊臣秀長|上杉憲政|前田利家(雄材)|細川藤孝(立役)|豊臣秀次,謀略家|雄材大略|摂理探究|文明開化|山紫水明|知将の絆|立役者|技巧伝承|柔能制剛,謀略家|雄材大略|摂理探究|文明開化|山紫水明|知将の絆|立役者|技巧伝承|柔能制剛,14490,861,79,0,267,1097,173,669,652,695,651,ステータス計算済み,step116で9因縁780行を「陣形+配置英傑6人セット+発動因縁セット」で重複除外。同一組内は総合値最大の配置を代表として採用。,STEP116_SELECTED_MAX_TOTAL_FROM_STEP106_RECALCULATED_9INEN,step106で各陣形有効ラインから再計算済みの9因縁行を使用し、重複組では総合値最大の配置を残す,方円||通常||9||上杉憲政|前田利家(雄材)|北条氏照(剛柔)|細川藤孝(立役)|豊臣秀次|豊臣秀長||山紫水明|技巧伝承|摂理探究|文明開化|柔能制剛|知将の絆|立役者|謀略家|雄材大略,,step116_9inen_dedup_max_total,19634,19634,step164_verified_normal9,知力,1097
step116_9_方円_000048,STEP116_9INEN_DEDUP_MAX_TOTAL_RESULT,step106_9inen_full_780_dedup_by_hero_set_bond_set_max_total,方円,通常,9,佐竹義重|豊臣秀長|北条氏照(剛柔)|豊臣秀次|百地三太夫(野望)|斎藤道三(巳),佐竹義重|豊臣秀長|北条氏照(剛柔)|豊臣秀次|百地三太夫(野望)|斎藤道三(巳),知将の絆|立役者|技巧伝承|柔能制剛|謀略家|生殺与奪|侍|才腕の絆|知勇兼備,知将の絆|立役者|技巧伝承|柔能制剛|謀略家|生殺与奪|侍|才腕の絆|知勇兼備,13439,1428,148,90,470,950,392,509,499,509,503,ステータス計算済み,step116で9因縁780行を「陣形+配置英傑6人セット+発動因縁セット」で重複除外。同一組内は総合値最大の配置を代表として採用。,STEP116_SELECTED_MAX_TOTAL_FROM_STEP106_RECALCULATED_9INEN,step106で各陣形有効ラインから再計算済みの9因縁行を使用し、重複組では総合値最大の配置を残す,方円||通常||9||佐竹義重|北条氏照(剛柔)|斎藤道三(巳)|百地三太夫(野望)|豊臣秀次|豊臣秀長||侍|才腕の絆|技巧伝承|柔能制剛|生殺与奪|知勇兼備|知将の絆|立役者|謀略家,,step116_9inen_dedup_max_total,18937,18937,step164_verified_normal9,知力,950
step116_9_方円_000020,STEP116_9INEN_DEDUP_MAX_TOTAL_RESULT,step106_9inen_full_780_dedup_by_hero_set_bond_set_max_total,方円,通常,9,竹中半兵衛(右腕)|武田晴信|高台院|細川藤孝(立役)|今川義元|前田利家,竹中半兵衛(右腕)|武田晴信|高台院|細川藤孝(立役)|今川義元|前田利家,健康第一|老練闊達|質実剛健|文明開化|山紫水明|巧言令色|謀略家|雄材大略|摂理探究,健康第一|老練闊達|質実剛健|文明開化|山紫水明|巧言令色|謀略家|雄材大略|摂理探究,14811,4870,125,206,0,796,344,551,570,568,529,ステータス計算済み,step116で9因縁780行を「陣形+配置英傑6人セット+発動因縁セット」で重複除外。同一組内は総合値最大の配置を代表として採用。,STEP116_SELECTED_MAX_TOTAL_FROM_STEP106_RECALCULATED_9INEN,step106で各陣形有効ラインから再計算済みの9因縁行を使用し、重複組では総合値最大の配置を残す,方円||通常||9||今川義元|前田利家|武田晴信|竹中半兵衛(右腕)|細川藤孝(立役)|高台院||健康第一|山紫水明|巧言令色|摂理探究|文明開化|老練闊達|謀略家|質実剛健|雄材大略,,step116_9inen_dedup_max_total,23370,23370,step164_verified_normal9,知力,796
step116_9_方円_000019,STEP116_9INEN_DEDUP_MAX_TOTAL_RESULT,step106_9inen_full_780_dedup_by_hero_set_bond_set_max_total,方円,通常,9,今川義元|前田利家(雄材)|竹中半兵衛(右腕)|武田晴信|高台院|細川藤孝(立役),今川義元|前田利家(雄材)|竹中半兵衛(右腕)|武田晴信|高台院|細川藤孝(立役),謀略家|雄材大略|摂理探究|健康第一|老練闊達|質実剛健|文明開化|山紫水明|巧言令色,謀略家|雄材大略|摂理探究|健康第一|老練闊達|質実剛健|文明開化|山紫水明|巧言令色,14811,4870,125,206,0,796,344,551,570,568,529,ステータス計算済み,step116で9因縁780行を「陣形+配置英傑6人セット+発動因縁セット」で重複除外。同一組内は総合値最大の配置を代表として採用。,STEP116_SELECTED_MAX_TOTAL_FROM_STEP106_RECALCULATED_9INEN,step106で各陣形有効ラインから再計算済みの9因縁行を使用し、重複組では総合値最大の配置を残す,方円||通常||9||今川義元|前田利家(雄材)|武田晴信|竹中半兵衛(右腕)|細川藤孝(立役)|高台院||健康第一|山紫水明|巧言令色|摂理探究|文明開化|老練闊達|謀略家|質実剛健|雄材大略,,step116_9inen_dedup_max_total,23370,23370,step164_verified_normal9,知力,796
step116_9_方円_000012,STEP116_9INEN_DEDUP_MAX_TOTAL_RESULT,step106_9inen_full_780_dedup_by_hero_set_bond_set_max_total,方円,通常,9,豊臣秀長|武田晴信|高台院|細川藤孝(立役)|今川義元|前田利家,豊臣秀長|武田晴信|高台院|細川藤孝(立役)|今川義元|前田利家,健康第一|老練闊達|質実剛健|文明開化|山紫水明|巧言令色|謀略家|雄材大略|摂理探究,健康第一|老練闊達|質実剛健|文明開化|山紫水明|巧言令色|謀略家|雄材大略|摂理探究,15039,4838,132,206,0,795,344,537,557,558,515,ステータス計算済み,step116で9因縁780行を「陣形+配置英傑6人セット+発動因縁セット」で重複除外。同一組内は総合値最大の配置を代表として採用。,STEP116_SELECTED_MAX_TOTAL_FROM_STEP106_RECALCULATED_9INEN,step106で各陣形有効ラインから再計算済みの9因縁行を使用し、重複組では総合値最大の配置を残す,方円||通常||9||今川義元|前田利家|武田晴信|細川藤孝(立役)|豊臣秀長|高台院||健康第一|山紫水明|巧言令色|摂理探究|文明開化|老練闊達|謀略家|質実剛健|雄材大略,,step116_9inen_dedup_max_total,23521,23521,step164_verified_normal9,知力,795
step116_9_方円_000011,STEP116_9INEN_DEDUP_MAX_TOTAL_RESULT,step106_9inen_full_780_dedup_by_hero_set_bond_set_max_total,方円,通常,9,今川義元|前田利家(雄材)|豊臣秀長|武田晴信|高台院|細川藤孝(立役),今川義元|前田利家(雄材)|豊臣秀長|武田晴信|高台院|細川藤孝(立役),謀略家|雄材大略|摂理探究|健康第一|老練闊達|質実剛健|文明開化|山紫水明|巧言令色,謀略家|雄材大略|摂理探究|健康第一|老練闊達|質実剛健|文明開化|山紫水明|巧言令色,15039,4838,132,206,0,795,344,537,557,558,515,ステータス計算済み,step116で9因縁780行を「陣形+配置英傑6人セット+発動因縁セット」で重複除外。同一組内は総合値最大の配置を代表として採用。,STEP116_SELECTED_MAX_TOTAL_FROM_STEP106_RECALCULATED_9INEN,step106で各陣形有効ラインから再計算済みの9因縁行を使用し、重複組では総合値最大の配置を残す,方円||通常||9||今川義元|前田利家(雄材)|武田晴信|細川藤孝(立役)|豊臣秀長|高台院||健康第一|山紫水明|巧言令色|摂理探究|文明開化|老練闊達|謀略家|質実剛健|雄材大略,,step116_9inen_dedup_max_total,23521,23521,step164_verified_normal9,知力,795
step116_9_方円_000016,STEP116_9INEN_DEDUP_MAX_TOTAL_RESULT,step106_9inen_full_780_dedup_by_hero_set_bond_set_max_total,方円,通常,9,竹中半兵衛(右腕)|武田晴信|愛姫(起源)|細川藤孝(立役)|今川義元|前田利家,竹中半兵衛(右腕)|武田晴信|愛姫(起源)|細川藤孝(立役)|今川義元|前田利家,健康第一|老練闊達|質実剛健|文明開化|山紫水明|巧言令色|謀略家|雄材大略|摂理探究,健康第一|老練闊達|質実剛健|文明開化|山紫水明|巧言令色|謀略家|雄材大略|摂理探究,14808,4896,136,210,0,792,344,552,573,573,532,ステータス計算済み,step116で9因縁780行を「陣形+配置英傑6人セット+発動因縁セット」で重複除外。同一組内は総合値最大の配置を代表として採用。,STEP116_SELECTED_MAX_TOTAL_FROM_STEP106_RECALCULATED_9INEN,step106で各陣形有効ラインから再計算済みの9因縁行を使用し、重複組では総合値最大の配置を残す,方円||通常||9||今川義元|前田利家|愛姫(起源)|武田晴信|竹中半兵衛(右腕)|細川藤孝(立役)||健康第一|山紫水明|巧言令色|摂理探究|文明開化|老練闊達|謀略家|質実剛健|雄材大略,,step116_9inen_dedup_max_total,23416,23416,step164_verified_normal9,知力,792
step116_9_方円_000015,STEP116_9INEN_DEDUP_MAX_TOTAL_RESULT,step106_9inen_full_780_dedup_by_hero_set_bond_set_max_total,方円,通常,9,今川義元|前田利家(雄材)|竹中半兵衛(右腕)|武田晴信|愛姫(起源)|細川藤孝(立役),今川義元|前田利家(雄材)|竹中半兵衛(右腕)|武田晴信|愛姫(起源)|細川藤孝(立役),謀略家|雄材大略|摂理探究|健康第一|老練闊達|質実剛健|文明開化|山紫水明|巧言令色,謀略家|雄材大略|摂理探究|健康第一|老練闊達|質実剛健|文明開化|山紫水明|巧言令色,14808,4896,136,210,0,792,344,552,573,573,532,ステータス計算済み,step116で9因縁780行を「陣形+配置英傑6人セット+発動因縁セット」で重複除外。同一組内は総合値最大の配置を代表として採用。,STEP116_SELECTED_MAX_TOTAL_FROM_STEP106_RECALCULATED_9INEN,step106で各陣形有効ラインから再計算済みの9因縁行を使用し、重複組では総合値最大の配置を残す,方円||通常||9||今川義元|前田利家(雄材)|愛姫(起源)|武田晴信|竹中半兵衛(右腕)|細川藤孝(立役)||健康第一|山紫水明|巧言令色|摂理探究|文明開化|老練闊達|謀略家|質実剛健|雄材大略,,step116_9inen_dedup_max_total,23416,23416,step164_verified_normal9,知力,792
step116_9_方円_000004,STEP116_9INEN_DEDUP_MAX_TOTAL_RESULT,step106_9inen_full_780_dedup_by_hero_set_bond_set_max_total,方円,通常,9,鍋島直茂(乱雲)|武田晴信|高台院|細川藤孝(立役)|今川義元|前田利家,鍋島直茂(乱雲)|武田晴信|高台院|細川藤孝(立役)|今川義元|前田利家,健康第一|老練闊達|質実剛健|文明開化|山紫水明|巧言令色|謀略家|雄材大略|摂理探究,健康第一|老練闊達|質実剛健|文明開化|山紫水明|巧言令色|謀略家|雄材大略|摂理探究,15237,4808,136,206,0,790,344,530,554,546,512,ステータス計算済み,step116で9因縁780行を「陣形+配置英傑6人セット+発動因縁セット」で重複除外。同一組内は総合値最大の配置を代表として採用。,STEP116_SELECTED_MAX_TOTAL_FROM_STEP106_RECALCULATED_9INEN,step106で各陣形有効ラインから再計算済みの9因縁行を使用し、重複組では総合値最大の配置を残す,方円||通常||9||今川義元|前田利家|武田晴信|細川藤孝(立役)|鍋島直茂(乱雲)|高台院||健康第一|山紫水明|巧言令色|摂理探究|文明開化|老練闊達|謀略家|質実剛健|雄材大略,,step116_9inen_dedup_max_total,23663,23663,step164_verified_normal9,知力,790
step116_9_方円_000003,STEP116_9INEN_DEDUP_MAX_TOTAL_RESULT,step106_9inen_full_780_dedup_by_hero_set_bond_set_max_total,方円,通常,9,今川義元|前田利家(雄材)|鍋島直茂(乱雲)|武田晴信|高台院|細川藤孝(立役),今川義元|前田利家(雄材)|鍋島直茂(乱雲)|武田晴信|高台院|細川藤孝(立役),謀略家|雄材大略|摂理探究|健康第一|老練闊達|質実剛健|文明開化|山紫水明|巧言令色,謀略家|雄材大略|摂理探究|健康第一|老練闊達|質実剛健|文明開化|山紫水明|巧言令色,15237,4808,136,206,0,790,344,530,554,546,512,ステータス計算済み,step116で9因縁780行を「陣形+配置英傑6人セット+発動因縁セット」で重複除外。同一組内は総合値最大の配置を代表として採用。,STEP116_SELECTED_MAX_TOTAL_FROM_STEP106_RECALCULATED_9INEN,step106で各陣形有効ラインから再計算済みの9因縁行を使用し、重複組では総合値最大の配置を残す,方円||通常||9||今川義元|前田利家(雄材)|武田晴信|細川藤孝(立役)|鍋島直茂(乱雲)|高台院||健康第一|山紫水明|巧言令色|摂理探究|文明開化|老練闊達|謀略家|質実剛健|雄材大略,,step116_9inen_dedup_max_total,23663,23663,step164_verified_normal9,知力,790
step116_9_方円_000008,STEP116_9INEN_DEDUP_MAX_TOTAL_RESULT,step106_9inen_full_780_dedup_by_hero_set_bond_set_max_total,方円,通常,9,片倉景綱(右腕)|武田晴信|高台院|細川藤孝(立役)|今川義元|前田利家,片倉景綱(右腕)|武田晴信|高台院|細川藤孝(立役)|今川義元|前田利家,健康第一|老練闊達|質実剛健|文明開化|山紫水明|巧言令色|謀略家|雄材大略|摂理探究,健康第一|老練闊達|質実剛健|文明開化|山紫水明|巧言令色|謀略家|雄材大略|摂理探究,15162,4802,141,206,0,790,344,535,552,559,512,ステータス計算済み,step116で9因縁780行を「陣形+配置英傑6人セット+発動因縁セット」で重複除外。同一組内は総合値最大の配置を代表として採用。,STEP116_SELECTED_MAX_TOTAL_FROM_STEP106_RECALCULATED_9INEN,step106で各陣形有効ラインから再計算済みの9因縁行を使用し、重複組では総合値最大の配置を残す,方円||通常||9||今川義元|前田利家|武田晴信|片倉景綱(右腕)|細川藤孝(立役)|高台院||健康第一|山紫水明|巧言令色|摂理探究|文明開化|老練闊達|謀略家|質実剛健|雄材大略,,step116_9inen_dedup_max_total,23603,23603,step164_verified_normal9,知力,790
step116_9_方円_000007,STEP116_9INEN_DEDUP_MAX_TOTAL_RESULT,step106_9inen_full_780_dedup_by_hero_set_bond_set_max_total,方円,通常,9,今川義元|前田利家(雄材)|片倉景綱(右腕)|武田晴信|高台院|細川藤孝(立役),今川義元|前田利家(雄材)|片倉景綱(右腕)|武田晴信|高台院|細川藤孝(立役),謀略家|雄材大略|摂理探究|健康第一|老練闊達|質実剛健|文明開化|山紫水明|巧言令色,謀略家|雄材大略|摂理探究|健康第一|老練闊達|質実剛健|文明開化|山紫水明|巧言令色,15162,4802,141,206,0,790,344,535,552,559,512,ステータス計算済み,step116で9因縁780行を「陣形+配置英傑6人セット+発動因縁セット」で重複除外。同一組内は総合値最大の配置を代表として採用。,STEP116_SELECTED_MAX_TOTAL_FROM_STEP106_RECALCULATED_9INEN,step106で各陣形有効ラインから再計算済みの9因縁行を使用し、重複組では総合値最大の配置を残す,方円||通常||9||今川義元|前田利家(雄材)|武田晴信|片倉景綱(右腕)|細川藤孝(立役)|高台院||健康第一|山紫水明|巧言令色|摂理探究|文明開化|老練闊達|謀略家|質実剛健|雄材大略,,step116_9inen_dedup_max_total,23603,23603,step164_verified_normal9,知力,790
step116_9_方円_000010,STEP116_9INEN_DEDUP_MAX_TOTAL_RESULT,step106_9inen_full_780_dedup_by_hero_set_bond_set_max_total,方円,通常,9,豊臣秀長|武田晴信|愛姫(起源)|細川藤孝(立役)|今川義元|前田利家,豊臣秀長|武田晴信|愛姫(起源)|細川藤孝(立役)|今川義元|前田利家,健康第一|老練闊達|質実剛健|文明開化|山紫水明|巧言令色|謀略家|雄材大略|摂理探究,健康第一|老練闊達|質実剛健|文明開化|山紫水明|巧言令色|謀略家|雄材大略|摂理探究,15036,4864,143,210,0,790,344,539,559,563,519,ステータス計算済み,step116で9因縁780行を「陣形+配置英傑6人セット+発動因縁セット」で重複除外。同一組内は総合値最大の配置を代表として採用。,STEP116_SELECTED_MAX_TOTAL_FROM_STEP106_RECALCULATED_9INEN,step106で各陣形有効ラインから再計算済みの9因縁行を使用し、重複組では総合値最大の配置を残す,方円||通常||9||今川義元|前田利家|愛姫(起源)|武田晴信|細川藤孝(立役)|豊臣秀長||健康第一|山紫水明|巧言令色|摂理探究|文明開化|老練闊達|謀略家|質実剛健|雄材大略,,step116_9inen_dedup_max_total,23567,23567,step164_verified_normal9,知力,790
step116_9_方円_000009,STEP116_9INEN_DEDUP_MAX_TOTAL_RESULT,step106_9inen_full_780_dedup_by_hero_set_bond_set_max_total,方円,通常,9,今川義元|前田利家(雄材)|豊臣秀長|武田晴信|愛姫(起源)|細川藤孝(立役),今川義元|前田利家(雄材)|豊臣秀長|武田晴信|愛姫(起源)|細川藤孝(立役),謀略家|雄材大略|摂理探究|健康第一|老練闊達|質実剛健|文明開化|山紫水明|巧言令色,謀略家|雄材大略|摂理探究|健康第一|老練闊達|質実剛健|文明開化|山紫水明|巧言令色,15036,4864,143,210,0,790,344,539,559,563,519,ステータス計算済み,step116で9因縁780行を「陣形+配置英傑6人セット+発動因縁セット」で重複除外。同一組内は総合値最大の配置を代表として採用。,STEP116_SELECTED_MAX_TOTAL_FROM_STEP106_RECALCULATED_9INEN,step106で各陣形有効ラインから再計算済みの9因縁行を使用し、重複組では総合値最大の配置を残す,方円||通常||9||今川義元|前田利家(雄材)|愛姫(起源)|武田晴信|細川藤孝(立役)|豊臣秀長||健康第一|山紫水明|巧言令色|摂理探究|文明開化|老練闊達|謀略家|質実剛健|雄材大略,,step116_9inen_dedup_max_total,23567,23567,step164_verified_normal9,知力,790
step116_9_方円_000018,STEP116_9INEN_DEDUP_MAX_TOTAL_RESULT,step106_9inen_full_780_dedup_by_hero_set_bond_set_max_total,方円,通常,9,丹羽長秀(風雲)|武田晴信|高台院|細川藤孝(立役)|今川義元|前田利家,丹羽長秀(風雲)|武田晴信|高台院|細川藤孝(立役)|今川義元|前田利家,健康第一|老練闊達|質実剛健|文明開化|山紫水明|巧言令色|謀略家|雄材大略|摂理探究,健康第一|老練闊達|質実剛健|文明開化|山紫水明|巧言令色|謀略家|雄材大略|摂理探究,14976,4813,120,206,0,787,344,520,566,564,498,ステータス計算済み,step116で9因縁780行を「陣形+配置英傑6人セット+発動因縁セット」で重複除外。同一組内は総合値最大の配置を代表として採用。,STEP116_SELECTED_MAX_TOTAL_FROM_STEP106_RECALCULATED_9INEN,step106で各陣形有効ラインから再計算済みの9因縁行を使用し、重複組では総合値最大の配置を残す,方円||通常||9||丹羽長秀(風雲)|今川義元|前田利家|武田晴信|細川藤孝(立役)|高台院||健康第一|山紫水明|巧言令色|摂理探究|文明開化|老練闊達|謀略家|質実剛健|雄材大略,,step116_9inen_dedup_max_total,23394,23394,step164_verified_normal9,知力,787
step116_9_方円_000017,STEP116_9INEN_DEDUP_MAX_TOTAL_RESULT,step106_9inen_full_780_dedup_by_hero_set_bond_set_max_total,方円,通常,9,今川義元|前田利家(雄材)|丹羽長秀(風雲)|武田晴信|高台院|細川藤孝(立役),今川義元|前田利家(雄材)|丹羽長秀(風雲)|武田晴信|高台院|細川藤孝(立役),謀略家|雄材大略|摂理探究|健康第一|老練闊達|質実剛健|文明開化|山紫水明|巧言令色,謀略家|雄材大略|摂理探究|健康第一|老練闊達|質実剛健|文明開化|山紫水明|巧言令色,14976,4813,120,206,0,787,344,520,566,564,498,ステータス計算済み,step116で9因縁780行を「陣形+配置英傑6人セット+発動因縁セット」で重複除外。同一組内は総合値最大の配置を代表として採用。,STEP116_SELECTED_MAX_TOTAL_FROM_STEP106_RECALCULATED_9INEN,step106で各陣形有効ラインから再計算済みの9因縁行を使用し、重複組では総合値最大の配置を残す,方円||通常||9||丹羽長秀(風雲)|今川義元|前田利家(雄材)|武田晴信|細川藤孝(立役)|高台院||健康第一|山紫水明|巧言令色|摂理探究|文明開化|老練闊達|謀略家|質実剛健|雄材大略,,step116_9inen_dedup_max_total,23394,23394,step164_verified_normal9,知力,787
step116_9_方円_000002,STEP116_9INEN_DEDUP_MAX_TOTAL_RESULT,step106_9inen_full_780_dedup_by_hero_set_bond_set_max_total,方円,通常,9,鍋島直茂(乱雲)|武田晴信|愛姫(起源)|細川藤孝(立役)|今川義元|前田利家,鍋島直茂(乱雲)|武田晴信|愛姫(起源)|細川藤孝(立役)|今川義元|前田利家,健康第一|老練闊達|質実剛健|文明開化|山紫水明|巧言令色|謀略家|雄材大略|摂理探究,健康第一|老練闊達|質実剛健|文明開化|山紫水明|巧言令色|謀略家|雄材大略|摂理探究,15234,4833,147,210,0,786,344,531,556,551,515,ステータス計算済み,step116で9因縁780行を「陣形+配置英傑6人セット+発動因縁セット」で重複除外。同一組内は総合値最大の配置を代表として採用。,STEP116_SELECTED_MAX_TOTAL_FROM_STEP106_RECALCULATED_9INEN,step106で各陣形有効ラインから再計算済みの9因縁行を使用し、重複組では総合値最大の配置を残す,方円||通常||9||今川義元|前田利家|愛姫(起源)|武田晴信|細川藤孝(立役)|鍋島直茂(乱雲)||健康第一|山紫水明|巧言令色|摂理探究|文明開化|老練闊達|謀略家|質実剛健|雄材大略,,step116_9inen_dedup_max_total,23707,23707,step164_verified_normal9,知力,786
step116_9_方円_000001,STEP116_9INEN_DEDUP_MAX_TOTAL_RESULT,step106_9inen_full_780_dedup_by_hero_set_bond_set_max_total,方円,通常,9,今川義元|前田利家(雄材)|鍋島直茂(乱雲)|武田晴信|愛姫(起源)|細川藤孝(立役),今川義元|前田利家(雄材)|鍋島直茂(乱雲)|武田晴信|愛姫(起源)|細川藤孝(立役),謀略家|雄材大略|摂理探究|健康第一|老練闊達|質実剛健|文明開化|山紫水明|巧言令色,謀略家|雄材大略|摂理探究|健康第一|老練闊達|質実剛健|文明開化|山紫水明|巧言令色,15234,4833,147,210,0,786,344,531,556,551,515,ステータス計算済み,step116で9因縁780行を「陣形+配置英傑6人セット+発動因縁セット」で重複除外。同一組内は総合値最大の配置を代表として採用。,STEP116_SELECTED_MAX_TOTAL_FROM_STEP106_RECALCULATED_9INEN,step106で各陣形有効ラインから再計算済みの9因縁行を使用し、重複組では総合値最大の配置を残す,方円||通常||9||今川義元|前田利家(雄材)|愛姫(起源)|武田晴信|細川藤孝(立役)|鍋島直茂(乱雲)||健康第一|山紫水明|巧言令色|摂理探究|文明開化|老練闊達|謀略家|質実剛健|雄材大略,,step116_9inen_dedup_max_total,23707,23707,step164_verified_normal9,知力,786
step116_9_方円_000006,STEP116_9INEN_DEDUP_MAX_TOTAL_RESULT,step106_9inen_full_780_dedup_by_hero_set_bond_set_max_total,方円,通常,9,片倉景綱(右腕)|武田晴信|愛姫(起源)|細川藤孝(立役)|今川義元|前田利家,片倉景綱(右腕)|武田晴信|愛姫(起源)|細川藤孝(立役)|今川義元|前田利家,健康第一|老練闊達|質実剛健|文明開化|山紫水明|巧言令色|謀略家|雄材大略|摂理探究,健康第一|老練闊達|質実剛健|文明開化|山紫水明|巧言令色|謀略家|雄材大略|摂理探究,15159,4827,152,210,0,786,344,536,554,564,515,ステータス計算済み,step116で9因縁780行を「陣形+配置英傑6人セット+発動因縁セット」で重複除外。同一組内は総合値最大の配置を代表として採用。,STEP116_SELECTED_MAX_TOTAL_FROM_STEP106_RECALCULATED_9INEN,step106で各陣形有効ラインから再計算済みの9因縁行を使用し、重複組では総合値最大の配置を残す,方円||通常||9||今川義元|前田利家|愛姫(起源)|武田晴信|片倉景綱(右腕)|細川藤孝(立役)||健康第一|山紫水明|巧言令色|摂理探究|文明開化|老練闊達|謀略家|質実剛健|雄材大略,,step116_9inen_dedup_max_total,23647,23647,step164_verified_normal9,知力,786
step116_9_方円_000005,STEP116_9INEN_DEDUP_MAX_TOTAL_RESULT,step106_9inen_full_780_dedup_by_hero_set_bond_set_max_total,方円,通常,9,今川義元|前田利家(雄材)|片倉景綱(右腕)|武田晴信|愛姫(起源)|細川藤孝(立役),今川義元|前田利家(雄材)|片倉景綱(右腕)|武田晴信|愛姫(起源)|細川藤孝(立役),謀略家|雄材大略|摂理探究|健康第一|老練闊達|質実剛健|文明開化|山紫水明|巧言令色,謀略家|雄材大略|摂理探究|健康第一|老練闊達|質実剛健|文明開化|山紫水明|巧言令色,15159,4827,152,210,0,786,344,536,554,564,515,ステータス計算済み,step116で9因縁780行を「陣形+配置英傑6人セット+発動因縁セット」で重複除外。同一組内は総合値最大の配置を代表として採用。,STEP116_SELECTED_MAX_TOTAL_FROM_STEP106_RECALCULATED_9INEN,step106で各陣形有効ラインから再計算済みの9因縁行を使用し、重複組では総合値最大の配置を残す,方円||通常||9||今川義元|前田利家(雄材)|愛姫(起源)|武田晴信|片倉景綱(右腕)|細川藤孝(立役)||健康第一|山紫水明|巧言令色|摂理探究|文明開化|老練闊達|謀略家|質実剛健|雄材大略,,step116_9inen_dedup_max_total,23647,23647,step164_verified_normal9,知力,786
step116_9_方円_000014,STEP116_9INEN_DEDUP_MAX_TOTAL_RESULT,step106_9inen_full_780_dedup_by_hero_set_bond_set_max_total,方円,通常,9,丹羽長秀(風雲)|武田晴信|愛姫(起源)|細川藤孝(立役)|今川義元|前田利家,丹羽長秀(風雲)|武田晴信|愛姫(起源)|細川藤孝(立役)|今川義元|前田利家,健康第一|老練闊達|質実剛健|文明開化|山紫水明|巧言令色|謀略家|雄材大略|摂理探究,健康第一|老練闊達|質実剛健|文明開化|山紫水明|巧言令色|謀略家|雄材大略|摂理探究,14973,4838,131,210,0,783,344,521,568,568,501,ステータス計算済み,step116で9因縁780行を「陣形+配置英傑6人セット+発動因縁セット」で重複除外。同一組内は総合値最大の配置を代表として採用。,STEP116_SELECTED_MAX_TOTAL_FROM_STEP106_RECALCULATED_9INEN,step106で各陣形有効ラインから再計算済みの9因縁行を使用し、重複組では総合値最大の配置を残す,方円||通常||9||丹羽長秀(風雲)|今川義元|前田利家|愛姫(起源)|武田晴信|細川藤孝(立役)||健康第一|山紫水明|巧言令色|摂理探究|文明開化|老練闊達|謀略家|質実剛健|雄材大略,,step116_9inen_dedup_max_total,23437,23437,step164_verified_normal9,知力,783
step116_9_方円_000013,STEP116_9INEN_DEDUP_MAX_TOTAL_RESULT,step106_9inen_full_780_dedup_by_hero_set_bond_set_max_total,方円,通常,9,今川義元|前田利家(雄材)|丹羽長秀(風雲)|武田晴信|愛姫(起源)|細川藤孝(立役),今川義元|前田利家(雄材)|丹羽長秀(風雲)|武田晴信|愛姫(起源)|細川藤孝(立役),謀略家|雄材大略|摂理探究|健康第一|老練闊達|質実剛健|文明開化|山紫水明|巧言令色,謀略家|雄材大略|摂理探究|健康第一|老練闊達|質実剛健|文明開化|山紫水明|巧言令色,14973,4838,131,210,0,783,344,521,568,568,501,ステータス計算済み,step116で9因縁780行を「陣形+配置英傑6人セット+発動因縁セット」で重複除外。同一組内は総合値最大の配置を代表として採用。,STEP116_SELECTED_MAX_TOTAL_FROM_STEP106_RECALCULATED_9INEN,step106で各陣形有効ラインから再計算済みの9因縁行を使用し、重複組では総合値最大の配置を残す,方円||通常||9||丹羽長秀(風雲)|今川義元|前田利家(雄材)|愛姫(起源)|武田晴信|細川藤孝(立役)||健康第一|山紫水明|巧言令色|摂理探究|文明開化|老練闊達|謀略家|質実剛健|雄材大略,,step116_9inen_dedup_max_total,23437,23437,step164_verified_normal9,知力,783
step116_9_方円_000047,STEP116_9INEN_DEDUP_MAX_TOTAL_RESULT,step106_9inen_full_780_dedup_by_hero_set_bond_set_max_total,方円,通常,9,豊臣秀長|北条氏照(剛柔)|金森長近|雑賀孫市(道化)|黒田長政|黒田官兵衛,豊臣秀長|北条氏照(剛柔)|金森長近|雑賀孫市(道化)|黒田長政|黒田官兵衛,文明開化|技巧伝承|知勇兼備|才腕の絆|硝煙弾雨|多芸多才|知将の絆|立役者|柔能制剛,文明開化|技巧伝承|知勇兼備|才腕の絆|硝煙弾雨|多芸多才|知将の絆|立役者|柔能制剛,11393,3272,147,112,631,777,343,562,643,581,554,ステータス計算済み,step116で9因縁780行を「陣形+配置英傑6人セット+発動因縁セット」で重複除外。同一組内は総合値最大の配置を代表として採用。,STEP116_SELECTED_MAX_TOTAL_FROM_STEP106_RECALCULATED_9INEN,step106で各陣形有効ラインから再計算済みの9因縁行を使用し、重複組では総合値最大の配置を残す,方円||通常||9||北条氏照(剛柔)|豊臣秀長|金森長近|雑賀孫市(道化)|黒田官兵衛|黒田長政||多芸多才|才腕の絆|技巧伝承|文明開化|柔能制剛|知勇兼備|知将の絆|硝煙弾雨|立役者,,step116_9inen_dedup_max_total,19015,19015,step164_verified_normal9,知力,777
step116_9_方円_000046,STEP116_9INEN_DEDUP_MAX_TOTAL_RESULT,step106_9inen_full_780_dedup_by_hero_set_bond_set_max_total,方円,通常,9,鍋島直茂(乱雲)|北条氏照(剛柔)|金森長近|雑賀孫市(道化)|黒田長政|黒田官兵衛,鍋島直茂(乱雲)|北条氏照(剛柔)|金森長近|雑賀孫市(道化)|黒田長政|黒田官兵衛,文明開化|技巧伝承|知勇兼備|才腕の絆|硝煙弾雨|多芸多才|知将の絆|立役者|柔能制剛,文明開化|技巧伝承|知勇兼備|才腕の絆|硝煙弾雨|多芸多才|知将の絆|立役者|柔能制剛,11606,3272,147,112,633,773,343,556,641,573,552,ステータス計算済み,step116で9因縁780行を「陣形+配置英傑6人セット+発動因縁セット」で重複除外。同一組内は総合値最大の配置を代表として採用。,STEP116_SELECTED_MAX_TOTAL_FROM_STEP106_RECALCULATED_9INEN,step106で各陣形有効ラインから再計算済みの9因縁行を使用し、重複組では総合値最大の配置を残す,方円||通常||9||北条氏照(剛柔)|金森長近|鍋島直茂(乱雲)|雑賀孫市(道化)|黒田官兵衛|黒田長政||多芸多才|才腕の絆|技巧伝承|文明開化|柔能制剛|知勇兼備|知将の絆|硝煙弾雨|立役者,,step116_9inen_dedup_max_total,19208,19208,step164_verified_normal9,知力,773
step116_9_方円_000051,STEP116_9INEN_DEDUP_MAX_TOTAL_RESULT,step106_9inen_full_780_dedup_by_hero_set_bond_set_max_total,方円,通常,9,豊臣秀長|北条氏照(剛柔)|金森長近|雑賀孫市(道化)|大久保忠世|黒田官兵衛,豊臣秀長|北条氏照(剛柔)|金森長近|雑賀孫市(道化)|大久保忠世|黒田官兵衛,文明開化|技巧伝承|知勇兼備|才腕の絆|硝煙弾雨|多芸多才|知将の絆|立役者|柔能制剛,文明開化|技巧伝承|知勇兼備|才腕の絆|硝煙弾雨|多芸多才|知将の絆|立役者|柔能制剛,11154,3232,143,108,626,764,336,530,612,545,525,ステータス計算済み,step116で9因縁780行を「陣形+配置英傑6人セット+発動因縁セット」で重複除外。同一組内は総合値最大の配置を代表として採用。,STEP116_SELECTED_MAX_TOTAL_FROM_STEP106_RECALCULATED_9INEN,step106で各陣形有効ラインから再計算済みの9因縁行を使用し、重複組では総合値最大の配置を残す,方円||通常||9||北条氏照(剛柔)|大久保忠世|豊臣秀長|金森長近|雑賀孫市(道化)|黒田官兵衛||多芸多才|才腕の絆|技巧伝承|文明開化|柔能制剛|知勇兼備|知将の絆|硝煙弾雨|立役者,,step116_9inen_dedup_max_total,18575,18575,step164_verified_normal9,知力,764
step116_9_方円_000049,STEP116_9INEN_DEDUP_MAX_TOTAL_RESULT,step106_9inen_full_780_dedup_by_hero_set_bond_set_max_total,方円,通常,9,鍋島直茂(乱雲)|北条氏照(剛柔)|金森長近|雑賀孫市(道化)|大久保忠世|黒田官兵衛,鍋島直茂(乱雲)|北条氏照(剛柔)|金森長近|雑賀孫市(道化)|大久保忠世|黒田官兵衛,文明開化|技巧伝承|知勇兼備|才腕の絆|硝煙弾雨|多芸多才|知将の絆|立役者|柔能制剛,文明開化|技巧伝承|知勇兼備|才腕の絆|硝煙弾雨|多芸多才|知将の絆|立役者|柔能制剛,11367,3232,143,108,628,760,336,524,610,536,523,ステータス計算済み,step116で9因縁780行を「陣形+配置英傑6人セット+発動因縁セット」で重複除外。同一組内は総合値最大の配置を代表として採用。,STEP116_SELECTED_MAX_TOTAL_FROM_STEP106_RECALCULATED_9INEN,step106で各陣形有効ラインから再計算済みの9因縁行を使用し、重複組では総合値最大の配置を残す,方円||通常||9||北条氏照(剛柔)|大久保忠世|金森長近|鍋島直茂(乱雲)|雑賀孫市(道化)|黒田官兵衛||多芸多才|才腕の絆|技巧伝承|文明開化|柔能制剛|知勇兼備|知将の絆|硝煙弾雨|立役者,,step116_9inen_dedup_max_total,18767,18767,step164_verified_normal9,知力,760
step116_9_方円_000023,STEP116_9INEN_DEDUP_MAX_TOTAL_RESULT,step106_9inen_full_780_dedup_by_hero_set_bond_set_max_total,方円,通常,9,酒井忠次(衣鉢)|伊奈忠次|ガラシャ(聖)|斎藤利三(神祇)|毛利隆元|豊臣秀吉,酒井忠次(衣鉢)|伊奈忠次|ガラシャ(聖)|斎藤利三(神祇)|毛利隆元|豊臣秀吉,召喚術の絆|摂理探究|世渡り上手の絆|才腕の絆|謀略家|柔能制剛|技巧伝承|天神地祇|雄材大略,召喚術の絆|摂理探究|世渡り上手の絆|才腕の絆|謀略家|柔能制剛|技巧伝承|天神地祇|雄材大略,15387,3129,37,51,359,664,423,655,664,696,634,ステータス計算済み,step116で9因縁780行を「陣形+配置英傑6人セット+発動因縁セット」で重複除外。同一組内は総合値最大の配置を代表として採用。,STEP116_SELECTED_MAX_TOTAL_FROM_STEP106_RECALCULATED_9INEN,step106で各陣形有効ラインから再計算済みの9因縁行を使用し、重複組では総合値最大の配置を残す,方円||通常||9||ガラシャ(聖)|伊奈忠次|斎藤利三(神祇)|毛利隆元|豊臣秀吉|酒井忠次(衣鉢)||世渡り上手の絆|召喚術の絆|天神地祇|才腕の絆|技巧伝承|摂理探究|柔能制剛|謀略家|雄材大略,,step116_9inen_dedup_max_total,22699,22699,step164_verified_normal9,知力,664
step116_9_方円_000022,STEP116_9INEN_DEDUP_MAX_TOTAL_RESULT,step106_9inen_full_780_dedup_by_hero_set_bond_set_max_total,方円,通常,9,酒井忠次(通)|伊奈忠次|ガラシャ(聖)|斎藤利三(神祇)|毛利隆元|豊臣秀吉,酒井忠次(通)|伊奈忠次|ガラシャ(聖)|斎藤利三(神祇)|毛利隆元|豊臣秀吉,召喚術の絆|摂理探究|世渡り上手の絆|才腕の絆|謀略家|柔能制剛|技巧伝承|天神地祇|雄材大略,召喚術の絆|摂理探究|世渡り上手の絆|才腕の絆|謀略家|柔能制剛|技巧伝承|天神地祇|雄材大略,15387,3129,37,51,359,664,423,655,664,696,634,ステータス計算済み,step116で9因縁780行を「陣形+配置英傑6人セット+発動因縁セット」で重複除外。同一組内は総合値最大の配置を代表として採用。,STEP116_SELECTED_MAX_TOTAL_FROM_STEP106_RECALCULATED_9INEN,step106で各陣形有効ラインから再計算済みの9因縁行を使用し、重複組では総合値最大の配置を残す,方円||通常||9||ガラシャ(聖)|伊奈忠次|斎藤利三(神祇)|毛利隆元|豊臣秀吉|酒井忠次(通)||世渡り上手の絆|召喚術の絆|天神地祇|才腕の絆|技巧伝承|摂理探究|柔能制剛|謀略家|雄材大略,,step116_9inen_dedup_max_total,22699,22699,step164_verified_normal9,知力,664
step116_9_方円_000027,STEP116_9INEN_DEDUP_MAX_TOTAL_RESULT,step106_9inen_full_780_dedup_by_hero_set_bond_set_max_total,方円,通常,9,酒井忠次(衣鉢)|伊奈忠次|サンチョ|斎藤利三(神祇)|毛利隆元|豊臣秀吉,酒井忠次(衣鉢)|伊奈忠次|サンチョ|斎藤利三(神祇)|毛利隆元|豊臣秀吉,召喚術の絆|摂理探究|世渡り上手の絆|才腕の絆|謀略家|柔能制剛|技巧伝承|天神地祇|雄材大略,召喚術の絆|摂理探究|世渡り上手の絆|才腕の絆|謀略家|柔能制剛|技巧伝承|天神地祇|雄材大略,14916,3129,28,40,359,635,423,607,610,631,578,ステータス計算済み,step116で9因縁780行を「陣形+配置英傑6人セット+発動因縁セット」で重複除外。同一組内は総合値最大の配置を代表として採用。,STEP116_SELECTED_MAX_TOTAL_FROM_STEP106_RECALCULATED_9INEN,step106で各陣形有効ラインから再計算済みの9因縁行を使用し、重複組では総合値最大の配置を残す,方円||通常||9||サンチョ|伊奈忠次|斎藤利三(神祇)|毛利隆元|豊臣秀吉|酒井忠次(衣鉢)||世渡り上手の絆|召喚術の絆|天神地祇|才腕の絆|技巧伝承|摂理探究|柔能制剛|謀略家|雄材大略,,step116_9inen_dedup_max_total,21956,21956,step164_verified_normal9,知力,635
step116_9_方円_000026,STEP116_9INEN_DEDUP_MAX_TOTAL_RESULT,step106_9inen_full_780_dedup_by_hero_set_bond_set_max_total,方円,通常,9,酒井忠次(通)|伊奈忠次|サンチョ|斎藤利三(神祇)|毛利隆元|豊臣秀吉,酒井忠次(通)|伊奈忠次|サンチョ|斎藤利三(神祇)|毛利隆元|豊臣秀吉,召喚術の絆|摂理探究|世渡り上手の絆|才腕の絆|謀略家|柔能制剛|技巧伝承|天神地祇|雄材大略,召喚術の絆|摂理探究|世渡り上手の絆|才腕の絆|謀略家|柔能制剛|技巧伝承|天神地祇|雄材大略,14916,3129,28,40,359,635,423,607,610,631,578,ステータス計算済み,step116で9因縁780行を「陣形+配置英傑6人セット+発動因縁セット」で重複除外。同一組内は総合値最大の配置を代表として採用。,STEP116_SELECTED_MAX_TOTAL_FROM_STEP106_RECALCULATED_9INEN,step106で各陣形有効ラインから再計算済みの9因縁行を使用し、重複組では総合値最大の配置を残す,方円||通常||9||サンチョ|伊奈忠次|斎藤利三(神祇)|毛利隆元|豊臣秀吉|酒井忠次(通)||世渡り上手の絆|召喚術の絆|天神地祇|才腕の絆|技巧伝承|摂理探究|柔能制剛|謀略家|雄材大略,,step116_9inen_dedup_max_total,21956,21956,step164_verified_normal9,知力,635
step116_9_方円_000030,STEP116_9INEN_DEDUP_MAX_TOTAL_RESULT,step106_9inen_full_780_dedup_by_hero_set_bond_set_max_total,方円,通常,9,細川藤孝(立役)|大内義隆|北条氏邦|出雲阿国(野望)|大祝鶴|魔女ルシア,細川藤孝(立役)|大内義隆|北条氏邦|出雲阿国(野望)|大祝鶴|魔女ルシア,流行創出|多芸多才|神主・巫女|女傑の絆|洒落者の絆|文化人の絆|文明開化|技巧伝承|山紫水明,流行創出|多芸多才|神主・巫女|女傑の絆|洒落者の絆|文化人の絆|文明開化|技巧伝承|山紫水明,13386,2828,227,40,348,443,684,850,893,818,874,ステータス計算済み,step116で9因縁780行を「陣形+配置英傑6人セット+発動因縁セット」で重複除外。同一組内は総合値最大の配置を代表として採用。,STEP116_SELECTED_MAX_TOTAL_FROM_STEP106_RECALCULATED_9INEN,step106で各陣形有効ラインから再計算済みの9因縁行を使用し、重複組では総合値最大の配置を残す,方円||通常||9||出雲阿国(野望)|北条氏邦|大内義隆|大祝鶴|細川藤孝(立役)|魔女ルシア||多芸多才|女傑の絆|山紫水明|技巧伝承|文化人の絆|文明開化|洒落者の絆|流行創出|神主・巫女,,step116_9inen_dedup_max_total,21391,21391,step164_verified_normal9,知力,443
step116_9_方円_000037,STEP116_9INEN_DEDUP_MAX_TOTAL_RESULT,step106_9inen_full_780_dedup_by_hero_set_bond_set_max_total,方円,通常,9,谷忠澄|柳生宗矩|島左近|出雲阿国(野望)|大祝鶴|魔女ルシア,谷忠澄|柳生宗矩|島左近|出雲阿国(野望)|大祝鶴|魔女ルシア,豪傑|流行創出|神主・巫女|女傑の絆|洒落者の絆|文明開化|技巧伝承|竜飛鳳舞|多芸多才,豪傑|流行創出|神主・巫女|女傑の絆|洒落者の絆|文明開化|技巧伝承|竜飛鳳舞|多芸多才,12761,2985,508,44,222,416,655,535,545,521,585,ステータス計算済み,step116で9因縁780行を「陣形+配置英傑6人セット+発動因縁セット」で重複除外。同一組内は総合値最大の配置を代表として採用。,STEP116_SELECTED_MAX_TOTAL_FROM_STEP106_RECALCULATED_9INEN,step106で各陣形有効ラインから再計算済みの9因縁行を使用し、重複組では総合値最大の配置を残す,方円||通常||9||出雲阿国(野望)|大祝鶴|島左近|柳生宗矩|谷忠澄|魔女ルシア||多芸多才|女傑の絆|技巧伝承|文明開化|洒落者の絆|流行創出|神主・巫女|竜飛鳳舞|豪傑,,step116_9inen_dedup_max_total,19777,19777,step164_verified_normal9,知力,416
step116_9_方円_000031,STEP116_9INEN_DEDUP_MAX_TOTAL_RESULT,step106_9inen_full_780_dedup_by_hero_set_bond_set_max_total,方円,通常,9,小松姫|長野業正|山中鹿之介|島左近|豊臣秀次|明智光秀(闇),小松姫|長野業正|山中鹿之介|島左近|豊臣秀次|明智光秀(闇),侍|根性の絆|もののふ|泰然自若|謀略家|流行創出|戦場の華|老練闊達|勇猛果敢,侍|根性の絆|もののふ|泰然自若|謀略家|流行創出|戦場の華|老練闊達|勇猛果敢,14515,2995,424,311,95,304,279,436,464,489,459,ステータス計算済み,step116で9因縁780行を「陣形+配置英傑6人セット+発動因縁セット」で重複除外。同一組内は総合値最大の配置を代表として採用。,STEP116_SELECTED_MAX_TOTAL_FROM_STEP106_RECALCULATED_9INEN,step106で各陣形有効ラインから再計算済みの9因縁行を使用し、重複組では総合値最大の配置を残す,方円||通常||9||小松姫|山中鹿之介|島左近|明智光秀(闇)|豊臣秀次|長野業正||もののふ|侍|勇猛果敢|戦場の華|根性の絆|泰然自若|流行創出|老練闊達|謀略家,,step116_9inen_dedup_max_total,20771,20771,step164_verified_normal9,知力,304
step116_9_方円_000032,STEP116_9INEN_DEDUP_MAX_TOTAL_RESULT,step106_9inen_full_780_dedup_by_hero_set_bond_set_max_total,方円,通常,9,小松姫|長野業正|山県昌景(泰然)|島左近|豊臣秀次|明智光秀(闇),小松姫|長野業正|山県昌景(泰然)|島左近|豊臣秀次|明智光秀(闇),侍|根性の絆|もののふ|泰然自若|謀略家|流行創出|戦場の華|老練闊達|勇猛果敢,侍|根性の絆|もののふ|泰然自若|謀略家|流行創出|戦場の華|老練闊達|勇猛果敢,14462,2975,422,311,95,304,272,444,471,486,465,ステータス計算済み,step116で9因縁780行を「陣形+配置英傑6人セット+発動因縁セット」で重複除外。同一組内は総合値最大の配置を代表として採用。,STEP116_SELECTED_MAX_TOTAL_FROM_STEP106_RECALCULATED_9INEN,step106で各陣形有効ラインから再計算済みの9因縁行を使用し、重複組では総合値最大の配置を残す,方円||通常||9||小松姫|山県昌景(泰然)|島左近|明智光秀(闇)|豊臣秀次|長野業正||もののふ|侍|勇猛果敢|戦場の華|根性の絆|泰然自若|流行創出|老練闊達|謀略家,,step116_9inen_dedup_max_total,20707,20707,step164_verified_normal9,知力,304
step116_9_方円_000055,STEP116_9INEN_DEDUP_MAX_TOTAL_RESULT,step106_9inen_full_780_dedup_by_hero_set_bond_set_max_total,方円,通常,9,谷忠澄|柳生宗矩|宮本武蔵(涼)|道場娘まり(和装)|井伊直虎|魔女ルシア,谷忠澄|柳生宗矩|宮本武蔵(涼)|道場娘まり(和装)|井伊直虎|魔女ルシア,侍|剣豪の絆|豪傑|女傑の絆|戦場の華|文明開化|技巧伝承|竜飛鳳舞|多芸多才,侍|剣豪の絆|豪傑|女傑の絆|戦場の華|文明開化|技巧伝承|竜飛鳳舞|多芸多才,13298,1346,790,72,340,289,652,171,168,161,194,ステータス計算済み,step116で9因縁780行を「陣形+配置英傑6人セット+発動因縁セット」で重複除外。同一組内は総合値最大の配置を代表として採用。,STEP116_SELECTED_MAX_TOTAL_FROM_STEP106_RECALCULATED_9INEN,step106で各陣形有効ラインから再計算済みの9因縁行を使用し、重複組では総合値最大の配置を残す,方円||通常||9||井伊直虎|宮本武蔵(涼)|柳生宗矩|谷忠澄|道場娘まり(和装)|魔女ルシア||侍|剣豪の絆|多芸多才|女傑の絆|戦場の華|技巧伝承|文明開化|竜飛鳳舞|豪傑,,step116_9inen_dedup_max_total,17481,17481,step164_verified_normal9,知力,289
step116_9_方円_000044,STEP116_9INEN_DEDUP_MAX_TOTAL_RESULT,step106_9inen_full_780_dedup_by_hero_set_bond_set_max_total,方円,通常,9,仙桃院|納涼忍お綾|堀秀政|柳生宗矩|宮本武蔵(涼)|道場娘まり(和装),仙桃院|納涼忍お綾|堀秀政|柳生宗矩|宮本武蔵(涼)|道場娘まり(和装),才腕の絆|文明開化|技巧伝承|多芸多才|侍|剣豪の絆|豪傑|女傑の絆|能鷹隠爪,才腕の絆|文明開化|技巧伝承|多芸多才|侍|剣豪の絆|豪傑|女傑の絆|能鷹隠爪,13904,1403,681,184,605,169,647,403,408,432,465,ステータス計算済み,step116で9因縁780行を「陣形+配置英傑6人セット+発動因縁セット」で重複除外。同一組内は総合値最大の配置を代表として採用。,STEP116_SELECTED_MAX_TOTAL_FROM_STEP106_RECALCULATED_9INEN,step106で各陣形有効ラインから再計算済みの9因縁行を使用し、重複組では総合値最大の配置を残す,方円||通常||9||仙桃院|堀秀政|宮本武蔵(涼)|柳生宗矩|納涼忍お綾|道場娘まり(和装)||侍|剣豪の絆|多芸多才|女傑の絆|才腕の絆|技巧伝承|文明開化|能鷹隠爪|豪傑,,step116_9inen_dedup_max_total,19301,19301,step164_verified_normal9,知力,169
step116_9_方円_000045,STEP116_9INEN_DEDUP_MAX_TOTAL_RESULT,step106_9inen_full_780_dedup_by_hero_set_bond_set_max_total,方円,通常,9,井伊直虎|納涼忍お綾|堀秀政|柳生宗矩|宮本武蔵(涼)|道場娘まり(和装),井伊直虎|納涼忍お綾|堀秀政|柳生宗矩|宮本武蔵(涼)|道場娘まり(和装),才腕の絆|文明開化|技巧伝承|多芸多才|侍|剣豪の絆|豪傑|女傑の絆|戦場の華,才腕の絆|文明開化|技巧伝承|多芸多才|侍|剣豪の絆|豪傑|女傑の絆|戦場の華,13928,1403,702,79,605,169,649,403,408,432,465,ステータス計算済み,step116で9因縁780行を「陣形+配置英傑6人セット+発動因縁セット」で重複除外。同一組内は総合値最大の配置を代表として採用。,STEP116_SELECTED_MAX_TOTAL_FROM_STEP106_RECALCULATED_9INEN,step106で各陣形有効ラインから再計算済みの9因縁行を使用し、重複組では総合値最大の配置を残す,方円||通常||9||井伊直虎|堀秀政|宮本武蔵(涼)|柳生宗矩|納涼忍お綾|道場娘まり(和装)||侍|剣豪の絆|多芸多才|女傑の絆|戦場の華|才腕の絆|技巧伝承|文明開化|豪傑,,step116_9inen_dedup_max_total,19243,19243,step164_verified_normal9,知力,169
step116_9_方円_000050,STEP116_9INEN_DEDUP_MAX_TOTAL_RESULT,step106_9inen_full_780_dedup_by_hero_set_bond_set_max_total,方円,通常,9,武田信玄(野望)|納涼忍お綾|堀秀政|柳生宗矩|宮本武蔵(涼)|道場娘まり(和装),武田信玄(野望)|納涼忍お綾|堀秀政|柳生宗矩|宮本武蔵(涼)|道場娘まり(和装),才腕の絆|文明開化|技巧伝承|多芸多才|侍|剣豪の絆|豪傑|戦場の華|能鷹隠爪,才腕の絆|文明開化|技巧伝承|多芸多才|侍|剣豪の絆|豪傑|戦場の華|能鷹隠爪,13504,1403,514,178,605,169,608,403,408,432,465,ステータス計算済み,step116で9因縁780行を「陣形+配置英傑6人セット+発動因縁セット」で重複除外。同一組内は総合値最大の配置を代表として採用。,STEP116_SELECTED_MAX_TOTAL_FROM_STEP106_RECALCULATED_9INEN,step106で各陣形有効ラインから再計算済みの9因縁行を使用し、重複組では総合値最大の配置を残す,方円||通常||9||堀秀政|宮本武蔵(涼)|柳生宗矩|武田信玄(野望)|納涼忍お綾|道場娘まり(和装)||侍|剣豪の絆|多芸多才|戦場の華|才腕の絆|技巧伝承|文明開化|能鷹隠爪|豪傑,,step116_9inen_dedup_max_total,18689,18689,step164_verified_normal9,知力,169
step116_9_方円_000052,STEP116_9INEN_DEDUP_MAX_TOTAL_RESULT,step106_9inen_full_780_dedup_by_hero_set_bond_set_max_total,方円,通常,9,仙桃院|納涼忍お綾|堀秀政|柳生宗矩|明智光秀(闇)|井伊直虎,仙桃院|納涼忍お綾|堀秀政|柳生宗矩|明智光秀(闇)|井伊直虎,才腕の絆|文明開化|技巧伝承|多芸多才|豪傑|勇猛果敢|女傑の絆|戦場の華|能鷹隠爪,才腕の絆|文明開化|技巧伝承|多芸多才|豪傑|勇猛果敢|女傑の絆|戦場の華|能鷹隠爪,13564,975,598,159,577,169,801,403,408,432,465,ステータス計算済み,step116で9因縁780行を「陣形+配置英傑6人セット+発動因縁セット」で重複除外。同一組内は総合値最大の配置を代表として採用。,STEP116_SELECTED_MAX_TOTAL_FROM_STEP106_RECALCULATED_9INEN,step106で各陣形有効ラインから再計算済みの9因縁行を使用し、重複組では総合値最大の配置を残す,方円||通常||9||井伊直虎|仙桃院|堀秀政|明智光秀(闇)|柳生宗矩|納涼忍お綾||勇猛果敢|多芸多才|女傑の絆|戦場の華|才腕の絆|技巧伝承|文明開化|能鷹隠爪|豪傑,,step116_9inen_dedup_max_total,18551,18551,step164_verified_normal9,知力,169
step116_9_方円_000053,STEP116_9INEN_DEDUP_MAX_TOTAL_RESULT,step106_9inen_full_780_dedup_by_hero_set_bond_set_max_total,方円,通常,9,仙桃院|納涼忍お綾|堀秀政|柳生宗矩|上杉謙信(野望)|井伊直虎,仙桃院|納涼忍お綾|堀秀政|柳生宗矩|上杉謙信(野望)|井伊直虎,才腕の絆|文明開化|技巧伝承|多芸多才|豪傑|勇猛果敢|女傑の絆|戦場の華|能鷹隠爪,才腕の絆|文明開化|技巧伝承|多芸多才|豪傑|勇猛果敢|女傑の絆|戦場の華|能鷹隠爪,13524,975,578,159,579,169,801,403,408,432,465,ステータス計算済み,step116で9因縁780行を「陣形+配置英傑6人セット+発動因縁セット」で重複除外。同一組内は総合値最大の配置を代表として採用。,STEP116_SELECTED_MAX_TOTAL_FROM_STEP106_RECALCULATED_9INEN,step106で各陣形有効ラインから再計算済みの9因縁行を使用し、重複組では総合値最大の配置を残す,方円||通常||9||上杉謙信(野望)|井伊直虎|仙桃院|堀秀政|柳生宗矩|納涼忍お綾||勇猛果敢|多芸多才|女傑の絆|戦場の華|才腕の絆|技巧伝承|文明開化|能鷹隠爪|豪傑,,step116_9inen_dedup_max_total,18493,18493,step164_verified_normal9,知力,169
step116_9_方円_000054,STEP116_9INEN_DEDUP_MAX_TOTAL_RESULT,step106_9inen_full_780_dedup_by_hero_set_bond_set_max_total,方円,通常,9,仙桃院|納涼忍お綾|堀秀政|柳生宗矩|原虎胤|井伊直虎,仙桃院|納涼忍お綾|堀秀政|柳生宗矩|原虎胤|井伊直虎,才腕の絆|文明開化|技巧伝承|多芸多才|豪傑|勇猛果敢|女傑の絆|戦場の華|能鷹隠爪,才腕の絆|文明開化|技巧伝承|多芸多才|豪傑|勇猛果敢|女傑の絆|戦場の華|能鷹隠爪,13052,975,528,159,557,169,801,403,408,432,465,ステータス計算済み,step116で9因縁780行を「陣形+配置英傑6人セット+発動因縁セット」で重複除外。同一組内は総合値最大の配置を代表として採用。,STEP116_SELECTED_MAX_TOTAL_FROM_STEP106_RECALCULATED_9INEN,step106で各陣形有効ラインから再計算済みの9因縁行を使用し、重複組では総合値最大の配置を残す,方円||通常||9||井伊直虎|仙桃院|原虎胤|堀秀政|柳生宗矩|納涼忍お綾||勇猛果敢|多芸多才|女傑の絆|戦場の華|才腕の絆|技巧伝承|文明開化|能鷹隠爪|豪傑,,step116_9inen_dedup_max_total,17949,17949,step164_verified_normal9,知力,169
step116_9_方円_000021,STEP116_9INEN_DEDUP_MAX_TOTAL_RESULT,step106_9inen_full_780_dedup_by_hero_set_bond_set_max_total,方円,通常,9,長野業正|山中鹿之介|吉川元春|井伊直虎|宮本武蔵(涼)|島左近,長野業正|山中鹿之介|吉川元春|井伊直虎|宮本武蔵(涼)|島左近,猛将の絆|勇猛果敢|意気衝天|軍学の絆|豪傑|侍|根性の絆|もののふ|泰然自若,猛将の絆|勇猛果敢|意気衝天|軍学の絆|豪傑|侍|根性の絆|もののふ|泰然自若,16076,4022,733,374,175,163,224,231,238,267,244,ステータス計算済み,step116で9因縁780行を「陣形+配置英傑6人セット+発動因縁セット」で重複除外。同一組内は総合値最大の配置を代表として採用。,STEP116_SELECTED_MAX_TOTAL_FROM_STEP106_RECALCULATED_9INEN,step106で各陣形有効ラインから再計算済みの9因縁行を使用し、重複組では総合値最大の配置を残す,方円||通常||9||井伊直虎|吉川元春|宮本武蔵(涼)|山中鹿之介|島左近|長野業正||もののふ|侍|勇猛果敢|意気衝天|根性の絆|泰然自若|猛将の絆|豪傑|軍学の絆,,step116_9inen_dedup_max_total,22747,22747,step164_verified_normal9,知力,163
step116_9_方円_000024,STEP116_9INEN_DEDUP_MAX_TOTAL_RESULT,step106_9inen_full_780_dedup_by_hero_set_bond_set_max_total,方円,通常,9,吉川元春|山中鹿之介|長野業正|島左近|山県昌景|井伊直虎,吉川元春|山中鹿之介|長野業正|島左近|山県昌景|井伊直虎,侍|根性の絆|もののふ|泰然自若|軍学の絆|豪傑|猛将の絆|勇猛果敢|意気衝天,侍|根性の絆|もののふ|泰然自若|軍学の絆|豪傑|猛将の絆|勇猛果敢|意気衝天,15788,4022,710,367,175,158,216,231,238,267,244,ステータス計算済み,step116で9因縁780行を「陣形+配置英傑6人セット+発動因縁セット」で重複除外。同一組内は総合値最大の配置を代表として採用。,STEP116_SELECTED_MAX_TOTAL_FROM_STEP106_RECALCULATED_9INEN,step106で各陣形有効ラインから再計算済みの9因縁行を使用し、重複組では総合値最大の配置を残す,方円||通常||9||井伊直虎|吉川元春|山中鹿之介|山県昌景|島左近|長野業正||もののふ|侍|勇猛果敢|意気衝天|根性の絆|泰然自若|猛将の絆|豪傑|軍学の絆,,step116_9inen_dedup_max_total,22416,22416,step164_verified_normal9,知力,158
step116_9_方円_000025,STEP116_9INEN_DEDUP_MAX_TOTAL_RESULT,step106_9inen_full_780_dedup_by_hero_set_bond_set_max_total,方円,通常,9,長野業正|山中鹿之介|吉川元春|井伊直虎|柿崎景家|島左近,長野業正|山中鹿之介|吉川元春|井伊直虎|柿崎景家|島左近,猛将の絆|勇猛果敢|意気衝天|軍学の絆|豪傑|侍|根性の絆|もののふ|泰然自若,猛将の絆|勇猛果敢|意気衝天|軍学の絆|豪傑|侍|根性の絆|もののふ|泰然自若,15696,4022,713,366,175,158,216,231,238,267,244,ステータス計算済み,step116で9因縁780行を「陣形+配置英傑6人セット+発動因縁セット」で重複除外。同一組内は総合値最大の配置を代表として採用。,STEP116_SELECTED_MAX_TOTAL_FROM_STEP106_RECALCULATED_9INEN,step106で各陣形有効ラインから再計算済みの9因縁行を使用し、重複組では総合値最大の配置を残す,方円||通常||9||井伊直虎|吉川元春|山中鹿之介|島左近|柿崎景家|長野業正||もののふ|侍|勇猛果敢|意気衝天|根性の絆|泰然自若|猛将の絆|豪傑|軍学の絆,,step116_9inen_dedup_max_total,22326,22326,step164_verified_normal9,知力,158
step116_9_方円_000028,STEP116_9INEN_DEDUP_MAX_TOTAL_RESULT,step106_9inen_full_780_dedup_by_hero_set_bond_set_max_total,方円,通常,9,小松姫|長野業正|山中鹿之介|島左近|細川忠興(山紫)|明智光秀(闇),小松姫|長野業正|山中鹿之介|島左近|細川忠興(山紫)|明智光秀(闇),侍|根性の絆|もののふ|泰然自若|鬼の絆|流行創出|戦場の華|老練闊達|勇猛果敢,侍|根性の絆|もののふ|泰然自若|鬼の絆|流行創出|戦場の華|老練闊達|勇猛果敢,14897,3081,608,445,95,150,279,463,503,520,491,ステータス計算済み,step116で9因縁780行を「陣形+配置英傑6人セット+発動因縁セット」で重複除外。同一組内は総合値最大の配置を代表として採用。,STEP116_SELECTED_MAX_TOTAL_FROM_STEP106_RECALCULATED_9INEN,step106で各陣形有効ラインから再計算済みの9因縁行を使用し、重複組では総合値最大の配置を残す,方円||通常||9||小松姫|山中鹿之介|島左近|明智光秀(闇)|細川忠興(山紫)|長野業正||もののふ|侍|勇猛果敢|戦場の華|根性の絆|泰然自若|流行創出|老練闊達|鬼の絆,,step116_9inen_dedup_max_total,21532,21532,step164_verified_normal9,知力,150
step116_9_方円_000029,STEP116_9INEN_DEDUP_MAX_TOTAL_RESULT,step106_9inen_full_780_dedup_by_hero_set_bond_set_max_total,方円,通常,9,小松姫|長野業正|山県昌景(泰然)|島左近|細川忠興(山紫)|明智光秀(闇),小松姫|長野業正|山県昌景(泰然)|島左近|細川忠興(山紫)|明智光秀(闇),侍|根性の絆|もののふ|泰然自若|鬼の絆|流行創出|戦場の華|老練闊達|勇猛果敢,侍|根性の絆|もののふ|泰然自若|鬼の絆|流行創出|戦場の華|老練闊達|勇猛果敢,14844,3061,606,445,95,150,272,470,511,517,497,ステータス計算済み,step116で9因縁780行を「陣形+配置英傑6人セット+発動因縁セット」で重複除外。同一組内は総合値最大の配置を代表として採用。,STEP116_SELECTED_MAX_TOTAL_FROM_STEP106_RECALCULATED_9INEN,step106で各陣形有効ラインから再計算済みの9因縁行を使用し、重複組では総合値最大の配置を残す,方円||通常||9||小松姫|山県昌景(泰然)|島左近|明智光秀(闇)|細川忠興(山紫)|長野業正||もののふ|侍|勇猛果敢|戦場の華|根性の絆|泰然自若|流行創出|老練闊達|鬼の絆,,step116_9inen_dedup_max_total,21468,21468,step164_verified_normal9,知力,150
step116_9_方円_000033,STEP116_9INEN_DEDUP_MAX_TOTAL_RESULT,step106_9inen_full_780_dedup_by_hero_set_bond_set_max_total,方円,通常,9,伊達政宗(起源)|山中鹿之介|島左近|長野業正|明智光秀(闇)|小松姫,伊達政宗(起源)|山中鹿之介|島左近|長野業正|明智光秀(闇)|小松姫,侍|根性の絆|もののふ|泰然自若|戦場の華|老練闊達|勇猛果敢|武芸の絆|意気衝天,侍|根性の絆|もののふ|泰然自若|戦場の華|老練闊達|勇猛果敢|武芸の絆|意気衝天,14439,3655,509,357,205,121,279,231,238,267,244,ステータス計算済み,step116で9因縁780行を「陣形+配置英傑6人セット+発動因縁セット」で重複除外。同一組内は総合値最大の配置を代表として採用。,STEP116_SELECTED_MAX_TOTAL_FROM_STEP106_RECALCULATED_9INEN,step106で各陣形有効ラインから再計算済みの9因縁行を使用し、重複組では総合値最大の配置を残す,方円||通常||9||伊達政宗(起源)|小松姫|山中鹿之介|島左近|明智光秀(闇)|長野業正||もののふ|侍|勇猛果敢|意気衝天|戦場の華|根性の絆|武芸の絆|泰然自若|老練闊達,,step116_9inen_dedup_max_total,20545,20545,step164_verified_normal9,知力,121
step116_9_方円_000034,STEP116_9INEN_DEDUP_MAX_TOTAL_RESULT,step106_9inen_full_780_dedup_by_hero_set_bond_set_max_total,方円,通常,9,伊達政宗(起源)|山県昌景(泰然)|島左近|長野業正|明智光秀(闇)|小松姫,伊達政宗(起源)|山県昌景(泰然)|島左近|長野業正|明智光秀(闇)|小松姫,侍|根性の絆|もののふ|泰然自若|戦場の華|老練闊達|勇猛果敢|武芸の絆|意気衝天,侍|根性の絆|もののふ|泰然自若|戦場の華|老練闊達|勇猛果敢|武芸の絆|意気衝天,14359,3561,506,357,201,121,272,238,246,264,249,ステータス計算済み,step116で9因縁780行を「陣形+配置英傑6人セット+発動因縁セット」で重複除外。同一組内は総合値最大の配置を代表として採用。,STEP116_SELECTED_MAX_TOTAL_FROM_STEP106_RECALCULATED_9INEN,step106で各陣形有効ラインから再計算済みの9因縁行を使用し、重複組では総合値最大の配置を残す,方円||通常||9||伊達政宗(起源)|小松姫|山県昌景(泰然)|島左近|明智光秀(闇)|長野業正||もののふ|侍|勇猛果敢|意気衝天|戦場の華|根性の絆|武芸の絆|泰然自若|老練闊達,,step116_9inen_dedup_max_total,20374,20374,step164_verified_normal9,知力,121
step116_9_方円_000038,STEP116_9INEN_DEDUP_MAX_TOTAL_RESULT,step106_9inen_full_780_dedup_by_hero_set_bond_set_max_total,方円,通常,9,十河一存|山中鹿之介|島左近|長野業正|明智光秀(闇)|小松姫,十河一存|山中鹿之介|島左近|長野業正|明智光秀(闇)|小松姫,侍|根性の絆|もののふ|泰然自若|戦場の華|老練闊達|勇猛果敢|武芸の絆|意気衝天,侍|根性の絆|もののふ|泰然自若|戦場の華|老練闊達|勇猛果敢|武芸の絆|意気衝天,13961,3406,499,350,189,106,279,231,238,267,244,ステータス計算済み,step116で9因縁780行を「陣形+配置英傑6人セット+発動因縁セット」で重複除外。同一組内は総合値最大の配置を代表として採用。,STEP116_SELECTED_MAX_TOTAL_FROM_STEP106_RECALCULATED_9INEN,step106で各陣形有効ラインから再計算済みの9因縁行を使用し、重複組では総合値最大の配置を残す,方円||通常||9||十河一存|小松姫|山中鹿之介|島左近|明智光秀(闇)|長野業正||もののふ|侍|勇猛果敢|意気衝天|戦場の華|根性の絆|武芸の絆|泰然自若|老練闊達,,step116_9inen_dedup_max_total,19770,19770,step164_verified_normal9,知力,106
step116_9_方円_000039,STEP116_9INEN_DEDUP_MAX_TOTAL_RESULT,step106_9inen_full_780_dedup_by_hero_set_bond_set_max_total,方円,通常,9,井伊直政|山中鹿之介|島左近|長野業正|明智光秀(闇)|小松姫,井伊直政|山中鹿之介|島左近|長野業正|明智光秀(闇)|小松姫,侍|根性の絆|もののふ|泰然自若|戦場の華|老練闊達|勇猛果敢|武芸の絆|意気衝天,侍|根性の絆|もののふ|泰然自若|戦場の華|老練闊達|勇猛果敢|武芸の絆|意気衝天,13961,3406,498,351,185,106,279,231,238,267,244,ステータス計算済み,step116で9因縁780行を「陣形+配置英傑6人セット+発動因縁セット」で重複除外。同一組内は総合値最大の配置を代表として採用。,STEP116_SELECTED_MAX_TOTAL_FROM_STEP106_RECALCULATED_9INEN,step106で各陣形有効ラインから再計算済みの9因縁行を使用し、重複組では総合値最大の配置を残す,方円||通常||9||井伊直政|小松姫|山中鹿之介|島左近|明智光秀(闇)|長野業正||もののふ|侍|勇猛果敢|意気衝天|戦場の華|根性の絆|武芸の絆|泰然自若|老練闊達,,step116_9inen_dedup_max_total,19766,19766,step164_verified_normal9,知力,106
step116_9_方円_000042,STEP116_9INEN_DEDUP_MAX_TOTAL_RESULT,step106_9inen_full_780_dedup_by_hero_set_bond_set_max_total,方円,通常,9,十河一存|山県昌景(泰然)|島左近|長野業正|明智光秀(闇)|小松姫,十河一存|山県昌景(泰然)|島左近|長野業正|明智光秀(闇)|小松姫,侍|根性の絆|もののふ|泰然自若|戦場の華|老練闊達|勇猛果敢|武芸の絆|意気衝天,侍|根性の絆|もののふ|泰然自若|戦場の華|老練闊達|勇猛果敢|武芸の絆|意気衝天,13882,3313,496,350,185,105,272,238,246,264,249,ステータス計算済み,step116で9因縁780行を「陣形+配置英傑6人セット+発動因縁セット」で重複除外。同一組内は総合値最大の配置を代表として採用。,STEP116_SELECTED_MAX_TOTAL_FROM_STEP106_RECALCULATED_9INEN,step106で各陣形有効ラインから再計算済みの9因縁行を使用し、重複組では総合値最大の配置を残す,方円||通常||9||十河一存|小松姫|山県昌景(泰然)|島左近|明智光秀(闇)|長野業正||もののふ|侍|勇猛果敢|意気衝天|戦場の華|根性の絆|武芸の絆|泰然自若|老練闊達,,step116_9inen_dedup_max_total,19600,19600,step164_verified_normal9,知力,105
step116_9_方円_000043,STEP116_9INEN_DEDUP_MAX_TOTAL_RESULT,step106_9inen_full_780_dedup_by_hero_set_bond_set_max_total,方円,通常,9,井伊直政|山県昌景(泰然)|島左近|長野業正|明智光秀(闇)|小松姫,井伊直政|山県昌景(泰然)|島左近|長野業正|明智光秀(闇)|小松姫,侍|根性の絆|もののふ|泰然自若|戦場の華|老練闊達|勇猛果敢|武芸の絆|意気衝天,侍|根性の絆|もののふ|泰然自若|戦場の華|老練闊達|勇猛果敢|武芸の絆|意気衝天,13882,3313,495,351,181,105,272,238,246,264,249,ステータス計算済み,step116で9因縁780行を「陣形+配置英傑6人セット+発動因縁セット」で重複除外。同一組内は総合値最大の配置を代表として採用。,STEP116_SELECTED_MAX_TOTAL_FROM_STEP106_RECALCULATED_9INEN,step106で各陣形有効ラインから再計算済みの9因縁行を使用し、重複組では総合値最大の配置を残す,方円||通常||9||井伊直政|小松姫|山県昌景(泰然)|島左近|明智光秀(闇)|長野業正||もののふ|侍|勇猛果敢|意気衝天|戦場の華|根性の絆|武芸の絆|泰然自若|老練闊達,,step116_9inen_dedup_max_total,19596,19596,step164_verified_normal9,知力,105
step116_9_方円_000052,STEP116_9INEN_DEDUP_MAX_TOTAL_RESULT,step106_9inen_full_780_dedup_by_hero_set_bond_set_max_total,方円,通常,9,仙桃院|納涼忍お綾|堀秀政|柳生宗矩|明智光秀(闇)|井伊直虎,仙桃院|納涼忍お綾|堀秀政|柳生宗矩|明智光秀(闇)|井伊直虎,才腕の絆|文明開化|技巧伝承|多芸多才|豪傑|勇猛果敢|女傑の絆|戦場の華|能鷹隠爪,才腕の絆|文明開化|技巧伝承|多芸多才|豪傑|勇猛果敢|女傑の絆|戦場の華|能鷹隠爪,13564,975,598,159,577,169,801,403,408,432,465,ステータス計算済み,step116で9因縁780行を「陣形+配置英傑6人セット+発動因縁セット」で重複除外。同一組内は総合値最大の配置を代表として採用。,STEP116_SELECTED_MAX_TOTAL_FROM_STEP106_RECALCULATED_9INEN,step106で各陣形有効ラインから再計算済みの9因縁行を使用し、重複組では総合値最大の配置を残す,方円||通常||9||井伊直虎|仙桃院|堀秀政|明智光秀(闇)|柳生宗矩|納涼忍お綾||勇猛果敢|多芸多才|女傑の絆|戦場の華|才腕の絆|技巧伝承|文明開化|能鷹隠爪|豪傑,,step116_9inen_dedup_max_total,18551,18551,step164_verified_normal9,魅力,801
step116_9_方円_000053,STEP116_9INEN_DEDUP_MAX_TOTAL_RESULT,step106_9inen_full_780_dedup_by_hero_set_bond_set_max_total,方円,通常,9,仙桃院|納涼忍お綾|堀秀政|柳生宗矩|上杉謙信(野望)|井伊直虎,仙桃院|納涼忍お綾|堀秀政|柳生宗矩|上杉謙信(野望)|井伊直虎,才腕の絆|文明開化|技巧伝承|多芸多才|豪傑|勇猛果敢|女傑の絆|戦場の華|能鷹隠爪,才腕の絆|文明開化|技巧伝承|多芸多才|豪傑|勇猛果敢|女傑の絆|戦場の華|能鷹隠爪,13524,975,578,159,579,169,801,403,408,432,465,ステータス計算済み,step116で9因縁780行を「陣形+配置英傑6人セット+発動因縁セット」で重複除外。同一組内は総合値最大の配置を代表として採用。,STEP116_SELECTED_MAX_TOTAL_FROM_STEP106_RECALCULATED_9INEN,step106で各陣形有効ラインから再計算済みの9因縁行を使用し、重複組では総合値最大の配置を残す,方円||通常||9||上杉謙信(野望)|井伊直虎|仙桃院|堀秀政|柳生宗矩|納涼忍お綾||勇猛果敢|多芸多才|女傑の絆|戦場の華|才腕の絆|技巧伝承|文明開化|能鷹隠爪|豪傑,,step116_9inen_dedup_max_total,18493,18493,step164_verified_normal9,魅力,801
step116_9_方円_000054,STEP116_9INEN_DEDUP_MAX_TOTAL_RESULT,step106_9inen_full_780_dedup_by_hero_set_bond_set_max_total,方円,通常,9,仙桃院|納涼忍お綾|堀秀政|柳生宗矩|原虎胤|井伊直虎,仙桃院|納涼忍お綾|堀秀政|柳生宗矩|原虎胤|井伊直虎,才腕の絆|文明開化|技巧伝承|多芸多才|豪傑|勇猛果敢|女傑の絆|戦場の華|能鷹隠爪,才腕の絆|文明開化|技巧伝承|多芸多才|豪傑|勇猛果敢|女傑の絆|戦場の華|能鷹隠爪,13052,975,528,159,557,169,801,403,408,432,465,ステータス計算済み,step116で9因縁780行を「陣形+配置英傑6人セット+発動因縁セット」で重複除外。同一組内は総合値最大の配置を代表として採用。,STEP116_SELECTED_MAX_TOTAL_FROM_STEP106_RECALCULATED_9INEN,step106で各陣形有効ラインから再計算済みの9因縁行を使用し、重複組では総合値最大の配置を残す,方円||通常||9||井伊直虎|仙桃院|原虎胤|堀秀政|柳生宗矩|納涼忍お綾||勇猛果敢|多芸多才|女傑の絆|戦場の華|才腕の絆|技巧伝承|文明開化|能鷹隠爪|豪傑,,step116_9inen_dedup_max_total,17949,17949,step164_verified_normal9,魅力,801
step116_9_方円_000030,STEP116_9INEN_DEDUP_MAX_TOTAL_RESULT,step106_9inen_full_780_dedup_by_hero_set_bond_set_max_total,方円,通常,9,細川藤孝(立役)|大内義隆|北条氏邦|出雲阿国(野望)|大祝鶴|魔女ルシア,細川藤孝(立役)|大内義隆|北条氏邦|出雲阿国(野望)|大祝鶴|魔女ルシア,流行創出|多芸多才|神主・巫女|女傑の絆|洒落者の絆|文化人の絆|文明開化|技巧伝承|山紫水明,流行創出|多芸多才|神主・巫女|女傑の絆|洒落者の絆|文化人の絆|文明開化|技巧伝承|山紫水明,13386,2828,227,40,348,443,684,850,893,818,874,ステータス計算済み,step116で9因縁780行を「陣形+配置英傑6人セット+発動因縁セット」で重複除外。同一組内は総合値最大の配置を代表として採用。,STEP116_SELECTED_MAX_TOTAL_FROM_STEP106_RECALCULATED_9INEN,step106で各陣形有効ラインから再計算済みの9因縁行を使用し、重複組では総合値最大の配置を残す,方円||通常||9||出雲阿国(野望)|北条氏邦|大内義隆|大祝鶴|細川藤孝(立役)|魔女ルシア||多芸多才|女傑の絆|山紫水明|技巧伝承|文化人の絆|文明開化|洒落者の絆|流行創出|神主・巫女,,step116_9inen_dedup_max_total,21391,21391,step164_verified_normal9,魅力,684
step116_9_方円_000037,STEP116_9INEN_DEDUP_MAX_TOTAL_RESULT,step106_9inen_full_780_dedup_by_hero_set_bond_set_max_total,方円,通常,9,谷忠澄|柳生宗矩|島左近|出雲阿国(野望)|大祝鶴|魔女ルシア,谷忠澄|柳生宗矩|島左近|出雲阿国(野望)|大祝鶴|魔女ルシア,豪傑|流行創出|神主・巫女|女傑の絆|洒落者の絆|文明開化|技巧伝承|竜飛鳳舞|多芸多才,豪傑|流行創出|神主・巫女|女傑の絆|洒落者の絆|文明開化|技巧伝承|竜飛鳳舞|多芸多才,12761,2985,508,44,222,416,655,535,545,521,585,ステータス計算済み,step116で9因縁780行を「陣形+配置英傑6人セット+発動因縁セット」で重複除外。同一組内は総合値最大の配置を代表として採用。,STEP116_SELECTED_MAX_TOTAL_FROM_STEP106_RECALCULATED_9INEN,step106で各陣形有効ラインから再計算済みの9因縁行を使用し、重複組では総合値最大の配置を残す,方円||通常||9||出雲阿国(野望)|大祝鶴|島左近|柳生宗矩|谷忠澄|魔女ルシア||多芸多才|女傑の絆|技巧伝承|文明開化|洒落者の絆|流行創出|神主・巫女|竜飛鳳舞|豪傑,,step116_9inen_dedup_max_total,19777,19777,step164_verified_normal9,魅力,655
step116_9_方円_000055,STEP116_9INEN_DEDUP_MAX_TOTAL_RESULT,step106_9inen_full_780_dedup_by_hero_set_bond_set_max_total,方円,通常,9,谷忠澄|柳生宗矩|宮本武蔵(涼)|道場娘まり(和装)|井伊直虎|魔女ルシア,谷忠澄|柳生宗矩|宮本武蔵(涼)|道場娘まり(和装)|井伊直虎|魔女ルシア,侍|剣豪の絆|豪傑|女傑の絆|戦場の華|文明開化|技巧伝承|竜飛鳳舞|多芸多才,侍|剣豪の絆|豪傑|女傑の絆|戦場の華|文明開化|技巧伝承|竜飛鳳舞|多芸多才,13298,1346,790,72,340,289,652,171,168,161,194,ステータス計算済み,step116で9因縁780行を「陣形+配置英傑6人セット+発動因縁セット」で重複除外。同一組内は総合値最大の配置を代表として採用。,STEP116_SELECTED_MAX_TOTAL_FROM_STEP106_RECALCULATED_9INEN,step106で各陣形有効ラインから再計算済みの9因縁行を使用し、重複組では総合値最大の配置を残す,方円||通常||9||井伊直虎|宮本武蔵(涼)|柳生宗矩|谷忠澄|道場娘まり(和装)|魔女ルシア||侍|剣豪の絆|多芸多才|女傑の絆|戦場の華|技巧伝承|文明開化|竜飛鳳舞|豪傑,,step116_9inen_dedup_max_total,17481,17481,step164_verified_normal9,魅力,652
step116_9_方円_000045,STEP116_9INEN_DEDUP_MAX_TOTAL_RESULT,step106_9inen_full_780_dedup_by_hero_set_bond_set_max_total,方円,通常,9,井伊直虎|納涼忍お綾|堀秀政|柳生宗矩|宮本武蔵(涼)|道場娘まり(和装),井伊直虎|納涼忍お綾|堀秀政|柳生宗矩|宮本武蔵(涼)|道場娘まり(和装),才腕の絆|文明開化|技巧伝承|多芸多才|侍|剣豪の絆|豪傑|女傑の絆|戦場の華,才腕の絆|文明開化|技巧伝承|多芸多才|侍|剣豪の絆|豪傑|女傑の絆|戦場の華,13928,1403,702,79,605,169,649,403,408,432,465,ステータス計算済み,step116で9因縁780行を「陣形+配置英傑6人セット+発動因縁セット」で重複除外。同一組内は総合値最大の配置を代表として採用。,STEP116_SELECTED_MAX_TOTAL_FROM_STEP106_RECALCULATED_9INEN,step106で各陣形有効ラインから再計算済みの9因縁行を使用し、重複組では総合値最大の配置を残す,方円||通常||9||井伊直虎|堀秀政|宮本武蔵(涼)|柳生宗矩|納涼忍お綾|道場娘まり(和装)||侍|剣豪の絆|多芸多才|女傑の絆|戦場の華|才腕の絆|技巧伝承|文明開化|豪傑,,step116_9inen_dedup_max_total,19243,19243,step164_verified_normal9,魅力,649
step116_9_方円_000044,STEP116_9INEN_DEDUP_MAX_TOTAL_RESULT,step106_9inen_full_780_dedup_by_hero_set_bond_set_max_total,方円,通常,9,仙桃院|納涼忍お綾|堀秀政|柳生宗矩|宮本武蔵(涼)|道場娘まり(和装),仙桃院|納涼忍お綾|堀秀政|柳生宗矩|宮本武蔵(涼)|道場娘まり(和装),才腕の絆|文明開化|技巧伝承|多芸多才|侍|剣豪の絆|豪傑|女傑の絆|能鷹隠爪,才腕の絆|文明開化|技巧伝承|多芸多才|侍|剣豪の絆|豪傑|女傑の絆|能鷹隠爪,13904,1403,681,184,605,169,647,403,408,432,465,ステータス計算済み,step116で9因縁780行を「陣形+配置英傑6人セット+発動因縁セット」で重複除外。同一組内は総合値最大の配置を代表として採用。,STEP116_SELECTED_MAX_TOTAL_FROM_STEP106_RECALCULATED_9INEN,step106で各陣形有効ラインから再計算済みの9因縁行を使用し、重複組では総合値最大の配置を残す,方円||通常||9||仙桃院|堀秀政|宮本武蔵(涼)|柳生宗矩|納涼忍お綾|道場娘まり(和装)||侍|剣豪の絆|多芸多才|女傑の絆|才腕の絆|技巧伝承|文明開化|能鷹隠爪|豪傑,,step116_9inen_dedup_max_total,19301,19301,step164_verified_normal9,魅力,647
step116_9_方円_000050,STEP116_9INEN_DEDUP_MAX_TOTAL_RESULT,step106_9inen_full_780_dedup_by_hero_set_bond_set_max_total,方円,通常,9,武田信玄(野望)|納涼忍お綾|堀秀政|柳生宗矩|宮本武蔵(涼)|道場娘まり(和装),武田信玄(野望)|納涼忍お綾|堀秀政|柳生宗矩|宮本武蔵(涼)|道場娘まり(和装),才腕の絆|文明開化|技巧伝承|多芸多才|侍|剣豪の絆|豪傑|戦場の華|能鷹隠爪,才腕の絆|文明開化|技巧伝承|多芸多才|侍|剣豪の絆|豪傑|戦場の華|能鷹隠爪,13504,1403,514,178,605,169,608,403,408,432,465,ステータス計算済み,step116で9因縁780行を「陣形+配置英傑6人セット+発動因縁セット」で重複除外。同一組内は総合値最大の配置を代表として採用。,STEP116_SELECTED_MAX_TOTAL_FROM_STEP106_RECALCULATED_9INEN,step106で各陣形有効ラインから再計算済みの9因縁行を使用し、重複組では総合値最大の配置を残す,方円||通常||9||堀秀政|宮本武蔵(涼)|柳生宗矩|武田信玄(野望)|納涼忍お綾|道場娘まり(和装)||侍|剣豪の絆|多芸多才|戦場の華|才腕の絆|技巧伝承|文明開化|能鷹隠爪|豪傑,,step116_9inen_dedup_max_total,18689,18689,step164_verified_normal9,魅力,608
step116_9_方円_000023,STEP116_9INEN_DEDUP_MAX_TOTAL_RESULT,step106_9inen_full_780_dedup_by_hero_set_bond_set_max_total,方円,通常,9,酒井忠次(衣鉢)|伊奈忠次|ガラシャ(聖)|斎藤利三(神祇)|毛利隆元|豊臣秀吉,酒井忠次(衣鉢)|伊奈忠次|ガラシャ(聖)|斎藤利三(神祇)|毛利隆元|豊臣秀吉,召喚術の絆|摂理探究|世渡り上手の絆|才腕の絆|謀略家|柔能制剛|技巧伝承|天神地祇|雄材大略,召喚術の絆|摂理探究|世渡り上手の絆|才腕の絆|謀略家|柔能制剛|技巧伝承|天神地祇|雄材大略,15387,3129,37,51,359,664,423,655,664,696,634,ステータス計算済み,step116で9因縁780行を「陣形+配置英傑6人セット+発動因縁セット」で重複除外。同一組内は総合値最大の配置を代表として採用。,STEP116_SELECTED_MAX_TOTAL_FROM_STEP106_RECALCULATED_9INEN,step106で各陣形有効ラインから再計算済みの9因縁行を使用し、重複組では総合値最大の配置を残す,方円||通常||9||ガラシャ(聖)|伊奈忠次|斎藤利三(神祇)|毛利隆元|豊臣秀吉|酒井忠次(衣鉢)||世渡り上手の絆|召喚術の絆|天神地祇|才腕の絆|技巧伝承|摂理探究|柔能制剛|謀略家|雄材大略,,step116_9inen_dedup_max_total,22699,22699,step164_verified_normal9,魅力,423
step116_9_方円_000022,STEP116_9INEN_DEDUP_MAX_TOTAL_RESULT,step106_9inen_full_780_dedup_by_hero_set_bond_set_max_total,方円,通常,9,酒井忠次(通)|伊奈忠次|ガラシャ(聖)|斎藤利三(神祇)|毛利隆元|豊臣秀吉,酒井忠次(通)|伊奈忠次|ガラシャ(聖)|斎藤利三(神祇)|毛利隆元|豊臣秀吉,召喚術の絆|摂理探究|世渡り上手の絆|才腕の絆|謀略家|柔能制剛|技巧伝承|天神地祇|雄材大略,召喚術の絆|摂理探究|世渡り上手の絆|才腕の絆|謀略家|柔能制剛|技巧伝承|天神地祇|雄材大略,15387,3129,37,51,359,664,423,655,664,696,634,ステータス計算済み,step116で9因縁780行を「陣形+配置英傑6人セット+発動因縁セット」で重複除外。同一組内は総合値最大の配置を代表として採用。,STEP116_SELECTED_MAX_TOTAL_FROM_STEP106_RECALCULATED_9INEN,step106で各陣形有効ラインから再計算済みの9因縁行を使用し、重複組では総合値最大の配置を残す,方円||通常||9||ガラシャ(聖)|伊奈忠次|斎藤利三(神祇)|毛利隆元|豊臣秀吉|酒井忠次(通)||世渡り上手の絆|召喚術の絆|天神地祇|才腕の絆|技巧伝承|摂理探究|柔能制剛|謀略家|雄材大略,,step116_9inen_dedup_max_total,22699,22699,step164_verified_normal9,魅力,423
step116_9_方円_000027,STEP116_9INEN_DEDUP_MAX_TOTAL_RESULT,step106_9inen_full_780_dedup_by_hero_set_bond_set_max_total,方円,通常,9,酒井忠次(衣鉢)|伊奈忠次|サンチョ|斎藤利三(神祇)|毛利隆元|豊臣秀吉,酒井忠次(衣鉢)|伊奈忠次|サンチョ|斎藤利三(神祇)|毛利隆元|豊臣秀吉,召喚術の絆|摂理探究|世渡り上手の絆|才腕の絆|謀略家|柔能制剛|技巧伝承|天神地祇|雄材大略,召喚術の絆|摂理探究|世渡り上手の絆|才腕の絆|謀略家|柔能制剛|技巧伝承|天神地祇|雄材大略,14916,3129,28,40,359,635,423,607,610,631,578,ステータス計算済み,step116で9因縁780行を「陣形+配置英傑6人セット+発動因縁セット」で重複除外。同一組内は総合値最大の配置を代表として採用。,STEP116_SELECTED_MAX_TOTAL_FROM_STEP106_RECALCULATED_9INEN,step106で各陣形有効ラインから再計算済みの9因縁行を使用し、重複組では総合値最大の配置を残す,方円||通常||9||サンチョ|伊奈忠次|斎藤利三(神祇)|毛利隆元|豊臣秀吉|酒井忠次(衣鉢)||世渡り上手の絆|召喚術の絆|天神地祇|才腕の絆|技巧伝承|摂理探究|柔能制剛|謀略家|雄材大略,,step116_9inen_dedup_max_total,21956,21956,step164_verified_normal9,魅力,423
step116_9_方円_000026,STEP116_9INEN_DEDUP_MAX_TOTAL_RESULT,step106_9inen_full_780_dedup_by_hero_set_bond_set_max_total,方円,通常,9,酒井忠次(通)|伊奈忠次|サンチョ|斎藤利三(神祇)|毛利隆元|豊臣秀吉,酒井忠次(通)|伊奈忠次|サンチョ|斎藤利三(神祇)|毛利隆元|豊臣秀吉,召喚術の絆|摂理探究|世渡り上手の絆|才腕の絆|謀略家|柔能制剛|技巧伝承|天神地祇|雄材大略,召喚術の絆|摂理探究|世渡り上手の絆|才腕の絆|謀略家|柔能制剛|技巧伝承|天神地祇|雄材大略,14916,3129,28,40,359,635,423,607,610,631,578,ステータス計算済み,step116で9因縁780行を「陣形+配置英傑6人セット+発動因縁セット」で重複除外。同一組内は総合値最大の配置を代表として採用。,STEP116_SELECTED_MAX_TOTAL_FROM_STEP106_RECALCULATED_9INEN,step106で各陣形有効ラインから再計算済みの9因縁行を使用し、重複組では総合値最大の配置を残す,方円||通常||9||サンチョ|伊奈忠次|斎藤利三(神祇)|毛利隆元|豊臣秀吉|酒井忠次(通)||世渡り上手の絆|召喚術の絆|天神地祇|才腕の絆|技巧伝承|摂理探究|柔能制剛|謀略家|雄材大略,,step116_9inen_dedup_max_total,21956,21956,step164_verified_normal9,魅力,423
step116_9_方円_000048,STEP116_9INEN_DEDUP_MAX_TOTAL_RESULT,step106_9inen_full_780_dedup_by_hero_set_bond_set_max_total,方円,通常,9,佐竹義重|豊臣秀長|北条氏照(剛柔)|豊臣秀次|百地三太夫(野望)|斎藤道三(巳),佐竹義重|豊臣秀長|北条氏照(剛柔)|豊臣秀次|百地三太夫(野望)|斎藤道三(巳),知将の絆|立役者|技巧伝承|柔能制剛|謀略家|生殺与奪|侍|才腕の絆|知勇兼備,知将の絆|立役者|技巧伝承|柔能制剛|謀略家|生殺与奪|侍|才腕の絆|知勇兼備,13439,1428,148,90,470,950,392,509,499,509,503,ステータス計算済み,step116で9因縁780行を「陣形+配置英傑6人セット+発動因縁セット」で重複除外。同一組内は総合値最大の配置を代表として採用。,STEP116_SELECTED_MAX_TOTAL_FROM_STEP106_RECALCULATED_9INEN,step106で各陣形有効ラインから再計算済みの9因縁行を使用し、重複組では総合値最大の配置を残す,方円||通常||9||佐竹義重|北条氏照(剛柔)|斎藤道三(巳)|百地三太夫(野望)|豊臣秀次|豊臣秀長||侍|才腕の絆|技巧伝承|柔能制剛|生殺与奪|知勇兼備|知将の絆|立役者|謀略家,,step116_9inen_dedup_max_total,18937,18937,step164_verified_normal9,魅力,392
step116_9_方円_000002,STEP116_9INEN_DEDUP_MAX_TOTAL_RESULT,step106_9inen_full_780_dedup_by_hero_set_bond_set_max_total,方円,通常,9,鍋島直茂(乱雲)|武田晴信|愛姫(起源)|細川藤孝(立役)|今川義元|前田利家,鍋島直茂(乱雲)|武田晴信|愛姫(起源)|細川藤孝(立役)|今川義元|前田利家,健康第一|老練闊達|質実剛健|文明開化|山紫水明|巧言令色|謀略家|雄材大略|摂理探究,健康第一|老練闊達|質実剛健|文明開化|山紫水明|巧言令色|謀略家|雄材大略|摂理探究,15234,4833,147,210,0,786,344,531,556,551,515,ステータス計算済み,step116で9因縁780行を「陣形+配置英傑6人セット+発動因縁セット」で重複除外。同一組内は総合値最大の配置を代表として採用。,STEP116_SELECTED_MAX_TOTAL_FROM_STEP106_RECALCULATED_9INEN,step106で各陣形有効ラインから再計算済みの9因縁行を使用し、重複組では総合値最大の配置を残す,方円||通常||9||今川義元|前田利家|愛姫(起源)|武田晴信|細川藤孝(立役)|鍋島直茂(乱雲)||健康第一|山紫水明|巧言令色|摂理探究|文明開化|老練闊達|謀略家|質実剛健|雄材大略,,step116_9inen_dedup_max_total,23707,23707,step164_verified_normal9,魅力,344
step116_9_方円_000001,STEP116_9INEN_DEDUP_MAX_TOTAL_RESULT,step106_9inen_full_780_dedup_by_hero_set_bond_set_max_total,方円,通常,9,今川義元|前田利家(雄材)|鍋島直茂(乱雲)|武田晴信|愛姫(起源)|細川藤孝(立役),今川義元|前田利家(雄材)|鍋島直茂(乱雲)|武田晴信|愛姫(起源)|細川藤孝(立役),謀略家|雄材大略|摂理探究|健康第一|老練闊達|質実剛健|文明開化|山紫水明|巧言令色,謀略家|雄材大略|摂理探究|健康第一|老練闊達|質実剛健|文明開化|山紫水明|巧言令色,15234,4833,147,210,0,786,344,531,556,551,515,ステータス計算済み,step116で9因縁780行を「陣形+配置英傑6人セット+発動因縁セット」で重複除外。同一組内は総合値最大の配置を代表として採用。,STEP116_SELECTED_MAX_TOTAL_FROM_STEP106_RECALCULATED_9INEN,step106で各陣形有効ラインから再計算済みの9因縁行を使用し、重複組では総合値最大の配置を残す,方円||通常||9||今川義元|前田利家(雄材)|愛姫(起源)|武田晴信|細川藤孝(立役)|鍋島直茂(乱雲)||健康第一|山紫水明|巧言令色|摂理探究|文明開化|老練闊達|謀略家|質実剛健|雄材大略,,step116_9inen_dedup_max_total,23707,23707,step164_verified_normal9,魅力,344
step116_9_方円_000004,STEP116_9INEN_DEDUP_MAX_TOTAL_RESULT,step106_9inen_full_780_dedup_by_hero_set_bond_set_max_total,方円,通常,9,鍋島直茂(乱雲)|武田晴信|高台院|細川藤孝(立役)|今川義元|前田利家,鍋島直茂(乱雲)|武田晴信|高台院|細川藤孝(立役)|今川義元|前田利家,健康第一|老練闊達|質実剛健|文明開化|山紫水明|巧言令色|謀略家|雄材大略|摂理探究,健康第一|老練闊達|質実剛健|文明開化|山紫水明|巧言令色|謀略家|雄材大略|摂理探究,15237,4808,136,206,0,790,344,530,554,546,512,ステータス計算済み,step116で9因縁780行を「陣形+配置英傑6人セット+発動因縁セット」で重複除外。同一組内は総合値最大の配置を代表として採用。,STEP116_SELECTED_MAX_TOTAL_FROM_STEP106_RECALCULATED_9INEN,step106で各陣形有効ラインから再計算済みの9因縁行を使用し、重複組では総合値最大の配置を残す,方円||通常||9||今川義元|前田利家|武田晴信|細川藤孝(立役)|鍋島直茂(乱雲)|高台院||健康第一|山紫水明|巧言令色|摂理探究|文明開化|老練闊達|謀略家|質実剛健|雄材大略,,step116_9inen_dedup_max_total,23663,23663,step164_verified_normal9,魅力,344
step116_9_方円_000003,STEP116_9INEN_DEDUP_MAX_TOTAL_RESULT,step106_9inen_full_780_dedup_by_hero_set_bond_set_max_total,方円,通常,9,今川義元|前田利家(雄材)|鍋島直茂(乱雲)|武田晴信|高台院|細川藤孝(立役),今川義元|前田利家(雄材)|鍋島直茂(乱雲)|武田晴信|高台院|細川藤孝(立役),謀略家|雄材大略|摂理探究|健康第一|老練闊達|質実剛健|文明開化|山紫水明|巧言令色,謀略家|雄材大略|摂理探究|健康第一|老練闊達|質実剛健|文明開化|山紫水明|巧言令色,15237,4808,136,206,0,790,344,530,554,546,512,ステータス計算済み,step116で9因縁780行を「陣形+配置英傑6人セット+発動因縁セット」で重複除外。同一組内は総合値最大の配置を代表として採用。,STEP116_SELECTED_MAX_TOTAL_FROM_STEP106_RECALCULATED_9INEN,step106で各陣形有効ラインから再計算済みの9因縁行を使用し、重複組では総合値最大の配置を残す,方円||通常||9||今川義元|前田利家(雄材)|武田晴信|細川藤孝(立役)|鍋島直茂(乱雲)|高台院||健康第一|山紫水明|巧言令色|摂理探究|文明開化|老練闊達|謀略家|質実剛健|雄材大略,,step116_9inen_dedup_max_total,23663,23663,step164_verified_normal9,魅力,344
step116_9_方円_000006,STEP116_9INEN_DEDUP_MAX_TOTAL_RESULT,step106_9inen_full_780_dedup_by_hero_set_bond_set_max_total,方円,通常,9,片倉景綱(右腕)|武田晴信|愛姫(起源)|細川藤孝(立役)|今川義元|前田利家,片倉景綱(右腕)|武田晴信|愛姫(起源)|細川藤孝(立役)|今川義元|前田利家,健康第一|老練闊達|質実剛健|文明開化|山紫水明|巧言令色|謀略家|雄材大略|摂理探究,健康第一|老練闊達|質実剛健|文明開化|山紫水明|巧言令色|謀略家|雄材大略|摂理探究,15159,4827,152,210,0,786,344,536,554,564,515,ステータス計算済み,step116で9因縁780行を「陣形+配置英傑6人セット+発動因縁セット」で重複除外。同一組内は総合値最大の配置を代表として採用。,STEP116_SELECTED_MAX_TOTAL_FROM_STEP106_RECALCULATED_9INEN,step106で各陣形有効ラインから再計算済みの9因縁行を使用し、重複組では総合値最大の配置を残す,方円||通常||9||今川義元|前田利家|愛姫(起源)|武田晴信|片倉景綱(右腕)|細川藤孝(立役)||健康第一|山紫水明|巧言令色|摂理探究|文明開化|老練闊達|謀略家|質実剛健|雄材大略,,step116_9inen_dedup_max_total,23647,23647,step164_verified_normal9,魅力,344
step116_9_方円_000005,STEP116_9INEN_DEDUP_MAX_TOTAL_RESULT,step106_9inen_full_780_dedup_by_hero_set_bond_set_max_total,方円,通常,9,今川義元|前田利家(雄材)|片倉景綱(右腕)|武田晴信|愛姫(起源)|細川藤孝(立役),今川義元|前田利家(雄材)|片倉景綱(右腕)|武田晴信|愛姫(起源)|細川藤孝(立役),謀略家|雄材大略|摂理探究|健康第一|老練闊達|質実剛健|文明開化|山紫水明|巧言令色,謀略家|雄材大略|摂理探究|健康第一|老練闊達|質実剛健|文明開化|山紫水明|巧言令色,15159,4827,152,210,0,786,344,536,554,564,515,ステータス計算済み,step116で9因縁780行を「陣形+配置英傑6人セット+発動因縁セット」で重複除外。同一組内は総合値最大の配置を代表として採用。,STEP116_SELECTED_MAX_TOTAL_FROM_STEP106_RECALCULATED_9INEN,step106で各陣形有効ラインから再計算済みの9因縁行を使用し、重複組では総合値最大の配置を残す,方円||通常||9||今川義元|前田利家(雄材)|愛姫(起源)|武田晴信|片倉景綱(右腕)|細川藤孝(立役)||健康第一|山紫水明|巧言令色|摂理探究|文明開化|老練闊達|謀略家|質実剛健|雄材大略,,step116_9inen_dedup_max_total,23647,23647,step164_verified_normal9,魅力,344
step116_9_方円_000008,STEP116_9INEN_DEDUP_MAX_TOTAL_RESULT,step106_9inen_full_780_dedup_by_hero_set_bond_set_max_total,方円,通常,9,片倉景綱(右腕)|武田晴信|高台院|細川藤孝(立役)|今川義元|前田利家,片倉景綱(右腕)|武田晴信|高台院|細川藤孝(立役)|今川義元|前田利家,健康第一|老練闊達|質実剛健|文明開化|山紫水明|巧言令色|謀略家|雄材大略|摂理探究,健康第一|老練闊達|質実剛健|文明開化|山紫水明|巧言令色|謀略家|雄材大略|摂理探究,15162,4802,141,206,0,790,344,535,552,559,512,ステータス計算済み,step116で9因縁780行を「陣形+配置英傑6人セット+発動因縁セット」で重複除外。同一組内は総合値最大の配置を代表として採用。,STEP116_SELECTED_MAX_TOTAL_FROM_STEP106_RECALCULATED_9INEN,step106で各陣形有効ラインから再計算済みの9因縁行を使用し、重複組では総合値最大の配置を残す,方円||通常||9||今川義元|前田利家|武田晴信|片倉景綱(右腕)|細川藤孝(立役)|高台院||健康第一|山紫水明|巧言令色|摂理探究|文明開化|老練闊達|謀略家|質実剛健|雄材大略,,step116_9inen_dedup_max_total,23603,23603,step164_verified_normal9,魅力,344
step116_9_方円_000007,STEP116_9INEN_DEDUP_MAX_TOTAL_RESULT,step106_9inen_full_780_dedup_by_hero_set_bond_set_max_total,方円,通常,9,今川義元|前田利家(雄材)|片倉景綱(右腕)|武田晴信|高台院|細川藤孝(立役),今川義元|前田利家(雄材)|片倉景綱(右腕)|武田晴信|高台院|細川藤孝(立役),謀略家|雄材大略|摂理探究|健康第一|老練闊達|質実剛健|文明開化|山紫水明|巧言令色,謀略家|雄材大略|摂理探究|健康第一|老練闊達|質実剛健|文明開化|山紫水明|巧言令色,15162,4802,141,206,0,790,344,535,552,559,512,ステータス計算済み,step116で9因縁780行を「陣形+配置英傑6人セット+発動因縁セット」で重複除外。同一組内は総合値最大の配置を代表として採用。,STEP116_SELECTED_MAX_TOTAL_FROM_STEP106_RECALCULATED_9INEN,step106で各陣形有効ラインから再計算済みの9因縁行を使用し、重複組では総合値最大の配置を残す,方円||通常||9||今川義元|前田利家(雄材)|武田晴信|片倉景綱(右腕)|細川藤孝(立役)|高台院||健康第一|山紫水明|巧言令色|摂理探究|文明開化|老練闊達|謀略家|質実剛健|雄材大略,,step116_9inen_dedup_max_total,23603,23603,step164_verified_normal9,魅力,344
step116_9_方円_000010,STEP116_9INEN_DEDUP_MAX_TOTAL_RESULT,step106_9inen_full_780_dedup_by_hero_set_bond_set_max_total,方円,通常,9,豊臣秀長|武田晴信|愛姫(起源)|細川藤孝(立役)|今川義元|前田利家,豊臣秀長|武田晴信|愛姫(起源)|細川藤孝(立役)|今川義元|前田利家,健康第一|老練闊達|質実剛健|文明開化|山紫水明|巧言令色|謀略家|雄材大略|摂理探究,健康第一|老練闊達|質実剛健|文明開化|山紫水明|巧言令色|謀略家|雄材大略|摂理探究,15036,4864,143,210,0,790,344,539,559,563,519,ステータス計算済み,step116で9因縁780行を「陣形+配置英傑6人セット+発動因縁セット」で重複除外。同一組内は総合値最大の配置を代表として採用。,STEP116_SELECTED_MAX_TOTAL_FROM_STEP106_RECALCULATED_9INEN,step106で各陣形有効ラインから再計算済みの9因縁行を使用し、重複組では総合値最大の配置を残す,方円||通常||9||今川義元|前田利家|愛姫(起源)|武田晴信|細川藤孝(立役)|豊臣秀長||健康第一|山紫水明|巧言令色|摂理探究|文明開化|老練闊達|謀略家|質実剛健|雄材大略,,step116_9inen_dedup_max_total,23567,23567,step164_verified_normal9,魅力,344
step116_9_方円_000009,STEP116_9INEN_DEDUP_MAX_TOTAL_RESULT,step106_9inen_full_780_dedup_by_hero_set_bond_set_max_total,方円,通常,9,今川義元|前田利家(雄材)|豊臣秀長|武田晴信|愛姫(起源)|細川藤孝(立役),今川義元|前田利家(雄材)|豊臣秀長|武田晴信|愛姫(起源)|細川藤孝(立役),謀略家|雄材大略|摂理探究|健康第一|老練闊達|質実剛健|文明開化|山紫水明|巧言令色,謀略家|雄材大略|摂理探究|健康第一|老練闊達|質実剛健|文明開化|山紫水明|巧言令色,15036,4864,143,210,0,790,344,539,559,563,519,ステータス計算済み,step116で9因縁780行を「陣形+配置英傑6人セット+発動因縁セット」で重複除外。同一組内は総合値最大の配置を代表として採用。,STEP116_SELECTED_MAX_TOTAL_FROM_STEP106_RECALCULATED_9INEN,step106で各陣形有効ラインから再計算済みの9因縁行を使用し、重複組では総合値最大の配置を残す,方円||通常||9||今川義元|前田利家(雄材)|愛姫(起源)|武田晴信|細川藤孝(立役)|豊臣秀長||健康第一|山紫水明|巧言令色|摂理探究|文明開化|老練闊達|謀略家|質実剛健|雄材大略,,step116_9inen_dedup_max_total,23567,23567,step164_verified_normal9,魅力,344
step116_9_方円_000012,STEP116_9INEN_DEDUP_MAX_TOTAL_RESULT,step106_9inen_full_780_dedup_by_hero_set_bond_set_max_total,方円,通常,9,豊臣秀長|武田晴信|高台院|細川藤孝(立役)|今川義元|前田利家,豊臣秀長|武田晴信|高台院|細川藤孝(立役)|今川義元|前田利家,健康第一|老練闊達|質実剛健|文明開化|山紫水明|巧言令色|謀略家|雄材大略|摂理探究,健康第一|老練闊達|質実剛健|文明開化|山紫水明|巧言令色|謀略家|雄材大略|摂理探究,15039,4838,132,206,0,795,344,537,557,558,515,ステータス計算済み,step116で9因縁780行を「陣形+配置英傑6人セット+発動因縁セット」で重複除外。同一組内は総合値最大の配置を代表として採用。,STEP116_SELECTED_MAX_TOTAL_FROM_STEP106_RECALCULATED_9INEN,step106で各陣形有効ラインから再計算済みの9因縁行を使用し、重複組では総合値最大の配置を残す,方円||通常||9||今川義元|前田利家|武田晴信|細川藤孝(立役)|豊臣秀長|高台院||健康第一|山紫水明|巧言令色|摂理探究|文明開化|老練闊達|謀略家|質実剛健|雄材大略,,step116_9inen_dedup_max_total,23521,23521,step164_verified_normal9,魅力,344
step116_9_方円_000011,STEP116_9INEN_DEDUP_MAX_TOTAL_RESULT,step106_9inen_full_780_dedup_by_hero_set_bond_set_max_total,方円,通常,9,今川義元|前田利家(雄材)|豊臣秀長|武田晴信|高台院|細川藤孝(立役),今川義元|前田利家(雄材)|豊臣秀長|武田晴信|高台院|細川藤孝(立役),謀略家|雄材大略|摂理探究|健康第一|老練闊達|質実剛健|文明開化|山紫水明|巧言令色,謀略家|雄材大略|摂理探究|健康第一|老練闊達|質実剛健|文明開化|山紫水明|巧言令色,15039,4838,132,206,0,795,344,537,557,558,515,ステータス計算済み,step116で9因縁780行を「陣形+配置英傑6人セット+発動因縁セット」で重複除外。同一組内は総合値最大の配置を代表として採用。,STEP116_SELECTED_MAX_TOTAL_FROM_STEP106_RECALCULATED_9INEN,step106で各陣形有効ラインから再計算済みの9因縁行を使用し、重複組では総合値最大の配置を残す,方円||通常||9||今川義元|前田利家(雄材)|武田晴信|細川藤孝(立役)|豊臣秀長|高台院||健康第一|山紫水明|巧言令色|摂理探究|文明開化|老練闊達|謀略家|質実剛健|雄材大略,,step116_9inen_dedup_max_total,23521,23521,step164_verified_normal9,魅力,344
step116_9_方円_000014,STEP116_9INEN_DEDUP_MAX_TOTAL_RESULT,step106_9inen_full_780_dedup_by_hero_set_bond_set_max_total,方円,通常,9,丹羽長秀(風雲)|武田晴信|愛姫(起源)|細川藤孝(立役)|今川義元|前田利家,丹羽長秀(風雲)|武田晴信|愛姫(起源)|細川藤孝(立役)|今川義元|前田利家,健康第一|老練闊達|質実剛健|文明開化|山紫水明|巧言令色|謀略家|雄材大略|摂理探究,健康第一|老練闊達|質実剛健|文明開化|山紫水明|巧言令色|謀略家|雄材大略|摂理探究,14973,4838,131,210,0,783,344,521,568,568,501,ステータス計算済み,step116で9因縁780行を「陣形+配置英傑6人セット+発動因縁セット」で重複除外。同一組内は総合値最大の配置を代表として採用。,STEP116_SELECTED_MAX_TOTAL_FROM_STEP106_RECALCULATED_9INEN,step106で各陣形有効ラインから再計算済みの9因縁行を使用し、重複組では総合値最大の配置を残す,方円||通常||9||丹羽長秀(風雲)|今川義元|前田利家|愛姫(起源)|武田晴信|細川藤孝(立役)||健康第一|山紫水明|巧言令色|摂理探究|文明開化|老練闊達|謀略家|質実剛健|雄材大略,,step116_9inen_dedup_max_total,23437,23437,step164_verified_normal9,魅力,344
step116_9_方円_000013,STEP116_9INEN_DEDUP_MAX_TOTAL_RESULT,step106_9inen_full_780_dedup_by_hero_set_bond_set_max_total,方円,通常,9,今川義元|前田利家(雄材)|丹羽長秀(風雲)|武田晴信|愛姫(起源)|細川藤孝(立役),今川義元|前田利家(雄材)|丹羽長秀(風雲)|武田晴信|愛姫(起源)|細川藤孝(立役),謀略家|雄材大略|摂理探究|健康第一|老練闊達|質実剛健|文明開化|山紫水明|巧言令色,謀略家|雄材大略|摂理探究|健康第一|老練闊達|質実剛健|文明開化|山紫水明|巧言令色,14973,4838,131,210,0,783,344,521,568,568,501,ステータス計算済み,step116で9因縁780行を「陣形+配置英傑6人セット+発動因縁セット」で重複除外。同一組内は総合値最大の配置を代表として採用。,STEP116_SELECTED_MAX_TOTAL_FROM_STEP106_RECALCULATED_9INEN,step106で各陣形有効ラインから再計算済みの9因縁行を使用し、重複組では総合値最大の配置を残す,方円||通常||9||丹羽長秀(風雲)|今川義元|前田利家(雄材)|愛姫(起源)|武田晴信|細川藤孝(立役)||健康第一|山紫水明|巧言令色|摂理探究|文明開化|老練闊達|謀略家|質実剛健|雄材大略,,step116_9inen_dedup_max_total,23437,23437,step164_verified_normal9,魅力,344
step116_9_方円_000016,STEP116_9INEN_DEDUP_MAX_TOTAL_RESULT,step106_9inen_full_780_dedup_by_hero_set_bond_set_max_total,方円,通常,9,竹中半兵衛(右腕)|武田晴信|愛姫(起源)|細川藤孝(立役)|今川義元|前田利家,竹中半兵衛(右腕)|武田晴信|愛姫(起源)|細川藤孝(立役)|今川義元|前田利家,健康第一|老練闊達|質実剛健|文明開化|山紫水明|巧言令色|謀略家|雄材大略|摂理探究,健康第一|老練闊達|質実剛健|文明開化|山紫水明|巧言令色|謀略家|雄材大略|摂理探究,14808,4896,136,210,0,792,344,552,573,573,532,ステータス計算済み,step116で9因縁780行を「陣形+配置英傑6人セット+発動因縁セット」で重複除外。同一組内は総合値最大の配置を代表として採用。,STEP116_SELECTED_MAX_TOTAL_FROM_STEP106_RECALCULATED_9INEN,step106で各陣形有効ラインから再計算済みの9因縁行を使用し、重複組では総合値最大の配置を残す,方円||通常||9||今川義元|前田利家|愛姫(起源)|武田晴信|竹中半兵衛(右腕)|細川藤孝(立役)||健康第一|山紫水明|巧言令色|摂理探究|文明開化|老練闊達|謀略家|質実剛健|雄材大略,,step116_9inen_dedup_max_total,23416,23416,step164_verified_normal9,魅力,344
step116_9_方円_000015,STEP116_9INEN_DEDUP_MAX_TOTAL_RESULT,step106_9inen_full_780_dedup_by_hero_set_bond_set_max_total,方円,通常,9,今川義元|前田利家(雄材)|竹中半兵衛(右腕)|武田晴信|愛姫(起源)|細川藤孝(立役),今川義元|前田利家(雄材)|竹中半兵衛(右腕)|武田晴信|愛姫(起源)|細川藤孝(立役),謀略家|雄材大略|摂理探究|健康第一|老練闊達|質実剛健|文明開化|山紫水明|巧言令色,謀略家|雄材大略|摂理探究|健康第一|老練闊達|質実剛健|文明開化|山紫水明|巧言令色,14808,4896,136,210,0,792,344,552,573,573,532,ステータス計算済み,step116で9因縁780行を「陣形+配置英傑6人セット+発動因縁セット」で重複除外。同一組内は総合値最大の配置を代表として採用。,STEP116_SELECTED_MAX_TOTAL_FROM_STEP106_RECALCULATED_9INEN,step106で各陣形有効ラインから再計算済みの9因縁行を使用し、重複組では総合値最大の配置を残す,方円||通常||9||今川義元|前田利家(雄材)|愛姫(起源)|武田晴信|竹中半兵衛(右腕)|細川藤孝(立役)||健康第一|山紫水明|巧言令色|摂理探究|文明開化|老練闊達|謀略家|質実剛健|雄材大略,,step116_9inen_dedup_max_total,23416,23416,step164_verified_normal9,魅力,344
step116_9_方円_000018,STEP116_9INEN_DEDUP_MAX_TOTAL_RESULT,step106_9inen_full_780_dedup_by_hero_set_bond_set_max_total,方円,通常,9,丹羽長秀(風雲)|武田晴信|高台院|細川藤孝(立役)|今川義元|前田利家,丹羽長秀(風雲)|武田晴信|高台院|細川藤孝(立役)|今川義元|前田利家,健康第一|老練闊達|質実剛健|文明開化|山紫水明|巧言令色|謀略家|雄材大略|摂理探究,健康第一|老練闊達|質実剛健|文明開化|山紫水明|巧言令色|謀略家|雄材大略|摂理探究,14976,4813,120,206,0,787,344,520,566,564,498,ステータス計算済み,step116で9因縁780行を「陣形+配置英傑6人セット+発動因縁セット」で重複除外。同一組内は総合値最大の配置を代表として採用。,STEP116_SELECTED_MAX_TOTAL_FROM_STEP106_RECALCULATED_9INEN,step106で各陣形有効ラインから再計算済みの9因縁行を使用し、重複組では総合値最大の配置を残す,方円||通常||9||丹羽長秀(風雲)|今川義元|前田利家|武田晴信|細川藤孝(立役)|高台院||健康第一|山紫水明|巧言令色|摂理探究|文明開化|老練闊達|謀略家|質実剛健|雄材大略,,step116_9inen_dedup_max_total,23394,23394,step164_verified_normal9,魅力,344
step116_9_方円_000017,STEP116_9INEN_DEDUP_MAX_TOTAL_RESULT,step106_9inen_full_780_dedup_by_hero_set_bond_set_max_total,方円,通常,9,今川義元|前田利家(雄材)|丹羽長秀(風雲)|武田晴信|高台院|細川藤孝(立役),今川義元|前田利家(雄材)|丹羽長秀(風雲)|武田晴信|高台院|細川藤孝(立役),謀略家|雄材大略|摂理探究|健康第一|老練闊達|質実剛健|文明開化|山紫水明|巧言令色,謀略家|雄材大略|摂理探究|健康第一|老練闊達|質実剛健|文明開化|山紫水明|巧言令色,14976,4813,120,206,0,787,344,520,566,564,498,ステータス計算済み,step116で9因縁780行を「陣形+配置英傑6人セット+発動因縁セット」で重複除外。同一組内は総合値最大の配置を代表として採用。,STEP116_SELECTED_MAX_TOTAL_FROM_STEP106_RECALCULATED_9INEN,step106で各陣形有効ラインから再計算済みの9因縁行を使用し、重複組では総合値最大の配置を残す,方円||通常||9||丹羽長秀(風雲)|今川義元|前田利家(雄材)|武田晴信|細川藤孝(立役)|高台院||健康第一|山紫水明|巧言令色|摂理探究|文明開化|老練闊達|謀略家|質実剛健|雄材大略,,step116_9inen_dedup_max_total,23394,23394,step164_verified_normal9,魅力,344
step116_9_方円_000020,STEP116_9INEN_DEDUP_MAX_TOTAL_RESULT,step106_9inen_full_780_dedup_by_hero_set_bond_set_max_total,方円,通常,9,竹中半兵衛(右腕)|武田晴信|高台院|細川藤孝(立役)|今川義元|前田利家,竹中半兵衛(右腕)|武田晴信|高台院|細川藤孝(立役)|今川義元|前田利家,健康第一|老練闊達|質実剛健|文明開化|山紫水明|巧言令色|謀略家|雄材大略|摂理探究,健康第一|老練闊達|質実剛健|文明開化|山紫水明|巧言令色|謀略家|雄材大略|摂理探究,14811,4870,125,206,0,796,344,551,570,568,529,ステータス計算済み,step116で9因縁780行を「陣形+配置英傑6人セット+発動因縁セット」で重複除外。同一組内は総合値最大の配置を代表として採用。,STEP116_SELECTED_MAX_TOTAL_FROM_STEP106_RECALCULATED_9INEN,step106で各陣形有効ラインから再計算済みの9因縁行を使用し、重複組では総合値最大の配置を残す,方円||通常||9||今川義元|前田利家|武田晴信|竹中半兵衛(右腕)|細川藤孝(立役)|高台院||健康第一|山紫水明|巧言令色|摂理探究|文明開化|老練闊達|謀略家|質実剛健|雄材大略,,step116_9inen_dedup_max_total,23370,23370,step164_verified_normal9,魅力,344
step116_9_方円_000019,STEP116_9INEN_DEDUP_MAX_TOTAL_RESULT,step106_9inen_full_780_dedup_by_hero_set_bond_set_max_total,方円,通常,9,今川義元|前田利家(雄材)|竹中半兵衛(右腕)|武田晴信|高台院|細川藤孝(立役),今川義元|前田利家(雄材)|竹中半兵衛(右腕)|武田晴信|高台院|細川藤孝(立役),謀略家|雄材大略|摂理探究|健康第一|老練闊達|質実剛健|文明開化|山紫水明|巧言令色,謀略家|雄材大略|摂理探究|健康第一|老練闊達|質実剛健|文明開化|山紫水明|巧言令色,14811,4870,125,206,0,796,344,551,570,568,529,ステータス計算済み,step116で9因縁780行を「陣形+配置英傑6人セット+発動因縁セット」で重複除外。同一組内は総合値最大の配置を代表として採用。,STEP116_SELECTED_MAX_TOTAL_FROM_STEP106_RECALCULATED_9INEN,step106で各陣形有効ラインから再計算済みの9因縁行を使用し、重複組では総合値最大の配置を残す,方円||通常||9||今川義元|前田利家(雄材)|武田晴信|竹中半兵衛(右腕)|細川藤孝(立役)|高台院||健康第一|山紫水明|巧言令色|摂理探究|文明開化|老練闊達|謀略家|質実剛健|雄材大略,,step116_9inen_dedup_max_total,23370,23370,step164_verified_normal9,魅力,344
step116_9_方円_000046,STEP116_9INEN_DEDUP_MAX_TOTAL_RESULT,step106_9inen_full_780_dedup_by_hero_set_bond_set_max_total,方円,通常,9,鍋島直茂(乱雲)|北条氏照(剛柔)|金森長近|雑賀孫市(道化)|黒田長政|黒田官兵衛,鍋島直茂(乱雲)|北条氏照(剛柔)|金森長近|雑賀孫市(道化)|黒田長政|黒田官兵衛,文明開化|技巧伝承|知勇兼備|才腕の絆|硝煙弾雨|多芸多才|知将の絆|立役者|柔能制剛,文明開化|技巧伝承|知勇兼備|才腕の絆|硝煙弾雨|多芸多才|知将の絆|立役者|柔能制剛,11606,3272,147,112,633,773,343,556,641,573,552,ステータス計算済み,step116で9因縁780行を「陣形+配置英傑6人セット+発動因縁セット」で重複除外。同一組内は総合値最大の配置を代表として採用。,STEP116_SELECTED_MAX_TOTAL_FROM_STEP106_RECALCULATED_9INEN,step106で各陣形有効ラインから再計算済みの9因縁行を使用し、重複組では総合値最大の配置を残す,方円||通常||9||北条氏照(剛柔)|金森長近|鍋島直茂(乱雲)|雑賀孫市(道化)|黒田官兵衛|黒田長政||多芸多才|才腕の絆|技巧伝承|文明開化|柔能制剛|知勇兼備|知将の絆|硝煙弾雨|立役者,,step116_9inen_dedup_max_total,19208,19208,step164_verified_normal9,魅力,343
step116_9_方円_000047,STEP116_9INEN_DEDUP_MAX_TOTAL_RESULT,step106_9inen_full_780_dedup_by_hero_set_bond_set_max_total,方円,通常,9,豊臣秀長|北条氏照(剛柔)|金森長近|雑賀孫市(道化)|黒田長政|黒田官兵衛,豊臣秀長|北条氏照(剛柔)|金森長近|雑賀孫市(道化)|黒田長政|黒田官兵衛,文明開化|技巧伝承|知勇兼備|才腕の絆|硝煙弾雨|多芸多才|知将の絆|立役者|柔能制剛,文明開化|技巧伝承|知勇兼備|才腕の絆|硝煙弾雨|多芸多才|知将の絆|立役者|柔能制剛,11393,3272,147,112,631,777,343,562,643,581,554,ステータス計算済み,step116で9因縁780行を「陣形+配置英傑6人セット+発動因縁セット」で重複除外。同一組内は総合値最大の配置を代表として採用。,STEP116_SELECTED_MAX_TOTAL_FROM_STEP106_RECALCULATED_9INEN,step106で各陣形有効ラインから再計算済みの9因縁行を使用し、重複組では総合値最大の配置を残す,方円||通常||9||北条氏照(剛柔)|豊臣秀長|金森長近|雑賀孫市(道化)|黒田官兵衛|黒田長政||多芸多才|才腕の絆|技巧伝承|文明開化|柔能制剛|知勇兼備|知将の絆|硝煙弾雨|立役者,,step116_9inen_dedup_max_total,19015,19015,step164_verified_normal9,魅力,343
step116_9_方円_000049,STEP116_9INEN_DEDUP_MAX_TOTAL_RESULT,step106_9inen_full_780_dedup_by_hero_set_bond_set_max_total,方円,通常,9,鍋島直茂(乱雲)|北条氏照(剛柔)|金森長近|雑賀孫市(道化)|大久保忠世|黒田官兵衛,鍋島直茂(乱雲)|北条氏照(剛柔)|金森長近|雑賀孫市(道化)|大久保忠世|黒田官兵衛,文明開化|技巧伝承|知勇兼備|才腕の絆|硝煙弾雨|多芸多才|知将の絆|立役者|柔能制剛,文明開化|技巧伝承|知勇兼備|才腕の絆|硝煙弾雨|多芸多才|知将の絆|立役者|柔能制剛,11367,3232,143,108,628,760,336,524,610,536,523,ステータス計算済み,step116で9因縁780行を「陣形+配置英傑6人セット+発動因縁セット」で重複除外。同一組内は総合値最大の配置を代表として採用。,STEP116_SELECTED_MAX_TOTAL_FROM_STEP106_RECALCULATED_9INEN,step106で各陣形有効ラインから再計算済みの9因縁行を使用し、重複組では総合値最大の配置を残す,方円||通常||9||北条氏照(剛柔)|大久保忠世|金森長近|鍋島直茂(乱雲)|雑賀孫市(道化)|黒田官兵衛||多芸多才|才腕の絆|技巧伝承|文明開化|柔能制剛|知勇兼備|知将の絆|硝煙弾雨|立役者,,step116_9inen_dedup_max_total,18767,18767,step164_verified_normal9,魅力,336
step116_9_方円_000051,STEP116_9INEN_DEDUP_MAX_TOTAL_RESULT,step106_9inen_full_780_dedup_by_hero_set_bond_set_max_total,方円,通常,9,豊臣秀長|北条氏照(剛柔)|金森長近|雑賀孫市(道化)|大久保忠世|黒田官兵衛,豊臣秀長|北条氏照(剛柔)|金森長近|雑賀孫市(道化)|大久保忠世|黒田官兵衛,文明開化|技巧伝承|知勇兼備|才腕の絆|硝煙弾雨|多芸多才|知将の絆|立役者|柔能制剛,文明開化|技巧伝承|知勇兼備|才腕の絆|硝煙弾雨|多芸多才|知将の絆|立役者|柔能制剛,11154,3232,143,108,626,764,336,530,612,545,525,ステータス計算済み,step116で9因縁780行を「陣形+配置英傑6人セット+発動因縁セット」で重複除外。同一組内は総合値最大の配置を代表として採用。,STEP116_SELECTED_MAX_TOTAL_FROM_STEP106_RECALCULATED_9INEN,step106で各陣形有効ラインから再計算済みの9因縁行を使用し、重複組では総合値最大の配置を残す,方円||通常||9||北条氏照(剛柔)|大久保忠世|豊臣秀長|金森長近|雑賀孫市(道化)|黒田官兵衛||多芸多才|才腕の絆|技巧伝承|文明開化|柔能制剛|知勇兼備|知将の絆|硝煙弾雨|立役者,,step116_9inen_dedup_max_total,18575,18575,step164_verified_normal9,魅力,336
step116_9_方円_000028,STEP116_9INEN_DEDUP_MAX_TOTAL_RESULT,step106_9inen_full_780_dedup_by_hero_set_bond_set_max_total,方円,通常,9,小松姫|長野業正|山中鹿之介|島左近|細川忠興(山紫)|明智光秀(闇),小松姫|長野業正|山中鹿之介|島左近|細川忠興(山紫)|明智光秀(闇),侍|根性の絆|もののふ|泰然自若|鬼の絆|流行創出|戦場の華|老練闊達|勇猛果敢,侍|根性の絆|もののふ|泰然自若|鬼の絆|流行創出|戦場の華|老練闊達|勇猛果敢,14897,3081,608,445,95,150,279,463,503,520,491,ステータス計算済み,step116で9因縁780行を「陣形+配置英傑6人セット+発動因縁セット」で重複除外。同一組内は総合値最大の配置を代表として採用。,STEP116_SELECTED_MAX_TOTAL_FROM_STEP106_RECALCULATED_9INEN,step106で各陣形有効ラインから再計算済みの9因縁行を使用し、重複組では総合値最大の配置を残す,方円||通常||9||小松姫|山中鹿之介|島左近|明智光秀(闇)|細川忠興(山紫)|長野業正||もののふ|侍|勇猛果敢|戦場の華|根性の絆|泰然自若|流行創出|老練闊達|鬼の絆,,step116_9inen_dedup_max_total,21532,21532,step164_verified_normal9,魅力,279
step116_9_方円_000031,STEP116_9INEN_DEDUP_MAX_TOTAL_RESULT,step106_9inen_full_780_dedup_by_hero_set_bond_set_max_total,方円,通常,9,小松姫|長野業正|山中鹿之介|島左近|豊臣秀次|明智光秀(闇),小松姫|長野業正|山中鹿之介|島左近|豊臣秀次|明智光秀(闇),侍|根性の絆|もののふ|泰然自若|謀略家|流行創出|戦場の華|老練闊達|勇猛果敢,侍|根性の絆|もののふ|泰然自若|謀略家|流行創出|戦場の華|老練闊達|勇猛果敢,14515,2995,424,311,95,304,279,436,464,489,459,ステータス計算済み,step116で9因縁780行を「陣形+配置英傑6人セット+発動因縁セット」で重複除外。同一組内は総合値最大の配置を代表として採用。,STEP116_SELECTED_MAX_TOTAL_FROM_STEP106_RECALCULATED_9INEN,step106で各陣形有効ラインから再計算済みの9因縁行を使用し、重複組では総合値最大の配置を残す,方円||通常||9||小松姫|山中鹿之介|島左近|明智光秀(闇)|豊臣秀次|長野業正||もののふ|侍|勇猛果敢|戦場の華|根性の絆|泰然自若|流行創出|老練闊達|謀略家,,step116_9inen_dedup_max_total,20771,20771,step164_verified_normal9,魅力,279
step116_9_方円_000033,STEP116_9INEN_DEDUP_MAX_TOTAL_RESULT,step106_9inen_full_780_dedup_by_hero_set_bond_set_max_total,方円,通常,9,伊達政宗(起源)|山中鹿之介|島左近|長野業正|明智光秀(闇)|小松姫,伊達政宗(起源)|山中鹿之介|島左近|長野業正|明智光秀(闇)|小松姫,侍|根性の絆|もののふ|泰然自若|戦場の華|老練闊達|勇猛果敢|武芸の絆|意気衝天,侍|根性の絆|もののふ|泰然自若|戦場の華|老練闊達|勇猛果敢|武芸の絆|意気衝天,14439,3655,509,357,205,121,279,231,238,267,244,ステータス計算済み,step116で9因縁780行を「陣形+配置英傑6人セット+発動因縁セット」で重複除外。同一組内は総合値最大の配置を代表として採用。,STEP116_SELECTED_MAX_TOTAL_FROM_STEP106_RECALCULATED_9INEN,step106で各陣形有効ラインから再計算済みの9因縁行を使用し、重複組では総合値最大の配置を残す,方円||通常||9||伊達政宗(起源)|小松姫|山中鹿之介|島左近|明智光秀(闇)|長野業正||もののふ|侍|勇猛果敢|意気衝天|戦場の華|根性の絆|武芸の絆|泰然自若|老練闊達,,step116_9inen_dedup_max_total,20545,20545,step164_verified_normal9,魅力,279
step116_9_方円_000038,STEP116_9INEN_DEDUP_MAX_TOTAL_RESULT,step106_9inen_full_780_dedup_by_hero_set_bond_set_max_total,方円,通常,9,十河一存|山中鹿之介|島左近|長野業正|明智光秀(闇)|小松姫,十河一存|山中鹿之介|島左近|長野業正|明智光秀(闇)|小松姫,侍|根性の絆|もののふ|泰然自若|戦場の華|老練闊達|勇猛果敢|武芸の絆|意気衝天,侍|根性の絆|もののふ|泰然自若|戦場の華|老練闊達|勇猛果敢|武芸の絆|意気衝天,13961,3406,499,350,189,106,279,231,238,267,244,ステータス計算済み,step116で9因縁780行を「陣形+配置英傑6人セット+発動因縁セット」で重複除外。同一組内は総合値最大の配置を代表として採用。,STEP116_SELECTED_MAX_TOTAL_FROM_STEP106_RECALCULATED_9INEN,step106で各陣形有効ラインから再計算済みの9因縁行を使用し、重複組では総合値最大の配置を残す,方円||通常||9||十河一存|小松姫|山中鹿之介|島左近|明智光秀(闇)|長野業正||もののふ|侍|勇猛果敢|意気衝天|戦場の華|根性の絆|武芸の絆|泰然自若|老練闊達,,step116_9inen_dedup_max_total,19770,19770,step164_verified_normal9,魅力,279
step116_9_方円_000039,STEP116_9INEN_DEDUP_MAX_TOTAL_RESULT,step106_9inen_full_780_dedup_by_hero_set_bond_set_max_total,方円,通常,9,井伊直政|山中鹿之介|島左近|長野業正|明智光秀(闇)|小松姫,井伊直政|山中鹿之介|島左近|長野業正|明智光秀(闇)|小松姫,侍|根性の絆|もののふ|泰然自若|戦場の華|老練闊達|勇猛果敢|武芸の絆|意気衝天,侍|根性の絆|もののふ|泰然自若|戦場の華|老練闊達|勇猛果敢|武芸の絆|意気衝天,13961,3406,498,351,185,106,279,231,238,267,244,ステータス計算済み,step116で9因縁780行を「陣形+配置英傑6人セット+発動因縁セット」で重複除外。同一組内は総合値最大の配置を代表として採用。,STEP116_SELECTED_MAX_TOTAL_FROM_STEP106_RECALCULATED_9INEN,step106で各陣形有効ラインから再計算済みの9因縁行を使用し、重複組では総合値最大の配置を残す,方円||通常||9||井伊直政|小松姫|山中鹿之介|島左近|明智光秀(闇)|長野業正||もののふ|侍|勇猛果敢|意気衝天|戦場の華|根性の絆|武芸の絆|泰然自若|老練闊達,,step116_9inen_dedup_max_total,19766,19766,step164_verified_normal9,魅力,279
step116_9_方円_000029,STEP116_9INEN_DEDUP_MAX_TOTAL_RESULT,step106_9inen_full_780_dedup_by_hero_set_bond_set_max_total,方円,通常,9,小松姫|長野業正|山県昌景(泰然)|島左近|細川忠興(山紫)|明智光秀(闇),小松姫|長野業正|山県昌景(泰然)|島左近|細川忠興(山紫)|明智光秀(闇),侍|根性の絆|もののふ|泰然自若|鬼の絆|流行創出|戦場の華|老練闊達|勇猛果敢,侍|根性の絆|もののふ|泰然自若|鬼の絆|流行創出|戦場の華|老練闊達|勇猛果敢,14844,3061,606,445,95,150,272,470,511,517,497,ステータス計算済み,step116で9因縁780行を「陣形+配置英傑6人セット+発動因縁セット」で重複除外。同一組内は総合値最大の配置を代表として採用。,STEP116_SELECTED_MAX_TOTAL_FROM_STEP106_RECALCULATED_9INEN,step106で各陣形有効ラインから再計算済みの9因縁行を使用し、重複組では総合値最大の配置を残す,方円||通常||9||小松姫|山県昌景(泰然)|島左近|明智光秀(闇)|細川忠興(山紫)|長野業正||もののふ|侍|勇猛果敢|戦場の華|根性の絆|泰然自若|流行創出|老練闊達|鬼の絆,,step116_9inen_dedup_max_total,21468,21468,step164_verified_normal9,魅力,272
step116_9_方円_000032,STEP116_9INEN_DEDUP_MAX_TOTAL_RESULT,step106_9inen_full_780_dedup_by_hero_set_bond_set_max_total,方円,通常,9,小松姫|長野業正|山県昌景(泰然)|島左近|豊臣秀次|明智光秀(闇),小松姫|長野業正|山県昌景(泰然)|島左近|豊臣秀次|明智光秀(闇),侍|根性の絆|もののふ|泰然自若|謀略家|流行創出|戦場の華|老練闊達|勇猛果敢,侍|根性の絆|もののふ|泰然自若|謀略家|流行創出|戦場の華|老練闊達|勇猛果敢,14462,2975,422,311,95,304,272,444,471,486,465,ステータス計算済み,step116で9因縁780行を「陣形+配置英傑6人セット+発動因縁セット」で重複除外。同一組内は総合値最大の配置を代表として採用。,STEP116_SELECTED_MAX_TOTAL_FROM_STEP106_RECALCULATED_9INEN,step106で各陣形有効ラインから再計算済みの9因縁行を使用し、重複組では総合値最大の配置を残す,方円||通常||9||小松姫|山県昌景(泰然)|島左近|明智光秀(闇)|豊臣秀次|長野業正||もののふ|侍|勇猛果敢|戦場の華|根性の絆|泰然自若|流行創出|老練闊達|謀略家,,step116_9inen_dedup_max_total,20707,20707,step164_verified_normal9,魅力,272
step116_9_方円_000034,STEP116_9INEN_DEDUP_MAX_TOTAL_RESULT,step106_9inen_full_780_dedup_by_hero_set_bond_set_max_total,方円,通常,9,伊達政宗(起源)|山県昌景(泰然)|島左近|長野業正|明智光秀(闇)|小松姫,伊達政宗(起源)|山県昌景(泰然)|島左近|長野業正|明智光秀(闇)|小松姫,侍|根性の絆|もののふ|泰然自若|戦場の華|老練闊達|勇猛果敢|武芸の絆|意気衝天,侍|根性の絆|もののふ|泰然自若|戦場の華|老練闊達|勇猛果敢|武芸の絆|意気衝天,14359,3561,506,357,201,121,272,238,246,264,249,ステータス計算済み,step116で9因縁780行を「陣形+配置英傑6人セット+発動因縁セット」で重複除外。同一組内は総合値最大の配置を代表として採用。,STEP116_SELECTED_MAX_TOTAL_FROM_STEP106_RECALCULATED_9INEN,step106で各陣形有効ラインから再計算済みの9因縁行を使用し、重複組では総合値最大の配置を残す,方円||通常||9||伊達政宗(起源)|小松姫|山県昌景(泰然)|島左近|明智光秀(闇)|長野業正||もののふ|侍|勇猛果敢|意気衝天|戦場の華|根性の絆|武芸の絆|泰然自若|老練闊達,,step116_9inen_dedup_max_total,20374,20374,step164_verified_normal9,魅力,272
step116_9_方円_000042,STEP116_9INEN_DEDUP_MAX_TOTAL_RESULT,step106_9inen_full_780_dedup_by_hero_set_bond_set_max_total,方円,通常,9,十河一存|山県昌景(泰然)|島左近|長野業正|明智光秀(闇)|小松姫,十河一存|山県昌景(泰然)|島左近|長野業正|明智光秀(闇)|小松姫,侍|根性の絆|もののふ|泰然自若|戦場の華|老練闊達|勇猛果敢|武芸の絆|意気衝天,侍|根性の絆|もののふ|泰然自若|戦場の華|老練闊達|勇猛果敢|武芸の絆|意気衝天,13882,3313,496,350,185,105,272,238,246,264,249,ステータス計算済み,step116で9因縁780行を「陣形+配置英傑6人セット+発動因縁セット」で重複除外。同一組内は総合値最大の配置を代表として採用。,STEP116_SELECTED_MAX_TOTAL_FROM_STEP106_RECALCULATED_9INEN,step106で各陣形有効ラインから再計算済みの9因縁行を使用し、重複組では総合値最大の配置を残す,方円||通常||9||十河一存|小松姫|山県昌景(泰然)|島左近|明智光秀(闇)|長野業正||もののふ|侍|勇猛果敢|意気衝天|戦場の華|根性の絆|武芸の絆|泰然自若|老練闊達,,step116_9inen_dedup_max_total,19600,19600,step164_verified_normal9,魅力,272
step116_9_方円_000043,STEP116_9INEN_DEDUP_MAX_TOTAL_RESULT,step106_9inen_full_780_dedup_by_hero_set_bond_set_max_total,方円,通常,9,井伊直政|山県昌景(泰然)|島左近|長野業正|明智光秀(闇)|小松姫,井伊直政|山県昌景(泰然)|島左近|長野業正|明智光秀(闇)|小松姫,侍|根性の絆|もののふ|泰然自若|戦場の華|老練闊達|勇猛果敢|武芸の絆|意気衝天,侍|根性の絆|もののふ|泰然自若|戦場の華|老練闊達|勇猛果敢|武芸の絆|意気衝天,13882,3313,495,351,181,105,272,238,246,264,249,ステータス計算済み,step116で9因縁780行を「陣形+配置英傑6人セット+発動因縁セット」で重複除外。同一組内は総合値最大の配置を代表として採用。,STEP116_SELECTED_MAX_TOTAL_FROM_STEP106_RECALCULATED_9INEN,step106で各陣形有効ラインから再計算済みの9因縁行を使用し、重複組では総合値最大の配置を残す,方円||通常||9||井伊直政|小松姫|山県昌景(泰然)|島左近|明智光秀(闇)|長野業正||もののふ|侍|勇猛果敢|意気衝天|戦場の華|根性の絆|武芸の絆|泰然自若|老練闊達,,step116_9inen_dedup_max_total,19596,19596,step164_verified_normal9,魅力,272
step116_9_方円_000021,STEP116_9INEN_DEDUP_MAX_TOTAL_RESULT,step106_9inen_full_780_dedup_by_hero_set_bond_set_max_total,方円,通常,9,長野業正|山中鹿之介|吉川元春|井伊直虎|宮本武蔵(涼)|島左近,長野業正|山中鹿之介|吉川元春|井伊直虎|宮本武蔵(涼)|島左近,猛将の絆|勇猛果敢|意気衝天|軍学の絆|豪傑|侍|根性の絆|もののふ|泰然自若,猛将の絆|勇猛果敢|意気衝天|軍学の絆|豪傑|侍|根性の絆|もののふ|泰然自若,16076,4022,733,374,175,163,224,231,238,267,244,ステータス計算済み,step116で9因縁780行を「陣形+配置英傑6人セット+発動因縁セット」で重複除外。同一組内は総合値最大の配置を代表として採用。,STEP116_SELECTED_MAX_TOTAL_FROM_STEP106_RECALCULATED_9INEN,step106で各陣形有効ラインから再計算済みの9因縁行を使用し、重複組では総合値最大の配置を残す,方円||通常||9||井伊直虎|吉川元春|宮本武蔵(涼)|山中鹿之介|島左近|長野業正||もののふ|侍|勇猛果敢|意気衝天|根性の絆|泰然自若|猛将の絆|豪傑|軍学の絆,,step116_9inen_dedup_max_total,22747,22747,step164_verified_normal9,魅力,224
step116_9_方円_000024,STEP116_9INEN_DEDUP_MAX_TOTAL_RESULT,step106_9inen_full_780_dedup_by_hero_set_bond_set_max_total,方円,通常,9,吉川元春|山中鹿之介|長野業正|島左近|山県昌景|井伊直虎,吉川元春|山中鹿之介|長野業正|島左近|山県昌景|井伊直虎,侍|根性の絆|もののふ|泰然自若|軍学の絆|豪傑|猛将の絆|勇猛果敢|意気衝天,侍|根性の絆|もののふ|泰然自若|軍学の絆|豪傑|猛将の絆|勇猛果敢|意気衝天,15788,4022,710,367,175,158,216,231,238,267,244,ステータス計算済み,step116で9因縁780行を「陣形+配置英傑6人セット+発動因縁セット」で重複除外。同一組内は総合値最大の配置を代表として採用。,STEP116_SELECTED_MAX_TOTAL_FROM_STEP106_RECALCULATED_9INEN,step106で各陣形有効ラインから再計算済みの9因縁行を使用し、重複組では総合値最大の配置を残す,方円||通常||9||井伊直虎|吉川元春|山中鹿之介|山県昌景|島左近|長野業正||もののふ|侍|勇猛果敢|意気衝天|根性の絆|泰然自若|猛将の絆|豪傑|軍学の絆,,step116_9inen_dedup_max_total,22416,22416,step164_verified_normal9,魅力,216
step116_9_方円_000025,STEP116_9INEN_DEDUP_MAX_TOTAL_RESULT,step106_9inen_full_780_dedup_by_hero_set_bond_set_max_total,方円,通常,9,長野業正|山中鹿之介|吉川元春|井伊直虎|柿崎景家|島左近,長野業正|山中鹿之介|吉川元春|井伊直虎|柿崎景家|島左近,猛将の絆|勇猛果敢|意気衝天|軍学の絆|豪傑|侍|根性の絆|もののふ|泰然自若,猛将の絆|勇猛果敢|意気衝天|軍学の絆|豪傑|侍|根性の絆|もののふ|泰然自若,15696,4022,713,366,175,158,216,231,238,267,244,ステータス計算済み,step116で9因縁780行を「陣形+配置英傑6人セット+発動因縁セット」で重複除外。同一組内は総合値最大の配置を代表として採用。,STEP116_SELECTED_MAX_TOTAL_FROM_STEP106_RECALCULATED_9INEN,step106で各陣形有効ラインから再計算済みの9因縁行を使用し、重複組では総合値最大の配置を残す,方円||通常||9||井伊直虎|吉川元春|山中鹿之介|島左近|柿崎景家|長野業正||もののふ|侍|勇猛果敢|意気衝天|根性の絆|泰然自若|猛将の絆|豪傑|軍学の絆,,step116_9inen_dedup_max_total,22326,22326,step164_verified_normal9,魅力,216
step116_9_方円_000036,STEP116_9INEN_DEDUP_MAX_TOTAL_RESULT,step106_9inen_full_780_dedup_by_hero_set_bond_set_max_total,方円,通常,9,武田晴信|豊臣秀長|北条氏照(剛柔)|豊臣秀次|細川藤孝(立役)|前田利家,武田晴信|豊臣秀長|北条氏照(剛柔)|豊臣秀次|細川藤孝(立役)|前田利家,知将の絆|立役者|技巧伝承|柔能制剛|文明開化|山紫水明|謀略家|雄材大略|摂理探究,知将の絆|立役者|技巧伝承|柔能制剛|文明開化|山紫水明|謀略家|雄材大略|摂理探究,14832,899,76,0,267,1174,173,705,680,724,679,ステータス計算済み,step116で9因縁780行を「陣形+配置英傑6人セット+発動因縁セット」で重複除外。同一組内は総合値最大の配置を代表として採用。,STEP116_SELECTED_MAX_TOTAL_FROM_STEP106_RECALCULATED_9INEN,step106で各陣形有効ラインから再計算済みの9因縁行を使用し、重複組では総合値最大の配置を残す,方円||通常||9||前田利家|北条氏照(剛柔)|武田晴信|細川藤孝(立役)|豊臣秀次|豊臣秀長||山紫水明|技巧伝承|摂理探究|文明開化|柔能制剛|知将の絆|立役者|謀略家|雄材大略,,step116_9inen_dedup_max_total,20209,20209,step164_verified_normal9,魅力,173
step116_9_方円_000035,STEP116_9INEN_DEDUP_MAX_TOTAL_RESULT,step106_9inen_full_780_dedup_by_hero_set_bond_set_max_total,方円,通常,9,北条氏照(剛柔)|豊臣秀長|武田晴信|前田利家(雄材)|細川藤孝(立役)|豊臣秀次,北条氏照(剛柔)|豊臣秀長|武田晴信|前田利家(雄材)|細川藤孝(立役)|豊臣秀次,謀略家|雄材大略|摂理探究|文明開化|山紫水明|知将の絆|立役者|技巧伝承|柔能制剛,謀略家|雄材大略|摂理探究|文明開化|山紫水明|知将の絆|立役者|技巧伝承|柔能制剛,14832,899,76,0,267,1174,173,705,680,724,679,ステータス計算済み,step116で9因縁780行を「陣形+配置英傑6人セット+発動因縁セット」で重複除外。同一組内は総合値最大の配置を代表として採用。,STEP116_SELECTED_MAX_TOTAL_FROM_STEP106_RECALCULATED_9INEN,step106で各陣形有効ラインから再計算済みの9因縁行を使用し、重複組では総合値最大の配置を残す,方円||通常||9||前田利家(雄材)|北条氏照(剛柔)|武田晴信|細川藤孝(立役)|豊臣秀次|豊臣秀長||山紫水明|技巧伝承|摂理探究|文明開化|柔能制剛|知将の絆|立役者|謀略家|雄材大略,,step116_9inen_dedup_max_total,20209,20209,step164_verified_normal9,魅力,173
step116_9_方円_000041,STEP116_9INEN_DEDUP_MAX_TOTAL_RESULT,step106_9inen_full_780_dedup_by_hero_set_bond_set_max_total,方円,通常,9,上杉憲政|豊臣秀長|北条氏照(剛柔)|豊臣秀次|細川藤孝(立役)|前田利家,上杉憲政|豊臣秀長|北条氏照(剛柔)|豊臣秀次|細川藤孝(立役)|前田利家,知将の絆|立役者|技巧伝承|柔能制剛|文明開化|山紫水明|謀略家|雄材大略|摂理探究,知将の絆|立役者|技巧伝承|柔能制剛|文明開化|山紫水明|謀略家|雄材大略|摂理探究,14490,861,79,0,267,1097,173,669,652,695,651,ステータス計算済み,step116で9因縁780行を「陣形+配置英傑6人セット+発動因縁セット」で重複除外。同一組内は総合値最大の配置を代表として採用。,STEP116_SELECTED_MAX_TOTAL_FROM_STEP106_RECALCULATED_9INEN,step106で各陣形有効ラインから再計算済みの9因縁行を使用し、重複組では総合値最大の配置を残す,方円||通常||9||上杉憲政|前田利家|北条氏照(剛柔)|細川藤孝(立役)|豊臣秀次|豊臣秀長||山紫水明|技巧伝承|摂理探究|文明開化|柔能制剛|知将の絆|立役者|謀略家|雄材大略,,step116_9inen_dedup_max_total,19634,19634,step164_verified_normal9,魅力,173
step116_9_方円_000040,STEP116_9INEN_DEDUP_MAX_TOTAL_RESULT,step106_9inen_full_780_dedup_by_hero_set_bond_set_max_total,方円,通常,9,北条氏照(剛柔)|豊臣秀長|上杉憲政|前田利家(雄材)|細川藤孝(立役)|豊臣秀次,北条氏照(剛柔)|豊臣秀長|上杉憲政|前田利家(雄材)|細川藤孝(立役)|豊臣秀次,謀略家|雄材大略|摂理探究|文明開化|山紫水明|知将の絆|立役者|技巧伝承|柔能制剛,謀略家|雄材大略|摂理探究|文明開化|山紫水明|知将の絆|立役者|技巧伝承|柔能制剛,14490,861,79,0,267,1097,173,669,652,695,651,ステータス計算済み,step116で9因縁780行を「陣形+配置英傑6人セット+発動因縁セット」で重複除外。同一組内は総合値最大の配置を代表として採用。,STEP116_SELECTED_MAX_TOTAL_FROM_STEP106_RECALCULATED_9INEN,step106で各陣形有効ラインから再計算済みの9因縁行を使用し、重複組では総合値最大の配置を残す,方円||通常||9||上杉憲政|前田利家(雄材)|北条氏照(剛柔)|細川藤孝(立役)|豊臣秀次|豊臣秀長||山紫水明|技巧伝承|摂理探究|文明開化|柔能制剛|知将の絆|立役者|謀略家|雄材大略,,step116_9inen_dedup_max_total,19634,19634,step164_verified_normal9,魅力,173
step116_9_方円_000030,STEP116_9INEN_DEDUP_MAX_TOTAL_RESULT,step106_9inen_full_780_dedup_by_hero_set_bond_set_max_total,方円,通常,9,細川藤孝(立役)|大内義隆|北条氏邦|出雲阿国(野望)|大祝鶴|魔女ルシア,細川藤孝(立役)|大内義隆|北条氏邦|出雲阿国(野望)|大祝鶴|魔女ルシア,流行創出|多芸多才|神主・巫女|女傑の絆|洒落者の絆|文化人の絆|文明開化|技巧伝承|山紫水明,流行創出|多芸多才|神主・巫女|女傑の絆|洒落者の絆|文化人の絆|文明開化|技巧伝承|山紫水明,13386,2828,227,40,348,443,684,850,893,818,874,ステータス計算済み,step116で9因縁780行を「陣形+配置英傑6人セット+発動因縁セット」で重複除外。同一組内は総合値最大の配置を代表として採用。,STEP116_SELECTED_MAX_TOTAL_FROM_STEP106_RECALCULATED_9INEN,step106で各陣形有効ラインから再計算済みの9因縁行を使用し、重複組では総合値最大の配置を残す,方円||通常||9||出雲阿国(野望)|北条氏邦|大内義隆|大祝鶴|細川藤孝(立役)|魔女ルシア||多芸多才|女傑の絆|山紫水明|技巧伝承|文化人の絆|文明開化|洒落者の絆|流行創出|神主・巫女,,step116_9inen_dedup_max_total,21391,21391,step164_verified_normal9,土属性,850
step116_9_方円_000036,STEP116_9INEN_DEDUP_MAX_TOTAL_RESULT,step106_9inen_full_780_dedup_by_hero_set_bond_set_max_total,方円,通常,9,武田晴信|豊臣秀長|北条氏照(剛柔)|豊臣秀次|細川藤孝(立役)|前田利家,武田晴信|豊臣秀長|北条氏照(剛柔)|豊臣秀次|細川藤孝(立役)|前田利家,知将の絆|立役者|技巧伝承|柔能制剛|文明開化|山紫水明|謀略家|雄材大略|摂理探究,知将の絆|立役者|技巧伝承|柔能制剛|文明開化|山紫水明|謀略家|雄材大略|摂理探究,14832,899,76,0,267,1174,173,705,680,724,679,ステータス計算済み,step116で9因縁780行を「陣形+配置英傑6人セット+発動因縁セット」で重複除外。同一組内は総合値最大の配置を代表として採用。,STEP116_SELECTED_MAX_TOTAL_FROM_STEP106_RECALCULATED_9INEN,step106で各陣形有効ラインから再計算済みの9因縁行を使用し、重複組では総合値最大の配置を残す,方円||通常||9||前田利家|北条氏照(剛柔)|武田晴信|細川藤孝(立役)|豊臣秀次|豊臣秀長||山紫水明|技巧伝承|摂理探究|文明開化|柔能制剛|知将の絆|立役者|謀略家|雄材大略,,step116_9inen_dedup_max_total,20209,20209,step164_verified_normal9,土属性,705
step116_9_方円_000035,STEP116_9INEN_DEDUP_MAX_TOTAL_RESULT,step106_9inen_full_780_dedup_by_hero_set_bond_set_max_total,方円,通常,9,北条氏照(剛柔)|豊臣秀長|武田晴信|前田利家(雄材)|細川藤孝(立役)|豊臣秀次,北条氏照(剛柔)|豊臣秀長|武田晴信|前田利家(雄材)|細川藤孝(立役)|豊臣秀次,謀略家|雄材大略|摂理探究|文明開化|山紫水明|知将の絆|立役者|技巧伝承|柔能制剛,謀略家|雄材大略|摂理探究|文明開化|山紫水明|知将の絆|立役者|技巧伝承|柔能制剛,14832,899,76,0,267,1174,173,705,680,724,679,ステータス計算済み,step116で9因縁780行を「陣形+配置英傑6人セット+発動因縁セット」で重複除外。同一組内は総合値最大の配置を代表として採用。,STEP116_SELECTED_MAX_TOTAL_FROM_STEP106_RECALCULATED_9INEN,step106で各陣形有効ラインから再計算済みの9因縁行を使用し、重複組では総合値最大の配置を残す,方円||通常||9||前田利家(雄材)|北条氏照(剛柔)|武田晴信|細川藤孝(立役)|豊臣秀次|豊臣秀長||山紫水明|技巧伝承|摂理探究|文明開化|柔能制剛|知将の絆|立役者|謀略家|雄材大略,,step116_9inen_dedup_max_total,20209,20209,step164_verified_normal9,土属性,705
step116_9_方円_000041,STEP116_9INEN_DEDUP_MAX_TOTAL_RESULT,step106_9inen_full_780_dedup_by_hero_set_bond_set_max_total,方円,通常,9,上杉憲政|豊臣秀長|北条氏照(剛柔)|豊臣秀次|細川藤孝(立役)|前田利家,上杉憲政|豊臣秀長|北条氏照(剛柔)|豊臣秀次|細川藤孝(立役)|前田利家,知将の絆|立役者|技巧伝承|柔能制剛|文明開化|山紫水明|謀略家|雄材大略|摂理探究,知将の絆|立役者|技巧伝承|柔能制剛|文明開化|山紫水明|謀略家|雄材大略|摂理探究,14490,861,79,0,267,1097,173,669,652,695,651,ステータス計算済み,step116で9因縁780行を「陣形+配置英傑6人セット+発動因縁セット」で重複除外。同一組内は総合値最大の配置を代表として採用。,STEP116_SELECTED_MAX_TOTAL_FROM_STEP106_RECALCULATED_9INEN,step106で各陣形有効ラインから再計算済みの9因縁行を使用し、重複組では総合値最大の配置を残す,方円||通常||9||上杉憲政|前田利家|北条氏照(剛柔)|細川藤孝(立役)|豊臣秀次|豊臣秀長||山紫水明|技巧伝承|摂理探究|文明開化|柔能制剛|知将の絆|立役者|謀略家|雄材大略,,step116_9inen_dedup_max_total,19634,19634,step164_verified_normal9,土属性,669
step116_9_方円_000040,STEP116_9INEN_DEDUP_MAX_TOTAL_RESULT,step106_9inen_full_780_dedup_by_hero_set_bond_set_max_total,方円,通常,9,北条氏照(剛柔)|豊臣秀長|上杉憲政|前田利家(雄材)|細川藤孝(立役)|豊臣秀次,北条氏照(剛柔)|豊臣秀長|上杉憲政|前田利家(雄材)|細川藤孝(立役)|豊臣秀次,謀略家|雄材大略|摂理探究|文明開化|山紫水明|知将の絆|立役者|技巧伝承|柔能制剛,謀略家|雄材大略|摂理探究|文明開化|山紫水明|知将の絆|立役者|技巧伝承|柔能制剛,14490,861,79,0,267,1097,173,669,652,695,651,ステータス計算済み,step116で9因縁780行を「陣形+配置英傑6人セット+発動因縁セット」で重複除外。同一組内は総合値最大の配置を代表として採用。,STEP116_SELECTED_MAX_TOTAL_FROM_STEP106_RECALCULATED_9INEN,step106で各陣形有効ラインから再計算済みの9因縁行を使用し、重複組では総合値最大の配置を残す,方円||通常||9||上杉憲政|前田利家(雄材)|北条氏照(剛柔)|細川藤孝(立役)|豊臣秀次|豊臣秀長||山紫水明|技巧伝承|摂理探究|文明開化|柔能制剛|知将の絆|立役者|謀略家|雄材大略,,step116_9inen_dedup_max_total,19634,19634,step164_verified_normal9,土属性,669
step116_9_方円_000023,STEP116_9INEN_DEDUP_MAX_TOTAL_RESULT,step106_9inen_full_780_dedup_by_hero_set_bond_set_max_total,方円,通常,9,酒井忠次(衣鉢)|伊奈忠次|ガラシャ(聖)|斎藤利三(神祇)|毛利隆元|豊臣秀吉,酒井忠次(衣鉢)|伊奈忠次|ガラシャ(聖)|斎藤利三(神祇)|毛利隆元|豊臣秀吉,召喚術の絆|摂理探究|世渡り上手の絆|才腕の絆|謀略家|柔能制剛|技巧伝承|天神地祇|雄材大略,召喚術の絆|摂理探究|世渡り上手の絆|才腕の絆|謀略家|柔能制剛|技巧伝承|天神地祇|雄材大略,15387,3129,37,51,359,664,423,655,664,696,634,ステータス計算済み,step116で9因縁780行を「陣形+配置英傑6人セット+発動因縁セット」で重複除外。同一組内は総合値最大の配置を代表として採用。,STEP116_SELECTED_MAX_TOTAL_FROM_STEP106_RECALCULATED_9INEN,step106で各陣形有効ラインから再計算済みの9因縁行を使用し、重複組では総合値最大の配置を残す,方円||通常||9||ガラシャ(聖)|伊奈忠次|斎藤利三(神祇)|毛利隆元|豊臣秀吉|酒井忠次(衣鉢)||世渡り上手の絆|召喚術の絆|天神地祇|才腕の絆|技巧伝承|摂理探究|柔能制剛|謀略家|雄材大略,,step116_9inen_dedup_max_total,22699,22699,step164_verified_normal9,土属性,655
step116_9_方円_000022,STEP116_9INEN_DEDUP_MAX_TOTAL_RESULT,step106_9inen_full_780_dedup_by_hero_set_bond_set_max_total,方円,通常,9,酒井忠次(通)|伊奈忠次|ガラシャ(聖)|斎藤利三(神祇)|毛利隆元|豊臣秀吉,酒井忠次(通)|伊奈忠次|ガラシャ(聖)|斎藤利三(神祇)|毛利隆元|豊臣秀吉,召喚術の絆|摂理探究|世渡り上手の絆|才腕の絆|謀略家|柔能制剛|技巧伝承|天神地祇|雄材大略,召喚術の絆|摂理探究|世渡り上手の絆|才腕の絆|謀略家|柔能制剛|技巧伝承|天神地祇|雄材大略,15387,3129,37,51,359,664,423,655,664,696,634,ステータス計算済み,step116で9因縁780行を「陣形+配置英傑6人セット+発動因縁セット」で重複除外。同一組内は総合値最大の配置を代表として採用。,STEP116_SELECTED_MAX_TOTAL_FROM_STEP106_RECALCULATED_9INEN,step106で各陣形有効ラインから再計算済みの9因縁行を使用し、重複組では総合値最大の配置を残す,方円||通常||9||ガラシャ(聖)|伊奈忠次|斎藤利三(神祇)|毛利隆元|豊臣秀吉|酒井忠次(通)||世渡り上手の絆|召喚術の絆|天神地祇|才腕の絆|技巧伝承|摂理探究|柔能制剛|謀略家|雄材大略,,step116_9inen_dedup_max_total,22699,22699,step164_verified_normal9,土属性,655
step116_9_方円_000027,STEP116_9INEN_DEDUP_MAX_TOTAL_RESULT,step106_9inen_full_780_dedup_by_hero_set_bond_set_max_total,方円,通常,9,酒井忠次(衣鉢)|伊奈忠次|サンチョ|斎藤利三(神祇)|毛利隆元|豊臣秀吉,酒井忠次(衣鉢)|伊奈忠次|サンチョ|斎藤利三(神祇)|毛利隆元|豊臣秀吉,召喚術の絆|摂理探究|世渡り上手の絆|才腕の絆|謀略家|柔能制剛|技巧伝承|天神地祇|雄材大略,召喚術の絆|摂理探究|世渡り上手の絆|才腕の絆|謀略家|柔能制剛|技巧伝承|天神地祇|雄材大略,14916,3129,28,40,359,635,423,607,610,631,578,ステータス計算済み,step116で9因縁780行を「陣形+配置英傑6人セット+発動因縁セット」で重複除外。同一組内は総合値最大の配置を代表として採用。,STEP116_SELECTED_MAX_TOTAL_FROM_STEP106_RECALCULATED_9INEN,step106で各陣形有効ラインから再計算済みの9因縁行を使用し、重複組では総合値最大の配置を残す,方円||通常||9||サンチョ|伊奈忠次|斎藤利三(神祇)|毛利隆元|豊臣秀吉|酒井忠次(衣鉢)||世渡り上手の絆|召喚術の絆|天神地祇|才腕の絆|技巧伝承|摂理探究|柔能制剛|謀略家|雄材大略,,step116_9inen_dedup_max_total,21956,21956,step164_verified_normal9,土属性,607
step116_9_方円_000026,STEP116_9INEN_DEDUP_MAX_TOTAL_RESULT,step106_9inen_full_780_dedup_by_hero_set_bond_set_max_total,方円,通常,9,酒井忠次(通)|伊奈忠次|サンチョ|斎藤利三(神祇)|毛利隆元|豊臣秀吉,酒井忠次(通)|伊奈忠次|サンチョ|斎藤利三(神祇)|毛利隆元|豊臣秀吉,召喚術の絆|摂理探究|世渡り上手の絆|才腕の絆|謀略家|柔能制剛|技巧伝承|天神地祇|雄材大略,召喚術の絆|摂理探究|世渡り上手の絆|才腕の絆|謀略家|柔能制剛|技巧伝承|天神地祇|雄材大略,14916,3129,28,40,359,635,423,607,610,631,578,ステータス計算済み,step116で9因縁780行を「陣形+配置英傑6人セット+発動因縁セット」で重複除外。同一組内は総合値最大の配置を代表として採用。,STEP116_SELECTED_MAX_TOTAL_FROM_STEP106_RECALCULATED_9INEN,step106で各陣形有効ラインから再計算済みの9因縁行を使用し、重複組では総合値最大の配置を残す,方円||通常||9||サンチョ|伊奈忠次|斎藤利三(神祇)|毛利隆元|豊臣秀吉|酒井忠次(通)||世渡り上手の絆|召喚術の絆|天神地祇|才腕の絆|技巧伝承|摂理探究|柔能制剛|謀略家|雄材大略,,step116_9inen_dedup_max_total,21956,21956,step164_verified_normal9,土属性,607
step116_9_方円_000047,STEP116_9INEN_DEDUP_MAX_TOTAL_RESULT,step106_9inen_full_780_dedup_by_hero_set_bond_set_max_total,方円,通常,9,豊臣秀長|北条氏照(剛柔)|金森長近|雑賀孫市(道化)|黒田長政|黒田官兵衛,豊臣秀長|北条氏照(剛柔)|金森長近|雑賀孫市(道化)|黒田長政|黒田官兵衛,文明開化|技巧伝承|知勇兼備|才腕の絆|硝煙弾雨|多芸多才|知将の絆|立役者|柔能制剛,文明開化|技巧伝承|知勇兼備|才腕の絆|硝煙弾雨|多芸多才|知将の絆|立役者|柔能制剛,11393,3272,147,112,631,777,343,562,643,581,554,ステータス計算済み,step116で9因縁780行を「陣形+配置英傑6人セット+発動因縁セット」で重複除外。同一組内は総合値最大の配置を代表として採用。,STEP116_SELECTED_MAX_TOTAL_FROM_STEP106_RECALCULATED_9INEN,step106で各陣形有効ラインから再計算済みの9因縁行を使用し、重複組では総合値最大の配置を残す,方円||通常||9||北条氏照(剛柔)|豊臣秀長|金森長近|雑賀孫市(道化)|黒田官兵衛|黒田長政||多芸多才|才腕の絆|技巧伝承|文明開化|柔能制剛|知勇兼備|知将の絆|硝煙弾雨|立役者,,step116_9inen_dedup_max_total,19015,19015,step164_verified_normal9,土属性,562
step116_9_方円_000046,STEP116_9INEN_DEDUP_MAX_TOTAL_RESULT,step106_9inen_full_780_dedup_by_hero_set_bond_set_max_total,方円,通常,9,鍋島直茂(乱雲)|北条氏照(剛柔)|金森長近|雑賀孫市(道化)|黒田長政|黒田官兵衛,鍋島直茂(乱雲)|北条氏照(剛柔)|金森長近|雑賀孫市(道化)|黒田長政|黒田官兵衛,文明開化|技巧伝承|知勇兼備|才腕の絆|硝煙弾雨|多芸多才|知将の絆|立役者|柔能制剛,文明開化|技巧伝承|知勇兼備|才腕の絆|硝煙弾雨|多芸多才|知将の絆|立役者|柔能制剛,11606,3272,147,112,633,773,343,556,641,573,552,ステータス計算済み,step116で9因縁780行を「陣形+配置英傑6人セット+発動因縁セット」で重複除外。同一組内は総合値最大の配置を代表として採用。,STEP116_SELECTED_MAX_TOTAL_FROM_STEP106_RECALCULATED_9INEN,step106で各陣形有効ラインから再計算済みの9因縁行を使用し、重複組では総合値最大の配置を残す,方円||通常||9||北条氏照(剛柔)|金森長近|鍋島直茂(乱雲)|雑賀孫市(道化)|黒田官兵衛|黒田長政||多芸多才|才腕の絆|技巧伝承|文明開化|柔能制剛|知勇兼備|知将の絆|硝煙弾雨|立役者,,step116_9inen_dedup_max_total,19208,19208,step164_verified_normal9,土属性,556
step116_9_方円_000016,STEP116_9INEN_DEDUP_MAX_TOTAL_RESULT,step106_9inen_full_780_dedup_by_hero_set_bond_set_max_total,方円,通常,9,竹中半兵衛(右腕)|武田晴信|愛姫(起源)|細川藤孝(立役)|今川義元|前田利家,竹中半兵衛(右腕)|武田晴信|愛姫(起源)|細川藤孝(立役)|今川義元|前田利家,健康第一|老練闊達|質実剛健|文明開化|山紫水明|巧言令色|謀略家|雄材大略|摂理探究,健康第一|老練闊達|質実剛健|文明開化|山紫水明|巧言令色|謀略家|雄材大略|摂理探究,14808,4896,136,210,0,792,344,552,573,573,532,ステータス計算済み,step116で9因縁780行を「陣形+配置英傑6人セット+発動因縁セット」で重複除外。同一組内は総合値最大の配置を代表として採用。,STEP116_SELECTED_MAX_TOTAL_FROM_STEP106_RECALCULATED_9INEN,step106で各陣形有効ラインから再計算済みの9因縁行を使用し、重複組では総合値最大の配置を残す,方円||通常||9||今川義元|前田利家|愛姫(起源)|武田晴信|竹中半兵衛(右腕)|細川藤孝(立役)||健康第一|山紫水明|巧言令色|摂理探究|文明開化|老練闊達|謀略家|質実剛健|雄材大略,,step116_9inen_dedup_max_total,23416,23416,step164_verified_normal9,土属性,552
step116_9_方円_000015,STEP116_9INEN_DEDUP_MAX_TOTAL_RESULT,step106_9inen_full_780_dedup_by_hero_set_bond_set_max_total,方円,通常,9,今川義元|前田利家(雄材)|竹中半兵衛(右腕)|武田晴信|愛姫(起源)|細川藤孝(立役),今川義元|前田利家(雄材)|竹中半兵衛(右腕)|武田晴信|愛姫(起源)|細川藤孝(立役),謀略家|雄材大略|摂理探究|健康第一|老練闊達|質実剛健|文明開化|山紫水明|巧言令色,謀略家|雄材大略|摂理探究|健康第一|老練闊達|質実剛健|文明開化|山紫水明|巧言令色,14808,4896,136,210,0,792,344,552,573,573,532,ステータス計算済み,step116で9因縁780行を「陣形+配置英傑6人セット+発動因縁セット」で重複除外。同一組内は総合値最大の配置を代表として採用。,STEP116_SELECTED_MAX_TOTAL_FROM_STEP106_RECALCULATED_9INEN,step106で各陣形有効ラインから再計算済みの9因縁行を使用し、重複組では総合値最大の配置を残す,方円||通常||9||今川義元|前田利家(雄材)|愛姫(起源)|武田晴信|竹中半兵衛(右腕)|細川藤孝(立役)||健康第一|山紫水明|巧言令色|摂理探究|文明開化|老練闊達|謀略家|質実剛健|雄材大略,,step116_9inen_dedup_max_total,23416,23416,step164_verified_normal9,土属性,552
step116_9_方円_000020,STEP116_9INEN_DEDUP_MAX_TOTAL_RESULT,step106_9inen_full_780_dedup_by_hero_set_bond_set_max_total,方円,通常,9,竹中半兵衛(右腕)|武田晴信|高台院|細川藤孝(立役)|今川義元|前田利家,竹中半兵衛(右腕)|武田晴信|高台院|細川藤孝(立役)|今川義元|前田利家,健康第一|老練闊達|質実剛健|文明開化|山紫水明|巧言令色|謀略家|雄材大略|摂理探究,健康第一|老練闊達|質実剛健|文明開化|山紫水明|巧言令色|謀略家|雄材大略|摂理探究,14811,4870,125,206,0,796,344,551,570,568,529,ステータス計算済み,step116で9因縁780行を「陣形+配置英傑6人セット+発動因縁セット」で重複除外。同一組内は総合値最大の配置を代表として採用。,STEP116_SELECTED_MAX_TOTAL_FROM_STEP106_RECALCULATED_9INEN,step106で各陣形有効ラインから再計算済みの9因縁行を使用し、重複組では総合値最大の配置を残す,方円||通常||9||今川義元|前田利家|武田晴信|竹中半兵衛(右腕)|細川藤孝(立役)|高台院||健康第一|山紫水明|巧言令色|摂理探究|文明開化|老練闊達|謀略家|質実剛健|雄材大略,,step116_9inen_dedup_max_total,23370,23370,step164_verified_normal9,土属性,551
step116_9_方円_000019,STEP116_9INEN_DEDUP_MAX_TOTAL_RESULT,step106_9inen_full_780_dedup_by_hero_set_bond_set_max_total,方円,通常,9,今川義元|前田利家(雄材)|竹中半兵衛(右腕)|武田晴信|高台院|細川藤孝(立役),今川義元|前田利家(雄材)|竹中半兵衛(右腕)|武田晴信|高台院|細川藤孝(立役),謀略家|雄材大略|摂理探究|健康第一|老練闊達|質実剛健|文明開化|山紫水明|巧言令色,謀略家|雄材大略|摂理探究|健康第一|老練闊達|質実剛健|文明開化|山紫水明|巧言令色,14811,4870,125,206,0,796,344,551,570,568,529,ステータス計算済み,step116で9因縁780行を「陣形+配置英傑6人セット+発動因縁セット」で重複除外。同一組内は総合値最大の配置を代表として採用。,STEP116_SELECTED_MAX_TOTAL_FROM_STEP106_RECALCULATED_9INEN,step106で各陣形有効ラインから再計算済みの9因縁行を使用し、重複組では総合値最大の配置を残す,方円||通常||9||今川義元|前田利家(雄材)|武田晴信|竹中半兵衛(右腕)|細川藤孝(立役)|高台院||健康第一|山紫水明|巧言令色|摂理探究|文明開化|老練闊達|謀略家|質実剛健|雄材大略,,step116_9inen_dedup_max_total,23370,23370,step164_verified_normal9,土属性,551
step116_9_方円_000010,STEP116_9INEN_DEDUP_MAX_TOTAL_RESULT,step106_9inen_full_780_dedup_by_hero_set_bond_set_max_total,方円,通常,9,豊臣秀長|武田晴信|愛姫(起源)|細川藤孝(立役)|今川義元|前田利家,豊臣秀長|武田晴信|愛姫(起源)|細川藤孝(立役)|今川義元|前田利家,健康第一|老練闊達|質実剛健|文明開化|山紫水明|巧言令色|謀略家|雄材大略|摂理探究,健康第一|老練闊達|質実剛健|文明開化|山紫水明|巧言令色|謀略家|雄材大略|摂理探究,15036,4864,143,210,0,790,344,539,559,563,519,ステータス計算済み,step116で9因縁780行を「陣形+配置英傑6人セット+発動因縁セット」で重複除外。同一組内は総合値最大の配置を代表として採用。,STEP116_SELECTED_MAX_TOTAL_FROM_STEP106_RECALCULATED_9INEN,step106で各陣形有効ラインから再計算済みの9因縁行を使用し、重複組では総合値最大の配置を残す,方円||通常||9||今川義元|前田利家|愛姫(起源)|武田晴信|細川藤孝(立役)|豊臣秀長||健康第一|山紫水明|巧言令色|摂理探究|文明開化|老練闊達|謀略家|質実剛健|雄材大略,,step116_9inen_dedup_max_total,23567,23567,step164_verified_normal9,土属性,539
step116_9_方円_000009,STEP116_9INEN_DEDUP_MAX_TOTAL_RESULT,step106_9inen_full_780_dedup_by_hero_set_bond_set_max_total,方円,通常,9,今川義元|前田利家(雄材)|豊臣秀長|武田晴信|愛姫(起源)|細川藤孝(立役),今川義元|前田利家(雄材)|豊臣秀長|武田晴信|愛姫(起源)|細川藤孝(立役),謀略家|雄材大略|摂理探究|健康第一|老練闊達|質実剛健|文明開化|山紫水明|巧言令色,謀略家|雄材大略|摂理探究|健康第一|老練闊達|質実剛健|文明開化|山紫水明|巧言令色,15036,4864,143,210,0,790,344,539,559,563,519,ステータス計算済み,step116で9因縁780行を「陣形+配置英傑6人セット+発動因縁セット」で重複除外。同一組内は総合値最大の配置を代表として採用。,STEP116_SELECTED_MAX_TOTAL_FROM_STEP106_RECALCULATED_9INEN,step106で各陣形有効ラインから再計算済みの9因縁行を使用し、重複組では総合値最大の配置を残す,方円||通常||9||今川義元|前田利家(雄材)|愛姫(起源)|武田晴信|細川藤孝(立役)|豊臣秀長||健康第一|山紫水明|巧言令色|摂理探究|文明開化|老練闊達|謀略家|質実剛健|雄材大略,,step116_9inen_dedup_max_total,23567,23567,step164_verified_normal9,土属性,539
step116_9_方円_000012,STEP116_9INEN_DEDUP_MAX_TOTAL_RESULT,step106_9inen_full_780_dedup_by_hero_set_bond_set_max_total,方円,通常,9,豊臣秀長|武田晴信|高台院|細川藤孝(立役)|今川義元|前田利家,豊臣秀長|武田晴信|高台院|細川藤孝(立役)|今川義元|前田利家,健康第一|老練闊達|質実剛健|文明開化|山紫水明|巧言令色|謀略家|雄材大略|摂理探究,健康第一|老練闊達|質実剛健|文明開化|山紫水明|巧言令色|謀略家|雄材大略|摂理探究,15039,4838,132,206,0,795,344,537,557,558,515,ステータス計算済み,step116で9因縁780行を「陣形+配置英傑6人セット+発動因縁セット」で重複除外。同一組内は総合値最大の配置を代表として採用。,STEP116_SELECTED_MAX_TOTAL_FROM_STEP106_RECALCULATED_9INEN,step106で各陣形有効ラインから再計算済みの9因縁行を使用し、重複組では総合値最大の配置を残す,方円||通常||9||今川義元|前田利家|武田晴信|細川藤孝(立役)|豊臣秀長|高台院||健康第一|山紫水明|巧言令色|摂理探究|文明開化|老練闊達|謀略家|質実剛健|雄材大略,,step116_9inen_dedup_max_total,23521,23521,step164_verified_normal9,土属性,537
step116_9_方円_000011,STEP116_9INEN_DEDUP_MAX_TOTAL_RESULT,step106_9inen_full_780_dedup_by_hero_set_bond_set_max_total,方円,通常,9,今川義元|前田利家(雄材)|豊臣秀長|武田晴信|高台院|細川藤孝(立役),今川義元|前田利家(雄材)|豊臣秀長|武田晴信|高台院|細川藤孝(立役),謀略家|雄材大略|摂理探究|健康第一|老練闊達|質実剛健|文明開化|山紫水明|巧言令色,謀略家|雄材大略|摂理探究|健康第一|老練闊達|質実剛健|文明開化|山紫水明|巧言令色,15039,4838,132,206,0,795,344,537,557,558,515,ステータス計算済み,step116で9因縁780行を「陣形+配置英傑6人セット+発動因縁セット」で重複除外。同一組内は総合値最大の配置を代表として採用。,STEP116_SELECTED_MAX_TOTAL_FROM_STEP106_RECALCULATED_9INEN,step106で各陣形有効ラインから再計算済みの9因縁行を使用し、重複組では総合値最大の配置を残す,方円||通常||9||今川義元|前田利家(雄材)|武田晴信|細川藤孝(立役)|豊臣秀長|高台院||健康第一|山紫水明|巧言令色|摂理探究|文明開化|老練闊達|謀略家|質実剛健|雄材大略,,step116_9inen_dedup_max_total,23521,23521,step164_verified_normal9,土属性,537
step116_9_方円_000006,STEP116_9INEN_DEDUP_MAX_TOTAL_RESULT,step106_9inen_full_780_dedup_by_hero_set_bond_set_max_total,方円,通常,9,片倉景綱(右腕)|武田晴信|愛姫(起源)|細川藤孝(立役)|今川義元|前田利家,片倉景綱(右腕)|武田晴信|愛姫(起源)|細川藤孝(立役)|今川義元|前田利家,健康第一|老練闊達|質実剛健|文明開化|山紫水明|巧言令色|謀略家|雄材大略|摂理探究,健康第一|老練闊達|質実剛健|文明開化|山紫水明|巧言令色|謀略家|雄材大略|摂理探究,15159,4827,152,210,0,786,344,536,554,564,515,ステータス計算済み,step116で9因縁780行を「陣形+配置英傑6人セット+発動因縁セット」で重複除外。同一組内は総合値最大の配置を代表として採用。,STEP116_SELECTED_MAX_TOTAL_FROM_STEP106_RECALCULATED_9INEN,step106で各陣形有効ラインから再計算済みの9因縁行を使用し、重複組では総合値最大の配置を残す,方円||通常||9||今川義元|前田利家|愛姫(起源)|武田晴信|片倉景綱(右腕)|細川藤孝(立役)||健康第一|山紫水明|巧言令色|摂理探究|文明開化|老練闊達|謀略家|質実剛健|雄材大略,,step116_9inen_dedup_max_total,23647,23647,step164_verified_normal9,土属性,536
step116_9_方円_000005,STEP116_9INEN_DEDUP_MAX_TOTAL_RESULT,step106_9inen_full_780_dedup_by_hero_set_bond_set_max_total,方円,通常,9,今川義元|前田利家(雄材)|片倉景綱(右腕)|武田晴信|愛姫(起源)|細川藤孝(立役),今川義元|前田利家(雄材)|片倉景綱(右腕)|武田晴信|愛姫(起源)|細川藤孝(立役),謀略家|雄材大略|摂理探究|健康第一|老練闊達|質実剛健|文明開化|山紫水明|巧言令色,謀略家|雄材大略|摂理探究|健康第一|老練闊達|質実剛健|文明開化|山紫水明|巧言令色,15159,4827,152,210,0,786,344,536,554,564,515,ステータス計算済み,step116で9因縁780行を「陣形+配置英傑6人セット+発動因縁セット」で重複除外。同一組内は総合値最大の配置を代表として採用。,STEP116_SELECTED_MAX_TOTAL_FROM_STEP106_RECALCULATED_9INEN,step106で各陣形有効ラインから再計算済みの9因縁行を使用し、重複組では総合値最大の配置を残す,方円||通常||9||今川義元|前田利家(雄材)|愛姫(起源)|武田晴信|片倉景綱(右腕)|細川藤孝(立役)||健康第一|山紫水明|巧言令色|摂理探究|文明開化|老練闊達|謀略家|質実剛健|雄材大略,,step116_9inen_dedup_max_total,23647,23647,step164_verified_normal9,土属性,536
step116_9_方円_000008,STEP116_9INEN_DEDUP_MAX_TOTAL_RESULT,step106_9inen_full_780_dedup_by_hero_set_bond_set_max_total,方円,通常,9,片倉景綱(右腕)|武田晴信|高台院|細川藤孝(立役)|今川義元|前田利家,片倉景綱(右腕)|武田晴信|高台院|細川藤孝(立役)|今川義元|前田利家,健康第一|老練闊達|質実剛健|文明開化|山紫水明|巧言令色|謀略家|雄材大略|摂理探究,健康第一|老練闊達|質実剛健|文明開化|山紫水明|巧言令色|謀略家|雄材大略|摂理探究,15162,4802,141,206,0,790,344,535,552,559,512,ステータス計算済み,step116で9因縁780行を「陣形+配置英傑6人セット+発動因縁セット」で重複除外。同一組内は総合値最大の配置を代表として採用。,STEP116_SELECTED_MAX_TOTAL_FROM_STEP106_RECALCULATED_9INEN,step106で各陣形有効ラインから再計算済みの9因縁行を使用し、重複組では総合値最大の配置を残す,方円||通常||9||今川義元|前田利家|武田晴信|片倉景綱(右腕)|細川藤孝(立役)|高台院||健康第一|山紫水明|巧言令色|摂理探究|文明開化|老練闊達|謀略家|質実剛健|雄材大略,,step116_9inen_dedup_max_total,23603,23603,step164_verified_normal9,土属性,535
step116_9_方円_000007,STEP116_9INEN_DEDUP_MAX_TOTAL_RESULT,step106_9inen_full_780_dedup_by_hero_set_bond_set_max_total,方円,通常,9,今川義元|前田利家(雄材)|片倉景綱(右腕)|武田晴信|高台院|細川藤孝(立役),今川義元|前田利家(雄材)|片倉景綱(右腕)|武田晴信|高台院|細川藤孝(立役),謀略家|雄材大略|摂理探究|健康第一|老練闊達|質実剛健|文明開化|山紫水明|巧言令色,謀略家|雄材大略|摂理探究|健康第一|老練闊達|質実剛健|文明開化|山紫水明|巧言令色,15162,4802,141,206,0,790,344,535,552,559,512,ステータス計算済み,step116で9因縁780行を「陣形+配置英傑6人セット+発動因縁セット」で重複除外。同一組内は総合値最大の配置を代表として採用。,STEP116_SELECTED_MAX_TOTAL_FROM_STEP106_RECALCULATED_9INEN,step106で各陣形有効ラインから再計算済みの9因縁行を使用し、重複組では総合値最大の配置を残す,方円||通常||9||今川義元|前田利家(雄材)|武田晴信|片倉景綱(右腕)|細川藤孝(立役)|高台院||健康第一|山紫水明|巧言令色|摂理探究|文明開化|老練闊達|謀略家|質実剛健|雄材大略,,step116_9inen_dedup_max_total,23603,23603,step164_verified_normal9,土属性,535
step116_9_方円_000037,STEP116_9INEN_DEDUP_MAX_TOTAL_RESULT,step106_9inen_full_780_dedup_by_hero_set_bond_set_max_total,方円,通常,9,谷忠澄|柳生宗矩|島左近|出雲阿国(野望)|大祝鶴|魔女ルシア,谷忠澄|柳生宗矩|島左近|出雲阿国(野望)|大祝鶴|魔女ルシア,豪傑|流行創出|神主・巫女|女傑の絆|洒落者の絆|文明開化|技巧伝承|竜飛鳳舞|多芸多才,豪傑|流行創出|神主・巫女|女傑の絆|洒落者の絆|文明開化|技巧伝承|竜飛鳳舞|多芸多才,12761,2985,508,44,222,416,655,535,545,521,585,ステータス計算済み,step116で9因縁780行を「陣形+配置英傑6人セット+発動因縁セット」で重複除外。同一組内は総合値最大の配置を代表として採用。,STEP116_SELECTED_MAX_TOTAL_FROM_STEP106_RECALCULATED_9INEN,step106で各陣形有効ラインから再計算済みの9因縁行を使用し、重複組では総合値最大の配置を残す,方円||通常||9||出雲阿国(野望)|大祝鶴|島左近|柳生宗矩|谷忠澄|魔女ルシア||多芸多才|女傑の絆|技巧伝承|文明開化|洒落者の絆|流行創出|神主・巫女|竜飛鳳舞|豪傑,,step116_9inen_dedup_max_total,19777,19777,step164_verified_normal9,土属性,535
step116_9_方円_000002,STEP116_9INEN_DEDUP_MAX_TOTAL_RESULT,step106_9inen_full_780_dedup_by_hero_set_bond_set_max_total,方円,通常,9,鍋島直茂(乱雲)|武田晴信|愛姫(起源)|細川藤孝(立役)|今川義元|前田利家,鍋島直茂(乱雲)|武田晴信|愛姫(起源)|細川藤孝(立役)|今川義元|前田利家,健康第一|老練闊達|質実剛健|文明開化|山紫水明|巧言令色|謀略家|雄材大略|摂理探究,健康第一|老練闊達|質実剛健|文明開化|山紫水明|巧言令色|謀略家|雄材大略|摂理探究,15234,4833,147,210,0,786,344,531,556,551,515,ステータス計算済み,step116で9因縁780行を「陣形+配置英傑6人セット+発動因縁セット」で重複除外。同一組内は総合値最大の配置を代表として採用。,STEP116_SELECTED_MAX_TOTAL_FROM_STEP106_RECALCULATED_9INEN,step106で各陣形有効ラインから再計算済みの9因縁行を使用し、重複組では総合値最大の配置を残す,方円||通常||9||今川義元|前田利家|愛姫(起源)|武田晴信|細川藤孝(立役)|鍋島直茂(乱雲)||健康第一|山紫水明|巧言令色|摂理探究|文明開化|老練闊達|謀略家|質実剛健|雄材大略,,step116_9inen_dedup_max_total,23707,23707,step164_verified_normal9,土属性,531
step116_9_方円_000001,STEP116_9INEN_DEDUP_MAX_TOTAL_RESULT,step106_9inen_full_780_dedup_by_hero_set_bond_set_max_total,方円,通常,9,今川義元|前田利家(雄材)|鍋島直茂(乱雲)|武田晴信|愛姫(起源)|細川藤孝(立役),今川義元|前田利家(雄材)|鍋島直茂(乱雲)|武田晴信|愛姫(起源)|細川藤孝(立役),謀略家|雄材大略|摂理探究|健康第一|老練闊達|質実剛健|文明開化|山紫水明|巧言令色,謀略家|雄材大略|摂理探究|健康第一|老練闊達|質実剛健|文明開化|山紫水明|巧言令色,15234,4833,147,210,0,786,344,531,556,551,515,ステータス計算済み,step116で9因縁780行を「陣形+配置英傑6人セット+発動因縁セット」で重複除外。同一組内は総合値最大の配置を代表として採用。,STEP116_SELECTED_MAX_TOTAL_FROM_STEP106_RECALCULATED_9INEN,step106で各陣形有効ラインから再計算済みの9因縁行を使用し、重複組では総合値最大の配置を残す,方円||通常||9||今川義元|前田利家(雄材)|愛姫(起源)|武田晴信|細川藤孝(立役)|鍋島直茂(乱雲)||健康第一|山紫水明|巧言令色|摂理探究|文明開化|老練闊達|謀略家|質実剛健|雄材大略,,step116_9inen_dedup_max_total,23707,23707,step164_verified_normal9,土属性,531
step116_9_方円_000004,STEP116_9INEN_DEDUP_MAX_TOTAL_RESULT,step106_9inen_full_780_dedup_by_hero_set_bond_set_max_total,方円,通常,9,鍋島直茂(乱雲)|武田晴信|高台院|細川藤孝(立役)|今川義元|前田利家,鍋島直茂(乱雲)|武田晴信|高台院|細川藤孝(立役)|今川義元|前田利家,健康第一|老練闊達|質実剛健|文明開化|山紫水明|巧言令色|謀略家|雄材大略|摂理探究,健康第一|老練闊達|質実剛健|文明開化|山紫水明|巧言令色|謀略家|雄材大略|摂理探究,15237,4808,136,206,0,790,344,530,554,546,512,ステータス計算済み,step116で9因縁780行を「陣形+配置英傑6人セット+発動因縁セット」で重複除外。同一組内は総合値最大の配置を代表として採用。,STEP116_SELECTED_MAX_TOTAL_FROM_STEP106_RECALCULATED_9INEN,step106で各陣形有効ラインから再計算済みの9因縁行を使用し、重複組では総合値最大の配置を残す,方円||通常||9||今川義元|前田利家|武田晴信|細川藤孝(立役)|鍋島直茂(乱雲)|高台院||健康第一|山紫水明|巧言令色|摂理探究|文明開化|老練闊達|謀略家|質実剛健|雄材大略,,step116_9inen_dedup_max_total,23663,23663,step164_verified_normal9,土属性,530
step116_9_方円_000003,STEP116_9INEN_DEDUP_MAX_TOTAL_RESULT,step106_9inen_full_780_dedup_by_hero_set_bond_set_max_total,方円,通常,9,今川義元|前田利家(雄材)|鍋島直茂(乱雲)|武田晴信|高台院|細川藤孝(立役),今川義元|前田利家(雄材)|鍋島直茂(乱雲)|武田晴信|高台院|細川藤孝(立役),謀略家|雄材大略|摂理探究|健康第一|老練闊達|質実剛健|文明開化|山紫水明|巧言令色,謀略家|雄材大略|摂理探究|健康第一|老練闊達|質実剛健|文明開化|山紫水明|巧言令色,15237,4808,136,206,0,790,344,530,554,546,512,ステータス計算済み,step116で9因縁780行を「陣形+配置英傑6人セット+発動因縁セット」で重複除外。同一組内は総合値最大の配置を代表として採用。,STEP116_SELECTED_MAX_TOTAL_FROM_STEP106_RECALCULATED_9INEN,step106で各陣形有効ラインから再計算済みの9因縁行を使用し、重複組では総合値最大の配置を残す,方円||通常||9||今川義元|前田利家(雄材)|武田晴信|細川藤孝(立役)|鍋島直茂(乱雲)|高台院||健康第一|山紫水明|巧言令色|摂理探究|文明開化|老練闊達|謀略家|質実剛健|雄材大略,,step116_9inen_dedup_max_total,23663,23663,step164_verified_normal9,土属性,530
step116_9_方円_000051,STEP116_9INEN_DEDUP_MAX_TOTAL_RESULT,step106_9inen_full_780_dedup_by_hero_set_bond_set_max_total,方円,通常,9,豊臣秀長|北条氏照(剛柔)|金森長近|雑賀孫市(道化)|大久保忠世|黒田官兵衛,豊臣秀長|北条氏照(剛柔)|金森長近|雑賀孫市(道化)|大久保忠世|黒田官兵衛,文明開化|技巧伝承|知勇兼備|才腕の絆|硝煙弾雨|多芸多才|知将の絆|立役者|柔能制剛,文明開化|技巧伝承|知勇兼備|才腕の絆|硝煙弾雨|多芸多才|知将の絆|立役者|柔能制剛,11154,3232,143,108,626,764,336,530,612,545,525,ステータス計算済み,step116で9因縁780行を「陣形+配置英傑6人セット+発動因縁セット」で重複除外。同一組内は総合値最大の配置を代表として採用。,STEP116_SELECTED_MAX_TOTAL_FROM_STEP106_RECALCULATED_9INEN,step106で各陣形有効ラインから再計算済みの9因縁行を使用し、重複組では総合値最大の配置を残す,方円||通常||9||北条氏照(剛柔)|大久保忠世|豊臣秀長|金森長近|雑賀孫市(道化)|黒田官兵衛||多芸多才|才腕の絆|技巧伝承|文明開化|柔能制剛|知勇兼備|知将の絆|硝煙弾雨|立役者,,step116_9inen_dedup_max_total,18575,18575,step164_verified_normal9,土属性,530
step116_9_方円_000049,STEP116_9INEN_DEDUP_MAX_TOTAL_RESULT,step106_9inen_full_780_dedup_by_hero_set_bond_set_max_total,方円,通常,9,鍋島直茂(乱雲)|北条氏照(剛柔)|金森長近|雑賀孫市(道化)|大久保忠世|黒田官兵衛,鍋島直茂(乱雲)|北条氏照(剛柔)|金森長近|雑賀孫市(道化)|大久保忠世|黒田官兵衛,文明開化|技巧伝承|知勇兼備|才腕の絆|硝煙弾雨|多芸多才|知将の絆|立役者|柔能制剛,文明開化|技巧伝承|知勇兼備|才腕の絆|硝煙弾雨|多芸多才|知将の絆|立役者|柔能制剛,11367,3232,143,108,628,760,336,524,610,536,523,ステータス計算済み,step116で9因縁780行を「陣形+配置英傑6人セット+発動因縁セット」で重複除外。同一組内は総合値最大の配置を代表として採用。,STEP116_SELECTED_MAX_TOTAL_FROM_STEP106_RECALCULATED_9INEN,step106で各陣形有効ラインから再計算済みの9因縁行を使用し、重複組では総合値最大の配置を残す,方円||通常||9||北条氏照(剛柔)|大久保忠世|金森長近|鍋島直茂(乱雲)|雑賀孫市(道化)|黒田官兵衛||多芸多才|才腕の絆|技巧伝承|文明開化|柔能制剛|知勇兼備|知将の絆|硝煙弾雨|立役者,,step116_9inen_dedup_max_total,18767,18767,step164_verified_normal9,土属性,524
step116_9_方円_000014,STEP116_9INEN_DEDUP_MAX_TOTAL_RESULT,step106_9inen_full_780_dedup_by_hero_set_bond_set_max_total,方円,通常,9,丹羽長秀(風雲)|武田晴信|愛姫(起源)|細川藤孝(立役)|今川義元|前田利家,丹羽長秀(風雲)|武田晴信|愛姫(起源)|細川藤孝(立役)|今川義元|前田利家,健康第一|老練闊達|質実剛健|文明開化|山紫水明|巧言令色|謀略家|雄材大略|摂理探究,健康第一|老練闊達|質実剛健|文明開化|山紫水明|巧言令色|謀略家|雄材大略|摂理探究,14973,4838,131,210,0,783,344,521,568,568,501,ステータス計算済み,step116で9因縁780行を「陣形+配置英傑6人セット+発動因縁セット」で重複除外。同一組内は総合値最大の配置を代表として採用。,STEP116_SELECTED_MAX_TOTAL_FROM_STEP106_RECALCULATED_9INEN,step106で各陣形有効ラインから再計算済みの9因縁行を使用し、重複組では総合値最大の配置を残す,方円||通常||9||丹羽長秀(風雲)|今川義元|前田利家|愛姫(起源)|武田晴信|細川藤孝(立役)||健康第一|山紫水明|巧言令色|摂理探究|文明開化|老練闊達|謀略家|質実剛健|雄材大略,,step116_9inen_dedup_max_total,23437,23437,step164_verified_normal9,土属性,521
step116_9_方円_000013,STEP116_9INEN_DEDUP_MAX_TOTAL_RESULT,step106_9inen_full_780_dedup_by_hero_set_bond_set_max_total,方円,通常,9,今川義元|前田利家(雄材)|丹羽長秀(風雲)|武田晴信|愛姫(起源)|細川藤孝(立役),今川義元|前田利家(雄材)|丹羽長秀(風雲)|武田晴信|愛姫(起源)|細川藤孝(立役),謀略家|雄材大略|摂理探究|健康第一|老練闊達|質実剛健|文明開化|山紫水明|巧言令色,謀略家|雄材大略|摂理探究|健康第一|老練闊達|質実剛健|文明開化|山紫水明|巧言令色,14973,4838,131,210,0,783,344,521,568,568,501,ステータス計算済み,step116で9因縁780行を「陣形+配置英傑6人セット+発動因縁セット」で重複除外。同一組内は総合値最大の配置を代表として採用。,STEP116_SELECTED_MAX_TOTAL_FROM_STEP106_RECALCULATED_9INEN,step106で各陣形有効ラインから再計算済みの9因縁行を使用し、重複組では総合値最大の配置を残す,方円||通常||9||丹羽長秀(風雲)|今川義元|前田利家(雄材)|愛姫(起源)|武田晴信|細川藤孝(立役)||健康第一|山紫水明|巧言令色|摂理探究|文明開化|老練闊達|謀略家|質実剛健|雄材大略,,step116_9inen_dedup_max_total,23437,23437,step164_verified_normal9,土属性,521
step116_9_方円_000018,STEP116_9INEN_DEDUP_MAX_TOTAL_RESULT,step106_9inen_full_780_dedup_by_hero_set_bond_set_max_total,方円,通常,9,丹羽長秀(風雲)|武田晴信|高台院|細川藤孝(立役)|今川義元|前田利家,丹羽長秀(風雲)|武田晴信|高台院|細川藤孝(立役)|今川義元|前田利家,健康第一|老練闊達|質実剛健|文明開化|山紫水明|巧言令色|謀略家|雄材大略|摂理探究,健康第一|老練闊達|質実剛健|文明開化|山紫水明|巧言令色|謀略家|雄材大略|摂理探究,14976,4813,120,206,0,787,344,520,566,564,498,ステータス計算済み,step116で9因縁780行を「陣形+配置英傑6人セット+発動因縁セット」で重複除外。同一組内は総合値最大の配置を代表として採用。,STEP116_SELECTED_MAX_TOTAL_FROM_STEP106_RECALCULATED_9INEN,step106で各陣形有効ラインから再計算済みの9因縁行を使用し、重複組では総合値最大の配置を残す,方円||通常||9||丹羽長秀(風雲)|今川義元|前田利家|武田晴信|細川藤孝(立役)|高台院||健康第一|山紫水明|巧言令色|摂理探究|文明開化|老練闊達|謀略家|質実剛健|雄材大略,,step116_9inen_dedup_max_total,23394,23394,step164_verified_normal9,土属性,520
step116_9_方円_000017,STEP116_9INEN_DEDUP_MAX_TOTAL_RESULT,step106_9inen_full_780_dedup_by_hero_set_bond_set_max_total,方円,通常,9,今川義元|前田利家(雄材)|丹羽長秀(風雲)|武田晴信|高台院|細川藤孝(立役),今川義元|前田利家(雄材)|丹羽長秀(風雲)|武田晴信|高台院|細川藤孝(立役),謀略家|雄材大略|摂理探究|健康第一|老練闊達|質実剛健|文明開化|山紫水明|巧言令色,謀略家|雄材大略|摂理探究|健康第一|老練闊達|質実剛健|文明開化|山紫水明|巧言令色,14976,4813,120,206,0,787,344,520,566,564,498,ステータス計算済み,step116で9因縁780行を「陣形+配置英傑6人セット+発動因縁セット」で重複除外。同一組内は総合値最大の配置を代表として採用。,STEP116_SELECTED_MAX_TOTAL_FROM_STEP106_RECALCULATED_9INEN,step106で各陣形有効ラインから再計算済みの9因縁行を使用し、重複組では総合値最大の配置を残す,方円||通常||9||丹羽長秀(風雲)|今川義元|前田利家(雄材)|武田晴信|細川藤孝(立役)|高台院||健康第一|山紫水明|巧言令色|摂理探究|文明開化|老練闊達|謀略家|質実剛健|雄材大略,,step116_9inen_dedup_max_total,23394,23394,step164_verified_normal9,土属性,520
step116_9_方円_000048,STEP116_9INEN_DEDUP_MAX_TOTAL_RESULT,step106_9inen_full_780_dedup_by_hero_set_bond_set_max_total,方円,通常,9,佐竹義重|豊臣秀長|北条氏照(剛柔)|豊臣秀次|百地三太夫(野望)|斎藤道三(巳),佐竹義重|豊臣秀長|北条氏照(剛柔)|豊臣秀次|百地三太夫(野望)|斎藤道三(巳),知将の絆|立役者|技巧伝承|柔能制剛|謀略家|生殺与奪|侍|才腕の絆|知勇兼備,知将の絆|立役者|技巧伝承|柔能制剛|謀略家|生殺与奪|侍|才腕の絆|知勇兼備,13439,1428,148,90,470,950,392,509,499,509,503,ステータス計算済み,step116で9因縁780行を「陣形+配置英傑6人セット+発動因縁セット」で重複除外。同一組内は総合値最大の配置を代表として採用。,STEP116_SELECTED_MAX_TOTAL_FROM_STEP106_RECALCULATED_9INEN,step106で各陣形有効ラインから再計算済みの9因縁行を使用し、重複組では総合値最大の配置を残す,方円||通常||9||佐竹義重|北条氏照(剛柔)|斎藤道三(巳)|百地三太夫(野望)|豊臣秀次|豊臣秀長||侍|才腕の絆|技巧伝承|柔能制剛|生殺与奪|知勇兼備|知将の絆|立役者|謀略家,,step116_9inen_dedup_max_total,18937,18937,step164_verified_normal9,土属性,509
step116_9_方円_000029,STEP116_9INEN_DEDUP_MAX_TOTAL_RESULT,step106_9inen_full_780_dedup_by_hero_set_bond_set_max_total,方円,通常,9,小松姫|長野業正|山県昌景(泰然)|島左近|細川忠興(山紫)|明智光秀(闇),小松姫|長野業正|山県昌景(泰然)|島左近|細川忠興(山紫)|明智光秀(闇),侍|根性の絆|もののふ|泰然自若|鬼の絆|流行創出|戦場の華|老練闊達|勇猛果敢,侍|根性の絆|もののふ|泰然自若|鬼の絆|流行創出|戦場の華|老練闊達|勇猛果敢,14844,3061,606,445,95,150,272,470,511,517,497,ステータス計算済み,step116で9因縁780行を「陣形+配置英傑6人セット+発動因縁セット」で重複除外。同一組内は総合値最大の配置を代表として採用。,STEP116_SELECTED_MAX_TOTAL_FROM_STEP106_RECALCULATED_9INEN,step106で各陣形有効ラインから再計算済みの9因縁行を使用し、重複組では総合値最大の配置を残す,方円||通常||9||小松姫|山県昌景(泰然)|島左近|明智光秀(闇)|細川忠興(山紫)|長野業正||もののふ|侍|勇猛果敢|戦場の華|根性の絆|泰然自若|流行創出|老練闊達|鬼の絆,,step116_9inen_dedup_max_total,21468,21468,step164_verified_normal9,土属性,470
step116_9_方円_000028,STEP116_9INEN_DEDUP_MAX_TOTAL_RESULT,step106_9inen_full_780_dedup_by_hero_set_bond_set_max_total,方円,通常,9,小松姫|長野業正|山中鹿之介|島左近|細川忠興(山紫)|明智光秀(闇),小松姫|長野業正|山中鹿之介|島左近|細川忠興(山紫)|明智光秀(闇),侍|根性の絆|もののふ|泰然自若|鬼の絆|流行創出|戦場の華|老練闊達|勇猛果敢,侍|根性の絆|もののふ|泰然自若|鬼の絆|流行創出|戦場の華|老練闊達|勇猛果敢,14897,3081,608,445,95,150,279,463,503,520,491,ステータス計算済み,step116で9因縁780行を「陣形+配置英傑6人セット+発動因縁セット」で重複除外。同一組内は総合値最大の配置を代表として採用。,STEP116_SELECTED_MAX_TOTAL_FROM_STEP106_RECALCULATED_9INEN,step106で各陣形有効ラインから再計算済みの9因縁行を使用し、重複組では総合値最大の配置を残す,方円||通常||9||小松姫|山中鹿之介|島左近|明智光秀(闇)|細川忠興(山紫)|長野業正||もののふ|侍|勇猛果敢|戦場の華|根性の絆|泰然自若|流行創出|老練闊達|鬼の絆,,step116_9inen_dedup_max_total,21532,21532,step164_verified_normal9,土属性,463
step116_9_方円_000032,STEP116_9INEN_DEDUP_MAX_TOTAL_RESULT,step106_9inen_full_780_dedup_by_hero_set_bond_set_max_total,方円,通常,9,小松姫|長野業正|山県昌景(泰然)|島左近|豊臣秀次|明智光秀(闇),小松姫|長野業正|山県昌景(泰然)|島左近|豊臣秀次|明智光秀(闇),侍|根性の絆|もののふ|泰然自若|謀略家|流行創出|戦場の華|老練闊達|勇猛果敢,侍|根性の絆|もののふ|泰然自若|謀略家|流行創出|戦場の華|老練闊達|勇猛果敢,14462,2975,422,311,95,304,272,444,471,486,465,ステータス計算済み,step116で9因縁780行を「陣形+配置英傑6人セット+発動因縁セット」で重複除外。同一組内は総合値最大の配置を代表として採用。,STEP116_SELECTED_MAX_TOTAL_FROM_STEP106_RECALCULATED_9INEN,step106で各陣形有効ラインから再計算済みの9因縁行を使用し、重複組では総合値最大の配置を残す,方円||通常||9||小松姫|山県昌景(泰然)|島左近|明智光秀(闇)|豊臣秀次|長野業正||もののふ|侍|勇猛果敢|戦場の華|根性の絆|泰然自若|流行創出|老練闊達|謀略家,,step116_9inen_dedup_max_total,20707,20707,step164_verified_normal9,土属性,444
step116_9_方円_000031,STEP116_9INEN_DEDUP_MAX_TOTAL_RESULT,step106_9inen_full_780_dedup_by_hero_set_bond_set_max_total,方円,通常,9,小松姫|長野業正|山中鹿之介|島左近|豊臣秀次|明智光秀(闇),小松姫|長野業正|山中鹿之介|島左近|豊臣秀次|明智光秀(闇),侍|根性の絆|もののふ|泰然自若|謀略家|流行創出|戦場の華|老練闊達|勇猛果敢,侍|根性の絆|もののふ|泰然自若|謀略家|流行創出|戦場の華|老練闊達|勇猛果敢,14515,2995,424,311,95,304,279,436,464,489,459,ステータス計算済み,step116で9因縁780行を「陣形+配置英傑6人セット+発動因縁セット」で重複除外。同一組内は総合値最大の配置を代表として採用。,STEP116_SELECTED_MAX_TOTAL_FROM_STEP106_RECALCULATED_9INEN,step106で各陣形有効ラインから再計算済みの9因縁行を使用し、重複組では総合値最大の配置を残す,方円||通常||9||小松姫|山中鹿之介|島左近|明智光秀(闇)|豊臣秀次|長野業正||もののふ|侍|勇猛果敢|戦場の華|根性の絆|泰然自若|流行創出|老練闊達|謀略家,,step116_9inen_dedup_max_total,20771,20771,step164_verified_normal9,土属性,436
step116_9_方円_000044,STEP116_9INEN_DEDUP_MAX_TOTAL_RESULT,step106_9inen_full_780_dedup_by_hero_set_bond_set_max_total,方円,通常,9,仙桃院|納涼忍お綾|堀秀政|柳生宗矩|宮本武蔵(涼)|道場娘まり(和装),仙桃院|納涼忍お綾|堀秀政|柳生宗矩|宮本武蔵(涼)|道場娘まり(和装),才腕の絆|文明開化|技巧伝承|多芸多才|侍|剣豪の絆|豪傑|女傑の絆|能鷹隠爪,才腕の絆|文明開化|技巧伝承|多芸多才|侍|剣豪の絆|豪傑|女傑の絆|能鷹隠爪,13904,1403,681,184,605,169,647,403,408,432,465,ステータス計算済み,step116で9因縁780行を「陣形+配置英傑6人セット+発動因縁セット」で重複除外。同一組内は総合値最大の配置を代表として採用。,STEP116_SELECTED_MAX_TOTAL_FROM_STEP106_RECALCULATED_9INEN,step106で各陣形有効ラインから再計算済みの9因縁行を使用し、重複組では総合値最大の配置を残す,方円||通常||9||仙桃院|堀秀政|宮本武蔵(涼)|柳生宗矩|納涼忍お綾|道場娘まり(和装)||侍|剣豪の絆|多芸多才|女傑の絆|才腕の絆|技巧伝承|文明開化|能鷹隠爪|豪傑,,step116_9inen_dedup_max_total,19301,19301,step164_verified_normal9,土属性,403
step116_9_方円_000045,STEP116_9INEN_DEDUP_MAX_TOTAL_RESULT,step106_9inen_full_780_dedup_by_hero_set_bond_set_max_total,方円,通常,9,井伊直虎|納涼忍お綾|堀秀政|柳生宗矩|宮本武蔵(涼)|道場娘まり(和装),井伊直虎|納涼忍お綾|堀秀政|柳生宗矩|宮本武蔵(涼)|道場娘まり(和装),才腕の絆|文明開化|技巧伝承|多芸多才|侍|剣豪の絆|豪傑|女傑の絆|戦場の華,才腕の絆|文明開化|技巧伝承|多芸多才|侍|剣豪の絆|豪傑|女傑の絆|戦場の華,13928,1403,702,79,605,169,649,403,408,432,465,ステータス計算済み,step116で9因縁780行を「陣形+配置英傑6人セット+発動因縁セット」で重複除外。同一組内は総合値最大の配置を代表として採用。,STEP116_SELECTED_MAX_TOTAL_FROM_STEP106_RECALCULATED_9INEN,step106で各陣形有効ラインから再計算済みの9因縁行を使用し、重複組では総合値最大の配置を残す,方円||通常||9||井伊直虎|堀秀政|宮本武蔵(涼)|柳生宗矩|納涼忍お綾|道場娘まり(和装)||侍|剣豪の絆|多芸多才|女傑の絆|戦場の華|才腕の絆|技巧伝承|文明開化|豪傑,,step116_9inen_dedup_max_total,19243,19243,step164_verified_normal9,土属性,403
step116_9_方円_000050,STEP116_9INEN_DEDUP_MAX_TOTAL_RESULT,step106_9inen_full_780_dedup_by_hero_set_bond_set_max_total,方円,通常,9,武田信玄(野望)|納涼忍お綾|堀秀政|柳生宗矩|宮本武蔵(涼)|道場娘まり(和装),武田信玄(野望)|納涼忍お綾|堀秀政|柳生宗矩|宮本武蔵(涼)|道場娘まり(和装),才腕の絆|文明開化|技巧伝承|多芸多才|侍|剣豪の絆|豪傑|戦場の華|能鷹隠爪,才腕の絆|文明開化|技巧伝承|多芸多才|侍|剣豪の絆|豪傑|戦場の華|能鷹隠爪,13504,1403,514,178,605,169,608,403,408,432,465,ステータス計算済み,step116で9因縁780行を「陣形+配置英傑6人セット+発動因縁セット」で重複除外。同一組内は総合値最大の配置を代表として採用。,STEP116_SELECTED_MAX_TOTAL_FROM_STEP106_RECALCULATED_9INEN,step106で各陣形有効ラインから再計算済みの9因縁行を使用し、重複組では総合値最大の配置を残す,方円||通常||9||堀秀政|宮本武蔵(涼)|柳生宗矩|武田信玄(野望)|納涼忍お綾|道場娘まり(和装)||侍|剣豪の絆|多芸多才|戦場の華|才腕の絆|技巧伝承|文明開化|能鷹隠爪|豪傑,,step116_9inen_dedup_max_total,18689,18689,step164_verified_normal9,土属性,403
step116_9_方円_000052,STEP116_9INEN_DEDUP_MAX_TOTAL_RESULT,step106_9inen_full_780_dedup_by_hero_set_bond_set_max_total,方円,通常,9,仙桃院|納涼忍お綾|堀秀政|柳生宗矩|明智光秀(闇)|井伊直虎,仙桃院|納涼忍お綾|堀秀政|柳生宗矩|明智光秀(闇)|井伊直虎,才腕の絆|文明開化|技巧伝承|多芸多才|豪傑|勇猛果敢|女傑の絆|戦場の華|能鷹隠爪,才腕の絆|文明開化|技巧伝承|多芸多才|豪傑|勇猛果敢|女傑の絆|戦場の華|能鷹隠爪,13564,975,598,159,577,169,801,403,408,432,465,ステータス計算済み,step116で9因縁780行を「陣形+配置英傑6人セット+発動因縁セット」で重複除外。同一組内は総合値最大の配置を代表として採用。,STEP116_SELECTED_MAX_TOTAL_FROM_STEP106_RECALCULATED_9INEN,step106で各陣形有効ラインから再計算済みの9因縁行を使用し、重複組では総合値最大の配置を残す,方円||通常||9||井伊直虎|仙桃院|堀秀政|明智光秀(闇)|柳生宗矩|納涼忍お綾||勇猛果敢|多芸多才|女傑の絆|戦場の華|才腕の絆|技巧伝承|文明開化|能鷹隠爪|豪傑,,step116_9inen_dedup_max_total,18551,18551,step164_verified_normal9,土属性,403
step116_9_方円_000053,STEP116_9INEN_DEDUP_MAX_TOTAL_RESULT,step106_9inen_full_780_dedup_by_hero_set_bond_set_max_total,方円,通常,9,仙桃院|納涼忍お綾|堀秀政|柳生宗矩|上杉謙信(野望)|井伊直虎,仙桃院|納涼忍お綾|堀秀政|柳生宗矩|上杉謙信(野望)|井伊直虎,才腕の絆|文明開化|技巧伝承|多芸多才|豪傑|勇猛果敢|女傑の絆|戦場の華|能鷹隠爪,才腕の絆|文明開化|技巧伝承|多芸多才|豪傑|勇猛果敢|女傑の絆|戦場の華|能鷹隠爪,13524,975,578,159,579,169,801,403,408,432,465,ステータス計算済み,step116で9因縁780行を「陣形+配置英傑6人セット+発動因縁セット」で重複除外。同一組内は総合値最大の配置を代表として採用。,STEP116_SELECTED_MAX_TOTAL_FROM_STEP106_RECALCULATED_9INEN,step106で各陣形有効ラインから再計算済みの9因縁行を使用し、重複組では総合値最大の配置を残す,方円||通常||9||上杉謙信(野望)|井伊直虎|仙桃院|堀秀政|柳生宗矩|納涼忍お綾||勇猛果敢|多芸多才|女傑の絆|戦場の華|才腕の絆|技巧伝承|文明開化|能鷹隠爪|豪傑,,step116_9inen_dedup_max_total,18493,18493,step164_verified_normal9,土属性,403
step116_9_方円_000054,STEP116_9INEN_DEDUP_MAX_TOTAL_RESULT,step106_9inen_full_780_dedup_by_hero_set_bond_set_max_total,方円,通常,9,仙桃院|納涼忍お綾|堀秀政|柳生宗矩|原虎胤|井伊直虎,仙桃院|納涼忍お綾|堀秀政|柳生宗矩|原虎胤|井伊直虎,才腕の絆|文明開化|技巧伝承|多芸多才|豪傑|勇猛果敢|女傑の絆|戦場の華|能鷹隠爪,才腕の絆|文明開化|技巧伝承|多芸多才|豪傑|勇猛果敢|女傑の絆|戦場の華|能鷹隠爪,13052,975,528,159,557,169,801,403,408,432,465,ステータス計算済み,step116で9因縁780行を「陣形+配置英傑6人セット+発動因縁セット」で重複除外。同一組内は総合値最大の配置を代表として採用。,STEP116_SELECTED_MAX_TOTAL_FROM_STEP106_RECALCULATED_9INEN,step106で各陣形有効ラインから再計算済みの9因縁行を使用し、重複組では総合値最大の配置を残す,方円||通常||9||井伊直虎|仙桃院|原虎胤|堀秀政|柳生宗矩|納涼忍お綾||勇猛果敢|多芸多才|女傑の絆|戦場の華|才腕の絆|技巧伝承|文明開化|能鷹隠爪|豪傑,,step116_9inen_dedup_max_total,17949,17949,step164_verified_normal9,土属性,403
step116_9_方円_000034,STEP116_9INEN_DEDUP_MAX_TOTAL_RESULT,step106_9inen_full_780_dedup_by_hero_set_bond_set_max_total,方円,通常,9,伊達政宗(起源)|山県昌景(泰然)|島左近|長野業正|明智光秀(闇)|小松姫,伊達政宗(起源)|山県昌景(泰然)|島左近|長野業正|明智光秀(闇)|小松姫,侍|根性の絆|もののふ|泰然自若|戦場の華|老練闊達|勇猛果敢|武芸の絆|意気衝天,侍|根性の絆|もののふ|泰然自若|戦場の華|老練闊達|勇猛果敢|武芸の絆|意気衝天,14359,3561,506,357,201,121,272,238,246,264,249,ステータス計算済み,step116で9因縁780行を「陣形+配置英傑6人セット+発動因縁セット」で重複除外。同一組内は総合値最大の配置を代表として採用。,STEP116_SELECTED_MAX_TOTAL_FROM_STEP106_RECALCULATED_9INEN,step106で各陣形有効ラインから再計算済みの9因縁行を使用し、重複組では総合値最大の配置を残す,方円||通常||9||伊達政宗(起源)|小松姫|山県昌景(泰然)|島左近|明智光秀(闇)|長野業正||もののふ|侍|勇猛果敢|意気衝天|戦場の華|根性の絆|武芸の絆|泰然自若|老練闊達,,step116_9inen_dedup_max_total,20374,20374,step164_verified_normal9,土属性,238
step116_9_方円_000042,STEP116_9INEN_DEDUP_MAX_TOTAL_RESULT,step106_9inen_full_780_dedup_by_hero_set_bond_set_max_total,方円,通常,9,十河一存|山県昌景(泰然)|島左近|長野業正|明智光秀(闇)|小松姫,十河一存|山県昌景(泰然)|島左近|長野業正|明智光秀(闇)|小松姫,侍|根性の絆|もののふ|泰然自若|戦場の華|老練闊達|勇猛果敢|武芸の絆|意気衝天,侍|根性の絆|もののふ|泰然自若|戦場の華|老練闊達|勇猛果敢|武芸の絆|意気衝天,13882,3313,496,350,185,105,272,238,246,264,249,ステータス計算済み,step116で9因縁780行を「陣形+配置英傑6人セット+発動因縁セット」で重複除外。同一組内は総合値最大の配置を代表として採用。,STEP116_SELECTED_MAX_TOTAL_FROM_STEP106_RECALCULATED_9INEN,step106で各陣形有効ラインから再計算済みの9因縁行を使用し、重複組では総合値最大の配置を残す,方円||通常||9||十河一存|小松姫|山県昌景(泰然)|島左近|明智光秀(闇)|長野業正||もののふ|侍|勇猛果敢|意気衝天|戦場の華|根性の絆|武芸の絆|泰然自若|老練闊達,,step116_9inen_dedup_max_total,19600,19600,step164_verified_normal9,土属性,238
step116_9_方円_000043,STEP116_9INEN_DEDUP_MAX_TOTAL_RESULT,step106_9inen_full_780_dedup_by_hero_set_bond_set_max_total,方円,通常,9,井伊直政|山県昌景(泰然)|島左近|長野業正|明智光秀(闇)|小松姫,井伊直政|山県昌景(泰然)|島左近|長野業正|明智光秀(闇)|小松姫,侍|根性の絆|もののふ|泰然自若|戦場の華|老練闊達|勇猛果敢|武芸の絆|意気衝天,侍|根性の絆|もののふ|泰然自若|戦場の華|老練闊達|勇猛果敢|武芸の絆|意気衝天,13882,3313,495,351,181,105,272,238,246,264,249,ステータス計算済み,step116で9因縁780行を「陣形+配置英傑6人セット+発動因縁セット」で重複除外。同一組内は総合値最大の配置を代表として採用。,STEP116_SELECTED_MAX_TOTAL_FROM_STEP106_RECALCULATED_9INEN,step106で各陣形有効ラインから再計算済みの9因縁行を使用し、重複組では総合値最大の配置を残す,方円||通常||9||井伊直政|小松姫|山県昌景(泰然)|島左近|明智光秀(闇)|長野業正||もののふ|侍|勇猛果敢|意気衝天|戦場の華|根性の絆|武芸の絆|泰然自若|老練闊達,,step116_9inen_dedup_max_total,19596,19596,step164_verified_normal9,土属性,238
step116_9_方円_000021,STEP116_9INEN_DEDUP_MAX_TOTAL_RESULT,step106_9inen_full_780_dedup_by_hero_set_bond_set_max_total,方円,通常,9,長野業正|山中鹿之介|吉川元春|井伊直虎|宮本武蔵(涼)|島左近,長野業正|山中鹿之介|吉川元春|井伊直虎|宮本武蔵(涼)|島左近,猛将の絆|勇猛果敢|意気衝天|軍学の絆|豪傑|侍|根性の絆|もののふ|泰然自若,猛将の絆|勇猛果敢|意気衝天|軍学の絆|豪傑|侍|根性の絆|もののふ|泰然自若,16076,4022,733,374,175,163,224,231,238,267,244,ステータス計算済み,step116で9因縁780行を「陣形+配置英傑6人セット+発動因縁セット」で重複除外。同一組内は総合値最大の配置を代表として採用。,STEP116_SELECTED_MAX_TOTAL_FROM_STEP106_RECALCULATED_9INEN,step106で各陣形有効ラインから再計算済みの9因縁行を使用し、重複組では総合値最大の配置を残す,方円||通常||9||井伊直虎|吉川元春|宮本武蔵(涼)|山中鹿之介|島左近|長野業正||もののふ|侍|勇猛果敢|意気衝天|根性の絆|泰然自若|猛将の絆|豪傑|軍学の絆,,step116_9inen_dedup_max_total,22747,22747,step164_verified_normal9,土属性,231
step116_9_方円_000024,STEP116_9INEN_DEDUP_MAX_TOTAL_RESULT,step106_9inen_full_780_dedup_by_hero_set_bond_set_max_total,方円,通常,9,吉川元春|山中鹿之介|長野業正|島左近|山県昌景|井伊直虎,吉川元春|山中鹿之介|長野業正|島左近|山県昌景|井伊直虎,侍|根性の絆|もののふ|泰然自若|軍学の絆|豪傑|猛将の絆|勇猛果敢|意気衝天,侍|根性の絆|もののふ|泰然自若|軍学の絆|豪傑|猛将の絆|勇猛果敢|意気衝天,15788,4022,710,367,175,158,216,231,238,267,244,ステータス計算済み,step116で9因縁780行を「陣形+配置英傑6人セット+発動因縁セット」で重複除外。同一組内は総合値最大の配置を代表として採用。,STEP116_SELECTED_MAX_TOTAL_FROM_STEP106_RECALCULATED_9INEN,step106で各陣形有効ラインから再計算済みの9因縁行を使用し、重複組では総合値最大の配置を残す,方円||通常||9||井伊直虎|吉川元春|山中鹿之介|山県昌景|島左近|長野業正||もののふ|侍|勇猛果敢|意気衝天|根性の絆|泰然自若|猛将の絆|豪傑|軍学の絆,,step116_9inen_dedup_max_total,22416,22416,step164_verified_normal9,土属性,231
step116_9_方円_000025,STEP116_9INEN_DEDUP_MAX_TOTAL_RESULT,step106_9inen_full_780_dedup_by_hero_set_bond_set_max_total,方円,通常,9,長野業正|山中鹿之介|吉川元春|井伊直虎|柿崎景家|島左近,長野業正|山中鹿之介|吉川元春|井伊直虎|柿崎景家|島左近,猛将の絆|勇猛果敢|意気衝天|軍学の絆|豪傑|侍|根性の絆|もののふ|泰然自若,猛将の絆|勇猛果敢|意気衝天|軍学の絆|豪傑|侍|根性の絆|もののふ|泰然自若,15696,4022,713,366,175,158,216,231,238,267,244,ステータス計算済み,step116で9因縁780行を「陣形+配置英傑6人セット+発動因縁セット」で重複除外。同一組内は総合値最大の配置を代表として採用。,STEP116_SELECTED_MAX_TOTAL_FROM_STEP106_RECALCULATED_9INEN,step106で各陣形有効ラインから再計算済みの9因縁行を使用し、重複組では総合値最大の配置を残す,方円||通常||9||井伊直虎|吉川元春|山中鹿之介|島左近|柿崎景家|長野業正||もののふ|侍|勇猛果敢|意気衝天|根性の絆|泰然自若|猛将の絆|豪傑|軍学の絆,,step116_9inen_dedup_max_total,22326,22326,step164_verified_normal9,土属性,231
step116_9_方円_000033,STEP116_9INEN_DEDUP_MAX_TOTAL_RESULT,step106_9inen_full_780_dedup_by_hero_set_bond_set_max_total,方円,通常,9,伊達政宗(起源)|山中鹿之介|島左近|長野業正|明智光秀(闇)|小松姫,伊達政宗(起源)|山中鹿之介|島左近|長野業正|明智光秀(闇)|小松姫,侍|根性の絆|もののふ|泰然自若|戦場の華|老練闊達|勇猛果敢|武芸の絆|意気衝天,侍|根性の絆|もののふ|泰然自若|戦場の華|老練闊達|勇猛果敢|武芸の絆|意気衝天,14439,3655,509,357,205,121,279,231,238,267,244,ステータス計算済み,step116で9因縁780行を「陣形+配置英傑6人セット+発動因縁セット」で重複除外。同一組内は総合値最大の配置を代表として採用。,STEP116_SELECTED_MAX_TOTAL_FROM_STEP106_RECALCULATED_9INEN,step106で各陣形有効ラインから再計算済みの9因縁行を使用し、重複組では総合値最大の配置を残す,方円||通常||9||伊達政宗(起源)|小松姫|山中鹿之介|島左近|明智光秀(闇)|長野業正||もののふ|侍|勇猛果敢|意気衝天|戦場の華|根性の絆|武芸の絆|泰然自若|老練闊達,,step116_9inen_dedup_max_total,20545,20545,step164_verified_normal9,土属性,231
step116_9_方円_000038,STEP116_9INEN_DEDUP_MAX_TOTAL_RESULT,step106_9inen_full_780_dedup_by_hero_set_bond_set_max_total,方円,通常,9,十河一存|山中鹿之介|島左近|長野業正|明智光秀(闇)|小松姫,十河一存|山中鹿之介|島左近|長野業正|明智光秀(闇)|小松姫,侍|根性の絆|もののふ|泰然自若|戦場の華|老練闊達|勇猛果敢|武芸の絆|意気衝天,侍|根性の絆|もののふ|泰然自若|戦場の華|老練闊達|勇猛果敢|武芸の絆|意気衝天,13961,3406,499,350,189,106,279,231,238,267,244,ステータス計算済み,step116で9因縁780行を「陣形+配置英傑6人セット+発動因縁セット」で重複除外。同一組内は総合値最大の配置を代表として採用。,STEP116_SELECTED_MAX_TOTAL_FROM_STEP106_RECALCULATED_9INEN,step106で各陣形有効ラインから再計算済みの9因縁行を使用し、重複組では総合値最大の配置を残す,方円||通常||9||十河一存|小松姫|山中鹿之介|島左近|明智光秀(闇)|長野業正||もののふ|侍|勇猛果敢|意気衝天|戦場の華|根性の絆|武芸の絆|泰然自若|老練闊達,,step116_9inen_dedup_max_total,19770,19770,step164_verified_normal9,土属性,231
step116_9_方円_000039,STEP116_9INEN_DEDUP_MAX_TOTAL_RESULT,step106_9inen_full_780_dedup_by_hero_set_bond_set_max_total,方円,通常,9,井伊直政|山中鹿之介|島左近|長野業正|明智光秀(闇)|小松姫,井伊直政|山中鹿之介|島左近|長野業正|明智光秀(闇)|小松姫,侍|根性の絆|もののふ|泰然自若|戦場の華|老練闊達|勇猛果敢|武芸の絆|意気衝天,侍|根性の絆|もののふ|泰然自若|戦場の華|老練闊達|勇猛果敢|武芸の絆|意気衝天,13961,3406,498,351,185,106,279,231,238,267,244,ステータス計算済み,step116で9因縁780行を「陣形+配置英傑6人セット+発動因縁セット」で重複除外。同一組内は総合値最大の配置を代表として採用。,STEP116_SELECTED_MAX_TOTAL_FROM_STEP106_RECALCULATED_9INEN,step106で各陣形有効ラインから再計算済みの9因縁行を使用し、重複組では総合値最大の配置を残す,方円||通常||9||井伊直政|小松姫|山中鹿之介|島左近|明智光秀(闇)|長野業正||もののふ|侍|勇猛果敢|意気衝天|戦場の華|根性の絆|武芸の絆|泰然自若|老練闊達,,step116_9inen_dedup_max_total,19766,19766,step164_verified_normal9,土属性,231
step116_9_方円_000055,STEP116_9INEN_DEDUP_MAX_TOTAL_RESULT,step106_9inen_full_780_dedup_by_hero_set_bond_set_max_total,方円,通常,9,谷忠澄|柳生宗矩|宮本武蔵(涼)|道場娘まり(和装)|井伊直虎|魔女ルシア,谷忠澄|柳生宗矩|宮本武蔵(涼)|道場娘まり(和装)|井伊直虎|魔女ルシア,侍|剣豪の絆|豪傑|女傑の絆|戦場の華|文明開化|技巧伝承|竜飛鳳舞|多芸多才,侍|剣豪の絆|豪傑|女傑の絆|戦場の華|文明開化|技巧伝承|竜飛鳳舞|多芸多才,13298,1346,790,72,340,289,652,171,168,161,194,ステータス計算済み,step116で9因縁780行を「陣形+配置英傑6人セット+発動因縁セット」で重複除外。同一組内は総合値最大の配置を代表として採用。,STEP116_SELECTED_MAX_TOTAL_FROM_STEP106_RECALCULATED_9INEN,step106で各陣形有効ラインから再計算済みの9因縁行を使用し、重複組では総合値最大の配置を残す,方円||通常||9||井伊直虎|宮本武蔵(涼)|柳生宗矩|谷忠澄|道場娘まり(和装)|魔女ルシア||侍|剣豪の絆|多芸多才|女傑の絆|戦場の華|技巧伝承|文明開化|竜飛鳳舞|豪傑,,step116_9inen_dedup_max_total,17481,17481,step164_verified_normal9,土属性,171
step116_9_方円_000030,STEP116_9INEN_DEDUP_MAX_TOTAL_RESULT,step106_9inen_full_780_dedup_by_hero_set_bond_set_max_total,方円,通常,9,細川藤孝(立役)|大内義隆|北条氏邦|出雲阿国(野望)|大祝鶴|魔女ルシア,細川藤孝(立役)|大内義隆|北条氏邦|出雲阿国(野望)|大祝鶴|魔女ルシア,流行創出|多芸多才|神主・巫女|女傑の絆|洒落者の絆|文化人の絆|文明開化|技巧伝承|山紫水明,流行創出|多芸多才|神主・巫女|女傑の絆|洒落者の絆|文化人の絆|文明開化|技巧伝承|山紫水明,13386,2828,227,40,348,443,684,850,893,818,874,ステータス計算済み,step116で9因縁780行を「陣形+配置英傑6人セット+発動因縁セット」で重複除外。同一組内は総合値最大の配置を代表として採用。,STEP116_SELECTED_MAX_TOTAL_FROM_STEP106_RECALCULATED_9INEN,step106で各陣形有効ラインから再計算済みの9因縁行を使用し、重複組では総合値最大の配置を残す,方円||通常||9||出雲阿国(野望)|北条氏邦|大内義隆|大祝鶴|細川藤孝(立役)|魔女ルシア||多芸多才|女傑の絆|山紫水明|技巧伝承|文化人の絆|文明開化|洒落者の絆|流行創出|神主・巫女,,step116_9inen_dedup_max_total,21391,21391,step164_verified_normal9,水属性,893
step116_9_方円_000036,STEP116_9INEN_DEDUP_MAX_TOTAL_RESULT,step106_9inen_full_780_dedup_by_hero_set_bond_set_max_total,方円,通常,9,武田晴信|豊臣秀長|北条氏照(剛柔)|豊臣秀次|細川藤孝(立役)|前田利家,武田晴信|豊臣秀長|北条氏照(剛柔)|豊臣秀次|細川藤孝(立役)|前田利家,知将の絆|立役者|技巧伝承|柔能制剛|文明開化|山紫水明|謀略家|雄材大略|摂理探究,知将の絆|立役者|技巧伝承|柔能制剛|文明開化|山紫水明|謀略家|雄材大略|摂理探究,14832,899,76,0,267,1174,173,705,680,724,679,ステータス計算済み,step116で9因縁780行を「陣形+配置英傑6人セット+発動因縁セット」で重複除外。同一組内は総合値最大の配置を代表として採用。,STEP116_SELECTED_MAX_TOTAL_FROM_STEP106_RECALCULATED_9INEN,step106で各陣形有効ラインから再計算済みの9因縁行を使用し、重複組では総合値最大の配置を残す,方円||通常||9||前田利家|北条氏照(剛柔)|武田晴信|細川藤孝(立役)|豊臣秀次|豊臣秀長||山紫水明|技巧伝承|摂理探究|文明開化|柔能制剛|知将の絆|立役者|謀略家|雄材大略,,step116_9inen_dedup_max_total,20209,20209,step164_verified_normal9,水属性,680
step116_9_方円_000035,STEP116_9INEN_DEDUP_MAX_TOTAL_RESULT,step106_9inen_full_780_dedup_by_hero_set_bond_set_max_total,方円,通常,9,北条氏照(剛柔)|豊臣秀長|武田晴信|前田利家(雄材)|細川藤孝(立役)|豊臣秀次,北条氏照(剛柔)|豊臣秀長|武田晴信|前田利家(雄材)|細川藤孝(立役)|豊臣秀次,謀略家|雄材大略|摂理探究|文明開化|山紫水明|知将の絆|立役者|技巧伝承|柔能制剛,謀略家|雄材大略|摂理探究|文明開化|山紫水明|知将の絆|立役者|技巧伝承|柔能制剛,14832,899,76,0,267,1174,173,705,680,724,679,ステータス計算済み,step116で9因縁780行を「陣形+配置英傑6人セット+発動因縁セット」で重複除外。同一組内は総合値最大の配置を代表として採用。,STEP116_SELECTED_MAX_TOTAL_FROM_STEP106_RECALCULATED_9INEN,step106で各陣形有効ラインから再計算済みの9因縁行を使用し、重複組では総合値最大の配置を残す,方円||通常||9||前田利家(雄材)|北条氏照(剛柔)|武田晴信|細川藤孝(立役)|豊臣秀次|豊臣秀長||山紫水明|技巧伝承|摂理探究|文明開化|柔能制剛|知将の絆|立役者|謀略家|雄材大略,,step116_9inen_dedup_max_total,20209,20209,step164_verified_normal9,水属性,680
step116_9_方円_000023,STEP116_9INEN_DEDUP_MAX_TOTAL_RESULT,step106_9inen_full_780_dedup_by_hero_set_bond_set_max_total,方円,通常,9,酒井忠次(衣鉢)|伊奈忠次|ガラシャ(聖)|斎藤利三(神祇)|毛利隆元|豊臣秀吉,酒井忠次(衣鉢)|伊奈忠次|ガラシャ(聖)|斎藤利三(神祇)|毛利隆元|豊臣秀吉,召喚術の絆|摂理探究|世渡り上手の絆|才腕の絆|謀略家|柔能制剛|技巧伝承|天神地祇|雄材大略,召喚術の絆|摂理探究|世渡り上手の絆|才腕の絆|謀略家|柔能制剛|技巧伝承|天神地祇|雄材大略,15387,3129,37,51,359,664,423,655,664,696,634,ステータス計算済み,step116で9因縁780行を「陣形+配置英傑6人セット+発動因縁セット」で重複除外。同一組内は総合値最大の配置を代表として採用。,STEP116_SELECTED_MAX_TOTAL_FROM_STEP106_RECALCULATED_9INEN,step106で各陣形有効ラインから再計算済みの9因縁行を使用し、重複組では総合値最大の配置を残す,方円||通常||9||ガラシャ(聖)|伊奈忠次|斎藤利三(神祇)|毛利隆元|豊臣秀吉|酒井忠次(衣鉢)||世渡り上手の絆|召喚術の絆|天神地祇|才腕の絆|技巧伝承|摂理探究|柔能制剛|謀略家|雄材大略,,step116_9inen_dedup_max_total,22699,22699,step164_verified_normal9,水属性,664
step116_9_方円_000022,STEP116_9INEN_DEDUP_MAX_TOTAL_RESULT,step106_9inen_full_780_dedup_by_hero_set_bond_set_max_total,方円,通常,9,酒井忠次(通)|伊奈忠次|ガラシャ(聖)|斎藤利三(神祇)|毛利隆元|豊臣秀吉,酒井忠次(通)|伊奈忠次|ガラシャ(聖)|斎藤利三(神祇)|毛利隆元|豊臣秀吉,召喚術の絆|摂理探究|世渡り上手の絆|才腕の絆|謀略家|柔能制剛|技巧伝承|天神地祇|雄材大略,召喚術の絆|摂理探究|世渡り上手の絆|才腕の絆|謀略家|柔能制剛|技巧伝承|天神地祇|雄材大略,15387,3129,37,51,359,664,423,655,664,696,634,ステータス計算済み,step116で9因縁780行を「陣形+配置英傑6人セット+発動因縁セット」で重複除外。同一組内は総合値最大の配置を代表として採用。,STEP116_SELECTED_MAX_TOTAL_FROM_STEP106_RECALCULATED_9INEN,step106で各陣形有効ラインから再計算済みの9因縁行を使用し、重複組では総合値最大の配置を残す,方円||通常||9||ガラシャ(聖)|伊奈忠次|斎藤利三(神祇)|毛利隆元|豊臣秀吉|酒井忠次(通)||世渡り上手の絆|召喚術の絆|天神地祇|才腕の絆|技巧伝承|摂理探究|柔能制剛|謀略家|雄材大略,,step116_9inen_dedup_max_total,22699,22699,step164_verified_normal9,水属性,664
step116_9_方円_000041,STEP116_9INEN_DEDUP_MAX_TOTAL_RESULT,step106_9inen_full_780_dedup_by_hero_set_bond_set_max_total,方円,通常,9,上杉憲政|豊臣秀長|北条氏照(剛柔)|豊臣秀次|細川藤孝(立役)|前田利家,上杉憲政|豊臣秀長|北条氏照(剛柔)|豊臣秀次|細川藤孝(立役)|前田利家,知将の絆|立役者|技巧伝承|柔能制剛|文明開化|山紫水明|謀略家|雄材大略|摂理探究,知将の絆|立役者|技巧伝承|柔能制剛|文明開化|山紫水明|謀略家|雄材大略|摂理探究,14490,861,79,0,267,1097,173,669,652,695,651,ステータス計算済み,step116で9因縁780行を「陣形+配置英傑6人セット+発動因縁セット」で重複除外。同一組内は総合値最大の配置を代表として採用。,STEP116_SELECTED_MAX_TOTAL_FROM_STEP106_RECALCULATED_9INEN,step106で各陣形有効ラインから再計算済みの9因縁行を使用し、重複組では総合値最大の配置を残す,方円||通常||9||上杉憲政|前田利家|北条氏照(剛柔)|細川藤孝(立役)|豊臣秀次|豊臣秀長||山紫水明|技巧伝承|摂理探究|文明開化|柔能制剛|知将の絆|立役者|謀略家|雄材大略,,step116_9inen_dedup_max_total,19634,19634,step164_verified_normal9,水属性,652
step116_9_方円_000040,STEP116_9INEN_DEDUP_MAX_TOTAL_RESULT,step106_9inen_full_780_dedup_by_hero_set_bond_set_max_total,方円,通常,9,北条氏照(剛柔)|豊臣秀長|上杉憲政|前田利家(雄材)|細川藤孝(立役)|豊臣秀次,北条氏照(剛柔)|豊臣秀長|上杉憲政|前田利家(雄材)|細川藤孝(立役)|豊臣秀次,謀略家|雄材大略|摂理探究|文明開化|山紫水明|知将の絆|立役者|技巧伝承|柔能制剛,謀略家|雄材大略|摂理探究|文明開化|山紫水明|知将の絆|立役者|技巧伝承|柔能制剛,14490,861,79,0,267,1097,173,669,652,695,651,ステータス計算済み,step116で9因縁780行を「陣形+配置英傑6人セット+発動因縁セット」で重複除外。同一組内は総合値最大の配置を代表として採用。,STEP116_SELECTED_MAX_TOTAL_FROM_STEP106_RECALCULATED_9INEN,step106で各陣形有効ラインから再計算済みの9因縁行を使用し、重複組では総合値最大の配置を残す,方円||通常||9||上杉憲政|前田利家(雄材)|北条氏照(剛柔)|細川藤孝(立役)|豊臣秀次|豊臣秀長||山紫水明|技巧伝承|摂理探究|文明開化|柔能制剛|知将の絆|立役者|謀略家|雄材大略,,step116_9inen_dedup_max_total,19634,19634,step164_verified_normal9,水属性,652
step116_9_方円_000047,STEP116_9INEN_DEDUP_MAX_TOTAL_RESULT,step106_9inen_full_780_dedup_by_hero_set_bond_set_max_total,方円,通常,9,豊臣秀長|北条氏照(剛柔)|金森長近|雑賀孫市(道化)|黒田長政|黒田官兵衛,豊臣秀長|北条氏照(剛柔)|金森長近|雑賀孫市(道化)|黒田長政|黒田官兵衛,文明開化|技巧伝承|知勇兼備|才腕の絆|硝煙弾雨|多芸多才|知将の絆|立役者|柔能制剛,文明開化|技巧伝承|知勇兼備|才腕の絆|硝煙弾雨|多芸多才|知将の絆|立役者|柔能制剛,11393,3272,147,112,631,777,343,562,643,581,554,ステータス計算済み,step116で9因縁780行を「陣形+配置英傑6人セット+発動因縁セット」で重複除外。同一組内は総合値最大の配置を代表として採用。,STEP116_SELECTED_MAX_TOTAL_FROM_STEP106_RECALCULATED_9INEN,step106で各陣形有効ラインから再計算済みの9因縁行を使用し、重複組では総合値最大の配置を残す,方円||通常||9||北条氏照(剛柔)|豊臣秀長|金森長近|雑賀孫市(道化)|黒田官兵衛|黒田長政||多芸多才|才腕の絆|技巧伝承|文明開化|柔能制剛|知勇兼備|知将の絆|硝煙弾雨|立役者,,step116_9inen_dedup_max_total,19015,19015,step164_verified_normal9,水属性,643
step116_9_方円_000046,STEP116_9INEN_DEDUP_MAX_TOTAL_RESULT,step106_9inen_full_780_dedup_by_hero_set_bond_set_max_total,方円,通常,9,鍋島直茂(乱雲)|北条氏照(剛柔)|金森長近|雑賀孫市(道化)|黒田長政|黒田官兵衛,鍋島直茂(乱雲)|北条氏照(剛柔)|金森長近|雑賀孫市(道化)|黒田長政|黒田官兵衛,文明開化|技巧伝承|知勇兼備|才腕の絆|硝煙弾雨|多芸多才|知将の絆|立役者|柔能制剛,文明開化|技巧伝承|知勇兼備|才腕の絆|硝煙弾雨|多芸多才|知将の絆|立役者|柔能制剛,11606,3272,147,112,633,773,343,556,641,573,552,ステータス計算済み,step116で9因縁780行を「陣形+配置英傑6人セット+発動因縁セット」で重複除外。同一組内は総合値最大の配置を代表として採用。,STEP116_SELECTED_MAX_TOTAL_FROM_STEP106_RECALCULATED_9INEN,step106で各陣形有効ラインから再計算済みの9因縁行を使用し、重複組では総合値最大の配置を残す,方円||通常||9||北条氏照(剛柔)|金森長近|鍋島直茂(乱雲)|雑賀孫市(道化)|黒田官兵衛|黒田長政||多芸多才|才腕の絆|技巧伝承|文明開化|柔能制剛|知勇兼備|知将の絆|硝煙弾雨|立役者,,step116_9inen_dedup_max_total,19208,19208,step164_verified_normal9,水属性,641
step116_9_方円_000051,STEP116_9INEN_DEDUP_MAX_TOTAL_RESULT,step106_9inen_full_780_dedup_by_hero_set_bond_set_max_total,方円,通常,9,豊臣秀長|北条氏照(剛柔)|金森長近|雑賀孫市(道化)|大久保忠世|黒田官兵衛,豊臣秀長|北条氏照(剛柔)|金森長近|雑賀孫市(道化)|大久保忠世|黒田官兵衛,文明開化|技巧伝承|知勇兼備|才腕の絆|硝煙弾雨|多芸多才|知将の絆|立役者|柔能制剛,文明開化|技巧伝承|知勇兼備|才腕の絆|硝煙弾雨|多芸多才|知将の絆|立役者|柔能制剛,11154,3232,143,108,626,764,336,530,612,545,525,ステータス計算済み,step116で9因縁780行を「陣形+配置英傑6人セット+発動因縁セット」で重複除外。同一組内は総合値最大の配置を代表として採用。,STEP116_SELECTED_MAX_TOTAL_FROM_STEP106_RECALCULATED_9INEN,step106で各陣形有効ラインから再計算済みの9因縁行を使用し、重複組では総合値最大の配置を残す,方円||通常||9||北条氏照(剛柔)|大久保忠世|豊臣秀長|金森長近|雑賀孫市(道化)|黒田官兵衛||多芸多才|才腕の絆|技巧伝承|文明開化|柔能制剛|知勇兼備|知将の絆|硝煙弾雨|立役者,,step116_9inen_dedup_max_total,18575,18575,step164_verified_normal9,水属性,612
step116_9_方円_000027,STEP116_9INEN_DEDUP_MAX_TOTAL_RESULT,step106_9inen_full_780_dedup_by_hero_set_bond_set_max_total,方円,通常,9,酒井忠次(衣鉢)|伊奈忠次|サンチョ|斎藤利三(神祇)|毛利隆元|豊臣秀吉,酒井忠次(衣鉢)|伊奈忠次|サンチョ|斎藤利三(神祇)|毛利隆元|豊臣秀吉,召喚術の絆|摂理探究|世渡り上手の絆|才腕の絆|謀略家|柔能制剛|技巧伝承|天神地祇|雄材大略,召喚術の絆|摂理探究|世渡り上手の絆|才腕の絆|謀略家|柔能制剛|技巧伝承|天神地祇|雄材大略,14916,3129,28,40,359,635,423,607,610,631,578,ステータス計算済み,step116で9因縁780行を「陣形+配置英傑6人セット+発動因縁セット」で重複除外。同一組内は総合値最大の配置を代表として採用。,STEP116_SELECTED_MAX_TOTAL_FROM_STEP106_RECALCULATED_9INEN,step106で各陣形有効ラインから再計算済みの9因縁行を使用し、重複組では総合値最大の配置を残す,方円||通常||9||サンチョ|伊奈忠次|斎藤利三(神祇)|毛利隆元|豊臣秀吉|酒井忠次(衣鉢)||世渡り上手の絆|召喚術の絆|天神地祇|才腕の絆|技巧伝承|摂理探究|柔能制剛|謀略家|雄材大略,,step116_9inen_dedup_max_total,21956,21956,step164_verified_normal9,水属性,610
step116_9_方円_000026,STEP116_9INEN_DEDUP_MAX_TOTAL_RESULT,step106_9inen_full_780_dedup_by_hero_set_bond_set_max_total,方円,通常,9,酒井忠次(通)|伊奈忠次|サンチョ|斎藤利三(神祇)|毛利隆元|豊臣秀吉,酒井忠次(通)|伊奈忠次|サンチョ|斎藤利三(神祇)|毛利隆元|豊臣秀吉,召喚術の絆|摂理探究|世渡り上手の絆|才腕の絆|謀略家|柔能制剛|技巧伝承|天神地祇|雄材大略,召喚術の絆|摂理探究|世渡り上手の絆|才腕の絆|謀略家|柔能制剛|技巧伝承|天神地祇|雄材大略,14916,3129,28,40,359,635,423,607,610,631,578,ステータス計算済み,step116で9因縁780行を「陣形+配置英傑6人セット+発動因縁セット」で重複除外。同一組内は総合値最大の配置を代表として採用。,STEP116_SELECTED_MAX_TOTAL_FROM_STEP106_RECALCULATED_9INEN,step106で各陣形有効ラインから再計算済みの9因縁行を使用し、重複組では総合値最大の配置を残す,方円||通常||9||サンチョ|伊奈忠次|斎藤利三(神祇)|毛利隆元|豊臣秀吉|酒井忠次(通)||世渡り上手の絆|召喚術の絆|天神地祇|才腕の絆|技巧伝承|摂理探究|柔能制剛|謀略家|雄材大略,,step116_9inen_dedup_max_total,21956,21956,step164_verified_normal9,水属性,610
step116_9_方円_000049,STEP116_9INEN_DEDUP_MAX_TOTAL_RESULT,step106_9inen_full_780_dedup_by_hero_set_bond_set_max_total,方円,通常,9,鍋島直茂(乱雲)|北条氏照(剛柔)|金森長近|雑賀孫市(道化)|大久保忠世|黒田官兵衛,鍋島直茂(乱雲)|北条氏照(剛柔)|金森長近|雑賀孫市(道化)|大久保忠世|黒田官兵衛,文明開化|技巧伝承|知勇兼備|才腕の絆|硝煙弾雨|多芸多才|知将の絆|立役者|柔能制剛,文明開化|技巧伝承|知勇兼備|才腕の絆|硝煙弾雨|多芸多才|知将の絆|立役者|柔能制剛,11367,3232,143,108,628,760,336,524,610,536,523,ステータス計算済み,step116で9因縁780行を「陣形+配置英傑6人セット+発動因縁セット」で重複除外。同一組内は総合値最大の配置を代表として採用。,STEP116_SELECTED_MAX_TOTAL_FROM_STEP106_RECALCULATED_9INEN,step106で各陣形有効ラインから再計算済みの9因縁行を使用し、重複組では総合値最大の配置を残す,方円||通常||9||北条氏照(剛柔)|大久保忠世|金森長近|鍋島直茂(乱雲)|雑賀孫市(道化)|黒田官兵衛||多芸多才|才腕の絆|技巧伝承|文明開化|柔能制剛|知勇兼備|知将の絆|硝煙弾雨|立役者,,step116_9inen_dedup_max_total,18767,18767,step164_verified_normal9,水属性,610
step116_9_方円_000016,STEP116_9INEN_DEDUP_MAX_TOTAL_RESULT,step106_9inen_full_780_dedup_by_hero_set_bond_set_max_total,方円,通常,9,竹中半兵衛(右腕)|武田晴信|愛姫(起源)|細川藤孝(立役)|今川義元|前田利家,竹中半兵衛(右腕)|武田晴信|愛姫(起源)|細川藤孝(立役)|今川義元|前田利家,健康第一|老練闊達|質実剛健|文明開化|山紫水明|巧言令色|謀略家|雄材大略|摂理探究,健康第一|老練闊達|質実剛健|文明開化|山紫水明|巧言令色|謀略家|雄材大略|摂理探究,14808,4896,136,210,0,792,344,552,573,573,532,ステータス計算済み,step116で9因縁780行を「陣形+配置英傑6人セット+発動因縁セット」で重複除外。同一組内は総合値最大の配置を代表として採用。,STEP116_SELECTED_MAX_TOTAL_FROM_STEP106_RECALCULATED_9INEN,step106で各陣形有効ラインから再計算済みの9因縁行を使用し、重複組では総合値最大の配置を残す,方円||通常||9||今川義元|前田利家|愛姫(起源)|武田晴信|竹中半兵衛(右腕)|細川藤孝(立役)||健康第一|山紫水明|巧言令色|摂理探究|文明開化|老練闊達|謀略家|質実剛健|雄材大略,,step116_9inen_dedup_max_total,23416,23416,step164_verified_normal9,水属性,573
step116_9_方円_000015,STEP116_9INEN_DEDUP_MAX_TOTAL_RESULT,step106_9inen_full_780_dedup_by_hero_set_bond_set_max_total,方円,通常,9,今川義元|前田利家(雄材)|竹中半兵衛(右腕)|武田晴信|愛姫(起源)|細川藤孝(立役),今川義元|前田利家(雄材)|竹中半兵衛(右腕)|武田晴信|愛姫(起源)|細川藤孝(立役),謀略家|雄材大略|摂理探究|健康第一|老練闊達|質実剛健|文明開化|山紫水明|巧言令色,謀略家|雄材大略|摂理探究|健康第一|老練闊達|質実剛健|文明開化|山紫水明|巧言令色,14808,4896,136,210,0,792,344,552,573,573,532,ステータス計算済み,step116で9因縁780行を「陣形+配置英傑6人セット+発動因縁セット」で重複除外。同一組内は総合値最大の配置を代表として採用。,STEP116_SELECTED_MAX_TOTAL_FROM_STEP106_RECALCULATED_9INEN,step106で各陣形有効ラインから再計算済みの9因縁行を使用し、重複組では総合値最大の配置を残す,方円||通常||9||今川義元|前田利家(雄材)|愛姫(起源)|武田晴信|竹中半兵衛(右腕)|細川藤孝(立役)||健康第一|山紫水明|巧言令色|摂理探究|文明開化|老練闊達|謀略家|質実剛健|雄材大略,,step116_9inen_dedup_max_total,23416,23416,step164_verified_normal9,水属性,573
step116_9_方円_000020,STEP116_9INEN_DEDUP_MAX_TOTAL_RESULT,step106_9inen_full_780_dedup_by_hero_set_bond_set_max_total,方円,通常,9,竹中半兵衛(右腕)|武田晴信|高台院|細川藤孝(立役)|今川義元|前田利家,竹中半兵衛(右腕)|武田晴信|高台院|細川藤孝(立役)|今川義元|前田利家,健康第一|老練闊達|質実剛健|文明開化|山紫水明|巧言令色|謀略家|雄材大略|摂理探究,健康第一|老練闊達|質実剛健|文明開化|山紫水明|巧言令色|謀略家|雄材大略|摂理探究,14811,4870,125,206,0,796,344,551,570,568,529,ステータス計算済み,step116で9因縁780行を「陣形+配置英傑6人セット+発動因縁セット」で重複除外。同一組内は総合値最大の配置を代表として採用。,STEP116_SELECTED_MAX_TOTAL_FROM_STEP106_RECALCULATED_9INEN,step106で各陣形有効ラインから再計算済みの9因縁行を使用し、重複組では総合値最大の配置を残す,方円||通常||9||今川義元|前田利家|武田晴信|竹中半兵衛(右腕)|細川藤孝(立役)|高台院||健康第一|山紫水明|巧言令色|摂理探究|文明開化|老練闊達|謀略家|質実剛健|雄材大略,,step116_9inen_dedup_max_total,23370,23370,step164_verified_normal9,水属性,570
step116_9_方円_000019,STEP116_9INEN_DEDUP_MAX_TOTAL_RESULT,step106_9inen_full_780_dedup_by_hero_set_bond_set_max_total,方円,通常,9,今川義元|前田利家(雄材)|竹中半兵衛(右腕)|武田晴信|高台院|細川藤孝(立役),今川義元|前田利家(雄材)|竹中半兵衛(右腕)|武田晴信|高台院|細川藤孝(立役),謀略家|雄材大略|摂理探究|健康第一|老練闊達|質実剛健|文明開化|山紫水明|巧言令色,謀略家|雄材大略|摂理探究|健康第一|老練闊達|質実剛健|文明開化|山紫水明|巧言令色,14811,4870,125,206,0,796,344,551,570,568,529,ステータス計算済み,step116で9因縁780行を「陣形+配置英傑6人セット+発動因縁セット」で重複除外。同一組内は総合値最大の配置を代表として採用。,STEP116_SELECTED_MAX_TOTAL_FROM_STEP106_RECALCULATED_9INEN,step106で各陣形有効ラインから再計算済みの9因縁行を使用し、重複組では総合値最大の配置を残す,方円||通常||9||今川義元|前田利家(雄材)|武田晴信|竹中半兵衛(右腕)|細川藤孝(立役)|高台院||健康第一|山紫水明|巧言令色|摂理探究|文明開化|老練闊達|謀略家|質実剛健|雄材大略,,step116_9inen_dedup_max_total,23370,23370,step164_verified_normal9,水属性,570
step116_9_方円_000014,STEP116_9INEN_DEDUP_MAX_TOTAL_RESULT,step106_9inen_full_780_dedup_by_hero_set_bond_set_max_total,方円,通常,9,丹羽長秀(風雲)|武田晴信|愛姫(起源)|細川藤孝(立役)|今川義元|前田利家,丹羽長秀(風雲)|武田晴信|愛姫(起源)|細川藤孝(立役)|今川義元|前田利家,健康第一|老練闊達|質実剛健|文明開化|山紫水明|巧言令色|謀略家|雄材大略|摂理探究,健康第一|老練闊達|質実剛健|文明開化|山紫水明|巧言令色|謀略家|雄材大略|摂理探究,14973,4838,131,210,0,783,344,521,568,568,501,ステータス計算済み,step116で9因縁780行を「陣形+配置英傑6人セット+発動因縁セット」で重複除外。同一組内は総合値最大の配置を代表として採用。,STEP116_SELECTED_MAX_TOTAL_FROM_STEP106_RECALCULATED_9INEN,step106で各陣形有効ラインから再計算済みの9因縁行を使用し、重複組では総合値最大の配置を残す,方円||通常||9||丹羽長秀(風雲)|今川義元|前田利家|愛姫(起源)|武田晴信|細川藤孝(立役)||健康第一|山紫水明|巧言令色|摂理探究|文明開化|老練闊達|謀略家|質実剛健|雄材大略,,step116_9inen_dedup_max_total,23437,23437,step164_verified_normal9,水属性,568
step116_9_方円_000013,STEP116_9INEN_DEDUP_MAX_TOTAL_RESULT,step106_9inen_full_780_dedup_by_hero_set_bond_set_max_total,方円,通常,9,今川義元|前田利家(雄材)|丹羽長秀(風雲)|武田晴信|愛姫(起源)|細川藤孝(立役),今川義元|前田利家(雄材)|丹羽長秀(風雲)|武田晴信|愛姫(起源)|細川藤孝(立役),謀略家|雄材大略|摂理探究|健康第一|老練闊達|質実剛健|文明開化|山紫水明|巧言令色,謀略家|雄材大略|摂理探究|健康第一|老練闊達|質実剛健|文明開化|山紫水明|巧言令色,14973,4838,131,210,0,783,344,521,568,568,501,ステータス計算済み,step116で9因縁780行を「陣形+配置英傑6人セット+発動因縁セット」で重複除外。同一組内は総合値最大の配置を代表として採用。,STEP116_SELECTED_MAX_TOTAL_FROM_STEP106_RECALCULATED_9INEN,step106で各陣形有効ラインから再計算済みの9因縁行を使用し、重複組では総合値最大の配置を残す,方円||通常||9||丹羽長秀(風雲)|今川義元|前田利家(雄材)|愛姫(起源)|武田晴信|細川藤孝(立役)||健康第一|山紫水明|巧言令色|摂理探究|文明開化|老練闊達|謀略家|質実剛健|雄材大略,,step116_9inen_dedup_max_total,23437,23437,step164_verified_normal9,水属性,568
step116_9_方円_000018,STEP116_9INEN_DEDUP_MAX_TOTAL_RESULT,step106_9inen_full_780_dedup_by_hero_set_bond_set_max_total,方円,通常,9,丹羽長秀(風雲)|武田晴信|高台院|細川藤孝(立役)|今川義元|前田利家,丹羽長秀(風雲)|武田晴信|高台院|細川藤孝(立役)|今川義元|前田利家,健康第一|老練闊達|質実剛健|文明開化|山紫水明|巧言令色|謀略家|雄材大略|摂理探究,健康第一|老練闊達|質実剛健|文明開化|山紫水明|巧言令色|謀略家|雄材大略|摂理探究,14976,4813,120,206,0,787,344,520,566,564,498,ステータス計算済み,step116で9因縁780行を「陣形+配置英傑6人セット+発動因縁セット」で重複除外。同一組内は総合値最大の配置を代表として採用。,STEP116_SELECTED_MAX_TOTAL_FROM_STEP106_RECALCULATED_9INEN,step106で各陣形有効ラインから再計算済みの9因縁行を使用し、重複組では総合値最大の配置を残す,方円||通常||9||丹羽長秀(風雲)|今川義元|前田利家|武田晴信|細川藤孝(立役)|高台院||健康第一|山紫水明|巧言令色|摂理探究|文明開化|老練闊達|謀略家|質実剛健|雄材大略,,step116_9inen_dedup_max_total,23394,23394,step164_verified_normal9,水属性,566
step116_9_方円_000017,STEP116_9INEN_DEDUP_MAX_TOTAL_RESULT,step106_9inen_full_780_dedup_by_hero_set_bond_set_max_total,方円,通常,9,今川義元|前田利家(雄材)|丹羽長秀(風雲)|武田晴信|高台院|細川藤孝(立役),今川義元|前田利家(雄材)|丹羽長秀(風雲)|武田晴信|高台院|細川藤孝(立役),謀略家|雄材大略|摂理探究|健康第一|老練闊達|質実剛健|文明開化|山紫水明|巧言令色,謀略家|雄材大略|摂理探究|健康第一|老練闊達|質実剛健|文明開化|山紫水明|巧言令色,14976,4813,120,206,0,787,344,520,566,564,498,ステータス計算済み,step116で9因縁780行を「陣形+配置英傑6人セット+発動因縁セット」で重複除外。同一組内は総合値最大の配置を代表として採用。,STEP116_SELECTED_MAX_TOTAL_FROM_STEP106_RECALCULATED_9INEN,step106で各陣形有効ラインから再計算済みの9因縁行を使用し、重複組では総合値最大の配置を残す,方円||通常||9||丹羽長秀(風雲)|今川義元|前田利家(雄材)|武田晴信|細川藤孝(立役)|高台院||健康第一|山紫水明|巧言令色|摂理探究|文明開化|老練闊達|謀略家|質実剛健|雄材大略,,step116_9inen_dedup_max_total,23394,23394,step164_verified_normal9,水属性,566
step116_9_方円_000010,STEP116_9INEN_DEDUP_MAX_TOTAL_RESULT,step106_9inen_full_780_dedup_by_hero_set_bond_set_max_total,方円,通常,9,豊臣秀長|武田晴信|愛姫(起源)|細川藤孝(立役)|今川義元|前田利家,豊臣秀長|武田晴信|愛姫(起源)|細川藤孝(立役)|今川義元|前田利家,健康第一|老練闊達|質実剛健|文明開化|山紫水明|巧言令色|謀略家|雄材大略|摂理探究,健康第一|老練闊達|質実剛健|文明開化|山紫水明|巧言令色|謀略家|雄材大略|摂理探究,15036,4864,143,210,0,790,344,539,559,563,519,ステータス計算済み,step116で9因縁780行を「陣形+配置英傑6人セット+発動因縁セット」で重複除外。同一組内は総合値最大の配置を代表として採用。,STEP116_SELECTED_MAX_TOTAL_FROM_STEP106_RECALCULATED_9INEN,step106で各陣形有効ラインから再計算済みの9因縁行を使用し、重複組では総合値最大の配置を残す,方円||通常||9||今川義元|前田利家|愛姫(起源)|武田晴信|細川藤孝(立役)|豊臣秀長||健康第一|山紫水明|巧言令色|摂理探究|文明開化|老練闊達|謀略家|質実剛健|雄材大略,,step116_9inen_dedup_max_total,23567,23567,step164_verified_normal9,水属性,559
step116_9_方円_000009,STEP116_9INEN_DEDUP_MAX_TOTAL_RESULT,step106_9inen_full_780_dedup_by_hero_set_bond_set_max_total,方円,通常,9,今川義元|前田利家(雄材)|豊臣秀長|武田晴信|愛姫(起源)|細川藤孝(立役),今川義元|前田利家(雄材)|豊臣秀長|武田晴信|愛姫(起源)|細川藤孝(立役),謀略家|雄材大略|摂理探究|健康第一|老練闊達|質実剛健|文明開化|山紫水明|巧言令色,謀略家|雄材大略|摂理探究|健康第一|老練闊達|質実剛健|文明開化|山紫水明|巧言令色,15036,4864,143,210,0,790,344,539,559,563,519,ステータス計算済み,step116で9因縁780行を「陣形+配置英傑6人セット+発動因縁セット」で重複除外。同一組内は総合値最大の配置を代表として採用。,STEP116_SELECTED_MAX_TOTAL_FROM_STEP106_RECALCULATED_9INEN,step106で各陣形有効ラインから再計算済みの9因縁行を使用し、重複組では総合値最大の配置を残す,方円||通常||9||今川義元|前田利家(雄材)|愛姫(起源)|武田晴信|細川藤孝(立役)|豊臣秀長||健康第一|山紫水明|巧言令色|摂理探究|文明開化|老練闊達|謀略家|質実剛健|雄材大略,,step116_9inen_dedup_max_total,23567,23567,step164_verified_normal9,水属性,559
step116_9_方円_000012,STEP116_9INEN_DEDUP_MAX_TOTAL_RESULT,step106_9inen_full_780_dedup_by_hero_set_bond_set_max_total,方円,通常,9,豊臣秀長|武田晴信|高台院|細川藤孝(立役)|今川義元|前田利家,豊臣秀長|武田晴信|高台院|細川藤孝(立役)|今川義元|前田利家,健康第一|老練闊達|質実剛健|文明開化|山紫水明|巧言令色|謀略家|雄材大略|摂理探究,健康第一|老練闊達|質実剛健|文明開化|山紫水明|巧言令色|謀略家|雄材大略|摂理探究,15039,4838,132,206,0,795,344,537,557,558,515,ステータス計算済み,step116で9因縁780行を「陣形+配置英傑6人セット+発動因縁セット」で重複除外。同一組内は総合値最大の配置を代表として採用。,STEP116_SELECTED_MAX_TOTAL_FROM_STEP106_RECALCULATED_9INEN,step106で各陣形有効ラインから再計算済みの9因縁行を使用し、重複組では総合値最大の配置を残す,方円||通常||9||今川義元|前田利家|武田晴信|細川藤孝(立役)|豊臣秀長|高台院||健康第一|山紫水明|巧言令色|摂理探究|文明開化|老練闊達|謀略家|質実剛健|雄材大略,,step116_9inen_dedup_max_total,23521,23521,step164_verified_normal9,水属性,557
step116_9_方円_000011,STEP116_9INEN_DEDUP_MAX_TOTAL_RESULT,step106_9inen_full_780_dedup_by_hero_set_bond_set_max_total,方円,通常,9,今川義元|前田利家(雄材)|豊臣秀長|武田晴信|高台院|細川藤孝(立役),今川義元|前田利家(雄材)|豊臣秀長|武田晴信|高台院|細川藤孝(立役),謀略家|雄材大略|摂理探究|健康第一|老練闊達|質実剛健|文明開化|山紫水明|巧言令色,謀略家|雄材大略|摂理探究|健康第一|老練闊達|質実剛健|文明開化|山紫水明|巧言令色,15039,4838,132,206,0,795,344,537,557,558,515,ステータス計算済み,step116で9因縁780行を「陣形+配置英傑6人セット+発動因縁セット」で重複除外。同一組内は総合値最大の配置を代表として採用。,STEP116_SELECTED_MAX_TOTAL_FROM_STEP106_RECALCULATED_9INEN,step106で各陣形有効ラインから再計算済みの9因縁行を使用し、重複組では総合値最大の配置を残す,方円||通常||9||今川義元|前田利家(雄材)|武田晴信|細川藤孝(立役)|豊臣秀長|高台院||健康第一|山紫水明|巧言令色|摂理探究|文明開化|老練闊達|謀略家|質実剛健|雄材大略,,step116_9inen_dedup_max_total,23521,23521,step164_verified_normal9,水属性,557
step116_9_方円_000002,STEP116_9INEN_DEDUP_MAX_TOTAL_RESULT,step106_9inen_full_780_dedup_by_hero_set_bond_set_max_total,方円,通常,9,鍋島直茂(乱雲)|武田晴信|愛姫(起源)|細川藤孝(立役)|今川義元|前田利家,鍋島直茂(乱雲)|武田晴信|愛姫(起源)|細川藤孝(立役)|今川義元|前田利家,健康第一|老練闊達|質実剛健|文明開化|山紫水明|巧言令色|謀略家|雄材大略|摂理探究,健康第一|老練闊達|質実剛健|文明開化|山紫水明|巧言令色|謀略家|雄材大略|摂理探究,15234,4833,147,210,0,786,344,531,556,551,515,ステータス計算済み,step116で9因縁780行を「陣形+配置英傑6人セット+発動因縁セット」で重複除外。同一組内は総合値最大の配置を代表として採用。,STEP116_SELECTED_MAX_TOTAL_FROM_STEP106_RECALCULATED_9INEN,step106で各陣形有効ラインから再計算済みの9因縁行を使用し、重複組では総合値最大の配置を残す,方円||通常||9||今川義元|前田利家|愛姫(起源)|武田晴信|細川藤孝(立役)|鍋島直茂(乱雲)||健康第一|山紫水明|巧言令色|摂理探究|文明開化|老練闊達|謀略家|質実剛健|雄材大略,,step116_9inen_dedup_max_total,23707,23707,step164_verified_normal9,水属性,556
step116_9_方円_000001,STEP116_9INEN_DEDUP_MAX_TOTAL_RESULT,step106_9inen_full_780_dedup_by_hero_set_bond_set_max_total,方円,通常,9,今川義元|前田利家(雄材)|鍋島直茂(乱雲)|武田晴信|愛姫(起源)|細川藤孝(立役),今川義元|前田利家(雄材)|鍋島直茂(乱雲)|武田晴信|愛姫(起源)|細川藤孝(立役),謀略家|雄材大略|摂理探究|健康第一|老練闊達|質実剛健|文明開化|山紫水明|巧言令色,謀略家|雄材大略|摂理探究|健康第一|老練闊達|質実剛健|文明開化|山紫水明|巧言令色,15234,4833,147,210,0,786,344,531,556,551,515,ステータス計算済み,step116で9因縁780行を「陣形+配置英傑6人セット+発動因縁セット」で重複除外。同一組内は総合値最大の配置を代表として採用。,STEP116_SELECTED_MAX_TOTAL_FROM_STEP106_RECALCULATED_9INEN,step106で各陣形有効ラインから再計算済みの9因縁行を使用し、重複組では総合値最大の配置を残す,方円||通常||9||今川義元|前田利家(雄材)|愛姫(起源)|武田晴信|細川藤孝(立役)|鍋島直茂(乱雲)||健康第一|山紫水明|巧言令色|摂理探究|文明開化|老練闊達|謀略家|質実剛健|雄材大略,,step116_9inen_dedup_max_total,23707,23707,step164_verified_normal9,水属性,556
step116_9_方円_000004,STEP116_9INEN_DEDUP_MAX_TOTAL_RESULT,step106_9inen_full_780_dedup_by_hero_set_bond_set_max_total,方円,通常,9,鍋島直茂(乱雲)|武田晴信|高台院|細川藤孝(立役)|今川義元|前田利家,鍋島直茂(乱雲)|武田晴信|高台院|細川藤孝(立役)|今川義元|前田利家,健康第一|老練闊達|質実剛健|文明開化|山紫水明|巧言令色|謀略家|雄材大略|摂理探究,健康第一|老練闊達|質実剛健|文明開化|山紫水明|巧言令色|謀略家|雄材大略|摂理探究,15237,4808,136,206,0,790,344,530,554,546,512,ステータス計算済み,step116で9因縁780行を「陣形+配置英傑6人セット+発動因縁セット」で重複除外。同一組内は総合値最大の配置を代表として採用。,STEP116_SELECTED_MAX_TOTAL_FROM_STEP106_RECALCULATED_9INEN,step106で各陣形有効ラインから再計算済みの9因縁行を使用し、重複組では総合値最大の配置を残す,方円||通常||9||今川義元|前田利家|武田晴信|細川藤孝(立役)|鍋島直茂(乱雲)|高台院||健康第一|山紫水明|巧言令色|摂理探究|文明開化|老練闊達|謀略家|質実剛健|雄材大略,,step116_9inen_dedup_max_total,23663,23663,step164_verified_normal9,水属性,554
step116_9_方円_000003,STEP116_9INEN_DEDUP_MAX_TOTAL_RESULT,step106_9inen_full_780_dedup_by_hero_set_bond_set_max_total,方円,通常,9,今川義元|前田利家(雄材)|鍋島直茂(乱雲)|武田晴信|高台院|細川藤孝(立役),今川義元|前田利家(雄材)|鍋島直茂(乱雲)|武田晴信|高台院|細川藤孝(立役),謀略家|雄材大略|摂理探究|健康第一|老練闊達|質実剛健|文明開化|山紫水明|巧言令色,謀略家|雄材大略|摂理探究|健康第一|老練闊達|質実剛健|文明開化|山紫水明|巧言令色,15237,4808,136,206,0,790,344,530,554,546,512,ステータス計算済み,step116で9因縁780行を「陣形+配置英傑6人セット+発動因縁セット」で重複除外。同一組内は総合値最大の配置を代表として採用。,STEP116_SELECTED_MAX_TOTAL_FROM_STEP106_RECALCULATED_9INEN,step106で各陣形有効ラインから再計算済みの9因縁行を使用し、重複組では総合値最大の配置を残す,方円||通常||9||今川義元|前田利家(雄材)|武田晴信|細川藤孝(立役)|鍋島直茂(乱雲)|高台院||健康第一|山紫水明|巧言令色|摂理探究|文明開化|老練闊達|謀略家|質実剛健|雄材大略,,step116_9inen_dedup_max_total,23663,23663,step164_verified_normal9,水属性,554
step116_9_方円_000006,STEP116_9INEN_DEDUP_MAX_TOTAL_RESULT,step106_9inen_full_780_dedup_by_hero_set_bond_set_max_total,方円,通常,9,片倉景綱(右腕)|武田晴信|愛姫(起源)|細川藤孝(立役)|今川義元|前田利家,片倉景綱(右腕)|武田晴信|愛姫(起源)|細川藤孝(立役)|今川義元|前田利家,健康第一|老練闊達|質実剛健|文明開化|山紫水明|巧言令色|謀略家|雄材大略|摂理探究,健康第一|老練闊達|質実剛健|文明開化|山紫水明|巧言令色|謀略家|雄材大略|摂理探究,15159,4827,152,210,0,786,344,536,554,564,515,ステータス計算済み,step116で9因縁780行を「陣形+配置英傑6人セット+発動因縁セット」で重複除外。同一組内は総合値最大の配置を代表として採用。,STEP116_SELECTED_MAX_TOTAL_FROM_STEP106_RECALCULATED_9INEN,step106で各陣形有効ラインから再計算済みの9因縁行を使用し、重複組では総合値最大の配置を残す,方円||通常||9||今川義元|前田利家|愛姫(起源)|武田晴信|片倉景綱(右腕)|細川藤孝(立役)||健康第一|山紫水明|巧言令色|摂理探究|文明開化|老練闊達|謀略家|質実剛健|雄材大略,,step116_9inen_dedup_max_total,23647,23647,step164_verified_normal9,水属性,554
step116_9_方円_000005,STEP116_9INEN_DEDUP_MAX_TOTAL_RESULT,step106_9inen_full_780_dedup_by_hero_set_bond_set_max_total,方円,通常,9,今川義元|前田利家(雄材)|片倉景綱(右腕)|武田晴信|愛姫(起源)|細川藤孝(立役),今川義元|前田利家(雄材)|片倉景綱(右腕)|武田晴信|愛姫(起源)|細川藤孝(立役),謀略家|雄材大略|摂理探究|健康第一|老練闊達|質実剛健|文明開化|山紫水明|巧言令色,謀略家|雄材大略|摂理探究|健康第一|老練闊達|質実剛健|文明開化|山紫水明|巧言令色,15159,4827,152,210,0,786,344,536,554,564,515,ステータス計算済み,step116で9因縁780行を「陣形+配置英傑6人セット+発動因縁セット」で重複除外。同一組内は総合値最大の配置を代表として採用。,STEP116_SELECTED_MAX_TOTAL_FROM_STEP106_RECALCULATED_9INEN,step106で各陣形有効ラインから再計算済みの9因縁行を使用し、重複組では総合値最大の配置を残す,方円||通常||9||今川義元|前田利家(雄材)|愛姫(起源)|武田晴信|片倉景綱(右腕)|細川藤孝(立役)||健康第一|山紫水明|巧言令色|摂理探究|文明開化|老練闊達|謀略家|質実剛健|雄材大略,,step116_9inen_dedup_max_total,23647,23647,step164_verified_normal9,水属性,554
step116_9_方円_000008,STEP116_9INEN_DEDUP_MAX_TOTAL_RESULT,step106_9inen_full_780_dedup_by_hero_set_bond_set_max_total,方円,通常,9,片倉景綱(右腕)|武田晴信|高台院|細川藤孝(立役)|今川義元|前田利家,片倉景綱(右腕)|武田晴信|高台院|細川藤孝(立役)|今川義元|前田利家,健康第一|老練闊達|質実剛健|文明開化|山紫水明|巧言令色|謀略家|雄材大略|摂理探究,健康第一|老練闊達|質実剛健|文明開化|山紫水明|巧言令色|謀略家|雄材大略|摂理探究,15162,4802,141,206,0,790,344,535,552,559,512,ステータス計算済み,step116で9因縁780行を「陣形+配置英傑6人セット+発動因縁セット」で重複除外。同一組内は総合値最大の配置を代表として採用。,STEP116_SELECTED_MAX_TOTAL_FROM_STEP106_RECALCULATED_9INEN,step106で各陣形有効ラインから再計算済みの9因縁行を使用し、重複組では総合値最大の配置を残す,方円||通常||9||今川義元|前田利家|武田晴信|片倉景綱(右腕)|細川藤孝(立役)|高台院||健康第一|山紫水明|巧言令色|摂理探究|文明開化|老練闊達|謀略家|質実剛健|雄材大略,,step116_9inen_dedup_max_total,23603,23603,step164_verified_normal9,水属性,552
step116_9_方円_000007,STEP116_9INEN_DEDUP_MAX_TOTAL_RESULT,step106_9inen_full_780_dedup_by_hero_set_bond_set_max_total,方円,通常,9,今川義元|前田利家(雄材)|片倉景綱(右腕)|武田晴信|高台院|細川藤孝(立役),今川義元|前田利家(雄材)|片倉景綱(右腕)|武田晴信|高台院|細川藤孝(立役),謀略家|雄材大略|摂理探究|健康第一|老練闊達|質実剛健|文明開化|山紫水明|巧言令色,謀略家|雄材大略|摂理探究|健康第一|老練闊達|質実剛健|文明開化|山紫水明|巧言令色,15162,4802,141,206,0,790,344,535,552,559,512,ステータス計算済み,step116で9因縁780行を「陣形+配置英傑6人セット+発動因縁セット」で重複除外。同一組内は総合値最大の配置を代表として採用。,STEP116_SELECTED_MAX_TOTAL_FROM_STEP106_RECALCULATED_9INEN,step106で各陣形有効ラインから再計算済みの9因縁行を使用し、重複組では総合値最大の配置を残す,方円||通常||9||今川義元|前田利家(雄材)|武田晴信|片倉景綱(右腕)|細川藤孝(立役)|高台院||健康第一|山紫水明|巧言令色|摂理探究|文明開化|老練闊達|謀略家|質実剛健|雄材大略,,step116_9inen_dedup_max_total,23603,23603,step164_verified_normal9,水属性,552
step116_9_方円_000037,STEP116_9INEN_DEDUP_MAX_TOTAL_RESULT,step106_9inen_full_780_dedup_by_hero_set_bond_set_max_total,方円,通常,9,谷忠澄|柳生宗矩|島左近|出雲阿国(野望)|大祝鶴|魔女ルシア,谷忠澄|柳生宗矩|島左近|出雲阿国(野望)|大祝鶴|魔女ルシア,豪傑|流行創出|神主・巫女|女傑の絆|洒落者の絆|文明開化|技巧伝承|竜飛鳳舞|多芸多才,豪傑|流行創出|神主・巫女|女傑の絆|洒落者の絆|文明開化|技巧伝承|竜飛鳳舞|多芸多才,12761,2985,508,44,222,416,655,535,545,521,585,ステータス計算済み,step116で9因縁780行を「陣形+配置英傑6人セット+発動因縁セット」で重複除外。同一組内は総合値最大の配置を代表として採用。,STEP116_SELECTED_MAX_TOTAL_FROM_STEP106_RECALCULATED_9INEN,step106で各陣形有効ラインから再計算済みの9因縁行を使用し、重複組では総合値最大の配置を残す,方円||通常||9||出雲阿国(野望)|大祝鶴|島左近|柳生宗矩|谷忠澄|魔女ルシア||多芸多才|女傑の絆|技巧伝承|文明開化|洒落者の絆|流行創出|神主・巫女|竜飛鳳舞|豪傑,,step116_9inen_dedup_max_total,19777,19777,step164_verified_normal9,水属性,545
step116_9_方円_000029,STEP116_9INEN_DEDUP_MAX_TOTAL_RESULT,step106_9inen_full_780_dedup_by_hero_set_bond_set_max_total,方円,通常,9,小松姫|長野業正|山県昌景(泰然)|島左近|細川忠興(山紫)|明智光秀(闇),小松姫|長野業正|山県昌景(泰然)|島左近|細川忠興(山紫)|明智光秀(闇),侍|根性の絆|もののふ|泰然自若|鬼の絆|流行創出|戦場の華|老練闊達|勇猛果敢,侍|根性の絆|もののふ|泰然自若|鬼の絆|流行創出|戦場の華|老練闊達|勇猛果敢,14844,3061,606,445,95,150,272,470,511,517,497,ステータス計算済み,step116で9因縁780行を「陣形+配置英傑6人セット+発動因縁セット」で重複除外。同一組内は総合値最大の配置を代表として採用。,STEP116_SELECTED_MAX_TOTAL_FROM_STEP106_RECALCULATED_9INEN,step106で各陣形有効ラインから再計算済みの9因縁行を使用し、重複組では総合値最大の配置を残す,方円||通常||9||小松姫|山県昌景(泰然)|島左近|明智光秀(闇)|細川忠興(山紫)|長野業正||もののふ|侍|勇猛果敢|戦場の華|根性の絆|泰然自若|流行創出|老練闊達|鬼の絆,,step116_9inen_dedup_max_total,21468,21468,step164_verified_normal9,水属性,511
step116_9_方円_000028,STEP116_9INEN_DEDUP_MAX_TOTAL_RESULT,step106_9inen_full_780_dedup_by_hero_set_bond_set_max_total,方円,通常,9,小松姫|長野業正|山中鹿之介|島左近|細川忠興(山紫)|明智光秀(闇),小松姫|長野業正|山中鹿之介|島左近|細川忠興(山紫)|明智光秀(闇),侍|根性の絆|もののふ|泰然自若|鬼の絆|流行創出|戦場の華|老練闊達|勇猛果敢,侍|根性の絆|もののふ|泰然自若|鬼の絆|流行創出|戦場の華|老練闊達|勇猛果敢,14897,3081,608,445,95,150,279,463,503,520,491,ステータス計算済み,step116で9因縁780行を「陣形+配置英傑6人セット+発動因縁セット」で重複除外。同一組内は総合値最大の配置を代表として採用。,STEP116_SELECTED_MAX_TOTAL_FROM_STEP106_RECALCULATED_9INEN,step106で各陣形有効ラインから再計算済みの9因縁行を使用し、重複組では総合値最大の配置を残す,方円||通常||9||小松姫|山中鹿之介|島左近|明智光秀(闇)|細川忠興(山紫)|長野業正||もののふ|侍|勇猛果敢|戦場の華|根性の絆|泰然自若|流行創出|老練闊達|鬼の絆,,step116_9inen_dedup_max_total,21532,21532,step164_verified_normal9,水属性,503
step116_9_方円_000048,STEP116_9INEN_DEDUP_MAX_TOTAL_RESULT,step106_9inen_full_780_dedup_by_hero_set_bond_set_max_total,方円,通常,9,佐竹義重|豊臣秀長|北条氏照(剛柔)|豊臣秀次|百地三太夫(野望)|斎藤道三(巳),佐竹義重|豊臣秀長|北条氏照(剛柔)|豊臣秀次|百地三太夫(野望)|斎藤道三(巳),知将の絆|立役者|技巧伝承|柔能制剛|謀略家|生殺与奪|侍|才腕の絆|知勇兼備,知将の絆|立役者|技巧伝承|柔能制剛|謀略家|生殺与奪|侍|才腕の絆|知勇兼備,13439,1428,148,90,470,950,392,509,499,509,503,ステータス計算済み,step116で9因縁780行を「陣形+配置英傑6人セット+発動因縁セット」で重複除外。同一組内は総合値最大の配置を代表として採用。,STEP116_SELECTED_MAX_TOTAL_FROM_STEP106_RECALCULATED_9INEN,step106で各陣形有効ラインから再計算済みの9因縁行を使用し、重複組では総合値最大の配置を残す,方円||通常||9||佐竹義重|北条氏照(剛柔)|斎藤道三(巳)|百地三太夫(野望)|豊臣秀次|豊臣秀長||侍|才腕の絆|技巧伝承|柔能制剛|生殺与奪|知勇兼備|知将の絆|立役者|謀略家,,step116_9inen_dedup_max_total,18937,18937,step164_verified_normal9,水属性,499
step116_9_方円_000032,STEP116_9INEN_DEDUP_MAX_TOTAL_RESULT,step106_9inen_full_780_dedup_by_hero_set_bond_set_max_total,方円,通常,9,小松姫|長野業正|山県昌景(泰然)|島左近|豊臣秀次|明智光秀(闇),小松姫|長野業正|山県昌景(泰然)|島左近|豊臣秀次|明智光秀(闇),侍|根性の絆|もののふ|泰然自若|謀略家|流行創出|戦場の華|老練闊達|勇猛果敢,侍|根性の絆|もののふ|泰然自若|謀略家|流行創出|戦場の華|老練闊達|勇猛果敢,14462,2975,422,311,95,304,272,444,471,486,465,ステータス計算済み,step116で9因縁780行を「陣形+配置英傑6人セット+発動因縁セット」で重複除外。同一組内は総合値最大の配置を代表として採用。,STEP116_SELECTED_MAX_TOTAL_FROM_STEP106_RECALCULATED_9INEN,step106で各陣形有効ラインから再計算済みの9因縁行を使用し、重複組では総合値最大の配置を残す,方円||通常||9||小松姫|山県昌景(泰然)|島左近|明智光秀(闇)|豊臣秀次|長野業正||もののふ|侍|勇猛果敢|戦場の華|根性の絆|泰然自若|流行創出|老練闊達|謀略家,,step116_9inen_dedup_max_total,20707,20707,step164_verified_normal9,水属性,471
step116_9_方円_000031,STEP116_9INEN_DEDUP_MAX_TOTAL_RESULT,step106_9inen_full_780_dedup_by_hero_set_bond_set_max_total,方円,通常,9,小松姫|長野業正|山中鹿之介|島左近|豊臣秀次|明智光秀(闇),小松姫|長野業正|山中鹿之介|島左近|豊臣秀次|明智光秀(闇),侍|根性の絆|もののふ|泰然自若|謀略家|流行創出|戦場の華|老練闊達|勇猛果敢,侍|根性の絆|もののふ|泰然自若|謀略家|流行創出|戦場の華|老練闊達|勇猛果敢,14515,2995,424,311,95,304,279,436,464,489,459,ステータス計算済み,step116で9因縁780行を「陣形+配置英傑6人セット+発動因縁セット」で重複除外。同一組内は総合値最大の配置を代表として採用。,STEP116_SELECTED_MAX_TOTAL_FROM_STEP106_RECALCULATED_9INEN,step106で各陣形有効ラインから再計算済みの9因縁行を使用し、重複組では総合値最大の配置を残す,方円||通常||9||小松姫|山中鹿之介|島左近|明智光秀(闇)|豊臣秀次|長野業正||もののふ|侍|勇猛果敢|戦場の華|根性の絆|泰然自若|流行創出|老練闊達|謀略家,,step116_9inen_dedup_max_total,20771,20771,step164_verified_normal9,水属性,464
step116_9_方円_000044,STEP116_9INEN_DEDUP_MAX_TOTAL_RESULT,step106_9inen_full_780_dedup_by_hero_set_bond_set_max_total,方円,通常,9,仙桃院|納涼忍お綾|堀秀政|柳生宗矩|宮本武蔵(涼)|道場娘まり(和装),仙桃院|納涼忍お綾|堀秀政|柳生宗矩|宮本武蔵(涼)|道場娘まり(和装),才腕の絆|文明開化|技巧伝承|多芸多才|侍|剣豪の絆|豪傑|女傑の絆|能鷹隠爪,才腕の絆|文明開化|技巧伝承|多芸多才|侍|剣豪の絆|豪傑|女傑の絆|能鷹隠爪,13904,1403,681,184,605,169,647,403,408,432,465,ステータス計算済み,step116で9因縁780行を「陣形+配置英傑6人セット+発動因縁セット」で重複除外。同一組内は総合値最大の配置を代表として採用。,STEP116_SELECTED_MAX_TOTAL_FROM_STEP106_RECALCULATED_9INEN,step106で各陣形有効ラインから再計算済みの9因縁行を使用し、重複組では総合値最大の配置を残す,方円||通常||9||仙桃院|堀秀政|宮本武蔵(涼)|柳生宗矩|納涼忍お綾|道場娘まり(和装)||侍|剣豪の絆|多芸多才|女傑の絆|才腕の絆|技巧伝承|文明開化|能鷹隠爪|豪傑,,step116_9inen_dedup_max_total,19301,19301,step164_verified_normal9,水属性,408
step116_9_方円_000045,STEP116_9INEN_DEDUP_MAX_TOTAL_RESULT,step106_9inen_full_780_dedup_by_hero_set_bond_set_max_total,方円,通常,9,井伊直虎|納涼忍お綾|堀秀政|柳生宗矩|宮本武蔵(涼)|道場娘まり(和装),井伊直虎|納涼忍お綾|堀秀政|柳生宗矩|宮本武蔵(涼)|道場娘まり(和装),才腕の絆|文明開化|技巧伝承|多芸多才|侍|剣豪の絆|豪傑|女傑の絆|戦場の華,才腕の絆|文明開化|技巧伝承|多芸多才|侍|剣豪の絆|豪傑|女傑の絆|戦場の華,13928,1403,702,79,605,169,649,403,408,432,465,ステータス計算済み,step116で9因縁780行を「陣形+配置英傑6人セット+発動因縁セット」で重複除外。同一組内は総合値最大の配置を代表として採用。,STEP116_SELECTED_MAX_TOTAL_FROM_STEP106_RECALCULATED_9INEN,step106で各陣形有効ラインから再計算済みの9因縁行を使用し、重複組では総合値最大の配置を残す,方円||通常||9||井伊直虎|堀秀政|宮本武蔵(涼)|柳生宗矩|納涼忍お綾|道場娘まり(和装)||侍|剣豪の絆|多芸多才|女傑の絆|戦場の華|才腕の絆|技巧伝承|文明開化|豪傑,,step116_9inen_dedup_max_total,19243,19243,step164_verified_normal9,水属性,408
step116_9_方円_000050,STEP116_9INEN_DEDUP_MAX_TOTAL_RESULT,step106_9inen_full_780_dedup_by_hero_set_bond_set_max_total,方円,通常,9,武田信玄(野望)|納涼忍お綾|堀秀政|柳生宗矩|宮本武蔵(涼)|道場娘まり(和装),武田信玄(野望)|納涼忍お綾|堀秀政|柳生宗矩|宮本武蔵(涼)|道場娘まり(和装),才腕の絆|文明開化|技巧伝承|多芸多才|侍|剣豪の絆|豪傑|戦場の華|能鷹隠爪,才腕の絆|文明開化|技巧伝承|多芸多才|侍|剣豪の絆|豪傑|戦場の華|能鷹隠爪,13504,1403,514,178,605,169,608,403,408,432,465,ステータス計算済み,step116で9因縁780行を「陣形+配置英傑6人セット+発動因縁セット」で重複除外。同一組内は総合値最大の配置を代表として採用。,STEP116_SELECTED_MAX_TOTAL_FROM_STEP106_RECALCULATED_9INEN,step106で各陣形有効ラインから再計算済みの9因縁行を使用し、重複組では総合値最大の配置を残す,方円||通常||9||堀秀政|宮本武蔵(涼)|柳生宗矩|武田信玄(野望)|納涼忍お綾|道場娘まり(和装)||侍|剣豪の絆|多芸多才|戦場の華|才腕の絆|技巧伝承|文明開化|能鷹隠爪|豪傑,,step116_9inen_dedup_max_total,18689,18689,step164_verified_normal9,水属性,408
step116_9_方円_000052,STEP116_9INEN_DEDUP_MAX_TOTAL_RESULT,step106_9inen_full_780_dedup_by_hero_set_bond_set_max_total,方円,通常,9,仙桃院|納涼忍お綾|堀秀政|柳生宗矩|明智光秀(闇)|井伊直虎,仙桃院|納涼忍お綾|堀秀政|柳生宗矩|明智光秀(闇)|井伊直虎,才腕の絆|文明開化|技巧伝承|多芸多才|豪傑|勇猛果敢|女傑の絆|戦場の華|能鷹隠爪,才腕の絆|文明開化|技巧伝承|多芸多才|豪傑|勇猛果敢|女傑の絆|戦場の華|能鷹隠爪,13564,975,598,159,577,169,801,403,408,432,465,ステータス計算済み,step116で9因縁780行を「陣形+配置英傑6人セット+発動因縁セット」で重複除外。同一組内は総合値最大の配置を代表として採用。,STEP116_SELECTED_MAX_TOTAL_FROM_STEP106_RECALCULATED_9INEN,step106で各陣形有効ラインから再計算済みの9因縁行を使用し、重複組では総合値最大の配置を残す,方円||通常||9||井伊直虎|仙桃院|堀秀政|明智光秀(闇)|柳生宗矩|納涼忍お綾||勇猛果敢|多芸多才|女傑の絆|戦場の華|才腕の絆|技巧伝承|文明開化|能鷹隠爪|豪傑,,step116_9inen_dedup_max_total,18551,18551,step164_verified_normal9,水属性,408
step116_9_方円_000053,STEP116_9INEN_DEDUP_MAX_TOTAL_RESULT,step106_9inen_full_780_dedup_by_hero_set_bond_set_max_total,方円,通常,9,仙桃院|納涼忍お綾|堀秀政|柳生宗矩|上杉謙信(野望)|井伊直虎,仙桃院|納涼忍お綾|堀秀政|柳生宗矩|上杉謙信(野望)|井伊直虎,才腕の絆|文明開化|技巧伝承|多芸多才|豪傑|勇猛果敢|女傑の絆|戦場の華|能鷹隠爪,才腕の絆|文明開化|技巧伝承|多芸多才|豪傑|勇猛果敢|女傑の絆|戦場の華|能鷹隠爪,13524,975,578,159,579,169,801,403,408,432,465,ステータス計算済み,step116で9因縁780行を「陣形+配置英傑6人セット+発動因縁セット」で重複除外。同一組内は総合値最大の配置を代表として採用。,STEP116_SELECTED_MAX_TOTAL_FROM_STEP106_RECALCULATED_9INEN,step106で各陣形有効ラインから再計算済みの9因縁行を使用し、重複組では総合値最大の配置を残す,方円||通常||9||上杉謙信(野望)|井伊直虎|仙桃院|堀秀政|柳生宗矩|納涼忍お綾||勇猛果敢|多芸多才|女傑の絆|戦場の華|才腕の絆|技巧伝承|文明開化|能鷹隠爪|豪傑,,step116_9inen_dedup_max_total,18493,18493,step164_verified_normal9,水属性,408
step116_9_方円_000054,STEP116_9INEN_DEDUP_MAX_TOTAL_RESULT,step106_9inen_full_780_dedup_by_hero_set_bond_set_max_total,方円,通常,9,仙桃院|納涼忍お綾|堀秀政|柳生宗矩|原虎胤|井伊直虎,仙桃院|納涼忍お綾|堀秀政|柳生宗矩|原虎胤|井伊直虎,才腕の絆|文明開化|技巧伝承|多芸多才|豪傑|勇猛果敢|女傑の絆|戦場の華|能鷹隠爪,才腕の絆|文明開化|技巧伝承|多芸多才|豪傑|勇猛果敢|女傑の絆|戦場の華|能鷹隠爪,13052,975,528,159,557,169,801,403,408,432,465,ステータス計算済み,step116で9因縁780行を「陣形+配置英傑6人セット+発動因縁セット」で重複除外。同一組内は総合値最大の配置を代表として採用。,STEP116_SELECTED_MAX_TOTAL_FROM_STEP106_RECALCULATED_9INEN,step106で各陣形有効ラインから再計算済みの9因縁行を使用し、重複組では総合値最大の配置を残す,方円||通常||9||井伊直虎|仙桃院|原虎胤|堀秀政|柳生宗矩|納涼忍お綾||勇猛果敢|多芸多才|女傑の絆|戦場の華|才腕の絆|技巧伝承|文明開化|能鷹隠爪|豪傑,,step116_9inen_dedup_max_total,17949,17949,step164_verified_normal9,水属性,408
step116_9_方円_000034,STEP116_9INEN_DEDUP_MAX_TOTAL_RESULT,step106_9inen_full_780_dedup_by_hero_set_bond_set_max_total,方円,通常,9,伊達政宗(起源)|山県昌景(泰然)|島左近|長野業正|明智光秀(闇)|小松姫,伊達政宗(起源)|山県昌景(泰然)|島左近|長野業正|明智光秀(闇)|小松姫,侍|根性の絆|もののふ|泰然自若|戦場の華|老練闊達|勇猛果敢|武芸の絆|意気衝天,侍|根性の絆|もののふ|泰然自若|戦場の華|老練闊達|勇猛果敢|武芸の絆|意気衝天,14359,3561,506,357,201,121,272,238,246,264,249,ステータス計算済み,step116で9因縁780行を「陣形+配置英傑6人セット+発動因縁セット」で重複除外。同一組内は総合値最大の配置を代表として採用。,STEP116_SELECTED_MAX_TOTAL_FROM_STEP106_RECALCULATED_9INEN,step106で各陣形有効ラインから再計算済みの9因縁行を使用し、重複組では総合値最大の配置を残す,方円||通常||9||伊達政宗(起源)|小松姫|山県昌景(泰然)|島左近|明智光秀(闇)|長野業正||もののふ|侍|勇猛果敢|意気衝天|戦場の華|根性の絆|武芸の絆|泰然自若|老練闊達,,step116_9inen_dedup_max_total,20374,20374,step164_verified_normal9,水属性,246
step116_9_方円_000042,STEP116_9INEN_DEDUP_MAX_TOTAL_RESULT,step106_9inen_full_780_dedup_by_hero_set_bond_set_max_total,方円,通常,9,十河一存|山県昌景(泰然)|島左近|長野業正|明智光秀(闇)|小松姫,十河一存|山県昌景(泰然)|島左近|長野業正|明智光秀(闇)|小松姫,侍|根性の絆|もののふ|泰然自若|戦場の華|老練闊達|勇猛果敢|武芸の絆|意気衝天,侍|根性の絆|もののふ|泰然自若|戦場の華|老練闊達|勇猛果敢|武芸の絆|意気衝天,13882,3313,496,350,185,105,272,238,246,264,249,ステータス計算済み,step116で9因縁780行を「陣形+配置英傑6人セット+発動因縁セット」で重複除外。同一組内は総合値最大の配置を代表として採用。,STEP116_SELECTED_MAX_TOTAL_FROM_STEP106_RECALCULATED_9INEN,step106で各陣形有効ラインから再計算済みの9因縁行を使用し、重複組では総合値最大の配置を残す,方円||通常||9||十河一存|小松姫|山県昌景(泰然)|島左近|明智光秀(闇)|長野業正||もののふ|侍|勇猛果敢|意気衝天|戦場の華|根性の絆|武芸の絆|泰然自若|老練闊達,,step116_9inen_dedup_max_total,19600,19600,step164_verified_normal9,水属性,246
step116_9_方円_000043,STEP116_9INEN_DEDUP_MAX_TOTAL_RESULT,step106_9inen_full_780_dedup_by_hero_set_bond_set_max_total,方円,通常,9,井伊直政|山県昌景(泰然)|島左近|長野業正|明智光秀(闇)|小松姫,井伊直政|山県昌景(泰然)|島左近|長野業正|明智光秀(闇)|小松姫,侍|根性の絆|もののふ|泰然自若|戦場の華|老練闊達|勇猛果敢|武芸の絆|意気衝天,侍|根性の絆|もののふ|泰然自若|戦場の華|老練闊達|勇猛果敢|武芸の絆|意気衝天,13882,3313,495,351,181,105,272,238,246,264,249,ステータス計算済み,step116で9因縁780行を「陣形+配置英傑6人セット+発動因縁セット」で重複除外。同一組内は総合値最大の配置を代表として採用。,STEP116_SELECTED_MAX_TOTAL_FROM_STEP106_RECALCULATED_9INEN,step106で各陣形有効ラインから再計算済みの9因縁行を使用し、重複組では総合値最大の配置を残す,方円||通常||9||井伊直政|小松姫|山県昌景(泰然)|島左近|明智光秀(闇)|長野業正||もののふ|侍|勇猛果敢|意気衝天|戦場の華|根性の絆|武芸の絆|泰然自若|老練闊達,,step116_9inen_dedup_max_total,19596,19596,step164_verified_normal9,水属性,246
step116_9_方円_000021,STEP116_9INEN_DEDUP_MAX_TOTAL_RESULT,step106_9inen_full_780_dedup_by_hero_set_bond_set_max_total,方円,通常,9,長野業正|山中鹿之介|吉川元春|井伊直虎|宮本武蔵(涼)|島左近,長野業正|山中鹿之介|吉川元春|井伊直虎|宮本武蔵(涼)|島左近,猛将の絆|勇猛果敢|意気衝天|軍学の絆|豪傑|侍|根性の絆|もののふ|泰然自若,猛将の絆|勇猛果敢|意気衝天|軍学の絆|豪傑|侍|根性の絆|もののふ|泰然自若,16076,4022,733,374,175,163,224,231,238,267,244,ステータス計算済み,step116で9因縁780行を「陣形+配置英傑6人セット+発動因縁セット」で重複除外。同一組内は総合値最大の配置を代表として採用。,STEP116_SELECTED_MAX_TOTAL_FROM_STEP106_RECALCULATED_9INEN,step106で各陣形有効ラインから再計算済みの9因縁行を使用し、重複組では総合値最大の配置を残す,方円||通常||9||井伊直虎|吉川元春|宮本武蔵(涼)|山中鹿之介|島左近|長野業正||もののふ|侍|勇猛果敢|意気衝天|根性の絆|泰然自若|猛将の絆|豪傑|軍学の絆,,step116_9inen_dedup_max_total,22747,22747,step164_verified_normal9,水属性,238
step116_9_方円_000024,STEP116_9INEN_DEDUP_MAX_TOTAL_RESULT,step106_9inen_full_780_dedup_by_hero_set_bond_set_max_total,方円,通常,9,吉川元春|山中鹿之介|長野業正|島左近|山県昌景|井伊直虎,吉川元春|山中鹿之介|長野業正|島左近|山県昌景|井伊直虎,侍|根性の絆|もののふ|泰然自若|軍学の絆|豪傑|猛将の絆|勇猛果敢|意気衝天,侍|根性の絆|もののふ|泰然自若|軍学の絆|豪傑|猛将の絆|勇猛果敢|意気衝天,15788,4022,710,367,175,158,216,231,238,267,244,ステータス計算済み,step116で9因縁780行を「陣形+配置英傑6人セット+発動因縁セット」で重複除外。同一組内は総合値最大の配置を代表として採用。,STEP116_SELECTED_MAX_TOTAL_FROM_STEP106_RECALCULATED_9INEN,step106で各陣形有効ラインから再計算済みの9因縁行を使用し、重複組では総合値最大の配置を残す,方円||通常||9||井伊直虎|吉川元春|山中鹿之介|山県昌景|島左近|長野業正||もののふ|侍|勇猛果敢|意気衝天|根性の絆|泰然自若|猛将の絆|豪傑|軍学の絆,,step116_9inen_dedup_max_total,22416,22416,step164_verified_normal9,水属性,238
step116_9_方円_000025,STEP116_9INEN_DEDUP_MAX_TOTAL_RESULT,step106_9inen_full_780_dedup_by_hero_set_bond_set_max_total,方円,通常,9,長野業正|山中鹿之介|吉川元春|井伊直虎|柿崎景家|島左近,長野業正|山中鹿之介|吉川元春|井伊直虎|柿崎景家|島左近,猛将の絆|勇猛果敢|意気衝天|軍学の絆|豪傑|侍|根性の絆|もののふ|泰然自若,猛将の絆|勇猛果敢|意気衝天|軍学の絆|豪傑|侍|根性の絆|もののふ|泰然自若,15696,4022,713,366,175,158,216,231,238,267,244,ステータス計算済み,step116で9因縁780行を「陣形+配置英傑6人セット+発動因縁セット」で重複除外。同一組内は総合値最大の配置を代表として採用。,STEP116_SELECTED_MAX_TOTAL_FROM_STEP106_RECALCULATED_9INEN,step106で各陣形有効ラインから再計算済みの9因縁行を使用し、重複組では総合値最大の配置を残す,方円||通常||9||井伊直虎|吉川元春|山中鹿之介|島左近|柿崎景家|長野業正||もののふ|侍|勇猛果敢|意気衝天|根性の絆|泰然自若|猛将の絆|豪傑|軍学の絆,,step116_9inen_dedup_max_total,22326,22326,step164_verified_normal9,水属性,238
step116_9_方円_000033,STEP116_9INEN_DEDUP_MAX_TOTAL_RESULT,step106_9inen_full_780_dedup_by_hero_set_bond_set_max_total,方円,通常,9,伊達政宗(起源)|山中鹿之介|島左近|長野業正|明智光秀(闇)|小松姫,伊達政宗(起源)|山中鹿之介|島左近|長野業正|明智光秀(闇)|小松姫,侍|根性の絆|もののふ|泰然自若|戦場の華|老練闊達|勇猛果敢|武芸の絆|意気衝天,侍|根性の絆|もののふ|泰然自若|戦場の華|老練闊達|勇猛果敢|武芸の絆|意気衝天,14439,3655,509,357,205,121,279,231,238,267,244,ステータス計算済み,step116で9因縁780行を「陣形+配置英傑6人セット+発動因縁セット」で重複除外。同一組内は総合値最大の配置を代表として採用。,STEP116_SELECTED_MAX_TOTAL_FROM_STEP106_RECALCULATED_9INEN,step106で各陣形有効ラインから再計算済みの9因縁行を使用し、重複組では総合値最大の配置を残す,方円||通常||9||伊達政宗(起源)|小松姫|山中鹿之介|島左近|明智光秀(闇)|長野業正||もののふ|侍|勇猛果敢|意気衝天|戦場の華|根性の絆|武芸の絆|泰然自若|老練闊達,,step116_9inen_dedup_max_total,20545,20545,step164_verified_normal9,水属性,238
step116_9_方円_000038,STEP116_9INEN_DEDUP_MAX_TOTAL_RESULT,step106_9inen_full_780_dedup_by_hero_set_bond_set_max_total,方円,通常,9,十河一存|山中鹿之介|島左近|長野業正|明智光秀(闇)|小松姫,十河一存|山中鹿之介|島左近|長野業正|明智光秀(闇)|小松姫,侍|根性の絆|もののふ|泰然自若|戦場の華|老練闊達|勇猛果敢|武芸の絆|意気衝天,侍|根性の絆|もののふ|泰然自若|戦場の華|老練闊達|勇猛果敢|武芸の絆|意気衝天,13961,3406,499,350,189,106,279,231,238,267,244,ステータス計算済み,step116で9因縁780行を「陣形+配置英傑6人セット+発動因縁セット」で重複除外。同一組内は総合値最大の配置を代表として採用。,STEP116_SELECTED_MAX_TOTAL_FROM_STEP106_RECALCULATED_9INEN,step106で各陣形有効ラインから再計算済みの9因縁行を使用し、重複組では総合値最大の配置を残す,方円||通常||9||十河一存|小松姫|山中鹿之介|島左近|明智光秀(闇)|長野業正||もののふ|侍|勇猛果敢|意気衝天|戦場の華|根性の絆|武芸の絆|泰然自若|老練闊達,,step116_9inen_dedup_max_total,19770,19770,step164_verified_normal9,水属性,238
step116_9_方円_000039,STEP116_9INEN_DEDUP_MAX_TOTAL_RESULT,step106_9inen_full_780_dedup_by_hero_set_bond_set_max_total,方円,通常,9,井伊直政|山中鹿之介|島左近|長野業正|明智光秀(闇)|小松姫,井伊直政|山中鹿之介|島左近|長野業正|明智光秀(闇)|小松姫,侍|根性の絆|もののふ|泰然自若|戦場の華|老練闊達|勇猛果敢|武芸の絆|意気衝天,侍|根性の絆|もののふ|泰然自若|戦場の華|老練闊達|勇猛果敢|武芸の絆|意気衝天,13961,3406,498,351,185,106,279,231,238,267,244,ステータス計算済み,step116で9因縁780行を「陣形+配置英傑6人セット+発動因縁セット」で重複除外。同一組内は総合値最大の配置を代表として採用。,STEP116_SELECTED_MAX_TOTAL_FROM_STEP106_RECALCULATED_9INEN,step106で各陣形有効ラインから再計算済みの9因縁行を使用し、重複組では総合値最大の配置を残す,方円||通常||9||井伊直政|小松姫|山中鹿之介|島左近|明智光秀(闇)|長野業正||もののふ|侍|勇猛果敢|意気衝天|戦場の華|根性の絆|武芸の絆|泰然自若|老練闊達,,step116_9inen_dedup_max_total,19766,19766,step164_verified_normal9,水属性,238
step116_9_方円_000055,STEP116_9INEN_DEDUP_MAX_TOTAL_RESULT,step106_9inen_full_780_dedup_by_hero_set_bond_set_max_total,方円,通常,9,谷忠澄|柳生宗矩|宮本武蔵(涼)|道場娘まり(和装)|井伊直虎|魔女ルシア,谷忠澄|柳生宗矩|宮本武蔵(涼)|道場娘まり(和装)|井伊直虎|魔女ルシア,侍|剣豪の絆|豪傑|女傑の絆|戦場の華|文明開化|技巧伝承|竜飛鳳舞|多芸多才,侍|剣豪の絆|豪傑|女傑の絆|戦場の華|文明開化|技巧伝承|竜飛鳳舞|多芸多才,13298,1346,790,72,340,289,652,171,168,161,194,ステータス計算済み,step116で9因縁780行を「陣形+配置英傑6人セット+発動因縁セット」で重複除外。同一組内は総合値最大の配置を代表として採用。,STEP116_SELECTED_MAX_TOTAL_FROM_STEP106_RECALCULATED_9INEN,step106で各陣形有効ラインから再計算済みの9因縁行を使用し、重複組では総合値最大の配置を残す,方円||通常||9||井伊直虎|宮本武蔵(涼)|柳生宗矩|谷忠澄|道場娘まり(和装)|魔女ルシア||侍|剣豪の絆|多芸多才|女傑の絆|戦場の華|技巧伝承|文明開化|竜飛鳳舞|豪傑,,step116_9inen_dedup_max_total,17481,17481,step164_verified_normal9,水属性,168
step116_9_方円_000030,STEP116_9INEN_DEDUP_MAX_TOTAL_RESULT,step106_9inen_full_780_dedup_by_hero_set_bond_set_max_total,方円,通常,9,細川藤孝(立役)|大内義隆|北条氏邦|出雲阿国(野望)|大祝鶴|魔女ルシア,細川藤孝(立役)|大内義隆|北条氏邦|出雲阿国(野望)|大祝鶴|魔女ルシア,流行創出|多芸多才|神主・巫女|女傑の絆|洒落者の絆|文化人の絆|文明開化|技巧伝承|山紫水明,流行創出|多芸多才|神主・巫女|女傑の絆|洒落者の絆|文化人の絆|文明開化|技巧伝承|山紫水明,13386,2828,227,40,348,443,684,850,893,818,874,ステータス計算済み,step116で9因縁780行を「陣形+配置英傑6人セット+発動因縁セット」で重複除外。同一組内は総合値最大の配置を代表として採用。,STEP116_SELECTED_MAX_TOTAL_FROM_STEP106_RECALCULATED_9INEN,step106で各陣形有効ラインから再計算済みの9因縁行を使用し、重複組では総合値最大の配置を残す,方円||通常||9||出雲阿国(野望)|北条氏邦|大内義隆|大祝鶴|細川藤孝(立役)|魔女ルシア||多芸多才|女傑の絆|山紫水明|技巧伝承|文化人の絆|文明開化|洒落者の絆|流行創出|神主・巫女,,step116_9inen_dedup_max_total,21391,21391,step164_verified_normal9,火属性,818
step116_9_方円_000036,STEP116_9INEN_DEDUP_MAX_TOTAL_RESULT,step106_9inen_full_780_dedup_by_hero_set_bond_set_max_total,方円,通常,9,武田晴信|豊臣秀長|北条氏照(剛柔)|豊臣秀次|細川藤孝(立役)|前田利家,武田晴信|豊臣秀長|北条氏照(剛柔)|豊臣秀次|細川藤孝(立役)|前田利家,知将の絆|立役者|技巧伝承|柔能制剛|文明開化|山紫水明|謀略家|雄材大略|摂理探究,知将の絆|立役者|技巧伝承|柔能制剛|文明開化|山紫水明|謀略家|雄材大略|摂理探究,14832,899,76,0,267,1174,173,705,680,724,679,ステータス計算済み,step116で9因縁780行を「陣形+配置英傑6人セット+発動因縁セット」で重複除外。同一組内は総合値最大の配置を代表として採用。,STEP116_SELECTED_MAX_TOTAL_FROM_STEP106_RECALCULATED_9INEN,step106で各陣形有効ラインから再計算済みの9因縁行を使用し、重複組では総合値最大の配置を残す,方円||通常||9||前田利家|北条氏照(剛柔)|武田晴信|細川藤孝(立役)|豊臣秀次|豊臣秀長||山紫水明|技巧伝承|摂理探究|文明開化|柔能制剛|知将の絆|立役者|謀略家|雄材大略,,step116_9inen_dedup_max_total,20209,20209,step164_verified_normal9,火属性,724
step116_9_方円_000035,STEP116_9INEN_DEDUP_MAX_TOTAL_RESULT,step106_9inen_full_780_dedup_by_hero_set_bond_set_max_total,方円,通常,9,北条氏照(剛柔)|豊臣秀長|武田晴信|前田利家(雄材)|細川藤孝(立役)|豊臣秀次,北条氏照(剛柔)|豊臣秀長|武田晴信|前田利家(雄材)|細川藤孝(立役)|豊臣秀次,謀略家|雄材大略|摂理探究|文明開化|山紫水明|知将の絆|立役者|技巧伝承|柔能制剛,謀略家|雄材大略|摂理探究|文明開化|山紫水明|知将の絆|立役者|技巧伝承|柔能制剛,14832,899,76,0,267,1174,173,705,680,724,679,ステータス計算済み,step116で9因縁780行を「陣形+配置英傑6人セット+発動因縁セット」で重複除外。同一組内は総合値最大の配置を代表として採用。,STEP116_SELECTED_MAX_TOTAL_FROM_STEP106_RECALCULATED_9INEN,step106で各陣形有効ラインから再計算済みの9因縁行を使用し、重複組では総合値最大の配置を残す,方円||通常||9||前田利家(雄材)|北条氏照(剛柔)|武田晴信|細川藤孝(立役)|豊臣秀次|豊臣秀長||山紫水明|技巧伝承|摂理探究|文明開化|柔能制剛|知将の絆|立役者|謀略家|雄材大略,,step116_9inen_dedup_max_total,20209,20209,step164_verified_normal9,火属性,724
step116_9_方円_000023,STEP116_9INEN_DEDUP_MAX_TOTAL_RESULT,step106_9inen_full_780_dedup_by_hero_set_bond_set_max_total,方円,通常,9,酒井忠次(衣鉢)|伊奈忠次|ガラシャ(聖)|斎藤利三(神祇)|毛利隆元|豊臣秀吉,酒井忠次(衣鉢)|伊奈忠次|ガラシャ(聖)|斎藤利三(神祇)|毛利隆元|豊臣秀吉,召喚術の絆|摂理探究|世渡り上手の絆|才腕の絆|謀略家|柔能制剛|技巧伝承|天神地祇|雄材大略,召喚術の絆|摂理探究|世渡り上手の絆|才腕の絆|謀略家|柔能制剛|技巧伝承|天神地祇|雄材大略,15387,3129,37,51,359,664,423,655,664,696,634,ステータス計算済み,step116で9因縁780行を「陣形+配置英傑6人セット+発動因縁セット」で重複除外。同一組内は総合値最大の配置を代表として採用。,STEP116_SELECTED_MAX_TOTAL_FROM_STEP106_RECALCULATED_9INEN,step106で各陣形有効ラインから再計算済みの9因縁行を使用し、重複組では総合値最大の配置を残す,方円||通常||9||ガラシャ(聖)|伊奈忠次|斎藤利三(神祇)|毛利隆元|豊臣秀吉|酒井忠次(衣鉢)||世渡り上手の絆|召喚術の絆|天神地祇|才腕の絆|技巧伝承|摂理探究|柔能制剛|謀略家|雄材大略,,step116_9inen_dedup_max_total,22699,22699,step164_verified_normal9,火属性,696
step116_9_方円_000022,STEP116_9INEN_DEDUP_MAX_TOTAL_RESULT,step106_9inen_full_780_dedup_by_hero_set_bond_set_max_total,方円,通常,9,酒井忠次(通)|伊奈忠次|ガラシャ(聖)|斎藤利三(神祇)|毛利隆元|豊臣秀吉,酒井忠次(通)|伊奈忠次|ガラシャ(聖)|斎藤利三(神祇)|毛利隆元|豊臣秀吉,召喚術の絆|摂理探究|世渡り上手の絆|才腕の絆|謀略家|柔能制剛|技巧伝承|天神地祇|雄材大略,召喚術の絆|摂理探究|世渡り上手の絆|才腕の絆|謀略家|柔能制剛|技巧伝承|天神地祇|雄材大略,15387,3129,37,51,359,664,423,655,664,696,634,ステータス計算済み,step116で9因縁780行を「陣形+配置英傑6人セット+発動因縁セット」で重複除外。同一組内は総合値最大の配置を代表として採用。,STEP116_SELECTED_MAX_TOTAL_FROM_STEP106_RECALCULATED_9INEN,step106で各陣形有効ラインから再計算済みの9因縁行を使用し、重複組では総合値最大の配置を残す,方円||通常||9||ガラシャ(聖)|伊奈忠次|斎藤利三(神祇)|毛利隆元|豊臣秀吉|酒井忠次(通)||世渡り上手の絆|召喚術の絆|天神地祇|才腕の絆|技巧伝承|摂理探究|柔能制剛|謀略家|雄材大略,,step116_9inen_dedup_max_total,22699,22699,step164_verified_normal9,火属性,696
step116_9_方円_000041,STEP116_9INEN_DEDUP_MAX_TOTAL_RESULT,step106_9inen_full_780_dedup_by_hero_set_bond_set_max_total,方円,通常,9,上杉憲政|豊臣秀長|北条氏照(剛柔)|豊臣秀次|細川藤孝(立役)|前田利家,上杉憲政|豊臣秀長|北条氏照(剛柔)|豊臣秀次|細川藤孝(立役)|前田利家,知将の絆|立役者|技巧伝承|柔能制剛|文明開化|山紫水明|謀略家|雄材大略|摂理探究,知将の絆|立役者|技巧伝承|柔能制剛|文明開化|山紫水明|謀略家|雄材大略|摂理探究,14490,861,79,0,267,1097,173,669,652,695,651,ステータス計算済み,step116で9因縁780行を「陣形+配置英傑6人セット+発動因縁セット」で重複除外。同一組内は総合値最大の配置を代表として採用。,STEP116_SELECTED_MAX_TOTAL_FROM_STEP106_RECALCULATED_9INEN,step106で各陣形有効ラインから再計算済みの9因縁行を使用し、重複組では総合値最大の配置を残す,方円||通常||9||上杉憲政|前田利家|北条氏照(剛柔)|細川藤孝(立役)|豊臣秀次|豊臣秀長||山紫水明|技巧伝承|摂理探究|文明開化|柔能制剛|知将の絆|立役者|謀略家|雄材大略,,step116_9inen_dedup_max_total,19634,19634,step164_verified_normal9,火属性,695
step116_9_方円_000040,STEP116_9INEN_DEDUP_MAX_TOTAL_RESULT,step106_9inen_full_780_dedup_by_hero_set_bond_set_max_total,方円,通常,9,北条氏照(剛柔)|豊臣秀長|上杉憲政|前田利家(雄材)|細川藤孝(立役)|豊臣秀次,北条氏照(剛柔)|豊臣秀長|上杉憲政|前田利家(雄材)|細川藤孝(立役)|豊臣秀次,謀略家|雄材大略|摂理探究|文明開化|山紫水明|知将の絆|立役者|技巧伝承|柔能制剛,謀略家|雄材大略|摂理探究|文明開化|山紫水明|知将の絆|立役者|技巧伝承|柔能制剛,14490,861,79,0,267,1097,173,669,652,695,651,ステータス計算済み,step116で9因縁780行を「陣形+配置英傑6人セット+発動因縁セット」で重複除外。同一組内は総合値最大の配置を代表として採用。,STEP116_SELECTED_MAX_TOTAL_FROM_STEP106_RECALCULATED_9INEN,step106で各陣形有効ラインから再計算済みの9因縁行を使用し、重複組では総合値最大の配置を残す,方円||通常||9||上杉憲政|前田利家(雄材)|北条氏照(剛柔)|細川藤孝(立役)|豊臣秀次|豊臣秀長||山紫水明|技巧伝承|摂理探究|文明開化|柔能制剛|知将の絆|立役者|謀略家|雄材大略,,step116_9inen_dedup_max_total,19634,19634,step164_verified_normal9,火属性,695
step116_9_方円_000027,STEP116_9INEN_DEDUP_MAX_TOTAL_RESULT,step106_9inen_full_780_dedup_by_hero_set_bond_set_max_total,方円,通常,9,酒井忠次(衣鉢)|伊奈忠次|サンチョ|斎藤利三(神祇)|毛利隆元|豊臣秀吉,酒井忠次(衣鉢)|伊奈忠次|サンチョ|斎藤利三(神祇)|毛利隆元|豊臣秀吉,召喚術の絆|摂理探究|世渡り上手の絆|才腕の絆|謀略家|柔能制剛|技巧伝承|天神地祇|雄材大略,召喚術の絆|摂理探究|世渡り上手の絆|才腕の絆|謀略家|柔能制剛|技巧伝承|天神地祇|雄材大略,14916,3129,28,40,359,635,423,607,610,631,578,ステータス計算済み,step116で9因縁780行を「陣形+配置英傑6人セット+発動因縁セット」で重複除外。同一組内は総合値最大の配置を代表として採用。,STEP116_SELECTED_MAX_TOTAL_FROM_STEP106_RECALCULATED_9INEN,step106で各陣形有効ラインから再計算済みの9因縁行を使用し、重複組では総合値最大の配置を残す,方円||通常||9||サンチョ|伊奈忠次|斎藤利三(神祇)|毛利隆元|豊臣秀吉|酒井忠次(衣鉢)||世渡り上手の絆|召喚術の絆|天神地祇|才腕の絆|技巧伝承|摂理探究|柔能制剛|謀略家|雄材大略,,step116_9inen_dedup_max_total,21956,21956,step164_verified_normal9,火属性,631
step116_9_方円_000026,STEP116_9INEN_DEDUP_MAX_TOTAL_RESULT,step106_9inen_full_780_dedup_by_hero_set_bond_set_max_total,方円,通常,9,酒井忠次(通)|伊奈忠次|サンチョ|斎藤利三(神祇)|毛利隆元|豊臣秀吉,酒井忠次(通)|伊奈忠次|サンチョ|斎藤利三(神祇)|毛利隆元|豊臣秀吉,召喚術の絆|摂理探究|世渡り上手の絆|才腕の絆|謀略家|柔能制剛|技巧伝承|天神地祇|雄材大略,召喚術の絆|摂理探究|世渡り上手の絆|才腕の絆|謀略家|柔能制剛|技巧伝承|天神地祇|雄材大略,14916,3129,28,40,359,635,423,607,610,631,578,ステータス計算済み,step116で9因縁780行を「陣形+配置英傑6人セット+発動因縁セット」で重複除外。同一組内は総合値最大の配置を代表として採用。,STEP116_SELECTED_MAX_TOTAL_FROM_STEP106_RECALCULATED_9INEN,step106で各陣形有効ラインから再計算済みの9因縁行を使用し、重複組では総合値最大の配置を残す,方円||通常||9||サンチョ|伊奈忠次|斎藤利三(神祇)|毛利隆元|豊臣秀吉|酒井忠次(通)||世渡り上手の絆|召喚術の絆|天神地祇|才腕の絆|技巧伝承|摂理探究|柔能制剛|謀略家|雄材大略,,step116_9inen_dedup_max_total,21956,21956,step164_verified_normal9,火属性,631
step116_9_方円_000047,STEP116_9INEN_DEDUP_MAX_TOTAL_RESULT,step106_9inen_full_780_dedup_by_hero_set_bond_set_max_total,方円,通常,9,豊臣秀長|北条氏照(剛柔)|金森長近|雑賀孫市(道化)|黒田長政|黒田官兵衛,豊臣秀長|北条氏照(剛柔)|金森長近|雑賀孫市(道化)|黒田長政|黒田官兵衛,文明開化|技巧伝承|知勇兼備|才腕の絆|硝煙弾雨|多芸多才|知将の絆|立役者|柔能制剛,文明開化|技巧伝承|知勇兼備|才腕の絆|硝煙弾雨|多芸多才|知将の絆|立役者|柔能制剛,11393,3272,147,112,631,777,343,562,643,581,554,ステータス計算済み,step116で9因縁780行を「陣形+配置英傑6人セット+発動因縁セット」で重複除外。同一組内は総合値最大の配置を代表として採用。,STEP116_SELECTED_MAX_TOTAL_FROM_STEP106_RECALCULATED_9INEN,step106で各陣形有効ラインから再計算済みの9因縁行を使用し、重複組では総合値最大の配置を残す,方円||通常||9||北条氏照(剛柔)|豊臣秀長|金森長近|雑賀孫市(道化)|黒田官兵衛|黒田長政||多芸多才|才腕の絆|技巧伝承|文明開化|柔能制剛|知勇兼備|知将の絆|硝煙弾雨|立役者,,step116_9inen_dedup_max_total,19015,19015,step164_verified_normal9,火属性,581
step116_9_方円_000016,STEP116_9INEN_DEDUP_MAX_TOTAL_RESULT,step106_9inen_full_780_dedup_by_hero_set_bond_set_max_total,方円,通常,9,竹中半兵衛(右腕)|武田晴信|愛姫(起源)|細川藤孝(立役)|今川義元|前田利家,竹中半兵衛(右腕)|武田晴信|愛姫(起源)|細川藤孝(立役)|今川義元|前田利家,健康第一|老練闊達|質実剛健|文明開化|山紫水明|巧言令色|謀略家|雄材大略|摂理探究,健康第一|老練闊達|質実剛健|文明開化|山紫水明|巧言令色|謀略家|雄材大略|摂理探究,14808,4896,136,210,0,792,344,552,573,573,532,ステータス計算済み,step116で9因縁780行を「陣形+配置英傑6人セット+発動因縁セット」で重複除外。同一組内は総合値最大の配置を代表として採用。,STEP116_SELECTED_MAX_TOTAL_FROM_STEP106_RECALCULATED_9INEN,step106で各陣形有効ラインから再計算済みの9因縁行を使用し、重複組では総合値最大の配置を残す,方円||通常||9||今川義元|前田利家|愛姫(起源)|武田晴信|竹中半兵衛(右腕)|細川藤孝(立役)||健康第一|山紫水明|巧言令色|摂理探究|文明開化|老練闊達|謀略家|質実剛健|雄材大略,,step116_9inen_dedup_max_total,23416,23416,step164_verified_normal9,火属性,573
step116_9_方円_000015,STEP116_9INEN_DEDUP_MAX_TOTAL_RESULT,step106_9inen_full_780_dedup_by_hero_set_bond_set_max_total,方円,通常,9,今川義元|前田利家(雄材)|竹中半兵衛(右腕)|武田晴信|愛姫(起源)|細川藤孝(立役),今川義元|前田利家(雄材)|竹中半兵衛(右腕)|武田晴信|愛姫(起源)|細川藤孝(立役),謀略家|雄材大略|摂理探究|健康第一|老練闊達|質実剛健|文明開化|山紫水明|巧言令色,謀略家|雄材大略|摂理探究|健康第一|老練闊達|質実剛健|文明開化|山紫水明|巧言令色,14808,4896,136,210,0,792,344,552,573,573,532,ステータス計算済み,step116で9因縁780行を「陣形+配置英傑6人セット+発動因縁セット」で重複除外。同一組内は総合値最大の配置を代表として採用。,STEP116_SELECTED_MAX_TOTAL_FROM_STEP106_RECALCULATED_9INEN,step106で各陣形有効ラインから再計算済みの9因縁行を使用し、重複組では総合値最大の配置を残す,方円||通常||9||今川義元|前田利家(雄材)|愛姫(起源)|武田晴信|竹中半兵衛(右腕)|細川藤孝(立役)||健康第一|山紫水明|巧言令色|摂理探究|文明開化|老練闊達|謀略家|質実剛健|雄材大略,,step116_9inen_dedup_max_total,23416,23416,step164_verified_normal9,火属性,573
step116_9_方円_000046,STEP116_9INEN_DEDUP_MAX_TOTAL_RESULT,step106_9inen_full_780_dedup_by_hero_set_bond_set_max_total,方円,通常,9,鍋島直茂(乱雲)|北条氏照(剛柔)|金森長近|雑賀孫市(道化)|黒田長政|黒田官兵衛,鍋島直茂(乱雲)|北条氏照(剛柔)|金森長近|雑賀孫市(道化)|黒田長政|黒田官兵衛,文明開化|技巧伝承|知勇兼備|才腕の絆|硝煙弾雨|多芸多才|知将の絆|立役者|柔能制剛,文明開化|技巧伝承|知勇兼備|才腕の絆|硝煙弾雨|多芸多才|知将の絆|立役者|柔能制剛,11606,3272,147,112,633,773,343,556,641,573,552,ステータス計算済み,step116で9因縁780行を「陣形+配置英傑6人セット+発動因縁セット」で重複除外。同一組内は総合値最大の配置を代表として採用。,STEP116_SELECTED_MAX_TOTAL_FROM_STEP106_RECALCULATED_9INEN,step106で各陣形有効ラインから再計算済みの9因縁行を使用し、重複組では総合値最大の配置を残す,方円||通常||9||北条氏照(剛柔)|金森長近|鍋島直茂(乱雲)|雑賀孫市(道化)|黒田官兵衛|黒田長政||多芸多才|才腕の絆|技巧伝承|文明開化|柔能制剛|知勇兼備|知将の絆|硝煙弾雨|立役者,,step116_9inen_dedup_max_total,19208,19208,step164_verified_normal9,火属性,573
step116_9_方円_000014,STEP116_9INEN_DEDUP_MAX_TOTAL_RESULT,step106_9inen_full_780_dedup_by_hero_set_bond_set_max_total,方円,通常,9,丹羽長秀(風雲)|武田晴信|愛姫(起源)|細川藤孝(立役)|今川義元|前田利家,丹羽長秀(風雲)|武田晴信|愛姫(起源)|細川藤孝(立役)|今川義元|前田利家,健康第一|老練闊達|質実剛健|文明開化|山紫水明|巧言令色|謀略家|雄材大略|摂理探究,健康第一|老練闊達|質実剛健|文明開化|山紫水明|巧言令色|謀略家|雄材大略|摂理探究,14973,4838,131,210,0,783,344,521,568,568,501,ステータス計算済み,step116で9因縁780行を「陣形+配置英傑6人セット+発動因縁セット」で重複除外。同一組内は総合値最大の配置を代表として採用。,STEP116_SELECTED_MAX_TOTAL_FROM_STEP106_RECALCULATED_9INEN,step106で各陣形有効ラインから再計算済みの9因縁行を使用し、重複組では総合値最大の配置を残す,方円||通常||9||丹羽長秀(風雲)|今川義元|前田利家|愛姫(起源)|武田晴信|細川藤孝(立役)||健康第一|山紫水明|巧言令色|摂理探究|文明開化|老練闊達|謀略家|質実剛健|雄材大略,,step116_9inen_dedup_max_total,23437,23437,step164_verified_normal9,火属性,568
step116_9_方円_000013,STEP116_9INEN_DEDUP_MAX_TOTAL_RESULT,step106_9inen_full_780_dedup_by_hero_set_bond_set_max_total,方円,通常,9,今川義元|前田利家(雄材)|丹羽長秀(風雲)|武田晴信|愛姫(起源)|細川藤孝(立役),今川義元|前田利家(雄材)|丹羽長秀(風雲)|武田晴信|愛姫(起源)|細川藤孝(立役),謀略家|雄材大略|摂理探究|健康第一|老練闊達|質実剛健|文明開化|山紫水明|巧言令色,謀略家|雄材大略|摂理探究|健康第一|老練闊達|質実剛健|文明開化|山紫水明|巧言令色,14973,4838,131,210,0,783,344,521,568,568,501,ステータス計算済み,step116で9因縁780行を「陣形+配置英傑6人セット+発動因縁セット」で重複除外。同一組内は総合値最大の配置を代表として採用。,STEP116_SELECTED_MAX_TOTAL_FROM_STEP106_RECALCULATED_9INEN,step106で各陣形有効ラインから再計算済みの9因縁行を使用し、重複組では総合値最大の配置を残す,方円||通常||9||丹羽長秀(風雲)|今川義元|前田利家(雄材)|愛姫(起源)|武田晴信|細川藤孝(立役)||健康第一|山紫水明|巧言令色|摂理探究|文明開化|老練闊達|謀略家|質実剛健|雄材大略,,step116_9inen_dedup_max_total,23437,23437,step164_verified_normal9,火属性,568
step116_9_方円_000020,STEP116_9INEN_DEDUP_MAX_TOTAL_RESULT,step106_9inen_full_780_dedup_by_hero_set_bond_set_max_total,方円,通常,9,竹中半兵衛(右腕)|武田晴信|高台院|細川藤孝(立役)|今川義元|前田利家,竹中半兵衛(右腕)|武田晴信|高台院|細川藤孝(立役)|今川義元|前田利家,健康第一|老練闊達|質実剛健|文明開化|山紫水明|巧言令色|謀略家|雄材大略|摂理探究,健康第一|老練闊達|質実剛健|文明開化|山紫水明|巧言令色|謀略家|雄材大略|摂理探究,14811,4870,125,206,0,796,344,551,570,568,529,ステータス計算済み,step116で9因縁780行を「陣形+配置英傑6人セット+発動因縁セット」で重複除外。同一組内は総合値最大の配置を代表として採用。,STEP116_SELECTED_MAX_TOTAL_FROM_STEP106_RECALCULATED_9INEN,step106で各陣形有効ラインから再計算済みの9因縁行を使用し、重複組では総合値最大の配置を残す,方円||通常||9||今川義元|前田利家|武田晴信|竹中半兵衛(右腕)|細川藤孝(立役)|高台院||健康第一|山紫水明|巧言令色|摂理探究|文明開化|老練闊達|謀略家|質実剛健|雄材大略,,step116_9inen_dedup_max_total,23370,23370,step164_verified_normal9,火属性,568
step116_9_方円_000019,STEP116_9INEN_DEDUP_MAX_TOTAL_RESULT,step106_9inen_full_780_dedup_by_hero_set_bond_set_max_total,方円,通常,9,今川義元|前田利家(雄材)|竹中半兵衛(右腕)|武田晴信|高台院|細川藤孝(立役),今川義元|前田利家(雄材)|竹中半兵衛(右腕)|武田晴信|高台院|細川藤孝(立役),謀略家|雄材大略|摂理探究|健康第一|老練闊達|質実剛健|文明開化|山紫水明|巧言令色,謀略家|雄材大略|摂理探究|健康第一|老練闊達|質実剛健|文明開化|山紫水明|巧言令色,14811,4870,125,206,0,796,344,551,570,568,529,ステータス計算済み,step116で9因縁780行を「陣形+配置英傑6人セット+発動因縁セット」で重複除外。同一組内は総合値最大の配置を代表として採用。,STEP116_SELECTED_MAX_TOTAL_FROM_STEP106_RECALCULATED_9INEN,step106で各陣形有効ラインから再計算済みの9因縁行を使用し、重複組では総合値最大の配置を残す,方円||通常||9||今川義元|前田利家(雄材)|武田晴信|竹中半兵衛(右腕)|細川藤孝(立役)|高台院||健康第一|山紫水明|巧言令色|摂理探究|文明開化|老練闊達|謀略家|質実剛健|雄材大略,,step116_9inen_dedup_max_total,23370,23370,step164_verified_normal9,火属性,568
step116_9_方円_000006,STEP116_9INEN_DEDUP_MAX_TOTAL_RESULT,step106_9inen_full_780_dedup_by_hero_set_bond_set_max_total,方円,通常,9,片倉景綱(右腕)|武田晴信|愛姫(起源)|細川藤孝(立役)|今川義元|前田利家,片倉景綱(右腕)|武田晴信|愛姫(起源)|細川藤孝(立役)|今川義元|前田利家,健康第一|老練闊達|質実剛健|文明開化|山紫水明|巧言令色|謀略家|雄材大略|摂理探究,健康第一|老練闊達|質実剛健|文明開化|山紫水明|巧言令色|謀略家|雄材大略|摂理探究,15159,4827,152,210,0,786,344,536,554,564,515,ステータス計算済み,step116で9因縁780行を「陣形+配置英傑6人セット+発動因縁セット」で重複除外。同一組内は総合値最大の配置を代表として採用。,STEP116_SELECTED_MAX_TOTAL_FROM_STEP106_RECALCULATED_9INEN,step106で各陣形有効ラインから再計算済みの9因縁行を使用し、重複組では総合値最大の配置を残す,方円||通常||9||今川義元|前田利家|愛姫(起源)|武田晴信|片倉景綱(右腕)|細川藤孝(立役)||健康第一|山紫水明|巧言令色|摂理探究|文明開化|老練闊達|謀略家|質実剛健|雄材大略,,step116_9inen_dedup_max_total,23647,23647,step164_verified_normal9,火属性,564
step116_9_方円_000005,STEP116_9INEN_DEDUP_MAX_TOTAL_RESULT,step106_9inen_full_780_dedup_by_hero_set_bond_set_max_total,方円,通常,9,今川義元|前田利家(雄材)|片倉景綱(右腕)|武田晴信|愛姫(起源)|細川藤孝(立役),今川義元|前田利家(雄材)|片倉景綱(右腕)|武田晴信|愛姫(起源)|細川藤孝(立役),謀略家|雄材大略|摂理探究|健康第一|老練闊達|質実剛健|文明開化|山紫水明|巧言令色,謀略家|雄材大略|摂理探究|健康第一|老練闊達|質実剛健|文明開化|山紫水明|巧言令色,15159,4827,152,210,0,786,344,536,554,564,515,ステータス計算済み,step116で9因縁780行を「陣形+配置英傑6人セット+発動因縁セット」で重複除外。同一組内は総合値最大の配置を代表として採用。,STEP116_SELECTED_MAX_TOTAL_FROM_STEP106_RECALCULATED_9INEN,step106で各陣形有効ラインから再計算済みの9因縁行を使用し、重複組では総合値最大の配置を残す,方円||通常||9||今川義元|前田利家(雄材)|愛姫(起源)|武田晴信|片倉景綱(右腕)|細川藤孝(立役)||健康第一|山紫水明|巧言令色|摂理探究|文明開化|老練闊達|謀略家|質実剛健|雄材大略,,step116_9inen_dedup_max_total,23647,23647,step164_verified_normal9,火属性,564
step116_9_方円_000018,STEP116_9INEN_DEDUP_MAX_TOTAL_RESULT,step106_9inen_full_780_dedup_by_hero_set_bond_set_max_total,方円,通常,9,丹羽長秀(風雲)|武田晴信|高台院|細川藤孝(立役)|今川義元|前田利家,丹羽長秀(風雲)|武田晴信|高台院|細川藤孝(立役)|今川義元|前田利家,健康第一|老練闊達|質実剛健|文明開化|山紫水明|巧言令色|謀略家|雄材大略|摂理探究,健康第一|老練闊達|質実剛健|文明開化|山紫水明|巧言令色|謀略家|雄材大略|摂理探究,14976,4813,120,206,0,787,344,520,566,564,498,ステータス計算済み,step116で9因縁780行を「陣形+配置英傑6人セット+発動因縁セット」で重複除外。同一組内は総合値最大の配置を代表として採用。,STEP116_SELECTED_MAX_TOTAL_FROM_STEP106_RECALCULATED_9INEN,step106で各陣形有効ラインから再計算済みの9因縁行を使用し、重複組では総合値最大の配置を残す,方円||通常||9||丹羽長秀(風雲)|今川義元|前田利家|武田晴信|細川藤孝(立役)|高台院||健康第一|山紫水明|巧言令色|摂理探究|文明開化|老練闊達|謀略家|質実剛健|雄材大略,,step116_9inen_dedup_max_total,23394,23394,step164_verified_normal9,火属性,564
step116_9_方円_000017,STEP116_9INEN_DEDUP_MAX_TOTAL_RESULT,step106_9inen_full_780_dedup_by_hero_set_bond_set_max_total,方円,通常,9,今川義元|前田利家(雄材)|丹羽長秀(風雲)|武田晴信|高台院|細川藤孝(立役),今川義元|前田利家(雄材)|丹羽長秀(風雲)|武田晴信|高台院|細川藤孝(立役),謀略家|雄材大略|摂理探究|健康第一|老練闊達|質実剛健|文明開化|山紫水明|巧言令色,謀略家|雄材大略|摂理探究|健康第一|老練闊達|質実剛健|文明開化|山紫水明|巧言令色,14976,4813,120,206,0,787,344,520,566,564,498,ステータス計算済み,step116で9因縁780行を「陣形+配置英傑6人セット+発動因縁セット」で重複除外。同一組内は総合値最大の配置を代表として採用。,STEP116_SELECTED_MAX_TOTAL_FROM_STEP106_RECALCULATED_9INEN,step106で各陣形有効ラインから再計算済みの9因縁行を使用し、重複組では総合値最大の配置を残す,方円||通常||9||丹羽長秀(風雲)|今川義元|前田利家(雄材)|武田晴信|細川藤孝(立役)|高台院||健康第一|山紫水明|巧言令色|摂理探究|文明開化|老練闊達|謀略家|質実剛健|雄材大略,,step116_9inen_dedup_max_total,23394,23394,step164_verified_normal9,火属性,564
step116_9_方円_000010,STEP116_9INEN_DEDUP_MAX_TOTAL_RESULT,step106_9inen_full_780_dedup_by_hero_set_bond_set_max_total,方円,通常,9,豊臣秀長|武田晴信|愛姫(起源)|細川藤孝(立役)|今川義元|前田利家,豊臣秀長|武田晴信|愛姫(起源)|細川藤孝(立役)|今川義元|前田利家,健康第一|老練闊達|質実剛健|文明開化|山紫水明|巧言令色|謀略家|雄材大略|摂理探究,健康第一|老練闊達|質実剛健|文明開化|山紫水明|巧言令色|謀略家|雄材大略|摂理探究,15036,4864,143,210,0,790,344,539,559,563,519,ステータス計算済み,step116で9因縁780行を「陣形+配置英傑6人セット+発動因縁セット」で重複除外。同一組内は総合値最大の配置を代表として採用。,STEP116_SELECTED_MAX_TOTAL_FROM_STEP106_RECALCULATED_9INEN,step106で各陣形有効ラインから再計算済みの9因縁行を使用し、重複組では総合値最大の配置を残す,方円||通常||9||今川義元|前田利家|愛姫(起源)|武田晴信|細川藤孝(立役)|豊臣秀長||健康第一|山紫水明|巧言令色|摂理探究|文明開化|老練闊達|謀略家|質実剛健|雄材大略,,step116_9inen_dedup_max_total,23567,23567,step164_verified_normal9,火属性,563
step116_9_方円_000009,STEP116_9INEN_DEDUP_MAX_TOTAL_RESULT,step106_9inen_full_780_dedup_by_hero_set_bond_set_max_total,方円,通常,9,今川義元|前田利家(雄材)|豊臣秀長|武田晴信|愛姫(起源)|細川藤孝(立役),今川義元|前田利家(雄材)|豊臣秀長|武田晴信|愛姫(起源)|細川藤孝(立役),謀略家|雄材大略|摂理探究|健康第一|老練闊達|質実剛健|文明開化|山紫水明|巧言令色,謀略家|雄材大略|摂理探究|健康第一|老練闊達|質実剛健|文明開化|山紫水明|巧言令色,15036,4864,143,210,0,790,344,539,559,563,519,ステータス計算済み,step116で9因縁780行を「陣形+配置英傑6人セット+発動因縁セット」で重複除外。同一組内は総合値最大の配置を代表として採用。,STEP116_SELECTED_MAX_TOTAL_FROM_STEP106_RECALCULATED_9INEN,step106で各陣形有効ラインから再計算済みの9因縁行を使用し、重複組では総合値最大の配置を残す,方円||通常||9||今川義元|前田利家(雄材)|愛姫(起源)|武田晴信|細川藤孝(立役)|豊臣秀長||健康第一|山紫水明|巧言令色|摂理探究|文明開化|老練闊達|謀略家|質実剛健|雄材大略,,step116_9inen_dedup_max_total,23567,23567,step164_verified_normal9,火属性,563
step116_9_方円_000008,STEP116_9INEN_DEDUP_MAX_TOTAL_RESULT,step106_9inen_full_780_dedup_by_hero_set_bond_set_max_total,方円,通常,9,片倉景綱(右腕)|武田晴信|高台院|細川藤孝(立役)|今川義元|前田利家,片倉景綱(右腕)|武田晴信|高台院|細川藤孝(立役)|今川義元|前田利家,健康第一|老練闊達|質実剛健|文明開化|山紫水明|巧言令色|謀略家|雄材大略|摂理探究,健康第一|老練闊達|質実剛健|文明開化|山紫水明|巧言令色|謀略家|雄材大略|摂理探究,15162,4802,141,206,0,790,344,535,552,559,512,ステータス計算済み,step116で9因縁780行を「陣形+配置英傑6人セット+発動因縁セット」で重複除外。同一組内は総合値最大の配置を代表として採用。,STEP116_SELECTED_MAX_TOTAL_FROM_STEP106_RECALCULATED_9INEN,step106で各陣形有効ラインから再計算済みの9因縁行を使用し、重複組では総合値最大の配置を残す,方円||通常||9||今川義元|前田利家|武田晴信|片倉景綱(右腕)|細川藤孝(立役)|高台院||健康第一|山紫水明|巧言令色|摂理探究|文明開化|老練闊達|謀略家|質実剛健|雄材大略,,step116_9inen_dedup_max_total,23603,23603,step164_verified_normal9,火属性,559
step116_9_方円_000007,STEP116_9INEN_DEDUP_MAX_TOTAL_RESULT,step106_9inen_full_780_dedup_by_hero_set_bond_set_max_total,方円,通常,9,今川義元|前田利家(雄材)|片倉景綱(右腕)|武田晴信|高台院|細川藤孝(立役),今川義元|前田利家(雄材)|片倉景綱(右腕)|武田晴信|高台院|細川藤孝(立役),謀略家|雄材大略|摂理探究|健康第一|老練闊達|質実剛健|文明開化|山紫水明|巧言令色,謀略家|雄材大略|摂理探究|健康第一|老練闊達|質実剛健|文明開化|山紫水明|巧言令色,15162,4802,141,206,0,790,344,535,552,559,512,ステータス計算済み,step116で9因縁780行を「陣形+配置英傑6人セット+発動因縁セット」で重複除外。同一組内は総合値最大の配置を代表として採用。,STEP116_SELECTED_MAX_TOTAL_FROM_STEP106_RECALCULATED_9INEN,step106で各陣形有効ラインから再計算済みの9因縁行を使用し、重複組では総合値最大の配置を残す,方円||通常||9||今川義元|前田利家(雄材)|武田晴信|片倉景綱(右腕)|細川藤孝(立役)|高台院||健康第一|山紫水明|巧言令色|摂理探究|文明開化|老練闊達|謀略家|質実剛健|雄材大略,,step116_9inen_dedup_max_total,23603,23603,step164_verified_normal9,火属性,559
step116_9_方円_000012,STEP116_9INEN_DEDUP_MAX_TOTAL_RESULT,step106_9inen_full_780_dedup_by_hero_set_bond_set_max_total,方円,通常,9,豊臣秀長|武田晴信|高台院|細川藤孝(立役)|今川義元|前田利家,豊臣秀長|武田晴信|高台院|細川藤孝(立役)|今川義元|前田利家,健康第一|老練闊達|質実剛健|文明開化|山紫水明|巧言令色|謀略家|雄材大略|摂理探究,健康第一|老練闊達|質実剛健|文明開化|山紫水明|巧言令色|謀略家|雄材大略|摂理探究,15039,4838,132,206,0,795,344,537,557,558,515,ステータス計算済み,step116で9因縁780行を「陣形+配置英傑6人セット+発動因縁セット」で重複除外。同一組内は総合値最大の配置を代表として採用。,STEP116_SELECTED_MAX_TOTAL_FROM_STEP106_RECALCULATED_9INEN,step106で各陣形有効ラインから再計算済みの9因縁行を使用し、重複組では総合値最大の配置を残す,方円||通常||9||今川義元|前田利家|武田晴信|細川藤孝(立役)|豊臣秀長|高台院||健康第一|山紫水明|巧言令色|摂理探究|文明開化|老練闊達|謀略家|質実剛健|雄材大略,,step116_9inen_dedup_max_total,23521,23521,step164_verified_normal9,火属性,558
step116_9_方円_000011,STEP116_9INEN_DEDUP_MAX_TOTAL_RESULT,step106_9inen_full_780_dedup_by_hero_set_bond_set_max_total,方円,通常,9,今川義元|前田利家(雄材)|豊臣秀長|武田晴信|高台院|細川藤孝(立役),今川義元|前田利家(雄材)|豊臣秀長|武田晴信|高台院|細川藤孝(立役),謀略家|雄材大略|摂理探究|健康第一|老練闊達|質実剛健|文明開化|山紫水明|巧言令色,謀略家|雄材大略|摂理探究|健康第一|老練闊達|質実剛健|文明開化|山紫水明|巧言令色,15039,4838,132,206,0,795,344,537,557,558,515,ステータス計算済み,step116で9因縁780行を「陣形+配置英傑6人セット+発動因縁セット」で重複除外。同一組内は総合値最大の配置を代表として採用。,STEP116_SELECTED_MAX_TOTAL_FROM_STEP106_RECALCULATED_9INEN,step106で各陣形有効ラインから再計算済みの9因縁行を使用し、重複組では総合値最大の配置を残す,方円||通常||9||今川義元|前田利家(雄材)|武田晴信|細川藤孝(立役)|豊臣秀長|高台院||健康第一|山紫水明|巧言令色|摂理探究|文明開化|老練闊達|謀略家|質実剛健|雄材大略,,step116_9inen_dedup_max_total,23521,23521,step164_verified_normal9,火属性,558
step116_9_方円_000002,STEP116_9INEN_DEDUP_MAX_TOTAL_RESULT,step106_9inen_full_780_dedup_by_hero_set_bond_set_max_total,方円,通常,9,鍋島直茂(乱雲)|武田晴信|愛姫(起源)|細川藤孝(立役)|今川義元|前田利家,鍋島直茂(乱雲)|武田晴信|愛姫(起源)|細川藤孝(立役)|今川義元|前田利家,健康第一|老練闊達|質実剛健|文明開化|山紫水明|巧言令色|謀略家|雄材大略|摂理探究,健康第一|老練闊達|質実剛健|文明開化|山紫水明|巧言令色|謀略家|雄材大略|摂理探究,15234,4833,147,210,0,786,344,531,556,551,515,ステータス計算済み,step116で9因縁780行を「陣形+配置英傑6人セット+発動因縁セット」で重複除外。同一組内は総合値最大の配置を代表として採用。,STEP116_SELECTED_MAX_TOTAL_FROM_STEP106_RECALCULATED_9INEN,step106で各陣形有効ラインから再計算済みの9因縁行を使用し、重複組では総合値最大の配置を残す,方円||通常||9||今川義元|前田利家|愛姫(起源)|武田晴信|細川藤孝(立役)|鍋島直茂(乱雲)||健康第一|山紫水明|巧言令色|摂理探究|文明開化|老練闊達|謀略家|質実剛健|雄材大略,,step116_9inen_dedup_max_total,23707,23707,step164_verified_normal9,火属性,551
step116_9_方円_000001,STEP116_9INEN_DEDUP_MAX_TOTAL_RESULT,step106_9inen_full_780_dedup_by_hero_set_bond_set_max_total,方円,通常,9,今川義元|前田利家(雄材)|鍋島直茂(乱雲)|武田晴信|愛姫(起源)|細川藤孝(立役),今川義元|前田利家(雄材)|鍋島直茂(乱雲)|武田晴信|愛姫(起源)|細川藤孝(立役),謀略家|雄材大略|摂理探究|健康第一|老練闊達|質実剛健|文明開化|山紫水明|巧言令色,謀略家|雄材大略|摂理探究|健康第一|老練闊達|質実剛健|文明開化|山紫水明|巧言令色,15234,4833,147,210,0,786,344,531,556,551,515,ステータス計算済み,step116で9因縁780行を「陣形+配置英傑6人セット+発動因縁セット」で重複除外。同一組内は総合値最大の配置を代表として採用。,STEP116_SELECTED_MAX_TOTAL_FROM_STEP106_RECALCULATED_9INEN,step106で各陣形有効ラインから再計算済みの9因縁行を使用し、重複組では総合値最大の配置を残す,方円||通常||9||今川義元|前田利家(雄材)|愛姫(起源)|武田晴信|細川藤孝(立役)|鍋島直茂(乱雲)||健康第一|山紫水明|巧言令色|摂理探究|文明開化|老練闊達|謀略家|質実剛健|雄材大略,,step116_9inen_dedup_max_total,23707,23707,step164_verified_normal9,火属性,551
step116_9_方円_000004,STEP116_9INEN_DEDUP_MAX_TOTAL_RESULT,step106_9inen_full_780_dedup_by_hero_set_bond_set_max_total,方円,通常,9,鍋島直茂(乱雲)|武田晴信|高台院|細川藤孝(立役)|今川義元|前田利家,鍋島直茂(乱雲)|武田晴信|高台院|細川藤孝(立役)|今川義元|前田利家,健康第一|老練闊達|質実剛健|文明開化|山紫水明|巧言令色|謀略家|雄材大略|摂理探究,健康第一|老練闊達|質実剛健|文明開化|山紫水明|巧言令色|謀略家|雄材大略|摂理探究,15237,4808,136,206,0,790,344,530,554,546,512,ステータス計算済み,step116で9因縁780行を「陣形+配置英傑6人セット+発動因縁セット」で重複除外。同一組内は総合値最大の配置を代表として採用。,STEP116_SELECTED_MAX_TOTAL_FROM_STEP106_RECALCULATED_9INEN,step106で各陣形有効ラインから再計算済みの9因縁行を使用し、重複組では総合値最大の配置を残す,方円||通常||9||今川義元|前田利家|武田晴信|細川藤孝(立役)|鍋島直茂(乱雲)|高台院||健康第一|山紫水明|巧言令色|摂理探究|文明開化|老練闊達|謀略家|質実剛健|雄材大略,,step116_9inen_dedup_max_total,23663,23663,step164_verified_normal9,火属性,546
step116_9_方円_000003,STEP116_9INEN_DEDUP_MAX_TOTAL_RESULT,step106_9inen_full_780_dedup_by_hero_set_bond_set_max_total,方円,通常,9,今川義元|前田利家(雄材)|鍋島直茂(乱雲)|武田晴信|高台院|細川藤孝(立役),今川義元|前田利家(雄材)|鍋島直茂(乱雲)|武田晴信|高台院|細川藤孝(立役),謀略家|雄材大略|摂理探究|健康第一|老練闊達|質実剛健|文明開化|山紫水明|巧言令色,謀略家|雄材大略|摂理探究|健康第一|老練闊達|質実剛健|文明開化|山紫水明|巧言令色,15237,4808,136,206,0,790,344,530,554,546,512,ステータス計算済み,step116で9因縁780行を「陣形+配置英傑6人セット+発動因縁セット」で重複除外。同一組内は総合値最大の配置を代表として採用。,STEP116_SELECTED_MAX_TOTAL_FROM_STEP106_RECALCULATED_9INEN,step106で各陣形有効ラインから再計算済みの9因縁行を使用し、重複組では総合値最大の配置を残す,方円||通常||9||今川義元|前田利家(雄材)|武田晴信|細川藤孝(立役)|鍋島直茂(乱雲)|高台院||健康第一|山紫水明|巧言令色|摂理探究|文明開化|老練闊達|謀略家|質実剛健|雄材大略,,step116_9inen_dedup_max_total,23663,23663,step164_verified_normal9,火属性,546
step116_9_方円_000051,STEP116_9INEN_DEDUP_MAX_TOTAL_RESULT,step106_9inen_full_780_dedup_by_hero_set_bond_set_max_total,方円,通常,9,豊臣秀長|北条氏照(剛柔)|金森長近|雑賀孫市(道化)|大久保忠世|黒田官兵衛,豊臣秀長|北条氏照(剛柔)|金森長近|雑賀孫市(道化)|大久保忠世|黒田官兵衛,文明開化|技巧伝承|知勇兼備|才腕の絆|硝煙弾雨|多芸多才|知将の絆|立役者|柔能制剛,文明開化|技巧伝承|知勇兼備|才腕の絆|硝煙弾雨|多芸多才|知将の絆|立役者|柔能制剛,11154,3232,143,108,626,764,336,530,612,545,525,ステータス計算済み,step116で9因縁780行を「陣形+配置英傑6人セット+発動因縁セット」で重複除外。同一組内は総合値最大の配置を代表として採用。,STEP116_SELECTED_MAX_TOTAL_FROM_STEP106_RECALCULATED_9INEN,step106で各陣形有効ラインから再計算済みの9因縁行を使用し、重複組では総合値最大の配置を残す,方円||通常||9||北条氏照(剛柔)|大久保忠世|豊臣秀長|金森長近|雑賀孫市(道化)|黒田官兵衛||多芸多才|才腕の絆|技巧伝承|文明開化|柔能制剛|知勇兼備|知将の絆|硝煙弾雨|立役者,,step116_9inen_dedup_max_total,18575,18575,step164_verified_normal9,火属性,545
step116_9_方円_000049,STEP116_9INEN_DEDUP_MAX_TOTAL_RESULT,step106_9inen_full_780_dedup_by_hero_set_bond_set_max_total,方円,通常,9,鍋島直茂(乱雲)|北条氏照(剛柔)|金森長近|雑賀孫市(道化)|大久保忠世|黒田官兵衛,鍋島直茂(乱雲)|北条氏照(剛柔)|金森長近|雑賀孫市(道化)|大久保忠世|黒田官兵衛,文明開化|技巧伝承|知勇兼備|才腕の絆|硝煙弾雨|多芸多才|知将の絆|立役者|柔能制剛,文明開化|技巧伝承|知勇兼備|才腕の絆|硝煙弾雨|多芸多才|知将の絆|立役者|柔能制剛,11367,3232,143,108,628,760,336,524,610,536,523,ステータス計算済み,step116で9因縁780行を「陣形+配置英傑6人セット+発動因縁セット」で重複除外。同一組内は総合値最大の配置を代表として採用。,STEP116_SELECTED_MAX_TOTAL_FROM_STEP106_RECALCULATED_9INEN,step106で各陣形有効ラインから再計算済みの9因縁行を使用し、重複組では総合値最大の配置を残す,方円||通常||9||北条氏照(剛柔)|大久保忠世|金森長近|鍋島直茂(乱雲)|雑賀孫市(道化)|黒田官兵衛||多芸多才|才腕の絆|技巧伝承|文明開化|柔能制剛|知勇兼備|知将の絆|硝煙弾雨|立役者,,step116_9inen_dedup_max_total,18767,18767,step164_verified_normal9,火属性,536
step116_9_方円_000037,STEP116_9INEN_DEDUP_MAX_TOTAL_RESULT,step106_9inen_full_780_dedup_by_hero_set_bond_set_max_total,方円,通常,9,谷忠澄|柳生宗矩|島左近|出雲阿国(野望)|大祝鶴|魔女ルシア,谷忠澄|柳生宗矩|島左近|出雲阿国(野望)|大祝鶴|魔女ルシア,豪傑|流行創出|神主・巫女|女傑の絆|洒落者の絆|文明開化|技巧伝承|竜飛鳳舞|多芸多才,豪傑|流行創出|神主・巫女|女傑の絆|洒落者の絆|文明開化|技巧伝承|竜飛鳳舞|多芸多才,12761,2985,508,44,222,416,655,535,545,521,585,ステータス計算済み,step116で9因縁780行を「陣形+配置英傑6人セット+発動因縁セット」で重複除外。同一組内は総合値最大の配置を代表として採用。,STEP116_SELECTED_MAX_TOTAL_FROM_STEP106_RECALCULATED_9INEN,step106で各陣形有効ラインから再計算済みの9因縁行を使用し、重複組では総合値最大の配置を残す,方円||通常||9||出雲阿国(野望)|大祝鶴|島左近|柳生宗矩|谷忠澄|魔女ルシア||多芸多才|女傑の絆|技巧伝承|文明開化|洒落者の絆|流行創出|神主・巫女|竜飛鳳舞|豪傑,,step116_9inen_dedup_max_total,19777,19777,step164_verified_normal9,火属性,521
step116_9_方円_000028,STEP116_9INEN_DEDUP_MAX_TOTAL_RESULT,step106_9inen_full_780_dedup_by_hero_set_bond_set_max_total,方円,通常,9,小松姫|長野業正|山中鹿之介|島左近|細川忠興(山紫)|明智光秀(闇),小松姫|長野業正|山中鹿之介|島左近|細川忠興(山紫)|明智光秀(闇),侍|根性の絆|もののふ|泰然自若|鬼の絆|流行創出|戦場の華|老練闊達|勇猛果敢,侍|根性の絆|もののふ|泰然自若|鬼の絆|流行創出|戦場の華|老練闊達|勇猛果敢,14897,3081,608,445,95,150,279,463,503,520,491,ステータス計算済み,step116で9因縁780行を「陣形+配置英傑6人セット+発動因縁セット」で重複除外。同一組内は総合値最大の配置を代表として採用。,STEP116_SELECTED_MAX_TOTAL_FROM_STEP106_RECALCULATED_9INEN,step106で各陣形有効ラインから再計算済みの9因縁行を使用し、重複組では総合値最大の配置を残す,方円||通常||9||小松姫|山中鹿之介|島左近|明智光秀(闇)|細川忠興(山紫)|長野業正||もののふ|侍|勇猛果敢|戦場の華|根性の絆|泰然自若|流行創出|老練闊達|鬼の絆,,step116_9inen_dedup_max_total,21532,21532,step164_verified_normal9,火属性,520
step116_9_方円_000029,STEP116_9INEN_DEDUP_MAX_TOTAL_RESULT,step106_9inen_full_780_dedup_by_hero_set_bond_set_max_total,方円,通常,9,小松姫|長野業正|山県昌景(泰然)|島左近|細川忠興(山紫)|明智光秀(闇),小松姫|長野業正|山県昌景(泰然)|島左近|細川忠興(山紫)|明智光秀(闇),侍|根性の絆|もののふ|泰然自若|鬼の絆|流行創出|戦場の華|老練闊達|勇猛果敢,侍|根性の絆|もののふ|泰然自若|鬼の絆|流行創出|戦場の華|老練闊達|勇猛果敢,14844,3061,606,445,95,150,272,470,511,517,497,ステータス計算済み,step116で9因縁780行を「陣形+配置英傑6人セット+発動因縁セット」で重複除外。同一組内は総合値最大の配置を代表として採用。,STEP116_SELECTED_MAX_TOTAL_FROM_STEP106_RECALCULATED_9INEN,step106で各陣形有効ラインから再計算済みの9因縁行を使用し、重複組では総合値最大の配置を残す,方円||通常||9||小松姫|山県昌景(泰然)|島左近|明智光秀(闇)|細川忠興(山紫)|長野業正||もののふ|侍|勇猛果敢|戦場の華|根性の絆|泰然自若|流行創出|老練闊達|鬼の絆,,step116_9inen_dedup_max_total,21468,21468,step164_verified_normal9,火属性,517
step116_9_方円_000048,STEP116_9INEN_DEDUP_MAX_TOTAL_RESULT,step106_9inen_full_780_dedup_by_hero_set_bond_set_max_total,方円,通常,9,佐竹義重|豊臣秀長|北条氏照(剛柔)|豊臣秀次|百地三太夫(野望)|斎藤道三(巳),佐竹義重|豊臣秀長|北条氏照(剛柔)|豊臣秀次|百地三太夫(野望)|斎藤道三(巳),知将の絆|立役者|技巧伝承|柔能制剛|謀略家|生殺与奪|侍|才腕の絆|知勇兼備,知将の絆|立役者|技巧伝承|柔能制剛|謀略家|生殺与奪|侍|才腕の絆|知勇兼備,13439,1428,148,90,470,950,392,509,499,509,503,ステータス計算済み,step116で9因縁780行を「陣形+配置英傑6人セット+発動因縁セット」で重複除外。同一組内は総合値最大の配置を代表として採用。,STEP116_SELECTED_MAX_TOTAL_FROM_STEP106_RECALCULATED_9INEN,step106で各陣形有効ラインから再計算済みの9因縁行を使用し、重複組では総合値最大の配置を残す,方円||通常||9||佐竹義重|北条氏照(剛柔)|斎藤道三(巳)|百地三太夫(野望)|豊臣秀次|豊臣秀長||侍|才腕の絆|技巧伝承|柔能制剛|生殺与奪|知勇兼備|知将の絆|立役者|謀略家,,step116_9inen_dedup_max_total,18937,18937,step164_verified_normal9,火属性,509
step116_9_方円_000031,STEP116_9INEN_DEDUP_MAX_TOTAL_RESULT,step106_9inen_full_780_dedup_by_hero_set_bond_set_max_total,方円,通常,9,小松姫|長野業正|山中鹿之介|島左近|豊臣秀次|明智光秀(闇),小松姫|長野業正|山中鹿之介|島左近|豊臣秀次|明智光秀(闇),侍|根性の絆|もののふ|泰然自若|謀略家|流行創出|戦場の華|老練闊達|勇猛果敢,侍|根性の絆|もののふ|泰然自若|謀略家|流行創出|戦場の華|老練闊達|勇猛果敢,14515,2995,424,311,95,304,279,436,464,489,459,ステータス計算済み,step116で9因縁780行を「陣形+配置英傑6人セット+発動因縁セット」で重複除外。同一組内は総合値最大の配置を代表として採用。,STEP116_SELECTED_MAX_TOTAL_FROM_STEP106_RECALCULATED_9INEN,step106で各陣形有効ラインから再計算済みの9因縁行を使用し、重複組では総合値最大の配置を残す,方円||通常||9||小松姫|山中鹿之介|島左近|明智光秀(闇)|豊臣秀次|長野業正||もののふ|侍|勇猛果敢|戦場の華|根性の絆|泰然自若|流行創出|老練闊達|謀略家,,step116_9inen_dedup_max_total,20771,20771,step164_verified_normal9,火属性,489
step116_9_方円_000032,STEP116_9INEN_DEDUP_MAX_TOTAL_RESULT,step106_9inen_full_780_dedup_by_hero_set_bond_set_max_total,方円,通常,9,小松姫|長野業正|山県昌景(泰然)|島左近|豊臣秀次|明智光秀(闇),小松姫|長野業正|山県昌景(泰然)|島左近|豊臣秀次|明智光秀(闇),侍|根性の絆|もののふ|泰然自若|謀略家|流行創出|戦場の華|老練闊達|勇猛果敢,侍|根性の絆|もののふ|泰然自若|謀略家|流行創出|戦場の華|老練闊達|勇猛果敢,14462,2975,422,311,95,304,272,444,471,486,465,ステータス計算済み,step116で9因縁780行を「陣形+配置英傑6人セット+発動因縁セット」で重複除外。同一組内は総合値最大の配置を代表として採用。,STEP116_SELECTED_MAX_TOTAL_FROM_STEP106_RECALCULATED_9INEN,step106で各陣形有効ラインから再計算済みの9因縁行を使用し、重複組では総合値最大の配置を残す,方円||通常||9||小松姫|山県昌景(泰然)|島左近|明智光秀(闇)|豊臣秀次|長野業正||もののふ|侍|勇猛果敢|戦場の華|根性の絆|泰然自若|流行創出|老練闊達|謀略家,,step116_9inen_dedup_max_total,20707,20707,step164_verified_normal9,火属性,486
step116_9_方円_000044,STEP116_9INEN_DEDUP_MAX_TOTAL_RESULT,step106_9inen_full_780_dedup_by_hero_set_bond_set_max_total,方円,通常,9,仙桃院|納涼忍お綾|堀秀政|柳生宗矩|宮本武蔵(涼)|道場娘まり(和装),仙桃院|納涼忍お綾|堀秀政|柳生宗矩|宮本武蔵(涼)|道場娘まり(和装),才腕の絆|文明開化|技巧伝承|多芸多才|侍|剣豪の絆|豪傑|女傑の絆|能鷹隠爪,才腕の絆|文明開化|技巧伝承|多芸多才|侍|剣豪の絆|豪傑|女傑の絆|能鷹隠爪,13904,1403,681,184,605,169,647,403,408,432,465,ステータス計算済み,step116で9因縁780行を「陣形+配置英傑6人セット+発動因縁セット」で重複除外。同一組内は総合値最大の配置を代表として採用。,STEP116_SELECTED_MAX_TOTAL_FROM_STEP106_RECALCULATED_9INEN,step106で各陣形有効ラインから再計算済みの9因縁行を使用し、重複組では総合値最大の配置を残す,方円||通常||9||仙桃院|堀秀政|宮本武蔵(涼)|柳生宗矩|納涼忍お綾|道場娘まり(和装)||侍|剣豪の絆|多芸多才|女傑の絆|才腕の絆|技巧伝承|文明開化|能鷹隠爪|豪傑,,step116_9inen_dedup_max_total,19301,19301,step164_verified_normal9,火属性,432
step116_9_方円_000045,STEP116_9INEN_DEDUP_MAX_TOTAL_RESULT,step106_9inen_full_780_dedup_by_hero_set_bond_set_max_total,方円,通常,9,井伊直虎|納涼忍お綾|堀秀政|柳生宗矩|宮本武蔵(涼)|道場娘まり(和装),井伊直虎|納涼忍お綾|堀秀政|柳生宗矩|宮本武蔵(涼)|道場娘まり(和装),才腕の絆|文明開化|技巧伝承|多芸多才|侍|剣豪の絆|豪傑|女傑の絆|戦場の華,才腕の絆|文明開化|技巧伝承|多芸多才|侍|剣豪の絆|豪傑|女傑の絆|戦場の華,13928,1403,702,79,605,169,649,403,408,432,465,ステータス計算済み,step116で9因縁780行を「陣形+配置英傑6人セット+発動因縁セット」で重複除外。同一組内は総合値最大の配置を代表として採用。,STEP116_SELECTED_MAX_TOTAL_FROM_STEP106_RECALCULATED_9INEN,step106で各陣形有効ラインから再計算済みの9因縁行を使用し、重複組では総合値最大の配置を残す,方円||通常||9||井伊直虎|堀秀政|宮本武蔵(涼)|柳生宗矩|納涼忍お綾|道場娘まり(和装)||侍|剣豪の絆|多芸多才|女傑の絆|戦場の華|才腕の絆|技巧伝承|文明開化|豪傑,,step116_9inen_dedup_max_total,19243,19243,step164_verified_normal9,火属性,432
step116_9_方円_000050,STEP116_9INEN_DEDUP_MAX_TOTAL_RESULT,step106_9inen_full_780_dedup_by_hero_set_bond_set_max_total,方円,通常,9,武田信玄(野望)|納涼忍お綾|堀秀政|柳生宗矩|宮本武蔵(涼)|道場娘まり(和装),武田信玄(野望)|納涼忍お綾|堀秀政|柳生宗矩|宮本武蔵(涼)|道場娘まり(和装),才腕の絆|文明開化|技巧伝承|多芸多才|侍|剣豪の絆|豪傑|戦場の華|能鷹隠爪,才腕の絆|文明開化|技巧伝承|多芸多才|侍|剣豪の絆|豪傑|戦場の華|能鷹隠爪,13504,1403,514,178,605,169,608,403,408,432,465,ステータス計算済み,step116で9因縁780行を「陣形+配置英傑6人セット+発動因縁セット」で重複除外。同一組内は総合値最大の配置を代表として採用。,STEP116_SELECTED_MAX_TOTAL_FROM_STEP106_RECALCULATED_9INEN,step106で各陣形有効ラインから再計算済みの9因縁行を使用し、重複組では総合値最大の配置を残す,方円||通常||9||堀秀政|宮本武蔵(涼)|柳生宗矩|武田信玄(野望)|納涼忍お綾|道場娘まり(和装)||侍|剣豪の絆|多芸多才|戦場の華|才腕の絆|技巧伝承|文明開化|能鷹隠爪|豪傑,,step116_9inen_dedup_max_total,18689,18689,step164_verified_normal9,火属性,432
step116_9_方円_000052,STEP116_9INEN_DEDUP_MAX_TOTAL_RESULT,step106_9inen_full_780_dedup_by_hero_set_bond_set_max_total,方円,通常,9,仙桃院|納涼忍お綾|堀秀政|柳生宗矩|明智光秀(闇)|井伊直虎,仙桃院|納涼忍お綾|堀秀政|柳生宗矩|明智光秀(闇)|井伊直虎,才腕の絆|文明開化|技巧伝承|多芸多才|豪傑|勇猛果敢|女傑の絆|戦場の華|能鷹隠爪,才腕の絆|文明開化|技巧伝承|多芸多才|豪傑|勇猛果敢|女傑の絆|戦場の華|能鷹隠爪,13564,975,598,159,577,169,801,403,408,432,465,ステータス計算済み,step116で9因縁780行を「陣形+配置英傑6人セット+発動因縁セット」で重複除外。同一組内は総合値最大の配置を代表として採用。,STEP116_SELECTED_MAX_TOTAL_FROM_STEP106_RECALCULATED_9INEN,step106で各陣形有効ラインから再計算済みの9因縁行を使用し、重複組では総合値最大の配置を残す,方円||通常||9||井伊直虎|仙桃院|堀秀政|明智光秀(闇)|柳生宗矩|納涼忍お綾||勇猛果敢|多芸多才|女傑の絆|戦場の華|才腕の絆|技巧伝承|文明開化|能鷹隠爪|豪傑,,step116_9inen_dedup_max_total,18551,18551,step164_verified_normal9,火属性,432
step116_9_方円_000053,STEP116_9INEN_DEDUP_MAX_TOTAL_RESULT,step106_9inen_full_780_dedup_by_hero_set_bond_set_max_total,方円,通常,9,仙桃院|納涼忍お綾|堀秀政|柳生宗矩|上杉謙信(野望)|井伊直虎,仙桃院|納涼忍お綾|堀秀政|柳生宗矩|上杉謙信(野望)|井伊直虎,才腕の絆|文明開化|技巧伝承|多芸多才|豪傑|勇猛果敢|女傑の絆|戦場の華|能鷹隠爪,才腕の絆|文明開化|技巧伝承|多芸多才|豪傑|勇猛果敢|女傑の絆|戦場の華|能鷹隠爪,13524,975,578,159,579,169,801,403,408,432,465,ステータス計算済み,step116で9因縁780行を「陣形+配置英傑6人セット+発動因縁セット」で重複除外。同一組内は総合値最大の配置を代表として採用。,STEP116_SELECTED_MAX_TOTAL_FROM_STEP106_RECALCULATED_9INEN,step106で各陣形有効ラインから再計算済みの9因縁行を使用し、重複組では総合値最大の配置を残す,方円||通常||9||上杉謙信(野望)|井伊直虎|仙桃院|堀秀政|柳生宗矩|納涼忍お綾||勇猛果敢|多芸多才|女傑の絆|戦場の華|才腕の絆|技巧伝承|文明開化|能鷹隠爪|豪傑,,step116_9inen_dedup_max_total,18493,18493,step164_verified_normal9,火属性,432
step116_9_方円_000054,STEP116_9INEN_DEDUP_MAX_TOTAL_RESULT,step106_9inen_full_780_dedup_by_hero_set_bond_set_max_total,方円,通常,9,仙桃院|納涼忍お綾|堀秀政|柳生宗矩|原虎胤|井伊直虎,仙桃院|納涼忍お綾|堀秀政|柳生宗矩|原虎胤|井伊直虎,才腕の絆|文明開化|技巧伝承|多芸多才|豪傑|勇猛果敢|女傑の絆|戦場の華|能鷹隠爪,才腕の絆|文明開化|技巧伝承|多芸多才|豪傑|勇猛果敢|女傑の絆|戦場の華|能鷹隠爪,13052,975,528,159,557,169,801,403,408,432,465,ステータス計算済み,step116で9因縁780行を「陣形+配置英傑6人セット+発動因縁セット」で重複除外。同一組内は総合値最大の配置を代表として採用。,STEP116_SELECTED_MAX_TOTAL_FROM_STEP106_RECALCULATED_9INEN,step106で各陣形有効ラインから再計算済みの9因縁行を使用し、重複組では総合値最大の配置を残す,方円||通常||9||井伊直虎|仙桃院|原虎胤|堀秀政|柳生宗矩|納涼忍お綾||勇猛果敢|多芸多才|女傑の絆|戦場の華|才腕の絆|技巧伝承|文明開化|能鷹隠爪|豪傑,,step116_9inen_dedup_max_total,17949,17949,step164_verified_normal9,火属性,432
step116_9_方円_000021,STEP116_9INEN_DEDUP_MAX_TOTAL_RESULT,step106_9inen_full_780_dedup_by_hero_set_bond_set_max_total,方円,通常,9,長野業正|山中鹿之介|吉川元春|井伊直虎|宮本武蔵(涼)|島左近,長野業正|山中鹿之介|吉川元春|井伊直虎|宮本武蔵(涼)|島左近,猛将の絆|勇猛果敢|意気衝天|軍学の絆|豪傑|侍|根性の絆|もののふ|泰然自若,猛将の絆|勇猛果敢|意気衝天|軍学の絆|豪傑|侍|根性の絆|もののふ|泰然自若,16076,4022,733,374,175,163,224,231,238,267,244,ステータス計算済み,step116で9因縁780行を「陣形+配置英傑6人セット+発動因縁セット」で重複除外。同一組内は総合値最大の配置を代表として採用。,STEP116_SELECTED_MAX_TOTAL_FROM_STEP106_RECALCULATED_9INEN,step106で各陣形有効ラインから再計算済みの9因縁行を使用し、重複組では総合値最大の配置を残す,方円||通常||9||井伊直虎|吉川元春|宮本武蔵(涼)|山中鹿之介|島左近|長野業正||もののふ|侍|勇猛果敢|意気衝天|根性の絆|泰然自若|猛将の絆|豪傑|軍学の絆,,step116_9inen_dedup_max_total,22747,22747,step164_verified_normal9,火属性,267
step116_9_方円_000024,STEP116_9INEN_DEDUP_MAX_TOTAL_RESULT,step106_9inen_full_780_dedup_by_hero_set_bond_set_max_total,方円,通常,9,吉川元春|山中鹿之介|長野業正|島左近|山県昌景|井伊直虎,吉川元春|山中鹿之介|長野業正|島左近|山県昌景|井伊直虎,侍|根性の絆|もののふ|泰然自若|軍学の絆|豪傑|猛将の絆|勇猛果敢|意気衝天,侍|根性の絆|もののふ|泰然自若|軍学の絆|豪傑|猛将の絆|勇猛果敢|意気衝天,15788,4022,710,367,175,158,216,231,238,267,244,ステータス計算済み,step116で9因縁780行を「陣形+配置英傑6人セット+発動因縁セット」で重複除外。同一組内は総合値最大の配置を代表として採用。,STEP116_SELECTED_MAX_TOTAL_FROM_STEP106_RECALCULATED_9INEN,step106で各陣形有効ラインから再計算済みの9因縁行を使用し、重複組では総合値最大の配置を残す,方円||通常||9||井伊直虎|吉川元春|山中鹿之介|山県昌景|島左近|長野業正||もののふ|侍|勇猛果敢|意気衝天|根性の絆|泰然自若|猛将の絆|豪傑|軍学の絆,,step116_9inen_dedup_max_total,22416,22416,step164_verified_normal9,火属性,267
step116_9_方円_000025,STEP116_9INEN_DEDUP_MAX_TOTAL_RESULT,step106_9inen_full_780_dedup_by_hero_set_bond_set_max_total,方円,通常,9,長野業正|山中鹿之介|吉川元春|井伊直虎|柿崎景家|島左近,長野業正|山中鹿之介|吉川元春|井伊直虎|柿崎景家|島左近,猛将の絆|勇猛果敢|意気衝天|軍学の絆|豪傑|侍|根性の絆|もののふ|泰然自若,猛将の絆|勇猛果敢|意気衝天|軍学の絆|豪傑|侍|根性の絆|もののふ|泰然自若,15696,4022,713,366,175,158,216,231,238,267,244,ステータス計算済み,step116で9因縁780行を「陣形+配置英傑6人セット+発動因縁セット」で重複除外。同一組内は総合値最大の配置を代表として採用。,STEP116_SELECTED_MAX_TOTAL_FROM_STEP106_RECALCULATED_9INEN,step106で各陣形有効ラインから再計算済みの9因縁行を使用し、重複組では総合値最大の配置を残す,方円||通常||9||井伊直虎|吉川元春|山中鹿之介|島左近|柿崎景家|長野業正||もののふ|侍|勇猛果敢|意気衝天|根性の絆|泰然自若|猛将の絆|豪傑|軍学の絆,,step116_9inen_dedup_max_total,22326,22326,step164_verified_normal9,火属性,267
step116_9_方円_000033,STEP116_9INEN_DEDUP_MAX_TOTAL_RESULT,step106_9inen_full_780_dedup_by_hero_set_bond_set_max_total,方円,通常,9,伊達政宗(起源)|山中鹿之介|島左近|長野業正|明智光秀(闇)|小松姫,伊達政宗(起源)|山中鹿之介|島左近|長野業正|明智光秀(闇)|小松姫,侍|根性の絆|もののふ|泰然自若|戦場の華|老練闊達|勇猛果敢|武芸の絆|意気衝天,侍|根性の絆|もののふ|泰然自若|戦場の華|老練闊達|勇猛果敢|武芸の絆|意気衝天,14439,3655,509,357,205,121,279,231,238,267,244,ステータス計算済み,step116で9因縁780行を「陣形+配置英傑6人セット+発動因縁セット」で重複除外。同一組内は総合値最大の配置を代表として採用。,STEP116_SELECTED_MAX_TOTAL_FROM_STEP106_RECALCULATED_9INEN,step106で各陣形有効ラインから再計算済みの9因縁行を使用し、重複組では総合値最大の配置を残す,方円||通常||9||伊達政宗(起源)|小松姫|山中鹿之介|島左近|明智光秀(闇)|長野業正||もののふ|侍|勇猛果敢|意気衝天|戦場の華|根性の絆|武芸の絆|泰然自若|老練闊達,,step116_9inen_dedup_max_total,20545,20545,step164_verified_normal9,火属性,267
step116_9_方円_000038,STEP116_9INEN_DEDUP_MAX_TOTAL_RESULT,step106_9inen_full_780_dedup_by_hero_set_bond_set_max_total,方円,通常,9,十河一存|山中鹿之介|島左近|長野業正|明智光秀(闇)|小松姫,十河一存|山中鹿之介|島左近|長野業正|明智光秀(闇)|小松姫,侍|根性の絆|もののふ|泰然自若|戦場の華|老練闊達|勇猛果敢|武芸の絆|意気衝天,侍|根性の絆|もののふ|泰然自若|戦場の華|老練闊達|勇猛果敢|武芸の絆|意気衝天,13961,3406,499,350,189,106,279,231,238,267,244,ステータス計算済み,step116で9因縁780行を「陣形+配置英傑6人セット+発動因縁セット」で重複除外。同一組内は総合値最大の配置を代表として採用。,STEP116_SELECTED_MAX_TOTAL_FROM_STEP106_RECALCULATED_9INEN,step106で各陣形有効ラインから再計算済みの9因縁行を使用し、重複組では総合値最大の配置を残す,方円||通常||9||十河一存|小松姫|山中鹿之介|島左近|明智光秀(闇)|長野業正||もののふ|侍|勇猛果敢|意気衝天|戦場の華|根性の絆|武芸の絆|泰然自若|老練闊達,,step116_9inen_dedup_max_total,19770,19770,step164_verified_normal9,火属性,267
step116_9_方円_000039,STEP116_9INEN_DEDUP_MAX_TOTAL_RESULT,step106_9inen_full_780_dedup_by_hero_set_bond_set_max_total,方円,通常,9,井伊直政|山中鹿之介|島左近|長野業正|明智光秀(闇)|小松姫,井伊直政|山中鹿之介|島左近|長野業正|明智光秀(闇)|小松姫,侍|根性の絆|もののふ|泰然自若|戦場の華|老練闊達|勇猛果敢|武芸の絆|意気衝天,侍|根性の絆|もののふ|泰然自若|戦場の華|老練闊達|勇猛果敢|武芸の絆|意気衝天,13961,3406,498,351,185,106,279,231,238,267,244,ステータス計算済み,step116で9因縁780行を「陣形+配置英傑6人セット+発動因縁セット」で重複除外。同一組内は総合値最大の配置を代表として採用。,STEP116_SELECTED_MAX_TOTAL_FROM_STEP106_RECALCULATED_9INEN,step106で各陣形有効ラインから再計算済みの9因縁行を使用し、重複組では総合値最大の配置を残す,方円||通常||9||井伊直政|小松姫|山中鹿之介|島左近|明智光秀(闇)|長野業正||もののふ|侍|勇猛果敢|意気衝天|戦場の華|根性の絆|武芸の絆|泰然自若|老練闊達,,step116_9inen_dedup_max_total,19766,19766,step164_verified_normal9,火属性,267
step116_9_方円_000034,STEP116_9INEN_DEDUP_MAX_TOTAL_RESULT,step106_9inen_full_780_dedup_by_hero_set_bond_set_max_total,方円,通常,9,伊達政宗(起源)|山県昌景(泰然)|島左近|長野業正|明智光秀(闇)|小松姫,伊達政宗(起源)|山県昌景(泰然)|島左近|長野業正|明智光秀(闇)|小松姫,侍|根性の絆|もののふ|泰然自若|戦場の華|老練闊達|勇猛果敢|武芸の絆|意気衝天,侍|根性の絆|もののふ|泰然自若|戦場の華|老練闊達|勇猛果敢|武芸の絆|意気衝天,14359,3561,506,357,201,121,272,238,246,264,249,ステータス計算済み,step116で9因縁780行を「陣形+配置英傑6人セット+発動因縁セット」で重複除外。同一組内は総合値最大の配置を代表として採用。,STEP116_SELECTED_MAX_TOTAL_FROM_STEP106_RECALCULATED_9INEN,step106で各陣形有効ラインから再計算済みの9因縁行を使用し、重複組では総合値最大の配置を残す,方円||通常||9||伊達政宗(起源)|小松姫|山県昌景(泰然)|島左近|明智光秀(闇)|長野業正||もののふ|侍|勇猛果敢|意気衝天|戦場の華|根性の絆|武芸の絆|泰然自若|老練闊達,,step116_9inen_dedup_max_total,20374,20374,step164_verified_normal9,火属性,264
step116_9_方円_000042,STEP116_9INEN_DEDUP_MAX_TOTAL_RESULT,step106_9inen_full_780_dedup_by_hero_set_bond_set_max_total,方円,通常,9,十河一存|山県昌景(泰然)|島左近|長野業正|明智光秀(闇)|小松姫,十河一存|山県昌景(泰然)|島左近|長野業正|明智光秀(闇)|小松姫,侍|根性の絆|もののふ|泰然自若|戦場の華|老練闊達|勇猛果敢|武芸の絆|意気衝天,侍|根性の絆|もののふ|泰然自若|戦場の華|老練闊達|勇猛果敢|武芸の絆|意気衝天,13882,3313,496,350,185,105,272,238,246,264,249,ステータス計算済み,step116で9因縁780行を「陣形+配置英傑6人セット+発動因縁セット」で重複除外。同一組内は総合値最大の配置を代表として採用。,STEP116_SELECTED_MAX_TOTAL_FROM_STEP106_RECALCULATED_9INEN,step106で各陣形有効ラインから再計算済みの9因縁行を使用し、重複組では総合値最大の配置を残す,方円||通常||9||十河一存|小松姫|山県昌景(泰然)|島左近|明智光秀(闇)|長野業正||もののふ|侍|勇猛果敢|意気衝天|戦場の華|根性の絆|武芸の絆|泰然自若|老練闊達,,step116_9inen_dedup_max_total,19600,19600,step164_verified_normal9,火属性,264
step116_9_方円_000043,STEP116_9INEN_DEDUP_MAX_TOTAL_RESULT,step106_9inen_full_780_dedup_by_hero_set_bond_set_max_total,方円,通常,9,井伊直政|山県昌景(泰然)|島左近|長野業正|明智光秀(闇)|小松姫,井伊直政|山県昌景(泰然)|島左近|長野業正|明智光秀(闇)|小松姫,侍|根性の絆|もののふ|泰然自若|戦場の華|老練闊達|勇猛果敢|武芸の絆|意気衝天,侍|根性の絆|もののふ|泰然自若|戦場の華|老練闊達|勇猛果敢|武芸の絆|意気衝天,13882,3313,495,351,181,105,272,238,246,264,249,ステータス計算済み,step116で9因縁780行を「陣形+配置英傑6人セット+発動因縁セット」で重複除外。同一組内は総合値最大の配置を代表として採用。,STEP116_SELECTED_MAX_TOTAL_FROM_STEP106_RECALCULATED_9INEN,step106で各陣形有効ラインから再計算済みの9因縁行を使用し、重複組では総合値最大の配置を残す,方円||通常||9||井伊直政|小松姫|山県昌景(泰然)|島左近|明智光秀(闇)|長野業正||もののふ|侍|勇猛果敢|意気衝天|戦場の華|根性の絆|武芸の絆|泰然自若|老練闊達,,step116_9inen_dedup_max_total,19596,19596,step164_verified_normal9,火属性,264
step116_9_方円_000055,STEP116_9INEN_DEDUP_MAX_TOTAL_RESULT,step106_9inen_full_780_dedup_by_hero_set_bond_set_max_total,方円,通常,9,谷忠澄|柳生宗矩|宮本武蔵(涼)|道場娘まり(和装)|井伊直虎|魔女ルシア,谷忠澄|柳生宗矩|宮本武蔵(涼)|道場娘まり(和装)|井伊直虎|魔女ルシア,侍|剣豪の絆|豪傑|女傑の絆|戦場の華|文明開化|技巧伝承|竜飛鳳舞|多芸多才,侍|剣豪の絆|豪傑|女傑の絆|戦場の華|文明開化|技巧伝承|竜飛鳳舞|多芸多才,13298,1346,790,72,340,289,652,171,168,161,194,ステータス計算済み,step116で9因縁780行を「陣形+配置英傑6人セット+発動因縁セット」で重複除外。同一組内は総合値最大の配置を代表として採用。,STEP116_SELECTED_MAX_TOTAL_FROM_STEP106_RECALCULATED_9INEN,step106で各陣形有効ラインから再計算済みの9因縁行を使用し、重複組では総合値最大の配置を残す,方円||通常||9||井伊直虎|宮本武蔵(涼)|柳生宗矩|谷忠澄|道場娘まり(和装)|魔女ルシア||侍|剣豪の絆|多芸多才|女傑の絆|戦場の華|技巧伝承|文明開化|竜飛鳳舞|豪傑,,step116_9inen_dedup_max_total,17481,17481,step164_verified_normal9,火属性,161
step116_9_方円_000030,STEP116_9INEN_DEDUP_MAX_TOTAL_RESULT,step106_9inen_full_780_dedup_by_hero_set_bond_set_max_total,方円,通常,9,細川藤孝(立役)|大内義隆|北条氏邦|出雲阿国(野望)|大祝鶴|魔女ルシア,細川藤孝(立役)|大内義隆|北条氏邦|出雲阿国(野望)|大祝鶴|魔女ルシア,流行創出|多芸多才|神主・巫女|女傑の絆|洒落者の絆|文化人の絆|文明開化|技巧伝承|山紫水明,流行創出|多芸多才|神主・巫女|女傑の絆|洒落者の絆|文化人の絆|文明開化|技巧伝承|山紫水明,13386,2828,227,40,348,443,684,850,893,818,874,ステータス計算済み,step116で9因縁780行を「陣形+配置英傑6人セット+発動因縁セット」で重複除外。同一組内は総合値最大の配置を代表として採用。,STEP116_SELECTED_MAX_TOTAL_FROM_STEP106_RECALCULATED_9INEN,step106で各陣形有効ラインから再計算済みの9因縁行を使用し、重複組では総合値最大の配置を残す,方円||通常||9||出雲阿国(野望)|北条氏邦|大内義隆|大祝鶴|細川藤孝(立役)|魔女ルシア||多芸多才|女傑の絆|山紫水明|技巧伝承|文化人の絆|文明開化|洒落者の絆|流行創出|神主・巫女,,step116_9inen_dedup_max_total,21391,21391,step164_verified_normal9,風属性,874
step116_9_方円_000036,STEP116_9INEN_DEDUP_MAX_TOTAL_RESULT,step106_9inen_full_780_dedup_by_hero_set_bond_set_max_total,方円,通常,9,武田晴信|豊臣秀長|北条氏照(剛柔)|豊臣秀次|細川藤孝(立役)|前田利家,武田晴信|豊臣秀長|北条氏照(剛柔)|豊臣秀次|細川藤孝(立役)|前田利家,知将の絆|立役者|技巧伝承|柔能制剛|文明開化|山紫水明|謀略家|雄材大略|摂理探究,知将の絆|立役者|技巧伝承|柔能制剛|文明開化|山紫水明|謀略家|雄材大略|摂理探究,14832,899,76,0,267,1174,173,705,680,724,679,ステータス計算済み,step116で9因縁780行を「陣形+配置英傑6人セット+発動因縁セット」で重複除外。同一組内は総合値最大の配置を代表として採用。,STEP116_SELECTED_MAX_TOTAL_FROM_STEP106_RECALCULATED_9INEN,step106で各陣形有効ラインから再計算済みの9因縁行を使用し、重複組では総合値最大の配置を残す,方円||通常||9||前田利家|北条氏照(剛柔)|武田晴信|細川藤孝(立役)|豊臣秀次|豊臣秀長||山紫水明|技巧伝承|摂理探究|文明開化|柔能制剛|知将の絆|立役者|謀略家|雄材大略,,step116_9inen_dedup_max_total,20209,20209,step164_verified_normal9,風属性,679
step116_9_方円_000035,STEP116_9INEN_DEDUP_MAX_TOTAL_RESULT,step106_9inen_full_780_dedup_by_hero_set_bond_set_max_total,方円,通常,9,北条氏照(剛柔)|豊臣秀長|武田晴信|前田利家(雄材)|細川藤孝(立役)|豊臣秀次,北条氏照(剛柔)|豊臣秀長|武田晴信|前田利家(雄材)|細川藤孝(立役)|豊臣秀次,謀略家|雄材大略|摂理探究|文明開化|山紫水明|知将の絆|立役者|技巧伝承|柔能制剛,謀略家|雄材大略|摂理探究|文明開化|山紫水明|知将の絆|立役者|技巧伝承|柔能制剛,14832,899,76,0,267,1174,173,705,680,724,679,ステータス計算済み,step116で9因縁780行を「陣形+配置英傑6人セット+発動因縁セット」で重複除外。同一組内は総合値最大の配置を代表として採用。,STEP116_SELECTED_MAX_TOTAL_FROM_STEP106_RECALCULATED_9INEN,step106で各陣形有効ラインから再計算済みの9因縁行を使用し、重複組では総合値最大の配置を残す,方円||通常||9||前田利家(雄材)|北条氏照(剛柔)|武田晴信|細川藤孝(立役)|豊臣秀次|豊臣秀長||山紫水明|技巧伝承|摂理探究|文明開化|柔能制剛|知将の絆|立役者|謀略家|雄材大略,,step116_9inen_dedup_max_total,20209,20209,step164_verified_normal9,風属性,679
step116_9_方円_000041,STEP116_9INEN_DEDUP_MAX_TOTAL_RESULT,step106_9inen_full_780_dedup_by_hero_set_bond_set_max_total,方円,通常,9,上杉憲政|豊臣秀長|北条氏照(剛柔)|豊臣秀次|細川藤孝(立役)|前田利家,上杉憲政|豊臣秀長|北条氏照(剛柔)|豊臣秀次|細川藤孝(立役)|前田利家,知将の絆|立役者|技巧伝承|柔能制剛|文明開化|山紫水明|謀略家|雄材大略|摂理探究,知将の絆|立役者|技巧伝承|柔能制剛|文明開化|山紫水明|謀略家|雄材大略|摂理探究,14490,861,79,0,267,1097,173,669,652,695,651,ステータス計算済み,step116で9因縁780行を「陣形+配置英傑6人セット+発動因縁セット」で重複除外。同一組内は総合値最大の配置を代表として採用。,STEP116_SELECTED_MAX_TOTAL_FROM_STEP106_RECALCULATED_9INEN,step106で各陣形有効ラインから再計算済みの9因縁行を使用し、重複組では総合値最大の配置を残す,方円||通常||9||上杉憲政|前田利家|北条氏照(剛柔)|細川藤孝(立役)|豊臣秀次|豊臣秀長||山紫水明|技巧伝承|摂理探究|文明開化|柔能制剛|知将の絆|立役者|謀略家|雄材大略,,step116_9inen_dedup_max_total,19634,19634,step164_verified_normal9,風属性,651
step116_9_方円_000040,STEP116_9INEN_DEDUP_MAX_TOTAL_RESULT,step106_9inen_full_780_dedup_by_hero_set_bond_set_max_total,方円,通常,9,北条氏照(剛柔)|豊臣秀長|上杉憲政|前田利家(雄材)|細川藤孝(立役)|豊臣秀次,北条氏照(剛柔)|豊臣秀長|上杉憲政|前田利家(雄材)|細川藤孝(立役)|豊臣秀次,謀略家|雄材大略|摂理探究|文明開化|山紫水明|知将の絆|立役者|技巧伝承|柔能制剛,謀略家|雄材大略|摂理探究|文明開化|山紫水明|知将の絆|立役者|技巧伝承|柔能制剛,14490,861,79,0,267,1097,173,669,652,695,651,ステータス計算済み,step116で9因縁780行を「陣形+配置英傑6人セット+発動因縁セット」で重複除外。同一組内は総合値最大の配置を代表として採用。,STEP116_SELECTED_MAX_TOTAL_FROM_STEP106_RECALCULATED_9INEN,step106で各陣形有効ラインから再計算済みの9因縁行を使用し、重複組では総合値最大の配置を残す,方円||通常||9||上杉憲政|前田利家(雄材)|北条氏照(剛柔)|細川藤孝(立役)|豊臣秀次|豊臣秀長||山紫水明|技巧伝承|摂理探究|文明開化|柔能制剛|知将の絆|立役者|謀略家|雄材大略,,step116_9inen_dedup_max_total,19634,19634,step164_verified_normal9,風属性,651
step116_9_方円_000023,STEP116_9INEN_DEDUP_MAX_TOTAL_RESULT,step106_9inen_full_780_dedup_by_hero_set_bond_set_max_total,方円,通常,9,酒井忠次(衣鉢)|伊奈忠次|ガラシャ(聖)|斎藤利三(神祇)|毛利隆元|豊臣秀吉,酒井忠次(衣鉢)|伊奈忠次|ガラシャ(聖)|斎藤利三(神祇)|毛利隆元|豊臣秀吉,召喚術の絆|摂理探究|世渡り上手の絆|才腕の絆|謀略家|柔能制剛|技巧伝承|天神地祇|雄材大略,召喚術の絆|摂理探究|世渡り上手の絆|才腕の絆|謀略家|柔能制剛|技巧伝承|天神地祇|雄材大略,15387,3129,37,51,359,664,423,655,664,696,634,ステータス計算済み,step116で9因縁780行を「陣形+配置英傑6人セット+発動因縁セット」で重複除外。同一組内は総合値最大の配置を代表として採用。,STEP116_SELECTED_MAX_TOTAL_FROM_STEP106_RECALCULATED_9INEN,step106で各陣形有効ラインから再計算済みの9因縁行を使用し、重複組では総合値最大の配置を残す,方円||通常||9||ガラシャ(聖)|伊奈忠次|斎藤利三(神祇)|毛利隆元|豊臣秀吉|酒井忠次(衣鉢)||世渡り上手の絆|召喚術の絆|天神地祇|才腕の絆|技巧伝承|摂理探究|柔能制剛|謀略家|雄材大略,,step116_9inen_dedup_max_total,22699,22699,step164_verified_normal9,風属性,634
step116_9_方円_000022,STEP116_9INEN_DEDUP_MAX_TOTAL_RESULT,step106_9inen_full_780_dedup_by_hero_set_bond_set_max_total,方円,通常,9,酒井忠次(通)|伊奈忠次|ガラシャ(聖)|斎藤利三(神祇)|毛利隆元|豊臣秀吉,酒井忠次(通)|伊奈忠次|ガラシャ(聖)|斎藤利三(神祇)|毛利隆元|豊臣秀吉,召喚術の絆|摂理探究|世渡り上手の絆|才腕の絆|謀略家|柔能制剛|技巧伝承|天神地祇|雄材大略,召喚術の絆|摂理探究|世渡り上手の絆|才腕の絆|謀略家|柔能制剛|技巧伝承|天神地祇|雄材大略,15387,3129,37,51,359,664,423,655,664,696,634,ステータス計算済み,step116で9因縁780行を「陣形+配置英傑6人セット+発動因縁セット」で重複除外。同一組内は総合値最大の配置を代表として採用。,STEP116_SELECTED_MAX_TOTAL_FROM_STEP106_RECALCULATED_9INEN,step106で各陣形有効ラインから再計算済みの9因縁行を使用し、重複組では総合値最大の配置を残す,方円||通常||9||ガラシャ(聖)|伊奈忠次|斎藤利三(神祇)|毛利隆元|豊臣秀吉|酒井忠次(通)||世渡り上手の絆|召喚術の絆|天神地祇|才腕の絆|技巧伝承|摂理探究|柔能制剛|謀略家|雄材大略,,step116_9inen_dedup_max_total,22699,22699,step164_verified_normal9,風属性,634
step116_9_方円_000037,STEP116_9INEN_DEDUP_MAX_TOTAL_RESULT,step106_9inen_full_780_dedup_by_hero_set_bond_set_max_total,方円,通常,9,谷忠澄|柳生宗矩|島左近|出雲阿国(野望)|大祝鶴|魔女ルシア,谷忠澄|柳生宗矩|島左近|出雲阿国(野望)|大祝鶴|魔女ルシア,豪傑|流行創出|神主・巫女|女傑の絆|洒落者の絆|文明開化|技巧伝承|竜飛鳳舞|多芸多才,豪傑|流行創出|神主・巫女|女傑の絆|洒落者の絆|文明開化|技巧伝承|竜飛鳳舞|多芸多才,12761,2985,508,44,222,416,655,535,545,521,585,ステータス計算済み,step116で9因縁780行を「陣形+配置英傑6人セット+発動因縁セット」で重複除外。同一組内は総合値最大の配置を代表として採用。,STEP116_SELECTED_MAX_TOTAL_FROM_STEP106_RECALCULATED_9INEN,step106で各陣形有効ラインから再計算済みの9因縁行を使用し、重複組では総合値最大の配置を残す,方円||通常||9||出雲阿国(野望)|大祝鶴|島左近|柳生宗矩|谷忠澄|魔女ルシア||多芸多才|女傑の絆|技巧伝承|文明開化|洒落者の絆|流行創出|神主・巫女|竜飛鳳舞|豪傑,,step116_9inen_dedup_max_total,19777,19777,step164_verified_normal9,風属性,585
step116_9_方円_000027,STEP116_9INEN_DEDUP_MAX_TOTAL_RESULT,step106_9inen_full_780_dedup_by_hero_set_bond_set_max_total,方円,通常,9,酒井忠次(衣鉢)|伊奈忠次|サンチョ|斎藤利三(神祇)|毛利隆元|豊臣秀吉,酒井忠次(衣鉢)|伊奈忠次|サンチョ|斎藤利三(神祇)|毛利隆元|豊臣秀吉,召喚術の絆|摂理探究|世渡り上手の絆|才腕の絆|謀略家|柔能制剛|技巧伝承|天神地祇|雄材大略,召喚術の絆|摂理探究|世渡り上手の絆|才腕の絆|謀略家|柔能制剛|技巧伝承|天神地祇|雄材大略,14916,3129,28,40,359,635,423,607,610,631,578,ステータス計算済み,step116で9因縁780行を「陣形+配置英傑6人セット+発動因縁セット」で重複除外。同一組内は総合値最大の配置を代表として採用。,STEP116_SELECTED_MAX_TOTAL_FROM_STEP106_RECALCULATED_9INEN,step106で各陣形有効ラインから再計算済みの9因縁行を使用し、重複組では総合値最大の配置を残す,方円||通常||9||サンチョ|伊奈忠次|斎藤利三(神祇)|毛利隆元|豊臣秀吉|酒井忠次(衣鉢)||世渡り上手の絆|召喚術の絆|天神地祇|才腕の絆|技巧伝承|摂理探究|柔能制剛|謀略家|雄材大略,,step116_9inen_dedup_max_total,21956,21956,step164_verified_normal9,風属性,578
step116_9_方円_000026,STEP116_9INEN_DEDUP_MAX_TOTAL_RESULT,step106_9inen_full_780_dedup_by_hero_set_bond_set_max_total,方円,通常,9,酒井忠次(通)|伊奈忠次|サンチョ|斎藤利三(神祇)|毛利隆元|豊臣秀吉,酒井忠次(通)|伊奈忠次|サンチョ|斎藤利三(神祇)|毛利隆元|豊臣秀吉,召喚術の絆|摂理探究|世渡り上手の絆|才腕の絆|謀略家|柔能制剛|技巧伝承|天神地祇|雄材大略,召喚術の絆|摂理探究|世渡り上手の絆|才腕の絆|謀略家|柔能制剛|技巧伝承|天神地祇|雄材大略,14916,3129,28,40,359,635,423,607,610,631,578,ステータス計算済み,step116で9因縁780行を「陣形+配置英傑6人セット+発動因縁セット」で重複除外。同一組内は総合値最大の配置を代表として採用。,STEP116_SELECTED_MAX_TOTAL_FROM_STEP106_RECALCULATED_9INEN,step106で各陣形有効ラインから再計算済みの9因縁行を使用し、重複組では総合値最大の配置を残す,方円||通常||9||サンチョ|伊奈忠次|斎藤利三(神祇)|毛利隆元|豊臣秀吉|酒井忠次(通)||世渡り上手の絆|召喚術の絆|天神地祇|才腕の絆|技巧伝承|摂理探究|柔能制剛|謀略家|雄材大略,,step116_9inen_dedup_max_total,21956,21956,step164_verified_normal9,風属性,578
step116_9_方円_000047,STEP116_9INEN_DEDUP_MAX_TOTAL_RESULT,step106_9inen_full_780_dedup_by_hero_set_bond_set_max_total,方円,通常,9,豊臣秀長|北条氏照(剛柔)|金森長近|雑賀孫市(道化)|黒田長政|黒田官兵衛,豊臣秀長|北条氏照(剛柔)|金森長近|雑賀孫市(道化)|黒田長政|黒田官兵衛,文明開化|技巧伝承|知勇兼備|才腕の絆|硝煙弾雨|多芸多才|知将の絆|立役者|柔能制剛,文明開化|技巧伝承|知勇兼備|才腕の絆|硝煙弾雨|多芸多才|知将の絆|立役者|柔能制剛,11393,3272,147,112,631,777,343,562,643,581,554,ステータス計算済み,step116で9因縁780行を「陣形+配置英傑6人セット+発動因縁セット」で重複除外。同一組内は総合値最大の配置を代表として採用。,STEP116_SELECTED_MAX_TOTAL_FROM_STEP106_RECALCULATED_9INEN,step106で各陣形有効ラインから再計算済みの9因縁行を使用し、重複組では総合値最大の配置を残す,方円||通常||9||北条氏照(剛柔)|豊臣秀長|金森長近|雑賀孫市(道化)|黒田官兵衛|黒田長政||多芸多才|才腕の絆|技巧伝承|文明開化|柔能制剛|知勇兼備|知将の絆|硝煙弾雨|立役者,,step116_9inen_dedup_max_total,19015,19015,step164_verified_normal9,風属性,554
step116_9_方円_000046,STEP116_9INEN_DEDUP_MAX_TOTAL_RESULT,step106_9inen_full_780_dedup_by_hero_set_bond_set_max_total,方円,通常,9,鍋島直茂(乱雲)|北条氏照(剛柔)|金森長近|雑賀孫市(道化)|黒田長政|黒田官兵衛,鍋島直茂(乱雲)|北条氏照(剛柔)|金森長近|雑賀孫市(道化)|黒田長政|黒田官兵衛,文明開化|技巧伝承|知勇兼備|才腕の絆|硝煙弾雨|多芸多才|知将の絆|立役者|柔能制剛,文明開化|技巧伝承|知勇兼備|才腕の絆|硝煙弾雨|多芸多才|知将の絆|立役者|柔能制剛,11606,3272,147,112,633,773,343,556,641,573,552,ステータス計算済み,step116で9因縁780行を「陣形+配置英傑6人セット+発動因縁セット」で重複除外。同一組内は総合値最大の配置を代表として採用。,STEP116_SELECTED_MAX_TOTAL_FROM_STEP106_RECALCULATED_9INEN,step106で各陣形有効ラインから再計算済みの9因縁行を使用し、重複組では総合値最大の配置を残す,方円||通常||9||北条氏照(剛柔)|金森長近|鍋島直茂(乱雲)|雑賀孫市(道化)|黒田官兵衛|黒田長政||多芸多才|才腕の絆|技巧伝承|文明開化|柔能制剛|知勇兼備|知将の絆|硝煙弾雨|立役者,,step116_9inen_dedup_max_total,19208,19208,step164_verified_normal9,風属性,552
step116_9_方円_000016,STEP116_9INEN_DEDUP_MAX_TOTAL_RESULT,step106_9inen_full_780_dedup_by_hero_set_bond_set_max_total,方円,通常,9,竹中半兵衛(右腕)|武田晴信|愛姫(起源)|細川藤孝(立役)|今川義元|前田利家,竹中半兵衛(右腕)|武田晴信|愛姫(起源)|細川藤孝(立役)|今川義元|前田利家,健康第一|老練闊達|質実剛健|文明開化|山紫水明|巧言令色|謀略家|雄材大略|摂理探究,健康第一|老練闊達|質実剛健|文明開化|山紫水明|巧言令色|謀略家|雄材大略|摂理探究,14808,4896,136,210,0,792,344,552,573,573,532,ステータス計算済み,step116で9因縁780行を「陣形+配置英傑6人セット+発動因縁セット」で重複除外。同一組内は総合値最大の配置を代表として採用。,STEP116_SELECTED_MAX_TOTAL_FROM_STEP106_RECALCULATED_9INEN,step106で各陣形有効ラインから再計算済みの9因縁行を使用し、重複組では総合値最大の配置を残す,方円||通常||9||今川義元|前田利家|愛姫(起源)|武田晴信|竹中半兵衛(右腕)|細川藤孝(立役)||健康第一|山紫水明|巧言令色|摂理探究|文明開化|老練闊達|謀略家|質実剛健|雄材大略,,step116_9inen_dedup_max_total,23416,23416,step164_verified_normal9,風属性,532
step116_9_方円_000015,STEP116_9INEN_DEDUP_MAX_TOTAL_RESULT,step106_9inen_full_780_dedup_by_hero_set_bond_set_max_total,方円,通常,9,今川義元|前田利家(雄材)|竹中半兵衛(右腕)|武田晴信|愛姫(起源)|細川藤孝(立役),今川義元|前田利家(雄材)|竹中半兵衛(右腕)|武田晴信|愛姫(起源)|細川藤孝(立役),謀略家|雄材大略|摂理探究|健康第一|老練闊達|質実剛健|文明開化|山紫水明|巧言令色,謀略家|雄材大略|摂理探究|健康第一|老練闊達|質実剛健|文明開化|山紫水明|巧言令色,14808,4896,136,210,0,792,344,552,573,573,532,ステータス計算済み,step116で9因縁780行を「陣形+配置英傑6人セット+発動因縁セット」で重複除外。同一組内は総合値最大の配置を代表として採用。,STEP116_SELECTED_MAX_TOTAL_FROM_STEP106_RECALCULATED_9INEN,step106で各陣形有効ラインから再計算済みの9因縁行を使用し、重複組では総合値最大の配置を残す,方円||通常||9||今川義元|前田利家(雄材)|愛姫(起源)|武田晴信|竹中半兵衛(右腕)|細川藤孝(立役)||健康第一|山紫水明|巧言令色|摂理探究|文明開化|老練闊達|謀略家|質実剛健|雄材大略,,step116_9inen_dedup_max_total,23416,23416,step164_verified_normal9,風属性,532
step116_9_方円_000020,STEP116_9INEN_DEDUP_MAX_TOTAL_RESULT,step106_9inen_full_780_dedup_by_hero_set_bond_set_max_total,方円,通常,9,竹中半兵衛(右腕)|武田晴信|高台院|細川藤孝(立役)|今川義元|前田利家,竹中半兵衛(右腕)|武田晴信|高台院|細川藤孝(立役)|今川義元|前田利家,健康第一|老練闊達|質実剛健|文明開化|山紫水明|巧言令色|謀略家|雄材大略|摂理探究,健康第一|老練闊達|質実剛健|文明開化|山紫水明|巧言令色|謀略家|雄材大略|摂理探究,14811,4870,125,206,0,796,344,551,570,568,529,ステータス計算済み,step116で9因縁780行を「陣形+配置英傑6人セット+発動因縁セット」で重複除外。同一組内は総合値最大の配置を代表として採用。,STEP116_SELECTED_MAX_TOTAL_FROM_STEP106_RECALCULATED_9INEN,step106で各陣形有効ラインから再計算済みの9因縁行を使用し、重複組では総合値最大の配置を残す,方円||通常||9||今川義元|前田利家|武田晴信|竹中半兵衛(右腕)|細川藤孝(立役)|高台院||健康第一|山紫水明|巧言令色|摂理探究|文明開化|老練闊達|謀略家|質実剛健|雄材大略,,step116_9inen_dedup_max_total,23370,23370,step164_verified_normal9,風属性,529
step116_9_方円_000019,STEP116_9INEN_DEDUP_MAX_TOTAL_RESULT,step106_9inen_full_780_dedup_by_hero_set_bond_set_max_total,方円,通常,9,今川義元|前田利家(雄材)|竹中半兵衛(右腕)|武田晴信|高台院|細川藤孝(立役),今川義元|前田利家(雄材)|竹中半兵衛(右腕)|武田晴信|高台院|細川藤孝(立役),謀略家|雄材大略|摂理探究|健康第一|老練闊達|質実剛健|文明開化|山紫水明|巧言令色,謀略家|雄材大略|摂理探究|健康第一|老練闊達|質実剛健|文明開化|山紫水明|巧言令色,14811,4870,125,206,0,796,344,551,570,568,529,ステータス計算済み,step116で9因縁780行を「陣形+配置英傑6人セット+発動因縁セット」で重複除外。同一組内は総合値最大の配置を代表として採用。,STEP116_SELECTED_MAX_TOTAL_FROM_STEP106_RECALCULATED_9INEN,step106で各陣形有効ラインから再計算済みの9因縁行を使用し、重複組では総合値最大の配置を残す,方円||通常||9||今川義元|前田利家(雄材)|武田晴信|竹中半兵衛(右腕)|細川藤孝(立役)|高台院||健康第一|山紫水明|巧言令色|摂理探究|文明開化|老練闊達|謀略家|質実剛健|雄材大略,,step116_9inen_dedup_max_total,23370,23370,step164_verified_normal9,風属性,529
step116_9_方円_000051,STEP116_9INEN_DEDUP_MAX_TOTAL_RESULT,step106_9inen_full_780_dedup_by_hero_set_bond_set_max_total,方円,通常,9,豊臣秀長|北条氏照(剛柔)|金森長近|雑賀孫市(道化)|大久保忠世|黒田官兵衛,豊臣秀長|北条氏照(剛柔)|金森長近|雑賀孫市(道化)|大久保忠世|黒田官兵衛,文明開化|技巧伝承|知勇兼備|才腕の絆|硝煙弾雨|多芸多才|知将の絆|立役者|柔能制剛,文明開化|技巧伝承|知勇兼備|才腕の絆|硝煙弾雨|多芸多才|知将の絆|立役者|柔能制剛,11154,3232,143,108,626,764,336,530,612,545,525,ステータス計算済み,step116で9因縁780行を「陣形+配置英傑6人セット+発動因縁セット」で重複除外。同一組内は総合値最大の配置を代表として採用。,STEP116_SELECTED_MAX_TOTAL_FROM_STEP106_RECALCULATED_9INEN,step106で各陣形有効ラインから再計算済みの9因縁行を使用し、重複組では総合値最大の配置を残す,方円||通常||9||北条氏照(剛柔)|大久保忠世|豊臣秀長|金森長近|雑賀孫市(道化)|黒田官兵衛||多芸多才|才腕の絆|技巧伝承|文明開化|柔能制剛|知勇兼備|知将の絆|硝煙弾雨|立役者,,step116_9inen_dedup_max_total,18575,18575,step164_verified_normal9,風属性,525
step116_9_方円_000049,STEP116_9INEN_DEDUP_MAX_TOTAL_RESULT,step106_9inen_full_780_dedup_by_hero_set_bond_set_max_total,方円,通常,9,鍋島直茂(乱雲)|北条氏照(剛柔)|金森長近|雑賀孫市(道化)|大久保忠世|黒田官兵衛,鍋島直茂(乱雲)|北条氏照(剛柔)|金森長近|雑賀孫市(道化)|大久保忠世|黒田官兵衛,文明開化|技巧伝承|知勇兼備|才腕の絆|硝煙弾雨|多芸多才|知将の絆|立役者|柔能制剛,文明開化|技巧伝承|知勇兼備|才腕の絆|硝煙弾雨|多芸多才|知将の絆|立役者|柔能制剛,11367,3232,143,108,628,760,336,524,610,536,523,ステータス計算済み,step116で9因縁780行を「陣形+配置英傑6人セット+発動因縁セット」で重複除外。同一組内は総合値最大の配置を代表として採用。,STEP116_SELECTED_MAX_TOTAL_FROM_STEP106_RECALCULATED_9INEN,step106で各陣形有効ラインから再計算済みの9因縁行を使用し、重複組では総合値最大の配置を残す,方円||通常||9||北条氏照(剛柔)|大久保忠世|金森長近|鍋島直茂(乱雲)|雑賀孫市(道化)|黒田官兵衛||多芸多才|才腕の絆|技巧伝承|文明開化|柔能制剛|知勇兼備|知将の絆|硝煙弾雨|立役者,,step116_9inen_dedup_max_total,18767,18767,step164_verified_normal9,風属性,523
step116_9_方円_000010,STEP116_9INEN_DEDUP_MAX_TOTAL_RESULT,step106_9inen_full_780_dedup_by_hero_set_bond_set_max_total,方円,通常,9,豊臣秀長|武田晴信|愛姫(起源)|細川藤孝(立役)|今川義元|前田利家,豊臣秀長|武田晴信|愛姫(起源)|細川藤孝(立役)|今川義元|前田利家,健康第一|老練闊達|質実剛健|文明開化|山紫水明|巧言令色|謀略家|雄材大略|摂理探究,健康第一|老練闊達|質実剛健|文明開化|山紫水明|巧言令色|謀略家|雄材大略|摂理探究,15036,4864,143,210,0,790,344,539,559,563,519,ステータス計算済み,step116で9因縁780行を「陣形+配置英傑6人セット+発動因縁セット」で重複除外。同一組内は総合値最大の配置を代表として採用。,STEP116_SELECTED_MAX_TOTAL_FROM_STEP106_RECALCULATED_9INEN,step106で各陣形有効ラインから再計算済みの9因縁行を使用し、重複組では総合値最大の配置を残す,方円||通常||9||今川義元|前田利家|愛姫(起源)|武田晴信|細川藤孝(立役)|豊臣秀長||健康第一|山紫水明|巧言令色|摂理探究|文明開化|老練闊達|謀略家|質実剛健|雄材大略,,step116_9inen_dedup_max_total,23567,23567,step164_verified_normal9,風属性,519
step116_9_方円_000009,STEP116_9INEN_DEDUP_MAX_TOTAL_RESULT,step106_9inen_full_780_dedup_by_hero_set_bond_set_max_total,方円,通常,9,今川義元|前田利家(雄材)|豊臣秀長|武田晴信|愛姫(起源)|細川藤孝(立役),今川義元|前田利家(雄材)|豊臣秀長|武田晴信|愛姫(起源)|細川藤孝(立役),謀略家|雄材大略|摂理探究|健康第一|老練闊達|質実剛健|文明開化|山紫水明|巧言令色,謀略家|雄材大略|摂理探究|健康第一|老練闊達|質実剛健|文明開化|山紫水明|巧言令色,15036,4864,143,210,0,790,344,539,559,563,519,ステータス計算済み,step116で9因縁780行を「陣形+配置英傑6人セット+発動因縁セット」で重複除外。同一組内は総合値最大の配置を代表として採用。,STEP116_SELECTED_MAX_TOTAL_FROM_STEP106_RECALCULATED_9INEN,step106で各陣形有効ラインから再計算済みの9因縁行を使用し、重複組では総合値最大の配置を残す,方円||通常||9||今川義元|前田利家(雄材)|愛姫(起源)|武田晴信|細川藤孝(立役)|豊臣秀長||健康第一|山紫水明|巧言令色|摂理探究|文明開化|老練闊達|謀略家|質実剛健|雄材大略,,step116_9inen_dedup_max_total,23567,23567,step164_verified_normal9,風属性,519
step116_9_方円_000002,STEP116_9INEN_DEDUP_MAX_TOTAL_RESULT,step106_9inen_full_780_dedup_by_hero_set_bond_set_max_total,方円,通常,9,鍋島直茂(乱雲)|武田晴信|愛姫(起源)|細川藤孝(立役)|今川義元|前田利家,鍋島直茂(乱雲)|武田晴信|愛姫(起源)|細川藤孝(立役)|今川義元|前田利家,健康第一|老練闊達|質実剛健|文明開化|山紫水明|巧言令色|謀略家|雄材大略|摂理探究,健康第一|老練闊達|質実剛健|文明開化|山紫水明|巧言令色|謀略家|雄材大略|摂理探究,15234,4833,147,210,0,786,344,531,556,551,515,ステータス計算済み,step116で9因縁780行を「陣形+配置英傑6人セット+発動因縁セット」で重複除外。同一組内は総合値最大の配置を代表として採用。,STEP116_SELECTED_MAX_TOTAL_FROM_STEP106_RECALCULATED_9INEN,step106で各陣形有効ラインから再計算済みの9因縁行を使用し、重複組では総合値最大の配置を残す,方円||通常||9||今川義元|前田利家|愛姫(起源)|武田晴信|細川藤孝(立役)|鍋島直茂(乱雲)||健康第一|山紫水明|巧言令色|摂理探究|文明開化|老練闊達|謀略家|質実剛健|雄材大略,,step116_9inen_dedup_max_total,23707,23707,step164_verified_normal9,風属性,515
step116_9_方円_000001,STEP116_9INEN_DEDUP_MAX_TOTAL_RESULT,step106_9inen_full_780_dedup_by_hero_set_bond_set_max_total,方円,通常,9,今川義元|前田利家(雄材)|鍋島直茂(乱雲)|武田晴信|愛姫(起源)|細川藤孝(立役),今川義元|前田利家(雄材)|鍋島直茂(乱雲)|武田晴信|愛姫(起源)|細川藤孝(立役),謀略家|雄材大略|摂理探究|健康第一|老練闊達|質実剛健|文明開化|山紫水明|巧言令色,謀略家|雄材大略|摂理探究|健康第一|老練闊達|質実剛健|文明開化|山紫水明|巧言令色,15234,4833,147,210,0,786,344,531,556,551,515,ステータス計算済み,step116で9因縁780行を「陣形+配置英傑6人セット+発動因縁セット」で重複除外。同一組内は総合値最大の配置を代表として採用。,STEP116_SELECTED_MAX_TOTAL_FROM_STEP106_RECALCULATED_9INEN,step106で各陣形有効ラインから再計算済みの9因縁行を使用し、重複組では総合値最大の配置を残す,方円||通常||9||今川義元|前田利家(雄材)|愛姫(起源)|武田晴信|細川藤孝(立役)|鍋島直茂(乱雲)||健康第一|山紫水明|巧言令色|摂理探究|文明開化|老練闊達|謀略家|質実剛健|雄材大略,,step116_9inen_dedup_max_total,23707,23707,step164_verified_normal9,風属性,515
step116_9_方円_000006,STEP116_9INEN_DEDUP_MAX_TOTAL_RESULT,step106_9inen_full_780_dedup_by_hero_set_bond_set_max_total,方円,通常,9,片倉景綱(右腕)|武田晴信|愛姫(起源)|細川藤孝(立役)|今川義元|前田利家,片倉景綱(右腕)|武田晴信|愛姫(起源)|細川藤孝(立役)|今川義元|前田利家,健康第一|老練闊達|質実剛健|文明開化|山紫水明|巧言令色|謀略家|雄材大略|摂理探究,健康第一|老練闊達|質実剛健|文明開化|山紫水明|巧言令色|謀略家|雄材大略|摂理探究,15159,4827,152,210,0,786,344,536,554,564,515,ステータス計算済み,step116で9因縁780行を「陣形+配置英傑6人セット+発動因縁セット」で重複除外。同一組内は総合値最大の配置を代表として採用。,STEP116_SELECTED_MAX_TOTAL_FROM_STEP106_RECALCULATED_9INEN,step106で各陣形有効ラインから再計算済みの9因縁行を使用し、重複組では総合値最大の配置を残す,方円||通常||9||今川義元|前田利家|愛姫(起源)|武田晴信|片倉景綱(右腕)|細川藤孝(立役)||健康第一|山紫水明|巧言令色|摂理探究|文明開化|老練闊達|謀略家|質実剛健|雄材大略,,step116_9inen_dedup_max_total,23647,23647,step164_verified_normal9,風属性,515
step116_9_方円_000005,STEP116_9INEN_DEDUP_MAX_TOTAL_RESULT,step106_9inen_full_780_dedup_by_hero_set_bond_set_max_total,方円,通常,9,今川義元|前田利家(雄材)|片倉景綱(右腕)|武田晴信|愛姫(起源)|細川藤孝(立役),今川義元|前田利家(雄材)|片倉景綱(右腕)|武田晴信|愛姫(起源)|細川藤孝(立役),謀略家|雄材大略|摂理探究|健康第一|老練闊達|質実剛健|文明開化|山紫水明|巧言令色,謀略家|雄材大略|摂理探究|健康第一|老練闊達|質実剛健|文明開化|山紫水明|巧言令色,15159,4827,152,210,0,786,344,536,554,564,515,ステータス計算済み,step116で9因縁780行を「陣形+配置英傑6人セット+発動因縁セット」で重複除外。同一組内は総合値最大の配置を代表として採用。,STEP116_SELECTED_MAX_TOTAL_FROM_STEP106_RECALCULATED_9INEN,step106で各陣形有効ラインから再計算済みの9因縁行を使用し、重複組では総合値最大の配置を残す,方円||通常||9||今川義元|前田利家(雄材)|愛姫(起源)|武田晴信|片倉景綱(右腕)|細川藤孝(立役)||健康第一|山紫水明|巧言令色|摂理探究|文明開化|老練闊達|謀略家|質実剛健|雄材大略,,step116_9inen_dedup_max_total,23647,23647,step164_verified_normal9,風属性,515
step116_9_方円_000012,STEP116_9INEN_DEDUP_MAX_TOTAL_RESULT,step106_9inen_full_780_dedup_by_hero_set_bond_set_max_total,方円,通常,9,豊臣秀長|武田晴信|高台院|細川藤孝(立役)|今川義元|前田利家,豊臣秀長|武田晴信|高台院|細川藤孝(立役)|今川義元|前田利家,健康第一|老練闊達|質実剛健|文明開化|山紫水明|巧言令色|謀略家|雄材大略|摂理探究,健康第一|老練闊達|質実剛健|文明開化|山紫水明|巧言令色|謀略家|雄材大略|摂理探究,15039,4838,132,206,0,795,344,537,557,558,515,ステータス計算済み,step116で9因縁780行を「陣形+配置英傑6人セット+発動因縁セット」で重複除外。同一組内は総合値最大の配置を代表として採用。,STEP116_SELECTED_MAX_TOTAL_FROM_STEP106_RECALCULATED_9INEN,step106で各陣形有効ラインから再計算済みの9因縁行を使用し、重複組では総合値最大の配置を残す,方円||通常||9||今川義元|前田利家|武田晴信|細川藤孝(立役)|豊臣秀長|高台院||健康第一|山紫水明|巧言令色|摂理探究|文明開化|老練闊達|謀略家|質実剛健|雄材大略,,step116_9inen_dedup_max_total,23521,23521,step164_verified_normal9,風属性,515
step116_9_方円_000011,STEP116_9INEN_DEDUP_MAX_TOTAL_RESULT,step106_9inen_full_780_dedup_by_hero_set_bond_set_max_total,方円,通常,9,今川義元|前田利家(雄材)|豊臣秀長|武田晴信|高台院|細川藤孝(立役),今川義元|前田利家(雄材)|豊臣秀長|武田晴信|高台院|細川藤孝(立役),謀略家|雄材大略|摂理探究|健康第一|老練闊達|質実剛健|文明開化|山紫水明|巧言令色,謀略家|雄材大略|摂理探究|健康第一|老練闊達|質実剛健|文明開化|山紫水明|巧言令色,15039,4838,132,206,0,795,344,537,557,558,515,ステータス計算済み,step116で9因縁780行を「陣形+配置英傑6人セット+発動因縁セット」で重複除外。同一組内は総合値最大の配置を代表として採用。,STEP116_SELECTED_MAX_TOTAL_FROM_STEP106_RECALCULATED_9INEN,step106で各陣形有効ラインから再計算済みの9因縁行を使用し、重複組では総合値最大の配置を残す,方円||通常||9||今川義元|前田利家(雄材)|武田晴信|細川藤孝(立役)|豊臣秀長|高台院||健康第一|山紫水明|巧言令色|摂理探究|文明開化|老練闊達|謀略家|質実剛健|雄材大略,,step116_9inen_dedup_max_total,23521,23521,step164_verified_normal9,風属性,515
step116_9_方円_000004,STEP116_9INEN_DEDUP_MAX_TOTAL_RESULT,step106_9inen_full_780_dedup_by_hero_set_bond_set_max_total,方円,通常,9,鍋島直茂(乱雲)|武田晴信|高台院|細川藤孝(立役)|今川義元|前田利家,鍋島直茂(乱雲)|武田晴信|高台院|細川藤孝(立役)|今川義元|前田利家,健康第一|老練闊達|質実剛健|文明開化|山紫水明|巧言令色|謀略家|雄材大略|摂理探究,健康第一|老練闊達|質実剛健|文明開化|山紫水明|巧言令色|謀略家|雄材大略|摂理探究,15237,4808,136,206,0,790,344,530,554,546,512,ステータス計算済み,step116で9因縁780行を「陣形+配置英傑6人セット+発動因縁セット」で重複除外。同一組内は総合値最大の配置を代表として採用。,STEP116_SELECTED_MAX_TOTAL_FROM_STEP106_RECALCULATED_9INEN,step106で各陣形有効ラインから再計算済みの9因縁行を使用し、重複組では総合値最大の配置を残す,方円||通常||9||今川義元|前田利家|武田晴信|細川藤孝(立役)|鍋島直茂(乱雲)|高台院||健康第一|山紫水明|巧言令色|摂理探究|文明開化|老練闊達|謀略家|質実剛健|雄材大略,,step116_9inen_dedup_max_total,23663,23663,step164_verified_normal9,風属性,512
step116_9_方円_000003,STEP116_9INEN_DEDUP_MAX_TOTAL_RESULT,step106_9inen_full_780_dedup_by_hero_set_bond_set_max_total,方円,通常,9,今川義元|前田利家(雄材)|鍋島直茂(乱雲)|武田晴信|高台院|細川藤孝(立役),今川義元|前田利家(雄材)|鍋島直茂(乱雲)|武田晴信|高台院|細川藤孝(立役),謀略家|雄材大略|摂理探究|健康第一|老練闊達|質実剛健|文明開化|山紫水明|巧言令色,謀略家|雄材大略|摂理探究|健康第一|老練闊達|質実剛健|文明開化|山紫水明|巧言令色,15237,4808,136,206,0,790,344,530,554,546,512,ステータス計算済み,step116で9因縁780行を「陣形+配置英傑6人セット+発動因縁セット」で重複除外。同一組内は総合値最大の配置を代表として採用。,STEP116_SELECTED_MAX_TOTAL_FROM_STEP106_RECALCULATED_9INEN,step106で各陣形有効ラインから再計算済みの9因縁行を使用し、重複組では総合値最大の配置を残す,方円||通常||9||今川義元|前田利家(雄材)|武田晴信|細川藤孝(立役)|鍋島直茂(乱雲)|高台院||健康第一|山紫水明|巧言令色|摂理探究|文明開化|老練闊達|謀略家|質実剛健|雄材大略,,step116_9inen_dedup_max_total,23663,23663,step164_verified_normal9,風属性,512
step116_9_方円_000008,STEP116_9INEN_DEDUP_MAX_TOTAL_RESULT,step106_9inen_full_780_dedup_by_hero_set_bond_set_max_total,方円,通常,9,片倉景綱(右腕)|武田晴信|高台院|細川藤孝(立役)|今川義元|前田利家,片倉景綱(右腕)|武田晴信|高台院|細川藤孝(立役)|今川義元|前田利家,健康第一|老練闊達|質実剛健|文明開化|山紫水明|巧言令色|謀略家|雄材大略|摂理探究,健康第一|老練闊達|質実剛健|文明開化|山紫水明|巧言令色|謀略家|雄材大略|摂理探究,15162,4802,141,206,0,790,344,535,552,559,512,ステータス計算済み,step116で9因縁780行を「陣形+配置英傑6人セット+発動因縁セット」で重複除外。同一組内は総合値最大の配置を代表として採用。,STEP116_SELECTED_MAX_TOTAL_FROM_STEP106_RECALCULATED_9INEN,step106で各陣形有効ラインから再計算済みの9因縁行を使用し、重複組では総合値最大の配置を残す,方円||通常||9||今川義元|前田利家|武田晴信|片倉景綱(右腕)|細川藤孝(立役)|高台院||健康第一|山紫水明|巧言令色|摂理探究|文明開化|老練闊達|謀略家|質実剛健|雄材大略,,step116_9inen_dedup_max_total,23603,23603,step164_verified_normal9,風属性,512
step116_9_方円_000007,STEP116_9INEN_DEDUP_MAX_TOTAL_RESULT,step106_9inen_full_780_dedup_by_hero_set_bond_set_max_total,方円,通常,9,今川義元|前田利家(雄材)|片倉景綱(右腕)|武田晴信|高台院|細川藤孝(立役),今川義元|前田利家(雄材)|片倉景綱(右腕)|武田晴信|高台院|細川藤孝(立役),謀略家|雄材大略|摂理探究|健康第一|老練闊達|質実剛健|文明開化|山紫水明|巧言令色,謀略家|雄材大略|摂理探究|健康第一|老練闊達|質実剛健|文明開化|山紫水明|巧言令色,15162,4802,141,206,0,790,344,535,552,559,512,ステータス計算済み,step116で9因縁780行を「陣形+配置英傑6人セット+発動因縁セット」で重複除外。同一組内は総合値最大の配置を代表として採用。,STEP116_SELECTED_MAX_TOTAL_FROM_STEP106_RECALCULATED_9INEN,step106で各陣形有効ラインから再計算済みの9因縁行を使用し、重複組では総合値最大の配置を残す,方円||通常||9||今川義元|前田利家(雄材)|武田晴信|片倉景綱(右腕)|細川藤孝(立役)|高台院||健康第一|山紫水明|巧言令色|摂理探究|文明開化|老練闊達|謀略家|質実剛健|雄材大略,,step116_9inen_dedup_max_total,23603,23603,step164_verified_normal9,風属性,512
step116_9_方円_000048,STEP116_9INEN_DEDUP_MAX_TOTAL_RESULT,step106_9inen_full_780_dedup_by_hero_set_bond_set_max_total,方円,通常,9,佐竹義重|豊臣秀長|北条氏照(剛柔)|豊臣秀次|百地三太夫(野望)|斎藤道三(巳),佐竹義重|豊臣秀長|北条氏照(剛柔)|豊臣秀次|百地三太夫(野望)|斎藤道三(巳),知将の絆|立役者|技巧伝承|柔能制剛|謀略家|生殺与奪|侍|才腕の絆|知勇兼備,知将の絆|立役者|技巧伝承|柔能制剛|謀略家|生殺与奪|侍|才腕の絆|知勇兼備,13439,1428,148,90,470,950,392,509,499,509,503,ステータス計算済み,step116で9因縁780行を「陣形+配置英傑6人セット+発動因縁セット」で重複除外。同一組内は総合値最大の配置を代表として採用。,STEP116_SELECTED_MAX_TOTAL_FROM_STEP106_RECALCULATED_9INEN,step106で各陣形有効ラインから再計算済みの9因縁行を使用し、重複組では総合値最大の配置を残す,方円||通常||9||佐竹義重|北条氏照(剛柔)|斎藤道三(巳)|百地三太夫(野望)|豊臣秀次|豊臣秀長||侍|才腕の絆|技巧伝承|柔能制剛|生殺与奪|知勇兼備|知将の絆|立役者|謀略家,,step116_9inen_dedup_max_total,18937,18937,step164_verified_normal9,風属性,503
step116_9_方円_000014,STEP116_9INEN_DEDUP_MAX_TOTAL_RESULT,step106_9inen_full_780_dedup_by_hero_set_bond_set_max_total,方円,通常,9,丹羽長秀(風雲)|武田晴信|愛姫(起源)|細川藤孝(立役)|今川義元|前田利家,丹羽長秀(風雲)|武田晴信|愛姫(起源)|細川藤孝(立役)|今川義元|前田利家,健康第一|老練闊達|質実剛健|文明開化|山紫水明|巧言令色|謀略家|雄材大略|摂理探究,健康第一|老練闊達|質実剛健|文明開化|山紫水明|巧言令色|謀略家|雄材大略|摂理探究,14973,4838,131,210,0,783,344,521,568,568,501,ステータス計算済み,step116で9因縁780行を「陣形+配置英傑6人セット+発動因縁セット」で重複除外。同一組内は総合値最大の配置を代表として採用。,STEP116_SELECTED_MAX_TOTAL_FROM_STEP106_RECALCULATED_9INEN,step106で各陣形有効ラインから再計算済みの9因縁行を使用し、重複組では総合値最大の配置を残す,方円||通常||9||丹羽長秀(風雲)|今川義元|前田利家|愛姫(起源)|武田晴信|細川藤孝(立役)||健康第一|山紫水明|巧言令色|摂理探究|文明開化|老練闊達|謀略家|質実剛健|雄材大略,,step116_9inen_dedup_max_total,23437,23437,step164_verified_normal9,風属性,501
step116_9_方円_000013,STEP116_9INEN_DEDUP_MAX_TOTAL_RESULT,step106_9inen_full_780_dedup_by_hero_set_bond_set_max_total,方円,通常,9,今川義元|前田利家(雄材)|丹羽長秀(風雲)|武田晴信|愛姫(起源)|細川藤孝(立役),今川義元|前田利家(雄材)|丹羽長秀(風雲)|武田晴信|愛姫(起源)|細川藤孝(立役),謀略家|雄材大略|摂理探究|健康第一|老練闊達|質実剛健|文明開化|山紫水明|巧言令色,謀略家|雄材大略|摂理探究|健康第一|老練闊達|質実剛健|文明開化|山紫水明|巧言令色,14973,4838,131,210,0,783,344,521,568,568,501,ステータス計算済み,step116で9因縁780行を「陣形+配置英傑6人セット+発動因縁セット」で重複除外。同一組内は総合値最大の配置を代表として採用。,STEP116_SELECTED_MAX_TOTAL_FROM_STEP106_RECALCULATED_9INEN,step106で各陣形有効ラインから再計算済みの9因縁行を使用し、重複組では総合値最大の配置を残す,方円||通常||9||丹羽長秀(風雲)|今川義元|前田利家(雄材)|愛姫(起源)|武田晴信|細川藤孝(立役)||健康第一|山紫水明|巧言令色|摂理探究|文明開化|老練闊達|謀略家|質実剛健|雄材大略,,step116_9inen_dedup_max_total,23437,23437,step164_verified_normal9,風属性,501
step116_9_方円_000018,STEP116_9INEN_DEDUP_MAX_TOTAL_RESULT,step106_9inen_full_780_dedup_by_hero_set_bond_set_max_total,方円,通常,9,丹羽長秀(風雲)|武田晴信|高台院|細川藤孝(立役)|今川義元|前田利家,丹羽長秀(風雲)|武田晴信|高台院|細川藤孝(立役)|今川義元|前田利家,健康第一|老練闊達|質実剛健|文明開化|山紫水明|巧言令色|謀略家|雄材大略|摂理探究,健康第一|老練闊達|質実剛健|文明開化|山紫水明|巧言令色|謀略家|雄材大略|摂理探究,14976,4813,120,206,0,787,344,520,566,564,498,ステータス計算済み,step116で9因縁780行を「陣形+配置英傑6人セット+発動因縁セット」で重複除外。同一組内は総合値最大の配置を代表として採用。,STEP116_SELECTED_MAX_TOTAL_FROM_STEP106_RECALCULATED_9INEN,step106で各陣形有効ラインから再計算済みの9因縁行を使用し、重複組では総合値最大の配置を残す,方円||通常||9||丹羽長秀(風雲)|今川義元|前田利家|武田晴信|細川藤孝(立役)|高台院||健康第一|山紫水明|巧言令色|摂理探究|文明開化|老練闊達|謀略家|質実剛健|雄材大略,,step116_9inen_dedup_max_total,23394,23394,step164_verified_normal9,風属性,498
step116_9_方円_000017,STEP116_9INEN_DEDUP_MAX_TOTAL_RESULT,step106_9inen_full_780_dedup_by_hero_set_bond_set_max_total,方円,通常,9,今川義元|前田利家(雄材)|丹羽長秀(風雲)|武田晴信|高台院|細川藤孝(立役),今川義元|前田利家(雄材)|丹羽長秀(風雲)|武田晴信|高台院|細川藤孝(立役),謀略家|雄材大略|摂理探究|健康第一|老練闊達|質実剛健|文明開化|山紫水明|巧言令色,謀略家|雄材大略|摂理探究|健康第一|老練闊達|質実剛健|文明開化|山紫水明|巧言令色,14976,4813,120,206,0,787,344,520,566,564,498,ステータス計算済み,step116で9因縁780行を「陣形+配置英傑6人セット+発動因縁セット」で重複除外。同一組内は総合値最大の配置を代表として採用。,STEP116_SELECTED_MAX_TOTAL_FROM_STEP106_RECALCULATED_9INEN,step106で各陣形有効ラインから再計算済みの9因縁行を使用し、重複組では総合値最大の配置を残す,方円||通常||9||丹羽長秀(風雲)|今川義元|前田利家(雄材)|武田晴信|細川藤孝(立役)|高台院||健康第一|山紫水明|巧言令色|摂理探究|文明開化|老練闊達|謀略家|質実剛健|雄材大略,,step116_9inen_dedup_max_total,23394,23394,step164_verified_normal9,風属性,498
step116_9_方円_000029,STEP116_9INEN_DEDUP_MAX_TOTAL_RESULT,step106_9inen_full_780_dedup_by_hero_set_bond_set_max_total,方円,通常,9,小松姫|長野業正|山県昌景(泰然)|島左近|細川忠興(山紫)|明智光秀(闇),小松姫|長野業正|山県昌景(泰然)|島左近|細川忠興(山紫)|明智光秀(闇),侍|根性の絆|もののふ|泰然自若|鬼の絆|流行創出|戦場の華|老練闊達|勇猛果敢,侍|根性の絆|もののふ|泰然自若|鬼の絆|流行創出|戦場の華|老練闊達|勇猛果敢,14844,3061,606,445,95,150,272,470,511,517,497,ステータス計算済み,step116で9因縁780行を「陣形+配置英傑6人セット+発動因縁セット」で重複除外。同一組内は総合値最大の配置を代表として採用。,STEP116_SELECTED_MAX_TOTAL_FROM_STEP106_RECALCULATED_9INEN,step106で各陣形有効ラインから再計算済みの9因縁行を使用し、重複組では総合値最大の配置を残す,方円||通常||9||小松姫|山県昌景(泰然)|島左近|明智光秀(闇)|細川忠興(山紫)|長野業正||もののふ|侍|勇猛果敢|戦場の華|根性の絆|泰然自若|流行創出|老練闊達|鬼の絆,,step116_9inen_dedup_max_total,21468,21468,step164_verified_normal9,風属性,497
step116_9_方円_000028,STEP116_9INEN_DEDUP_MAX_TOTAL_RESULT,step106_9inen_full_780_dedup_by_hero_set_bond_set_max_total,方円,通常,9,小松姫|長野業正|山中鹿之介|島左近|細川忠興(山紫)|明智光秀(闇),小松姫|長野業正|山中鹿之介|島左近|細川忠興(山紫)|明智光秀(闇),侍|根性の絆|もののふ|泰然自若|鬼の絆|流行創出|戦場の華|老練闊達|勇猛果敢,侍|根性の絆|もののふ|泰然自若|鬼の絆|流行創出|戦場の華|老練闊達|勇猛果敢,14897,3081,608,445,95,150,279,463,503,520,491,ステータス計算済み,step116で9因縁780行を「陣形+配置英傑6人セット+発動因縁セット」で重複除外。同一組内は総合値最大の配置を代表として採用。,STEP116_SELECTED_MAX_TOTAL_FROM_STEP106_RECALCULATED_9INEN,step106で各陣形有効ラインから再計算済みの9因縁行を使用し、重複組では総合値最大の配置を残す,方円||通常||9||小松姫|山中鹿之介|島左近|明智光秀(闇)|細川忠興(山紫)|長野業正||もののふ|侍|勇猛果敢|戦場の華|根性の絆|泰然自若|流行創出|老練闊達|鬼の絆,,step116_9inen_dedup_max_total,21532,21532,step164_verified_normal9,風属性,491
step116_9_方円_000032,STEP116_9INEN_DEDUP_MAX_TOTAL_RESULT,step106_9inen_full_780_dedup_by_hero_set_bond_set_max_total,方円,通常,9,小松姫|長野業正|山県昌景(泰然)|島左近|豊臣秀次|明智光秀(闇),小松姫|長野業正|山県昌景(泰然)|島左近|豊臣秀次|明智光秀(闇),侍|根性の絆|もののふ|泰然自若|謀略家|流行創出|戦場の華|老練闊達|勇猛果敢,侍|根性の絆|もののふ|泰然自若|謀略家|流行創出|戦場の華|老練闊達|勇猛果敢,14462,2975,422,311,95,304,272,444,471,486,465,ステータス計算済み,step116で9因縁780行を「陣形+配置英傑6人セット+発動因縁セット」で重複除外。同一組内は総合値最大の配置を代表として採用。,STEP116_SELECTED_MAX_TOTAL_FROM_STEP106_RECALCULATED_9INEN,step106で各陣形有効ラインから再計算済みの9因縁行を使用し、重複組では総合値最大の配置を残す,方円||通常||9||小松姫|山県昌景(泰然)|島左近|明智光秀(闇)|豊臣秀次|長野業正||もののふ|侍|勇猛果敢|戦場の華|根性の絆|泰然自若|流行創出|老練闊達|謀略家,,step116_9inen_dedup_max_total,20707,20707,step164_verified_normal9,風属性,465
step116_9_方円_000044,STEP116_9INEN_DEDUP_MAX_TOTAL_RESULT,step106_9inen_full_780_dedup_by_hero_set_bond_set_max_total,方円,通常,9,仙桃院|納涼忍お綾|堀秀政|柳生宗矩|宮本武蔵(涼)|道場娘まり(和装),仙桃院|納涼忍お綾|堀秀政|柳生宗矩|宮本武蔵(涼)|道場娘まり(和装),才腕の絆|文明開化|技巧伝承|多芸多才|侍|剣豪の絆|豪傑|女傑の絆|能鷹隠爪,才腕の絆|文明開化|技巧伝承|多芸多才|侍|剣豪の絆|豪傑|女傑の絆|能鷹隠爪,13904,1403,681,184,605,169,647,403,408,432,465,ステータス計算済み,step116で9因縁780行を「陣形+配置英傑6人セット+発動因縁セット」で重複除外。同一組内は総合値最大の配置を代表として採用。,STEP116_SELECTED_MAX_TOTAL_FROM_STEP106_RECALCULATED_9INEN,step106で各陣形有効ラインから再計算済みの9因縁行を使用し、重複組では総合値最大の配置を残す,方円||通常||9||仙桃院|堀秀政|宮本武蔵(涼)|柳生宗矩|納涼忍お綾|道場娘まり(和装)||侍|剣豪の絆|多芸多才|女傑の絆|才腕の絆|技巧伝承|文明開化|能鷹隠爪|豪傑,,step116_9inen_dedup_max_total,19301,19301,step164_verified_normal9,風属性,465
step116_9_方円_000045,STEP116_9INEN_DEDUP_MAX_TOTAL_RESULT,step106_9inen_full_780_dedup_by_hero_set_bond_set_max_total,方円,通常,9,井伊直虎|納涼忍お綾|堀秀政|柳生宗矩|宮本武蔵(涼)|道場娘まり(和装),井伊直虎|納涼忍お綾|堀秀政|柳生宗矩|宮本武蔵(涼)|道場娘まり(和装),才腕の絆|文明開化|技巧伝承|多芸多才|侍|剣豪の絆|豪傑|女傑の絆|戦場の華,才腕の絆|文明開化|技巧伝承|多芸多才|侍|剣豪の絆|豪傑|女傑の絆|戦場の華,13928,1403,702,79,605,169,649,403,408,432,465,ステータス計算済み,step116で9因縁780行を「陣形+配置英傑6人セット+発動因縁セット」で重複除外。同一組内は総合値最大の配置を代表として採用。,STEP116_SELECTED_MAX_TOTAL_FROM_STEP106_RECALCULATED_9INEN,step106で各陣形有効ラインから再計算済みの9因縁行を使用し、重複組では総合値最大の配置を残す,方円||通常||9||井伊直虎|堀秀政|宮本武蔵(涼)|柳生宗矩|納涼忍お綾|道場娘まり(和装)||侍|剣豪の絆|多芸多才|女傑の絆|戦場の華|才腕の絆|技巧伝承|文明開化|豪傑,,step116_9inen_dedup_max_total,19243,19243,step164_verified_normal9,風属性,465
step116_9_方円_000050,STEP116_9INEN_DEDUP_MAX_TOTAL_RESULT,step106_9inen_full_780_dedup_by_hero_set_bond_set_max_total,方円,通常,9,武田信玄(野望)|納涼忍お綾|堀秀政|柳生宗矩|宮本武蔵(涼)|道場娘まり(和装),武田信玄(野望)|納涼忍お綾|堀秀政|柳生宗矩|宮本武蔵(涼)|道場娘まり(和装),才腕の絆|文明開化|技巧伝承|多芸多才|侍|剣豪の絆|豪傑|戦場の華|能鷹隠爪,才腕の絆|文明開化|技巧伝承|多芸多才|侍|剣豪の絆|豪傑|戦場の華|能鷹隠爪,13504,1403,514,178,605,169,608,403,408,432,465,ステータス計算済み,step116で9因縁780行を「陣形+配置英傑6人セット+発動因縁セット」で重複除外。同一組内は総合値最大の配置を代表として採用。,STEP116_SELECTED_MAX_TOTAL_FROM_STEP106_RECALCULATED_9INEN,step106で各陣形有効ラインから再計算済みの9因縁行を使用し、重複組では総合値最大の配置を残す,方円||通常||9||堀秀政|宮本武蔵(涼)|柳生宗矩|武田信玄(野望)|納涼忍お綾|道場娘まり(和装)||侍|剣豪の絆|多芸多才|戦場の華|才腕の絆|技巧伝承|文明開化|能鷹隠爪|豪傑,,step116_9inen_dedup_max_total,18689,18689,step164_verified_normal9,風属性,465
step116_9_方円_000052,STEP116_9INEN_DEDUP_MAX_TOTAL_RESULT,step106_9inen_full_780_dedup_by_hero_set_bond_set_max_total,方円,通常,9,仙桃院|納涼忍お綾|堀秀政|柳生宗矩|明智光秀(闇)|井伊直虎,仙桃院|納涼忍お綾|堀秀政|柳生宗矩|明智光秀(闇)|井伊直虎,才腕の絆|文明開化|技巧伝承|多芸多才|豪傑|勇猛果敢|女傑の絆|戦場の華|能鷹隠爪,才腕の絆|文明開化|技巧伝承|多芸多才|豪傑|勇猛果敢|女傑の絆|戦場の華|能鷹隠爪,13564,975,598,159,577,169,801,403,408,432,465,ステータス計算済み,step116で9因縁780行を「陣形+配置英傑6人セット+発動因縁セット」で重複除外。同一組内は総合値最大の配置を代表として採用。,STEP116_SELECTED_MAX_TOTAL_FROM_STEP106_RECALCULATED_9INEN,step106で各陣形有効ラインから再計算済みの9因縁行を使用し、重複組では総合値最大の配置を残す,方円||通常||9||井伊直虎|仙桃院|堀秀政|明智光秀(闇)|柳生宗矩|納涼忍お綾||勇猛果敢|多芸多才|女傑の絆|戦場の華|才腕の絆|技巧伝承|文明開化|能鷹隠爪|豪傑,,step116_9inen_dedup_max_total,18551,18551,step164_verified_normal9,風属性,465
step116_9_方円_000053,STEP116_9INEN_DEDUP_MAX_TOTAL_RESULT,step106_9inen_full_780_dedup_by_hero_set_bond_set_max_total,方円,通常,9,仙桃院|納涼忍お綾|堀秀政|柳生宗矩|上杉謙信(野望)|井伊直虎,仙桃院|納涼忍お綾|堀秀政|柳生宗矩|上杉謙信(野望)|井伊直虎,才腕の絆|文明開化|技巧伝承|多芸多才|豪傑|勇猛果敢|女傑の絆|戦場の華|能鷹隠爪,才腕の絆|文明開化|技巧伝承|多芸多才|豪傑|勇猛果敢|女傑の絆|戦場の華|能鷹隠爪,13524,975,578,159,579,169,801,403,408,432,465,ステータス計算済み,step116で9因縁780行を「陣形+配置英傑6人セット+発動因縁セット」で重複除外。同一組内は総合値最大の配置を代表として採用。,STEP116_SELECTED_MAX_TOTAL_FROM_STEP106_RECALCULATED_9INEN,step106で各陣形有効ラインから再計算済みの9因縁行を使用し、重複組では総合値最大の配置を残す,方円||通常||9||上杉謙信(野望)|井伊直虎|仙桃院|堀秀政|柳生宗矩|納涼忍お綾||勇猛果敢|多芸多才|女傑の絆|戦場の華|才腕の絆|技巧伝承|文明開化|能鷹隠爪|豪傑,,step116_9inen_dedup_max_total,18493,18493,step164_verified_normal9,風属性,465
step116_9_方円_000054,STEP116_9INEN_DEDUP_MAX_TOTAL_RESULT,step106_9inen_full_780_dedup_by_hero_set_bond_set_max_total,方円,通常,9,仙桃院|納涼忍お綾|堀秀政|柳生宗矩|原虎胤|井伊直虎,仙桃院|納涼忍お綾|堀秀政|柳生宗矩|原虎胤|井伊直虎,才腕の絆|文明開化|技巧伝承|多芸多才|豪傑|勇猛果敢|女傑の絆|戦場の華|能鷹隠爪,才腕の絆|文明開化|技巧伝承|多芸多才|豪傑|勇猛果敢|女傑の絆|戦場の華|能鷹隠爪,13052,975,528,159,557,169,801,403,408,432,465,ステータス計算済み,step116で9因縁780行を「陣形+配置英傑6人セット+発動因縁セット」で重複除外。同一組内は総合値最大の配置を代表として採用。,STEP116_SELECTED_MAX_TOTAL_FROM_STEP106_RECALCULATED_9INEN,step106で各陣形有効ラインから再計算済みの9因縁行を使用し、重複組では総合値最大の配置を残す,方円||通常||9||井伊直虎|仙桃院|原虎胤|堀秀政|柳生宗矩|納涼忍お綾||勇猛果敢|多芸多才|女傑の絆|戦場の華|才腕の絆|技巧伝承|文明開化|能鷹隠爪|豪傑,,step116_9inen_dedup_max_total,17949,17949,step164_verified_normal9,風属性,465
step116_9_方円_000031,STEP116_9INEN_DEDUP_MAX_TOTAL_RESULT,step106_9inen_full_780_dedup_by_hero_set_bond_set_max_total,方円,通常,9,小松姫|長野業正|山中鹿之介|島左近|豊臣秀次|明智光秀(闇),小松姫|長野業正|山中鹿之介|島左近|豊臣秀次|明智光秀(闇),侍|根性の絆|もののふ|泰然自若|謀略家|流行創出|戦場の華|老練闊達|勇猛果敢,侍|根性の絆|もののふ|泰然自若|謀略家|流行創出|戦場の華|老練闊達|勇猛果敢,14515,2995,424,311,95,304,279,436,464,489,459,ステータス計算済み,step116で9因縁780行を「陣形+配置英傑6人セット+発動因縁セット」で重複除外。同一組内は総合値最大の配置を代表として採用。,STEP116_SELECTED_MAX_TOTAL_FROM_STEP106_RECALCULATED_9INEN,step106で各陣形有効ラインから再計算済みの9因縁行を使用し、重複組では総合値最大の配置を残す,方円||通常||9||小松姫|山中鹿之介|島左近|明智光秀(闇)|豊臣秀次|長野業正||もののふ|侍|勇猛果敢|戦場の華|根性の絆|泰然自若|流行創出|老練闊達|謀略家,,step116_9inen_dedup_max_total,20771,20771,step164_verified_normal9,風属性,459
step116_9_方円_000034,STEP116_9INEN_DEDUP_MAX_TOTAL_RESULT,step106_9inen_full_780_dedup_by_hero_set_bond_set_max_total,方円,通常,9,伊達政宗(起源)|山県昌景(泰然)|島左近|長野業正|明智光秀(闇)|小松姫,伊達政宗(起源)|山県昌景(泰然)|島左近|長野業正|明智光秀(闇)|小松姫,侍|根性の絆|もののふ|泰然自若|戦場の華|老練闊達|勇猛果敢|武芸の絆|意気衝天,侍|根性の絆|もののふ|泰然自若|戦場の華|老練闊達|勇猛果敢|武芸の絆|意気衝天,14359,3561,506,357,201,121,272,238,246,264,249,ステータス計算済み,step116で9因縁780行を「陣形+配置英傑6人セット+発動因縁セット」で重複除外。同一組内は総合値最大の配置を代表として採用。,STEP116_SELECTED_MAX_TOTAL_FROM_STEP106_RECALCULATED_9INEN,step106で各陣形有効ラインから再計算済みの9因縁行を使用し、重複組では総合値最大の配置を残す,方円||通常||9||伊達政宗(起源)|小松姫|山県昌景(泰然)|島左近|明智光秀(闇)|長野業正||もののふ|侍|勇猛果敢|意気衝天|戦場の華|根性の絆|武芸の絆|泰然自若|老練闊達,,step116_9inen_dedup_max_total,20374,20374,step164_verified_normal9,風属性,249
step116_9_方円_000042,STEP116_9INEN_DEDUP_MAX_TOTAL_RESULT,step106_9inen_full_780_dedup_by_hero_set_bond_set_max_total,方円,通常,9,十河一存|山県昌景(泰然)|島左近|長野業正|明智光秀(闇)|小松姫,十河一存|山県昌景(泰然)|島左近|長野業正|明智光秀(闇)|小松姫,侍|根性の絆|もののふ|泰然自若|戦場の華|老練闊達|勇猛果敢|武芸の絆|意気衝天,侍|根性の絆|もののふ|泰然自若|戦場の華|老練闊達|勇猛果敢|武芸の絆|意気衝天,13882,3313,496,350,185,105,272,238,246,264,249,ステータス計算済み,step116で9因縁780行を「陣形+配置英傑6人セット+発動因縁セット」で重複除外。同一組内は総合値最大の配置を代表として採用。,STEP116_SELECTED_MAX_TOTAL_FROM_STEP106_RECALCULATED_9INEN,step106で各陣形有効ラインから再計算済みの9因縁行を使用し、重複組では総合値最大の配置を残す,方円||通常||9||十河一存|小松姫|山県昌景(泰然)|島左近|明智光秀(闇)|長野業正||もののふ|侍|勇猛果敢|意気衝天|戦場の華|根性の絆|武芸の絆|泰然自若|老練闊達,,step116_9inen_dedup_max_total,19600,19600,step164_verified_normal9,風属性,249
step116_9_方円_000043,STEP116_9INEN_DEDUP_MAX_TOTAL_RESULT,step106_9inen_full_780_dedup_by_hero_set_bond_set_max_total,方円,通常,9,井伊直政|山県昌景(泰然)|島左近|長野業正|明智光秀(闇)|小松姫,井伊直政|山県昌景(泰然)|島左近|長野業正|明智光秀(闇)|小松姫,侍|根性の絆|もののふ|泰然自若|戦場の華|老練闊達|勇猛果敢|武芸の絆|意気衝天,侍|根性の絆|もののふ|泰然自若|戦場の華|老練闊達|勇猛果敢|武芸の絆|意気衝天,13882,3313,495,351,181,105,272,238,246,264,249,ステータス計算済み,step116で9因縁780行を「陣形+配置英傑6人セット+発動因縁セット」で重複除外。同一組内は総合値最大の配置を代表として採用。,STEP116_SELECTED_MAX_TOTAL_FROM_STEP106_RECALCULATED_9INEN,step106で各陣形有効ラインから再計算済みの9因縁行を使用し、重複組では総合値最大の配置を残す,方円||通常||9||井伊直政|小松姫|山県昌景(泰然)|島左近|明智光秀(闇)|長野業正||もののふ|侍|勇猛果敢|意気衝天|戦場の華|根性の絆|武芸の絆|泰然自若|老練闊達,,step116_9inen_dedup_max_total,19596,19596,step164_verified_normal9,風属性,249
step116_9_方円_000021,STEP116_9INEN_DEDUP_MAX_TOTAL_RESULT,step106_9inen_full_780_dedup_by_hero_set_bond_set_max_total,方円,通常,9,長野業正|山中鹿之介|吉川元春|井伊直虎|宮本武蔵(涼)|島左近,長野業正|山中鹿之介|吉川元春|井伊直虎|宮本武蔵(涼)|島左近,猛将の絆|勇猛果敢|意気衝天|軍学の絆|豪傑|侍|根性の絆|もののふ|泰然自若,猛将の絆|勇猛果敢|意気衝天|軍学の絆|豪傑|侍|根性の絆|もののふ|泰然自若,16076,4022,733,374,175,163,224,231,238,267,244,ステータス計算済み,step116で9因縁780行を「陣形+配置英傑6人セット+発動因縁セット」で重複除外。同一組内は総合値最大の配置を代表として採用。,STEP116_SELECTED_MAX_TOTAL_FROM_STEP106_RECALCULATED_9INEN,step106で各陣形有効ラインから再計算済みの9因縁行を使用し、重複組では総合値最大の配置を残す,方円||通常||9||井伊直虎|吉川元春|宮本武蔵(涼)|山中鹿之介|島左近|長野業正||もののふ|侍|勇猛果敢|意気衝天|根性の絆|泰然自若|猛将の絆|豪傑|軍学の絆,,step116_9inen_dedup_max_total,22747,22747,step164_verified_normal9,風属性,244
step116_9_方円_000024,STEP116_9INEN_DEDUP_MAX_TOTAL_RESULT,step106_9inen_full_780_dedup_by_hero_set_bond_set_max_total,方円,通常,9,吉川元春|山中鹿之介|長野業正|島左近|山県昌景|井伊直虎,吉川元春|山中鹿之介|長野業正|島左近|山県昌景|井伊直虎,侍|根性の絆|もののふ|泰然自若|軍学の絆|豪傑|猛将の絆|勇猛果敢|意気衝天,侍|根性の絆|もののふ|泰然自若|軍学の絆|豪傑|猛将の絆|勇猛果敢|意気衝天,15788,4022,710,367,175,158,216,231,238,267,244,ステータス計算済み,step116で9因縁780行を「陣形+配置英傑6人セット+発動因縁セット」で重複除外。同一組内は総合値最大の配置を代表として採用。,STEP116_SELECTED_MAX_TOTAL_FROM_STEP106_RECALCULATED_9INEN,step106で各陣形有効ラインから再計算済みの9因縁行を使用し、重複組では総合値最大の配置を残す,方円||通常||9||井伊直虎|吉川元春|山中鹿之介|山県昌景|島左近|長野業正||もののふ|侍|勇猛果敢|意気衝天|根性の絆|泰然自若|猛将の絆|豪傑|軍学の絆,,step116_9inen_dedup_max_total,22416,22416,step164_verified_normal9,風属性,244
step116_9_方円_000025,STEP116_9INEN_DEDUP_MAX_TOTAL_RESULT,step106_9inen_full_780_dedup_by_hero_set_bond_set_max_total,方円,通常,9,長野業正|山中鹿之介|吉川元春|井伊直虎|柿崎景家|島左近,長野業正|山中鹿之介|吉川元春|井伊直虎|柿崎景家|島左近,猛将の絆|勇猛果敢|意気衝天|軍学の絆|豪傑|侍|根性の絆|もののふ|泰然自若,猛将の絆|勇猛果敢|意気衝天|軍学の絆|豪傑|侍|根性の絆|もののふ|泰然自若,15696,4022,713,366,175,158,216,231,238,267,244,ステータス計算済み,step116で9因縁780行を「陣形+配置英傑6人セット+発動因縁セット」で重複除外。同一組内は総合値最大の配置を代表として採用。,STEP116_SELECTED_MAX_TOTAL_FROM_STEP106_RECALCULATED_9INEN,step106で各陣形有効ラインから再計算済みの9因縁行を使用し、重複組では総合値最大の配置を残す,方円||通常||9||井伊直虎|吉川元春|山中鹿之介|島左近|柿崎景家|長野業正||もののふ|侍|勇猛果敢|意気衝天|根性の絆|泰然自若|猛将の絆|豪傑|軍学の絆,,step116_9inen_dedup_max_total,22326,22326,step164_verified_normal9,風属性,244
step116_9_方円_000033,STEP116_9INEN_DEDUP_MAX_TOTAL_RESULT,step106_9inen_full_780_dedup_by_hero_set_bond_set_max_total,方円,通常,9,伊達政宗(起源)|山中鹿之介|島左近|長野業正|明智光秀(闇)|小松姫,伊達政宗(起源)|山中鹿之介|島左近|長野業正|明智光秀(闇)|小松姫,侍|根性の絆|もののふ|泰然自若|戦場の華|老練闊達|勇猛果敢|武芸の絆|意気衝天,侍|根性の絆|もののふ|泰然自若|戦場の華|老練闊達|勇猛果敢|武芸の絆|意気衝天,14439,3655,509,357,205,121,279,231,238,267,244,ステータス計算済み,step116で9因縁780行を「陣形+配置英傑6人セット+発動因縁セット」で重複除外。同一組内は総合値最大の配置を代表として採用。,STEP116_SELECTED_MAX_TOTAL_FROM_STEP106_RECALCULATED_9INEN,step106で各陣形有効ラインから再計算済みの9因縁行を使用し、重複組では総合値最大の配置を残す,方円||通常||9||伊達政宗(起源)|小松姫|山中鹿之介|島左近|明智光秀(闇)|長野業正||もののふ|侍|勇猛果敢|意気衝天|戦場の華|根性の絆|武芸の絆|泰然自若|老練闊達,,step116_9inen_dedup_max_total,20545,20545,step164_verified_normal9,風属性,244
step116_9_方円_000038,STEP116_9INEN_DEDUP_MAX_TOTAL_RESULT,step106_9inen_full_780_dedup_by_hero_set_bond_set_max_total,方円,通常,9,十河一存|山中鹿之介|島左近|長野業正|明智光秀(闇)|小松姫,十河一存|山中鹿之介|島左近|長野業正|明智光秀(闇)|小松姫,侍|根性の絆|もののふ|泰然自若|戦場の華|老練闊達|勇猛果敢|武芸の絆|意気衝天,侍|根性の絆|もののふ|泰然自若|戦場の華|老練闊達|勇猛果敢|武芸の絆|意気衝天,13961,3406,499,350,189,106,279,231,238,267,244,ステータス計算済み,step116で9因縁780行を「陣形+配置英傑6人セット+発動因縁セット」で重複除外。同一組内は総合値最大の配置を代表として採用。,STEP116_SELECTED_MAX_TOTAL_FROM_STEP106_RECALCULATED_9INEN,step106で各陣形有効ラインから再計算済みの9因縁行を使用し、重複組では総合値最大の配置を残す,方円||通常||9||十河一存|小松姫|山中鹿之介|島左近|明智光秀(闇)|長野業正||もののふ|侍|勇猛果敢|意気衝天|戦場の華|根性の絆|武芸の絆|泰然自若|老練闊達,,step116_9inen_dedup_max_total,19770,19770,step164_verified_normal9,風属性,244
step116_9_方円_000039,STEP116_9INEN_DEDUP_MAX_TOTAL_RESULT,step106_9inen_full_780_dedup_by_hero_set_bond_set_max_total,方円,通常,9,井伊直政|山中鹿之介|島左近|長野業正|明智光秀(闇)|小松姫,井伊直政|山中鹿之介|島左近|長野業正|明智光秀(闇)|小松姫,侍|根性の絆|もののふ|泰然自若|戦場の華|老練闊達|勇猛果敢|武芸の絆|意気衝天,侍|根性の絆|もののふ|泰然自若|戦場の華|老練闊達|勇猛果敢|武芸の絆|意気衝天,13961,3406,498,351,185,106,279,231,238,267,244,ステータス計算済み,step116で9因縁780行を「陣形+配置英傑6人セット+発動因縁セット」で重複除外。同一組内は総合値最大の配置を代表として採用。,STEP116_SELECTED_MAX_TOTAL_FROM_STEP106_RECALCULATED_9INEN,step106で各陣形有効ラインから再計算済みの9因縁行を使用し、重複組では総合値最大の配置を残す,方円||通常||9||井伊直政|小松姫|山中鹿之介|島左近|明智光秀(闇)|長野業正||もののふ|侍|勇猛果敢|意気衝天|戦場の華|根性の絆|武芸の絆|泰然自若|老練闊達,,step116_9inen_dedup_max_total,19766,19766,step164_verified_normal9,風属性,244
step116_9_方円_000055,STEP116_9INEN_DEDUP_MAX_TOTAL_RESULT,step106_9inen_full_780_dedup_by_hero_set_bond_set_max_total,方円,通常,9,谷忠澄|柳生宗矩|宮本武蔵(涼)|道場娘まり(和装)|井伊直虎|魔女ルシア,谷忠澄|柳生宗矩|宮本武蔵(涼)|道場娘まり(和装)|井伊直虎|魔女ルシア,侍|剣豪の絆|豪傑|女傑の絆|戦場の華|文明開化|技巧伝承|竜飛鳳舞|多芸多才,侍|剣豪の絆|豪傑|女傑の絆|戦場の華|文明開化|技巧伝承|竜飛鳳舞|多芸多才,13298,1346,790,72,340,289,652,171,168,161,194,ステータス計算済み,step116で9因縁780行を「陣形+配置英傑6人セット+発動因縁セット」で重複除外。同一組内は総合値最大の配置を代表として採用。,STEP116_SELECTED_MAX_TOTAL_FROM_STEP106_RECALCULATED_9INEN,step106で各陣形有効ラインから再計算済みの9因縁行を使用し、重複組では総合値最大の配置を残す,方円||通常||9||井伊直虎|宮本武蔵(涼)|柳生宗矩|谷忠澄|道場娘まり(和装)|魔女ルシア||侍|剣豪の絆|多芸多才|女傑の絆|戦場の華|技巧伝承|文明開化|竜飛鳳舞|豪傑,,step116_9inen_dedup_max_total,17481,17481,step164_verified_normal9,風属性,194
