internal_id,external_id,image_external_id,image_file,image_path,image_url,ID方式,external_id状態,英傑名,職,職業,コスト,因子1,因子2,因子3,因子4,生命,気合,腕力,耐久力,器用さ,知力,魅力,土属性,水属性,火属性,風属性,ID対応状況,ID対応方法,ID元英傑名,育成技能1,育成技能2,育成技能3,追加更新,技能,詳細,確認状態,主キー運用,external_id運用メモ
EIK_0001,未確認,未確認,未確認,未確認,未確認,独自ID,元サイトID未確認,豊臣秀長,侍,侍,7,軍学,才腕,知将,名臣,34607,23177,2346,2015,2055,3006,2404,2552,2519,2642,2580,未確認,ID付きCSV側で名前は一致したがID値が空,豊臣秀長,知力上昇Lv.5,生命力上昇Lv.3,知力修練志向Lv.1,2026/5/13,天下の支柱,敵全体に火属性攻撃を行う。敵が武装解除状態なら威力上昇。敵全体の付与を1つ消し、術耐性を低下させる。力溜めを1回蓄積し、2回蓄積すると追加行動を行う。,ZIP内get_data.csvから確認／画像IDはZIP内に列なし,internal_id,未確認。internal_idで運用
EIK_0002,未確認,未確認,未確認,未確認,未確認,独自ID,元サイトID未確認,片倉景綱(右腕),傾奇者,傾奇者,7,殺陣,名臣,博識,知将,37178,20746,3219,2024,2247,2933,2472,2513,2360,2665,2448,未確認,ID付きCSV側で名前は一致したがID値が空,片倉景綱(右腕),知力上昇Lv.5,知力修練志向Lv.3,生命上昇Lv.1,2026/4/22,舞い昇る双龍,最高知力の味方の力を借り敵全体に火属性術攻撃。地勢・四象の効果を受けない状態を付与し、確率で沈黙状態にする。味方の攻撃術の効果・知力・魅力・場の四象を上昇。,ZIP内get_data.csvから確認／画像IDはZIP内に列なし,internal_id,未確認。internal_idで運用
EIK_0003,未確認,未確認,未確認,未確認,未確認,独自ID,元サイトID未確認,竹中半兵衛(右腕),陰陽師,陰陽師,7,陰陽道,名臣,知将,対象外,29750,25361,1621,1600,2136,3023,2821,2985,2976,2982,2976,未確認,ID付きCSV側で名前は一致したがID値が空,竹中半兵衛(右腕),知力上昇Lv.5,魅力上昇Lv.3,知力修練志向Lv.1,2026/4/22,百錬の妙計,敵単体と敵全体に自身の最高属性の攻撃術を放ち、敵全体に術耐性低下状態を付与。自身の最高属性の四象を上昇。力溜めを1回蓄積し、3回蓄積すると追加行動を行う。,ZIP内get_data.csvから確認／画像IDはZIP内に列なし,internal_id,未確認。internal_idで運用
EIK_0004,未確認,未確認,未確認,未確認,未確認,独自ID,元サイトID未確認,酒井忠次(通),神通力,薬師,7,神通力,名臣,宿将,外交官,41041,25610,2640,1545,1851,2693,2855,2249,2024,1908,2019,英傑一覧(24).csvから追加,英傑一覧(24).csv基準,酒井忠次(衣鉢),生命上昇Lv.5,生命上昇率向上Lv.3,魅力上昇Lv.1,2026/05/23,,,英傑一覧(24).csvから確認,internal_id,未確認。internal_idで運用
EIK_0005,37784685,37784685,37784685.webp,images/eiketsu/37784685.webp,https://tenka1game.com/nobon-jinpo/images/eiketsu/37784685.webp,独自ID,元サイトIDあり,薄田兼相,侍,侍,6,武士道,剣豪,信義,対象外,31697,15606,2210,1674,1610,1417,1348,1701,1548,1499,1567,ID確定,英傑名完全一致,薄田兼相,耐久上昇Lv.1,生命上昇率向上Lv.1,,2026/04/08,兼相流柔術,敵全体の注意を引きつけ、物理耐性を下げる。また自身に物理・術被害軽減の結界を張る。,ZIP内get_data.csvから確認／画像IDはZIP内に列なし,internal_id,照合用のみ
EIK_0006,55259007,55259007,55259007.webp,images/eiketsu/55259007.webp,https://tenka1game.com/nobon-jinpo/images/eiketsu/55259007.webp,独自ID,元サイトIDあり,島津日新斎,僧,僧,7,仏門,才腕,長寿,対象外,38518,23135,1900,2054,1877,2915,2718,2934,2366,2182,2121,ID確定,英傑名完全一致,島津日新斎,知力上昇Lv.5,土属性上昇Lv.3,知力修練志向Lv.1,2026/04/08,仏心地獄,敵単体に一部の結界を無視する土属性術攻撃を行い、付与無効状態にする。自身の最大生命力に応じて威力増。敵を倒すと「仏心地獄」を再発動させる。,ZIP内get_data.csvから確認／画像IDはZIP内に列なし,internal_id,照合用のみ
EIK_0007,9603855,9603855,9603855.webp,images/eiketsu/9603855.webp,https://tenka1game.com/nobon-jinpo/images/eiketsu/9603855.webp,独自ID,元サイトIDあり,百地三太夫(野望),忍者,忍者,8,暗殺術,忍び,世渡り上手,対象外,32480,18581,3470,1528,2441,2648,3007,2021,2073,2150,2166,ID確定,英傑名完全一致,百地三太夫(野望),腕力上昇Lv.5,腕力修練志向Lv.3,腕力上昇率向上Lv.1,2026/3/25,漆黒韋駄天,敵単体に近接攻撃を行い、初回術量を特大減少、味方全体の敵の守備系統を無効化し、攻撃力上昇と物理攻撃の威力増加状態を付与、生命力50%以下の敵に追加ダメージ。,ZIP内get_data.csvから確認／画像IDはZIP内に列なし,internal_id,照合用のみ
EIK_0008,38560820,38560820,38560820.webp,images/eiketsu/38560820.webp,https://tenka1game.com/nobon-jinpo/images/eiketsu/38560820.webp,独自ID,元サイトIDあり,風魔小太郎(野望),忍者,忍者,7,忍術,忍び,鬼,飛道具使い,32840,20182,3094,1590,2664,2599,2814,2176,2072,2269,2363,ID確定,英傑名完全一致,風魔小太郎(野望),器用上昇Lv.5,腕力上昇Lv.3,器用修練志向Lv.1,2026/3/25,風触逢魔,敵全体に間接物理攻撃を行い、攻撃力・物理耐性・与ダメージを低下させる。自身の器用さを上昇させる。,ZIP内get_data.csvから確認／画像IDはZIP内に列なし,internal_id,照合用のみ
EIK_0009,83805657,83805657,83805657.webp,images/eiketsu/83805657.webp,https://tenka1game.com/nobon-jinpo/images/eiketsu/83805657.webp,独自ID,元サイトIDあり,毛利隆元,陰陽師,陰陽師,8,陰陽道,世渡り上手,才腕,信義,36922,24671,1308,2140,2039,2930,3151,2745,2708,2686,2925,ID確定,英傑名完全一致,毛利隆元,知力上昇Lv.5,魅力上昇Lv.3,知力修練志向Lv.1,2026/3/18,三子教訓の仁,自身の最高属性と同属性の追加ダメージ効果を味方二体に付与、対象の生命力の最大値を上げ、知力を上昇させる。力溜めを1回蓄積し、2回蓄積すると追加行動を行う。,ZIP内get_data.csvから確認／画像IDはZIP内に列なし,internal_id,照合用のみ
EIK_0010,未確認,未確認,未確認,未確認,未確認,独自ID,元サイトID未確認,斎藤義龍(新春),刀鍛冶,鍛冶屋,7,刀鍛冶,野心家,猛将,対象外,41334,21515,2947,2285,2210,1514,2614,2652,2697,2633,2670,英傑一覧(24).csvから追加,英傑一覧(24).csv基準,斎藤義龍(新春),腕力上昇Lv.5,生命上昇Lv.3,腕力上昇率向上Lv.1,2026/05/23,,,英傑一覧(24).csvから確認,internal_id,未確認。internal_idで運用
EIK_0011,73744347,73744347,73744347.webp,images/eiketsu/73744347.webp,https://tenka1game.com/nobon-jinpo/images/eiketsu/73744347.webp,独自ID,元サイトIDあり,斎藤義龍,鍛冶屋,鍛冶屋,7,刀鍛冶,野心家,対象外,猛将,36129,14885,2261,2045,1395,1063,2297,2015,1295,1249,904,ID確定,英傑名完全一致,斎藤義龍,土属性上昇率向上Lv.2,,,2026/2/11,玄龍破天,敵単体に蓄積値を増幅して放出する近接攻撃と固定ダメージを与え、強結界・強術結界を破壊し、特大土属性呪詛を付与。味方の生命力が50%以下で蓄積値を上昇させる追加行動を行う。,ZIP内get_data.csvから確認／画像IDはZIP内に列なし,internal_id,照合用のみ
EIK_0012,未確認,未確認,未確認,未確認,未確認,独自ID,元サイトID未確認,前田利家(雄材),四象,傾奇者,7,四象,博識,洒落者,世渡り上手,36749,19474,3100,1510,1963,1987,2487,2378,2176,2961,2272,英傑一覧(24).csvから追加,英傑一覧(24).csv基準,前田利家(雄材),生命上昇Lv.5,腕力上昇Lv.3,火属性上昇Lv.1,2026/05/23,,,英傑一覧(24).csvから確認,internal_id,未確認。internal_idで運用
EIK_0013,47545036,47545036,47545036.webp,images/eiketsu/47545036.webp,https://tenka1game.com/nobon-jinpo/images/eiketsu/47545036.webp,独自ID,元サイトIDあり,安国寺恵瓊,僧,僧,7,密教,名臣,外交官,対象外,35859,22911,1865,2435,1937,2891,3075,2289,2296,2153,2132,ID確定,英傑名完全一致,安国寺恵瓊,耐久上昇Lv.5,耐久上昇率向上Lv.3,魅力上昇Lv.1,2026/2/4,折衝禦侮,敵単体に無属性術攻撃を行い、種族を死人に変更する。霊種族に追加ダメージ。味方全体の生命力を回復し、防御力を上昇させる。,ZIP内get_data.csvから確認／画像IDはZIP内に列なし,internal_id,照合用のみ
EIK_0014,56823172,56823172,56823172.webp,images/eiketsu/56823172.webp,https://tenka1game.com/nobon-jinpo/images/eiketsu/56823172.webp,独自ID,元サイトIDあり,上杉憲政,僧,僧,6,僧兵,野心家,神仏の徒,対象外,32957,15661,2603,1636,1600,1426,1349,1872,2037,1864,1862,ID確定,英傑名完全一致,上杉憲政,生命上昇Lv.1,生命上昇率向上Lv.1,,2026/2/4,関東管領の威,敵単体に近接攻撃を行い、付与を2個消し、種族を死人に変更する。死人種族に追加ダメージ。,ZIP内get_data.csvから確認／画像IDはZIP内に列なし,internal_id,照合用のみ
EIK_0015,95380774,95380774,95380774.webp,images/eiketsu/95380774.webp,https://tenka1game.com/nobon-jinpo/images/eiketsu/95380774.webp,独自ID,元サイトIDあり,武田晴信,侍,侍,8,軍学,神仏の徒,気鋭,野心家,40234,18242,2346,1983,2026,2918,2106,3003,2957,2820,2812,ID確定,英傑名完全一致,武田晴信,知力上昇率向上Lv.5,土属性上昇Lv.3,知力上昇Lv.1,2025/12/31,甲州の虎変,敵単体に土属性術攻撃を行い、一定時間行動不能にする。敵全体に土属性術攻撃を行い、自身の生命力最大値・属性値に応じて威力上昇。術耐性を低下させる。,ZIP内get_data.csvから確認／画像IDはZIP内に列なし,internal_id,照合用のみ
EIK_0016,70372139,70372139,70372139.webp,images/eiketsu/70372139.webp,https://tenka1game.com/nobon-jinpo/images/eiketsu/70372139.webp,独自ID,元サイトIDあり,三条の方,僧,僧,7,仏門,女傑,内助の功,ー,37441,28385,2073,2116,1638,2844,3087,2291,2476,2282,2384,ID確定,英傑名完全一致,三条の方,気合上昇Lv.5,生命上昇Lv.3,魅力上昇Lv.1,2025/12/31,花菱の奉祝,味方全体の最大気合を増加させ、気合を回復し、攻撃力・知力を上昇させる。味方全体に物理・術被害軽減の結界を張る。使用後、一定時間後に追加行動を行う。,ZIP内get_data.csvから確認／画像IDはZIP内に列なし,internal_id,照合用のみ
EIK_0017,46105657,46105657,46105657.webp,images/eiketsu/46105657.webp,https://tenka1game.com/nobon-jinpo/images/eiketsu/46105657.webp,独自ID,元サイトIDあり,堀秀政,傾奇者,傾奇者,7,地勢,才腕,外交官,多才,37721,24794,2236,1973,2365,2888,3071,2559,2665,2973,3000,ID確定,英傑名完全一致,堀秀政,風属性上昇Lv.5,魅力上昇Lv.3,風属性上昇率向上Lv.1,2025/12/17,名人太郎の舞,味方全体の気合を回復し、攻撃力・命中力・回避力を上げる。さらに標的固定状態を解除し、標的固定耐性と風属性の槌効果を付与する。,ZIP内get_data.csvから確認／画像IDはZIP内に列なし,internal_id,照合用のみ
EIK_0018,25718548,25718548,25718548.webp,images/eiketsu/25718548.webp,https://tenka1game.com/nobon-jinpo/images/eiketsu/25718548.webp,独自ID,元サイトIDあり,雫の者,薬師,薬師,7,医学,女傑,根性,内助の功,38792,20945,1575,2132,1705,2826,3178,2682,2977,2362,2079,ID確定,英傑名完全一致,雫の者,魅力上昇Lv.5,生命上昇Lv.3,水属性上昇Lv.1,2025/12/17,零れ落ちる雫,味方全体の生命力の最大値を上げ、生命力を回復する。さらに衝撃誘爆状態・属性蓄積状態を1つ、呪詛を2つ解除する。,ZIP内get_data.csvから確認／画像IDはZIP内に列なし,internal_id,照合用のみ
EIK_0019,7819448,7819448,7819448.webp,images/eiketsu/7819448.webp,https://tenka1game.com/nobon-jinpo/images/eiketsu/7819448.webp,独自ID,元サイトIDあり,伊達政宗(起源),侍,侍,8,武芸,才腕,野心家,気鋭,37926,21089,3236,1774,2021,2299,2499,2546,2676,2595,2510,ID確定,英傑名完全一致,伊達政宗(起源),腕力上昇Lv.5,生命上昇Lv.3,火属性上昇Lv.1,2025/12/17,天叢雲炎墜,敵単体に近接攻撃、高確率で沈黙状態にする。敵全体に間接攻撃、火属性の衝撃誘爆状態を付与。敵が沈黙、麻痺、継続ダメージ状態になった時２回まで敵全体に追加攻撃。,ZIP内get_data.csvから確認／画像IDはZIP内に列なし,internal_id,照合用のみ
EIK_0020,48426513,48426513,48426513.webp,images/eiketsu/48426513.webp,https://tenka1game.com/nobon-jinpo/images/eiketsu/48426513.webp,独自ID,元サイトIDあり,北条氏照(剛柔),陰陽師,陰陽師,7,陰陽道,知将,外交官,対象外,33203,21566,1394,2088,1758,2930,3085,2900,2591,2554,2636,ID確定,英傑名完全一致,北条氏照(剛柔),知力上昇率向上Lv.5,知力上昇Lv.3,土属性上昇Lv.1,2025/12/17,稲妻如意陣,敵単体と敵全体に土属性術攻撃を行い、術耐性を低下させる。陰陽煉気を最大５まで蓄積し、陰陽煉気に応じてダメージ上昇。陰陽煉気最大時、自身の術威力と属性値上昇。,ZIP内get_data.csvから確認／画像IDはZIP内に列なし,internal_id,照合用のみ
EIK_0021,72716169,72716169,72716169.webp,images/eiketsu/72716169.webp,https://tenka1game.com/nobon-jinpo/images/eiketsu/72716169.webp,独自ID,元サイトIDあり,甲斐宗運,僧,僧,7,密教,宿将,神仏の徒,対象外,37790,20905,2482,2634,1937,2700,2878,2502,2659,2635,2618,ID確定,英傑名完全一致,甲斐宗運,耐久上昇Lv.5,耐久上昇率向上Lv.3,魅力上昇率向上Lv.1,2025/12/17,揺るがぬ柱石,自身が一定時間無敵状態となる。敵単体の注意を一定時間引きつける。味方全体の物理・術耐性を上昇させ、被回復量を大きく上昇させる。,ZIP内get_data.csvから確認／画像IDはZIP内に列なし,internal_id,照合用のみ
EIK_0022,7042970,7042970,7042970.webp,images/eiketsu/7042970.webp,https://tenka1game.com/nobon-jinpo/images/eiketsu/7042970.webp,独自ID,元サイトIDあり,佐竹義重,侍,侍,8,武芸,才腕,勇将,対象外,36581,19527,2968,1897,2327,2811,2919,2408,2502,2821,2616,ID確定,英傑名完全一致,佐竹義重,腕力上昇Lv.5,生命上昇Lv.3,器用上昇率向上Lv.1,2025/12/17,鬼義重の一振,敵単体に近接攻撃、生命力を吸収、物理・術耐性を低下。全体に火属性術攻撃し、自陣営の士気玉を1つ追加。,ZIP内get_data.csvから確認／画像IDはZIP内に列なし,internal_id,照合用のみ
EIK_0023,78487594,78487594,78487594.webp,images/eiketsu/78487594.webp,https://tenka1game.com/nobon-jinpo/images/eiketsu/78487594.webp,独自ID,元サイトIDあり,片倉景綱,神主・巫女,神主/巫女,7,古神道,名臣,対象外,対象外,30828,23432,1621,1305,1308,1906,2205,1467,1320,1250,1515,ID確定,英傑名完全一致,片倉景綱,気合上昇率向上Lv.5,魅力修練上昇Lv.3,知力修練上昇Lv.1,2025/12/17,小十郎の軍略,味方2人の標的固定状態を解除し、標的固定耐性と攻撃にダメージを追加する状態を付与。重ねがけで効果が上昇。,ZIP内get_data.csvから確認／画像IDはZIP内に列なし,internal_id,照合用のみ
EIK_0024,58679116,58679116,58679116.webp,images/eiketsu/58679116.webp,https://tenka1game.com/nobon-jinpo/images/eiketsu/58679116.webp,独自ID,元サイトIDあり,今川義元,陰陽師,陰陽師,8,陰陽道,文化人,多才,対象外,27891,18115,1189,1653,1343,2040,2865,1544,2842,1483,1530,ID確定,英傑名完全一致,今川義元,知力上昇Lv.5,知力修練上昇Lv.3,,2025/12/17,海道一の弓取,敵単体に妖術攻撃を行い、味方全体の生命力を回復し、攻撃力、防御力、属性値を上昇。鬼種族に追加ダメージ。,ZIP内get_data.csvから確認／画像IDはZIP内に列なし,internal_id,照合用のみ
EIK_0025,9051384,9051384,9051384.webp,images/eiketsu/9051384.webp,https://tenka1game.com/nobon-jinpo/images/eiketsu/9051384.webp,独自ID,元サイトIDあり,平手政秀,陰陽師,陰陽師,6,仙道,名臣,信義,対象外,19872,19075,662,1159,907,2243,1701,1436,790,750,1332,ID確定,英傑名完全一致,平手政秀,魅力上昇率向上Lv.3,知力修練上昇Lv.1,,2025/12/17,爺の説教地獄,敵単体に蓄積値に応じた無属性術攻撃を行い、状態レベル2の四属性呪詛を付与する。,ZIP内get_data.csvから確認／画像IDはZIP内に列なし,internal_id,照合用のみ
EIK_0026,75298356,75298356,75298356.webp,images/eiketsu/75298356.webp,https://tenka1game.com/nobon-jinpo/images/eiketsu/75298356.webp,独自ID,元サイトIDあり,島津家久,鍛冶屋,鍛冶屋,7,鉄砲鍛冶,勇将,対象外,対象外,27885,13915,2095,1797,1545,956,1886,917,946,1118,1196,ID確定,英傑名完全一致,島津家久,耐久上昇率向上Lv.5,耐久上昇Lv.3,,2025/12/17,釣り野伏掃射,敵全体に間接攻撃を行う。標的固定状態の敵に攻撃した場合、追加ダメージを与え、行動不能にする場合がある。,ZIP内get_data.csvから確認／画像IDはZIP内に列なし,internal_id,照合用のみ
EIK_0027,81439164,81439164,81439164.webp,images/eiketsu/81439164.webp,https://tenka1game.com/nobon-jinpo/images/eiketsu/81439164.webp,独自ID,元サイトIDあり,上杉謙信,僧,僧,8,仏門,勇将,信義,対象外,26936,15587,1759,1699,1215,2222,2058,1169,1471,1119,1430,ID確定,英傑名完全一致,上杉謙信,生命上昇Lv.3,,,2025/12/17,毘沙門の威力,敵全体に無属性ダメージを与える。さらに、解除可能な結界と付与をすべて解除する。,ZIP内get_data.csvから確認／画像IDはZIP内に列なし,internal_id,照合用のみ
EIK_0028,65644467,65644467,65644467.webp,images/eiketsu/65644467.webp,https://tenka1game.com/nobon-jinpo/images/eiketsu/65644467.webp,独自ID,元サイトIDあり,長宗我部元親,鍛冶屋,鍛冶屋,8,刀鍛冶,鬼,対象外,勇将,37047,13937,2076,2183,1424,1144,2258,1018,1561,999,968,ID確定,英傑名完全一致,長宗我部元親,水属性上昇率向上Lv.5,水属性上昇Lv.3,,2025/12/17,神破りの鋭鋒,蓄積値を3000残して消費し、消費蓄積値を2倍に増幅して放出する近接攻撃を行う。 神種族に追加ダメージ。,ZIP内get_data.csvから確認／画像IDはZIP内に列なし,internal_id,照合用のみ
EIK_0029,89583884,89583884,89583884.webp,images/eiketsu/89583884.webp,https://tenka1game.com/nobon-jinpo/images/eiketsu/89583884.webp,独自ID,元サイトIDあり,本願寺顕如,僧,僧,8,仏門,神仏の徒,博識,対象外,31515,19361,2167,1761,1193,2098,1980,1169,1716,1119,1192,ID確定,英傑名完全一致,本願寺顕如,気合上昇Lv.3,,,2025/12/17,対象外,対象外,ZIP内get_data.csvから確認／画像IDはZIP内に列なし,internal_id,照合用のみ
EIK_0030,81227917,81227917,81227917.webp,images/eiketsu/81227917.webp,https://tenka1game.com/nobon-jinpo/images/eiketsu/81227917.webp,独自ID,元サイトIDあり,吉川元春,僧,僧,7,僧兵,猛将,対象外,気鋭,35606,16698,2871,2054,2124,2524,2827,1265,1636,1177,1312,ID確定,英傑名完全一致,吉川元春,腕力上昇率向上Lv.5,魅力上昇率向上Lv.3,魅力上昇Lv.1,2025/12/17,三子教訓の勇,敵単体に近接攻撃を行う。対象の生命力が50％以上の場合威力上昇。味方全体の生命力を回復し、自身に気合ダメージを受けた時に追加行動を行う状態を付与。,ZIP内get_data.csvから確認／画像IDはZIP内に列なし,internal_id,照合用のみ
EIK_0031,99222303,99222303,99222303.webp,images/eiketsu/99222303.webp,https://tenka1game.com/nobon-jinpo/images/eiketsu/99222303.webp,独自ID,元サイトIDあり,黒百合(納涼),傾奇者,傾奇者,7,四象,才腕,女傑,博識,34827,20972,2463,1383,1918,2390,2317,2629,3046,2584,2612,ID確定,英傑名完全一致,黒百合(納涼),水属性上昇Lv.5,生命修練上昇Lv.3,水属性上昇率向上Lv.1,2025/12/17,夏空奇想曲,自身の最高属性と同属性の追加ダメージ効果と物理・術被害軽減の結界を味方単体に付与、対象の属性呪詛をすべて解除する。自身の最高属性と同属性の四象を上げる。,ZIP内get_data.csvから確認／画像IDはZIP内に列なし,internal_id,照合用のみ
EIK_0032,未確認,未確認,未確認,未確認,未確認,独自ID,元サイトID未確認,黒百合,四象,傾奇者,6,四象,女傑,対象外,対象外,20971,11935,1598,878,1012,1094,1426,798,717,876,747,英傑一覧(24).csvから追加,英傑一覧(24).csv基準,黒百合,風属性上昇Lv.1,,,2026/05/23,,,英傑一覧(24).csvから確認,internal_id,未確認。internal_idで運用
EIK_0033,8885443,8885443,8885443.webp,images/eiketsu/8885443.webp,https://tenka1game.com/nobon-jinpo/images/eiketsu/8885443.webp,独自ID,元サイトIDあり,丹羽長秀(風雲),薬師,薬師,7,修験道,名臣,知将,対象外,33239,21459,1148,2143,1939,2829,2946,2018,2810,2827,2004,ID確定,英傑名完全一致,丹羽長秀(風雲),知力上昇Lv.5,火属性上昇率向上Lv.3,水属性上昇率向上Lv.1,2025/12/17,五郎佐の采配,味方全体の生命力を回復し、物理・術耐性と属性値を上昇させる。,ZIP内get_data.csvから確認／画像IDはZIP内に列なし,internal_id,照合用のみ
EIK_0034,75364080,75364080,75364080.webp,images/eiketsu/75364080.webp,https://tenka1game.com/nobon-jinpo/images/eiketsu/75364080.webp,独自ID,元サイトIDあり,直江兼続(王佐),陰陽師,陰陽師,7,陰陽道,名臣,文化人,信義,35063,23809,1816,2157,1929,2912,3041,2882,2742,2702,2789,ID確定,英傑名完全一致,直江兼続(王佐),知力上昇Lv.5,知力上昇率向上Lv.3,知力修練志向Lv.1,2025/12/17,愛染の真言,敵全体に土属性術攻撃を行い、物理・術耐性を低下させ、確率で対象の目標をランダム化する。,ZIP内get_data.csvから確認／画像IDはZIP内に列なし,internal_id,照合用のみ
EIK_0035,59120684,59120684,59120684.webp,images/eiketsu/59120684.webp,https://tenka1game.com/nobon-jinpo/images/eiketsu/59120684.webp,独自ID,元サイトIDあり,安宅冬康,鍛冶屋,鍛冶屋,6,鎧鍛冶,知将,多才,対象外,31889,12216,1231,2000,1163,879,1900,767,777,870,758,ID確定,英傑名完全一致,安宅冬康,耐久修練志向Lv.1,魅力修練上昇Lv.1,,2025/12/17,淡路流鉄砲術,敵全体に間接攻撃を行い、自身の防御力を上昇させる。 ,ZIP内get_data.csvから確認／画像IDはZIP内に列なし,internal_id,照合用のみ
EIK_0036,95335746,95335746,95335746.webp,images/eiketsu/95335746.webp,https://tenka1game.com/nobon-jinpo/images/eiketsu/95335746.webp,独自ID,元サイトIDあり,稲葉一鉄,僧,僧,6,僧兵,猛将,博識,対象外,22887,12046,1607,1192,1053,1178,1214,860,760,700,703,ID確定,英傑名完全一致,稲葉一鉄,魅力修練上昇Lv.1,,,頑固一徹,敵全体の注意を一定時間引きつけ、自身の防御力、命中力、回避力、属性値を上げる。,対象外,ZIP内get_data.csvから確認／画像IDはZIP内に列なし,internal_id,照合用のみ
EIK_0037,47687468,47687468,47687468.webp,images/eiketsu/47687468.webp,https://tenka1game.com/nobon-jinpo/images/eiketsu/47687468.webp,独自ID,元サイトIDあり,斎藤朝信,侍,侍,6,武芸,名臣,信義,対象外,23409,12142,1921,1092,1264,828,1408,688,697,825,682,ID確定,英傑名完全一致,斎藤朝信,魅力修練志向Lv.5,,,2025/12/17,対象外,対象外,ZIP内get_data.csvから確認／画像IDはZIP内に列なし,internal_id,照合用のみ
EIK_0038,69916062,69916062,69916062.webp,images/eiketsu/69916062.webp,https://tenka1game.com/nobon-jinpo/images/eiketsu/69916062.webp,独自ID,元サイトIDあり,支倉常長,侍,侍,6,武士道,外交官,博識,対象外,18183,14671,2607,1224,1210,1378,1268,768,899,707,732,ID確定,英傑名完全一致,支倉常長,腕力上昇率向上Lv.1,,,2025/12/17,対象外,対象外,ZIP内get_data.csvから確認／画像IDはZIP内に列なし,internal_id,照合用のみ
EIK_0039,60475627,60475627,60475627.webp,images/eiketsu/60475627.webp,https://tenka1game.com/nobon-jinpo/images/eiketsu/60475627.webp,独自ID,元サイトIDあり,十河一存,侍,侍,6,武芸,鬼,気鋭,対象外,23409,12142,2189,982,1218,921,1408,688,697,825,682,ID確定,英傑名完全一致,十河一存,腕力修練上昇Lv.1,,,2025/12/17,対象外,対象外,ZIP内get_data.csvから確認／画像IDはZIP内に列なし,internal_id,照合用のみ
EIK_0040,15674090,15674090,15674090.webp,images/eiketsu/15674090.webp,https://tenka1game.com/nobon-jinpo/images/eiketsu/15674090.webp,独自ID,元サイトIDあり,北条氏邦,侍,侍,6,武芸,世渡り上手,多才,根性,23409,12142,2246,982,1150,921,1408,688,844,682,682,ID確定,英傑名完全一致,北条氏邦,器用上昇率向上Lv.1,,,2025/12/17,対象外,対象外,ZIP内get_data.csvから確認／画像IDはZIP内に列なし,internal_id,照合用のみ
EIK_0041,69769069,69769069,69769069.webp,images/eiketsu/69769069.webp,https://tenka1game.com/nobon-jinpo/images/eiketsu/69769069.webp,独自ID,元サイトIDあり,井伊直政,侍,侍,6,武芸,猛将,気鋭,対象外,23409,12142,2113,1092,1035,921,1408,688,697,825,682,ID確定,英傑名完全一致,井伊直政,腕力修練上昇Lv.1,,,2025/12/17,赤備えの決意,対象外,ZIP内get_data.csvから確認／画像IDはZIP内に列なし,internal_id,照合用のみ
EIK_0042,54667794,54667794,54667794.webp,images/eiketsu/54667794.webp,https://tenka1game.com/nobon-jinpo/images/eiketsu/54667794.webp,独自ID,元サイトIDあり,谷忠澄,傾奇者,傾奇者,6,殺陣,多才,外交官,対象外,27259,12232,2229,1053,1053,1528,1769,796,743,752,780,ID確定,英傑名完全一致,谷忠澄,知力修練上昇Lv.1,腕力上昇Lv.1,,2025/12/17,対象外,対象外,ZIP内get_data.csvから確認／画像IDはZIP内に列なし,internal_id,照合用のみ
EIK_0043,21546951,21546951,21546951.webp,images/eiketsu/21546951.webp,https://tenka1game.com/nobon-jinpo/images/eiketsu/21546951.webp,独自ID,元サイトIDあり,伊奈忠次,陰陽師,陰陽師,6,召喚術,博識,文化人,対象外,22186,13965,705,1168,758,1737,1482,1630,1339,1655,1199,ID確定,英傑名完全一致,伊奈忠次,知力上昇Lv.1,魅力上昇Lv.1,,2025/12/17,対象外,対象外,ZIP内get_data.csvから確認／画像IDはZIP内に列なし,internal_id,照合用のみ
EIK_0044,88143633,88143633,88143633.webp,images/eiketsu/88143633.webp,https://tenka1game.com/nobon-jinpo/images/eiketsu/88143633.webp,独自ID,元サイトIDあり,唐沢玄蕃,忍者,忍者,6,暗殺術,気鋭,忍び,対象外,25038,11522,2392,985,1764,819,1585,750,863,769,782,ID確定,英傑名完全一致,唐沢玄蕃,器用上昇Lv.1,腕力修練上昇Lv.1,,2025/12/17,対象外,対象外,ZIP内get_data.csvから確認／画像IDはZIP内に列なし,internal_id,照合用のみ
EIK_0045,657416,657416,657416.webp,images/eiketsu/657416.webp,https://tenka1game.com/nobon-jinpo/images/eiketsu/657416.webp,独自ID,元サイトIDあり,御子神典膳,侍,侍,6,武芸,信義,剣豪,対象外,30899,15907,2420,1146,1897,1300,2451,1529,1580,1514,1509,ID確定,英傑名完全一致,御子神典膳,腕力上昇Lv.1,腕力修練志向Lv.1,,2025/12/17,対象外,対象外,ZIP内get_data.csvから確認／画像IDはZIP内に列なし,internal_id,照合用のみ
EIK_0046,56148488,56148488,56148488.webp,images/eiketsu/56148488.webp,https://tenka1game.com/nobon-jinpo/images/eiketsu/56148488.webp,独自ID,元サイトIDあり,大熊朝秀,僧,薬師,5,修験,多才,対象外,対象外,25391,11732,602,1048,873,1701,1748,805,786,808,1319,ID確定,英傑名完全一致,大熊朝秀,,,,2025/12/17,対象外,対象外,ZIP内get_data.csvから確認／画像IDはZIP内に列なし,internal_id,照合用のみ
EIK_0047,47195554,47195554,47195554.webp,images/eiketsu/47195554.webp,https://tenka1game.com/nobon-jinpo/images/eiketsu/47195554.webp,独自ID,元サイトIDあり,関口氏広,陰陽師,陰陽師,5,仙道,多才,対象外,対象外,22142,11714,559,949,744,1593,1241,914,794,816,904,ID確定,英傑名完全一致,関口氏広,,,,2025/12/17,対象外,対象外,ZIP内get_data.csvから確認／画像IDはZIP内に列なし,internal_id,照合用のみ
EIK_0048,56759366,56759366,56759366.webp,images/eiketsu/56759366.webp,https://tenka1game.com/nobon-jinpo/images/eiketsu/56759366.webp,独自ID,元サイトIDあり,岡国高,鍛冶屋,鍛冶屋,5,鎧鍛冶,博識,対象外,対象外,28206,10922,830,1712,1058,778,1631,658,659,706,719,ID確定,英傑名完全一致,岡国高,,,,2025/12/17,対象外,対象外,ZIP内get_data.csvから確認／画像IDはZIP内に列なし,internal_id,照合用のみ
EIK_0049,46283942,46283942,46283942.webp,images/eiketsu/46283942.webp,https://tenka1game.com/nobon-jinpo/images/eiketsu/46283942.webp,独自ID,元サイトIDあり,鈴木元信,薬師,薬師,5,医術,博識,対象外,対象外,24451,12486,578,978,793,1324,1346,818,649,705,624,ID確定,英傑名完全一致,鈴木元信,,,,2025/12/17,対象外,対象外,ZIP内get_data.csvから確認／画像IDはZIP内に列なし,internal_id,照合用のみ
EIK_0050,31264075,31264075,31264075.webp,images/eiketsu/31264075.webp,https://tenka1game.com/nobon-jinpo/images/eiketsu/31264075.webp,独自ID,元サイトIDあり,渡辺了,侍,侍,5,軍学,気鋭,対象外,対象外,23877,11774,1005,1259,1109,1269,1492,899,714,721,719,ID確定,英傑名完全一致,渡辺了,,,,2025/12/17,対象外,対象外,ZIP内get_data.csvから確認／画像IDはZIP内に列なし,internal_id,照合用のみ
EIK_0051,90795699,90795699,90795699.webp,images/eiketsu/90795699.webp,https://tenka1game.com/nobon-jinpo/images/eiketsu/90795699.webp,独自ID,元サイトIDあり,安藤良整,僧,僧,5,仏門,気鋭,対象外,対象外,17164,7722,493,1776,535,1007,959,608,511,478,483,ID確定,英傑名完全一致,安藤良整,,,,2025/12/17,対象外,対象外,ZIP内get_data.csvから確認／画像IDはZIP内に列なし,internal_id,照合用のみ
EIK_0052,97311329,97311329,97311329.webp,images/eiketsu/97311329.webp,https://tenka1game.com/nobon-jinpo/images/eiketsu/97311329.webp,独自ID,元サイトIDあり,大沢正秀,鍛冶屋,鍛冶屋,5,刀鍛冶,信義,対象外,対象外,28717,10676,1150,1334,1048,693,1395,694,699,426,544,ID確定,英傑名完全一致,大沢正秀,,,,2025/12/17,対象外,対象外,ZIP内get_data.csvから確認／画像IDはZIP内に列なし,internal_id,照合用のみ
EIK_0053,45183900,45183900,45183900.webp,images/eiketsu/45183900.webp,https://tenka1game.com/nobon-jinpo/images/eiketsu/45183900.webp,独自ID,元サイトIDあり,下間頼竜,僧,僧,5,僧兵,信義,対象外,対象外,21335,10934,1645,987,915,877,1162,570,738,554,692,ID確定,英傑名完全一致,下間頼竜,,,,2025/12/17,対象外,対象外,ZIP内get_data.csvから確認／画像IDはZIP内に列なし,internal_id,照合用のみ
EIK_0054,未確認,未確認,未確認,未確認,未確認,独自ID,元サイトID未確認,斎藤利三(神祇),召喚術,陰陽師,7,召喚術,世渡り上手,知将,才腕,34843,22477,1537,2020,1563,2854,2759,2340,2977,2869,2417,英傑一覧(24).csvから追加,英傑一覧(24).csv基準,斎藤利三(神祇),知力上昇率向上Lv.5,水属性上昇Lv.3,火属性上昇Lv.1,2026/05/23,,,英傑一覧(24).csvから確認,internal_id,未確認。internal_idで運用
EIK_0055,98904444,98904444,98904444.webp,images/eiketsu/98904444.webp,https://tenka1game.com/nobon-jinpo/images/eiketsu/98904444.webp,独自ID,元サイトIDあり,斎藤利三,陰陽師,神主/巫女,5,古神道,名臣,対象外,対象外,21153,15752,657,940,848,1590,1466,903,967,773,950,ID確定,英傑名完全一致,斎藤利三,,,,2025/12/3,凍ゆる華炎,敵単体と敵全体に水属性術攻撃を行う。自身が召喚中の式神がいない場合、式神の召喚を行う。さらに式神の行動速度と、自身の術攻撃力を上昇させる。,ZIP内get_data.csvから確認／画像IDはZIP内に列なし,internal_id,照合用のみ
EIK_0056,21982879,21982879,21982879.webp,images/eiketsu/21982879.webp,https://tenka1game.com/nobon-jinpo/images/eiketsu/21982879.webp,独自ID,元サイトIDあり,織田信忠,薬師,薬師,7,神通力,明敏,名臣,対象外,38950,21254,1481,2032,2026,2802,2928,2249,2220,2148,2159,ID確定,英傑名完全一致,織田信忠,生命上昇Lv.5,生命修練志向Lv.3,生命上昇率向上Lv.1,2025/12/3,布武の導き手,味方単体の生命力を効果特大の継続回復状態にする。味方全体の生命力を回復し、物理・術耐性を上昇させる。,ZIP内get_data.csvから確認／画像IDはZIP内に列なし,internal_id,照合用のみ
EIK_0057,34871206,34871206,34871206.webp,images/eiketsu/34871206.webp,https://tenka1game.com/nobon-jinpo/images/eiketsu/34871206.webp,独自ID,元サイトIDあり,大野治長,薬師,薬師,6,神通力,世渡り上手,文化人,対象外,27681,17891,1480,1822,2047,1825,2456,1829,1603,1603,1553,ID確定,英傑名完全一致,大野治長,魅力上昇Lv.1,魅力修練志向Lv.1,,2025/12/3,近侍の務め,味方全体の生命を回復し、継続回復状態にする。,ZIP内get_data.csvから確認／画像IDはZIP内に列なし,internal_id,照合用のみ
EIK_0058,87746238,87746238,87746238.webp,images/eiketsu/87746238.webp,https://tenka1game.com/nobon-jinpo/images/eiketsu/87746238.webp,独自ID,元サイトIDあり,早川殿,陰陽師,陰陽師,6,召喚術,外交官,内助の功,対象外,33074,20655,735,1659,1858,2435,2714,2207,2121,1927,2215,ID確定,英傑名完全一致,早川殿,生命上昇Lv.3,魅力上昇率向上Lv.1,,2025/12/3,早川の風巻,敵全体に風属性術攻撃を行う。,ZIP内get_data.csvから確認／画像IDはZIP内に列なし,internal_id,照合用のみ
EIK_0059,95973086,95973086,95973086.webp,images/eiketsu/95973086.webp,https://tenka1game.com/nobon-jinpo/images/eiketsu/95973086.webp,独自ID,元サイトIDあり,武田信繁,薬師,薬師,6,神通力,名臣,対象外,対象外,25622,13350,771,1412,940,2022,2563,1409,1112,1093,941,ID確定,英傑名完全一致,武田信繁,土属性上昇率向上Lv.1,,,2025/12/3,武田軍略・風,味方全体の生命力を回復し、生命継続回復状態を付与する。,ZIP内get_data.csvから確認／画像IDはZIP内に列なし,internal_id,照合用のみ
EIK_0060,58325501,58325501,58325501.webp,images/eiketsu/58325501.webp,https://tenka1game.com/nobon-jinpo/images/eiketsu/58325501.webp,独自ID,元サイトIDあり,庵原将監,陰陽師,陰陽師,6,召喚術,名臣,対象外,対象外,20338,11736,608,891,648,1503,1329,1036,853,718,824,ID確定,英傑名完全一致,庵原将監,知力修練上昇Lv.1,,,2025/12/3,破界の風,敵全体に風属性の妖術を放ち、結界を解除し、物理耐性低下状態を付与する。 ,ZIP内get_data.csvから確認／画像IDはZIP内に列なし,internal_id,照合用のみ
EIK_0061,27195910,27195910,27195910.webp,images/eiketsu/27195910.webp,https://tenka1game.com/nobon-jinpo/images/eiketsu/27195910.webp,独自ID,元サイトIDあり,林崎甚助,侍,侍,7,武芸,剣豪,明敏,長寿,34967,19839,3258,1788,2146,2219,2534,2387,2339,2164,2510,ID確定,英傑名完全一致,林崎甚助,腕力上昇率向上Lv.5,腕力上昇Lv.3,生命上昇Lv.1,2025/11/5,電瞬抜刀,敵全体に間接攻撃を行い、物理・術耐性を低下させる。対象の生命力割合に応じて威力上昇。戦闘開始時、自身に強力な初撃効果を付与。,ZIP内get_data.csvから確認／画像IDはZIP内に列なし,internal_id,照合用のみ
EIK_0062,70679611,70679611,70679611.webp,images/eiketsu/70679611.webp,https://tenka1game.com/nobon-jinpo/images/eiketsu/70679611.webp,独自ID,元サイトIDあり,直江景綱,神主・巫女,神主/巫女,7,古神道,外交官,名臣,対象外,37304,30158,1964,1761,1883,2629,2728,2587,2376,2262,2756,ID確定,英傑名完全一致,直江景綱,気合上昇Lv.5,気合修練志向Lv.3,気合上昇率向上Lv.1,2025/11/5,宿老の知恵,味方全体の攻撃力・知力・魅力を上昇させ、行動気合回復状態を付与。自身に連続行動不能耐性と、味方が麻痺、魅了、睡眠を受けた時に追加行動を行う状態を付与。,ZIP内get_data.csvから確認／画像IDはZIP内に列なし,internal_id,照合用のみ
EIK_0063,46299386,46299386,46299386.webp,images/eiketsu/46299386.webp,https://tenka1game.com/nobon-jinpo/images/eiketsu/46299386.webp,独自ID,元サイトIDあり,山上道及,傾奇者,傾奇者,6,殺陣,猛将,世渡り上手,対象外,32711,15744,3014,1574,2128,1569,1372,1952,1920,1884,1920,ID確定,英傑名完全一致,山上道及,腕力上昇Lv.1,腕力修練志向Lv.1,,2025/11/5,百斬練磨,敵単体に結界を破壊する近接物理攻撃を行い、物理・術耐性を低下させる。,ZIP内get_data.csvから確認／画像IDはZIP内に列なし,internal_id,照合用のみ
EIK_0064,20000021,20000021,20000021.webp,images/eiketsu/20000021.webp,https://tenka1game.com/nobon-jinpo/images/eiketsu/20000021.webp,独自ID,元サイトIDあり,雑賀孫市(道化),鍛冶屋,鍛冶屋,8,鉄砲鍛冶,飛道具使い,才腕,洒落者,36406,20162,2921,2300,2035,1756,2675,2048,2125,2644,2219,ID確定,英傑名完全一致,雑賀孫市(道化),耐久上昇Lv.5,腕力上昇Lv.3,耐久上昇率向上Lv.1,2025/10/22,眩惑花火弾,敵単体に間接攻撃を行い、種族を憑き物に変更する。敵全体に間接攻撃を行い、憑き物種族に追加ダメージ、確率で一定時間傀儡状態にする。 ,ZIP内get_data.csvから確認／画像IDはZIP内に列なし,internal_id,照合用のみ
EIK_0065,62170491,62170491,62170491.webp,images/eiketsu/62170491.webp,https://tenka1game.com/nobon-jinpo/images/eiketsu/62170491.webp,独自ID,元サイトIDあり,望月千代女(道化),神主・巫女,神主/巫女,7,古神道,世渡り上手,女傑,対象外,36009,28640,1964,1970,1975,2824,3076,2614,2424,2319,2756,ID確定,英傑名完全一致,望月千代女(道化),魅力上昇Lv.5,気合上昇率向上Lv.3,気合修練志向Lv.1,2025/10/22,月輪七曜の法,味方3人に、2度まで消費気合が0になる状態と追加ダメージ効果を付与し、呪詛を2つ解除する。使用後、一定間隔で追加行動を行う。,ZIP内get_data.csvから確認／画像IDはZIP内に列なし,internal_id,照合用のみ
EIK_0066,未確認,未確認,未確認,未確認,未確認,独自ID,元サイトID未確認,鍋島直茂(乱雲),軍学,侍,7,軍学,名臣,知将,対象外,38827,21083,2681,2097,2157,2918,3094,2321,2425,2274,2482,英傑一覧(24).csvから追加,英傑一覧(24).csv基準,鍋島直茂(乱雲),知力上昇率向上Lv.5,知力上昇Lv.3,生命上昇Lv.1,2026/05/23,,,英傑一覧(24).csvから確認,internal_id,未確認。internal_idで運用
EIK_0067,84324240,84324240,84324240.webp,images/eiketsu/84324240.webp,https://tenka1game.com/nobon-jinpo/images/eiketsu/84324240.webp,独自ID,元サイトIDあり,鍋島直茂,侍,侍,7,軍学,知将,対象外,対象外,29542,15700,1764,1639,1428,2215,1938,1155,1183,1115,1223,ID確定,英傑名完全一致,鍋島直茂,耐久修練志向Lv.2,,,2025/10/1,裏葉隠・雲居,味方単体に一定時間不死状態を付与する。味方全体にダメージ軽減の特殊状態と物理・術耐性上昇を付与し、与ダメージ増加・被ダメージ減少の陣営技能を発動する。,ZIP内get_data.csvから確認／画像IDはZIP内に列なし,internal_id,照合用のみ
EIK_0068,22260832,22260832,22260832.webp,images/eiketsu/22260832.webp,https://tenka1game.com/nobon-jinpo/images/eiketsu/22260832.webp,独自ID,元サイトIDあり,島津義久,陰陽師,陰陽師,8,陰陽道,明敏,世渡り上手,知将,35328,27777,2010,2175,2014,2893,2909,2608,2742,2636,3027,ID確定,英傑名完全一致,島津義久,知力上昇Lv.5,風属性上昇率向上Lv.5,気合上昇率向上Lv.1,2025/10/1,烈風滅気撃,敵単体と敵全体に風属性術攻撃を行い、気合ダメージと風属性呪詛を与える。自身の玄女式効果上昇。,ZIP内get_data.csvから確認／画像IDはZIP内に列なし,internal_id,照合用のみ
EIK_0069,22106646,22106646,22106646.webp,images/eiketsu/22106646.webp,https://tenka1game.com/nobon-jinpo/images/eiketsu/22106646.webp,独自ID,元サイトIDあり,蜂須賀正勝,傾奇者,傾奇者,7,地勢,名臣,才腕,世渡り上手,38280,24794,2934,2005,2056,2594,2506,2996,2619,2535,2894,ID確定,英傑名完全一致,蜂須賀正勝,腕力上昇Lv.5,腕力上昇率向上Lv.3,土属性上昇Lv.1,2025/9/24,楼岸一番槍,敵単体に近接攻撃を行い、付与を2個消し、四象(土)の力を1個蓄積する。敵全体に間接攻撃を行い、物理・術耐性を低下させる。,ZIP内get_data.csvから確認／画像IDはZIP内に列なし,internal_id,照合用のみ
EIK_0070,48868869,48868869,48868869.webp,images/eiketsu/48868869.webp,https://tenka1game.com/nobon-jinpo/images/eiketsu/48868869.webp,独自ID,元サイトIDあり,前田利家(兎忍),侍,侍,7,武芸,猛将,対象外,洒落者,39002,17652,2834,1542,2091,2044,1852,1220,1305,1184,1118,ID確定,英傑名完全一致,前田利家(兎忍),生命上昇Lv.5,生命修練志向Lv.3,生命上昇率向上Lv.1,2025/9/24,勇名無双,敵単体に強力な近接攻撃を行う。生命力が50％以上の敵を攻撃するとダメージ追加。 ,ZIP内get_data.csvから確認／画像IDはZIP内に列なし,internal_id,照合用のみ
EIK_0071,62167859,62167859,62167859.webp,images/eiketsu/62167859.webp,https://tenka1game.com/nobon-jinpo/images/eiketsu/62167859.webp,独自ID,元サイトIDあり,納涼忍お綾,忍者,忍者,7,忍術,才腕,女傑,洒落者,31789,20182,3146,1590,2649,2414,2311,2176,2072,2269,2363,ID確定,英傑名完全一致,納涼忍お綾,知力上昇Lv.5,器用上昇Lv.3,魅力上昇率向上Lv.1,2025/9/10,傾城の玉霰,敵全体に疾風怒濤を増幅させた間接攻撃を行い、物理耐性を低下させる。自身の器用さを上げる。使用後、一定間隔で「減殺の術・煌」を発動する。 ,ZIP内get_data.csvから確認／画像IDはZIP内に列なし,internal_id,照合用のみ
EIK_0072,50942659,50942659,50942659.webp,images/eiketsu/50942659.webp,https://tenka1game.com/nobon-jinpo/images/eiketsu/50942659.webp,独自ID,元サイトIDあり,九鬼嘉隆,鍛冶屋,鍛冶屋,8,刀鍛冶,鬼,勇将,対象外,40415,20162,2447,2428,2093,2890,2991,1909,2442,2290,2128,ID確定,英傑名完全一致,九鬼嘉隆,生命上昇Lv.5,耐久上昇Lv.3,水属性上昇率向上Lv.1,2025/9/10,戦鬼の海牢,敵全体に水属性術攻撃を行いつつ注意を引きつける。自身に物理・術被害軽減の結界を張り、防御力を上昇させる。自分の最も高い属性と同じ場の属性を徐々に上げる。 ,ZIP内get_data.csvから確認／画像IDはZIP内に列なし,internal_id,照合用のみ
EIK_0073,未確認,未確認,未確認,未確認,未確認,独自ID,元サイトID未確認,大谷吉継(西軍),神通力,薬師,7,神通力,名臣,根性,対象外,39211,21777,1782,2133,1866,2912,2486,2659,2638,2578,3022,英傑一覧(24).csvから追加,英傑一覧(24).csv基準,大谷吉継(西軍),生命上昇Lv.5,風属性上昇Lv.3,知力上昇Lv.1,2026/05/23,,,英傑一覧(24).csvから確認,internal_id,未確認。internal_idで運用
EIK_0074,47212754,47212754,47212754.webp,images/eiketsu/47212754.webp,https://tenka1game.com/nobon-jinpo/images/eiketsu/47212754.webp,独自ID,元サイトIDあり,大谷吉継,薬師,陰陽師,7,陰陽道,名臣,対象外,対象外,31078,16907,983,1774,1050,2522,2402,1389,1337,1351,2874,ID確定,英傑名完全一致,大谷吉継,風属性上昇率向上Lv.1,,,2025/9/3,無明合縦陣,味方全体の生命力の最大値を上げ、生命力を回復し、攻撃力・知力・属性値を上昇させる。 ,ZIP内get_data.csvから確認／画像IDはZIP内に列なし,internal_id,照合用のみ
EIK_0075,9653291,9653291,9653291.webp,images/eiketsu/9653291.webp,https://tenka1game.com/nobon-jinpo/images/eiketsu/9653291.webp,独自ID,元サイトIDあり,島津豊久,鍛冶屋,鍛冶屋,7,鎧鍛冶,勇将,根性,対象外,38919,18506,2588,2586,2089,2047,2465,1752,1650,1509,1629,ID確定,英傑名完全一致,島津豊久,耐久上昇率向上Lv.5,生命上昇Lv.3,耐久上昇Lv.1,2025/8/20,捨て奸の覚悟,敵全体に間接攻撃を行いつつ注意を引きつけ、単体術ダメージ低下状態を付与する。さらに自身の攻撃力・防御力を上昇させ、反射結界を張る。,ZIP内get_data.csvから確認／画像IDはZIP内に列なし,internal_id,照合用のみ
EIK_0076,63554767,63554767,63554767.webp,images/eiketsu/63554767.webp,https://tenka1game.com/nobon-jinpo/images/eiketsu/63554767.webp,独自ID,元サイトIDあり,伊賀崎道順,忍者,忍者,6,忍術,忍び,飛道具使い,対象外,26033,13061,1690,1022,1712,2615,2101,1720,1690,2047,1865,ID確定,英傑名完全一致,伊賀崎道順,知力上昇Lv.1,知力修練志向Lv.1,,2025/8/20,楯岡不知火,敵全体に火属性術攻撃を行い、自身の知力・魅力を上昇させる。,ZIP内get_data.csvから確認／画像IDはZIP内に列なし,internal_id,照合用のみ
EIK_0077,未確認,未確認,未確認,未確認,未確認,独自ID,元サイトID未確認,石川数正(臥薪),修験道,薬師,7,修験道,外交官,野心家,才腕,35987,21118,1753,2160,1953,2926,2928,2834,2488,2504,2480,英傑一覧(24).csvから追加,英傑一覧(24).csv基準,石川数正(臥薪),知力上昇Lv.5,知力修練志向Lv.3,生命上昇率向上Lv.1,2026/05/23,,,英傑一覧(24).csvから確認,internal_id,未確認。internal_idで運用
EIK_0078,23830402,23830402,23830402.webp,images/eiketsu/23830402.webp,https://tenka1game.com/nobon-jinpo/images/eiketsu/23830402.webp,独自ID,元サイトIDあり,石川数正,薬師,神主/巫女,6,雅楽,外交官,対象外,対象外,21161,13728,1003,1002,822,1871,2629,748,669,643,1127,ID確定,英傑名完全一致,石川数正,魅力修練志向Lv.1,知力上昇率向上Lv.1,,2025/8/20,渦雷封縛陣,敵全体に土属性術攻撃を行い、土・火属性呪詛と、行動ごとに生命力と気合にダメージを与える状態を付与する。,ZIP内get_data.csvから確認／画像IDはZIP内に列なし,internal_id,照合用のみ
EIK_0079,22319501,22319501,22319501.webp,images/eiketsu/22319501.webp,https://tenka1game.com/nobon-jinpo/images/eiketsu/22319501.webp,独自ID,元サイトIDあり,赤尾清綱,薬師,薬師,6,修験道,名臣,対象外,対象外,26415,14368,800,1339,1096,1843,1638,891,873,889,1470,ID確定,英傑名完全一致,赤尾清綱,生命修練上昇Lv.1,,,2025/8/20,海赤雨の将風,敵全体に風属性の術攻撃を放ち、器用さを下げる呪詛効果を付加する。 ,ZIP内get_data.csvから確認／画像IDはZIP内に列なし,internal_id,照合用のみ
EIK_0080,59966628,59966628,59966628.webp,images/eiketsu/59966628.webp,https://tenka1game.com/nobon-jinpo/images/eiketsu/59966628.webp,独自ID,元サイトIDあり,望月吉棟,忍者,忍者,6,暗殺術,忍び,対象外,対象外,24591,11521,2392,985,1763,818,1454,750,764,768,782,ID確定,英傑名完全一致,望月吉棟,器用上昇率向上Lv.1,腕力上昇率向上Lv.1,,2025/8/20,兇殺の刃,敵単体に守護術の影響を受けない近接攻撃を行う。 ,ZIP内get_data.csvから確認／画像IDはZIP内に列なし,internal_id,照合用のみ
EIK_0081,71616907,71616907,71616907.webp,images/eiketsu/71616907.webp,https://tenka1game.com/nobon-jinpo/images/eiketsu/71616907.webp,独自ID,元サイトIDあり,陶晴賢,陰陽師,陰陽師,7,陰陽道,才腕,野心家,対象外,35860,26742,1621,2209,1953,2968,3129,2728,3093,2801,2891,ID確定,英傑名完全一致,陶晴賢,知力上昇Lv.5,水属性上昇Lv.3,知力修練志向Lv.1,2025/8/6,興亡無常,敵単体に水属性術攻撃を行い、四象（水）の力を１個蓄積する。敵全体に水属性術攻撃を行い、物理・術耐性を低下させる。場の水属性を徐々に上げる。,ZIP内get_data.csvから確認／画像IDはZIP内に列なし,internal_id,照合用のみ
EIK_0082,65288117,65288117,65288117.webp,images/eiketsu/65288117.webp,https://tenka1game.com/nobon-jinpo/images/eiketsu/65288117.webp,独自ID,元サイトIDあり,山中鹿之介,侍,侍,7,武芸,勇将,根性,猛将,36581,21402,3124,1897,2411,2219,2919,2132,2197,2800,2152,候補反映,JSON側のみ候補名を反映: 山中鹿之介,山中鹿之介,腕力上昇Lv.5,腕力上昇率向上Lv.3,生命修練上昇Lv.1,2025/8/6,閃く三日月,敵単体に近接攻撃を行い、四象（火）の力を１個蓄積する。敵全体に間接攻撃を行い、物理耐性を低下。自身の残り生命力に応じ威力増。自陣営の士気玉を１つ追加。,ZIP内get_data.csvから確認／画像IDはZIP内に列なし,internal_id,照合用のみ
EIK_0083,89823774,89823774,89823774.webp,images/eiketsu/89823774.webp,https://tenka1game.com/nobon-jinpo/images/eiketsu/89823774.webp,独自ID,元サイトIDあり,豊臣秀吉,侍,侍,8,軍学,世渡り上手,野心家,才腕,38264,20336,2399,2229,1982,3006,2665,2598,2661,2843,2751,ID確定,英傑名完全一致,豊臣秀吉,知力上昇率向上Lv.5,生命上昇Lv.3,知力上昇Lv.1,2025/7/2,天下惣無事,敵全体に火属性術攻撃を行う。自身の生命力割合に応じて威力上昇。さらに敵全体の知力・魅力・術耐性・与ダメージを低下させ、自身の攻撃術の効果を上昇させる。,ZIP内get_data.csvから確認／画像IDはZIP内に列なし,internal_id,照合用のみ
EIK_0084,17916985,17916985,17916985.webp,images/eiketsu/17916985.webp,https://tenka1game.com/nobon-jinpo/images/eiketsu/17916985.webp,独自ID,元サイトIDあり,高台院,神主・巫女,神主/巫女,7,雅楽,内助の功,長寿,明敏,32208,25095,2018,1575,1396,2677,3094,2323,2123,2019,2168,ID確定,英傑名完全一致,高台院,知力上昇Lv.5,魅力上昇率向上Lv.3,魅力上昇Lv.1,2025/7/2,湖月遍照,味方全体の攻撃力・知力・魅力を上昇させ、３回まで被回復量を大きく上昇させる。さらに衝撃誘爆状態・属性蓄積状態を１つ解除し、呪詛を５つ解除する。,ZIP内get_data.csvから確認／画像IDはZIP内に列なし,internal_id,照合用のみ
EIK_0085,68360833,68360833,68360833.webp,images/eiketsu/68360833.webp,https://tenka1game.com/nobon-jinpo/images/eiketsu/68360833.webp,独自ID,元サイトIDあり,愛姫(起源),神主・巫女,神主/巫女,7,神道,明敏,内助の功,対象外,32130,25626,3147,1701,2117,2443,3085,2399,2353,2377,2462,ID確定,英傑名完全一致,愛姫(起源),知力上昇Lv.5,水属性上昇Lv.3,知力上昇率向上Lv.1,2025/6/4,三途の川渡り,ランダムな敵３体に間接攻撃を行い、継続ダメージを与える。敵が沈黙、麻痺、継続ダメージ状態になった時、２回まで味方全体の生命力を回復し、物理・術耐性を上昇。,ZIP内get_data.csvから確認／画像IDはZIP内に列なし,internal_id,照合用のみ
EIK_0086,37184384,37184384,37184384.webp,images/eiketsu/37184384.webp,https://tenka1game.com/nobon-jinpo/images/eiketsu/37184384.webp,独自ID,元サイトIDあり,毛利勝永,侍,侍,7,軍学,勇将,根性,対象外,40234,18541,2734,2245,1676,2109,2870,1674,1715,1616,1773,ID確定,英傑名完全一致,毛利勝永,生命上昇Lv.5,生命修練志向Lv.3,生命上昇率向上Lv.1,2025/6/1,将星の血戦,敵全体に間接物理攻撃を行いつつ注意を引きつける。自身の残り生命力に応じ威力増。自身の生命力の最大値を上げ、生命力を回復する。,ZIP内get_data.csvから確認／画像IDはZIP内に列なし,internal_id,照合用のみ
EIK_0087,76290933,76290933,76290933.webp,images/eiketsu/76290933.webp,https://tenka1game.com/nobon-jinpo/images/eiketsu/76290933.webp,独自ID,元サイトIDあり,香宗我部親泰,侍,侍,6,軍学,知将,才腕,対象外,30103,13989,1544,1566,1300,1846,1987,1540,1800,1448,1550,ID確定,英傑名完全一致,香宗我部親泰,知力上昇Lv.1,知力修練志向Lv.1,,2025/6/1,四海の潮鳴り,敵全体に水属性術攻撃を行い、術耐性を低下させる。,ZIP内get_data.csvから確認／画像IDはZIP内に列なし,internal_id,照合用のみ
EIK_0088,18693490,18693490,18693490.webp,images/eiketsu/18693490.webp,https://tenka1game.com/nobon-jinpo/images/eiketsu/18693490.webp,独自ID,元サイトIDあり,井伊直政(勇猛),侍,侍,7,武芸,猛将,鬼,対象外,32277,21870,3124,1774,2439,2703,2919,2334,2524,2832,2331,ID確定,英傑名完全一致,井伊直政(勇猛),腕力上昇Lv.5,火属性上昇率向上Lv.3,火属性上昇Lv.1,2025/4/7,降三世劫火,敵全体に間接攻撃と火属性術攻撃、生命力が80%以上の敵に追加ダメージ。自身の知力・魅力を上昇、人間種族への与ダメージ増加状態を付与。場の火属性を徐々に上げる。,ZIP内get_data.csvから確認／画像IDはZIP内に列なし,internal_id,照合用のみ
EIK_0089,42143972,42143972,42143972.webp,images/eiketsu/42143972.webp,https://tenka1game.com/nobon-jinpo/images/eiketsu/42143972.webp,独自ID,元サイトIDあり,村上義清,僧,僧,7,僧兵,猛将,根性,対象外,32487,20123,3293,1602,2231,2461,2861,2102,2477,2334,2188,ID確定,英傑名完全一致,村上義清,腕力上昇Lv.5,腕力修練志向Lv.3,魅力上昇率向上Lv.1,2025/4/7,一騎断魂,敵単体に近接攻撃を行い、蘇生不可状態にする。味方全体の攻撃力と物理・術耐性を上昇させる。,ZIP内get_data.csvから確認／画像IDはZIP内に列なし,internal_id,照合用のみ
EIK_0090,16496464,16496464,16496464.webp,images/eiketsu/16496464.webp,https://tenka1game.com/nobon-jinpo/images/eiketsu/16496464.webp,独自ID,元サイトIDあり,渡辺守綱,侍,侍,6,武芸,猛将,長寿,対象外,31133,16393,2401,1146,1897,1290,2451,1522,1580,1514,1509,ID確定,英傑名完全一致,渡辺守綱,腕力上昇Lv.1,腕力修練志向Lv.1,,2025/4/7,槍半蔵疾槍破,敵全体に間接物理攻撃を行う。鬼種族に追加ダメージ。,ZIP内get_data.csvから確認／画像IDはZIP内に列なし,internal_id,照合用のみ
EIK_0091,68061367,68061367,68061367.webp,images/eiketsu/68061367.webp,https://tenka1game.com/nobon-jinpo/images/eiketsu/68061367.webp,独自ID,元サイトIDあり,豊臣秀次,薬師,薬師,6,医学,知将,文化人,対象外,29346,16900,1052,1474,1774,2515,2608,1701,1775,1696,1694,ID確定,英傑名完全一致,豊臣秀次,知力上昇Lv.1,知力修練志向Lv.1,,2025/1/23,古典の教え,味方全体の生命力を最大値を超えて回復する。,ZIP内get_data.csvから確認／画像IDはZIP内に列なし,internal_id,照合用のみ
EIK_0092,87875464,87875464,87875464.webp,images/eiketsu/87875464.webp,https://tenka1game.com/nobon-jinpo/images/eiketsu/87875464.webp,独自ID,元サイトIDあり,細川忠興(山紫),陰陽師,陰陽師,7,仙道,鬼,文化人,対象外,31107,22707,2092,1773,2163,2950,2853,2502,2997,2641,2678,ID確定,英傑名完全一致,細川忠興(山紫),知力修練志向Lv.5,知力上昇率向上Lv.3,魅力上昇Lv.1,2024/12/3,三斎雪華陣,敵単体と敵全体に水属性術攻撃、対象の生命力に応じ威力増、継続ダメージを与え、知力・魅力・術耐性を低下させる。敵か味方が戦闘不能になった時、敵全体の被害を上昇。,ZIP内get_data.csvから確認／画像IDはZIP内に列なし,internal_id,照合用のみ
EIK_0093,73754285,73754285,73754285.webp,images/eiketsu/73754285.webp,https://tenka1game.com/nobon-jinpo/images/eiketsu/73754285.webp,独自ID,元サイトIDあり,大内義隆,傾奇者,傾奇者,7,四象,才腕,文化人,対象外,32425,21121,2484,1441,2258,2868,2858,2516,2850,2638,2692,ID確定,英傑名完全一致,大内義隆,水属性上昇Lv.5,知力上昇Lv.3,水属性上昇率向上Lv.1,2024/12/3,千歌万来,味方3体の知力・魅力・属性値を上げ、固定ダメージを追加する状態と水属性の槌効果を付与。場の水属性を徐々に上げる。属性付与を打ち消す特定の妖術を一度だけ防ぐ。,ZIP内get_data.csvから確認／画像IDはZIP内に列なし,internal_id,照合用のみ
EIK_0094,54764938,54764938,54764938.webp,images/eiketsu/54764938.webp,https://tenka1game.com/nobon-jinpo/images/eiketsu/54764938.webp,独自ID,元サイトIDあり,金森長近,傾奇者,傾奇者,6,四象,勇将,文化人,対象外,25165,17067,2796,1156,2148,1684,2256,1513,1623,1470,1440,ID確定,英傑名完全一致,金森長近,腕力上昇Lv.1,腕力修練志向Lv.1,,2024/12/3,水刃の旋舞,敵単体に近接物理攻撃と水属性術攻撃を行う。場の水属性を徐々に上げる。,ZIP内get_data.csvから確認／画像IDはZIP内に列なし,internal_id,照合用のみ
EIK_0095,65584396,65584396,65584396.webp,images/eiketsu/65584396.webp,https://tenka1game.com/nobon-jinpo/images/eiketsu/65584396.webp,独自ID,元サイトIDあり,柳生宗矩,侍,侍,7,武芸,才腕,文化人,剣豪,30932,21089,3147,1706,2551,2555,2639,2440,2502,2423,2880,ID確定,英傑名完全一致,柳生宗矩,腕力上昇率向上Lv.5,腕力修練志向Lv.3,腕力上昇Lv.1,2024/11/1,豪剣一閃,敵単体に近接攻撃と風属性術攻撃を行い、命中力・回避力を大きく低下させる。味方全体に術軽減状態を付与し、物理攻撃のダメージを増加させる。,ZIP内get_data.csvから確認／画像IDはZIP内に列なし,internal_id,照合用のみ
EIK_0096,91459339,91459339,91459339.webp,images/eiketsu/91459339.webp,https://tenka1game.com/nobon-jinpo/images/eiketsu/91459339.webp,独自ID,元サイトIDあり,大久保忠世,鍛冶屋,鍛冶屋,6,鉄砲鍛冶,才腕,外交官,対象外,27963,16851,2698,1784,1970,1466,2364,1328,1359,1310,1392,ID確定,英傑名完全一致,大久保忠世,腕力上昇Lv.1,腕力修練志向Lv.1,,2024/11/1,闇夜奇襲,敵全体に間接物理攻撃を行い、確率で行動不能にする。,ZIP内get_data.csvから確認／画像IDはZIP内に列なし,internal_id,照合用のみ
EIK_0097,70039362,70039362,70039362.webp,images/eiketsu/70039362.webp,https://tenka1game.com/nobon-jinpo/images/eiketsu/70039362.webp,独自ID,元サイトIDあり,妙玖,僧,僧,6,仏門,内助の功,対象外,対象外,29283,15561,1205,1604,1132,2409,2118,2024,2058,1954,2068,ID確定,英傑名完全一致,妙玖,知力上昇Lv.1,気合修練志向Lv.1,,2026/4/8,百万一心への助,敵単体に風属性術攻撃を行い、味方全体の知力・魅力を上昇させる。自陣営の士気玉を1つ追加。,ZIP内get_data.csvから確認／画像IDはZIP内に列なし,internal_id,照合用のみ
EIK_0098,55608273,55608273,55608273.webp,images/eiketsu/55608273.webp,https://tenka1game.com/nobon-jinpo/images/eiketsu/55608273.webp,独自ID,元サイトIDあり,義姫,薬師,薬師,7,修験道,明敏,野心家,鬼,32965,21799,1275,2177,1939,2887,3037,2545,2748,2356,2419,ID確定,英傑名完全一致,義姫,魅力上昇Lv.5,知力上昇Lv.3,魅力上昇率向上Lv.1,2024/7/30,鬼姫の慈愛,味方全体の生命力を回復し、物理・術耐性を上昇、生命継続減少状態を解除。味方が継続ダメージを受けた時に追加行動を行う状態を自身に付与。,ZIP内get_data.csvから確認／画像IDはZIP内に列なし,internal_id,照合用のみ
EIK_0099,27244702,27244702,27244702.webp,images/eiketsu/27244702.webp,https://tenka1game.com/nobon-jinpo/images/eiketsu/27244702.webp,独自ID,元サイトIDあり,明石全登,侍,侍,7,武士道,明敏,神仏の徒,博識,37637,21747,2295,2232,2046,2229,3046,2462,2396,2294,2389,ID確定,英傑名完全一致,明石全登,生命上昇率向上Lv.5,魅力上昇Lv.3,生命上昇Lv.1,2024/7/30,安らぎの聖域,敵全体に無属性術攻撃を行いつつ注意を引きつける。自身に物理被害変換の強結界と、術被害の一部を継続ダメージに変換する状態をつける。地勢をすべて打ち消す。,ZIP内get_data.csvから確認／画像IDはZIP内に列なし,internal_id,照合用のみ
EIK_0100,59432769,59432769,59432769.webp,images/eiketsu/59432769.webp,https://tenka1game.com/nobon-jinpo/images/eiketsu/59432769.webp,独自ID,元サイトIDあり,竹中重門,薬師,薬師,6,神通力,明敏,野心家,対象外,27452,16515,1002,1448,1488,2474,2594,1506,1414,1423,1389,ID確定,英傑名完全一致,竹中重門,知力上昇Lv.1,生命上昇Lv.1,,2024/7/30,豊鑑の教え,味方全体の生命力を回復し、生命継続減少状態を解除。,ZIP内get_data.csvから確認／画像IDはZIP内に列なし,internal_id,照合用のみ
EIK_0101,47722910,47722910,47722910.webp,images/eiketsu/47722910.webp,https://tenka1game.com/nobon-jinpo/images/eiketsu/47722910.webp,独自ID,元サイトIDあり,山県昌景(泰然),侍,侍,7,武芸,根性,勇将,対象外,35774,18746,3057,1883,2244,2178,2552,2344,2404,2692,2331,ID確定,英傑名完全一致,山県昌景(泰然),腕力上昇率向上Lv.5,生命上昇Lv.3,腕力上昇Lv.1,2024/3/22,紅焔燎原,単体に近接攻撃と火属性術攻撃を行い、蓄積値を増幅して放出、対象の生命力に応じ威力増。対象に与ダメージ減少を付与。敵を倒すと追加攻撃。,ZIP内get_data.csvから確認／画像IDはZIP内に列なし,internal_id,照合用のみ
EIK_0102,43984424,43984424,43984424.webp,images/eiketsu/43984424.webp,https://tenka1game.com/nobon-jinpo/images/eiketsu/43984424.webp,独自ID,元サイトIDあり,真田信幸(泰然),神主・巫女,薬師,7,神通,根性,長寿,対象外,34520,24490,2987,1633,2170,2662,3027,2280,2330,2342,2414,ID確定,英傑名完全一致,真田信幸(泰然),魅力上昇Lv.5,生命上昇Lv.3,魅力上昇率向上Lv.1,2024/3/22,真田流布陣術,任意味方二体の攻撃力・知力・魅力を上昇。物理攻撃の威力を増加する状態、火属性追加ダメージ効果、標的固定耐性を付与し標的固定を解除。,ZIP内get_data.csvから確認／画像IDはZIP内に列なし,internal_id,照合用のみ
EIK_0103,97364933,97364933,97364933.webp,images/eiketsu/97364933.webp,https://tenka1game.com/nobon-jinpo/images/eiketsu/97364933.webp,独自ID,元サイトIDあり,長野業正,侍,侍,6,武士道,根性,長寿,猛将,31943,17607,1686,1537,2070,2156,2555,2041,2056,2073,1976,ID確定,英傑名完全一致,長野業正,耐久上昇Lv.1,生命上昇Lv.1,,2026/04/08,不落の箕輪,敵全体の注意を引きつけ、自身に防御力上昇と物理生命力ダメージを気合ダメージに変換する結界を張る。,ZIP内get_data.csvから確認／画像IDはZIP内に列なし,internal_id,照合用のみ
EIK_0104,41786837,41786837,41786837.webp,images/eiketsu/41786837.webp,https://tenka1game.com/nobon-jinpo/images/eiketsu/41786837.webp,独自ID,元サイトIDあり,霧隠才蔵,忍者,忍者,7,忍法,宿将,忍び,対象外,33311,19775,2909,1515,2528,2061,2711,2187,2292,2304,2322,ID確定,英傑名完全一致,霧隠才蔵,器用上昇率向上Lv.5,腕力上昇Lv.3,器用修練志向Lv.1,2024/1/30,霧隠流火薬術,敵全体に疾風怒濤状態を増幅させた間接物理攻撃を行い、物理耐性を低下させ、以後の物理攻撃に追加被害。自身の器用さを上げる。,ZIP内get_data.csvから確認／画像IDはZIP内に列なし,internal_id,照合用のみ
EIK_0105,39434516,39434516,39434516.webp,images/eiketsu/39434516.webp,https://tenka1game.com/nobon-jinpo/images/eiketsu/39434516.webp,独自ID,元サイトIDあり,尼子経久,陰陽師,陰陽師,7,仙道,才腕,知将,対象外,36084,21031,1592,1944,2103,2887,2932,2571,2751,2755,2773,ID確定,英傑名完全一致,尼子経久,知力上昇率向上Lv.5,生命上昇Lv.3,魅力上昇Lv.1,2023/12/1,謀聖狡知,敵単体と敵全体に無属性術攻撃を行う。敵全体の生命力に継続ダメージを与え、使用するごとに効果が上昇。敵単体に四属性の呪詛をつける。,ZIP内get_data.csvから確認／画像IDはZIP内に列なし,internal_id,照合用のみ
EIK_0106,33900814,33900814,33900814.webp,images/eiketsu/33900814.webp,https://tenka1game.com/nobon-jinpo/images/eiketsu/33900814.webp,独自ID,元サイトIDあり,木下秀長,神主・巫女,薬師,6,神通,才腕,知将,対象外,28865,17893,2441,1030,2103,2587,2617,2139,2061,2179,2041,ID確定,英傑名完全一致,木下秀長,知力上昇Lv.1,腕力上昇Lv.1,,2023/12/1,賢弟の本領,任意味方二体の攻撃力・知力・魅力を上げ、武器に火属性の追加ダメージ効果を付与する。,ZIP内get_data.csvから確認／画像IDはZIP内に列なし,internal_id,照合用のみ
EIK_0107,18823772,18823772,18823772.webp,images/eiketsu/18823772.webp,https://tenka1game.com/nobon-jinpo/images/eiketsu/18823772.webp,独自ID,元サイトIDあり,井伊直虎,侍,侍,7,軍学,女傑,猛将,対象外,36576,20635,2857,2147,1676,2830,3075,1131,2070,2731,1149,ID確定,英傑名完全一致,井伊直虎,魅力上昇率向上Lv.5,知力上昇Lv.3,魅力上昇Lv1,2023/10/3,炎虎之焔,敵単体に火属性術攻撃を行い被守護・援護率を低下させる。自身の標的固定耐性を上げ、自分以外の味方を標的固定し、味方全体の術耐性を上昇。,ZIP内get_data.csvから確認／画像IDはZIP内に列なし,internal_id,照合用のみ
EIK_0108,70764716,70764716,70764716.webp,images/eiketsu/70764716.webp,https://tenka1game.com/nobon-jinpo/images/eiketsu/70764716.webp,独自ID,元サイトIDあり,名古屋山三郎,傾奇者,傾奇者,7,殺陣,文化人,洒落者,対象外,34058,22428,3037,2050,2000,2796,2948,2513,2507,2506,2513,ID確定,英傑名完全一致,名古屋山三郎,魅力上昇率向上Lv.5,腕力上昇率向上Lv.3,魅力修練志向Lv1,2023/10/3,絢爛大演舞,最高知力の味方の力を借りて単体に近接・術攻撃。味方の知力・魅力と自身の攻撃力を上昇。気合消費減少地勢を張り、妖怪種族に追加ダメージ。,ZIP内get_data.csvから確認／画像IDはZIP内に列なし,internal_id,照合用のみ
EIK_0109,53040201,53040201,53040201.webp,images/eiketsu/53040201.webp,https://tenka1game.com/nobon-jinpo/images/eiketsu/53040201.webp,独自ID,元サイトIDあり,大祝鶴,神主・巫女,神主/巫女,6,神道,女傑,洒落者,対象外,27502,18022,2519,950,1840,2006,2648,1501,1498,1481,1516,ID確定,英傑名完全一致,大祝鶴,腕力上昇Lv.1,魅力上昇Lv.1,,2023/10/3,巫女姫の神矢,敵全体に間接攻撃を行い、自身の攻撃力を上昇させる。,ZIP内get_data.csvから確認／画像IDはZIP内に列なし,internal_id,照合用のみ
EIK_0110,46614601,46614601,46614601.webp,images/eiketsu/46614601.webp,https://tenka1game.com/nobon-jinpo/images/eiketsu/46614601.webp,独自ID,元サイトIDあり,下間頼廉(籠城),鍛冶屋,鍛冶屋,7,鉄砲鍛冶,神仏の徒,飛道具使い,対象外,32275,15334,3042,2174,2377,2488,1925,1049,1157,1088,1088,ID確定,英傑名完全一致,下間頼廉(籠城),腕力上昇率向上Lv.5,器用上昇率向上Lv.3,腕力上昇Lv.1,2023/9/11,奇襲射撃・縛,敵単体の結界、付与、四象地利状態を解除し対象を長時間近接攻撃不可状態にする間接物理攻撃を行う。精霊種族に追加ダメージ。,ZIP内get_data.csvから確認／画像IDはZIP内に列なし,internal_id,照合用のみ
EIK_0111,43858257,43858257,43858257.webp,images/eiketsu/43858257.webp,https://tenka1game.com/nobon-jinpo/images/eiketsu/43858257.webp,独自ID,元サイトIDあり,北条綱成(籠城),鍛冶屋,鍛冶屋,7,鎧鍛冶,名臣,勇将,対象外,36940,20282,1945,2303,2234,2722,2326,2022,1309,1256,1187,ID確定,英傑名完全一致,北条綱成(籠城),耐久上昇率向上Lv.5,生命上昇Lv.3,耐久上昇Lv1,2023/9/11,地黄八幡陣,敵全体の注意を引き、四属性値を低下させる。自身の防御力を上昇させ、連続行動耐性と反射結界を付加。,ZIP内get_data.csvから確認／画像IDはZIP内に列なし,internal_id,照合用のみ
EIK_0112,48554689,48554689,48554689.webp,images/eiketsu/48554689.webp,https://tenka1game.com/nobon-jinpo/images/eiketsu/48554689.webp,独自ID,元サイトIDあり,甲斐姫,侍,侍,6,武士道,名臣,女傑,対象外,33172,15339,1086,2000,2155,2445,2602,907,844,738,856,ID確定,英傑名完全一致,甲斐姫,生命上昇Lv.1,生命修練志向Lv.1,,2023/9/11,闘姫堅忍,敵全体の注意を引きつける。自身に強結界を付与し、回避力を上昇。,ZIP内get_data.csvから確認／画像IDはZIP内に列なし,internal_id,照合用のみ
EIK_0113,45999973,45999973,45999973.webp,images/eiketsu/45999973.webp,https://tenka1game.com/nobon-jinpo/images/eiketsu/45999973.webp,独自ID,元サイトIDあり,宇喜多直家,僧,僧,7,密教,知将,野心家,対象外,35859,20905,1578,2104,1560,2891,2825,2315,2309,2305,2306,ID確定,英傑名完全一致,宇喜多直家,知力上昇率向上Lv.5,知力上昇Lv.3,知力修練上昇Lv1,2023/8/1,獅子身中の謀,敵全体に無属性術攻撃を行い、生命減少状態と行動生命ダメージ状態にする。自身の生命力を回復し、生命継続回復状態にする。,ZIP内get_data.csvから確認／画像IDはZIP内に列なし,internal_id,照合用のみ
EIK_0114,19138207,19138207,19138207.webp,images/eiketsu/19138207.webp,https://tenka1game.com/nobon-jinpo/images/eiketsu/19138207.webp,独自ID,元サイトIDあり,細川藤孝(立役),陰陽師,陰陽師,7,仙道,外交官,文化人,長寿,35586,20726,1332,2000,1642,2823,2952,2724,2687,2629,2611,ID確定,英傑名完全一致,細川藤孝(立役),魅力上昇率向上Lv.5,知力上昇率向上Lv.3,土属性上昇Lv1,2023/8/1,古今雷鳴撃,敵単体と敵全体に土属性術攻撃を行い、術耐性を低下させ、状態レベル2の土属性呪詛を付加。,ZIP内get_data.csvから確認／画像IDはZIP内に列なし,internal_id,照合用のみ
EIK_0115,9176433,9176433,9176433.webp,images/eiketsu/9176433.webp,https://tenka1game.com/nobon-jinpo/images/eiketsu/9176433.webp,独自ID,元サイトIDあり,羽柴秀吉,薬師,薬師,7,神通力,知将,対象外,対象外,30323,17422,1114,1680,1458,1832,2652,1323,1306,1264,1270,ID確定,英傑名完全一致,羽柴秀吉,知力上昇Lv.2,魅力上昇Lv.1,,2023/1/27,羽柴の魅惑術,敵3体に一定時間、魅了と強力な生命力減少状態を付与。,ZIP内get_data.csvから確認／画像IDはZIP内に列なし,internal_id,照合用のみ
EIK_0116,71473857,71473857,71473857.webp,images/eiketsu/71473857.webp,https://tenka1game.com/nobon-jinpo/images/eiketsu/71473857.webp,独自ID,元サイトIDあり,小早川隆景,僧,僧,7,仏門,名臣,外交官,対象外,32323,18048,1492,1622,976,2915,2874,1169,1250,1141,1192,ID確定,英傑名完全一致,小早川隆景,知力上昇率向上Lv.5,知力上昇Lv.2,,2023/1/27,三子教訓の備,味方全体の生命を回復し、防御力と物理・術耐性を上昇させる。,ZIP内get_data.csvから確認／画像IDはZIP内に列なし,internal_id,照合用のみ
EIK_0117,39273786,39273786,39273786.webp,images/eiketsu/39273786.webp,https://tenka1game.com/nobon-jinpo/images/eiketsu/39273786.webp,独自ID,元サイトIDあり,藤堂高虎(名臣),薬師,薬師,7,神通力,世渡り上手,対象外,対象外,30846,18293,946,1680,1458,2546,3020,1323,1306,1264,1270,ID確定,英傑名完全一致,藤堂高虎(名臣),魅力上昇率向上Lv.5,魅力上昇Lv.2,,2023/1/27,高虎の処世術,味方単体と味方全体の生命を回復、味方全体に行動生命回復状態を付与し、生命継続減少状態と呪詛すべてを解除。,ZIP内get_data.csvから確認／画像IDはZIP内に列なし,internal_id,照合用のみ
EIK_0118,83042176,83042176,83042176.webp,images/eiketsu/83042176.webp,https://tenka1game.com/nobon-jinpo/images/eiketsu/83042176.webp,独自ID,元サイトIDあり,宝蔵院胤栄,僧,僧,7,僧兵,剣豪,対象外,対象外,30148,15984,3172,1864,2111,2096,2137,1757,1748,1760,1708,ID確定,英傑名完全一致,宝蔵院胤栄,腕力修練志向Lv.5,腕力上昇Lv.2,,2022/12/14,宝蔵院流突尖,敵単体の結界を破壊する、守護の影響を受けない強力な近接攻撃を行う。生命力が50%以下の敵を攻撃するとダメージ追加。,ZIP内get_data.csvから確認／画像IDはZIP内に列なし,internal_id,照合用のみ
EIK_0119,51975022,51975022,51975022.webp,images/eiketsu/51975022.webp,https://tenka1game.com/nobon-jinpo/images/eiketsu/51975022.webp,独自ID,元サイトIDあり,上泉信綱,侍,侍,7,武芸,剣豪,才腕,対象外,32008,16246,2856,1542,2174,2017,1817,1198,1349,1173,2658,ID確定,英傑名完全一致,上泉信綱,腕力上昇Lv.5,知力上昇Lv.2,,2022/12/10,新陰流斬空閃,任意の敵3体に間接物理ダメージと風属性術ダメージを与える。人間種族に追加ダメージ。,ZIP内get_data.csvから確認／画像IDはZIP内に列なし,internal_id,照合用のみ
EIK_0120,78556299,78556299,78556299.webp,images/eiketsu/78556299.webp,https://tenka1game.com/nobon-jinpo/images/eiketsu/78556299.webp,独自ID,元サイトIDあり,朝倉宗滴,侍,侍,7,武士道,剣豪,対象外,対象外,33986,17839,2295,2078,1667,1886,2217,1167,1237,1067,1101,ID確定,英傑名完全一致,朝倉宗滴,耐久上昇Lv.2,生命上昇Lv.1,,2022/12/10,九頭竜の応戦,敵単体を挑発し、自身に反撃可能な攻撃を受けた際に1回だけ強力な反撃をする状態を付与し、強結界を張る。,ZIP内get_data.csvから確認／画像IDはZIP内に列なし,internal_id,照合用のみ
EIK_0121,71786710,71786710,71786710.webp,images/eiketsu/71786710.webp,https://tenka1game.com/nobon-jinpo/images/eiketsu/71786710.webp,独自ID,元サイトIDあり,加藤段蔵,忍者,忍者,7,忍法,忍び,対象外,対象外,32254,15080,2868,1598,2411,1622,1838,970,1021,998,1217,ID確定,英傑名完全一致,加藤段蔵,生命上昇率向上Lv.5,器用上昇Lv.2,,2022/9/5,鳶加藤の幻撃,敵単体に強力な間接武器攻撃を行い、結界・術結界を破壊する。物理耐性と最大生命力を低下させる。,ZIP内get_data.csvから確認／画像IDはZIP内に列なし,internal_id,照合用のみ
EIK_0122,51053728,51053728,51053728.webp,images/eiketsu/51053728.webp,https://tenka1game.com/nobon-jinpo/images/eiketsu/51053728.webp,独自ID,元サイトIDあり,藤林正保,忍者,忍者,7,忍法,忍び,対象外,対象外,29346,14227,2766,1102,2139,1364,1820,903,907,912,1186,ID確定,英傑名完全一致,藤林正保,器用上昇Lv.2,気合上昇率向上Lv.1,,2022/9/5,月下暗剣殺,敵単体に結界を破壊する痺れ斬りを行う。属性付与効果を打ち消して自身へ写し取り、継続ダメージを与える。,ZIP内get_data.csvから確認／画像IDはZIP内に列なし,internal_id,照合用のみ
EIK_0123,27178556,27178556,27178556.webp,images/eiketsu/27178556.webp,https://tenka1game.com/nobon-jinpo/images/eiketsu/27178556.webp,独自ID,元サイトIDあり,望月千代女,忍者,忍者,7,忍術,女傑,対象外,対象外,30212,16594,1722,1264,2028,2488,2870,2005,2027,1415,1445,ID確定,英傑名完全一致,望月千代女,魅力修練志向Lv.5,知力修練上昇Lv.2,,2022/9/5,呪針誅殺の術,敵単体に無属性術攻撃を行い、水・土属性呪詛を与え、術耐性を低下させる。生命50%以下の敵に追加ダメージ。,ZIP内get_data.csvから確認／画像IDはZIP内に列なし,internal_id,照合用のみ
EIK_0124,72381802,72381802,72381802.webp,images/eiketsu/72381802.webp,https://tenka1game.com/nobon-jinpo/images/eiketsu/72381802.webp,独自ID,元サイトIDあり,黒田官兵衛,神主・巫女,神主/巫女,7,神道,知将,才腕,多才,30271,18489,1864,1469,1805,2813,2031,1265,2796,1171,1207,ID確定,英傑名完全一致,黒田官兵衛,知力上昇率向上Lv.5,知力修練志向Lv.3,知力上昇Lv.1,2022/8/2,官兵衛の神算,任意味方二体の攻撃力・知力・魅力を上げる。効果は対象の能力値に依存。さらに、気合を回復し、気合回復速度を上昇させる。,ZIP内get_data.csvから確認／画像IDはZIP内に列なし,internal_id,照合用のみ
EIK_0125,81296,81296,81296.webp,images/eiketsu/81296.webp,https://tenka1game.com/nobon-jinpo/images/eiketsu/81296.webp,独自ID,元サイトIDあり,竹中半兵衛,陰陽師,陰陽師,7,陰陽道,知将,才椀,明敏,27094,18288,951,1757,1330,2745,2424,1921,1822,1829,2891,ID確定,英傑名完全一致,竹中半兵衛,知力上昇Lv.5,気合上昇率上昇Lv.2,,2022/8/2,半兵衛の鬼謀,敵単体と敵全体に風属性術攻撃を行い、風属性呪詛を与え、確率で行動不能にする。,ZIP内get_data.csvから確認／画像IDはZIP内に列なし,internal_id,照合用のみ
EIK_0126,81296,81296,81296.webp,images/eiketsu/81296.webp,https://tenka1game.com/nobon-jinpo/images/eiketsu/81296.webp,独自ID,元サイトIDあり,竹中半兵衛,陰陽師,陰陽師,5,陰陽道,名臣,対象外,対象外,20274,12455,564,688,588,1591,1670,1208,945,1137,1035,ID確定,英傑名完全一致,竹中半兵衛,,,,2022/8/2,半兵衛の鬼謀,敵単体と敵全体に風属性術攻撃を行い、風属性呪詛を与え、確率で行動不能にする。,ZIP内get_data.csvから確認／画像IDはZIP内に列なし,internal_id,照合用のみ
EIK_0127,62730230,62730230,62730230.webp,images/eiketsu/62730230.webp,https://tenka1game.com/nobon-jinpo/images/eiketsu/62730230.webp,独自ID,元サイトIDあり,本多正信,陰陽師,陰陽師,7,仙道,知将,対象外,対象外,24886,15240,2082,1277,1063,2759,1771,1598,1227,1195,1285,ID確定,英傑名完全一致,本多正信,知力修練上昇Lv.2,知力修練志向Lv.1,,2022/8/2,狡猾なる策謀,敵全体に無属性術攻撃を行い、生命力継続ダメージを与える。気合回復速度、知力、魅力、命中力、回避力を下げ、ウェイトを増やす。,ZIP内get_data.csvから確認／画像IDはZIP内に列なし,internal_id,照合用のみ
EIK_0128,66644231,66644231,66644231.webp,images/eiketsu/66644231.webp,https://tenka1game.com/nobon-jinpo/images/eiketsu/66644231.webp,独自ID,元サイトIDあり,浅井長政,侍,侍,8,武芸,知将,対象外,対象外,30125,17184,2656,1405,1589,1466,2097,1167,1142,1130,1318,ID確定,英傑名完全一致,浅井長政,耐久上昇率向上Lv.3,,,2022/4/1,夜叉一閃,敵単体に強力な物理ダメージと風属性術ダメージを与える。,ZIP内get_data.csvから確認／画像IDはZIP内に列なし,internal_id,照合用のみ
EIK_0129,20398156,20398156,20398156.webp,images/eiketsu/20398156.webp,https://tenka1game.com/nobon-jinpo/images/eiketsu/20398156.webp,独自ID,元サイトIDあり,朝倉義景,陰陽師,陰陽師,8,仙道,文化人,対象外,対象外,31605,15240,1041,1702,1182,2547,2361,2363,1162,1132,1217,ID確定,英傑名完全一致,朝倉義景,土属性上昇Lv.3,,,2022/4/1,栄華の朧夢,敵単体に無属性術ダメージと一定時間継続ダメージを与え、確率で眠り状態にする。,ZIP内get_data.csvから確認／画像IDはZIP内に列なし,internal_id,照合用のみ
EIK_0130,68377669,68377669,68377669.webp,images/eiketsu/68377669.webp,https://tenka1game.com/nobon-jinpo/images/eiketsu/68377669.webp,独自ID,元サイトIDあり,石田三成,僧,僧,7,密教,名臣,明敏,対象外,31445,15553,1248,1474,1250,2527,2270,1410,1329,1305,2020,ID確定,英傑名完全一致,石田三成,知力上昇Lv.2,,,2022/4/1,疾風の采配,敵単体に風属性術攻撃を行い、味方全体の生命力を回復し、風属性の槍効果を付与。また、自身の回復術の効果が上昇する。,ZIP内get_data.csvから確認／画像IDはZIP内に列なし,internal_id,照合用のみ
EIK_0131,1210385,1210385,1210385.webp,images/eiketsu/1210385.webp,https://tenka1game.com/nobon-jinpo/images/eiketsu/1210385.webp,独自ID,元サイトIDあり,蒲生氏郷,侍,侍,6,軍学,名臣,対象外,対象外,33139,19892,2537,1898,1928,2411,2634,2201,2177,2070,2216,ID確定,英傑名完全一致,蒲生氏郷,生命上昇率向上Lv.1,魅力上昇Lv.1,,2026/2/5,転変槍術,敵全体に間接攻撃を行い、土・水・火・風のLv1属性付与効果を反転させる。,ZIP内get_data.csvから確認／画像IDはZIP内に列なし,internal_id,照合用のみ
EIK_0132,47015039,47015039,47015039.webp,images/eiketsu/47015039.webp,https://tenka1game.com/nobon-jinpo/images/eiketsu/47015039.webp,独自ID,元サイトIDあり,真柄直隆,侍,侍,6,武芸,剣豪,対象外,洒落者,28324,11900,2689,1015,1437,728,1578,645,668,667,654,ID確定,英傑名完全一致,真柄直隆,腕力上昇率向上Lv.1,腕力上昇Lv.1,,2022/4/1,真柄大太刀斬,敵単体に近接攻撃を行い、物理耐性低下状態を付与し、間歇術、存命術の技能効果を下げる。,ZIP内get_data.csvから確認／画像IDはZIP内に列なし,internal_id,照合用のみ
EIK_0133,95213074,95213074,95213074.webp,images/eiketsu/95213074.webp,https://tenka1game.com/nobon-jinpo/images/eiketsu/95213074.webp,独自ID,元サイトIDあり,伊達政宗,侍,侍,8,武芸,野心家,対象外,対象外,32008,16871,2499,1501,1561,1506,1852,1167,1196,1184,1160,ID確定,英傑名完全一致,伊達政宗,腕力修練志向Lv.5,器用上昇率向上Lv.3,,2022/3/1,鎮圧の一閃,敵全体に間接攻撃を行う。,ZIP内get_data.csvから確認／画像IDはZIP内に列なし,internal_id,照合用のみ
EIK_0134,70490680,70490680,70490680.webp,images/eiketsu/70490680.webp,https://tenka1game.com/nobon-jinpo/images/eiketsu/70490680.webp,独自ID,元サイトIDあり,雑賀孫市,鍛冶屋,鍛冶屋,8,鉄砲鍛冶,飛道具使い,対象外,対象外,32016,14199,2619,1868,1545,1073,2233,1019,1052,1423,1088,ID確定,英傑名完全一致,雑賀孫市,腕力上昇率向上Lv.3,,,2022/3/1,飛鳥三連,敵単体に挑発を受けても攻撃対象を選べる三段撃ち。とどめを刺した敵に蘇生不可状態を付与し、自身の器用さを上げる。神種族に追加ダメージ。,ZIP内get_data.csvから確認／画像IDはZIP内に列なし,internal_id,照合用のみ
EIK_0135,21839673,21839673,21839673.webp,images/eiketsu/21839673.webp,https://tenka1game.com/nobon-jinpo/images/eiketsu/21839673.webp,独自ID,元サイトIDあり,愛姫,陰陽師,陰陽師,7,陰陽道,内助の功,対象外,対象外,29484,18115,1059,1722,1184,2281,2402,1510,1521,1466,1581,ID確定,英傑名完全一致,愛姫,器用修練上昇Lv.2,,,2022/3/1,神殺光明,敵単体と敵全体に無属性術攻撃を行い物理耐性低下状態を付与し、自身に結界を張る。神種族に追加ダメージ。,ZIP内get_data.csvから確認／画像IDはZIP内に列なし,internal_id,照合用のみ
EIK_0136,67426801,67426801,67426801.webp,images/eiketsu/67426801.webp,https://tenka1game.com/nobon-jinpo/images/eiketsu/67426801.webp,独自ID,元サイトIDあり,鈴木重意,侍,侍,7,武士道,勇将,対象外,飛道具使い,29773,20218,2276,1908,2092,1817,2718,1155,1226,1216,1045,ID確定,英傑名完全一致,鈴木重意,器用修練志向Lv.2,,,2022/3/1,雑賀流誘い水,敵単体に近接攻撃を行いつつ、長時間注意を引きつけ、自身に4回分の物理生命力ダメージを気合ダメージに変換する強結界を張る。,ZIP内get_data.csvから確認／画像IDはZIP内に列なし,internal_id,照合用のみ
EIK_0137,65088044,65088044,65088044.webp,images/eiketsu/65088044.webp,https://tenka1game.com/nobon-jinpo/images/eiketsu/65088044.webp,独自ID,元サイトIDあり,岡吉正,鍛冶屋,鍛冶屋,6,鉄砲鍛冶,神仏の徒,対象外,対象外,23303,11312,2540,1527,1515,709,1800,730,788,856,844,ID確定,英傑名完全一致,岡吉正,腕力修練志向Lv.1,,,2022/3/1,追込の一弾,敵単体に挑発を受けても攻撃対象を選べる間接攻撃を行う。生命力が50%以下の敵を攻撃するとダメージ追加。,ZIP内get_data.csvから確認／画像IDはZIP内に列なし,internal_id,照合用のみ
EIK_0138,22724168,22724168,22724168.webp,images/eiketsu/22724168.webp,https://tenka1game.com/nobon-jinpo/images/eiketsu/22724168.webp,独自ID,元サイトIDあり,原田宗時,傾奇者,傾奇者,6,地勢,洒落者,対象外,対象外,28148,12926,1235,1220,1139,1512,1401,854,812,786,827,ID確定,英傑名完全一致,原田宗時,知力上昇率向上Lv.1,,,2022/3/1,飛躍滅神斬,敵単体に近接攻撃を行う。神種族に追加ダメージ。,ZIP内get_data.csvから確認／画像IDはZIP内に列なし,internal_id,照合用のみ
EIK_0139,23064988,23064988,23064988.webp,images/eiketsu/23064988.webp,https://tenka1game.com/nobon-jinpo/images/eiketsu/23064988.webp,独自ID,元サイトIDあり,足利義輝,侍,侍,8,武芸,剣豪,対象外,対象外,30394,17340,2633,1365,1672,1479,2080,1167,1088,1077,1477,ID確定,英傑名完全一致,足利義輝,魅力修練上昇Lv.3,,,2022/1/31,獅子奮迅,敵単体に超強力な連撃を行う。鬼種族に追加ダメージ。,ZIP内get_data.csvから確認／画像IDはZIP内に列なし,internal_id,照合用のみ
EIK_0140,57511611,57511611,57511611.webp,images/eiketsu/57511611.webp,https://tenka1game.com/nobon-jinpo/images/eiketsu/57511611.webp,独自ID,元サイトIDあり,朝比奈泰朝,薬師,薬師,7,神通力,勇将,対象外,対象外,25879,20035,1114,1680,1458,2546,1842,1653,1266,2591,1257,ID確定,英傑名完全一致,朝比奈泰朝,火属性上昇Lv.2,,,2022/1/31,滅鬼火焰獄,敵全体に火属性術攻撃し、攻撃力を低下。鬼種族に追加ダメージ。受ける物理攻撃ダメージが増加する状態を付与。,ZIP内get_data.csvから確認／画像IDはZIP内に列なし,internal_id,照合用のみ
EIK_0141,8660658,8660658,8660658.webp,images/eiketsu/8660658.webp,https://tenka1game.com/nobon-jinpo/images/eiketsu/8660658.webp,独自ID,元サイトIDあり,和田惟政,忍者,忍者,7,忍術,忍び,対象外,対象外,27060,14950,1758,1189,2119,2451,1864,2458,1232,1268,1362,ID確定,英傑名完全一致,和田惟政,土属性上昇率向上Lv.2,,,2022/1/31,神雷罰鬼,任意の敵3体に、呪詛の数に応じた土属性術ダメージを与える。鬼種族に追加ダメージ。,ZIP内get_data.csvから確認／画像IDはZIP内に列なし,internal_id,照合用のみ
EIK_0142,12320097,12320097,12320097.webp,images/eiketsu/12320097.webp,https://tenka1game.com/nobon-jinpo/images/eiketsu/12320097.webp,独自ID,元サイトIDあり,三淵晴員,侍,侍,6,軍学,神仏の徒,対象外,対象外,34150,12834,1197,1524,1141,1526,2424,996,985,937,1003,ID確定,英傑名完全一致,三淵晴員,風属性上昇率向上Lv.1,,,2022/1/31,晴員の差略,任意の敵3体の注意を引きつけ、状態レベル2の強力な四属性呪詛を付与する。,ZIP内get_data.csvから確認／画像IDはZIP内に列なし,internal_id,照合用のみ
EIK_0143,69469469,69469469,69469469.webp,images/eiketsu/69469469.webp,https://tenka1game.com/nobon-jinpo/images/eiketsu/69469469.webp,独自ID,元サイトIDあり,瀬名氏俊,陰陽師,陰陽師,6,仙道,世渡り上手,対象外,対象外,22056,12889,720,1085,881,2243,1606,1093,1679,900,1004,ID確定,英傑名完全一致,瀬名氏俊,知力修練志向Lv.1,,,2022/1/31,悪鬼氷縛,敵全体に水属性術攻撃を放ち、確率で近接攻撃を一定時間封じる。鬼種族に追加ダメージ。,ZIP内get_data.csvから確認／画像IDはZIP内に列なし,internal_id,照合用のみ
EIK_0144,21889238,21889238,21889238.webp,images/eiketsu/21889238.webp,https://tenka1game.com/nobon-jinpo/images/eiketsu/21889238.webp,独自ID,元サイトIDあり,猿飛佐助,忍者,忍者,7,忍術,忍び,対象外,対象外,26272,14202,1722,1151,1816,2024,1938,807,2520,2536,806,ID確定,英傑名完全一致,猿飛佐助,火属性上昇率向上Lv.2,,,2021/11/8,焔舞氷壊の術,任意の敵3体に火属性と水属性の術を放ち、状態レベル2の火属性・水属性呪詛をつける。大神種族に追加ダメージ。,ZIP内get_data.csvから確認／画像IDはZIP内に列なし,internal_id,照合用のみ
EIK_0145,87005651,87005651,87005651.webp,images/eiketsu/87005651.webp,https://tenka1game.com/nobon-jinpo/images/eiketsu/87005651.webp,独自ID,元サイトIDあり,杉谷善住坊,鍛冶屋,鍛冶屋,7,鉄砲鍛冶,飛道具使い,対象外,対象外,26336,15050,2700,2084,1396,897,1751,1059,1136,1078,1109,ID確定,英傑名完全一致,杉谷善住坊,腕力上昇率向上Lv.2,,,2021/11/8,千草峠の狙撃,敵単体に強力な間接攻撃を行う。生命力が50%以下の敵を攻撃するとダメージ追加。荒神種族に追加ダメージ。,ZIP内get_data.csvから確認／画像IDはZIP内に列なし,internal_id,照合用のみ
EIK_0146,33158062,33158062,33158062.webp,images/eiketsu/33158062.webp,https://tenka1game.com/nobon-jinpo/images/eiketsu/33158062.webp,独自ID,元サイトIDあり,室賀正武,陰陽師,陰陽師,6,召喚術,野心家,対象外,対象外,30814,20068,504,981,619,1805,1315,1009,1015,1013,1016,ID確定,英傑名完全一致,室賀正武,知力修練志向Lv.1,,,2021/11/8,室賀流喝爆符,敵単体に強力な術を放ち、自身の蓄積値を1000増加させる。荒神種族に追加ダメージ。,ZIP内get_data.csvから確認／画像IDはZIP内に列なし,internal_id,照合用のみ
EIK_0147,23394006,23394006,23394006.webp,images/eiketsu/23394006.webp,https://tenka1game.com/nobon-jinpo/images/eiketsu/23394006.webp,独自ID,元サイトIDあり,植田光次,神主・巫女,神主/巫女,6,古神道,忍び,対象外,対象外,27284,18798,943,1040,1021,2110,1589,906,980,958,2353,ID確定,英傑名完全一致,植田光次,風属性上昇Lv.1,,,2021/11/8,四柱神護の祝,味方全体に状態レベル2の四属性付与をつけ、選択した1人の生命力を大きく回復。,ZIP内get_data.csvから確認／画像IDはZIP内に列なし,internal_id,照合用のみ
EIK_0148,71309377,71309377,71309377.webp,images/eiketsu/71309377.webp,https://tenka1game.com/nobon-jinpo/images/eiketsu/71309377.webp,独自ID,元サイトIDあり,斎藤道三,僧,僧,8,僧兵,野心家,才腕,対象外,31707,15699,2851,1748,1328,1905,1896,1307,1177,1094,1094,ID確定,英傑名完全一致,斎藤道三,気合上昇率向上Lv.3,,,2021/10/4,蝮の劇毒,敵全体に無属性術ダメージと一定時間継続ダメージを与え、確率で行動不能にする。,ZIP内get_data.csvから確認／画像IDはZIP内に列なし,internal_id,照合用のみ
EIK_0149,98987984,98987984,98987984.webp,images/eiketsu/98987984.webp,https://tenka1game.com/nobon-jinpo/images/eiketsu/98987984.webp,独自ID,元サイトIDあり,武田勝頼,侍,侍,7,軍学,勇将,対象外,対象外,30386,13756,1728,1966,1443,2039,2684,1513,1336,2230,1149,ID確定,英傑名完全一致,武田勝頼,耐久上昇Lv.5,火属性上昇Lv.3,,2021/10/4,武田軍略・火,敵全体に火属性術ダメージを与え、物理耐性と術耐性を低下させる。自陣営の士気玉を1つ追加する。,ZIP内get_data.csvから確認／画像IDはZIP内に列なし,internal_id,照合用のみ
EIK_0150,18127005,18127005,18127005.webp,images/eiketsu/18127005.webp,https://tenka1game.com/nobon-jinpo/images/eiketsu/18127005.webp,独自ID,元サイトIDあり,直江兼続,陰陽師,陰陽師,7,陰陽道,知将,対象外,対象外,29219,20013,1740,1757,1172,1966,2446,1767,1722,1697,1752,ID確定,英傑名完全一致,直江兼続,気合上昇率向上Lv.2,,,2021/9/1,神霊滅破,任意敵3体に無属性術攻撃、神種族に追加ダメージ。自身に周天法と反閉呪法の効果。,ZIP内get_data.csvから確認／画像IDはZIP内に列なし,internal_id,照合用のみ
EIK_0151,8697051,8697051,8697051.webp,images/eiketsu/8697051.webp,https://tenka1game.com/nobon-jinpo/images/eiketsu/8697051.webp,独自ID,元サイトIDあり,本願寺証如,僧,僧,7,密教,神仏の徒,対象外,対象外,27859,18229,1521,1690,1062,2144,2699,1410,2430,1317,2419,ID確定,英傑名完全一致,本願寺証如,風属性上昇Lv.5,気合上昇率向上Lv.2,,2021/9/1,仏護の秘法,味方全体の物理耐性と術耐性を上げ、自身が使用する回復術の効果が上昇する。,ZIP内get_data.csvから確認／画像IDはZIP内に列なし,internal_id,照合用のみ
EIK_0152,58444902,58444902,58444902.webp,images/eiketsu/58444902.webp,https://tenka1game.com/nobon-jinpo/images/eiketsu/58444902.webp,独自ID,元サイトIDあり,七里頼周,僧,僧,6,仏門,神仏の徒,才腕,対象外,24832,15024,901,1209,797,1799,2456,1091,834,771,799,ID確定,英傑名完全一致,七里頼周,器用修練上昇Lv.1,,,2021/9/1,阿弥陀の御力,味方全体の物理耐性を上げ、生命継続回復と気合回復速度上昇を付与。自身の回復術効果上昇。,ZIP内get_data.csvから確認／画像IDはZIP内に列なし,internal_id,照合用のみ
EIK_0153,29603575,29603575,29603575.webp,images/eiketsu/29603575.webp,https://tenka1game.com/nobon-jinpo/images/eiketsu/29603575.webp,独自ID,元サイトIDあり,本庄繁長,侍,侍,6,武芸,鬼,対象外,対象外,21302,17971,1767,1201,1173,1235,1521,942,588,574,934,ID確定,英傑名完全一致,本庄繁長,生命修練上昇Lv.1,,,2021/9/1,倒神大裂斬,敵単体に近接攻撃を行い、神種族に追加ダメージ。状態Lv2の火属性・土属性呪詛を与える。,ZIP内get_data.csvから確認／画像IDはZIP内に列なし,internal_id,照合用のみ
EIK_0376,未確認,未確認,未確認,未確認,未確認,独自ID,元サイトID未確認,ねね(涼),薬師,薬師,7,神通力,内助の功,世渡り上手,対象外,29016,18293,1114,1696,1458,2509,1842,1323,1306,1264,1270,旧参照データから追加,DB英傑名照合,ねね(納涼),気合修練上昇Lv.2,知力上昇Lv.1,,2021/8/18,ねねの後ろ盾,味方単体に受けた物理ダメージの一部を継続ダメージに変換する状態を付与し、味方全体を回復。,旧参照データで確認,internal_id,未確認。internal_idで運用
EIK_0155,80873981,80873981,80873981.webp,images/eiketsu/80873981.webp,https://tenka1game.com/nobon-jinpo/images/eiketsu/80873981.webp,独自ID,元サイトIDあり,羽柴秀吉(涼),侍,侍,7,軍学,野心家,対象外,外交官,33763,15700,1852,1639,1458,1758,2740,1155,1183,1115,1223,ID確定,英傑名完全一致,羽柴秀吉(納涼),生命上昇率向上Lv.5,魅力上昇Lv.3,耐久上昇Lv.1,2021/8/18,千成瓢箪の光,敵全体に強力な無属性術ダメージを放ち、自身への標的度を大幅に上げる。,ZIP内get_data.csvから確認／画像IDはZIP内に列なし,internal_id,照合用のみ
EIK_0156,98478009,98478009,98478009.webp,images/eiketsu/98478009.webp,https://tenka1game.com/nobon-jinpo/images/eiketsu/98478009.webp,独自ID,元サイトIDあり,前田慶次,傾奇者,傾奇者,7,地勢,洒落者,対象外,対象外,30736,17864,2553,1594,1484,1950,1842,1249,1173,1155,1207,ID確定,英傑名完全一致,前田慶次,腕力修練志向Lv.2,,,2021/7/2,婆娑羅繚乱撃斬,敵単体に近接攻撃を行い、近接ダメージ上昇・士気回復速度増加の地勢を宿らせる。,ZIP内get_data.csvから確認／画像IDはZIP内に列なし,internal_id,照合用のみ
EIK_0157,15259778,15259778,15259778.webp,images/eiketsu/15259778.webp,https://tenka1game.com/nobon-jinpo/images/eiketsu/15259778.webp,独自ID,元サイトIDあり,筒井順慶,僧,僧,7,僧兵,神仏の徒,文化人,対象外,26249,15556,2128,1486,1274,1778,2603,1108,2029,1083,2021,ID確定,英傑名完全一致,筒井順慶,水属性上昇率向上Lv.2,,,2021/7/2,陽舜房閻魔撃,敵単体に近接攻撃を行い、味方全体の生命を回復する。3回回復術の効果が上昇する。,ZIP内get_data.csvから確認／画像IDはZIP内に列なし,internal_id,照合用のみ
EIK_0158,17522394,17522394,17522394.webp,images/eiketsu/17522394.webp,https://tenka1game.com/nobon-jinpo/images/eiketsu/17522394.webp,独自ID,元サイトIDあり,小西行長,薬師,薬師,6,修験道,神仏の徒,対象外,外交官,26168,16092,736,1312,1019,1978,2620,1302,946,963,932,ID確定,英傑名完全一致,小西行長,知力修練志向Lv.1,,,2021/7/2,小西流四衰呪,敵全体に状態レベル2の強力な四属性呪詛を付与する。,ZIP内get_data.csvから確認／画像IDはZIP内に列なし,internal_id,照合用のみ
EIK_0159,63200811,63200811,63200811.webp,images/eiketsu/63200811.webp,https://tenka1game.com/nobon-jinpo/images/eiketsu/63200811.webp,独自ID,元サイトIDあり,北条氏康,侍,侍,8,武芸,野心家,対象外,対象外,29049,17027,2544,1474,1547,1452,1957,1485,1088,1077,1055,ID確定,英傑名完全一致,北条氏康,腕力上昇Lv.3,,,2021/4/2,必討の一閃,ランダムな敵3体に間接物理ダメージを与える。,ZIP内get_data.csvから確認／画像IDはZIP内に列なし,internal_id,照合用のみ
EIK_0160,56017801,56017801,56017801.webp,images/eiketsu/56017801.webp,https://tenka1game.com/nobon-jinpo/images/eiketsu/56017801.webp,独自ID,元サイトIDあり,風魔小太郎,忍者,忍者,7,忍術,忍び,飛道具使い,宿将,29424,15398,1758,1126,1362,2506,1882,1100,1008,1201,2349,ID確定,英傑名完全一致,風魔小太郎,風属性上昇率向上Lv.2,,,2021/4/2,風魔の鎌鼬,敵全体に風属性術ダメージを与え、属性付与効果を一つ打ち消し、物理耐性低下状態を付与する。,ZIP内get_data.csvから確認／画像IDはZIP内に列なし,internal_id,照合用のみ
EIK_0161,67857475,67857475,67857475.webp,images/eiketsu/67857475.webp,https://tenka1game.com/nobon-jinpo/images/eiketsu/67857475.webp,独自ID,元サイトIDあり,服部半蔵,忍者,忍者,7,暗殺術,忍び,対象外,対象外,29258,15388,2808,1194,1650,1191,1812,1032,1059,1098,1339,ID確定,英傑名完全一致,服部半蔵,腕力上昇Lv.2,腕力修練志向Lv.1,,2021/4/2,半蔵の暗殺術,敵単体に守護の影響を受けない、大ダメージ痺れ斬りを行う。,ZIP内get_data.csvから確認／画像IDはZIP内に列なし,internal_id,照合用のみ
EIK_0162,50435488,50435488,50435488.webp,images/eiketsu/50435488.webp,https://tenka1game.com/nobon-jinpo/images/eiketsu/50435488.webp,独自ID,元サイトIDあり,板部岡江雪斎,僧,僧,6,密教,外交官,対象外,長寿,25056,14017,960,1356,842,2001,2515,912,1135,1058,870,ID確定,英傑名完全一致,板部岡江雪斎,魅力修練上昇Lv.1,知力上昇率向上Lv.1,,2021/4/2,江雪斎の秘術,敵全体の結界を破壊する術攻撃を放つ。一定時間結界を張れなくし、物理と術の耐性を下げる。,ZIP内get_data.csvから確認／画像IDはZIP内に列なし,internal_id,照合用のみ
EIK_0163,22772332,22772332,22772332.webp,images/eiketsu/22772332.webp,https://tenka1game.com/nobon-jinpo/images/eiketsu/22772332.webp,独自ID,元サイトIDあり,雑賀孫六,鍛冶屋,鍛冶屋,7,鉄砲鍛冶,飛道具使い,対象外,対象外,28402,14908,2418,1886,1634,1073,2117,1019,1052,1403,1088,ID確定,英傑名完全一致,雑賀孫六,腕力上昇Lv.5,腕力修練志向Lv.2,,2021/2/2,戦意高揚射撃,敵全体に間接攻撃を行い、自陣営の士気玉を1つ追加する。,ZIP内get_data.csvから確認／画像IDはZIP内に列なし,internal_id,照合用のみ
EIK_0164,18304932,18304932,18304932.webp,images/eiketsu/18304932.webp,https://tenka1game.com/nobon-jinpo/images/eiketsu/18304932.webp,独自ID,元サイトIDあり,本願寺教如,僧,僧,7,密教,神仏の徒,対象外,対象外,30342,18396,1865,1988,1162,2106,1788,1331,1853,1267,1247,ID確定,英傑名完全一致,本願寺教如,水属性上昇Lv.2,,,2021/2/2,仏敵冥道秘呪,敵全体を死人に変え、生命力の最大値を減少させる。,ZIP内get_data.csvから確認／画像IDはZIP内に列なし,internal_id,照合用のみ
EIK_0165,90333583,90333583,90333583.webp,images/eiketsu/90333583.webp,https://tenka1game.com/nobon-jinpo/images/eiketsu/90333583.webp,独自ID,元サイトIDあり,三好長慶,神主・巫女,神主/巫女,8,古神道,野心家,対象外,対象外,31088,24300,1607,1461,1438,1976,2089,1200,1080,1023,2342,ID確定,英傑名完全一致,三好長慶,魅力上昇率向上Lv.3,,,2020/12/1,覆滅天炎,選択した敵単体へ固定妖術ダメージを与え、さらに敵全体にも固定妖術ダメージを与える。,ZIP内get_data.csvから確認／画像IDはZIP内に列なし,internal_id,照合用のみ
EIK_0166,53304184,53304184,53304184.webp,images/eiketsu/53304184.webp,https://tenka1game.com/nobon-jinpo/images/eiketsu/53304184.webp,独自ID,元サイトIDあり,太原雪斎,僧,僧,7,密教,外交官,対象外,文化人,26756,18563,1435,1590,1107,2451,1948,1197,2256,1140,1122,ID確定,英傑名完全一致,太原雪斎,魅力修練上昇Lv.2,知力上昇Lv.1,,2020/12/1,黒衣の導き,味方全体の最大生命力を上げ、味方全体の生命力を回復。自身に回復量が上昇する状態を付与する。,ZIP内get_data.csvから確認／画像IDはZIP内に列なし,internal_id,照合用のみ
EIK_0167,35073507,35073507,35073507.webp,images/eiketsu/35073507.webp,https://tenka1game.com/nobon-jinpo/images/eiketsu/35073507.webp,独自ID,元サイトIDあり,松永久秀,陰陽師,陰陽師,7,陰陽道,野心家,対象外,対象外,29219,18978,1124,1740,1343,2485,2622,1801,1755,2801,1786,ID確定,英傑名完全一致,松永久秀,魅力上昇Lv.2,,,2020/11/27,平蜘蛛爆散,敵3体に火属性術ダメージを与え、行動ダメージ状態を付与、自身に術ダメージ上昇状態を付与する。,ZIP内get_data.csvから確認／画像IDはZIP内に列なし,internal_id,照合用のみ
EIK_0168,69886486,69886486,69886486.webp,images/eiketsu/69886486.webp,https://tenka1game.com/nobon-jinpo/images/eiketsu/69886486.webp,独自ID,元サイトIDあり,真田昌幸,忍者,忍者,8,忍術,野心家,対象外,対象外,27585,17192,1933,1252,1741,2135,2050,1100,1008,1201,2363,ID確定,英傑名完全一致,真田昌幸,知力上昇率向上Lv.3,,,2020/10/5,真田流軍学,敵全体を行動不能にする。さらに、行動不能にできた相手の付与効果を打ち消す。,ZIP内get_data.csvから確認／画像IDはZIP内に列なし,internal_id,照合用のみ
EIK_0169,66263990,66263990,66263990.webp,images/eiketsu/66263990.webp,https://tenka1game.com/nobon-jinpo/images/eiketsu/66263990.webp,独自ID,元サイトIDあり,真田幸村,侍,侍,7,武芸,剣豪,対象外,対象外,28511,18590,2901,1365,1394,1345,2045,1114,1088,1130,1107,ID確定,英傑名完全一致,真田幸村,器用上昇率向上Lv.2,腕力上昇Lv.1,,2020/10/5,日本一の勇猛,選択した敵単体へ強力な間接攻撃を行い、さらに敵全体にも間接攻撃を行う。,ZIP内get_data.csvから確認／画像IDはZIP内に列なし,internal_id,照合用のみ
EIK_0170,6341653,6341653,6341653.webp,images/eiketsu/6341653.webp,https://tenka1game.com/nobon-jinpo/images/eiketsu/6341653.webp,独自ID,元サイトIDあり,遠山景任,鍛冶屋,鍛冶屋,6,鉄砲鍛冶,知将,対象外,対象外,24235,11312,2137,1324,2222,733,1753,664,735,878,738,ID確定,英傑名完全一致,遠山景任,耐久上昇Lv.1,,,2020/10/5,雷閃貫頭,敵単体に挑発を受けても攻撃対象を選べ、結界の影響を受けない強力な間接攻撃を行う。,ZIP内get_data.csvから確認／画像IDはZIP内に列なし,internal_id,照合用のみ
EIK_0171,56762563,56762563,56762563.webp,images/eiketsu/56762563.webp,https://tenka1game.com/nobon-jinpo/images/eiketsu/56762563.webp,独自ID,元サイトIDあり,浅井久政,神主・巫女,神主/巫女,7,神道,野心家,対象外,対象外,27881,17840,2205,1429,1736,1769,1757,1194,1165,1171,1243,ID確定,英傑名完全一致,浅井久政,気合修練上昇Lv.2,,,2020/8/31,冥葬の神弓,ランダムな敵5体に無属性の術攻撃を行い、標的をランダム化させる。,ZIP内get_data.csvから確認／画像IDはZIP内に列なし,internal_id,照合用のみ
EIK_0172,722617,722617,722617.webp,images/eiketsu/722617.webp,https://tenka1game.com/nobon-jinpo/images/eiketsu/722617.webp,独自ID,元サイトIDあり,足利義昭,神主・巫女,神主/巫女,7,雅楽,野心家,対象外,対象外,27537,15302,1553,1512,1145,2020,1946,1156,1051,995,1063,ID確定,英傑名完全一致,足利義昭,気合修練志向Lv.5,魅力上昇Lv.3,,2020/8/4,包囲令,味方全体の攻撃力、防御力を上げ、特定妖術の予備動作を省く。,ZIP内get_data.csvから確認／画像IDはZIP内に列なし,internal_id,照合用のみ
EIK_0173,63551413,63551413,63551413.webp,images/eiketsu/63551413.webp,https://tenka1game.com/nobon-jinpo/images/eiketsu/63551413.webp,独自ID,元サイトIDあり,北条幻庵,僧,僧,7,仏門,長寿,対象外,対象外,24242,18048,1571,1545,1085,2311,2136,1169,1226,1119,1192,ID確定,英傑名完全一致,北条幻庵,魅力上昇Lv.5,生命上昇Lv.3,,2020/8/4,幻庵の導き,味方全体の生命力を回復し、攻撃力、知力、魅力を大幅に上げる。,ZIP内get_data.csvから確認／画像IDはZIP内に列なし,internal_id,照合用のみ
EIK_0174,79067803,79067803,79067803.webp,images/eiketsu/79067803.webp,https://tenka1game.com/nobon-jinpo/images/eiketsu/79067803.webp,独自ID,元サイトIDあり,明智光安,神主・巫女,神主/巫女,7,古神道,勇将,宿将,対象外,25906,28206,1488,1305,1308,1765,1935,1334,1200,1137,1378,ID確定,英傑名完全一致,明智光安,気合上昇Lv.2,,,2020/6/30,桔梗の装い,敵全体を確率で長時間魅了する。,ZIP内get_data.csvから確認／画像IDはZIP内に列なし,internal_id,照合用のみ
EIK_0175,36438596,36438596,36438596.webp,images/eiketsu/36438596.webp,https://tenka1game.com/nobon-jinpo/images/eiketsu/36438596.webp,独自ID,元サイトIDあり,織田信長,侍,侍,8,武芸,野心家,対象外,対象外,27435,17496,2678,1392,1533,1492,1975,1061,1088,1507,1055,ID確定,英傑名完全一致,織田信長,生命上昇率向上Lv.3,,,2020/6/29,天下夢幻,敵全体に無属性術ダメージと気合ダメージを与える。,ZIP内get_data.csvから確認／画像IDはZIP内に列なし,internal_id,照合用のみ
EIK_0176,19311882,19311882,19311882.webp,images/eiketsu/19311882.webp,https://tenka1game.com/nobon-jinpo/images/eiketsu/19311882.webp,独自ID,元サイトIDあり,明智光秀(十七),僧,僧,7,密教,野心家,対象外,対象外,27584,16724,1435,1325,1107,2298,1886,2129,537,506,1995,ID確定,英傑名完全一致,明智光秀(十七),知力修練上昇Lv.2,,,2020/5/29,雷槍乱舞,敵全体に土属性の準備なし妖術を放ち、器用さ・知力・魅力を下げる。,ZIP内get_data.csvから確認／画像IDはZIP内に列なし,internal_id,照合用のみ
EIK_0177,63525887,63525887,63525887.webp,images/eiketsu/63525887.webp,https://tenka1game.com/nobon-jinpo/images/eiketsu/63525887.webp,独自ID,元サイトIDあり,立花誾千代,侍,侍,7,武芸,女傑,対象外,対象外,29049,15934,2187,1392,1366,1371,1748,1220,1033,1023,1002,ID確定,英傑名完全一致,立花誾千代,土属性上昇率向上Lv.2,,,2020/4/22,雷切一閃,敵単体に近接攻撃を行い、敵全体にも土属性の術ダメージを与える。,ZIP内get_data.csvから確認／画像IDはZIP内に列なし,internal_id,照合用のみ
EIK_0178,43133226,43133226,43133226.webp,images/eiketsu/43133226.webp,https://tenka1game.com/nobon-jinpo/images/eiketsu/43133226.webp,独自ID,元サイトIDあり,徳川家康,侍,侍,8,軍学,世渡り上手,対象外,対象外,30949,16448,1675,2048,1603,1933,1864,1617,1183,1115,1223,ID確定,英傑名完全一致,徳川家康,耐久上昇Lv.3,,,2020/3/30,究極の忍耐,味方全体の物理耐性と妖術耐性を上げ、属性呪詛を解除。さらに味方全体の生命力と気合を回復。,ZIP内get_data.csvから確認／画像IDはZIP内に列なし,internal_id,照合用のみ
EIK_0179,87334979,87334979,87334979.webp,images/eiketsu/87334979.webp,https://tenka1game.com/nobon-jinpo/images/eiketsu/87334979.webp,独自ID,元サイトIDあり,森田浄曇,侍,侍,6,軍学,長寿,対象外,忍び,25297,12834,1076,1385,1460,1831,1615,906,896,851,911,ID確定,英傑名完全一致,森田浄曇,気合上昇Lv.1,知力上昇Lv.1,,2020/3/30,伊賀流霧隠れ,味方全体の命中力と回避力を上げ、ウェイトを減少。看破や上書きされるまで効果が継続。,ZIP内get_data.csvから確認／画像IDはZIP内に列なし,internal_id,照合用のみ
EIK_0180,39707555,39707555,39707555.webp,images/eiketsu/39707555.webp,https://tenka1game.com/nobon-jinpo/images/eiketsu/39707555.webp,独自ID,元サイトIDあり,百地三太夫,忍者,忍者,8,忍法,忍び,対象外,対象外,31990,15649,2745,1515,2139,1667,2002,952,1337,960,1032,ID確定,英傑名完全一致,百地三太夫,器用上昇Lv.3,,,2020/3/27,滅,敵単体に守護術の影響を受けない近接攻撃を行い、気合ダメージを与える。,ZIP内get_data.csvから確認／画像IDはZIP内に列なし,internal_id,照合用のみ
EIK_0181,20844387,20844387,20844387.webp,images/eiketsu/20844387.webp,https://tenka1game.com/nobon-jinpo/images/eiketsu/20844387.webp,独自ID,元サイトIDあり,本多忠勝,侍,侍,6,武芸,猛将,対象外,対象外,23409,12143,1921,851,1150,922,1409,688,698,682,826,ID確定,英傑名完全一致,本多忠勝,生命修練志向Lv.1,腕力修練志向Lv.1,,2020/3/27,天下無双撃,敵単体に強力な五連撃を行う。命中力、回避力を下げ、ウェイトを増加させる。,ZIP内get_data.csvから確認／画像IDはZIP内に列なし,internal_id,照合用のみ
EIK_0182,31990558,31990558,31990558.webp,images/eiketsu/31990558.webp,https://tenka1game.com/nobon-jinpo/images/eiketsu/31990558.webp,独自ID,元サイトIDあり,武田信玄,僧,僧,8,仏門,神仏の徒,対象外,対象外,30437,16408,1696,1931,1171,1955,2213,2045,1226,1342,1192,ID確定,英傑名完全一致,武田信玄,魅力上昇Lv.3,土属性上昇率向上Lv.1,,2020/3/4,甲州軍学・山,敵全体を一定時間行動不能にする。,ZIP内get_data.csvから確認／画像IDはZIP内に列なし,internal_id,照合用のみ
EIK_0183,44187149,44187149,44187149.webp,images/eiketsu/44187149.webp,https://tenka1game.com/nobon-jinpo/images/eiketsu/44187149.webp,独自ID,元サイトIDあり,宇佐美定満,陰陽師,陰陽師,7,仙道,知将,才腕,対象外,24886,15240,2602,1348,1359,2123,1968,2224,1033,1006,1082,ID確定,英傑名完全一致,宇佐美定満,土属性上昇Lv.2,,,2020/3/4,宇佐美流軍学,味方全体の防御力、命中力、回避力を上げ、ウェイトを減少させる。また、自身の攻撃力を上げる。,ZIP内get_data.csvから確認／画像IDはZIP内に列なし,internal_id,照合用のみ
EIK_0184,22185891,22185891,22185891.webp,images/eiketsu/22185891.webp,https://tenka1game.com/nobon-jinpo/images/eiketsu/22185891.webp,独自ID,元サイトIDあり,真田幸隆,忍者,忍者,7,暗殺術,知将,対象外,対象外,26843,14517,2739,1149,1689,1191,1812,1413,1003,1040,1048,ID確定,英傑名完全一致,真田幸隆,器用修練上昇Lv.5,気合上昇Lv.2,,2020/3/4,甲州軍学・山,敵全体を一定時間行動不能にする。,ZIP内get_data.csvから確認／画像IDはZIP内に列なし,internal_id,照合用のみ
EIK_0185,77547453,77547453,77547453.webp,images/eiketsu/77547453.webp,https://tenka1game.com/nobon-jinpo/images/eiketsu/77547453.webp,独自ID,元サイトIDあり,お市(婚礼),陰陽師,陰陽師,8,仙道,内助の功,対象外,対象外,30112,15849,957,1716,1512,2653,2715,1973,2713,1761,1907,ID確定,英傑名完全一致,お市(婚礼),気合修練志向Lv.3,,,対象外,対象外,対象外,ZIP内get_data.csvから確認／画像IDはZIP内に列なし,internal_id,照合用のみ
EIK_0186,81200268,81200268,81200268.webp,images/eiketsu/81200268.webp,https://tenka1game.com/nobon-jinpo/images/eiketsu/81200268.webp,独自ID,元サイトIDあり,伊達政宗(新星),侍,侍,8,武芸,猛将,対象外,野心家,35236,17496,2611,1556,1547,1250,2709,976,903,1023,917,ID確定,英傑名完全一致,伊達政宗(新星),生命上昇Lv.3,生命修練上昇Lv.3,魅力修練上昇Lv.1,対象外,対象外,対象外,ZIP内get_data.csvから確認／画像IDはZIP内に列なし,internal_id,照合用のみ
EIK_0187,16037987,16037987,16037987.webp,images/eiketsu/16037987.webp,https://tenka1game.com/nobon-jinpo/images/eiketsu/16037987.webp,独自ID,元サイトIDあり,今川義元(周年),神主・巫女,神主/巫女,8,神道,明敏,野心家,対象外,34520,24328,3268,1837,2135,2527,3066,2161,2131,2564,1991,ID確定,英傑名完全一致,今川義元(周年),腕力上昇Lv.5,生命上昇Lv.3,腕力上昇率向上Lv.1,対象外,対象外,対象外,ZIP内get_data.csvから確認／画像IDはZIP内に列なし,internal_id,照合用のみ
EIK_0188,67346074,67346074,67346074.webp,images/eiketsu/67346074.webp,https://tenka1game.com/nobon-jinpo/images/eiketsu/67346074.webp,独自ID,元サイトIDあり,斎藤道三(巳),侍,侍,8,武士道,才腕,野心家,対象外,37637,21747,2295,2249,2016,2658,2949,2474,2418,2262,2345,ID確定,英傑名完全一致,斎藤道三(巳),耐久上昇Lv.5,魅力上昇Lv.3,生命上昇Lv.1,対象外,対象外,対象外,ZIP内get_data.csvから確認／画像IDはZIP内に列なし,internal_id,照合用のみ
EIK_0189,47928819,47928819,47928819.webp,images/eiketsu/47928819.webp,https://tenka1game.com/nobon-jinpo/images/eiketsu/47928819.webp,独自ID,元サイトIDあり,雑賀孫市(陣羽織),鍛冶屋,鍛冶屋,8,鎧鍛冶,飛道具使い,対象外,対象外,32983,15101,1892,2263,1480,1029,2129,995,979,1441,987,ID確定,英傑名完全一致,雑賀孫市(陣羽織),耐久修練上昇,,,対象外,対象外,対象外,ZIP内get_data.csvから確認／画像IDはZIP内に列なし,internal_id,照合用のみ
EIK_0190,32136315,32136315,32136315.webp,images/eiketsu/32136315.webp,https://tenka1game.com/nobon-jinpo/images/eiketsu/32136315.webp,独自ID,元サイトIDあり,三好長慶(生殺),薬師,薬師,8,医学,明敏,野心家,対象外,35377,24213,1768,1742,2197,2894,3016,2541,2577,2553,2444,ID確定,英傑名完全一致,三好長慶(生殺),知力上昇率向上Lv.5,知力修練志向Lv.3,魅力上昇Lv.1,対象外,対象外,対象外,ZIP内get_data.csvから確認／画像IDはZIP内に列なし,internal_id,照合用のみ
EIK_0191,82815554,82815554,82815554.webp,images/eiketsu/82815554.webp,https://tenka1game.com/nobon-jinpo/images/eiketsu/82815554.webp,独自ID,元サイトIDあり,上杉謙信(野望),僧,僧,8,僧兵,鬼,対象外,神仏の徒,36386,19980,2771,2214,2111,2540,2792,1610,1670,1625,1604,ID確定,英傑名完全一致,上杉謙信(野望),生命上昇率向上Lv.5,耐久上昇率向上Lv.2,,対象外,対象外,対象外,ZIP内get_data.csvから確認／画像IDはZIP内に列なし,internal_id,照合用のみ
EIK_0192,78024326,78024326,78024326.webp,images/eiketsu/78024326.webp,https://tenka1game.com/nobon-jinpo/images/eiketsu/78024326.webp,独自ID,元サイトIDあり,織田信長(周年),侍,侍,8,軍学,野心家,対象外,対象外,37139,15850,2610,2229,2012,2847,2833,2032,2046,2843,2091,ID確定,英傑名完全一致,織田信長(周年),生命上昇率向上Lv.5,生命上昇Lv.2,,対象外,対象外,対象外,ZIP内get_data.csvから確認／画像IDはZIP内に列なし,internal_id,照合用のみ
EIK_0193,未確認,未確認,未確認,未確認,未確認,独自ID,元サイトID未確認,織田信長(覇王),武士道,侍,8,武士道,文化人,対象外,対象外,33705,19538,2276,1959,1667,1937,2275,1167,1125,1493,1101,英傑一覧(24).csvから追加,英傑一覧(24).csv基準,織田信長(覇王),火属性上昇率向上Lv.7,,,2026/05/23,,,英傑一覧(24).csvから確認,internal_id,未確認。internal_idで運用
EIK_0194,878980,878980,878980.webp,images/eiketsu/878980.webp,https://tenka1game.com/nobon-jinpo/images/eiketsu/878980.webp,独自ID,元サイトIDあり,真田幸村(新星),侍,侍,8,武芸,猛将,対象外,対象外,31201,17027,2812,1487,1435,1170,2534,891,1011,936,1033,ID確定,英傑名完全一致,真田幸村(新星),腕力上昇Lv.5,生命上昇Lv.3,生命修練志向Lv.1,対象外,対象外,対象外,ZIP内get_data.csvから確認／画像IDはZIP内に列なし,internal_id,照合用のみ
EIK_0195,2122651,2122651,2122651.webp,images/eiketsu/2122651.webp,https://tenka1game.com/nobon-jinpo/images/eiketsu/2122651.webp,独自ID,元サイトIDあり,真田昌幸(吸血),忍者,忍者,8,忍術,知将,世渡り上手,対象外,34154,19136,2179,1539,1907,2859,2516,2017,2004,2189,2863,ID確定,英傑名完全一致,真田昌幸(吸血),知力上昇Lv.5,風属性上昇率向上Lv.3,知力上昇率向上Lv.1,対象外,対象外,対象外,ZIP内get_data.csvから確認／画像IDはZIP内に列なし,internal_id,照合用のみ
EIK_0196,88881919,88881919,88881919.webp,images/eiketsu/88881919.webp,https://tenka1game.com/nobon-jinpo/images/eiketsu/88881919.webp,独自ID,元サイトIDあり,浅井長政(婚礼),侍,侍,8,武士道,勇将,対象外,対象外,35390,18009,1836,2078,1561,2058,2699,2719,1192,1077,1409,ID確定,英傑名完全一致,浅井長政(婚礼),腕力修練上昇Lv.3,,,対象外,対象外,対象外,ZIP内get_data.csvから確認／画像IDはZIP内に列なし,internal_id,照合用のみ
EIK_0197,72706956,72706956,72706956.webp,images/eiketsu/72706956.webp,https://tenka1game.com/nobon-jinpo/images/eiketsu/72706956.webp,独自ID,元サイトIDあり,足利義輝(野望),侍,侍,8,武士道,根性,剣豪,対象外,37357,20388,2831,2215,2016,1886,2602,2100,2081,1920,2036,ID確定,英傑名完全一致,足利義輝(野望),生命上昇Lv.5,腕力上昇Lv.3,生命修練志向Lv.1,対象外,対象外,対象外,ZIP内get_data.csvから確認／画像IDはZIP内に列なし,internal_id,照合用のみ
EIK_0198,33108444,33108444,33108444.webp,images/eiketsu/33108444.webp,https://tenka1game.com/nobon-jinpo/images/eiketsu/33108444.webp,独自ID,元サイトIDあり,大友宗麟,鍛冶屋,鍛冶屋,8,鉄砲鍛冶,外交官,神仏の徒,対象外,36664,20304,3123,2228,2229,1756,3022,1834,1914,1820,2001,ID確定,英傑名完全一致,大友宗麟,腕力上昇率向上Lv.5,生命上昇Lv.3,魅力上昇Lv.1,対象外,対象外,対象外,ZIP内get_data.csvから確認／画像IDはZIP内に列なし,internal_id,照合用のみ
EIK_0199,89730221,89730221,89730221.webp,images/eiketsu/89730221.webp,https://tenka1game.com/nobon-jinpo/images/eiketsu/89730221.webp,独自ID,元サイトIDあり,長宗我部元親(納涼),傾奇者,傾奇者,8,四象,洒落者,鬼,対象外,36508,19474,2976,1498,1933,1942,2394,2378,2992,2154,2272,ID確定,英傑名完全一致,長宗我部元親(納涼),腕力上昇Lv.5,腕力上昇率向上Lv.3,水属性上昇Lv.1,対象外,対象外,対象外,ZIP内get_data.csvから確認／画像IDはZIP内に列なし,internal_id,照合用のみ
EIK_0200,82518778,82518778,82518778.webp,images/eiketsu/82518778.webp,https://tenka1game.com/nobon-jinpo/images/eiketsu/82518778.webp,独自ID,元サイトIDあり,長尾景虎,僧,僧,8,密教,明敏,神仏の徒,対象外,36410,20905,2511,2236,1881,2891,3039,2608,2618,2597,2593,ID確定,英傑名完全一致,長尾景虎,知力上昇率向上Lv.5,生命上昇Lv.3,知力上昇Lv.1,対象外,対象外,対象外,ZIP内get_data.csvから確認／画像IDはZIP内に列なし,internal_id,照合用のみ
EIK_0201,70833849,70833849,70833849.webp,images/eiketsu/70833849.webp,https://tenka1game.com/nobon-jinpo/images/eiketsu/70833849.webp,独自ID,元サイトIDあり,長尾虎,僧,僧,8,僧兵,根性,忍び,対象外,36386,19267,3152,2185,2151,2540,2930,1882,2017,1875,1875,ID確定,英傑名完全一致,長尾虎,腕力上昇率向上Lv.5,魅力上昇Lv.3,生命上昇Lv.1,対象外,対象外,対象外,ZIP内get_data.csvから確認／画像IDはZIP内に列なし,internal_id,照合用のみ
EIK_0202,6218471,6218471,6218471.webp,images/eiketsu/6218471.webp,https://tenka1game.com/nobon-jinpo/images/eiketsu/6218471.webp,独自ID,元サイトIDあり,徳川家康(東軍),侍,侍,8,軍学,野心家,対象外,世渡り上手,32705,18541,1675,2130,1676,2812,2870,1397,1407,1271,1430,ID確定,英傑名完全一致,徳川家康(東軍),知力修練志向Lv.5,魅力上昇率向上Lv.2,,対象外,対象外,対象外,ZIP内get_data.csvから確認／画像IDはZIP内に列なし,internal_id,照合用のみ
EIK_0203,30290743,30290743,30290743.webp,images/eiketsu/30290743.webp,https://tenka1game.com/nobon-jinpo/images/eiketsu/30290743.webp,独自ID,元サイトIDあり,武田信玄(野望),僧,僧,8,密教,猛将,野心家,対象外,33376,16724,1549,1855,1195,2738,2842,1850,1853,1786,1808,ID確定,英傑名完全一致,武田信玄(野望),知力修練上昇Lv.5,魅力上昇率向上Lv.2,,対象外,対象外,対象外,ZIP内get_data.csvから確認／画像IDはZIP内に列なし,internal_id,照合用のみ
EIK_0204,72522462,72522462,72522462.webp,images/eiketsu/72522462.webp,https://tenka1game.com/nobon-jinpo/images/eiketsu/72522462.webp,独自ID,元サイトIDあり,北条氏康(獅子),侍,侍,8,軍学,外交官,勇将,対象外,37139,20186,2381,2130,2187,2900,3001,2529,2578,2419,2641,ID確定,英傑名完全一致,北条氏康(獅子),耐久上昇Lv.5,知力上昇Lv.3,耐久修練志向Lv.1,対象外,対象外,対象外,ZIP内get_data.csvから確認／画像IDはZIP内に列なし,internal_id,照合用のみ
EIK_0205,78096537,78096537,78096537.webp,images/eiketsu/78096537.webp,https://tenka1game.com/nobon-jinpo/images/eiketsu/78096537.webp,独自ID,元サイトIDあり,毛利元就,陰陽師,陰陽師,8,仙道,長寿,対象外,対象外,35338,17221,1082,1390,1430,2908,2400,1848,1757,1647,2963,ID確定,英傑名完全一致,毛利元就,知力上昇率向上Lv.5,知力上昇Lv.2,風属性上昇Lv.1,対象外,対象外,対象外,ZIP内get_data.csvから確認／画像IDはZIP内に列なし,internal_id,照合用のみ
EIK_0206,45333757,45333757,45333757.webp,images/eiketsu/45333757.webp,https://tenka1game.com/nobon-jinpo/images/eiketsu/45333757.webp,独自ID,元サイトIDあり,おまつ(奇譚),忍者,忍者,7,忍術,忍び,女傑,内助の功,31526,20930,2285,1627,2422,2878,2889,2323,2161,2803,2585,ID確定,英傑名完全一致,おまつ(奇譚),知力上昇Lv.5,生命上昇Lv.3,火属性上昇Lv.1,対象外,対象外,対象外,ZIP内get_data.csvから確認／画像IDはZIP内に列なし,internal_id,照合用のみ
EIK_0207,7891944,7891944,7891944.webp,images/eiketsu/7891944.webp,https://tenka1game.com/nobon-jinpo/images/eiketsu/7891944.webp,独自ID,元サイトIDあり,お江,薬師,薬師,7,医学,世渡り上手,内助の功,対象外,34157,20054,1056,1742,1945,2843,3070,2329,2110,2025,2046,ID確定,英傑名完全一致,お江,魅力上昇Lv.5,生命上昇Lv.3,魅力修練志向Lv.1,対象外,対象外,対象外,ZIP内get_data.csvから確認／画像IDはZIP内に列なし,internal_id,照合用のみ
EIK_0208,52496334,52496334,52496334.webp,images/eiketsu/52496334.webp,https://tenka1game.com/nobon-jinpo/images/eiketsu/52496334.webp,独自ID,元サイトIDあり,ガラシャ(聖),陰陽師,陰陽師,7,召喚術,女傑,神仏の徒,対象外,34843,22477,1537,2020,1563,2903,3043,2599,2552,2785,2597,ID確定,英傑名完全一致,ガラシャ(聖),知力上昇率向上Lv.5,魅力上昇率向上Lv.3,知力上昇Lv.1,対象外,対象外,対象外,ZIP内get_data.csvから確認／画像IDはZIP内に列なし,internal_id,照合用のみ
EIK_0209,15879504,15879504,15879504.webp,images/eiketsu/15879504.webp,https://tenka1game.com/nobon-jinpo/images/eiketsu/15879504.webp,独自ID,元サイトIDあり,ねね(和装),薬師,薬師,7,医学,内助の功,対象外,対象外,29521,16043,827,1477,1104,2483,2871,1412,1133,1147,1106,ID確定,英傑名完全一致,ねね(和装),魅力上昇Lv.2,,,対象外,対象外,対象外,ZIP内get_data.csvから確認／画像IDはZIP内に列なし,internal_id,照合用のみ
EIK_0210,未確認,未確認,未確認,未確認,未確認,独自ID,元サイトID未確認,まつ(兎忍),忍術,忍者,7,忍術,内助の功,対象外,対象外,32314,14950,1670,1239,2028,2729,2870,1467,1400,1642,1668,英傑一覧(24).csvから追加,英傑一覧(24).csv基準,まつ(兎忍),魅力上昇Lv.5,生命上昇Lv.2,,2026/05/23,,,英傑一覧(24).csvから確認,internal_id,未確認。internal_idで運用
EIK_0211,12302560,12302560,12302560.webp,images/eiketsu/12302560.webp,https://tenka1game.com/nobon-jinpo/images/eiketsu/12302560.webp,独自ID,元サイトIDあり,もののふ小町,侍,侍,7,武芸,根性,世渡り上手,対象外,34160,18121,2522,1651,1449,1358,2167,1474,2491,1626,2437,ID確定,英傑名完全一致,もののふ小町,魅力上昇Lv.3,生命上昇率向上Lv.1,,対象外,対象外,対象外,ZIP内get_data.csvから確認／画像IDはZIP内に列なし,internal_id,照合用のみ
EIK_0212,未確認,未確認,未確認,未確認,未確認,独自ID,元サイトID未確認,愛姫(特別),忍者,忍者,7,忍法,対象外,対象外,対象外,25116,15934,2663,1488,2334,1561,2002,1046,1050,1056,1135,未確認,ID付きCSV/eiketsu.json側に完全一致・空白除去一致が無い,愛姫(特別),火属性上昇Lv.2,,,対象外,対象外,対象外,ZIP内get_data.csvから確認／画像IDはZIP内に列なし,internal_id,未確認。internal_idで運用
EIK_0213,39430243,39430243,39430243.webp,images/eiketsu/39430243.webp,https://tenka1game.com/nobon-jinpo/images/eiketsu/39430243.webp,独自ID,元サイトIDあり,梓,忍者,忍者,7,忍法,女傑,対象外,忍び,27231,12803,2663,1239,2120,1060,2183,854,858,864,2610,ID確定,英傑名完全一致,梓,器用修練志向Lv.2,,,対象外,対象外,対象外,ZIP内get_data.csvから確認／画像IDはZIP内に列なし,internal_id,照合用のみ
EIK_0214,20643667,20643667,20643667.webp,images/eiketsu/20643667.webp,https://tenka1game.com/nobon-jinpo/images/eiketsu/20643667.webp,独自ID,元サイトIDあり,遠足娘まり,傾奇者,傾奇者,7,殺陣,明敏,女傑,対象外,37958,21727,3381,1998,2585,2553,2932,2457,2622,2580,2611,ID確定,英傑名完全一致,遠足娘まり,腕力上昇Lv.5,器用上昇Lv.3,腕力修練志向Lv.1,対象外,対象外,対象外,ZIP内get_data.csvから確認／画像IDはZIP内に列なし,internal_id,照合用のみ
EIK_0215,72339164,72339164,72339164.webp,images/eiketsu/72339164.webp,https://tenka1game.com/nobon-jinpo/images/eiketsu/72339164.webp,独自ID,元サイトIDあり,加藤清正,鍛冶屋,鍛冶屋,7,鎧鍛冶,猛将,鬼,対象外,37930,21171,3034,2445,1886,2036,2366,2053,2130,1879,1996,ID確定,英傑名完全一致,加藤清正,腕力上昇Lv.5,耐久上昇Lv.3,生命上昇Lv.1,対象外,対象外,対象外,ZIP内get_data.csvから確認／画像IDはZIP内に列なし,internal_id,照合用のみ
EIK_0216,792249,792249,792249.webp,images/eiketsu/792249.webp,https://tenka1game.com/nobon-jinpo/images/eiketsu/792249.webp,独自ID,元サイトIDあり,帰蝶,忍者,忍者,7,忍術,内助の功,女傑,対象外,31789,20780,2250,1640,2407,2915,2796,2323,3080,2483,2585,ID確定,英傑名完全一致,帰蝶,知力上昇Lv.5,水属性上昇Lv.3,知力修練志向Lv.1,対象外,対象外,対象外,ZIP内get_data.csvから確認／画像IDはZIP内に列なし,internal_id,照合用のみ
EIK_0217,39357702,39357702,39357702.webp,images/eiketsu/39357702.webp,https://tenka1game.com/nobon-jinpo/images/eiketsu/39357702.webp,独自ID,元サイトIDあり,宮本武蔵(涼),侍,侍,7,軍学,剣豪,鬼,対象外,36858,20635,2857,2196,2507,2004,2311,1593,2224,1538,2274,ID確定,英傑名完全一致,宮本武蔵(涼),生命上昇率向上Lv.5,器用上昇率向上Lv.3,生命上昇Lv.1,対象外,対象外,対象外,ZIP内get_data.csvから確認／画像IDはZIP内に列なし,internal_id,照合用のみ
EIK_0218,57074803,57074803,57074803.webp,images/eiketsu/57074803.webp,https://tenka1game.com/nobon-jinpo/images/eiketsu/57074803.webp,独自ID,元サイトIDあり,蛍(吸血),鍛冶屋,鍛冶屋,7,鉄砲鍛冶,鬼,飛道具使い,対象外,34598,18316,3022,2210,2303,1337,2598,1824,1904,1779,2001,ID確定,英傑名完全一致,蛍(吸血),腕力上昇率向上Lv.5,生命上昇Lv.3,腕力上昇Lv.1,対象外,対象外,対象外,ZIP内get_data.csvから確認／画像IDはZIP内に列なし,internal_id,照合用のみ
EIK_0219,35258770,35258770,35258770.webp,images/eiketsu/35258770.webp,https://tenka1game.com/nobon-jinpo/images/eiketsu/35258770.webp,独自ID,元サイトIDあり,後藤又兵衛,鍛冶屋,鍛冶屋,7,鎧鍛冶,猛将,根性,対象外,37270,20134,1999,2202,1610,1018,2267,1182,1256,1129,1177,ID確定,英傑名完全一致,後藤又兵衛,生命修練志向Lv.5,耐久上昇率向上Lv.2,,対象外,対象外,対象外,ZIP内get_data.csvから確認／画像IDはZIP内に列なし,internal_id,照合用のみ
EIK_0220,9384777,9384777,9384777.webp,images/eiketsu/9384777.webp,https://tenka1game.com/nobon-jinpo/images/eiketsu/9384777.webp,独自ID,元サイトIDあり,江里口信常,傾奇者,傾奇者,7,殺陣,猛将,対象外,対象外,28859,13877,2530,1266,1323,1580,1520,1117,1049,1061,1088,ID確定,英傑名完全一致,江里口信常,生命修練上昇Lv.2,,,対象外,対象外,対象外,ZIP内get_data.csvから確認／画像IDはZIP内に列なし,internal_id,照合用のみ
EIK_0221,25540336,25540336,25540336.webp,images/eiketsu/25540336.webp,https://tenka1game.com/nobon-jinpo/images/eiketsu/25540336.webp,独自ID,元サイトIDあり,降神祈祷師,神主・巫女,神主/巫女,7,古神道,長寿,対象外,対象外,25906,21697,2232,1174,1307,1764,1935,1333,1200,1136,1378,ID確定,英傑名完全一致,降神祈祷師,魅力上昇Lv.3,生命上昇率向上Lv.1,,対象外,対象外,対象外,ZIP内get_data.csvから確認／画像IDはZIP内に列なし,internal_id,照合用のみ
EIK_0222,34456869,34456869,34456869.webp,images/eiketsu/34456869.webp,https://tenka1game.com/nobon-jinpo/images/eiketsu/34456869.webp,独自ID,元サイトIDあり,高橋紹運,侍,侍,7,武士道,猛将,対象外,対象外,30897,16990,1913,1703,1515,1714,1928,1050,1011,960,1431,ID確定,英傑名完全一致,高橋紹運,気合修練志向Lv.2,,,対象外,対象外,対象外,ZIP内get_data.csvから確認／画像IDはZIP内に列なし,internal_id,照合用のみ
EIK_0223,60504610,60504610,60504610.webp,images/eiketsu/60504610.webp,https://tenka1game.com/nobon-jinpo/images/eiketsu/60504610.webp,独自ID,元サイトIDあり,黒田長政,鍛冶屋,鍛冶屋,7,鉄砲鍛冶,才腕,外交官,対象外,34857,17748,3103,2191,2065,2654,3003,2241,2209,2339,2197,ID確定,英傑名完全一致,黒田長政,腕力上昇Lv.5,魅力上昇Lv.3,腕力上昇率向上Lv.1,対象外,対象外,対象外,ZIP内get_data.csvから確認／画像IDはZIP内に列なし,internal_id,照合用のみ
EIK_0224,3118604,3118604,3118604.webp,images/eiketsu/3118604.webp,https://tenka1game.com/nobon-jinpo/images/eiketsu/3118604.webp,独自ID,元サイトIDあり,黒猫ノア,傾奇者,傾奇者,7,四象,外交官,洒落者,対象外,31224,19773,2463,1556,2110,2928,2765,2842,3001,2810,2817,ID確定,英傑名完全一致,黒猫ノア,知力上昇率向上Lv.5,土属性上昇率向上Lv.3,水属性上昇率向上Lv.1,対象外,対象外,対象外,ZIP内get_data.csvから確認／画像IDはZIP内に列なし,internal_id,照合用のみ
EIK_0225,27325764,27325764,27325764.webp,images/eiketsu/27325764.webp,https://tenka1game.com/nobon-jinpo/images/eiketsu/27325764.webp,独自ID,元サイトIDあり,佐々木小次郎(涼),侍,侍,7,武芸,鬼,剣豪,対象外,33891,17809,3080,1405,2340,1721,2132,2005,1381,2024,1308,ID確定,英傑名完全一致,佐々木小次郎(涼),腕力上昇率向上Lv.5,器用上昇Lv.3,腕力上昇Lv.1,対象外,対象外,対象外,ZIP内get_data.csvから確認／画像IDはZIP内に列なし,internal_id,照合用のみ
EIK_0226,35216660,35216660,35216660.webp,images/eiketsu/35216660.webp,https://tenka1game.com/nobon-jinpo/images/eiketsu/35216660.webp,独自ID,元サイトIDあり,柴田勝家(風雲),侍,侍,7,武芸,鬼,猛将,対象外,36043,17496,3102,1747,1923,1385,1870,1676,1653,2186,1614,ID確定,英傑名完全一致,柴田勝家(風雲),腕力上昇率向上Lv.5,腕力上昇Lv.3,腕力修練志向Lv.1,対象外,対象外,対象外,ZIP内get_data.csvから確認／画像IDはZIP内に列なし,internal_id,照合用のみ
EIK_0227,10735178,10735178,10735178.webp,images/eiketsu/10735178.webp,https://tenka1game.com/nobon-jinpo/images/eiketsu/10735178.webp,独自ID,元サイトIDあり,種子島時堯,侍,侍,7,軍学,飛道具使い,対象外,対象外,32357,14205,2221,1801,1457,1670,1770,1039,1064,1449,1100,ID確定,英傑名完全一致,種子島時堯,生命上昇率向上Lv.2,,,対象外,対象外,対象外,ZIP内get_data.csvから確認／画像IDはZIP内に列なし,internal_id,照合用のみ
EIK_0228,97197601,97197601,97197601.webp,images/eiketsu/97197601.webp,https://tenka1game.com/nobon-jinpo/images/eiketsu/97197601.webp,独自ID,元サイトIDあり,出雲阿国(周年),神主・巫女,神主/巫女,7,雅楽,洒落者,明敏,対象外,31225,20810,1615,1587,1614,2795,2957,1572,1618,1651,1456,ID確定,英傑名完全一致,出雲阿国(周年),知力上昇Lv.5,生命上昇Lv.2,,対象外,対象外,対象外,ZIP内get_data.csvから確認／画像IDはZIP内に列なし,internal_id,照合用のみ
EIK_0229,90692810,90692810,90692810.webp,images/eiketsu/90692810.webp,https://tenka1game.com/nobon-jinpo/images/eiketsu/90692810.webp,独自ID,元サイトIDあり,出雲阿国(神将),傾奇者,傾奇者,7,地勢,洒落者,対象外,対象外,30736,16170,1443,1768,1638,2704,2938,1940,1366,1346,1933,ID確定,英傑名完全一致,出雲阿国(神将),魅力上昇Lv.5,生命上昇率向上Lv.2,,対象外,対象外,対象外,ZIP内get_data.csvから確認／画像IDはZIP内に列なし,internal_id,照合用のみ
EIK_0230,97496320,97496320,97496320.webp,images/eiketsu/97496320.webp,https://tenka1game.com/nobon-jinpo/images/eiketsu/97496320.webp,独自ID,元サイトIDあり,出雲阿国(野望),神主・巫女,神主/巫女,7,雅楽,洒落者,女傑,対象外,34421,26013,1785,1663,1717,2694,3113,2080,2259,1940,1945,ID確定,英傑名完全一致,出雲阿国(野望),魅力上昇Lv.5,魅力上昇率向上Lv.5,魅力修練志向Lv.1,対象外,対象外,対象外,ZIP内get_data.csvから確認／画像IDはZIP内に列なし,internal_id,照合用のみ
EIK_0231,12659228,12659228,12659228.webp,images/eiketsu/12659228.webp,https://tenka1game.com/nobon-jinpo/images/eiketsu/12659228.webp,独自ID,元サイトIDあり,小松姫(航海),陰陽師,陰陽師,7,仙道,内助の功,女傑,対象外,32849,17983,1103,1475,1276,2738,2794,1695,2829,1559,2881,ID確定,英傑名完全一致,小松姫(航海),魅力上昇Lv.5,知力上昇Lv.2,,対象外,対象外,対象外,ZIP内get_data.csvから確認／画像IDはZIP内に列なし,internal_id,照合用のみ
EIK_0232,879247,879247,879247.webp,images/eiketsu/879247.webp,https://tenka1game.com/nobon-jinpo/images/eiketsu/879247.webp,独自ID,元サイトIDあり,小松姫(水練),侍,侍,7,武芸,女傑,対象外,対象外,26360,17496,2365,1460,1505,1358,2219,976,1360,947,1287,ID確定,英傑名完全一致,小松姫(水練),水属性上昇Lv.2,,,対象外,対象外,対象外,ZIP内get_data.csvから確認／画像IDはZIP内に列なし,internal_id,照合用のみ
EIK_0233,4594740,4594740,4594740.webp,images/eiketsu/4594740.webp,https://tenka1game.com/nobon-jinpo/images/eiketsu/4594740.webp,独自ID,元サイトIDあり,小早川隆景(羽織),陰陽師,陰陽師,7,陰陽道,知将,対象外,明敏,33735,17425,1178,1948,1562,2893,2666,2333,2825,2785,2330,ID確定,英傑名完全一致,小早川隆景(羽織),知力上昇Lv.5,知力修練志向Lv.3,知力上昇率向上Lv.1,2026/3/18,三子教訓の智,敵単体と敵全体に水属性術攻撃を行い、状態Lv2の火・水属性呪詛を与える。また、自身に気合ダメージを受けた時に追加行動を行う状態を付与。,ZIP内get_data.csvから確認／画像IDはZIP内に列なし,internal_id,照合用のみ
EIK_0234,55785997,55785997,55785997.webp,images/eiketsu/55785997.webp,https://tenka1game.com/nobon-jinpo/images/eiketsu/55785997.webp,独自ID,元サイトIDあり,晶,傾奇者,傾奇者,7,地勢,女傑,対象外,対象外,30456,15554,2347,1610,1515,1766,1726,1213,1139,1122,1172,ID確定,英傑名完全一致,晶,腕力修練志向Lv.3,腕力上昇Lv.1,,対象外,対象外,対象外,ZIP内get_data.csvから確認／画像IDはZIP内に列なし,internal_id,照合用のみ
EIK_0235,8515590,8515590,8515590.webp,images/eiketsu/8515590.webp,https://tenka1game.com/nobon-jinpo/images/eiketsu/8515590.webp,独自ID,元サイトIDあり,松永久秀(野望),傾奇者,傾奇者,7,四象,明敏,野心家,対象外,31224,20073,2463,1383,2066,2898,2008,2253,2176,2832,2272,ID確定,英傑名完全一致,松永久秀(野望),知力上昇Lv.5,知力上昇率向上Lv.3,火属性上昇率向上Lv.1,対象外,対象外,対象外,ZIP内get_data.csvから確認／画像IDはZIP内に列なし,internal_id,照合用のみ
EIK_0236,37536837,37536837,37536837.webp,images/eiketsu/37536837.webp,https://tenka1game.com/nobon-jinpo/images/eiketsu/37536837.webp,独自ID,元サイトIDあり,城大工かんな,鍛冶屋,鍛冶屋,7,刀鍛冶,宿将,女傑,対象外,34292,13937,2521,2122,1686,1814,2496,2535,1603,2508,1585,ID確定,英傑名完全一致,城大工かんな,腕力上昇Lv.3,耐久上昇率向上Lv.1,,対象外,対象外,対象外,ZIP内get_data.csvから確認／画像IDはZIP内に列なし,internal_id,照合用のみ
EIK_0237,48430006,48430006,48430006.webp,images/eiketsu/48430006.webp,https://tenka1game.com/nobon-jinpo/images/eiketsu/48430006.webp,独自ID,元サイトIDあり,森長可,侍,侍,7,武芸,宿将,鬼,対象外,33622,19996,2968,1911,2230,1748,2709,2228,2284,2261,2215,ID確定,英傑名完全一致,森長可,腕力上昇Lv.5,耐久上昇Lv.3,器用上昇率向上Lv.1,対象外,対象外,対象外,ZIP内get_data.csvから確認／画像IDはZIP内に列なし,internal_id,照合用のみ
EIK_0238,93825058,93825058,93825058.webp,images/eiketsu/93825058.webp,https://tenka1game.com/nobon-jinpo/images/eiketsu/93825058.webp,独自ID,元サイトIDあり,森蘭丸(凶禍),侍,侍,7,武芸,勇将,対象外,対象外,35774,19527,2790,2088,1561,1856,2429,1496,1077,958,2152,ID確定,英傑名完全一致,森蘭丸(凶禍),腕力修練上昇Lv.5,生命上昇率向上Lv.2,生命上昇Lv.1,対象外,対象外,対象外,ZIP内get_data.csvから確認／画像IDはZIP内に列なし,internal_id,照合用のみ
EIK_0239,12007359,12007359,12007359.webp,images/eiketsu/12007359.webp,https://tenka1game.com/nobon-jinpo/images/eiketsu/12007359.webp,独自ID,元サイトIDあり,真田幸村(水練),侍,侍,7,武芸,洒落者,根性,対象外,30125,17184,2544,1337,1394,1614,1957,1007,1740,1023,1002,ID確定,英傑名完全一致,真田幸村(水練),水属性上昇率向上,,,対象外,対象外,対象外,ZIP内get_data.csvから確認／画像IDはZIP内に列なし,internal_id,照合用のみ
EIK_0240,85605402,85605402,85605402.webp,images/eiketsu/85605402.webp,https://tenka1game.com/nobon-jinpo/images/eiketsu/85605402.webp,独自ID,元サイトIDあり,真田信幸(航海),侍,侍,7,武士道,長寿,対象外,対象外,36233,19878,2027,1942,1576,1920,2776,1330,2632,1205,2488,ID確定,英傑名完全一致,真田信幸(航海),生命上昇Lv.5,知力修練志向Lv.2,,対象外,対象外,対象外,ZIP内get_data.csvから確認／画像IDはZIP内に列なし,internal_id,照合用のみ
EIK_0241,63213855,63213855,63213855.webp,images/eiketsu/63213855.webp,https://tenka1game.com/nobon-jinpo/images/eiketsu/63213855.webp,独自ID,元サイトIDあり,石田三成(西軍),陰陽師,陰陽師,7,陰陽道,根性,名臣,対象外,34000,20703,1383,1914,1831,2893,2997,2316,2257,2224,2296,ID確定,英傑名完全一致,石田三成(西軍),知力上昇Lv.5,知力上昇率向上Lv.3,魅力上昇Lv.1,対象外,対象外,対象外,ZIP内get_data.csvから確認／画像IDはZIP内に列なし,internal_id,照合用のみ
EIK_0242,91853650,91853650,91853650.webp,images/eiketsu/91853650.webp,https://tenka1game.com/nobon-jinpo/images/eiketsu/91853650.webp,独自ID,元サイトIDあり,仙桃院,僧,僧,7,密教,世渡り上手,女傑,対象外,35859,22911,1865,2154,1937,3025,3039,2262,2954,2153,2132,ID確定,英傑名完全一致,仙桃院,知力上昇率向上Lv.5,知力上昇Lv.3,水属性上昇Lv.1,対象外,対象外,対象外,ZIP内get_data.csvから確認／画像IDはZIP内に列なし,internal_id,照合用のみ
EIK_0243,97180878,97180878,97180878.webp,images/eiketsu/97180878.webp,https://tenka1game.com/nobon-jinpo/images/eiketsu/97180878.webp,独自ID,元サイトIDあり,前田慶次(神将),傾奇者,傾奇者,7,四象,洒落者,対象外,対象外,33866,14980,2648,1844,1520,2314,2209,2128,2132,2132,2135,ID確定,英傑名完全一致,前田慶次(神将),生命上昇Lv.5,腕力上昇Lv.2,,対象外,対象外,対象外,ZIP内get_data.csvから確認／画像IDはZIP内に列なし,internal_id,照合用のみ
EIK_0244,98826390,98826390,98826390.webp,images/eiketsu/98826390.webp,https://tenka1game.com/nobon-jinpo/images/eiketsu/98826390.webp,独自ID,元サイトIDあり,前田慶次(野望),傾奇者,傾奇者,7,四象,洒落者,猛将,対象外,37229,23219,3141,1810,1918,2315,3136,2504,2502,2477,2612,ID確定,英傑名完全一致,前田慶次(野望),腕力上昇Lv.5,魅力上昇Lv.3,魅力修練志向Lv.1,対象外,対象外,対象外,ZIP内get_data.csvから確認／画像IDはZIP内に列なし,internal_id,照合用のみ
EIK_0245,37513496,37513496,37513496.webp,images/eiketsu/37513496.webp,https://tenka1game.com/nobon-jinpo/images/eiketsu/37513496.webp,独自ID,元サイトIDあり,滝川一益(風雲),忍者,忍者,7,忍法,才腕,忍び,対象外,32518,19917,3053,1791,2528,2122,2457,2044,2015,2044,2064,ID確定,英傑名完全一致,滝川一益(風雲),腕力上昇Lv.5,腕力上昇率向上Lv.3,器用上昇Lv.1,対象外,対象外,対象外,ZIP内get_data.csvから確認／画像IDはZIP内に列なし,internal_id,照合用のみ
EIK_0246,56555361,56555361,56555361.webp,images/eiketsu/56555361.webp,https://tenka1game.com/nobon-jinpo/images/eiketsu/56555361.webp,独自ID,元サイトIDあり,竹中半兵衛(知将),陰陽師,陰陽師,7,陰陽道,知将,才腕,明敏,27094,18288,951,1757,1330,2745,2424,1921,1822,1829,2891,ID確定,英傑名完全一致,竹中半兵衛(知将),知力上昇Lv.5,気合上昇率向上Lv.2,,対象外,対象外,対象外,ZIP内get_data.csvから確認／画像IDはZIP内に列なし,internal_id,照合用のみ
EIK_0247,47141776,47141776,47141776.webp,images/eiketsu/47141776.webp,https://tenka1game.com/nobon-jinpo/images/eiketsu/47141776.webp,独自ID,元サイトIDあり,島左近,侍,侍,7,軍学,鬼,世渡り上手,根性,35732,19887,2945,2097,2041,2812,2889,2460,2602,2820,2874,ID確定,英傑名完全一致,島左近,腕力上昇Lv.5,腕力上昇率向上Lv.3,知力上昇Lv.1,対象外,対象外,対象外,ZIP内get_data.csvから確認／画像IDはZIP内に列なし,internal_id,照合用のみ
EIK_0248,93399954,93399954,93399954.webp,images/eiketsu/93399954.webp,https://tenka1game.com/nobon-jinpo/images/eiketsu/93399954.webp,独自ID,元サイトIDあり,道場娘まり,侍,侍,7,武士道,女傑,対象外,対象外,28089,18690,2295,2043,1060,1714,2313,1167,1125,1067,1100,ID確定,英傑名完全一致,道場娘まり,生命修練志向Lv.1,,,対象外,対象外,対象外,ZIP内get_data.csvから確認／画像IDはZIP内に列なし,internal_id,照合用のみ
EIK_0249,79035763,79035763,79035763.webp,images/eiketsu/79035763.webp,https://tenka1game.com/nobon-jinpo/images/eiketsu/79035763.webp,独自ID,元サイトIDあり,道場娘まり(和装),侍,侍,7,武士道,女傑,剣豪,対象外,35110,16310,2601,1976,1425,1817,2506,1167,1125,1067,2213,ID確定,英傑名完全一致,道場娘まり(和装),生命上昇Lv.2,,,対象外,対象外,対象外,ZIP内get_data.csvから確認／画像IDはZIP内に列なし,internal_id,照合用のみ
EIK_0250,24482033,24482033,24482033.webp,images/eiketsu/24482033.webp,https://tenka1game.com/nobon-jinpo/images/eiketsu/24482033.webp,独自ID,元サイトIDあり,鍋島直茂(人狼),傾奇者,傾奇者,7,殺陣,洒落者,対象外,名臣,30678,11354,2814,1501,1299,2310,1458,1049,933,1008,1055,ID確定,英傑名完全一致,鍋島直茂(人狼),腕力修練上昇Lv.2,腕力上昇Lv.1,,対象外,対象外,対象外,ZIP内get_data.csvから確認／画像IDはZIP内に列なし,internal_id,照合用のみ
EIK_0380,未確認,未確認,未確認,未確認,未確認,独自ID,元サイトID未確認,濃姫,神主・巫女,神主/巫女,7,雅楽,内助の功,対象外,対象外,30242,15608,1584,1171,984,2391,2451,1514,1460,1601,1477,旧参照データから追加,DB英傑名照合,濃姫(雅楽),魅力上昇率向上Lv.2,,,2026/05/26,,,旧参照データで確認,internal_id,未確認。internal_idで運用
EIK_0252,未確認,未確認,未確認,未確認,未確認,独自ID,元サイトID未確認,濃姫(特別),神主・巫女,神主/巫女,7,古神道,内助の功,対象外,対象外,23833,28206,1339,1174,1399,1923,2902,1507,1320,1591,1557,未確認,ID付きCSV/eiketsu.json側に完全一致・空白除去一致が無い,濃姫(特別),知力修練志向Lv.2,,,対象外,対象外,対象外,ZIP内get_data.csvから確認／画像IDはZIP内に列なし,internal_id,未確認。internal_idで運用
EIK_0253,52026173,52026173,52026173.webp,images/eiketsu/52026173.webp,https://tenka1game.com/nobon-jinpo/images/eiketsu/52026173.webp,独自ID,元サイトIDあり,福島正則,鍛冶屋,鍛冶屋,7,刀鍛冶,猛将,勇将,対象外,35823,20568,2966,2387,1991,1502,2317,2132,2283,2196,2266,ID確定,英傑名完全一致,福島正則,耐久上昇Lv.5,腕力上昇Lv.3,腕力修練志向Lv.1,対象外,対象外,対象外,ZIP内get_data.csvから確認／画像IDはZIP内に列なし,internal_id,照合用のみ
EIK_0254,11345059,11345059,11345059.webp,images/eiketsu/11345059.webp,https://tenka1game.com/nobon-jinpo/images/eiketsu/11345059.webp,独自ID,元サイトIDあり,北条氏政(獅子),傾奇者,傾奇者,7,地勢,根性,世渡り上手,信義,30456,20482,2442,2131,2164,2833,2971,2583,2505,2535,2613,ID確定,英傑名完全一致,北条氏政(獅子),知力上昇Lv.5,魅力上昇Lv.3,知力修練志向Lv.1,対象外,対象外,対象外,ZIP内get_data.csvから確認／画像IDはZIP内に列なし,internal_id,照合用のみ
EIK_0255,54818323,54818323,54818323.webp,images/eiketsu/54818323.webp,https://tenka1game.com/nobon-jinpo/images/eiketsu/54818323.webp,独自ID,元サイトIDあり,本多忠勝(盛夏),僧,僧,7,僧兵,剣豪,対象外,対象外,35606,14557,3012,2097,1274,1588,2240,1087,1188,1073,1219,ID確定,英傑名完全一致,本多忠勝(盛夏),腕力上昇Lv.5,生命修練上昇Lv.2,,対象外,対象外,対象外,ZIP内get_data.csvから確認／画像IDはZIP内に列なし,internal_id,照合用のみ
EIK_0256,77317269,77317269,77317269.webp,images/eiketsu/77317269.webp,https://tenka1game.com/nobon-jinpo/images/eiketsu/77317269.webp,独自ID,元サイトIDあり,魔女ルシア,神主・巫女,神主/巫女,7,古神道,文化人,洒落者,女傑,33936,28858,1800,1735,1438,2841,2902,2121,2028,1819,2370,ID確定,英傑名完全一致,魔女ルシア,知力上昇Lv.5,魅力上昇Lv.3,魅力上昇率向上Lv.1,対象外,対象外,対象外,ZIP内get_data.csvから確認／画像IDはZIP内に列なし,internal_id,照合用のみ
EIK_0257,13065251,13065251,13065251.webp,images/eiketsu/13065251.webp,https://tenka1game.com/nobon-jinpo/images/eiketsu/13065251.webp,独自ID,元サイトIDあり,魔女娘まり,侍,侍,7,武士道,洒落者,対象外,対象外,35671,18689,2295,2044,1364,1766,2313,1167,1125,1067,1101,ID確定,英傑名完全一致,魔女娘まり,耐久修練志向Lv.2,耐久上昇Lv.1,,対象外,対象外,対象外,ZIP内get_data.csvから確認／画像IDはZIP内に列なし,internal_id,照合用のみ
EIK_0258,16653100,16653100,16653100.webp,images/eiketsu/16653100.webp,https://tenka1game.com/nobon-jinpo/images/eiketsu/16653100.webp,独自ID,元サイトIDあり,明智光秀(闇),僧,僧,7,僧兵,鬼,洒落者,野心家,37685,21408,3353,2258,2005,2524,2792,2196,2578,2344,2084,ID確定,英傑名完全一致,明智光秀(闇),生命上昇率向上Lv.5,知力上昇Lv.3,生命上昇Lv.1,対象外,対象外,対象外,ZIP内get_data.csvから確認／画像IDはZIP内に列なし,internal_id,照合用のみ
EIK_0259,18999883,18999883,18999883.webp,images/eiketsu/18999883.webp,https://tenka1game.com/nobon-jinpo/images/eiketsu/18999883.webp,独自ID,元サイトIDあり,明智光秀(初期),僧,僧,7,密教,野心家,対象外,対象外,27584,16724,1435,1325,1107,2297,1788,532,2147,2026,497,ID確定,英傑名完全一致,明智光秀(初期),知力上昇Lv.3,知力上昇率向上Lv.1,,対象外,対象外,対象外,ZIP内get_data.csvから確認／画像IDはZIP内に列なし,internal_id,照合用のみ
EIK_0260,70073966,70073966,70073966.webp,images/eiketsu/70073966.webp,https://tenka1game.com/nobon-jinpo/images/eiketsu/70073966.webp,独自ID,元サイトIDあり,立花宗茂,侍,侍,7,武芸,猛将,対象外,対象外,30126,15309,2610,1336,1421,1317,1747,1007,1032,1022,1213,ID確定,英傑名完全一致,立花宗茂,生命修練志向Lv.2,,,対象外,対象外,対象外,ZIP内get_data.csvから確認／画像IDはZIP内に列なし,internal_id,照合用のみ
EIK_0261,23321454,23321454,23321454.webp,images/eiketsu/23321454.webp,https://tenka1game.com/nobon-jinpo/images/eiketsu/23321454.webp,独自ID,元サイトIDあり,立花宗茂(盛夏),侍,侍,7,武士道,剣豪,対象外,対象外,35390,20048,2429,1721,1576,2109,2159,2509,1035,1002,1277,ID確定,英傑名完全一致,立花宗茂(盛夏),気合上昇Lv.5,魅力修練上昇Lv.2,,対象外,対象外,対象外,ZIP内get_data.csvから確認／画像IDはZIP内に列なし,internal_id,照合用のみ
EIK_0262,93940988,93940988,93940988.webp,images/eiketsu/93940988.webp,https://tenka1game.com/nobon-jinpo/images/eiketsu/93940988.webp,独自ID,元サイトIDあり,立花誾千代(猫又),侍,侍,7,武芸,洒落者,対象外,対象外,33891,15465,2656,1515,1477,1398,2324,2514,1109,1087,1023,ID確定,英傑名完全一致,立花誾千代(猫又),気合修練上昇Lv.2,生命上昇Lv.1,,対象外,対象外,対象外,ZIP内get_data.csvから確認／画像IDはZIP内に列なし,internal_id,照合用のみ
EIK_0263,23998406,23998406,23998406.webp,images/eiketsu/23998406.webp,https://tenka1game.com/nobon-jinpo/images/eiketsu/23998406.webp,独自ID,元サイトIDあり,お知恵,陰陽師,陰陽師,6,仙道,明敏,対象外,対象外,24458,13275,705,1138,952,1992,1827,1823,1857,1772,1886,ID確定,英傑名完全一致,お知恵,知力上昇Lv.1,,,対象外,対象外,対象外,ZIP内get_data.csvから確認／画像IDはZIP内に列なし,internal_id,照合用のみ
EIK_0264,62073398,62073398,62073398.webp,images/eiketsu/62073398.webp,https://tenka1game.com/nobon-jinpo/images/eiketsu/62073398.webp,独自ID,元サイトIDあり,サンチョ,陰陽師,陰陽師,6,召喚術,神仏の徒,対象外,対象外,20542,10561,607,892,728,1503,1399,1035,856,717,825,ID確定,英傑名完全一致,サンチョ,土属性上昇Lv.1,,,対象外,対象外,対象外,ZIP内get_data.csvから確認／画像IDはZIP内に列なし,internal_id,照合用のみ
EIK_0265,63269193,63269193,63269193.webp,images/eiketsu/63269193.webp,https://tenka1game.com/nobon-jinpo/images/eiketsu/63269193.webp,独自ID,元サイトIDあり,もの知り爺,僧,僧,6,僧兵,宿将,対象外,対象外,26548,12769,1992,1344,1242,1697,1551,1348,1427,1333,1328,ID確定,英傑名完全一致,もの知り爺,腕力上昇Lv.1,,,対象外,対象外,対象外,ZIP内get_data.csvから確認／画像IDはZIP内に列なし,internal_id,照合用のみ
EIK_0266,66497416,66497416,66497416.webp,images/eiketsu/66497416.webp,https://tenka1game.com/nobon-jinpo/images/eiketsu/66497416.webp,独自ID,元サイトIDあり,愛弟子ノア,神主・巫女,神主/巫女,6,古神道,明敏,対象外,対象外,26829,20571,1022,1093,1031,1877,1832,2352,1018,1004,1508,ID確定,英傑名完全一致,愛弟子ノア,土属性上昇Lv.1,,,対象外,対象外,対象外,ZIP内get_data.csvから確認／画像IDはZIP内に列なし,internal_id,照合用のみ
EIK_0267,10706260,10706260,10706260.webp,images/eiketsu/10706260.webp,https://tenka1game.com/nobon-jinpo/images/eiketsu/10706260.webp,独自ID,元サイトIDあり,安藤守就,陰陽師,陰陽師,6,陰陽道,猛将,対象外,対象外,22370,14053,735,807,896,1951,1663,2271,975,967,1035,ID確定,英傑名完全一致,安藤守就,土属性上昇Lv.1,,,対象外,対象外,対象外,ZIP内get_data.csvから確認／画像IDはZIP内に列なし,internal_id,照合用のみ
EIK_0268,26618680,26618680,26618680.webp,images/eiketsu/26618680.webp,https://tenka1game.com/nobon-jinpo/images/eiketsu/26618680.webp,独自ID,元サイトIDあり,伊達成実,侍,侍,6,武芸,剣豪,対象外,対象外,23409,10928,2304,1092,1264,921,1408,688,844,682,682,ID確定,英傑名完全一致,伊達成実,腕力修練上昇Lv.1,腕力上昇Lv.1,,対象外,対象外,対象外,ZIP内get_data.csvから確認／画像IDはZIP内に列なし,internal_id,照合用のみ
EIK_0269,78996284,78996284,78996284.webp,images/eiketsu/78996284.webp,https://tenka1game.com/nobon-jinpo/images/eiketsu/78996284.webp,独自ID,元サイトIDあり,雨森弥兵衛,陰陽師,陰陽師,6,陰陽道,勇将,対象外,対象外,21251,14053,735,1153,896,1651,1663,1207,1770,1026,1099,ID確定,英傑名完全一致,雨森弥兵衛,知力修練上昇Lv.1,,,対象外,対象外,対象外,ZIP内get_data.csvから確認／画像IDはZIP内に列なし,internal_id,照合用のみ
EIK_0270,89591162,89591162,89591162.webp,images/eiketsu/89591162.webp,https://tenka1game.com/nobon-jinpo/images/eiketsu/89591162.webp,独自ID,元サイトIDあり,鵜殿長持,神主・巫女,神主/巫女,6,古神道,世渡り上手,対象外,対象外,22054,17734,982,1061,910,1551,1621,1239,911,875,1068,ID確定,英傑名完全一致,鵜殿長持,土属性上昇率向上Lv.1,,,対象外,対象外,対象外,ZIP内get_data.csvから確認／画像IDはZIP内に列なし,internal_id,照合用のみ
EIK_0271,54277439,54277439,54277439.webp,images/eiketsu/54277439.webp,https://tenka1game.com/nobon-jinpo/images/eiketsu/54277439.webp,独自ID,元サイトIDあり,遠藤直経,忍者,忍者,6,暗殺術,忍び,対象外,対象外,23920,11521,1839,896,1750,1001,1454,636,1107,653,664,ID確定,英傑名完全一致,遠藤直経,水属性上昇率向上Lv.1,器用上昇Lv.1,,対象外,対象外,対象外,ZIP内get_data.csvから確認／画像IDはZIP内に列なし,internal_id,照合用のみ
EIK_0272,52026019,52026019,52026019.webp,images/eiketsu/52026019.webp,https://tenka1game.com/nobon-jinpo/images/eiketsu/52026019.webp,独自ID,元サイトIDあり,岡部元信,侍,侍,6,武士道,猛将,対象外,対象外,27030,13339,1380,1469,1113,1253,1587,930,741,708,732,ID確定,英傑名完全一致,岡部元信,魅力修練志向Lv.1,,,対象外,対象外,対象外,ZIP内get_data.csvから確認／画像IDはZIP内に列なし,internal_id,照合用のみ
EIK_0273,91944995,91944995,91944995.webp,images/eiketsu/91944995.webp,https://tenka1game.com/nobon-jinpo/images/eiketsu/91944995.webp,独自ID,元サイトIDあり,岡部正綱,侍,侍,6,武士道,世渡り上手,対象外,対象外,24572,14671,1278,1360,1089,1253,1586,931,742,707,732,ID確定,英傑名完全一致,岡部正綱,耐久上昇Lv.1,,,対象外,対象外,対象外,ZIP内get_data.csvから確認／画像IDはZIP内に列なし,internal_id,照合用のみ
EIK_0274,77335178,77335178,77335178.webp,images/eiketsu/77335178.webp,https://tenka1game.com/nobon-jinpo/images/eiketsu/77335178.webp,独自ID,元サイトIDあり,海北綱親,僧,僧,6,僧兵,知将,対象外,対象外,24490,12046,1607,1083,1053,1296,1349,635,681,625,1075,ID確定,英傑名完全一致,海北綱親,風属性上昇率向上Lv.1,,,対象外,対象外,対象外,ZIP内get_data.csvから確認／画像IDはZIP内に列なし,internal_id,照合用のみ
EIK_0275,34299129,34299129,34299129.webp,images/eiketsu/34299129.webp,https://tenka1game.com/nobon-jinpo/images/eiketsu/34299129.webp,独自ID,元サイトIDあり,鎧鍛冶次郎,鍛冶屋,鍛冶屋,6,鎧鍛冶,根性,対象外,対象外,33801,12704,1220,1844,1238,897,2021,1034,1030,1014,1013,ID確定,英傑名完全一致,鎧鍛冶次郎,耐久上昇Lv.1,,,対象外,対象外,対象外,ZIP内get_data.csvから確認／画像IDはZIP内に列なし,internal_id,照合用のみ
EIK_0276,87835918,87835918,87835918.webp,images/eiketsu/87835918.webp,https://tenka1game.com/nobon-jinpo/images/eiketsu/87835918.webp,独自ID,元サイトIDあり,柿崎景家,侍,侍,6,軍学,剣豪,対象外,対象外,25297,12192,1795,1385,1197,1525,1615,860,1029,808,865,ID確定,英傑名完全一致,柿崎景家,腕力修練志向Lv.1,生命上昇Lv.1,,対象外,対象外,対象外,ZIP内get_data.csvから確認／画像IDはZIP内に列なし,internal_id,照合用のみ
EIK_0277,84721994,84721994,84721994.webp,images/eiketsu/84721994.webp,https://tenka1game.com/nobon-jinpo/images/eiketsu/84721994.webp,独自ID,元サイトIDあり,関掃部,鍛冶屋,鍛冶屋,6,鉄砲鍛冶,飛道具使い,対象外,対象外,24468,11784,1926,1797,1779,1792,1565,847,713,683,721,ID確定,英傑名完全一致,関掃部,生命修練志向Lv.1,,,対象外,対象外,対象外,ZIP内get_data.csvから確認／画像IDはZIP内に列なし,internal_id,照合用のみ
EIK_0278,77785462,77785462,77785462.webp,images/eiketsu/77785462.webp,https://tenka1game.com/nobon-jinpo/images/eiketsu/77785462.webp,独自ID,元サイトIDあり,願証寺証恵,僧,僧,6,僧兵,名臣,対象外,神仏の徒,22888,12047,1639,1083,1052,1179,1901,710,760,700,852,ID確定,英傑名完全一致,願証寺証恵,気合上昇率向上Lv.1,魅力修練志向Lv.1,,対象外,対象外,対象外,ZIP内get_data.csvから確認／画像IDはZIP内に列なし,internal_id,照合用のみ
EIK_0279,19247512,19247512,19247512.webp,images/eiketsu/19247512.webp,https://tenka1game.com/nobon-jinpo/images/eiketsu/19247512.webp,独自ID,元サイトIDあり,鬼庭綱元,薬師,薬師,6,医学,名臣,対象外,対象外,22065,12519,678,1117,928,2021,2053,1860,1807,1860,1807,ID確定,英傑名完全一致,鬼庭綱元,魅力上昇率向上Lv.1,知力上昇率向上Lv.1,,対象外,対象外,対象外,ZIP内get_data.csvから確認／画像IDはZIP内に列なし,internal_id,照合用のみ
EIK_0280,39942362,39942362,39942362.webp,images/eiketsu/39942362.webp,https://tenka1game.com/nobon-jinpo/images/eiketsu/39942362.webp,独自ID,元サイトIDあり,鬼庭左月斎,侍,侍,6,軍学,長寿,宿将,対象外,26815,12834,1196,1482,1140,1525,1615,860,1029,808,865,ID確定,英傑名完全一致,鬼庭左月斎,水属性上昇Lv.1,,,2026/04/08,対象外,対象外,ZIP内get_data.csvから確認／画像IDはZIP内に列なし,internal_id,照合用のみ
EIK_0281,38669295,38669295,38669295.webp,images/eiketsu/38669295.webp,https://tenka1game.com/nobon-jinpo/images/eiketsu/38669295.webp,独自ID,元サイトIDあり,京極高吉,神主・巫女,神主/巫女,6,雅楽,神仏の徒,対象外,対象外,21376,12950,1024,892,914,1546,1528,789,706,678,996,ID確定,英傑名完全一致,京極高吉,知力上昇Lv.1,,,対象外,対象外,対象外,ZIP内get_data.csvから確認／画像IDはZIP内に列なし,internal_id,照合用のみ
EIK_0282,14595339,14595339,14595339.webp,images/eiketsu/14595339.webp,https://tenka1game.com/nobon-jinpo/images/eiketsu/14595339.webp,独自ID,元サイトIDあり,興正寺顕尊,僧,僧,6,仏門,神仏の徒,対象外,対象外,23428,13415,980,1233,858,1616,1535,836,860,797,999,ID確定,英傑名完全一致,興正寺顕尊,風属性上昇率向上Lv.1,,,対象外,対象外,対象外,ZIP内get_data.csvから確認／画像IDはZIP内に列なし,internal_id,照合用のみ
EIK_0283,88199305,88199305,88199305.webp,images/eiketsu/88199305.webp,https://tenka1game.com/nobon-jinpo/images/eiketsu/88199305.webp,独自ID,元サイトIDあり,光教寺顕誓,僧,僧,6,僧兵,神仏の徒,対象外,対象外,22887,13250,1607,1083,1053,1178,1214,710,760,700,853,ID確定,英傑名完全一致,光教寺顕誓,器用上昇率向上Lv.1,,,対象外,対象外,対象外,ZIP内get_data.csvから確認／画像IDはZIP内に列なし,internal_id,照合用のみ
EIK_0284,25385988,25385988,25385988.webp,images/eiketsu/25385988.webp,https://tenka1game.com/nobon-jinpo/images/eiketsu/25385988.webp,独自ID,元サイトIDあり,高坂昌信,陰陽師,陰陽師,6,陰陽道,知将,対象外,対象外,22370,14053,735,807,896,2207,2310,1874,1831,1933,1810,ID確定,英傑名完全一致,高坂昌信,火属性上昇率向上Lv.1,魅力修練上昇Lv.1,,対象外,対象外,対象外,ZIP内get_data.csvから確認／画像IDはZIP内に列なし,internal_id,照合用のみ
EIK_0285,66116226,66116226,66116226.webp,images/eiketsu/66116226.webp,https://tenka1game.com/nobon-jinpo/images/eiketsu/66116226.webp,独自ID,元サイトIDあり,細川晴元,陰陽師,陰陽師,6,陰陽道,文化人,対象外,対象外,22370,14053,735,1036,896,1832,1663,1349,1158,1147,1488,ID確定,英傑名完全一致,細川晴元,気合上昇Lv.1,知力修練志向Lv.1,,対象外,対象外,対象外,ZIP内get_data.csvから確認／画像IDはZIP内に列なし,internal_id,照合用のみ
EIK_0286,52757782,52757782,52757782.webp,images/eiketsu/52757782.webp,https://tenka1game.com/nobon-jinpo/images/eiketsu/52757782.webp,独自ID,元サイトIDあり,細川藤孝,陰陽師,陰陽師,6,仙道,文化人,長寿,対象外,21838,12889,719,947,889,1992,1575,1049,938,890,1178,ID確定,英傑名完全一致,細川藤孝,知力上昇率向上Lv.1,知力修練上昇Lv.1,,対象外,対象外,対象外,ZIP内get_data.csvから確認／画像IDはZIP内に列なし,internal_id,照合用のみ
EIK_0287,82659549,82659549,82659549.webp,images/eiketsu/82659549.webp,https://tenka1game.com/nobon-jinpo/images/eiketsu/82659549.webp,独自ID,元サイトIDあり,榊原康政,侍,侍,6,武士道,勇将,対象外,対象外,24572,14671,893,1224,1210,1253,1586,931,742,707,732,ID確定,英傑名完全一致,榊原康政,魅力上昇率向上Lv.1,生命上昇Lv.1,,対象外,対象外,対象外,ZIP内get_data.csvから確認／画像IDはZIP内に列なし,internal_id,照合用のみ
EIK_0288,90977969,90977969,90977969.webp,images/eiketsu/90977969.webp,https://tenka1game.com/nobon-jinpo/images/eiketsu/90977969.webp,独自ID,元サイトIDあり,三井遊雲軒,鍛冶屋,鍛冶屋,6,刀鍛冶,飛道具使い,対象外,対象外,35293,11421,1600,1668,1169,846,1493,868,714,679,700,ID確定,英傑名完全一致,三井遊雲軒,生命上昇Lv.1,,,対象外,対象外,対象外,ZIP内get_data.csvから確認／画像IDはZIP内に列なし,internal_id,照合用のみ
EIK_0289,52610245,52610245,52610245.webp,images/eiketsu/52610245.webp,https://tenka1game.com/nobon-jinpo/images/eiketsu/52610245.webp,独自ID,元サイトIDあり,三好義賢,侍,侍,6,武芸,文化人,対象外,対象外,23409,12142,2132,1092,1150,921,1408,688,697,825,682,ID確定,英傑名完全一致,三好義賢,魅力修練志向Lv.1,腕力上昇率向上Lv.1,,対象外,対象外,対象外,ZIP内get_data.csvから確認／画像IDはZIP内に列なし,internal_id,照合用のみ
EIK_0290,63868320,63868320,63868320.webp,images/eiketsu/63868320.webp,https://tenka1game.com/nobon-jinpo/images/eiketsu/63868320.webp,独自ID,元サイトIDあり,三好長逸,僧,僧,6,密教,野心家,対象外,対象外,24327,13878,1019,1303,850,1571,1418,963,979,1106,917,ID確定,英傑名完全一致,三好長逸,器用修練志向Lv.1,,,対象外,対象外,対象外,ZIP内get_data.csvから確認／画像IDはZIP内に列なし,internal_id,照合用のみ
EIK_0291,28448794,28448794,28448794.webp,images/eiketsu/28448794.webp,https://tenka1game.com/nobon-jinpo/images/eiketsu/28448794.webp,独自ID,元サイトIDあり,山県昌景,侍,侍,6,軍学,剣豪,勇将,対象外,28079,12834,1650,1524,1025,1525,1615,860,850,978,865,ID確定,英傑名完全一致,山県昌景,生命修練上昇Lv.1,生命修練志向Lv.1,,対象外,対象外,対象外,ZIP内get_data.csvから確認／画像IDはZIP内に列なし,internal_id,照合用のみ
EIK_0292,9463020,9463020,9463020.webp,images/eiketsu/9463020.webp,https://tenka1game.com/nobon-jinpo/images/eiketsu/9463020.webp,独自ID,元サイトIDあり,山中俊房,忍者,忍者,6,暗殺術,忍び,対象外,対象外,21238,11521,2024,896,1790,910,1454,711,725,729,899,ID確定,英傑名完全一致,山中俊房,器用上昇Lv.1,腕力修練上昇Lv.1,,対象外,対象外,対象外,ZIP内get_data.csvから確認／画像IDはZIP内に列なし,internal_id,照合用のみ
EIK_0293,23659845,23659845,23659845.webp,images/eiketsu/23659845.webp,https://tenka1game.com/nobon-jinpo/images/eiketsu/23659845.webp,独自ID,元サイトIDあり,氏家卜全,侍,侍,6,武士道,猛将,対象外,対象外,24572,13339,1789,1224,1210,1804,1808,931,782,707,732,ID確定,英傑名完全一致,氏家卜全,耐久修練志向Lv.1,,,対象外,対象外,対象外,ZIP内get_data.csvから確認／画像IDはZIP内に列なし,internal_id,照合用のみ
EIK_0294,51519369,51519369,51519369.webp,images/eiketsu/51519369.webp,https://tenka1game.com/nobon-jinpo/images/eiketsu/51519369.webp,独自ID,元サイトIDあり,柴田勝家,侍,侍,6,武芸,剣豪,対象外,宿将,23409,12142,2208,1092,976,921,1408,688,697,825,682,ID確定,英傑名完全一致,柴田勝家,腕力上昇Lv.1,腕力修練志向Lv.1,,対象外,対象外,対象外,ZIP内get_data.csvから確認／画像IDはZIP内に列なし,internal_id,照合用のみ
EIK_0295,20845833,20845833,20845833.webp,images/eiketsu/20845833.webp,https://tenka1game.com/nobon-jinpo/images/eiketsu/20845833.webp,独自ID,元サイトIDあり,酒井忠次,薬師,薬師,6,医学,外交官,対象外,対象外,22065,11267,678,1117,928,2210,2307,896,949,825,765,ID確定,英傑名完全一致,酒井忠次,知力上昇率向上Lv.1,魅力上昇Lv.1,,対象外,対象外,対象外,ZIP内get_data.csvから確認／画像IDはZIP内に列なし,internal_id,照合用のみ
EIK_0296,8590534,8590534,8590534.webp,images/eiketsu/8590534.webp,https://tenka1game.com/nobon-jinpo/images/eiketsu/8590534.webp,独自ID,元サイトIDあり,出浦盛清,忍者,忍者,6,暗殺術,忍び,対象外,対象外,22356,11521,2464,896,1857,910,1454,750,764,1153,782,ID確定,英傑名完全一致,出浦盛清,火属性上昇Lv.1,腕力上昇Lv.1,,対象外,対象外,対象外,ZIP内get_data.csvから確認／画像IDはZIP内に列なし,internal_id,照合用のみ
EIK_0297,94752513,94752513,94752513.webp,images/eiketsu/94752513.webp,https://tenka1game.com/nobon-jinpo/images/eiketsu/94752513.webp,独自ID,元サイトIDあり,小松姫,侍,侍,6,武芸,女傑,対象外,明敏,21067,12142,2304,1092,1150,1050,1817,651,660,646,1221,ID確定,英傑名完全一致,小松姫,気合上昇Lv.1,,,対象外,対象外,対象外,ZIP内get_data.csvから確認／画像IDはZIP内に列なし,internal_id,照合用のみ
EIK_0298,58765652,58765652,58765652.webp,images/eiketsu/58765652.webp,https://tenka1game.com/nobon-jinpo/images/eiketsu/58765652.webp,独自ID,元サイトIDあり,色部勝長,侍,侍,6,武芸,猛将,対象外,対象外,23409,12142,2304,1092,919,921,1408,688,697,682,825,ID確定,英傑名完全一致,色部勝長,水属性上昇Lv.1,,,対象外,対象外,対象外,ZIP内get_data.csvから確認／画像IDはZIP内に列なし,internal_id,照合用のみ
EIK_0299,76871514,76871514,76871514.webp,images/eiketsu/76871514.webp,https://tenka1game.com/nobon-jinpo/images/eiketsu/76871514.webp,独自ID,元サイトIDあり,伸介,陰陽師,陰陽師,6,召喚術,根性,対象外,対象外,22186,13965,705,1168,758,1600,1482,1630,1339,1655,1199,ID確定,英傑名完全一致,伸介,知力上昇率向上Lv.1,,,対象外,対象外,対象外,ZIP内get_data.csvから確認／画像IDはZIP内に列なし,internal_id,照合用のみ
EIK_0300,60344374,60344374,60344374.webp,images/eiketsu/60344374.webp,https://tenka1game.com/nobon-jinpo/images/eiketsu/60344374.webp,独自ID,元サイトIDあり,森蘭丸,侍,侍,6,武芸,名臣,対象外,対象外,34177,11414,2747,1856,2070,1871,2395,1312,1492,1371,1445,ID確定,英傑名完全一致,森蘭丸,腕力上昇率向上Lv.1,腕力修練志向Lv.1,,対象外,対象外,対象外,ZIP内get_data.csvから確認／画像IDはZIP内に列なし,internal_id,照合用のみ
EIK_0301,78264585,78264585,78264585.webp,images/eiketsu/78264585.webp,https://tenka1game.com/nobon-jinpo/images/eiketsu/78264585.webp,独自ID,元サイトIDあり,真田信幸,陰陽師,陰陽師,6,召喚術,長寿,名臣,対象外,20542,11735,607,892,1807,1503,2210,450,1347,1133,433,ID確定,英傑名完全一致,真田信幸,器用修練上昇Lv.1,魅力修練志向Lv.1,,対象外,対象外,対象外,ZIP内get_data.csvから確認／画像IDはZIP内に列なし,internal_id,照合用のみ
EIK_0302,57395467,57395467,57395467.webp,images/eiketsu/57395467.webp,https://tenka1game.com/nobon-jinpo/images/eiketsu/57395467.webp,独自ID,元サイトIDあり,陣蔵,侍,侍,6,軍学,宿将,対象外,対象外,28838,13732,1651,1607,1300,1846,1826,1812,1800,1806,1805,ID確定,英傑名完全一致,陣蔵,魅力修練志向Lv.1,,,対象外,対象外,対象外,ZIP内get_data.csvから確認／画像IDはZIP内に列なし,internal_id,照合用のみ
EIK_0303,73197201,73197201,73197201.webp,images/eiketsu/73197201.webp,https://tenka1game.com/nobon-jinpo/images/eiketsu/73197201.webp,独自ID,元サイトIDあり,西光寺真敬,僧,僧,6,密教,神仏の徒,対象外,対象外,24328,13879,1000,1303,916,1720,1542,962,980,912,1111,ID確定,英傑名完全一致,西光寺真敬,器用修練志向Lv.1,,,対象外,対象外,対象外,ZIP内get_data.csvから確認／画像IDはZIP内に列なし,internal_id,照合用のみ
EIK_0304,27816666,27816666,27816666.webp,images/eiketsu/27816666.webp,https://tenka1game.com/nobon-jinpo/images/eiketsu/27816666.webp,独自ID,元サイトIDあり,滝川一益,忍者,忍者,6,忍法,忍び,対象外,対象外,22504,11455,2133,924,1884,1040,1425,725,725,715,753,ID確定,英傑名完全一致,滝川一益,耐久修練上昇Lv.1,器用修練志向Lv.1,,対象外,対象外,対象外,ZIP内get_data.csvから確認／画像IDはZIP内に列なし,internal_id,照合用のみ
EIK_0305,78328462,78328462,78328462.webp,images/eiketsu/78328462.webp,https://tenka1game.com/nobon-jinpo/images/eiketsu/78328462.webp,独自ID,元サイトIDあり,丹羽長秀,薬師,薬師,6,医学,知将,対象外,対象外,22065,12519,678,1060,928,1860,1572,944,825,869,807,ID確定,英傑名完全一致,丹羽長秀,気合修練志向Lv.1,知力上昇Lv.1,,対象外,対象外,対象外,ZIP内get_data.csvから確認／画像IDはZIP内に列なし,internal_id,照合用のみ
EIK_0306,16392285,16392285,16392285.webp,images/eiketsu/16392285.webp,https://tenka1game.com/nobon-jinpo/images/eiketsu/16392285.webp,独自ID,元サイトIDあり,池田勝正,侍,侍,6,武士道,名臣,対象外,対象外,24572,13339,1278,1428,1150,1253,1586,768,742,707,886,ID確定,英傑名完全一致,池田勝正,耐久修練上昇Lv.1,,,対象外,対象外,対象外,ZIP内get_data.csvから確認／画像IDはZIP内に列なし,internal_id,照合用のみ
EIK_0307,19561022,19561022,19561022.webp,images/eiketsu/19561022.webp,https://tenka1game.com/nobon-jinpo/images/eiketsu/19561022.webp,独自ID,元サイトIDあり,朝倉景紀,神主・巫女,神主/巫女,6,神道,猛将,対象外,対象外,24320,12966,1564,1000,1194,1188,1549,796,753,743,974,ID確定,英傑名完全一致,朝倉景紀,生命修練志向Lv.1,,,対象外,対象外,対象外,ZIP内get_data.csvから確認／画像IDはZIP内に列なし,internal_id,照合用のみ
EIK_0308,83690371,83690371,83690371.webp,images/eiketsu/83690371.webp,https://tenka1game.com/nobon-jinpo/images/eiketsu/83690371.webp,独自ID,元サイトIDあり,朝倉景鏡,陰陽師,陰陽師,6,陰陽道,野心家,対象外,対象外,22371,14054,736,1152,897,1350,1662,1349,1159,1148,1488,ID確定,英傑名完全一致,朝倉景鏡,風属性上昇Lv.1,,,栄華の光,敵全体に無属性術ダメージを与える。さらに、解除可能な結界と付与をすべて解除する。,対象外,ZIP内get_data.csvから確認／画像IDはZIP内に列なし,internal_id,照合用のみ
EIK_0309,44476865,44476865,44476865.webp,images/eiketsu/44476865.webp,https://tenka1game.com/nobon-jinpo/images/eiketsu/44476865.webp,独自ID,元サイトIDあり,朝倉景隆,薬師,薬師,6,神通力,猛将,対象外,対象外,24479,13763,770,1207,1033,1358,1534,1021,894,894,1050,ID確定,英傑名完全一致,朝倉景隆,気合修練志向Lv.1,,,対象外,対象外,対象外,ZIP内get_data.csvから確認／画像IDはZIP内に列なし,internal_id,照合用のみ
EIK_0310,67633481,67633481,67633481.webp,images/eiketsu/67633481.webp,https://tenka1game.com/nobon-jinpo/images/eiketsu/67633481.webp,独自ID,元サイトIDあり,朝倉景連,薬師,薬師,6,医学,猛将,対象外,対象外,26479,12519,678,1117,928,1307,1499,896,783,825,928,ID確定,英傑名完全一致,朝倉景連,魅力修練上昇Lv.1,,,対象外,対象外,対象外,ZIP内get_data.csvから確認／画像IDはZIP内に列なし,internal_id,照合用のみ
EIK_0311,731112,731112,731112.webp,images/eiketsu/731112.webp,https://tenka1game.com/nobon-jinpo/images/eiketsu/731112.webp,独自ID,元サイトIDあり,的場源四郎,鍛冶屋,鍛冶屋,6,鎧鍛冶,飛道具使い,対象外,対象外,31888,12216,1197,1809,1802,1794,1798,929,777,719,758,ID確定,英傑名完全一致,的場源四郎,器用修練上昇Lv.1,,,対象外,対象外,対象外,ZIP内get_data.csvから確認／画像IDはZIP内に列なし,internal_id,照合用のみ
EIK_0312,30594435,30594435,30594435.webp,images/eiketsu/30594435.webp,https://tenka1game.com/nobon-jinpo/images/eiketsu/30594435.webp,独自ID,元サイトIDあり,藤岡屋伝助,傾奇者,傾奇者,6,四象,才腕,対象外,対象外,24745,12889,1853,1042,1552,1487,1413,1774,1721,1741,1692,ID確定,英傑名完全一致,藤岡屋伝助,火属性上昇Lv.1,,,対象外,対象外,対象外,ZIP内get_data.csvから確認／画像IDはZIP内に列なし,internal_id,照合用のみ
EIK_0313,22428357,22428357,22428357.webp,images/eiketsu/22428357.webp,https://tenka1game.com/nobon-jinpo/images/eiketsu/22428357.webp,独自ID,元サイトIDあり,道場忍お綾,忍者,忍者,6,忍法,才腕,対象外,対象外,26103,12715,1986,1109,1857,1124,1624,1481,1815,1818,1566,ID確定,英傑名完全一致,道場忍お綾,器用上昇Lv.1,,,対象外,対象外,対象外,ZIP内get_data.csvから確認／画像IDはZIP内に列なし,internal_id,照合用のみ
EIK_0314,99194840,99194840,99194840.webp,images/eiketsu/99194840.webp,https://tenka1game.com/nobon-jinpo/images/eiketsu/99194840.webp,独自ID,元サイトIDあり,内藤昌豊,薬師,薬師,6,修験道,勇将,対象外,対象外,14812,20115,1039,936,1096,669,2620,996,1182,993,963,ID確定,英傑名完全一致,内藤昌豊,魅力修練志向Lv.1,知力上昇Lv.1,,対象外,対象外,対象外,ZIP内get_data.csvから確認／画像IDはZIP内に列なし,internal_id,照合用のみ
EIK_0315,77741402,77741402,77741402.webp,images/eiketsu/77741402.webp,https://tenka1game.com/nobon-jinpo/images/eiketsu/77741402.webp,独自ID,元サイトIDあり,馬場信春,神主・巫女,神主/巫女,6,雅楽,猛将,対象外,対象外,23512,12950,1699,992,731,1532,1803,789,706,678,996,ID確定,英傑名完全一致,馬場信春,生命修練上昇Lv.1,,,対象外,対象外,対象外,ZIP内get_data.csvから確認／画像IDはZIP内に列なし,internal_id,照合用のみ
EIK_0316,19000939,19000939,19000939.webp,images/eiketsu/19000939.webp,https://tenka1game.com/nobon-jinpo/images/eiketsu/19000939.webp,独自ID,元サイトIDあり,伴長信,忍者,忍者,6,忍法,忍び,対象外,対象外,22504,10309,1642,972,1841,1040,1567,797,797,500,828,ID確定,英傑名完全一致,伴長信,器用上昇Lv.1,器用修練上昇Lv.1,,対象外,対象外,対象外,ZIP内get_data.csvから確認／画像IDはZIP内に列なし,internal_id,照合用のみ
EIK_0317,63142240,63142240,63142240.webp,images/eiketsu/63142240.webp,https://tenka1game.com/nobon-jinpo/images/eiketsu/63142240.webp,独自ID,元サイトIDあり,不破光治,神主・巫女,神主/巫女,6,雅楽,猛将,対象外,対象外,21376,12950,1024,942,914,1688,1528,832,743,714,867,ID確定,英傑名完全一致,不破光治,知力修練志向Lv.1,,,対象外,対象外,対象外,ZIP内get_data.csvから確認／画像IDはZIP内に列なし,internal_id,照合用のみ
EIK_0318,98887739,98887739,98887739.webp,images/eiketsu/98887739.webp,https://tenka1game.com/nobon-jinpo/images/eiketsu/98887739.webp,独自ID,元サイトIDあり,片倉重長,鍛冶屋,鍛冶屋,6,鉄砲鍛冶,宿将,鬼,対象外,29594,16261,2557,1392,1945,1562,2364,2029,1975,2001,1948,ID確定,英傑名完全一致,片倉重長,腕力上昇Lv.1,器用上昇Lv.1,,対象外,対象外,対象外,ZIP内get_data.csvから確認／画像IDはZIP内に列なし,internal_id,照合用のみ
EIK_0319,7203207,7203207,7203207.webp,images/eiketsu/7203207.webp,https://tenka1game.com/nobon-jinpo/images/eiketsu/7203207.webp,独自ID,元サイトIDあり,北条高広,侍,侍,6,武士道,野心家,対象外,対象外,24572,14671,1278,1360,1089,1253,1586,931,742,707,732,ID確定,英傑名完全一致,北条高広,耐久上昇率向上Lv.1,,,対象外,対象外,対象外,ZIP内get_data.csvから確認／画像IDはZIP内に列なし,internal_id,照合用のみ
EIK_0320,83618533,83618533,83618533.webp,images/eiketsu/83618533.webp,https://tenka1game.com/nobon-jinpo/images/eiketsu/83618533.webp,独自ID,元サイトIDあり,北条氏規,薬師,薬師,6,医学,世渡り上手,対象外,対象外,22065,12519,679,1004,929,1453,1499,897,949,826,766,ID確定,英傑名完全一致,北条氏規,気合修練上昇Lv.1,,,対象外,対象外,対象外,ZIP内get_data.csvから確認／画像IDはZIP内に列なし,internal_id,照合用のみ
EIK_0321,72468473,72468473,72468473.webp,images/eiketsu/72468473.webp,https://tenka1game.com/nobon-jinpo/images/eiketsu/72468473.webp,独自ID,元サイトIDあり,北条氏照,侍,侍,6,軍学,勇将,対象外,対象外,25297,12834,1196,1524,1140,1525,1615,860,1029,808,865,ID確定,英傑名完全一致,北条氏照,耐久上昇率向上Lv.1,,,対象外,対象外,対象外,ZIP内get_data.csvから確認／画像IDはZIP内に列なし,internal_id,照合用のみ
EIK_0322,62947217,62947217,62947217.webp,images/eiketsu/62947217.webp,https://tenka1game.com/nobon-jinpo/images/eiketsu/62947217.webp,独自ID,元サイトIDあり,北条氏政,侍,侍,6,武士道,知将,対象外,対象外,24572,13339,1278,1224,1210,1253,1825,768,899,707,732,ID確定,英傑名完全一致,北条氏政,魅力上昇Lv.1,,,対象外,対象外,対象外,ZIP内get_data.csvから確認／画像IDはZIP内に列なし,internal_id,照合用のみ
EIK_0323,43488544,43488544,43488544.webp,images/eiketsu/43488544.webp,https://tenka1game.com/nobon-jinpo/images/eiketsu/43488544.webp,独自ID,元サイトIDあり,魔導士ルシア,神主・巫女,神主/巫女,6,古神道,神仏の徒,対象外,対象外,22737,17734,982,954,1000,1707,1621,1025,1104,875,1068,ID確定,英傑名完全一致,魔導士ルシア,水属性上昇Lv.1,,,対象外,対象外,対象外,ZIP内get_data.csvから確認／画像IDはZIP内に列なし,internal_id,照合用のみ
EIK_0324,60080165,60080165,60080165.webp,images/eiketsu/60080165.webp,https://tenka1game.com/nobon-jinpo/images/eiketsu/60080165.webp,独自ID,元サイトIDあり,明智光秀,神主・巫女,神主/巫女,6,古神道,野心家,対象外,対象外,22737,17734,982,1061,1000,1861,1621,971,864,1475,1013,ID確定,英傑名完全一致,明智光秀,火属性上昇率向上Lv.1,,,対象外,対象外,対象外,ZIP内get_data.csvから確認／画像IDはZIP内に列なし,internal_id,照合用のみ
EIK_0325,44863078,44863078,44863078.webp,images/eiketsu/44863078.webp,https://tenka1game.com/nobon-jinpo/images/eiketsu/44863078.webp,独自ID,元サイトIDあり,矢沢頼綱,薬師,薬師,6,医学,名臣,対象外,対象外,20521,12519,1086,1117,929,1410,1499,850,742,782,1370,ID確定,英傑名完全一致,矢沢頼綱,気合上昇率向上Lv.1,,,対象外,対象外,対象外,ZIP内get_data.csvから確認／画像IDはZIP内に列なし,internal_id,照合用のみ
EIK_0326,50560330,50560330,50560330.webp,images/eiketsu/50560330.webp,https://tenka1game.com/nobon-jinpo/images/eiketsu/50560330.webp,独自ID,元サイトIDあり,窯隠れの才蔵,忍者,忍者,6,忍術,忍び,対象外,対象外,24064,11983,1104,813,1090,1460,1449,908,798,1040,931,ID確定,英傑名完全一致,窯隠れの才蔵,火属性上昇Lv.1,,,対象外,対象外,対象外,ZIP内get_data.csvから確認／画像IDはZIP内に列なし,internal_id,照合用のみ
EIK_0327,37841291,37841291,37841291.webp,images/eiketsu/37841291.webp,https://tenka1game.com/nobon-jinpo/images/eiketsu/37841291.webp,独自ID,元サイトIDあり,鈴木重朝,侍,侍,6,武士道,世渡り上手,対象外,対象外,27029,13339,1150,1496,1210,1253,1745,931,742,707,732,ID確定,英傑名完全一致,鈴木重朝,耐久修練上昇Lv.1,,,対象外,対象外,対象外,ZIP内get_data.csvから確認／画像IDはZIP内に列なし,internal_id,照合用のみ
EIK_0328,53562581,53562581,53562581.webp,images/eiketsu/53562581.webp,https://tenka1game.com/nobon-jinpo/images/eiketsu/53562581.webp,独自ID,元サイトIDあり,粟津元隈,神主・巫女,神主/巫女,5,神道,神仏の徒,対象外,対象外,19776,11339,1478,819,924,1136,1346,760,575,560,632,ID確定,英傑名完全一致,粟津元隈,,,,対象外,対象外,対象外,ZIP内get_data.csvから確認／画像IDはZIP内に列なし,internal_id,照合用のみ
EIK_0329,61734203,61734203,61734203.webp,images/eiketsu/61734203.webp,https://tenka1game.com/nobon-jinpo/images/eiketsu/61734203.webp,独自ID,元サイトIDあり,伊達実元,侍,侍,5,武士道,名臣,対象外,対象外,22815,11513,960,1189,1057,1024,1415,599,701,556,575,ID確定,英傑名完全一致,伊達実元,,,,対象外,対象外,対象外,ZIP内get_data.csvから確認／画像IDはZIP内に列なし,internal_id,照合用のみ
EIK_0330,71753844,71753844,71753844.webp,images/eiketsu/71753844.webp,https://tenka1game.com/nobon-jinpo/images/eiketsu/71753844.webp,独自ID,元サイトIDあり,一宮宗是,神主・巫女,神主/巫女,5,古神道,勇将,対象外,対象外,21154,15752,1168,939,847,1446,1465,903,797,772,1150,ID確定,英傑名完全一致,一宮宗是,,,,対象外,対象外,対象外,ZIP内get_data.csvから確認／画像IDはZIP内に列なし,internal_id,照合用のみ
EIK_0331,81662211,81662211,81662211.webp,images/eiketsu/81662211.webp,https://tenka1game.com/nobon-jinpo/images/eiketsu/81662211.webp,独自ID,元サイトIDあり,果心居士,陰陽師,陰陽師,5,陰陽道,野心家,対象外,対象外,20274,12455,564,860,735,1325,1392,1081,844,1433,925,ID確定,英傑名完全一致,果心居士,,,,対象外,対象外,対象外,ZIP内get_data.csvから確認／画像IDはZIP内に列なし,internal_id,照合用のみ
EIK_0332,60967034,60967034,60967034.webp,images/eiketsu/60967034.webp,https://tenka1game.com/nobon-jinpo/images/eiketsu/60967034.webp,独自ID,元サイトIDあり,岩成友通,薬師,薬師,5,修験道,野心家,対象外,対象外,22130,13035,668,1164,971,1700,1546,900,878,903,1046,ID確定,英傑名完全一致,岩成友通,,,,対象外,対象外,対象外,ZIP内get_data.csvから確認／画像IDはZIP内に列なし,internal_id,照合用のみ
EIK_0333,29941758,29941758,29941758.webp,images/eiketsu/29941758.webp,https://tenka1game.com/nobon-jinpo/images/eiketsu/29941758.webp,独自ID,元サイトIDあり,蛍,鍛冶屋,鍛冶屋,5,鉄砲鍛冶,女傑,対象外,対象外,17635,8460,1165,903,921,565,1107,476,479,457,478,ID確定,英傑名完全一致,蛍,,,,対象外,対象外,対象外,ZIP内get_data.csvから確認／画像IDはZIP内に列なし,internal_id,照合用のみ
EIK_0334,74576668,74576668,74576668.webp,images/eiketsu/74576668.webp,https://tenka1game.com/nobon-jinpo/images/eiketsu/74576668.webp,独自ID,元サイトIDあり,原虎胤,僧,僧,5,僧兵,鬼,対象外,対象外,21335,10934,1406,986,914,876,1161,569,738,553,561,ID確定,英傑名完全一致,原虎胤,,,,対象外,対象外,対象外,ZIP内get_data.csvから確認／画像IDはZIP内に列なし,internal_id,照合用のみ
EIK_0335,81690152,81690152,81690152.webp,images/eiketsu/81690152.webp,https://tenka1game.com/nobon-jinpo/images/eiketsu/81690152.webp,独自ID,元サイトIDあり,古田織部,陰陽師,陰陽師,5,陰陽道,文化人,対象外,対象外,20274,12455,507,860,735,1457,1392,1081,844,839,1579,ID確定,英傑名完全一致,古田織部,,,,対象外,対象外,対象外,ZIP内get_data.csvから確認／画像IDはZIP内に列なし,internal_id,照合用のみ
EIK_0336,4231371,4231371,4231371.webp,images/eiketsu/4231371.webp,https://tenka1game.com/nobon-jinpo/images/eiketsu/4231371.webp,独自ID,元サイトIDあり,甲山太郎次郎,忍者,忍者,5,暗殺術,忍び,対象外,対象外,22124,10025,1617,692,1163,704,1276,551,558,546,678,ID確定,英傑名完全一致,甲山太郎次郎,,,,対象外,対象外,対象外,ZIP内get_data.csvから確認／画像IDはZIP内に列なし,internal_id,照合用のみ
EIK_0337,72333268,72333268,72333268.webp,images/eiketsu/72333268.webp,https://tenka1game.com/nobon-jinpo/images/eiketsu/72333268.webp,独自ID,元サイトIDあり,荒木村重,僧,僧,5,仏門,文化人,対象外,対象外,23840,10725,685,1078,743,1399,1332,844,710,664,671,ID確定,英傑名完全一致,荒木村重,,,,対象外,対象外,対象外,ZIP内get_data.csvから確認／画像IDはZIP内に列なし,internal_id,照合用のみ
EIK_0338,53229670,53229670,53229670.webp,images/eiketsu/53229670.webp,https://tenka1game.com/nobon-jinpo/images/eiketsu/53229670.webp,独自ID,元サイトIDあり,高力清長,僧,僧,5,仏門,名臣,対象外,対象外,21673,13109,685,1078,743,1258,1332,697,860,664,671,ID確定,英傑名完全一致,高力清長,,,,対象外,対象外,対象外,ZIP内get_data.csvから確認／画像IDはZIP内に列なし,internal_id,照合用のみ
EIK_0339,65650182,65650182,65650182.webp,images/eiketsu/65650182.webp,https://tenka1game.com/nobon-jinpo/images/eiketsu/65650182.webp,独自ID,元サイトIDあり,今川氏真,神主・巫女,神主/巫女,5,神道,文化人,対象外,対象外,18734,11339,1614,819,924,1136,1346,628,575,560,767,ID確定,英傑名完全一致,今川氏真,,,,対象外,対象外,対象外,ZIP内get_data.csvから確認／画像IDはZIP内に列なし,internal_id,照合用のみ
EIK_0340,85991169,85991169,85991169.webp,images/eiketsu/85991169.webp,https://tenka1game.com/nobon-jinpo/images/eiketsu/85991169.webp,独自ID,元サイトIDあり,佐久間信盛,侍,侍,5,軍学,猛将,対象外,対象外,23877,12950,821,1258,982,1410,1492,899,714,683,718,ID確定,英傑名完全一致,佐久間信盛,,,,対象外,対象外,対象外,ZIP内get_data.csvから確認／画像IDはZIP内に列なし,internal_id,照合用のみ
EIK_0341,47653708,47653708,47653708.webp,images/eiketsu/47653708.webp,https://tenka1game.com/nobon-jinpo/images/eiketsu/47653708.webp,独自ID,元サイトIDあり,佐々成政,侍,侍,5,武士道,勇将,対象外,対象外,22815,11513,1056,1069,1057,1024,1415,599,579,556,697,ID確定,英傑名完全一致,佐々成政,,,,対象外,対象外,対象外,ZIP内get_data.csvから確認／画像IDはZIP内に列なし,internal_id,照合用のみ
EIK_0342,97365040,97365040,97365040.webp,images/eiketsu/97365040.webp,https://tenka1game.com/nobon-jinpo/images/eiketsu/97365040.webp,独自ID,元サイトIDあり,細川忠興,侍,侍,5,武士道,文化人,対象外,対象外,22815,10360,960,1307,1057,1024,1415,725,579,556,575,ID確定,英傑名完全一致,細川忠興,,,,対象外,対象外,対象外,ZIP内get_data.csvから確認／画像IDはZIP内に列なし,internal_id,照合用のみ
EIK_0343,83276142,83276142,83276142.webp,images/eiketsu/83276142.webp,https://tenka1game.com/nobon-jinpo/images/eiketsu/83276142.webp,独自ID,元サイトIDあり,山本勘助,忍者,忍者,5,忍法,名臣,対象外,対象外,16428,8054,1150,615,949,642,981,489,489,475,490,ID確定,英傑名完全一致,山本勘助,,,,対象外,対象外,対象外,ZIP内get_data.csvから確認／画像IDはZIP内に列なし,internal_id,照合用のみ
EIK_0344,81438331,81438331,81438331.webp,images/eiketsu/81438331.webp,https://tenka1game.com/nobon-jinpo/images/eiketsu/81438331.webp,独自ID,元サイトIDあり,上杉景勝,侍,侍,5,武士道,名臣,対象外,対象外,22815,11513,960,1307,1057,921,1415,599,579,556,697,ID確定,英傑名完全一致,上杉景勝,,,,対象外,対象外,対象外,ZIP内get_data.csvから確認／画像IDはZIP内に列なし,internal_id,照合用のみ
EIK_0345,37206554,37206554,37206554.webp,images/eiketsu/37206554.webp,https://tenka1game.com/nobon-jinpo/images/eiketsu/37206554.webp,独自ID,元サイトIDあり,新庄直頼,侍,侍,5,軍学,世渡り上手,対象外,対象外,23877,11774,1004,1258,982,1268,1492,899,714,683,718,ID確定,英傑名完全一致,新庄直頼,,,,対象外,対象外,対象外,ZIP内get_data.csvから確認／画像IDはZIP内に列なし,internal_id,照合用のみ
EIK_0346,10243326,10243326,10243326.webp,images/eiketsu/10243326.webp,https://tenka1game.com/nobon-jinpo/images/eiketsu/10243326.webp,独自ID,元サイトIDあり,新発田長敦,侍,侍,5,武士道,勇将,対象外,対象外,22815,11513,1056,1189,951,1024,1415,725,579,556,575,ID確定,英傑名完全一致,新発田長敦,,,,対象外,対象外,対象外,ZIP内get_data.csvから確認／画像IDはZIP内に列なし,internal_id,照合用のみ
EIK_0347,56613799,56613799,56613799.webp,images/eiketsu/56613799.webp,https://tenka1game.com/nobon-jinpo/images/eiketsu/56613799.webp,独自ID,元サイトIDあり,真田信尹,侍,侍,5,武芸,世渡り上手,対象外,対象外,21665,10403,1942,860,1028,710,1239,528,531,618,522,ID確定,英傑名完全一致,真田信尹,,,,対象外,対象外,対象外,ZIP内get_data.csvから確認／画像IDはZIP内に列なし,internal_id,照合用のみ
EIK_0348,57818045,57818045,57818045.webp,images/eiketsu/57818045.webp,https://tenka1game.com/nobon-jinpo/images/eiketsu/57818045.webp,独自ID,元サイトIDあり,石川昭光,侍,侍,5,軍学,名臣,対象外,対象外,23877,11774,914,1132,982,1550,1492,899,714,683,718,ID確定,英傑名完全一致,石川昭光,,,,対象外,対象外,対象外,ZIP内get_data.csvから確認／画像IDはZIP内に列なし,internal_id,照合用のみ
EIK_0349,26781446,26781446,26781446.webp,images/eiketsu/26781446.webp,https://tenka1game.com/nobon-jinpo/images/eiketsu/26781446.webp,独自ID,元サイトIDあり,朝倉景恒,僧,僧,5,密教,勇将,対象外,対象外,22699,12457,782,1126,819,1675,1278,983,832,768,785,ID確定,英傑名完全一致,朝倉景恒,,,,対象外,対象外,対象外,ZIP内get_data.csvから確認／画像IDはZIP内に列なし,internal_id,照合用のみ
EIK_0350,23543147,23543147,23543147.webp,images/eiketsu/23543147.webp,https://tenka1game.com/nobon-jinpo/images/eiketsu/23543147.webp,独自ID,元サイトIDあり,鳥居景近,陰陽師,陰陽師,5,仙道,勇将,対象外,対象外,20315,11714,558,871,743,1592,1240,914,793,739,989,ID確定,英傑名完全一致,鳥居景近,,,,対象外,対象外,対象外,ZIP内get_data.csvから確認／画像IDはZIP内に列なし,internal_id,照合用のみ
EIK_0351,3473235,3473235,3473235.webp,images/eiketsu/3473235.webp,https://tenka1game.com/nobon-jinpo/images/eiketsu/3473235.webp,独自ID,元サイトIDあり,鳥居元忠,鍛冶屋,鍛冶屋,5,刀鍛冶,名臣,対象外,対象外,30497,10366,1150,1333,1028,692,1350,693,567,525,543,ID確定,英傑名完全一致,鳥居元忠,,,,対象外,対象外,対象外,ZIP内get_data.csvから確認／画像IDはZIP内に列なし,internal_id,照合用のみ
EIK_0352,93502676,93502676,93502676.webp,images/eiketsu/93502676.webp,https://tenka1game.com/nobon-jinpo/images/eiketsu/93502676.webp,独自ID,元サイトIDあり,津田監物,鍛冶屋,鍛冶屋,5,鉄砲鍛冶,飛道具使い,対象外,対象外,22044,10575,1782,1128,1151,707,1246,567,569,657,567,ID確定,英傑名完全一致,津田監物,,,,対象外,対象外,対象外,ZIP内get_data.csvから確認／画像IDはZIP内に列なし,internal_id,照合用のみ
EIK_0353,94122718,94122718,94122718.webp,images/eiketsu/94122718.webp,https://tenka1game.com/nobon-jinpo/images/eiketsu/94122718.webp,独自ID,元サイトIDあり,福島勝広,侍,侍,5,武芸,猛将,対象外,対象外,21665,10403,1942,956,925,710,1239,639,531,511,522,ID確定,英傑名完全一致,福島勝広,,,,対象外,対象外,対象外,ZIP内get_data.csvから確認／画像IDはZIP内に列なし,internal_id,照合用のみ
EIK_0354,96589976,96589976,96589976.webp,images/eiketsu/96589976.webp,https://tenka1game.com/nobon-jinpo/images/eiketsu/96589976.webp,独自ID,元サイトIDあり,北条綱成,侍,侍,5,武芸,猛将,対象外,対象外,21665,10403,1765,956,925,710,1361,528,531,618,522,ID確定,英傑名完全一致,北条綱成,,,,対象外,対象外,対象外,ZIP内get_data.csvから確認／画像IDはZIP内に列なし,internal_id,照合用のみ
EIK_0355,25683363,25683363,25683363.webp,images/eiketsu/25683363.webp,https://tenka1game.com/nobon-jinpo/images/eiketsu/25683363.webp,独自ID,元サイトIDあり,本願寺実悟,僧,僧,5,密教,神仏の徒,対象外,対象外,22699,13702,782,1014,819,1522,1421,813,919,850,785,ID確定,英傑名完全一致,本願寺実悟,,,,対象外,対象外,対象外,ZIP内get_data.csvから確認／画像IDはZIP内に列なし,internal_id,照合用のみ
EIK_0356,83219090,83219090,83219090.webp,images/eiketsu/83219090.webp,https://tenka1game.com/nobon-jinpo/images/eiketsu/83219090.webp,独自ID,元サイトIDあり,来福寺左京,忍者,忍者,5,忍法,忍び,対象外,対象外,20535,10068,1293,771,1304,803,1226,703,581,564,582,ID確定,英傑名完全一致,来福寺左京,,,,対象外,対象外,対象外,ZIP内get_data.csvから確認／画像IDはZIP内に列なし,internal_id,照合用のみ
EIK_0357,29901460,29901460,29901460.webp,images/eiketsu/29901460.webp,https://tenka1game.com/nobon-jinpo/images/eiketsu/29901460.webp,独自ID,元サイトIDあり,井伊直親,薬師,薬師,4,医学,勇将,対象外,対象外,17309,10792,496,743,600,1106,1142,638,518,550,500,ID確定,英傑名完全一致,井伊直親,,,,対象外,対象外,対象外,ZIP内get_data.csvから確認／画像IDはZIP内に列なし,internal_id,照合用のみ
EIK_0358,60209097,60209097,60209097.webp,images/eiketsu/60209097.webp,https://tenka1game.com/nobon-jinpo/images/eiketsu/60209097.webp,独自ID,元サイトIDあり,印牧能信,薬師,薬師,4,神通力,勇将,対象外,対象外,18678,10442,529,701,639,1146,1310,707,572,592,664,ID確定,英傑名完全一致,印牧能信,,,,対象外,対象外,対象外,ZIP内get_data.csvから確認／画像IDはZIP内に列なし,internal_id,照合用のみ
EIK_0359,3950069,3950069,3950069.webp,images/eiketsu/3950069.webp,https://tenka1game.com/nobon-jinpo/images/eiketsu/3950069.webp,独自ID,元サイトIDあり,塩屋秋貞,侍,侍,4,軍学,勇将,対象外,対象外,21437,9227,800,1025,814,1225,1282,542,525,496,639,ID確定,英傑名完全一致,塩屋秋貞,,,,対象外,対象外,対象外,ZIP内get_data.csvから確認／画像IDはZIP内に列なし,internal_id,照合用のみ
EIK_0360,33583261,33583261,33583261.webp,images/eiketsu/33583261.webp,https://tenka1game.com/nobon-jinpo/images/eiketsu/33583261.webp,独自ID,元サイトIDあり,下間頼廉,僧,僧,4,僧兵,飛道具使い,対象外,対象外,18071,9250,1267,701,718,657,950,489,525,579,489,ID確定,英傑名完全一致,下間頼廉,,,,対象外,対象外,対象外,ZIP内get_data.csvから確認／画像IDはZIP内に列なし,internal_id,照合用のみ
EIK_0361,31489355,31489355,31489355.webp,images/eiketsu/31489355.webp,https://tenka1game.com/nobon-jinpo/images/eiketsu/31489355.webp,独自ID,元サイトIDあり,下津一通,鍛冶屋,鍛冶屋,4,鉄砲鍛冶,勇将,対象外,対象外,15812,7517,1124,728,772,453,954,413,417,401,413,ID確定,英傑名完全一致,下津一通,,,,対象外,対象外,対象外,ZIP内get_data.csvから確認／画像IDはZIP内に列なし,internal_id,照合用のみ
EIK_0362,38521518,38521518,38521518.webp,images/eiketsu/38521518.webp,https://tenka1game.com/nobon-jinpo/images/eiketsu/38521518.webp,独自ID,元サイトIDあり,可児才蔵,侍,侍,4,武士道,猛将,対象外,対象外,19872,9750,828,833,853,783,1196,489,478,449,579,ID確定,英傑名完全一致,可児才蔵,,,,対象外,対象外,対象外,ZIP内get_data.csvから確認／画像IDはZIP内に列なし,internal_id,照合用のみ
EIK_0363,16308702,16308702,16308702.webp,images/eiketsu/16308702.webp,https://tenka1game.com/nobon-jinpo/images/eiketsu/16308702.webp,独自ID,元サイトIDあり,鬼小島弥太郎,鍛冶屋,鍛冶屋,4,鎧鍛冶,鬼,対象外,対象外,27926,9530,847,1394,935,540,1250,529,521,581,507,ID確定,英傑名完全一致,鬼小島弥太郎,,,,対象外,対象外,対象外,ZIP内get_data.csvから確認／画像IDはZIP内に列なし,internal_id,照合用のみ
EIK_0364,61971384,61971384,61971384.webp,images/eiketsu/61971384.webp,https://tenka1game.com/nobon-jinpo/images/eiketsu/61971384.webp,独自ID,元サイトIDあり,小山田信茂,侍,侍,4,武芸,野心家,対象外,対象外,19085,8023,1494,721,835,538,1128,557,458,450,460,ID確定,英傑名完全一致,小山田信茂,,,,対象外,対象外,対象外,ZIP内get_data.csvから確認／画像IDはZIP内に列なし,internal_id,照合用のみ
EIK_0365,38892559,38892559,38892559.webp,images/eiketsu/38892559.webp,https://tenka1game.com/nobon-jinpo/images/eiketsu/38892559.webp,独自ID,元サイトIDあり,小雀,侍,侍,4,武士道,女傑,対象外,対象外,19872,9750,1131,926,853,547,1196,592,478,449,478,ID確定,英傑名完全一致,小雀,,,,対象外,対象外,対象外,ZIP内get_data.csvから確認／画像IDはZIP内に列なし,internal_id,照合用のみ
EIK_0366,10206908,10206908,10206908.webp,images/eiketsu/10206908.webp,https://tenka1game.com/nobon-jinpo/images/eiketsu/10206908.webp,独自ID,元サイトIDあり,新開実綱,神主・巫女,神主/巫女,4,雅楽,勇将,対象外,対象外,14823,9803,828,613,572,1046,1093,540,485,468,688,ID確定,英傑名完全一致,新開実綱,,,,対象外,対象外,対象外,ZIP内get_data.csvから確認／画像IDはZIP内に列なし,internal_id,照合用のみ
EIK_0367,98767628,98767628,98767628.webp,images/eiketsu/98767628.webp,https://tenka1game.com/nobon-jinpo/images/eiketsu/98767628.webp,独自ID,元サイトIDあり,清水康英,鍛冶屋,鍛冶屋,4,鎧鍛冶,名臣,対象外,対象外,30718,9530,707,1394,935,540,1390,529,521,581,507,ID確定,英傑名完全一致,清水康英,,,,対象外,対象外,対象外,ZIP内get_data.csvから確認／画像IDはZIP内に列なし,internal_id,照合用のみ
EIK_0368,96869334,96869334,96869334.webp,images/eiketsu/96869334.webp,https://tenka1game.com/nobon-jinpo/images/eiketsu/96869334.webp,独自ID,元サイトIDあり,石川五右衛門,忍者,忍者,4,忍術,忍び,対象外,対象外,18137,8917,618,583,671,936,1015,497,457,764,485,ID確定,英傑名完全一致,石川五右衛門,,,,対象外,対象外,対象外,ZIP内get_data.csvから確認／画像IDはZIP内に列なし,internal_id,照合用のみ
EIK_0369,87012815,87012815,87012815.webp,images/eiketsu/87012815.webp,https://tenka1game.com/nobon-jinpo/images/eiketsu/87012815.webp,独自ID,元サイトIDあり,泉田重光,侍,侍,4,武芸,名臣,対象外,対象外,18131,9806,1494,721,835,538,1026,460,556,450,460,ID確定,英傑名完全一致,泉田重光,,,,対象外,対象外,対象外,ZIP内get_data.csvから確認／画像IDはZIP内に列なし,internal_id,照合用のみ
EIK_0370,7514845,7514845,7514845.webp,images/eiketsu/7514845.webp,https://tenka1game.com/nobon-jinpo/images/eiketsu/7514845.webp,独自ID,元サイトIDあり,内藤正成,侍,侍,4,軍学,世渡り上手,対象外,対象外,21437,10253,764,1025,814,1346,1153,657,525,496,528,ID確定,英傑名完全一致,内藤正成,,,,対象外,対象外,対象外,ZIP内get_data.csvから確認／画像IDはZIP内に列なし,internal_id,照合用のみ
EIK_0371,73027597,73027597,73027597.webp,images/eiketsu/73027597.webp,https://tenka1game.com/nobon-jinpo/images/eiketsu/73027597.webp,独自ID,元サイトIDあり,脇坂安治,侍,侍,4,武士道,勇将,対象外,対象外,19872,8775,1507,926,938,783,1196,489,578,449,478,ID確定,英傑名完全一致,脇坂安治,,,,対象外,対象外,対象外,ZIP内get_data.csvから確認／画像IDはZIP内に列なし,internal_id,照合用のみ
EIK_0372,77702726,77702726,77702726.webp,images/eiketsu/77702726.webp,https://tenka1game.com/nobon-jinpo/images/eiketsu/77702726.webp,独自ID,元サイトIDあり,簗田新八,薬師,薬師,4,神通力,勇将,対象外,対象外,18678,10442,529,781,639,1260,1071,707,572,592,664,ID確定,英傑名完全一致,簗田新八,,,,対象外,対象外,対象外,ZIP内get_data.csvから確認／画像IDはZIP内に列なし,internal_id,照合用のみ
EIK_0373,96246237,96246237,96246237.webp,images/eiketsu/96246237.webp,https://tenka1game.com/nobon-jinpo/images/eiketsu/96246237.webp,独自ID,元サイトIDあり,藤堂高虎,陰陽師,陰陽師,5,仙道,世渡り上手,対象外,対象外,20315,11714,558,871,743,1592,1240,914,793,815,903,ID確定,英傑名完全一致,藤堂高虎,,,,対象外,変節の極み,対象外,ZIP内get_data.csvから確認／画像IDはZIP内に列なし,internal_id,照合用のみ
EIK_0374,22667078,22667078,22667078.webp,images/eiketsu/22667078.webp,https://tenka1game.com/nobon-jinpo/images/eiketsu/22667078.webp,独自ID,元サイトIDあり,筧十蔵,忍者,忍者,7,暗殺術,才腕,忍び,対象外,33553,20468,3264,1436,2509,2330,2754,2184,2464,2913,2446,ID確定,英傑名完全一致,筧十蔵,腕力上昇Lv.5,腕力修練志向Lv.3,火属性上昇率向上Lv.1,対象外,穿天煉獄,対象外,ZIP内get_data.csvから確認／画像IDはZIP内に列なし,internal_id,照合用のみ
EIK_0375,未確認,未確認,未確認,未確認,未確認,独自ID,元サイトID未確認,母里太兵衛,僧兵,僧,7,僧兵,猛将,宿将,信義,37685,22121,3514,2316,2111,2610,2740,2311,2387,2469,2198,英傑一覧(24).csvから追加,英傑一覧(24).csv基準,母里太兵衛,腕力上昇Lv.5,耐久上昇Lv.3,腕力修練志向Lv.1,2026/05/23,,,英傑一覧(24).csvから確認,internal_id,未確認。internal_idで運用
EIK_0384,未確認,未確認,未確認,未確認,未確認,独自ID,元サイトID未確認,甲斐姫(鷹爪),武士道,侍,7,武士道,気鋭,女傑,対象外,38199,26674,2161,2232,2137,2280,2930,2462,2137,2101,2334,新英傑追加,英傑一覧(25).csv,甲斐姫(鷹爪),生命上昇Lv.5,耐久上昇Lv.3,生命修練志向Lv.1,2026/05/27,,,英傑一覧(25).csvで確認,internal_id,未確認。internal_idで運用
EIK_0385,未確認,未確認,未確認,未確認,未確認,独自ID,元サイトID未確認,尼子晴久,忍術,忍者,8,忍術,才椀,野心家,根性,32314,19883,2513,1514,2604,2952,2740,2176,1904,2269,2932,新英傑追加,英傑一覧(25).csv,尼子晴久,知力上昇Lv.5,風属性上昇率向上Lv.3,風属性上昇Lv.1,2026/05/27,,,英傑一覧(25).csvで確認,internal_id,未確認。internal_idで運用
EIK_0386,未確認,未確認,未確認,未確認,未確認,独自ID,元サイトID未確認,小田氏治,密教,僧,6,密教,根性,野心家,対象外,30408,16099,1230,1695,1209,2365,2129,2149,2270,2049,2098,新英傑追加,英傑一覧(25).csv,小田氏治,知力上昇Lv.1,生命上昇Lv.1,,2026/05/27,,,英傑一覧(25).csvで確認,internal_id,未確認。internal_idで運用
EIK_0387,未確認,未確認,未確認,未確認,未確認,独自ID,元サイトID未確認,朝倉義景(八雷),仙道,陰陽師,8,仙道,文化人,外交官,対象外,37329,24536,1603,2199,1808,2950,2991,3044,2506,2427,2597,step172新英傑追加,英傑一覧(27).csv,朝倉義景,土属性上昇Lv.5,土属性上昇率向上Lv.3,知力上昇Lv.1,2026/06/03,,,英傑一覧(27).csvで確認,internal_id,未確認。internal_idで運用
EIK_0388,未確認,未確認,未確認,未確認,未確認,独自ID,元サイトID未確認,お市(八雷),医学,薬師,7,医学,女傑,内助の功,気鋭,36840,22579,1258,1881,2065,2809,3196,2612,2277,2430,2333,step172新英傑追加,英傑一覧(27).csv,お市(八雷),魅力上昇Lv.5,魅力修練志向Lv.3,魅力上昇率向上Lv.1,2026/06/03,,,英傑一覧(27).csvで確認,internal_id,未確認。internal_idで運用
EIK_0389,未確認,未確認,未確認,未確認,未確認,独自ID,元サイトID未確認,荒木村重(風雅),,僧,7,仏門,世渡り上手,文化人,対象外,39326,22478,1916,2054,1768,2791,2815,2478,2415,2159,2276,英傑一覧(28).csvから新規追加,英傑一覧(28).csv,荒木村重(風雅),生命上昇Lv.5,知力上昇Lv.3,知力修練志向Lv.1,2026-07-24,,,英傑一覧(28).csvで確認,internal_id,未確認。internal_idで運用
EIK_0390,未確認,未確認,未確認,未確認,未確認,独自ID,元サイトID未確認,真田幸村(神魔),,侍,7,武芸,猛将,根性,対象外,40615,19058,3258,1651,1937,2326,2954,2514,2524,2541,2521,英傑一覧(28).csvから新規追加,英傑一覧(28).csv,真田幸村(神魔),腕力上昇Lv.5,生命上昇Lv.3,魅力上昇Lv.1,2026-07-24,,,英傑一覧(28).csvで確認,internal_id,未確認。internal_idで運用
EIK_0391,未確認,未確認,未確認,未確認,未確認,独自ID,元サイトID未確認,茶々,,薬師,7,医学,明敏,女傑,気鋭,38060,21094,1557,2188,1693,2620,3232,2696,2588,2385,2123,英傑一覧(28).csvから新規追加,英傑一覧(28).csv,茶々,魅力上昇Lv.5,生命上昇Lv.3,魅力修練志向Lv.1,2026-07-24,,,英傑一覧(28).csvで確認,internal_id,未確認。internal_idで運用
EIK_0392,未確認,未確認,未確認,未確認,未確認,独自ID,元サイトID未確認,北条氏邦(獅子),,侍,7,武芸,根性,猛将,宿将,38464,17652,3191,1951,2314,2057,2569,1888,1849,1830,2015,英傑一覧(28).csvから新規追加,英傑一覧(28).csv,北条氏邦(獅子),腕力上昇Lv.5,腕力上昇率向上Lv.3,器用上昇率向上Lv.1,2026-07-24,,,英傑一覧(28).csvで確認,internal_id,未確認。internal_idで運用
