優先能力,順位,コスト構成,コスト合計,軍神番号1,軍神番号2,軍神番号3,軍神番号4,軍神番号5,軍神番号6,生命力,気合,腕力,耐久力,器用さ,知力,魅力,土属性,水属性,火属性,風属性,根拠区分
生命力,1,666644,32,39,40,41,42,74,75,7440,3716,844,763,804,797,884,710,676,582,649,倍率参考式
生命力,2,666644,32,39,40,41,42,74,76,7440,3716,857,743,797,850,864,703,723,596,696,倍率参考式
生命力,3,666644,32,39,40,41,42,74,77,7440,3716,824,723,830,850,911,670,690,576,663,倍率参考式
生命力,4,666644,32,39,40,41,42,74,78,7440,3716,824,737,844,844,897,643,670,536,683,倍率参考式
生命力,5,666644,32,39,40,41,42,74,79,7440,3716,864,743,830,817,917,663,710,589,683,倍率参考式
生命力,6,666644,32,39,40,41,42,74,80,7440,3716,824,730,810,837,917,663,703,549,670,倍率参考式
生命力,7,666644,32,39,40,41,42,74,81,7440,3716,824,737,857,850,911,676,716,536,643,倍率参考式
生命力,8,666644,32,39,40,41,42,74,82,7440,3716,817,730,850,850,917,703,670,529,696,倍率参考式
生命力,9,666644,32,39,40,41,42,74,83,7440,3716,850,743,837,850,904,649,670,556,670,倍率参考式
生命力,10,666644,32,39,40,41,42,74,84,7440,3716,857,743,837,844,911,656,683,562,690,倍率参考式
生命力,11,666644,32,39,40,41,42,74,85,7440,3716,830,763,817,850,917,656,690,556,649,倍率参考式
生命力,12,666644,32,39,40,41,42,74,86,7440,3716,830,716,844,830,911,670,683,576,656,倍率参考式
生命力,13,666644,32,39,40,41,42,74,87,7440,3716,830,737,837,817,897,690,683,562,670,倍率参考式
生命力,14,666644,32,39,40,41,42,74,88,7440,3716,871,757,830,824,891,683,670,582,676,倍率参考式
生命力,15,666644,32,39,40,41,42,74,89,7440,3716,824,730,817,824,917,663,716,542,663,倍率参考式
生命力,16,666644,32,39,40,41,42,74,90,7440,3716,850,737,817,844,917,643,730,536,636,倍率参考式
生命力,17,666644,32,39,40,41,42,74,91,7440,3716,871,763,804,817,911,663,730,549,663,倍率参考式
生命力,18,666644,32,39,40,41,42,74,92,7440,3716,864,743,824,817,904,676,676,589,656,倍率参考式
生命力,19,666644,32,39,40,41,42,74,93,7440,3716,871,777,817,830,877,690,696,562,656,倍率参考式
生命力,20,666644,32,39,40,41,42,75,76,7440,3716,884,750,757,797,830,737,670,649,683,倍率参考式
生命力,21,666644,32,39,40,41,42,75,77,7440,3716,850,730,790,797,877,703,636,629,649,倍率参考式
生命力,22,666644,32,39,40,41,42,75,78,7440,3716,850,743,804,790,864,676,616,589,670,倍率参考式
生命力,23,666644,32,39,40,41,42,75,79,7440,3716,891,750,790,763,884,696,656,643,670,倍率参考式
生命力,24,666644,32,39,40,41,42,75,80,7440,3716,850,737,770,783,884,696,649,603,656,倍率参考式
生命力,25,666644,32,39,40,41,42,75,81,7440,3716,850,743,817,797,877,710,663,589,629,倍率参考式
生命力,26,666644,32,39,40,41,42,75,82,7440,3716,844,737,810,797,884,737,616,582,683,倍率参考式
生命力,27,666644,32,39,40,41,42,75,83,7440,3716,877,750,797,797,871,683,616,609,656,倍率参考式
生命力,28,666644,32,39,40,41,42,75,84,7440,3716,884,750,797,790,877,690,629,616,676,倍率参考式
生命力,29,666644,32,39,40,41,42,75,85,7440,3716,857,770,777,797,884,690,636,609,636,倍率参考式
生命力,30,666644,32,39,40,41,42,75,86,7440,3716,857,723,804,777,877,703,629,629,643,倍率参考式
生命力,31,666644,32,39,40,41,42,75,87,7440,3716,857,743,797,763,864,723,629,616,656,倍率参考式
生命力,32,666644,32,39,40,41,42,75,88,7440,3716,897,763,790,770,857,716,616,636,663,倍率参考式
生命力,33,666644,32,39,40,41,42,75,89,7440,3716,850,737,777,770,884,696,663,596,649,倍率参考式
生命力,34,666644,32,39,40,41,42,75,90,7440,3716,877,743,777,790,884,676,676,589,623,倍率参考式
生命力,35,666644,32,39,40,41,42,75,91,7440,3716,897,770,763,763,877,696,676,603,649,倍率参考式
生命力,36,666644,32,39,40,41,42,75,92,7440,3716,891,750,783,763,871,710,623,643,643,倍率参考式
生命力,37,666644,32,39,40,41,42,75,93,7440,3716,897,783,777,777,844,723,643,616,643,倍率参考式
生命力,38,666644,32,39,40,41,42,76,77,7440,3716,864,710,783,850,857,696,683,643,696,倍率参考式
生命力,39,666644,32,39,40,41,42,76,78,7440,3716,864,723,797,844,844,670,663,603,716,倍率参考式
生命力,40,666644,32,39,40,41,42,76,79,7440,3716,904,730,783,817,864,690,703,656,716,倍率参考式
生命力,41,666644,32,39,40,41,42,76,80,7440,3716,864,716,763,837,864,690,696,616,703,倍率参考式
生命力,42,666644,32,39,40,41,42,76,81,7440,3716,864,723,810,850,857,703,710,603,676,倍率参考式
生命力,43,666644,32,39,40,41,42,76,82,7440,3716,857,716,804,850,864,730,663,596,730,倍率参考式
生命力,44,666644,32,39,40,41,42,76,83,7440,3716,891,730,790,850,850,676,663,623,703,倍率参考式
生命力,45,666644,32,39,40,41,42,76,84,7440,3716,897,730,790,844,857,683,676,629,723,倍率参考式
生命力,46,666644,32,39,40,41,42,76,85,7440,3716,871,750,770,850,864,683,683,623,683,倍率参考式
生命力,47,666644,32,39,40,41,42,76,86,7440,3716,871,703,797,830,857,696,676,643,690,倍率参考式
生命力,48,666644,32,39,40,41,42,76,87,7440,3716,871,723,790,817,844,716,676,629,703,倍率参考式
生命力,49,666644,32,39,40,41,42,76,88,7440,3716,911,743,783,824,837,710,663,649,710,倍率参考式
生命力,50,666644,32,39,40,41,42,76,89,7440,3716,864,716,770,824,864,690,710,609,696,倍率参考式
生命力,51,666644,32,39,40,41,42,76,90,7440,3716,891,723,770,844,864,670,723,603,670,倍率参考式
生命力,52,666644,32,39,40,41,42,76,91,7440,3716,911,750,757,817,857,690,723,616,696,倍率参考式
生命力,53,666644,32,39,40,41,42,76,92,7440,3716,904,730,777,817,850,703,670,656,690,倍率参考式
生命力,54,666644,32,39,40,41,42,76,93,7440,3716,911,763,770,830,824,716,690,629,690,倍率参考式
生命力,55,666644,32,39,40,41,42,77,78,7440,3716,830,703,830,844,891,636,629,582,683,倍率参考式
生命力,56,666644,32,39,40,41,42,77,79,7440,3716,871,710,817,817,911,656,670,636,683,倍率参考式
生命力,57,666644,32,39,40,41,42,77,80,7440,3716,830,696,797,837,911,656,663,596,670,倍率参考式
生命力,58,666644,32,39,40,41,42,77,81,7440,3716,830,703,844,850,904,670,676,582,643,倍率参考式
生命力,59,666644,32,39,40,41,42,77,82,7440,3716,824,696,837,850,911,696,629,576,696,倍率参考式
生命力,60,666644,32,39,40,41,42,77,83,7440,3716,857,710,824,850,897,643,629,603,670,倍率参考式
生命力,61,666644,32,39,40,41,42,77,84,7440,3716,864,710,824,844,904,649,643,609,690,倍率参考式
生命力,62,666644,32,39,40,41,42,77,85,7440,3716,837,730,804,850,911,649,649,603,649,倍率参考式
生命力,63,666644,32,39,40,41,42,77,86,7440,3716,837,683,830,830,904,663,643,623,656,倍率参考式
生命力,64,666644,32,39,40,41,42,77,87,7440,3716,837,703,824,817,891,683,643,609,670,倍率参考式
生命力,65,666644,32,39,40,41,42,77,88,7440,3716,877,723,817,824,884,676,629,629,676,倍率参考式
生命力,66,666644,32,39,40,41,42,77,89,7440,3716,830,696,804,824,911,656,676,589,663,倍率参考式
生命力,67,666644,32,39,40,41,42,77,90,7440,3716,857,703,804,844,911,636,690,582,636,倍率参考式
生命力,68,666644,32,39,40,41,42,77,91,7440,3716,877,730,790,817,904,656,690,596,663,倍率参考式
生命力,69,666644,32,39,40,41,42,77,92,7440,3716,871,710,810,817,897,670,636,636,656,倍率参考式
生命力,70,666644,32,39,40,41,42,77,93,7440,3716,877,743,804,830,871,683,656,609,656,倍率参考式
生命力,71,666644,32,39,40,41,42,78,79,7440,3716,871,723,830,810,897,629,649,596,703,倍率参考式
生命力,72,666644,32,39,40,41,42,78,80,7440,3716,830,710,810,830,897,629,643,556,690,倍率参考式
生命力,73,666644,32,39,40,41,42,78,81,7440,3716,830,716,857,844,891,643,656,542,663,倍率参考式
生命力,74,666644,32,39,40,41,42,78,82,7440,3716,824,710,850,844,897,670,609,536,716,倍率参考式
生命力,75,666644,32,39,40,41,42,78,83,7440,3716,857,723,837,844,884,616,609,562,690,倍率参考式
生命力,76,666644,32,39,40,41,42,78,84,7440,3716,864,723,837,837,891,623,623,569,710,倍率参考式
生命力,77,666644,32,39,40,41,42,78,85,7440,3716,837,743,817,844,897,623,629,562,670,倍率参考式
生命力,78,666644,32,39,40,41,42,78,86,7440,3716,837,696,844,824,891,636,623,582,676,倍率参考式
生命力,79,666644,32,39,40,41,42,78,87,7440,3716,837,716,837,810,877,656,623,569,690,倍率参考式
生命力,80,666644,32,39,40,41,42,78,88,7440,3716,877,737,830,817,871,649,609,589,696,倍率参考式
生命力,81,666644,32,39,40,41,42,78,89,7440,3716,830,710,817,817,897,629,656,549,683,倍率参考式
生命力,82,666644,32,39,40,41,42,78,90,7440,3716,857,716,817,837,897,609,670,542,656,倍率参考式
生命力,83,666644,32,39,40,41,42,78,91,7440,3716,877,743,804,810,891,629,670,556,683,倍率参考式
生命力,84,666644,32,39,40,41,42,78,92,7440,3716,871,723,824,810,884,643,616,596,676,倍率参考式
生命力,85,666644,32,39,40,41,42,78,93,7440,3716,877,757,817,824,857,656,636,569,676,倍率参考式
生命力,86,666644,32,39,40,41,42,79,80,7440,3716,871,716,797,804,917,649,683,609,690,倍率参考式
生命力,87,666644,32,39,40,41,42,79,81,7440,3716,871,723,844,817,911,663,696,596,663,倍率参考式
生命力,88,666644,32,39,40,41,42,79,82,7440,3716,864,716,837,817,917,690,649,589,716,倍率参考式
生命力,89,666644,32,39,40,41,42,79,83,7440,3716,897,730,824,817,904,636,649,616,690,倍率参考式
生命力,90,666644,32,39,40,41,42,79,84,7440,3716,904,730,824,810,911,643,663,623,710,倍率参考式
生命力,91,666644,32,39,40,41,42,79,85,7440,3716,877,750,804,817,917,643,670,616,670,倍率参考式
生命力,92,666644,32,39,40,41,42,79,86,7440,3716,877,703,830,797,911,656,663,636,676,倍率参考式
生命力,93,666644,32,39,40,41,42,79,87,7440,3716,877,723,824,783,897,676,663,623,690,倍率参考式
生命力,94,666644,32,39,40,41,42,79,88,7440,3716,917,743,817,790,891,670,649,643,696,倍率参考式
生命力,95,666644,32,39,40,41,42,79,89,7440,3716,871,716,804,790,917,649,696,603,683,倍率参考式
生命力,96,666644,32,39,40,41,42,79,90,7440,3716,897,723,804,810,917,629,710,596,656,倍率参考式
生命力,97,666644,32,39,40,41,42,79,91,7440,3716,917,750,790,783,911,649,710,609,683,倍率参考式
生命力,98,666644,32,39,40,41,42,79,92,7440,3716,911,730,810,783,904,663,656,649,676,倍率参考式
生命力,99,666644,32,39,40,41,42,79,93,7440,3716,917,763,804,797,877,676,676,623,676,倍率参考式
生命力,100,666644,32,39,40,41,42,80,81,7440,3716,830,710,824,837,911,663,690,556,649,倍率参考式
生命力,101,666644,32,39,40,41,42,80,82,7440,3716,824,703,817,837,917,690,643,549,703,倍率参考式
生命力,102,666644,32,39,40,41,42,80,83,7440,3716,857,716,804,837,904,636,643,576,676,倍率参考式
生命力,103,666644,32,39,40,41,42,80,84,7440,3716,864,716,804,830,911,643,656,582,696,倍率参考式
生命力,104,666644,32,39,40,41,42,80,85,7440,3716,837,737,783,837,917,643,663,576,656,倍率参考式
生命力,105,666644,32,39,40,41,42,80,86,7440,3716,837,690,810,817,911,656,656,596,663,倍率参考式
生命力,106,666644,32,39,40,41,42,80,87,7440,3716,837,710,804,804,897,676,656,582,676,倍率参考式
生命力,107,666644,32,39,40,41,42,80,88,7440,3716,877,730,797,810,891,670,643,603,683,倍率参考式
生命力,108,666644,32,39,40,41,42,80,89,7440,3716,830,703,783,810,917,649,690,562,670,倍率参考式
生命力,109,666644,32,39,40,41,42,80,90,7440,3716,857,710,783,830,917,629,703,556,643,倍率参考式
生命力,110,666644,32,39,40,41,42,80,91,7440,3716,877,737,770,804,911,649,703,569,670,倍率参考式
生命力,111,666644,32,39,40,41,42,80,92,7440,3716,871,716,790,804,904,663,649,609,663,倍率参考式
生命力,112,666644,32,39,40,41,42,80,93,7440,3716,877,750,783,817,877,676,670,582,663,倍率参考式
生命力,113,666644,32,39,40,41,42,81,82,7440,3716,824,710,864,850,911,703,656,536,676,倍率参考式
生命力,114,666644,32,39,40,41,42,81,83,7440,3716,857,723,850,850,897,649,656,562,649,倍率参考式
生命力,115,666644,32,39,40,41,42,81,84,7440,3716,864,723,850,844,904,656,670,569,670,倍率参考式
生命力,116,666644,32,39,40,41,42,81,85,7440,3716,837,743,830,850,911,656,676,562,629,倍率参考式
生命力,117,666644,32,39,40,41,42,81,86,7440,3716,837,696,857,830,904,670,670,582,636,倍率参考式
生命力,118,666644,32,39,40,41,42,81,87,7440,3716,837,716,850,817,891,690,670,569,649,倍率参考式
生命力,119,666644,32,39,40,41,42,81,88,7440,3716,877,737,844,824,884,683,656,589,656,倍率参考式
生命力,120,666644,32,39,40,41,42,81,89,7440,3716,830,710,830,824,911,663,703,549,643,倍率参考式
生命力,121,666644,32,39,40,41,42,81,90,7440,3716,857,716,830,844,911,643,716,542,616,倍率参考式
生命力,122,666644,32,39,40,41,42,81,91,7440,3716,877,743,817,817,904,663,716,556,643,倍率参考式
生命力,123,666644,32,39,40,41,42,81,92,7440,3716,871,723,837,817,897,676,663,596,636,倍率参考式
生命力,124,666644,32,39,40,41,42,81,93,7440,3716,877,757,830,830,871,690,683,569,636,倍率参考式
生命力,125,666644,32,39,40,41,42,82,83,7440,3716,850,716,844,850,904,676,609,556,703,倍率参考式
生命力,126,666644,32,39,40,41,42,82,84,7440,3716,857,716,844,844,911,683,623,562,723,倍率参考式
生命力,127,666644,32,39,40,41,42,82,85,7440,3716,830,737,824,850,917,683,629,556,683,倍率参考式
生命力,128,666644,32,39,40,41,42,82,86,7440,3716,830,690,850,830,911,696,623,576,690,倍率参考式
生命力,129,666644,32,39,40,41,42,82,87,7440,3716,830,710,844,817,897,716,623,562,703,倍率参考式
生命力,130,666644,32,39,40,41,42,82,88,7440,3716,871,730,837,824,891,710,609,582,710,倍率参考式
生命力,131,666644,32,39,40,41,42,82,89,7440,3716,824,703,824,824,917,690,656,542,696,倍率参考式
生命力,132,666644,32,39,40,41,42,82,90,7440,3716,850,710,824,844,917,670,670,536,670,倍率参考式
生命力,133,666644,32,39,40,41,42,82,91,7440,3716,871,737,810,817,911,690,670,549,696,倍率参考式
生命力,134,666644,32,39,40,41,42,82,92,7440,3716,864,716,830,817,904,703,616,589,690,倍率参考式
生命力,135,666644,32,39,40,41,42,82,93,7440,3716,871,750,824,830,877,716,636,562,690,倍率参考式
生命力,136,666644,32,39,40,41,42,83,84,7440,3716,891,730,830,844,897,629,623,589,696,倍率参考式
生命力,137,666644,32,39,40,41,42,83,85,7440,3716,864,750,810,850,904,629,629,582,656,倍率参考式
生命力,138,666644,32,39,40,41,42,83,86,7440,3716,864,703,837,830,897,643,623,603,663,倍率参考式
生命力,139,666644,32,39,40,41,42,83,87,7440,3716,864,723,830,817,884,663,623,589,676,倍率参考式
生命力,140,666644,32,39,40,41,42,83,88,7440,3716,904,743,824,824,877,656,609,609,683,倍率参考式
生命力,141,666644,32,39,40,41,42,83,89,7440,3716,857,716,810,824,904,636,656,569,670,倍率参考式
生命力,142,666644,32,39,40,41,42,83,90,7440,3716,884,723,810,844,904,616,670,562,643,倍率参考式
生命力,143,666644,32,39,40,41,42,83,91,7440,3716,904,750,797,817,897,636,670,576,670,倍率参考式
生命力,144,666644,32,39,40,41,42,83,92,7440,3716,897,730,817,817,891,649,616,616,663,倍率参考式
生命力,145,666644,32,39,40,41,42,83,93,7440,3716,904,763,810,830,864,663,636,589,663,倍率参考式
生命力,146,666644,32,39,40,41,42,84,85,7440,3716,871,750,810,844,911,636,643,589,676,倍率参考式
生命力,147,666644,32,39,40,41,42,84,86,7440,3716,871,703,837,824,904,649,636,609,683,倍率参考式
生命力,148,666644,32,39,40,41,42,84,87,7440,3716,871,723,830,810,891,670,636,596,696,倍率参考式
生命力,149,666644,32,39,40,41,42,84,88,7440,3716,911,743,824,817,884,663,623,616,703,倍率参考式
生命力,150,666644,32,39,40,41,42,84,89,7440,3716,864,716,810,817,911,643,670,576,690,倍率参考式
生命力,151,666644,32,39,40,41,42,84,90,7440,3716,891,723,810,837,911,623,683,569,663,倍率参考式
生命力,152,666644,32,39,40,41,42,84,91,7440,3716,911,750,797,810,904,643,683,582,690,倍率参考式
生命力,153,666644,32,39,40,41,42,84,92,7440,3716,904,730,817,810,897,656,629,623,683,倍率参考式
生命力,154,666644,32,39,40,41,42,84,93,7440,3716,911,763,810,824,871,670,649,596,683,倍率参考式
生命力,155,666644,32,39,40,41,42,85,86,7440,3716,844,723,817,830,911,649,643,603,643,倍率参考式
生命力,156,666644,32,39,40,41,42,85,87,7440,3716,844,743,810,817,897,670,643,589,656,倍率参考式
生命力,157,666644,32,39,40,41,42,85,88,7440,3716,884,763,804,824,891,663,629,609,663,倍率参考式
生命力,158,666644,32,39,40,41,42,85,89,7440,3716,837,737,790,824,917,643,676,569,649,倍率参考式
生命力,159,666644,32,39,40,41,42,85,90,7440,3716,864,743,790,844,917,623,690,562,623,倍率参考式
生命力,160,666644,32,39,40,41,42,85,91,7440,3716,884,770,777,817,911,643,690,576,649,倍率参考式
生命力,161,666644,32,39,40,41,42,85,92,7440,3716,877,750,797,817,904,656,636,616,643,倍率参考式
生命力,162,666644,32,39,40,41,42,85,93,7440,3716,884,783,790,830,877,670,656,589,643,倍率参考式
生命力,163,666644,32,39,40,41,42,86,87,7440,3716,844,696,837,797,891,683,636,609,663,倍率参考式
生命力,164,666644,32,39,40,41,42,86,88,7440,3716,884,716,830,804,884,676,623,629,670,倍率参考式
生命力,165,666644,32,39,40,41,42,86,89,7440,3716,837,690,817,804,911,656,670,589,656,倍率参考式
生命力,166,666644,32,39,40,41,42,86,90,7440,3716,864,696,817,824,911,636,683,582,629,倍率参考式
生命力,167,666644,32,39,40,41,42,86,91,7440,3716,884,723,804,797,904,656,683,596,656,倍率参考式
生命力,168,666644,32,39,40,41,42,86,92,7440,3716,877,703,824,797,897,670,629,636,649,倍率参考式
生命力,169,666644,32,39,40,41,42,86,93,7440,3716,884,737,817,810,871,683,649,609,649,倍率参考式
生命力,170,666644,32,39,40,41,42,87,88,7440,3716,884,737,824,790,871,696,623,616,683,倍率参考式
生命力,171,666644,32,39,40,41,42,87,89,7440,3716,837,710,810,790,897,676,670,576,670,倍率参考式
生命力,172,666644,32,39,40,41,42,87,90,7440,3716,864,716,810,810,897,656,683,569,643,倍率参考式
生命力,173,666644,32,39,40,41,42,87,91,7440,3716,884,743,797,783,891,676,683,582,670,倍率参考式
生命力,174,666644,32,39,40,41,42,87,92,7440,3716,877,723,817,783,884,690,629,623,663,倍率参考式
生命力,175,666644,32,39,40,41,42,87,93,7440,3716,884,757,810,797,857,703,649,596,663,倍率参考式
生命力,176,666644,32,39,40,41,42,88,89,7440,3716,877,730,804,797,891,670,656,596,676,倍率参考式
生命力,177,666644,32,39,40,41,42,88,90,7440,3716,904,737,804,817,891,649,670,589,649,倍率参考式
生命力,178,666644,32,39,40,41,42,88,91,7440,3716,924,763,790,790,884,670,670,603,676,倍率参考式
生命力,179,666644,32,39,40,41,42,88,92,7440,3716,917,743,810,790,877,683,616,643,670,倍率参考式
生命力,180,666644,32,39,40,41,42,88,93,7440,3716,924,777,804,804,850,696,636,616,670,倍率参考式
生命力,181,666644,32,39,40,41,42,89,90,7440,3716,857,710,790,817,917,629,716,549,636,倍率参考式
生命力,182,666644,32,39,40,41,42,89,91,7440,3716,877,737,777,790,911,649,716,562,663,倍率参考式
生命力,183,666644,32,39,40,41,42,89,92,7440,3716,871,716,797,790,904,663,663,603,656,倍率参考式
生命力,184,666644,32,39,40,41,42,89,93,7440,3716,877,750,790,804,877,676,683,576,656,倍率参考式
生命力,185,666644,32,39,40,41,42,90,91,7440,3716,904,743,777,810,911,629,730,556,636,倍率参考式
生命力,186,666644,32,39,40,41,42,90,92,7440,3716,897,723,797,810,904,643,676,596,629,倍率参考式
生命力,187,666644,32,39,40,41,42,90,93,7440,3716,904,757,790,824,877,656,696,569,629,倍率参考式
生命力,188,666644,32,39,40,41,42,91,92,7440,3716,917,750,783,783,897,663,676,609,656,倍率参考式
生命力,189,666644,32,39,40,41,42,91,93,7440,3716,924,783,777,797,871,676,696,582,656,倍率参考式
生命力,190,666644,32,39,40,41,42,92,93,7440,3716,917,763,797,797,864,690,643,623,649,倍率参考式
生命力,191,666644,32,39,40,41,43,74,75,7440,3716,824,683,877,824,871,656,623,670,676,倍率参考式
生命力,192,666644,32,39,40,41,43,74,76,7440,3716,837,663,871,877,850,649,670,683,723,倍率参考式
生命力,193,666644,32,39,40,41,43,74,77,7440,3716,804,643,904,877,897,616,636,663,690,倍率参考式
生命力,194,666644,32,39,40,41,43,74,78,7440,3716,804,656,917,871,884,589,616,623,710,倍率参考式
生命力,195,666644,32,39,40,41,43,74,79,7440,3716,844,663,904,844,904,609,656,676,710,倍率参考式
生命力,196,666644,32,39,40,41,43,74,80,7440,3716,804,649,884,864,904,609,649,636,696,倍率参考式
生命力,197,666644,32,39,40,41,43,74,81,7440,3716,804,656,931,877,897,623,663,623,670,倍率参考式
生命力,198,666644,32,39,40,41,43,74,82,7440,3716,797,649,924,877,904,649,616,616,723,倍率参考式
生命力,199,666644,32,39,40,41,43,74,83,7440,3716,830,663,911,877,891,596,616,643,696,倍率参考式
生命力,200,666644,32,39,40,41,43,74,84,7440,3716,837,663,911,871,897,603,629,649,716,倍率参考式
生命力,201,666644,32,39,40,41,43,74,85,7440,3716,810,683,891,877,904,603,636,643,676,倍率参考式
生命力,202,666644,32,39,40,41,43,74,86,7440,3716,810,636,917,857,897,616,629,663,683,倍率参考式
生命力,203,666644,32,39,40,41,43,74,87,7440,3716,810,656,911,844,884,636,629,649,696,倍率参考式
生命力,204,666644,32,39,40,41,43,74,88,7440,3716,850,676,904,850,877,629,616,670,703,倍率参考式
生命力,205,666644,32,39,40,41,43,74,89,7440,3716,804,649,891,850,904,609,663,629,690,倍率参考式
生命力,206,666644,32,39,40,41,43,74,90,7440,3716,830,656,891,871,904,589,676,623,663,倍率参考式
生命力,207,666644,32,39,40,41,43,74,91,7440,3716,850,683,877,844,897,609,676,636,690,倍率参考式
生命力,208,666644,32,39,40,41,43,74,92,7440,3716,844,663,897,844,891,623,623,676,683,倍率参考式
生命力,209,666644,32,39,40,41,43,74,93,7440,3716,850,696,891,857,864,636,643,649,683,倍率参考式
生命力,210,666644,32,39,40,41,43,75,76,7440,3716,864,670,830,824,817,683,616,737,710,倍率参考式
生命力,211,666644,32,39,40,41,43,75,77,7440,3716,830,649,864,824,864,649,582,716,676,倍率参考式
生命力,212,666644,32,39,40,41,43,75,78,7440,3716,830,663,877,817,850,623,562,676,696,倍率参考式
生命力,213,666644,32,39,40,41,43,75,79,7440,3716,871,670,864,790,871,643,603,730,696,倍率参考式
生命力,214,666644,32,39,40,41,43,75,80,7440,3716,830,656,844,810,871,643,596,690,683,倍率参考式
生命力,215,666644,32,39,40,41,43,75,81,7440,3716,830,663,891,824,864,656,609,676,656,倍率参考式
生命力,216,666644,32,39,40,41,43,75,82,7440,3716,824,656,884,824,871,683,562,670,710,倍率参考式
生命力,217,666644,32,39,40,41,43,75,83,7440,3716,857,670,871,824,857,629,562,696,683,倍率参考式
生命力,218,666644,32,39,40,41,43,75,84,7440,3716,864,670,871,817,864,636,576,703,703,倍率参考式
生命力,219,666644,32,39,40,41,43,75,85,7440,3716,837,690,850,824,871,636,582,696,663,倍率参考式
生命力,220,666644,32,39,40,41,43,75,86,7440,3716,837,643,877,804,864,649,576,716,670,倍率参考式
生命力,221,666644,32,39,40,41,43,75,87,7440,3716,837,663,871,790,850,670,576,703,683,倍率参考式
生命力,222,666644,32,39,40,41,43,75,88,7440,3716,877,683,864,797,844,663,562,723,690,倍率参考式
生命力,223,666644,32,39,40,41,43,75,89,7440,3716,830,656,850,797,871,643,609,683,676,倍率参考式
生命力,224,666644,32,39,40,41,43,75,90,7440,3716,857,663,850,817,871,623,623,676,649,倍率参考式
生命力,225,666644,32,39,40,41,43,75,91,7440,3716,877,690,837,790,864,643,623,690,676,倍率参考式
生命力,226,666644,32,39,40,41,43,75,92,7440,3716,871,670,857,790,857,656,569,730,670,倍率参考式
生命力,227,666644,32,39,40,41,43,75,93,7440,3716,877,703,850,804,830,670,589,703,670,倍率参考式
生命力,228,666644,32,39,40,41,43,76,77,7440,3716,844,629,857,877,844,643,629,730,723,倍率参考式
生命力,229,666644,32,39,40,41,43,76,78,7440,3716,844,643,871,871,830,616,609,690,743,倍率参考式
生命力,230,666644,32,39,40,41,43,76,79,7440,3716,884,649,857,844,850,636,649,743,743,倍率参考式
生命力,231,666644,32,39,40,41,43,76,80,7440,3716,844,636,837,864,850,636,643,703,730,倍率参考式
生命力,232,666644,32,39,40,41,43,76,81,7440,3716,844,643,884,877,844,649,656,690,703,倍率参考式
生命力,233,666644,32,39,40,41,43,76,82,7440,3716,837,636,877,877,850,676,609,683,757,倍率参考式
生命力,234,666644,32,39,40,41,43,76,83,7440,3716,871,649,864,877,837,623,609,710,730,倍率参考式
生命力,235,666644,32,39,40,41,43,76,84,7440,3716,877,649,864,871,844,629,623,716,750,倍率参考式
生命力,236,666644,32,39,40,41,43,76,85,7440,3716,850,670,844,877,850,629,629,710,710,倍率参考式
生命力,237,666644,32,39,40,41,43,76,86,7440,3716,850,623,871,857,844,643,623,730,716,倍率参考式
生命力,238,666644,32,39,40,41,43,76,87,7440,3716,850,643,864,844,830,663,623,716,730,倍率参考式
生命力,239,666644,32,39,40,41,43,76,88,7440,3716,891,663,857,850,824,656,609,737,737,倍率参考式
生命力,240,666644,32,39,40,41,43,76,89,7440,3716,844,636,844,850,850,636,656,696,723,倍率参考式
生命力,241,666644,32,39,40,41,43,76,90,7440,3716,871,643,844,871,850,616,670,690,696,倍率参考式
生命力,242,666644,32,39,40,41,43,76,91,7440,3716,891,670,830,844,844,636,670,703,723,倍率参考式
生命力,243,666644,32,39,40,41,43,76,92,7440,3716,884,649,850,844,837,649,616,743,716,倍率参考式
生命力,244,666644,32,39,40,41,43,76,93,7440,3716,891,683,844,857,810,663,636,716,716,倍率参考式
生命力,245,666644,32,39,40,41,43,77,78,7440,3716,810,623,904,871,877,582,576,670,710,倍率参考式
生命力,246,666644,32,39,40,41,43,77,79,7440,3716,850,629,891,844,897,603,616,723,710,倍率参考式
生命力,247,666644,32,39,40,41,43,77,80,7440,3716,810,616,871,864,897,603,609,683,696,倍率参考式
生命力,248,666644,32,39,40,41,43,77,81,7440,3716,810,623,917,877,891,616,623,670,670,倍率参考式
生命力,249,666644,32,39,40,41,43,77,82,7440,3716,804,616,911,877,897,643,576,663,723,倍率参考式
生命力,250,666644,32,39,40,41,43,77,83,7440,3716,837,629,897,877,884,589,576,690,696,倍率参考式
生命力,251,666644,32,39,40,41,43,77,84,7440,3716,844,629,897,871,891,596,589,696,716,倍率参考式
生命力,252,666644,32,39,40,41,43,77,85,7440,3716,817,649,877,877,897,596,596,690,676,倍率参考式
生命力,253,666644,32,39,40,41,43,77,86,7440,3716,817,603,904,857,891,609,589,710,683,倍率参考式
生命力,254,666644,32,39,40,41,43,77,87,7440,3716,817,623,897,844,877,629,589,696,696,倍率参考式
生命力,255,666644,32,39,40,41,43,77,88,7440,3716,857,643,891,850,871,623,576,716,703,倍率参考式
生命力,256,666644,32,39,40,41,43,77,89,7440,3716,810,616,877,850,897,603,623,676,690,倍率参考式
生命力,257,666644,32,39,40,41,43,77,90,7440,3716,837,623,877,871,897,582,636,670,663,倍率参考式
生命力,258,666644,32,39,40,41,43,77,91,7440,3716,857,649,864,844,891,603,636,683,690,倍率参考式
生命力,259,666644,32,39,40,41,43,77,92,7440,3716,850,629,884,844,884,616,582,723,683,倍率参考式
生命力,260,666644,32,39,40,41,43,77,93,7440,3716,857,663,877,857,857,629,603,696,683,倍率参考式
生命力,261,666644,32,39,40,41,43,78,79,7440,3716,850,643,904,837,884,576,596,683,730,倍率参考式
生命力,262,666644,32,39,40,41,43,78,80,7440,3716,810,629,884,857,884,576,589,643,716,倍率参考式
生命力,263,666644,32,39,40,41,43,78,81,7440,3716,810,636,931,871,877,589,603,629,690,倍率参考式
生命力,264,666644,32,39,40,41,43,78,82,7440,3716,804,629,924,871,884,616,556,623,743,倍率参考式
生命力,265,666644,32,39,40,41,43,78,83,7440,3716,837,643,911,871,871,562,556,649,716,倍率参考式
生命力,266,666644,32,39,40,41,43,78,84,7440,3716,844,643,911,864,877,569,569,656,737,倍率参考式
生命力,267,666644,32,39,40,41,43,78,85,7440,3716,817,663,891,871,884,569,576,649,696,倍率参考式
生命力,268,666644,32,39,40,41,43,78,86,7440,3716,817,616,917,850,877,582,569,670,703,倍率参考式
生命力,269,666644,32,39,40,41,43,78,87,7440,3716,817,636,911,837,864,603,569,656,716,倍率参考式
生命力,270,666644,32,39,40,41,43,78,88,7440,3716,857,656,904,844,857,596,556,676,723,倍率参考式
生命力,271,666644,32,39,40,41,43,78,89,7440,3716,810,629,891,844,884,576,603,636,710,倍率参考式
生命力,272,666644,32,39,40,41,43,78,90,7440,3716,837,636,891,864,884,556,616,629,683,倍率参考式
生命力,273,666644,32,39,40,41,43,78,91,7440,3716,857,663,877,837,877,576,616,643,710,倍率参考式
生命力,274,666644,32,39,40,41,43,78,92,7440,3716,850,643,897,837,871,589,562,683,703,倍率参考式
生命力,275,666644,32,39,40,41,43,78,93,7440,3716,857,676,891,850,844,603,582,656,703,倍率参考式
生命力,276,666644,32,39,40,41,43,79,80,7440,3716,850,636,871,830,904,596,629,696,716,倍率参考式
生命力,277,666644,32,39,40,41,43,79,81,7440,3716,850,643,917,844,897,609,643,683,690,倍率参考式
生命力,278,666644,32,39,40,41,43,79,82,7440,3716,844,636,911,844,904,636,596,676,743,倍率参考式
生命力,279,666644,32,39,40,41,43,79,83,7440,3716,877,649,897,844,891,582,596,703,716,倍率参考式
生命力,280,666644,32,39,40,41,43,79,84,7440,3716,884,649,897,837,897,589,609,710,737,倍率参考式
生命力,281,666644,32,39,40,41,43,79,85,7440,3716,857,670,877,844,904,589,616,703,696,倍率参考式
生命力,282,666644,32,39,40,41,43,79,86,7440,3716,857,623,904,824,897,603,609,723,703,倍率参考式
生命力,283,666644,32,39,40,41,43,79,87,7440,3716,857,643,897,810,884,623,609,710,716,倍率参考式
生命力,284,666644,32,39,40,41,43,79,88,7440,3716,897,663,891,817,877,616,596,730,723,倍率参考式
生命力,285,666644,32,39,40,41,43,79,89,7440,3716,850,636,877,817,904,596,643,690,710,倍率参考式
生命力,286,666644,32,39,40,41,43,79,90,7440,3716,877,643,877,837,904,576,656,683,683,倍率参考式
生命力,287,666644,32,39,40,41,43,79,91,7440,3716,897,670,864,810,897,596,656,696,710,倍率参考式
生命力,288,666644,32,39,40,41,43,79,92,7440,3716,891,649,884,810,891,609,603,737,703,倍率参考式
生命力,289,666644,32,39,40,41,43,79,93,7440,3716,897,683,877,824,864,623,623,710,703,倍率参考式
生命力,290,666644,32,39,40,41,43,80,81,7440,3716,810,629,897,864,897,609,636,643,676,倍率参考式
生命力,291,666644,32,39,40,41,43,80,82,7440,3716,804,623,891,864,904,636,589,636,730,倍率参考式
生命力,292,666644,32,39,40,41,43,80,83,7440,3716,837,636,877,864,891,582,589,663,703,倍率参考式
生命力,293,666644,32,39,40,41,43,80,84,7440,3716,844,636,877,857,897,589,603,670,723,倍率参考式
生命力,294,666644,32,39,40,41,43,80,85,7440,3716,817,656,857,864,904,589,609,663,683,倍率参考式
生命力,295,666644,32,39,40,41,43,80,86,7440,3716,817,609,884,844,897,603,603,683,690,倍率参考式
生命力,296,666644,32,39,40,41,43,80,87,7440,3716,817,629,877,830,884,623,603,670,703,倍率参考式
生命力,297,666644,32,39,40,41,43,80,88,7440,3716,857,649,871,837,877,616,589,690,710,倍率参考式
生命力,298,666644,32,39,40,41,43,80,89,7440,3716,810,623,857,837,904,596,636,649,696,倍率参考式
生命力,299,666644,32,39,40,41,43,80,90,7440,3716,837,629,857,857,904,576,649,643,670,倍率参考式
生命力,300,666644,32,39,40,41,43,80,91,7440,3716,857,656,844,830,897,596,649,656,696,倍率参考式
生命力,301,666644,32,39,40,41,43,80,92,7440,3716,850,636,864,830,891,609,596,696,690,倍率参考式
生命力,302,666644,32,39,40,41,43,80,93,7440,3716,857,670,857,844,864,623,616,670,690,倍率参考式
生命力,303,666644,32,39,40,41,43,81,82,7440,3716,804,629,938,877,897,649,603,623,703,倍率参考式
生命力,304,666644,32,39,40,41,43,81,83,7440,3716,837,643,924,877,884,596,603,649,676,倍率参考式
生命力,305,666644,32,39,40,41,43,81,84,7440,3716,844,643,924,871,891,603,616,656,696,倍率参考式
生命力,306,666644,32,39,40,41,43,81,85,7440,3716,817,663,904,877,897,603,623,649,656,倍率参考式
生命力,307,666644,32,39,40,41,43,81,86,7440,3716,817,616,931,857,891,616,616,670,663,倍率参考式
生命力,308,666644,32,39,40,41,43,81,87,7440,3716,817,636,924,844,877,636,616,656,676,倍率参考式
生命力,309,666644,32,39,40,41,43,81,88,7440,3716,857,656,917,850,871,629,603,676,683,倍率参考式
生命力,310,666644,32,39,40,41,43,81,89,7440,3716,810,629,904,850,897,609,649,636,670,倍率参考式
生命力,311,666644,32,39,40,41,43,81,90,7440,3716,837,636,904,871,897,589,663,629,643,倍率参考式
生命力,312,666644,32,39,40,41,43,81,91,7440,3716,857,663,891,844,891,609,663,643,670,倍率参考式
生命力,313,666644,32,39,40,41,43,81,92,7440,3716,850,643,911,844,884,623,609,683,663,倍率参考式
生命力,314,666644,32,39,40,41,43,81,93,7440,3716,857,676,904,857,857,636,629,656,663,倍率参考式
生命力,315,666644,32,39,40,41,43,82,83,7440,3716,830,636,917,877,891,623,556,643,730,倍率参考式
生命力,316,666644,32,39,40,41,43,82,84,7440,3716,837,636,917,871,897,629,569,649,750,倍率参考式
生命力,317,666644,32,39,40,41,43,82,85,7440,3716,810,656,897,877,904,629,576,643,710,倍率参考式
生命力,318,666644,32,39,40,41,43,82,86,7440,3716,810,609,924,857,897,643,569,663,716,倍率参考式
生命力,319,666644,32,39,40,41,43,82,87,7440,3716,810,629,917,844,884,663,569,649,730,倍率参考式
生命力,320,666644,32,39,40,41,43,82,88,7440,3716,850,649,911,850,877,656,556,670,737,倍率参考式
生命力,321,666644,32,39,40,41,43,82,89,7440,3716,804,623,897,850,904,636,603,629,723,倍率参考式
生命力,322,666644,32,39,40,41,43,82,90,7440,3716,830,629,897,871,904,616,616,623,696,倍率参考式
生命力,323,666644,32,39,40,41,43,82,91,7440,3716,850,656,884,844,897,636,616,636,723,倍率参考式
生命力,324,666644,32,39,40,41,43,82,92,7440,3716,844,636,904,844,891,649,562,676,716,倍率参考式
生命力,325,666644,32,39,40,41,43,82,93,7440,3716,850,670,897,857,864,663,582,649,716,倍率参考式
生命力,326,666644,32,39,40,41,43,83,84,7440,3716,871,649,904,871,884,576,569,676,723,倍率参考式
生命力,327,666644,32,39,40,41,43,83,85,7440,3716,844,670,884,877,891,576,576,670,683,倍率参考式
生命力,328,666644,32,39,40,41,43,83,86,7440,3716,844,623,911,857,884,589,569,690,690,倍率参考式
生命力,329,666644,32,39,40,41,43,83,87,7440,3716,844,643,904,844,871,609,569,676,703,倍率参考式
生命力,330,666644,32,39,40,41,43,83,88,7440,3716,884,663,897,850,864,603,556,696,710,倍率参考式
生命力,331,666644,32,39,40,41,43,83,89,7440,3716,837,636,884,850,891,582,603,656,696,倍率参考式
生命力,332,666644,32,39,40,41,43,83,90,7440,3716,864,643,884,871,891,562,616,649,670,倍率参考式
生命力,333,666644,32,39,40,41,43,83,91,7440,3716,884,670,871,844,884,582,616,663,696,倍率参考式
生命力,334,666644,32,39,40,41,43,83,92,7440,3716,877,649,891,844,877,596,562,703,690,倍率参考式
生命力,335,666644,32,39,40,41,43,83,93,7440,3716,884,683,884,857,850,609,582,676,690,倍率参考式
生命力,336,666644,32,39,40,41,43,84,85,7440,3716,850,670,884,871,897,582,589,676,703,倍率参考式
生命力,337,666644,32,39,40,41,43,84,86,7440,3716,850,623,911,850,891,596,582,696,710,倍率参考式
生命力,338,666644,32,39,40,41,43,84,87,7440,3716,850,643,904,837,877,616,582,683,723,倍率参考式
生命力,339,666644,32,39,40,41,43,84,88,7440,3716,891,663,897,844,871,609,569,703,730,倍率参考式
生命力,340,666644,32,39,40,41,43,84,89,7440,3716,844,636,884,844,897,589,616,663,716,倍率参考式
生命力,341,666644,32,39,40,41,43,84,90,7440,3716,871,643,884,864,897,569,629,656,690,倍率参考式
生命力,342,666644,32,39,40,41,43,84,91,7440,3716,891,670,871,837,891,589,629,670,716,倍率参考式
生命力,343,666644,32,39,40,41,43,84,92,7440,3716,884,649,891,837,884,603,576,710,710,倍率参考式
生命力,344,666644,32,39,40,41,43,84,93,7440,3716,891,683,884,850,857,616,596,683,710,倍率参考式
生命力,345,666644,32,39,40,41,43,85,86,7440,3716,824,643,891,857,897,596,589,690,670,倍率参考式
生命力,346,666644,32,39,40,41,43,85,87,7440,3716,824,663,884,844,884,616,589,676,683,倍率参考式
生命力,347,666644,32,39,40,41,43,85,88,7440,3716,864,683,877,850,877,609,576,696,690,倍率参考式
生命力,348,666644,32,39,40,41,43,85,89,7440,3716,817,656,864,850,904,589,623,656,676,倍率参考式
生命力,349,666644,32,39,40,41,43,85,90,7440,3716,844,663,864,871,904,569,636,649,649,倍率参考式
生命力,350,666644,32,39,40,41,43,85,91,7440,3716,864,690,850,844,897,589,636,663,676,倍率参考式
生命力,351,666644,32,39,40,41,43,85,92,7440,3716,857,670,871,844,891,603,582,703,670,倍率参考式
生命力,352,666644,32,39,40,41,43,85,93,7440,3716,864,703,864,857,864,616,603,676,670,倍率参考式
生命力,353,666644,32,39,40,41,43,86,87,7440,3716,824,616,911,824,877,629,582,696,690,倍率参考式
生命力,354,666644,32,39,40,41,43,86,88,7440,3716,864,636,904,830,871,623,569,716,696,倍率参考式
生命力,355,666644,32,39,40,41,43,86,89,7440,3716,817,609,891,830,897,603,616,676,683,倍率参考式
生命力,356,666644,32,39,40,41,43,86,90,7440,3716,844,616,891,850,897,582,629,670,656,倍率参考式
生命力,357,666644,32,39,40,41,43,86,91,7440,3716,864,643,877,824,891,603,629,683,683,倍率参考式
生命力,358,666644,32,39,40,41,43,86,92,7440,3716,857,623,897,824,884,616,576,723,676,倍率参考式
生命力,359,666644,32,39,40,41,43,86,93,7440,3716,864,656,891,837,857,629,596,696,676,倍率参考式
生命力,360,666644,32,39,40,41,43,87,88,7440,3716,864,656,897,817,857,643,569,703,710,倍率参考式
生命力,361,666644,32,39,40,41,43,87,89,7440,3716,817,629,884,817,884,623,616,663,696,倍率参考式
生命力,362,666644,32,39,40,41,43,87,90,7440,3716,844,636,884,837,884,603,629,656,670,倍率参考式
生命力,363,666644,32,39,40,41,43,87,91,7440,3716,864,663,871,810,877,623,629,670,696,倍率参考式
生命力,364,666644,32,39,40,41,43,87,92,7440,3716,857,643,891,810,871,636,576,710,690,倍率参考式
生命力,365,666644,32,39,40,41,43,87,93,7440,3716,864,676,884,824,844,649,596,683,690,倍率参考式
生命力,366,666644,32,39,40,41,43,88,89,7440,3716,857,649,877,824,877,616,603,683,703,倍率参考式
生命力,367,666644,32,39,40,41,43,88,90,7440,3716,884,656,877,844,877,596,616,676,676,倍率参考式
生命力,368,666644,32,39,40,41,43,88,91,7440,3716,904,683,864,817,871,616,616,690,703,倍率参考式
生命力,369,666644,32,39,40,41,43,88,92,7440,3716,897,663,884,817,864,629,562,730,696,倍率参考式
生命力,370,666644,32,39,40,41,43,88,93,7440,3716,904,696,877,830,837,643,582,703,696,倍率参考式
生命力,371,666644,32,39,40,41,43,89,90,7440,3716,837,629,864,844,904,576,663,636,663,倍率参考式
生命力,372,666644,32,39,40,41,43,89,91,7440,3716,857,656,850,817,897,596,663,649,690,倍率参考式
生命力,373,666644,32,39,40,41,43,89,92,7440,3716,850,636,871,817,891,609,609,690,683,倍率参考式
生命力,374,666644,32,39,40,41,43,89,93,7440,3716,857,670,864,830,864,623,629,663,683,倍率参考式
生命力,375,666644,32,39,40,41,43,90,91,7440,3716,884,663,850,837,897,576,676,643,663,倍率参考式
生命力,376,666644,32,39,40,41,43,90,92,7440,3716,877,643,871,837,891,589,623,683,656,倍率参考式
生命力,377,666644,32,39,40,41,43,90,93,7440,3716,884,676,864,850,864,603,643,656,656,倍率参考式
生命力,378,666644,32,39,40,41,43,91,92,7440,3716,897,670,857,810,884,609,623,696,683,倍率参考式
生命力,379,666644,32,39,40,41,43,91,93,7440,3716,904,703,850,824,857,623,643,670,683,倍率参考式
生命力,380,666644,32,39,40,41,43,92,93,7440,3716,897,683,871,824,850,636,589,710,676,倍率参考式
生命力,381,666644,32,39,40,41,44,74,75,7440,3716,837,683,864,824,917,656,649,596,683,倍率参考式
生命力,382,666644,32,39,40,41,44,74,76,7440,3716,850,663,857,877,897,649,696,609,730,倍率参考式
生命力,383,666644,32,39,40,41,44,74,77,7440,3716,817,643,891,877,944,616,663,589,696,倍率参考式
生命力,384,666644,32,39,40,41,44,74,78,7440,3716,817,656,904,871,931,589,643,549,716,倍率参考式
生命力,385,666644,32,39,40,41,44,74,79,7440,3716,857,663,891,844,951,609,683,603,716,倍率参考式
生命力,386,666644,32,39,40,41,44,74,80,7440,3716,817,649,871,864,951,609,676,562,703,倍率参考式
生命力,387,666644,32,39,40,41,44,74,81,7440,3716,817,656,917,877,944,623,690,549,676,倍率参考式
生命力,388,666644,32,39,40,41,44,74,82,7440,3716,810,649,911,877,951,649,643,542,730,倍率参考式
生命力,389,666644,32,39,40,41,44,74,83,7440,3716,844,663,897,877,938,596,643,569,703,倍率参考式
生命力,390,666644,32,39,40,41,44,74,84,7440,3716,850,663,897,871,944,603,656,576,723,倍率参考式
生命力,391,666644,32,39,40,41,44,74,85,7440,3716,824,683,877,877,951,603,663,569,683,倍率参考式
生命力,392,666644,32,39,40,41,44,74,86,7440,3716,824,636,904,857,944,616,656,589,690,倍率参考式
生命力,393,666644,32,39,40,41,44,74,87,7440,3716,824,656,897,844,931,636,656,576,703,倍率参考式
生命力,394,666644,32,39,40,41,44,74,88,7440,3716,864,676,891,850,924,629,643,596,710,倍率参考式
生命力,395,666644,32,39,40,41,44,74,89,7440,3716,817,649,877,850,951,609,690,556,696,倍率参考式
生命力,396,666644,32,39,40,41,44,74,90,7440,3716,844,656,877,871,951,589,703,549,670,倍率参考式
生命力,397,666644,32,39,40,41,44,74,91,7440,3716,864,683,864,844,944,609,703,562,696,倍率参考式
生命力,398,666644,32,39,40,41,44,74,92,7440,3716,857,663,884,844,938,623,649,603,690,倍率参考式
生命力,399,666644,32,39,40,41,44,74,93,7440,3716,864,696,877,857,911,636,670,576,690,倍率参考式
生命力,400,666644,32,39,40,41,44,75,76,7440,3716,877,670,817,824,864,683,643,663,716,倍率参考式
生命力,401,666644,32,39,40,41,44,75,77,7440,3716,844,649,850,824,911,649,609,643,683,倍率参考式
生命力,402,666644,32,39,40,41,44,75,78,7440,3716,844,663,864,817,897,623,589,603,703,倍率参考式
生命力,403,666644,32,39,40,41,44,75,79,7440,3716,884,670,850,790,917,643,629,656,703,倍率参考式
生命力,404,666644,32,39,40,41,44,75,80,7440,3716,844,656,830,810,917,643,623,616,690,倍率参考式
生命力,405,666644,32,39,40,41,44,75,81,7440,3716,844,663,877,824,911,656,636,603,663,倍率参考式
生命力,406,666644,32,39,40,41,44,75,82,7440,3716,837,656,871,824,917,683,589,596,716,倍率参考式
生命力,407,666644,32,39,40,41,44,75,83,7440,3716,871,670,857,824,904,629,589,623,690,倍率参考式
生命力,408,666644,32,39,40,41,44,75,84,7440,3716,877,670,857,817,911,636,603,629,710,倍率参考式
生命力,409,666644,32,39,40,41,44,75,85,7440,3716,850,690,837,824,917,636,609,623,670,倍率参考式
生命力,410,666644,32,39,40,41,44,75,86,7440,3716,850,643,864,804,911,649,603,643,676,倍率参考式
生命力,411,666644,32,39,40,41,44,75,87,7440,3716,850,663,857,790,897,670,603,629,690,倍率参考式
生命力,412,666644,32,39,40,41,44,75,88,7440,3716,891,683,850,797,891,663,589,649,696,倍率参考式
生命力,413,666644,32,39,40,41,44,75,89,7440,3716,844,656,837,797,917,643,636,609,683,倍率参考式
生命力,414,666644,32,39,40,41,44,75,90,7440,3716,871,663,837,817,917,623,649,603,656,倍率参考式
生命力,415,666644,32,39,40,41,44,75,91,7440,3716,891,690,824,790,911,643,649,616,683,倍率参考式
生命力,416,666644,32,39,40,41,44,75,92,7440,3716,884,670,844,790,904,656,596,656,676,倍率参考式
生命力,417,666644,32,39,40,41,44,75,93,7440,3716,891,703,837,804,877,670,616,629,676,倍率参考式
生命力,418,666644,32,39,40,41,44,76,77,7440,3716,857,629,844,877,891,643,656,656,730,倍率参考式
生命力,419,666644,32,39,40,41,44,76,78,7440,3716,857,643,857,871,877,616,636,616,750,倍率参考式
生命力,420,666644,32,39,40,41,44,76,79,7440,3716,897,649,844,844,897,636,676,670,750,倍率参考式
生命力,421,666644,32,39,40,41,44,76,80,7440,3716,857,636,824,864,897,636,670,629,737,倍率参考式
生命力,422,666644,32,39,40,41,44,76,81,7440,3716,857,643,871,877,891,649,683,616,710,倍率参考式
生命力,423,666644,32,39,40,41,44,76,82,7440,3716,850,636,864,877,897,676,636,609,763,倍率参考式
生命力,424,666644,32,39,40,41,44,76,83,7440,3716,884,649,850,877,884,623,636,636,737,倍率参考式
生命力,425,666644,32,39,40,41,44,76,84,7440,3716,891,649,850,871,891,629,649,643,757,倍率参考式
生命力,426,666644,32,39,40,41,44,76,85,7440,3716,864,670,830,877,897,629,656,636,716,倍率参考式
生命力,427,666644,32,39,40,41,44,76,86,7440,3716,864,623,857,857,891,643,649,656,723,倍率参考式
生命力,428,666644,32,39,40,41,44,76,87,7440,3716,864,643,850,844,877,663,649,643,737,倍率参考式
生命力,429,666644,32,39,40,41,44,76,88,7440,3716,904,663,844,850,871,656,636,663,743,倍率参考式
生命力,430,666644,32,39,40,41,44,76,89,7440,3716,857,636,830,850,897,636,683,623,730,倍率参考式
生命力,431,666644,32,39,40,41,44,76,90,7440,3716,884,643,830,871,897,616,696,616,703,倍率参考式
生命力,432,666644,32,39,40,41,44,76,91,7440,3716,904,670,817,844,891,636,696,629,730,倍率参考式
生命力,433,666644,32,39,40,41,44,76,92,7440,3716,897,649,837,844,884,649,643,670,723,倍率参考式
生命力,434,666644,32,39,40,41,44,76,93,7440,3716,904,683,830,857,857,663,663,643,723,倍率参考式
生命力,435,666644,32,39,40,41,44,77,78,7440,3716,824,623,891,871,924,582,603,596,716,倍率参考式
生命力,436,666644,32,39,40,41,44,77,79,7440,3716,864,629,877,844,944,603,643,649,716,倍率参考式
生命力,437,666644,32,39,40,41,44,77,80,7440,3716,824,616,857,864,944,603,636,609,703,倍率参考式
生命力,438,666644,32,39,40,41,44,77,81,7440,3716,824,623,904,877,938,616,649,596,676,倍率参考式
生命力,439,666644,32,39,40,41,44,77,82,7440,3716,817,616,897,877,944,643,603,589,730,倍率参考式
生命力,440,666644,32,39,40,41,44,77,83,7440,3716,850,629,884,877,931,589,603,616,703,倍率参考式
生命力,441,666644,32,39,40,41,44,77,84,7440,3716,857,629,884,871,938,596,616,623,723,倍率参考式
生命力,442,666644,32,39,40,41,44,77,85,7440,3716,830,649,864,877,944,596,623,616,683,倍率参考式
生命力,443,666644,32,39,40,41,44,77,86,7440,3716,830,603,891,857,938,609,616,636,690,倍率参考式
生命力,444,666644,32,39,40,41,44,77,87,7440,3716,830,623,884,844,924,629,616,623,703,倍率参考式
生命力,445,666644,32,39,40,41,44,77,88,7440,3716,871,643,877,850,917,623,603,643,710,倍率参考式
生命力,446,666644,32,39,40,41,44,77,89,7440,3716,824,616,864,850,944,603,649,603,696,倍率参考式
生命力,447,666644,32,39,40,41,44,77,90,7440,3716,850,623,864,871,944,582,663,596,670,倍率参考式
生命力,448,666644,32,39,40,41,44,77,91,7440,3716,871,649,850,844,938,603,663,609,696,倍率参考式
生命力,449,666644,32,39,40,41,44,77,92,7440,3716,864,629,871,844,931,616,609,649,690,倍率参考式
生命力,450,666644,32,39,40,41,44,77,93,7440,3716,871,663,864,857,904,629,629,623,690,倍率参考式
生命力,451,666644,32,39,40,41,44,78,79,7440,3716,864,643,891,837,931,576,623,609,737,倍率参考式
生命力,452,666644,32,39,40,41,44,78,80,7440,3716,824,629,871,857,931,576,616,569,723,倍率参考式
生命力,453,666644,32,39,40,41,44,78,81,7440,3716,824,636,917,871,924,589,629,556,696,倍率参考式
生命力,454,666644,32,39,40,41,44,78,82,7440,3716,817,629,911,871,931,616,582,549,750,倍率参考式
生命力,455,666644,32,39,40,41,44,78,83,7440,3716,850,643,897,871,917,562,582,576,723,倍率参考式
生命力,456,666644,32,39,40,41,44,78,84,7440,3716,857,643,897,864,924,569,596,582,743,倍率参考式
生命力,457,666644,32,39,40,41,44,78,85,7440,3716,830,663,877,871,931,569,603,576,703,倍率参考式
生命力,458,666644,32,39,40,41,44,78,86,7440,3716,830,616,904,850,924,582,596,596,710,倍率参考式
生命力,459,666644,32,39,40,41,44,78,87,7440,3716,830,636,897,837,911,603,596,582,723,倍率参考式
生命力,460,666644,32,39,40,41,44,78,88,7440,3716,871,656,891,844,904,596,582,603,730,倍率参考式
生命力,461,666644,32,39,40,41,44,78,89,7440,3716,824,629,877,844,931,576,629,562,716,倍率参考式
生命力,462,666644,32,39,40,41,44,78,90,7440,3716,850,636,877,864,931,556,643,556,690,倍率参考式
生命力,463,666644,32,39,40,41,44,78,91,7440,3716,871,663,864,837,924,576,643,569,716,倍率参考式
生命力,464,666644,32,39,40,41,44,78,92,7440,3716,864,643,884,837,917,589,589,609,710,倍率参考式
生命力,465,666644,32,39,40,41,44,78,93,7440,3716,871,676,877,850,891,603,609,582,710,倍率参考式
生命力,466,666644,32,39,40,41,44,79,80,7440,3716,864,636,857,830,951,596,656,623,723,倍率参考式
生命力,467,666644,32,39,40,41,44,79,81,7440,3716,864,643,904,844,944,609,670,609,696,倍率参考式
生命力,468,666644,32,39,40,41,44,79,82,7440,3716,857,636,897,844,951,636,623,603,750,倍率参考式
生命力,469,666644,32,39,40,41,44,79,83,7440,3716,891,649,884,844,938,582,623,629,723,倍率参考式
生命力,470,666644,32,39,40,41,44,79,84,7440,3716,897,649,884,837,944,589,636,636,743,倍率参考式
生命力,471,666644,32,39,40,41,44,79,85,7440,3716,871,670,864,844,951,589,643,629,703,倍率参考式
生命力,472,666644,32,39,40,41,44,79,86,7440,3716,871,623,891,824,944,603,636,649,710,倍率参考式
生命力,473,666644,32,39,40,41,44,79,87,7440,3716,871,643,884,810,931,623,636,636,723,倍率参考式
生命力,474,666644,32,39,40,41,44,79,88,7440,3716,911,663,877,817,924,616,623,656,730,倍率参考式
生命力,475,666644,32,39,40,41,44,79,89,7440,3716,864,636,864,817,951,596,670,616,716,倍率参考式
生命力,476,666644,32,39,40,41,44,79,90,7440,3716,891,643,864,837,951,576,683,609,690,倍率参考式
生命力,477,666644,32,39,40,41,44,79,91,7440,3716,911,670,850,810,944,596,683,623,716,倍率参考式
生命力,478,666644,32,39,40,41,44,79,92,7440,3716,904,649,871,810,938,609,629,663,710,倍率参考式
生命力,479,666644,32,39,40,41,44,79,93,7440,3716,911,683,864,824,911,623,649,636,710,倍率参考式
生命力,480,666644,32,39,40,41,44,80,81,7440,3716,824,629,884,864,944,609,663,569,683,倍率参考式
生命力,481,666644,32,39,40,41,44,80,82,7440,3716,817,623,877,864,951,636,616,562,737,倍率参考式
生命力,482,666644,32,39,40,41,44,80,83,7440,3716,850,636,864,864,938,582,616,589,710,倍率参考式
生命力,483,666644,32,39,40,41,44,80,84,7440,3716,857,636,864,857,944,589,629,596,730,倍率参考式
生命力,484,666644,32,39,40,41,44,80,85,7440,3716,830,656,844,864,951,589,636,589,690,倍率参考式
生命力,485,666644,32,39,40,41,44,80,86,7440,3716,830,609,871,844,944,603,629,609,696,倍率参考式
生命力,486,666644,32,39,40,41,44,80,87,7440,3716,830,629,864,830,931,623,629,596,710,倍率参考式
生命力,487,666644,32,39,40,41,44,80,88,7440,3716,871,649,857,837,924,616,616,616,716,倍率参考式
生命力,488,666644,32,39,40,41,44,80,89,7440,3716,824,623,844,837,951,596,663,576,703,倍率参考式
生命力,489,666644,32,39,40,41,44,80,90,7440,3716,850,629,844,857,951,576,676,569,676,倍率参考式
生命力,490,666644,32,39,40,41,44,80,91,7440,3716,871,656,830,830,944,596,676,582,703,倍率参考式
生命力,491,666644,32,39,40,41,44,80,92,7440,3716,864,636,850,830,938,609,623,623,696,倍率参考式
生命力,492,666644,32,39,40,41,44,80,93,7440,3716,871,670,844,844,911,623,643,596,696,倍率参考式
生命力,493,666644,32,39,40,41,44,81,82,7440,3716,817,629,924,877,944,649,629,549,710,倍率参考式
生命力,494,666644,32,39,40,41,44,81,83,7440,3716,850,643,911,877,931,596,629,576,683,倍率参考式
生命力,495,666644,32,39,40,41,44,81,84,7440,3716,857,643,911,871,938,603,643,582,703,倍率参考式
生命力,496,666644,32,39,40,41,44,81,85,7440,3716,830,663,891,877,944,603,649,576,663,倍率参考式
生命力,497,666644,32,39,40,41,44,81,86,7440,3716,830,616,917,857,938,616,643,596,670,倍率参考式
生命力,498,666644,32,39,40,41,44,81,87,7440,3716,830,636,911,844,924,636,643,582,683,倍率参考式
生命力,499,666644,32,39,40,41,44,81,88,7440,3716,871,656,904,850,917,629,629,603,690,倍率参考式
生命力,500,666644,32,39,40,41,44,81,89,7440,3716,824,629,891,850,944,609,676,562,676,倍率参考式
気合,1,666644,32,39,40,41,42,74,75,7440,3716,844,763,804,797,884,710,676,582,649,倍率参考式
気合,2,666644,32,39,40,41,42,74,76,7440,3716,857,743,797,850,864,703,723,596,696,倍率参考式
気合,3,666644,32,39,40,41,42,74,77,7440,3716,824,723,830,850,911,670,690,576,663,倍率参考式
気合,4,666644,32,39,40,41,42,74,78,7440,3716,824,737,844,844,897,643,670,536,683,倍率参考式
気合,5,666644,32,39,40,41,42,74,79,7440,3716,864,743,830,817,917,663,710,589,683,倍率参考式
気合,6,666644,32,39,40,41,42,74,80,7440,3716,824,730,810,837,917,663,703,549,670,倍率参考式
気合,7,666644,32,39,40,41,42,74,81,7440,3716,824,737,857,850,911,676,716,536,643,倍率参考式
気合,8,666644,32,39,40,41,42,74,82,7440,3716,817,730,850,850,917,703,670,529,696,倍率参考式
気合,9,666644,32,39,40,41,42,74,83,7440,3716,850,743,837,850,904,649,670,556,670,倍率参考式
気合,10,666644,32,39,40,41,42,74,84,7440,3716,857,743,837,844,911,656,683,562,690,倍率参考式
気合,11,666644,32,39,40,41,42,74,85,7440,3716,830,763,817,850,917,656,690,556,649,倍率参考式
気合,12,666644,32,39,40,41,42,74,86,7440,3716,830,716,844,830,911,670,683,576,656,倍率参考式
気合,13,666644,32,39,40,41,42,74,87,7440,3716,830,737,837,817,897,690,683,562,670,倍率参考式
気合,14,666644,32,39,40,41,42,74,88,7440,3716,871,757,830,824,891,683,670,582,676,倍率参考式
気合,15,666644,32,39,40,41,42,74,89,7440,3716,824,730,817,824,917,663,716,542,663,倍率参考式
気合,16,666644,32,39,40,41,42,74,90,7440,3716,850,737,817,844,917,643,730,536,636,倍率参考式
気合,17,666644,32,39,40,41,42,74,91,7440,3716,871,763,804,817,911,663,730,549,663,倍率参考式
気合,18,666644,32,39,40,41,42,74,92,7440,3716,864,743,824,817,904,676,676,589,656,倍率参考式
気合,19,666644,32,39,40,41,42,74,93,7440,3716,871,777,817,830,877,690,696,562,656,倍率参考式
気合,20,666644,32,39,40,41,42,75,76,7440,3716,884,750,757,797,830,737,670,649,683,倍率参考式
気合,21,666644,32,39,40,41,42,75,77,7440,3716,850,730,790,797,877,703,636,629,649,倍率参考式
気合,22,666644,32,39,40,41,42,75,78,7440,3716,850,743,804,790,864,676,616,589,670,倍率参考式
気合,23,666644,32,39,40,41,42,75,79,7440,3716,891,750,790,763,884,696,656,643,670,倍率参考式
気合,24,666644,32,39,40,41,42,75,80,7440,3716,850,737,770,783,884,696,649,603,656,倍率参考式
気合,25,666644,32,39,40,41,42,75,81,7440,3716,850,743,817,797,877,710,663,589,629,倍率参考式
気合,26,666644,32,39,40,41,42,75,82,7440,3716,844,737,810,797,884,737,616,582,683,倍率参考式
気合,27,666644,32,39,40,41,42,75,83,7440,3716,877,750,797,797,871,683,616,609,656,倍率参考式
気合,28,666644,32,39,40,41,42,75,84,7440,3716,884,750,797,790,877,690,629,616,676,倍率参考式
気合,29,666644,32,39,40,41,42,75,85,7440,3716,857,770,777,797,884,690,636,609,636,倍率参考式
気合,30,666644,32,39,40,41,42,75,86,7440,3716,857,723,804,777,877,703,629,629,643,倍率参考式
気合,31,666644,32,39,40,41,42,75,87,7440,3716,857,743,797,763,864,723,629,616,656,倍率参考式
気合,32,666644,32,39,40,41,42,75,88,7440,3716,897,763,790,770,857,716,616,636,663,倍率参考式
気合,33,666644,32,39,40,41,42,75,89,7440,3716,850,737,777,770,884,696,663,596,649,倍率参考式
気合,34,666644,32,39,40,41,42,75,90,7440,3716,877,743,777,790,884,676,676,589,623,倍率参考式
気合,35,666644,32,39,40,41,42,75,91,7440,3716,897,770,763,763,877,696,676,603,649,倍率参考式
気合,36,666644,32,39,40,41,42,75,92,7440,3716,891,750,783,763,871,710,623,643,643,倍率参考式
気合,37,666644,32,39,40,41,42,75,93,7440,3716,897,783,777,777,844,723,643,616,643,倍率参考式
気合,38,666644,32,39,40,41,42,76,77,7440,3716,864,710,783,850,857,696,683,643,696,倍率参考式
気合,39,666644,32,39,40,41,42,76,78,7440,3716,864,723,797,844,844,670,663,603,716,倍率参考式
気合,40,666644,32,39,40,41,42,76,79,7440,3716,904,730,783,817,864,690,703,656,716,倍率参考式
気合,41,666644,32,39,40,41,42,76,80,7440,3716,864,716,763,837,864,690,696,616,703,倍率参考式
気合,42,666644,32,39,40,41,42,76,81,7440,3716,864,723,810,850,857,703,710,603,676,倍率参考式
気合,43,666644,32,39,40,41,42,76,82,7440,3716,857,716,804,850,864,730,663,596,730,倍率参考式
気合,44,666644,32,39,40,41,42,76,83,7440,3716,891,730,790,850,850,676,663,623,703,倍率参考式
気合,45,666644,32,39,40,41,42,76,84,7440,3716,897,730,790,844,857,683,676,629,723,倍率参考式
気合,46,666644,32,39,40,41,42,76,85,7440,3716,871,750,770,850,864,683,683,623,683,倍率参考式
気合,47,666644,32,39,40,41,42,76,86,7440,3716,871,703,797,830,857,696,676,643,690,倍率参考式
気合,48,666644,32,39,40,41,42,76,87,7440,3716,871,723,790,817,844,716,676,629,703,倍率参考式
気合,49,666644,32,39,40,41,42,76,88,7440,3716,911,743,783,824,837,710,663,649,710,倍率参考式
気合,50,666644,32,39,40,41,42,76,89,7440,3716,864,716,770,824,864,690,710,609,696,倍率参考式
気合,51,666644,32,39,40,41,42,76,90,7440,3716,891,723,770,844,864,670,723,603,670,倍率参考式
気合,52,666644,32,39,40,41,42,76,91,7440,3716,911,750,757,817,857,690,723,616,696,倍率参考式
気合,53,666644,32,39,40,41,42,76,92,7440,3716,904,730,777,817,850,703,670,656,690,倍率参考式
気合,54,666644,32,39,40,41,42,76,93,7440,3716,911,763,770,830,824,716,690,629,690,倍率参考式
気合,55,666644,32,39,40,41,42,77,78,7440,3716,830,703,830,844,891,636,629,582,683,倍率参考式
気合,56,666644,32,39,40,41,42,77,79,7440,3716,871,710,817,817,911,656,670,636,683,倍率参考式
気合,57,666644,32,39,40,41,42,77,80,7440,3716,830,696,797,837,911,656,663,596,670,倍率参考式
気合,58,666644,32,39,40,41,42,77,81,7440,3716,830,703,844,850,904,670,676,582,643,倍率参考式
気合,59,666644,32,39,40,41,42,77,82,7440,3716,824,696,837,850,911,696,629,576,696,倍率参考式
気合,60,666644,32,39,40,41,42,77,83,7440,3716,857,710,824,850,897,643,629,603,670,倍率参考式
気合,61,666644,32,39,40,41,42,77,84,7440,3716,864,710,824,844,904,649,643,609,690,倍率参考式
気合,62,666644,32,39,40,41,42,77,85,7440,3716,837,730,804,850,911,649,649,603,649,倍率参考式
気合,63,666644,32,39,40,41,42,77,86,7440,3716,837,683,830,830,904,663,643,623,656,倍率参考式
気合,64,666644,32,39,40,41,42,77,87,7440,3716,837,703,824,817,891,683,643,609,670,倍率参考式
気合,65,666644,32,39,40,41,42,77,88,7440,3716,877,723,817,824,884,676,629,629,676,倍率参考式
気合,66,666644,32,39,40,41,42,77,89,7440,3716,830,696,804,824,911,656,676,589,663,倍率参考式
気合,67,666644,32,39,40,41,42,77,90,7440,3716,857,703,804,844,911,636,690,582,636,倍率参考式
気合,68,666644,32,39,40,41,42,77,91,7440,3716,877,730,790,817,904,656,690,596,663,倍率参考式
気合,69,666644,32,39,40,41,42,77,92,7440,3716,871,710,810,817,897,670,636,636,656,倍率参考式
気合,70,666644,32,39,40,41,42,77,93,7440,3716,877,743,804,830,871,683,656,609,656,倍率参考式
気合,71,666644,32,39,40,41,42,78,79,7440,3716,871,723,830,810,897,629,649,596,703,倍率参考式
気合,72,666644,32,39,40,41,42,78,80,7440,3716,830,710,810,830,897,629,643,556,690,倍率参考式
気合,73,666644,32,39,40,41,42,78,81,7440,3716,830,716,857,844,891,643,656,542,663,倍率参考式
気合,74,666644,32,39,40,41,42,78,82,7440,3716,824,710,850,844,897,670,609,536,716,倍率参考式
気合,75,666644,32,39,40,41,42,78,83,7440,3716,857,723,837,844,884,616,609,562,690,倍率参考式
気合,76,666644,32,39,40,41,42,78,84,7440,3716,864,723,837,837,891,623,623,569,710,倍率参考式
気合,77,666644,32,39,40,41,42,78,85,7440,3716,837,743,817,844,897,623,629,562,670,倍率参考式
気合,78,666644,32,39,40,41,42,78,86,7440,3716,837,696,844,824,891,636,623,582,676,倍率参考式
気合,79,666644,32,39,40,41,42,78,87,7440,3716,837,716,837,810,877,656,623,569,690,倍率参考式
気合,80,666644,32,39,40,41,42,78,88,7440,3716,877,737,830,817,871,649,609,589,696,倍率参考式
気合,81,666644,32,39,40,41,42,78,89,7440,3716,830,710,817,817,897,629,656,549,683,倍率参考式
気合,82,666644,32,39,40,41,42,78,90,7440,3716,857,716,817,837,897,609,670,542,656,倍率参考式
気合,83,666644,32,39,40,41,42,78,91,7440,3716,877,743,804,810,891,629,670,556,683,倍率参考式
気合,84,666644,32,39,40,41,42,78,92,7440,3716,871,723,824,810,884,643,616,596,676,倍率参考式
気合,85,666644,32,39,40,41,42,78,93,7440,3716,877,757,817,824,857,656,636,569,676,倍率参考式
気合,86,666644,32,39,40,41,42,79,80,7440,3716,871,716,797,804,917,649,683,609,690,倍率参考式
気合,87,666644,32,39,40,41,42,79,81,7440,3716,871,723,844,817,911,663,696,596,663,倍率参考式
気合,88,666644,32,39,40,41,42,79,82,7440,3716,864,716,837,817,917,690,649,589,716,倍率参考式
気合,89,666644,32,39,40,41,42,79,83,7440,3716,897,730,824,817,904,636,649,616,690,倍率参考式
気合,90,666644,32,39,40,41,42,79,84,7440,3716,904,730,824,810,911,643,663,623,710,倍率参考式
気合,91,666644,32,39,40,41,42,79,85,7440,3716,877,750,804,817,917,643,670,616,670,倍率参考式
気合,92,666644,32,39,40,41,42,79,86,7440,3716,877,703,830,797,911,656,663,636,676,倍率参考式
気合,93,666644,32,39,40,41,42,79,87,7440,3716,877,723,824,783,897,676,663,623,690,倍率参考式
気合,94,666644,32,39,40,41,42,79,88,7440,3716,917,743,817,790,891,670,649,643,696,倍率参考式
気合,95,666644,32,39,40,41,42,79,89,7440,3716,871,716,804,790,917,649,696,603,683,倍率参考式
気合,96,666644,32,39,40,41,42,79,90,7440,3716,897,723,804,810,917,629,710,596,656,倍率参考式
気合,97,666644,32,39,40,41,42,79,91,7440,3716,917,750,790,783,911,649,710,609,683,倍率参考式
気合,98,666644,32,39,40,41,42,79,92,7440,3716,911,730,810,783,904,663,656,649,676,倍率参考式
気合,99,666644,32,39,40,41,42,79,93,7440,3716,917,763,804,797,877,676,676,623,676,倍率参考式
気合,100,666644,32,39,40,41,42,80,81,7440,3716,830,710,824,837,911,663,690,556,649,倍率参考式
気合,101,666644,32,39,40,41,42,80,82,7440,3716,824,703,817,837,917,690,643,549,703,倍率参考式
気合,102,666644,32,39,40,41,42,80,83,7440,3716,857,716,804,837,904,636,643,576,676,倍率参考式
気合,103,666644,32,39,40,41,42,80,84,7440,3716,864,716,804,830,911,643,656,582,696,倍率参考式
気合,104,666644,32,39,40,41,42,80,85,7440,3716,837,737,783,837,917,643,663,576,656,倍率参考式
気合,105,666644,32,39,40,41,42,80,86,7440,3716,837,690,810,817,911,656,656,596,663,倍率参考式
気合,106,666644,32,39,40,41,42,80,87,7440,3716,837,710,804,804,897,676,656,582,676,倍率参考式
気合,107,666644,32,39,40,41,42,80,88,7440,3716,877,730,797,810,891,670,643,603,683,倍率参考式
気合,108,666644,32,39,40,41,42,80,89,7440,3716,830,703,783,810,917,649,690,562,670,倍率参考式
気合,109,666644,32,39,40,41,42,80,90,7440,3716,857,710,783,830,917,629,703,556,643,倍率参考式
気合,110,666644,32,39,40,41,42,80,91,7440,3716,877,737,770,804,911,649,703,569,670,倍率参考式
気合,111,666644,32,39,40,41,42,80,92,7440,3716,871,716,790,804,904,663,649,609,663,倍率参考式
気合,112,666644,32,39,40,41,42,80,93,7440,3716,877,750,783,817,877,676,670,582,663,倍率参考式
気合,113,666644,32,39,40,41,42,81,82,7440,3716,824,710,864,850,911,703,656,536,676,倍率参考式
気合,114,666644,32,39,40,41,42,81,83,7440,3716,857,723,850,850,897,649,656,562,649,倍率参考式
気合,115,666644,32,39,40,41,42,81,84,7440,3716,864,723,850,844,904,656,670,569,670,倍率参考式
気合,116,666644,32,39,40,41,42,81,85,7440,3716,837,743,830,850,911,656,676,562,629,倍率参考式
気合,117,666644,32,39,40,41,42,81,86,7440,3716,837,696,857,830,904,670,670,582,636,倍率参考式
気合,118,666644,32,39,40,41,42,81,87,7440,3716,837,716,850,817,891,690,670,569,649,倍率参考式
気合,119,666644,32,39,40,41,42,81,88,7440,3716,877,737,844,824,884,683,656,589,656,倍率参考式
気合,120,666644,32,39,40,41,42,81,89,7440,3716,830,710,830,824,911,663,703,549,643,倍率参考式
気合,121,666644,32,39,40,41,42,81,90,7440,3716,857,716,830,844,911,643,716,542,616,倍率参考式
気合,122,666644,32,39,40,41,42,81,91,7440,3716,877,743,817,817,904,663,716,556,643,倍率参考式
気合,123,666644,32,39,40,41,42,81,92,7440,3716,871,723,837,817,897,676,663,596,636,倍率参考式
気合,124,666644,32,39,40,41,42,81,93,7440,3716,877,757,830,830,871,690,683,569,636,倍率参考式
気合,125,666644,32,39,40,41,42,82,83,7440,3716,850,716,844,850,904,676,609,556,703,倍率参考式
気合,126,666644,32,39,40,41,42,82,84,7440,3716,857,716,844,844,911,683,623,562,723,倍率参考式
気合,127,666644,32,39,40,41,42,82,85,7440,3716,830,737,824,850,917,683,629,556,683,倍率参考式
気合,128,666644,32,39,40,41,42,82,86,7440,3716,830,690,850,830,911,696,623,576,690,倍率参考式
気合,129,666644,32,39,40,41,42,82,87,7440,3716,830,710,844,817,897,716,623,562,703,倍率参考式
気合,130,666644,32,39,40,41,42,82,88,7440,3716,871,730,837,824,891,710,609,582,710,倍率参考式
気合,131,666644,32,39,40,41,42,82,89,7440,3716,824,703,824,824,917,690,656,542,696,倍率参考式
気合,132,666644,32,39,40,41,42,82,90,7440,3716,850,710,824,844,917,670,670,536,670,倍率参考式
気合,133,666644,32,39,40,41,42,82,91,7440,3716,871,737,810,817,911,690,670,549,696,倍率参考式
気合,134,666644,32,39,40,41,42,82,92,7440,3716,864,716,830,817,904,703,616,589,690,倍率参考式
気合,135,666644,32,39,40,41,42,82,93,7440,3716,871,750,824,830,877,716,636,562,690,倍率参考式
気合,136,666644,32,39,40,41,42,83,84,7440,3716,891,730,830,844,897,629,623,589,696,倍率参考式
気合,137,666644,32,39,40,41,42,83,85,7440,3716,864,750,810,850,904,629,629,582,656,倍率参考式
気合,138,666644,32,39,40,41,42,83,86,7440,3716,864,703,837,830,897,643,623,603,663,倍率参考式
気合,139,666644,32,39,40,41,42,83,87,7440,3716,864,723,830,817,884,663,623,589,676,倍率参考式
気合,140,666644,32,39,40,41,42,83,88,7440,3716,904,743,824,824,877,656,609,609,683,倍率参考式
気合,141,666644,32,39,40,41,42,83,89,7440,3716,857,716,810,824,904,636,656,569,670,倍率参考式
気合,142,666644,32,39,40,41,42,83,90,7440,3716,884,723,810,844,904,616,670,562,643,倍率参考式
気合,143,666644,32,39,40,41,42,83,91,7440,3716,904,750,797,817,897,636,670,576,670,倍率参考式
気合,144,666644,32,39,40,41,42,83,92,7440,3716,897,730,817,817,891,649,616,616,663,倍率参考式
気合,145,666644,32,39,40,41,42,83,93,7440,3716,904,763,810,830,864,663,636,589,663,倍率参考式
気合,146,666644,32,39,40,41,42,84,85,7440,3716,871,750,810,844,911,636,643,589,676,倍率参考式
気合,147,666644,32,39,40,41,42,84,86,7440,3716,871,703,837,824,904,649,636,609,683,倍率参考式
気合,148,666644,32,39,40,41,42,84,87,7440,3716,871,723,830,810,891,670,636,596,696,倍率参考式
気合,149,666644,32,39,40,41,42,84,88,7440,3716,911,743,824,817,884,663,623,616,703,倍率参考式
気合,150,666644,32,39,40,41,42,84,89,7440,3716,864,716,810,817,911,643,670,576,690,倍率参考式
気合,151,666644,32,39,40,41,42,84,90,7440,3716,891,723,810,837,911,623,683,569,663,倍率参考式
気合,152,666644,32,39,40,41,42,84,91,7440,3716,911,750,797,810,904,643,683,582,690,倍率参考式
気合,153,666644,32,39,40,41,42,84,92,7440,3716,904,730,817,810,897,656,629,623,683,倍率参考式
気合,154,666644,32,39,40,41,42,84,93,7440,3716,911,763,810,824,871,670,649,596,683,倍率参考式
気合,155,666644,32,39,40,41,42,85,86,7440,3716,844,723,817,830,911,649,643,603,643,倍率参考式
気合,156,666644,32,39,40,41,42,85,87,7440,3716,844,743,810,817,897,670,643,589,656,倍率参考式
気合,157,666644,32,39,40,41,42,85,88,7440,3716,884,763,804,824,891,663,629,609,663,倍率参考式
気合,158,666644,32,39,40,41,42,85,89,7440,3716,837,737,790,824,917,643,676,569,649,倍率参考式
気合,159,666644,32,39,40,41,42,85,90,7440,3716,864,743,790,844,917,623,690,562,623,倍率参考式
気合,160,666644,32,39,40,41,42,85,91,7440,3716,884,770,777,817,911,643,690,576,649,倍率参考式
気合,161,666644,32,39,40,41,42,85,92,7440,3716,877,750,797,817,904,656,636,616,643,倍率参考式
気合,162,666644,32,39,40,41,42,85,93,7440,3716,884,783,790,830,877,670,656,589,643,倍率参考式
気合,163,666644,32,39,40,41,42,86,87,7440,3716,844,696,837,797,891,683,636,609,663,倍率参考式
気合,164,666644,32,39,40,41,42,86,88,7440,3716,884,716,830,804,884,676,623,629,670,倍率参考式
気合,165,666644,32,39,40,41,42,86,89,7440,3716,837,690,817,804,911,656,670,589,656,倍率参考式
気合,166,666644,32,39,40,41,42,86,90,7440,3716,864,696,817,824,911,636,683,582,629,倍率参考式
気合,167,666644,32,39,40,41,42,86,91,7440,3716,884,723,804,797,904,656,683,596,656,倍率参考式
気合,168,666644,32,39,40,41,42,86,92,7440,3716,877,703,824,797,897,670,629,636,649,倍率参考式
気合,169,666644,32,39,40,41,42,86,93,7440,3716,884,737,817,810,871,683,649,609,649,倍率参考式
気合,170,666644,32,39,40,41,42,87,88,7440,3716,884,737,824,790,871,696,623,616,683,倍率参考式
気合,171,666644,32,39,40,41,42,87,89,7440,3716,837,710,810,790,897,676,670,576,670,倍率参考式
気合,172,666644,32,39,40,41,42,87,90,7440,3716,864,716,810,810,897,656,683,569,643,倍率参考式
気合,173,666644,32,39,40,41,42,87,91,7440,3716,884,743,797,783,891,676,683,582,670,倍率参考式
気合,174,666644,32,39,40,41,42,87,92,7440,3716,877,723,817,783,884,690,629,623,663,倍率参考式
気合,175,666644,32,39,40,41,42,87,93,7440,3716,884,757,810,797,857,703,649,596,663,倍率参考式
気合,176,666644,32,39,40,41,42,88,89,7440,3716,877,730,804,797,891,670,656,596,676,倍率参考式
気合,177,666644,32,39,40,41,42,88,90,7440,3716,904,737,804,817,891,649,670,589,649,倍率参考式
気合,178,666644,32,39,40,41,42,88,91,7440,3716,924,763,790,790,884,670,670,603,676,倍率参考式
気合,179,666644,32,39,40,41,42,88,92,7440,3716,917,743,810,790,877,683,616,643,670,倍率参考式
気合,180,666644,32,39,40,41,42,88,93,7440,3716,924,777,804,804,850,696,636,616,670,倍率参考式
気合,181,666644,32,39,40,41,42,89,90,7440,3716,857,710,790,817,917,629,716,549,636,倍率参考式
気合,182,666644,32,39,40,41,42,89,91,7440,3716,877,737,777,790,911,649,716,562,663,倍率参考式
気合,183,666644,32,39,40,41,42,89,92,7440,3716,871,716,797,790,904,663,663,603,656,倍率参考式
気合,184,666644,32,39,40,41,42,89,93,7440,3716,877,750,790,804,877,676,683,576,656,倍率参考式
気合,185,666644,32,39,40,41,42,90,91,7440,3716,904,743,777,810,911,629,730,556,636,倍率参考式
気合,186,666644,32,39,40,41,42,90,92,7440,3716,897,723,797,810,904,643,676,596,629,倍率参考式
気合,187,666644,32,39,40,41,42,90,93,7440,3716,904,757,790,824,877,656,696,569,629,倍率参考式
気合,188,666644,32,39,40,41,42,91,92,7440,3716,917,750,783,783,897,663,676,609,656,倍率参考式
気合,189,666644,32,39,40,41,42,91,93,7440,3716,924,783,777,797,871,676,696,582,656,倍率参考式
気合,190,666644,32,39,40,41,42,92,93,7440,3716,917,763,797,797,864,690,643,623,649,倍率参考式
気合,191,666644,32,39,40,41,43,74,75,7440,3716,824,683,877,824,871,656,623,670,676,倍率参考式
気合,192,666644,32,39,40,41,43,74,76,7440,3716,837,663,871,877,850,649,670,683,723,倍率参考式
気合,193,666644,32,39,40,41,43,74,77,7440,3716,804,643,904,877,897,616,636,663,690,倍率参考式
気合,194,666644,32,39,40,41,43,74,78,7440,3716,804,656,917,871,884,589,616,623,710,倍率参考式
気合,195,666644,32,39,40,41,43,74,79,7440,3716,844,663,904,844,904,609,656,676,710,倍率参考式
気合,196,666644,32,39,40,41,43,74,80,7440,3716,804,649,884,864,904,609,649,636,696,倍率参考式
気合,197,666644,32,39,40,41,43,74,81,7440,3716,804,656,931,877,897,623,663,623,670,倍率参考式
気合,198,666644,32,39,40,41,43,74,82,7440,3716,797,649,924,877,904,649,616,616,723,倍率参考式
気合,199,666644,32,39,40,41,43,74,83,7440,3716,830,663,911,877,891,596,616,643,696,倍率参考式
気合,200,666644,32,39,40,41,43,74,84,7440,3716,837,663,911,871,897,603,629,649,716,倍率参考式
気合,201,666644,32,39,40,41,43,74,85,7440,3716,810,683,891,877,904,603,636,643,676,倍率参考式
気合,202,666644,32,39,40,41,43,74,86,7440,3716,810,636,917,857,897,616,629,663,683,倍率参考式
気合,203,666644,32,39,40,41,43,74,87,7440,3716,810,656,911,844,884,636,629,649,696,倍率参考式
気合,204,666644,32,39,40,41,43,74,88,7440,3716,850,676,904,850,877,629,616,670,703,倍率参考式
気合,205,666644,32,39,40,41,43,74,89,7440,3716,804,649,891,850,904,609,663,629,690,倍率参考式
気合,206,666644,32,39,40,41,43,74,90,7440,3716,830,656,891,871,904,589,676,623,663,倍率参考式
気合,207,666644,32,39,40,41,43,74,91,7440,3716,850,683,877,844,897,609,676,636,690,倍率参考式
気合,208,666644,32,39,40,41,43,74,92,7440,3716,844,663,897,844,891,623,623,676,683,倍率参考式
気合,209,666644,32,39,40,41,43,74,93,7440,3716,850,696,891,857,864,636,643,649,683,倍率参考式
気合,210,666644,32,39,40,41,43,75,76,7440,3716,864,670,830,824,817,683,616,737,710,倍率参考式
気合,211,666644,32,39,40,41,43,75,77,7440,3716,830,649,864,824,864,649,582,716,676,倍率参考式
気合,212,666644,32,39,40,41,43,75,78,7440,3716,830,663,877,817,850,623,562,676,696,倍率参考式
気合,213,666644,32,39,40,41,43,75,79,7440,3716,871,670,864,790,871,643,603,730,696,倍率参考式
気合,214,666644,32,39,40,41,43,75,80,7440,3716,830,656,844,810,871,643,596,690,683,倍率参考式
気合,215,666644,32,39,40,41,43,75,81,7440,3716,830,663,891,824,864,656,609,676,656,倍率参考式
気合,216,666644,32,39,40,41,43,75,82,7440,3716,824,656,884,824,871,683,562,670,710,倍率参考式
気合,217,666644,32,39,40,41,43,75,83,7440,3716,857,670,871,824,857,629,562,696,683,倍率参考式
気合,218,666644,32,39,40,41,43,75,84,7440,3716,864,670,871,817,864,636,576,703,703,倍率参考式
気合,219,666644,32,39,40,41,43,75,85,7440,3716,837,690,850,824,871,636,582,696,663,倍率参考式
気合,220,666644,32,39,40,41,43,75,86,7440,3716,837,643,877,804,864,649,576,716,670,倍率参考式
気合,221,666644,32,39,40,41,43,75,87,7440,3716,837,663,871,790,850,670,576,703,683,倍率参考式
気合,222,666644,32,39,40,41,43,75,88,7440,3716,877,683,864,797,844,663,562,723,690,倍率参考式
気合,223,666644,32,39,40,41,43,75,89,7440,3716,830,656,850,797,871,643,609,683,676,倍率参考式
気合,224,666644,32,39,40,41,43,75,90,7440,3716,857,663,850,817,871,623,623,676,649,倍率参考式
気合,225,666644,32,39,40,41,43,75,91,7440,3716,877,690,837,790,864,643,623,690,676,倍率参考式
気合,226,666644,32,39,40,41,43,75,92,7440,3716,871,670,857,790,857,656,569,730,670,倍率参考式
気合,227,666644,32,39,40,41,43,75,93,7440,3716,877,703,850,804,830,670,589,703,670,倍率参考式
気合,228,666644,32,39,40,41,43,76,77,7440,3716,844,629,857,877,844,643,629,730,723,倍率参考式
気合,229,666644,32,39,40,41,43,76,78,7440,3716,844,643,871,871,830,616,609,690,743,倍率参考式
気合,230,666644,32,39,40,41,43,76,79,7440,3716,884,649,857,844,850,636,649,743,743,倍率参考式
気合,231,666644,32,39,40,41,43,76,80,7440,3716,844,636,837,864,850,636,643,703,730,倍率参考式
気合,232,666644,32,39,40,41,43,76,81,7440,3716,844,643,884,877,844,649,656,690,703,倍率参考式
気合,233,666644,32,39,40,41,43,76,82,7440,3716,837,636,877,877,850,676,609,683,757,倍率参考式
気合,234,666644,32,39,40,41,43,76,83,7440,3716,871,649,864,877,837,623,609,710,730,倍率参考式
気合,235,666644,32,39,40,41,43,76,84,7440,3716,877,649,864,871,844,629,623,716,750,倍率参考式
気合,236,666644,32,39,40,41,43,76,85,7440,3716,850,670,844,877,850,629,629,710,710,倍率参考式
気合,237,666644,32,39,40,41,43,76,86,7440,3716,850,623,871,857,844,643,623,730,716,倍率参考式
気合,238,666644,32,39,40,41,43,76,87,7440,3716,850,643,864,844,830,663,623,716,730,倍率参考式
気合,239,666644,32,39,40,41,43,76,88,7440,3716,891,663,857,850,824,656,609,737,737,倍率参考式
気合,240,666644,32,39,40,41,43,76,89,7440,3716,844,636,844,850,850,636,656,696,723,倍率参考式
気合,241,666644,32,39,40,41,43,76,90,7440,3716,871,643,844,871,850,616,670,690,696,倍率参考式
気合,242,666644,32,39,40,41,43,76,91,7440,3716,891,670,830,844,844,636,670,703,723,倍率参考式
気合,243,666644,32,39,40,41,43,76,92,7440,3716,884,649,850,844,837,649,616,743,716,倍率参考式
気合,244,666644,32,39,40,41,43,76,93,7440,3716,891,683,844,857,810,663,636,716,716,倍率参考式
気合,245,666644,32,39,40,41,43,77,78,7440,3716,810,623,904,871,877,582,576,670,710,倍率参考式
気合,246,666644,32,39,40,41,43,77,79,7440,3716,850,629,891,844,897,603,616,723,710,倍率参考式
気合,247,666644,32,39,40,41,43,77,80,7440,3716,810,616,871,864,897,603,609,683,696,倍率参考式
気合,248,666644,32,39,40,41,43,77,81,7440,3716,810,623,917,877,891,616,623,670,670,倍率参考式
気合,249,666644,32,39,40,41,43,77,82,7440,3716,804,616,911,877,897,643,576,663,723,倍率参考式
気合,250,666644,32,39,40,41,43,77,83,7440,3716,837,629,897,877,884,589,576,690,696,倍率参考式
気合,251,666644,32,39,40,41,43,77,84,7440,3716,844,629,897,871,891,596,589,696,716,倍率参考式
気合,252,666644,32,39,40,41,43,77,85,7440,3716,817,649,877,877,897,596,596,690,676,倍率参考式
気合,253,666644,32,39,40,41,43,77,86,7440,3716,817,603,904,857,891,609,589,710,683,倍率参考式
気合,254,666644,32,39,40,41,43,77,87,7440,3716,817,623,897,844,877,629,589,696,696,倍率参考式
気合,255,666644,32,39,40,41,43,77,88,7440,3716,857,643,891,850,871,623,576,716,703,倍率参考式
気合,256,666644,32,39,40,41,43,77,89,7440,3716,810,616,877,850,897,603,623,676,690,倍率参考式
気合,257,666644,32,39,40,41,43,77,90,7440,3716,837,623,877,871,897,582,636,670,663,倍率参考式
気合,258,666644,32,39,40,41,43,77,91,7440,3716,857,649,864,844,891,603,636,683,690,倍率参考式
気合,259,666644,32,39,40,41,43,77,92,7440,3716,850,629,884,844,884,616,582,723,683,倍率参考式
気合,260,666644,32,39,40,41,43,77,93,7440,3716,857,663,877,857,857,629,603,696,683,倍率参考式
気合,261,666644,32,39,40,41,43,78,79,7440,3716,850,643,904,837,884,576,596,683,730,倍率参考式
気合,262,666644,32,39,40,41,43,78,80,7440,3716,810,629,884,857,884,576,589,643,716,倍率参考式
気合,263,666644,32,39,40,41,43,78,81,7440,3716,810,636,931,871,877,589,603,629,690,倍率参考式
気合,264,666644,32,39,40,41,43,78,82,7440,3716,804,629,924,871,884,616,556,623,743,倍率参考式
気合,265,666644,32,39,40,41,43,78,83,7440,3716,837,643,911,871,871,562,556,649,716,倍率参考式
気合,266,666644,32,39,40,41,43,78,84,7440,3716,844,643,911,864,877,569,569,656,737,倍率参考式
気合,267,666644,32,39,40,41,43,78,85,7440,3716,817,663,891,871,884,569,576,649,696,倍率参考式
気合,268,666644,32,39,40,41,43,78,86,7440,3716,817,616,917,850,877,582,569,670,703,倍率参考式
気合,269,666644,32,39,40,41,43,78,87,7440,3716,817,636,911,837,864,603,569,656,716,倍率参考式
気合,270,666644,32,39,40,41,43,78,88,7440,3716,857,656,904,844,857,596,556,676,723,倍率参考式
気合,271,666644,32,39,40,41,43,78,89,7440,3716,810,629,891,844,884,576,603,636,710,倍率参考式
気合,272,666644,32,39,40,41,43,78,90,7440,3716,837,636,891,864,884,556,616,629,683,倍率参考式
気合,273,666644,32,39,40,41,43,78,91,7440,3716,857,663,877,837,877,576,616,643,710,倍率参考式
気合,274,666644,32,39,40,41,43,78,92,7440,3716,850,643,897,837,871,589,562,683,703,倍率参考式
気合,275,666644,32,39,40,41,43,78,93,7440,3716,857,676,891,850,844,603,582,656,703,倍率参考式
気合,276,666644,32,39,40,41,43,79,80,7440,3716,850,636,871,830,904,596,629,696,716,倍率参考式
気合,277,666644,32,39,40,41,43,79,81,7440,3716,850,643,917,844,897,609,643,683,690,倍率参考式
気合,278,666644,32,39,40,41,43,79,82,7440,3716,844,636,911,844,904,636,596,676,743,倍率参考式
気合,279,666644,32,39,40,41,43,79,83,7440,3716,877,649,897,844,891,582,596,703,716,倍率参考式
気合,280,666644,32,39,40,41,43,79,84,7440,3716,884,649,897,837,897,589,609,710,737,倍率参考式
気合,281,666644,32,39,40,41,43,79,85,7440,3716,857,670,877,844,904,589,616,703,696,倍率参考式
気合,282,666644,32,39,40,41,43,79,86,7440,3716,857,623,904,824,897,603,609,723,703,倍率参考式
気合,283,666644,32,39,40,41,43,79,87,7440,3716,857,643,897,810,884,623,609,710,716,倍率参考式
気合,284,666644,32,39,40,41,43,79,88,7440,3716,897,663,891,817,877,616,596,730,723,倍率参考式
気合,285,666644,32,39,40,41,43,79,89,7440,3716,850,636,877,817,904,596,643,690,710,倍率参考式
気合,286,666644,32,39,40,41,43,79,90,7440,3716,877,643,877,837,904,576,656,683,683,倍率参考式
気合,287,666644,32,39,40,41,43,79,91,7440,3716,897,670,864,810,897,596,656,696,710,倍率参考式
気合,288,666644,32,39,40,41,43,79,92,7440,3716,891,649,884,810,891,609,603,737,703,倍率参考式
気合,289,666644,32,39,40,41,43,79,93,7440,3716,897,683,877,824,864,623,623,710,703,倍率参考式
気合,290,666644,32,39,40,41,43,80,81,7440,3716,810,629,897,864,897,609,636,643,676,倍率参考式
気合,291,666644,32,39,40,41,43,80,82,7440,3716,804,623,891,864,904,636,589,636,730,倍率参考式
気合,292,666644,32,39,40,41,43,80,83,7440,3716,837,636,877,864,891,582,589,663,703,倍率参考式
気合,293,666644,32,39,40,41,43,80,84,7440,3716,844,636,877,857,897,589,603,670,723,倍率参考式
気合,294,666644,32,39,40,41,43,80,85,7440,3716,817,656,857,864,904,589,609,663,683,倍率参考式
気合,295,666644,32,39,40,41,43,80,86,7440,3716,817,609,884,844,897,603,603,683,690,倍率参考式
気合,296,666644,32,39,40,41,43,80,87,7440,3716,817,629,877,830,884,623,603,670,703,倍率参考式
気合,297,666644,32,39,40,41,43,80,88,7440,3716,857,649,871,837,877,616,589,690,710,倍率参考式
気合,298,666644,32,39,40,41,43,80,89,7440,3716,810,623,857,837,904,596,636,649,696,倍率参考式
気合,299,666644,32,39,40,41,43,80,90,7440,3716,837,629,857,857,904,576,649,643,670,倍率参考式
気合,300,666644,32,39,40,41,43,80,91,7440,3716,857,656,844,830,897,596,649,656,696,倍率参考式
気合,301,666644,32,39,40,41,43,80,92,7440,3716,850,636,864,830,891,609,596,696,690,倍率参考式
気合,302,666644,32,39,40,41,43,80,93,7440,3716,857,670,857,844,864,623,616,670,690,倍率参考式
気合,303,666644,32,39,40,41,43,81,82,7440,3716,804,629,938,877,897,649,603,623,703,倍率参考式
気合,304,666644,32,39,40,41,43,81,83,7440,3716,837,643,924,877,884,596,603,649,676,倍率参考式
気合,305,666644,32,39,40,41,43,81,84,7440,3716,844,643,924,871,891,603,616,656,696,倍率参考式
気合,306,666644,32,39,40,41,43,81,85,7440,3716,817,663,904,877,897,603,623,649,656,倍率参考式
気合,307,666644,32,39,40,41,43,81,86,7440,3716,817,616,931,857,891,616,616,670,663,倍率参考式
気合,308,666644,32,39,40,41,43,81,87,7440,3716,817,636,924,844,877,636,616,656,676,倍率参考式
気合,309,666644,32,39,40,41,43,81,88,7440,3716,857,656,917,850,871,629,603,676,683,倍率参考式
気合,310,666644,32,39,40,41,43,81,89,7440,3716,810,629,904,850,897,609,649,636,670,倍率参考式
気合,311,666644,32,39,40,41,43,81,90,7440,3716,837,636,904,871,897,589,663,629,643,倍率参考式
気合,312,666644,32,39,40,41,43,81,91,7440,3716,857,663,891,844,891,609,663,643,670,倍率参考式
気合,313,666644,32,39,40,41,43,81,92,7440,3716,850,643,911,844,884,623,609,683,663,倍率参考式
気合,314,666644,32,39,40,41,43,81,93,7440,3716,857,676,904,857,857,636,629,656,663,倍率参考式
気合,315,666644,32,39,40,41,43,82,83,7440,3716,830,636,917,877,891,623,556,643,730,倍率参考式
気合,316,666644,32,39,40,41,43,82,84,7440,3716,837,636,917,871,897,629,569,649,750,倍率参考式
気合,317,666644,32,39,40,41,43,82,85,7440,3716,810,656,897,877,904,629,576,643,710,倍率参考式
気合,318,666644,32,39,40,41,43,82,86,7440,3716,810,609,924,857,897,643,569,663,716,倍率参考式
気合,319,666644,32,39,40,41,43,82,87,7440,3716,810,629,917,844,884,663,569,649,730,倍率参考式
気合,320,666644,32,39,40,41,43,82,88,7440,3716,850,649,911,850,877,656,556,670,737,倍率参考式
気合,321,666644,32,39,40,41,43,82,89,7440,3716,804,623,897,850,904,636,603,629,723,倍率参考式
気合,322,666644,32,39,40,41,43,82,90,7440,3716,830,629,897,871,904,616,616,623,696,倍率参考式
気合,323,666644,32,39,40,41,43,82,91,7440,3716,850,656,884,844,897,636,616,636,723,倍率参考式
気合,324,666644,32,39,40,41,43,82,92,7440,3716,844,636,904,844,891,649,562,676,716,倍率参考式
気合,325,666644,32,39,40,41,43,82,93,7440,3716,850,670,897,857,864,663,582,649,716,倍率参考式
気合,326,666644,32,39,40,41,43,83,84,7440,3716,871,649,904,871,884,576,569,676,723,倍率参考式
気合,327,666644,32,39,40,41,43,83,85,7440,3716,844,670,884,877,891,576,576,670,683,倍率参考式
気合,328,666644,32,39,40,41,43,83,86,7440,3716,844,623,911,857,884,589,569,690,690,倍率参考式
気合,329,666644,32,39,40,41,43,83,87,7440,3716,844,643,904,844,871,609,569,676,703,倍率参考式
気合,330,666644,32,39,40,41,43,83,88,7440,3716,884,663,897,850,864,603,556,696,710,倍率参考式
気合,331,666644,32,39,40,41,43,83,89,7440,3716,837,636,884,850,891,582,603,656,696,倍率参考式
気合,332,666644,32,39,40,41,43,83,90,7440,3716,864,643,884,871,891,562,616,649,670,倍率参考式
気合,333,666644,32,39,40,41,43,83,91,7440,3716,884,670,871,844,884,582,616,663,696,倍率参考式
気合,334,666644,32,39,40,41,43,83,92,7440,3716,877,649,891,844,877,596,562,703,690,倍率参考式
気合,335,666644,32,39,40,41,43,83,93,7440,3716,884,683,884,857,850,609,582,676,690,倍率参考式
気合,336,666644,32,39,40,41,43,84,85,7440,3716,850,670,884,871,897,582,589,676,703,倍率参考式
気合,337,666644,32,39,40,41,43,84,86,7440,3716,850,623,911,850,891,596,582,696,710,倍率参考式
気合,338,666644,32,39,40,41,43,84,87,7440,3716,850,643,904,837,877,616,582,683,723,倍率参考式
気合,339,666644,32,39,40,41,43,84,88,7440,3716,891,663,897,844,871,609,569,703,730,倍率参考式
気合,340,666644,32,39,40,41,43,84,89,7440,3716,844,636,884,844,897,589,616,663,716,倍率参考式
気合,341,666644,32,39,40,41,43,84,90,7440,3716,871,643,884,864,897,569,629,656,690,倍率参考式
気合,342,666644,32,39,40,41,43,84,91,7440,3716,891,670,871,837,891,589,629,670,716,倍率参考式
気合,343,666644,32,39,40,41,43,84,92,7440,3716,884,649,891,837,884,603,576,710,710,倍率参考式
気合,344,666644,32,39,40,41,43,84,93,7440,3716,891,683,884,850,857,616,596,683,710,倍率参考式
気合,345,666644,32,39,40,41,43,85,86,7440,3716,824,643,891,857,897,596,589,690,670,倍率参考式
気合,346,666644,32,39,40,41,43,85,87,7440,3716,824,663,884,844,884,616,589,676,683,倍率参考式
気合,347,666644,32,39,40,41,43,85,88,7440,3716,864,683,877,850,877,609,576,696,690,倍率参考式
気合,348,666644,32,39,40,41,43,85,89,7440,3716,817,656,864,850,904,589,623,656,676,倍率参考式
気合,349,666644,32,39,40,41,43,85,90,7440,3716,844,663,864,871,904,569,636,649,649,倍率参考式
気合,350,666644,32,39,40,41,43,85,91,7440,3716,864,690,850,844,897,589,636,663,676,倍率参考式
気合,351,666644,32,39,40,41,43,85,92,7440,3716,857,670,871,844,891,603,582,703,670,倍率参考式
気合,352,666644,32,39,40,41,43,85,93,7440,3716,864,703,864,857,864,616,603,676,670,倍率参考式
気合,353,666644,32,39,40,41,43,86,87,7440,3716,824,616,911,824,877,629,582,696,690,倍率参考式
気合,354,666644,32,39,40,41,43,86,88,7440,3716,864,636,904,830,871,623,569,716,696,倍率参考式
気合,355,666644,32,39,40,41,43,86,89,7440,3716,817,609,891,830,897,603,616,676,683,倍率参考式
気合,356,666644,32,39,40,41,43,86,90,7440,3716,844,616,891,850,897,582,629,670,656,倍率参考式
気合,357,666644,32,39,40,41,43,86,91,7440,3716,864,643,877,824,891,603,629,683,683,倍率参考式
気合,358,666644,32,39,40,41,43,86,92,7440,3716,857,623,897,824,884,616,576,723,676,倍率参考式
気合,359,666644,32,39,40,41,43,86,93,7440,3716,864,656,891,837,857,629,596,696,676,倍率参考式
気合,360,666644,32,39,40,41,43,87,88,7440,3716,864,656,897,817,857,643,569,703,710,倍率参考式
気合,361,666644,32,39,40,41,43,87,89,7440,3716,817,629,884,817,884,623,616,663,696,倍率参考式
気合,362,666644,32,39,40,41,43,87,90,7440,3716,844,636,884,837,884,603,629,656,670,倍率参考式
気合,363,666644,32,39,40,41,43,87,91,7440,3716,864,663,871,810,877,623,629,670,696,倍率参考式
気合,364,666644,32,39,40,41,43,87,92,7440,3716,857,643,891,810,871,636,576,710,690,倍率参考式
気合,365,666644,32,39,40,41,43,87,93,7440,3716,864,676,884,824,844,649,596,683,690,倍率参考式
気合,366,666644,32,39,40,41,43,88,89,7440,3716,857,649,877,824,877,616,603,683,703,倍率参考式
気合,367,666644,32,39,40,41,43,88,90,7440,3716,884,656,877,844,877,596,616,676,676,倍率参考式
気合,368,666644,32,39,40,41,43,88,91,7440,3716,904,683,864,817,871,616,616,690,703,倍率参考式
気合,369,666644,32,39,40,41,43,88,92,7440,3716,897,663,884,817,864,629,562,730,696,倍率参考式
気合,370,666644,32,39,40,41,43,88,93,7440,3716,904,696,877,830,837,643,582,703,696,倍率参考式
気合,371,666644,32,39,40,41,43,89,90,7440,3716,837,629,864,844,904,576,663,636,663,倍率参考式
気合,372,666644,32,39,40,41,43,89,91,7440,3716,857,656,850,817,897,596,663,649,690,倍率参考式
気合,373,666644,32,39,40,41,43,89,92,7440,3716,850,636,871,817,891,609,609,690,683,倍率参考式
気合,374,666644,32,39,40,41,43,89,93,7440,3716,857,670,864,830,864,623,629,663,683,倍率参考式
気合,375,666644,32,39,40,41,43,90,91,7440,3716,884,663,850,837,897,576,676,643,663,倍率参考式
気合,376,666644,32,39,40,41,43,90,92,7440,3716,877,643,871,837,891,589,623,683,656,倍率参考式
気合,377,666644,32,39,40,41,43,90,93,7440,3716,884,676,864,850,864,603,643,656,656,倍率参考式
気合,378,666644,32,39,40,41,43,91,92,7440,3716,897,670,857,810,884,609,623,696,683,倍率参考式
気合,379,666644,32,39,40,41,43,91,93,7440,3716,904,703,850,824,857,623,643,670,683,倍率参考式
気合,380,666644,32,39,40,41,43,92,93,7440,3716,897,683,871,824,850,636,589,710,676,倍率参考式
気合,381,666644,32,39,40,41,44,74,75,7440,3716,837,683,864,824,917,656,649,596,683,倍率参考式
気合,382,666644,32,39,40,41,44,74,76,7440,3716,850,663,857,877,897,649,696,609,730,倍率参考式
気合,383,666644,32,39,40,41,44,74,77,7440,3716,817,643,891,877,944,616,663,589,696,倍率参考式
気合,384,666644,32,39,40,41,44,74,78,7440,3716,817,656,904,871,931,589,643,549,716,倍率参考式
気合,385,666644,32,39,40,41,44,74,79,7440,3716,857,663,891,844,951,609,683,603,716,倍率参考式
気合,386,666644,32,39,40,41,44,74,80,7440,3716,817,649,871,864,951,609,676,562,703,倍率参考式
気合,387,666644,32,39,40,41,44,74,81,7440,3716,817,656,917,877,944,623,690,549,676,倍率参考式
気合,388,666644,32,39,40,41,44,74,82,7440,3716,810,649,911,877,951,649,643,542,730,倍率参考式
気合,389,666644,32,39,40,41,44,74,83,7440,3716,844,663,897,877,938,596,643,569,703,倍率参考式
気合,390,666644,32,39,40,41,44,74,84,7440,3716,850,663,897,871,944,603,656,576,723,倍率参考式
気合,391,666644,32,39,40,41,44,74,85,7440,3716,824,683,877,877,951,603,663,569,683,倍率参考式
気合,392,666644,32,39,40,41,44,74,86,7440,3716,824,636,904,857,944,616,656,589,690,倍率参考式
気合,393,666644,32,39,40,41,44,74,87,7440,3716,824,656,897,844,931,636,656,576,703,倍率参考式
気合,394,666644,32,39,40,41,44,74,88,7440,3716,864,676,891,850,924,629,643,596,710,倍率参考式
気合,395,666644,32,39,40,41,44,74,89,7440,3716,817,649,877,850,951,609,690,556,696,倍率参考式
気合,396,666644,32,39,40,41,44,74,90,7440,3716,844,656,877,871,951,589,703,549,670,倍率参考式
気合,397,666644,32,39,40,41,44,74,91,7440,3716,864,683,864,844,944,609,703,562,696,倍率参考式
気合,398,666644,32,39,40,41,44,74,92,7440,3716,857,663,884,844,938,623,649,603,690,倍率参考式
気合,399,666644,32,39,40,41,44,74,93,7440,3716,864,696,877,857,911,636,670,576,690,倍率参考式
気合,400,666644,32,39,40,41,44,75,76,7440,3716,877,670,817,824,864,683,643,663,716,倍率参考式
気合,401,666644,32,39,40,41,44,75,77,7440,3716,844,649,850,824,911,649,609,643,683,倍率参考式
気合,402,666644,32,39,40,41,44,75,78,7440,3716,844,663,864,817,897,623,589,603,703,倍率参考式
気合,403,666644,32,39,40,41,44,75,79,7440,3716,884,670,850,790,917,643,629,656,703,倍率参考式
気合,404,666644,32,39,40,41,44,75,80,7440,3716,844,656,830,810,917,643,623,616,690,倍率参考式
気合,405,666644,32,39,40,41,44,75,81,7440,3716,844,663,877,824,911,656,636,603,663,倍率参考式
気合,406,666644,32,39,40,41,44,75,82,7440,3716,837,656,871,824,917,683,589,596,716,倍率参考式
気合,407,666644,32,39,40,41,44,75,83,7440,3716,871,670,857,824,904,629,589,623,690,倍率参考式
気合,408,666644,32,39,40,41,44,75,84,7440,3716,877,670,857,817,911,636,603,629,710,倍率参考式
気合,409,666644,32,39,40,41,44,75,85,7440,3716,850,690,837,824,917,636,609,623,670,倍率参考式
気合,410,666644,32,39,40,41,44,75,86,7440,3716,850,643,864,804,911,649,603,643,676,倍率参考式
気合,411,666644,32,39,40,41,44,75,87,7440,3716,850,663,857,790,897,670,603,629,690,倍率参考式
気合,412,666644,32,39,40,41,44,75,88,7440,3716,891,683,850,797,891,663,589,649,696,倍率参考式
気合,413,666644,32,39,40,41,44,75,89,7440,3716,844,656,837,797,917,643,636,609,683,倍率参考式
気合,414,666644,32,39,40,41,44,75,90,7440,3716,871,663,837,817,917,623,649,603,656,倍率参考式
気合,415,666644,32,39,40,41,44,75,91,7440,3716,891,690,824,790,911,643,649,616,683,倍率参考式
気合,416,666644,32,39,40,41,44,75,92,7440,3716,884,670,844,790,904,656,596,656,676,倍率参考式
気合,417,666644,32,39,40,41,44,75,93,7440,3716,891,703,837,804,877,670,616,629,676,倍率参考式
気合,418,666644,32,39,40,41,44,76,77,7440,3716,857,629,844,877,891,643,656,656,730,倍率参考式
気合,419,666644,32,39,40,41,44,76,78,7440,3716,857,643,857,871,877,616,636,616,750,倍率参考式
気合,420,666644,32,39,40,41,44,76,79,7440,3716,897,649,844,844,897,636,676,670,750,倍率参考式
気合,421,666644,32,39,40,41,44,76,80,7440,3716,857,636,824,864,897,636,670,629,737,倍率参考式
気合,422,666644,32,39,40,41,44,76,81,7440,3716,857,643,871,877,891,649,683,616,710,倍率参考式
気合,423,666644,32,39,40,41,44,76,82,7440,3716,850,636,864,877,897,676,636,609,763,倍率参考式
気合,424,666644,32,39,40,41,44,76,83,7440,3716,884,649,850,877,884,623,636,636,737,倍率参考式
気合,425,666644,32,39,40,41,44,76,84,7440,3716,891,649,850,871,891,629,649,643,757,倍率参考式
気合,426,666644,32,39,40,41,44,76,85,7440,3716,864,670,830,877,897,629,656,636,716,倍率参考式
気合,427,666644,32,39,40,41,44,76,86,7440,3716,864,623,857,857,891,643,649,656,723,倍率参考式
気合,428,666644,32,39,40,41,44,76,87,7440,3716,864,643,850,844,877,663,649,643,737,倍率参考式
気合,429,666644,32,39,40,41,44,76,88,7440,3716,904,663,844,850,871,656,636,663,743,倍率参考式
気合,430,666644,32,39,40,41,44,76,89,7440,3716,857,636,830,850,897,636,683,623,730,倍率参考式
気合,431,666644,32,39,40,41,44,76,90,7440,3716,884,643,830,871,897,616,696,616,703,倍率参考式
気合,432,666644,32,39,40,41,44,76,91,7440,3716,904,670,817,844,891,636,696,629,730,倍率参考式
気合,433,666644,32,39,40,41,44,76,92,7440,3716,897,649,837,844,884,649,643,670,723,倍率参考式
気合,434,666644,32,39,40,41,44,76,93,7440,3716,904,683,830,857,857,663,663,643,723,倍率参考式
気合,435,666644,32,39,40,41,44,77,78,7440,3716,824,623,891,871,924,582,603,596,716,倍率参考式
気合,436,666644,32,39,40,41,44,77,79,7440,3716,864,629,877,844,944,603,643,649,716,倍率参考式
気合,437,666644,32,39,40,41,44,77,80,7440,3716,824,616,857,864,944,603,636,609,703,倍率参考式
気合,438,666644,32,39,40,41,44,77,81,7440,3716,824,623,904,877,938,616,649,596,676,倍率参考式
気合,439,666644,32,39,40,41,44,77,82,7440,3716,817,616,897,877,944,643,603,589,730,倍率参考式
気合,440,666644,32,39,40,41,44,77,83,7440,3716,850,629,884,877,931,589,603,616,703,倍率参考式
気合,441,666644,32,39,40,41,44,77,84,7440,3716,857,629,884,871,938,596,616,623,723,倍率参考式
気合,442,666644,32,39,40,41,44,77,85,7440,3716,830,649,864,877,944,596,623,616,683,倍率参考式
気合,443,666644,32,39,40,41,44,77,86,7440,3716,830,603,891,857,938,609,616,636,690,倍率参考式
気合,444,666644,32,39,40,41,44,77,87,7440,3716,830,623,884,844,924,629,616,623,703,倍率参考式
気合,445,666644,32,39,40,41,44,77,88,7440,3716,871,643,877,850,917,623,603,643,710,倍率参考式
気合,446,666644,32,39,40,41,44,77,89,7440,3716,824,616,864,850,944,603,649,603,696,倍率参考式
気合,447,666644,32,39,40,41,44,77,90,7440,3716,850,623,864,871,944,582,663,596,670,倍率参考式
気合,448,666644,32,39,40,41,44,77,91,7440,3716,871,649,850,844,938,603,663,609,696,倍率参考式
気合,449,666644,32,39,40,41,44,77,92,7440,3716,864,629,871,844,931,616,609,649,690,倍率参考式
気合,450,666644,32,39,40,41,44,77,93,7440,3716,871,663,864,857,904,629,629,623,690,倍率参考式
気合,451,666644,32,39,40,41,44,78,79,7440,3716,864,643,891,837,931,576,623,609,737,倍率参考式
気合,452,666644,32,39,40,41,44,78,80,7440,3716,824,629,871,857,931,576,616,569,723,倍率参考式
気合,453,666644,32,39,40,41,44,78,81,7440,3716,824,636,917,871,924,589,629,556,696,倍率参考式
気合,454,666644,32,39,40,41,44,78,82,7440,3716,817,629,911,871,931,616,582,549,750,倍率参考式
気合,455,666644,32,39,40,41,44,78,83,7440,3716,850,643,897,871,917,562,582,576,723,倍率参考式
気合,456,666644,32,39,40,41,44,78,84,7440,3716,857,643,897,864,924,569,596,582,743,倍率参考式
気合,457,666644,32,39,40,41,44,78,85,7440,3716,830,663,877,871,931,569,603,576,703,倍率参考式
気合,458,666644,32,39,40,41,44,78,86,7440,3716,830,616,904,850,924,582,596,596,710,倍率参考式
気合,459,666644,32,39,40,41,44,78,87,7440,3716,830,636,897,837,911,603,596,582,723,倍率参考式
気合,460,666644,32,39,40,41,44,78,88,7440,3716,871,656,891,844,904,596,582,603,730,倍率参考式
気合,461,666644,32,39,40,41,44,78,89,7440,3716,824,629,877,844,931,576,629,562,716,倍率参考式
気合,462,666644,32,39,40,41,44,78,90,7440,3716,850,636,877,864,931,556,643,556,690,倍率参考式
気合,463,666644,32,39,40,41,44,78,91,7440,3716,871,663,864,837,924,576,643,569,716,倍率参考式
気合,464,666644,32,39,40,41,44,78,92,7440,3716,864,643,884,837,917,589,589,609,710,倍率参考式
気合,465,666644,32,39,40,41,44,78,93,7440,3716,871,676,877,850,891,603,609,582,710,倍率参考式
気合,466,666644,32,39,40,41,44,79,80,7440,3716,864,636,857,830,951,596,656,623,723,倍率参考式
気合,467,666644,32,39,40,41,44,79,81,7440,3716,864,643,904,844,944,609,670,609,696,倍率参考式
気合,468,666644,32,39,40,41,44,79,82,7440,3716,857,636,897,844,951,636,623,603,750,倍率参考式
気合,469,666644,32,39,40,41,44,79,83,7440,3716,891,649,884,844,938,582,623,629,723,倍率参考式
気合,470,666644,32,39,40,41,44,79,84,7440,3716,897,649,884,837,944,589,636,636,743,倍率参考式
気合,471,666644,32,39,40,41,44,79,85,7440,3716,871,670,864,844,951,589,643,629,703,倍率参考式
気合,472,666644,32,39,40,41,44,79,86,7440,3716,871,623,891,824,944,603,636,649,710,倍率参考式
気合,473,666644,32,39,40,41,44,79,87,7440,3716,871,643,884,810,931,623,636,636,723,倍率参考式
気合,474,666644,32,39,40,41,44,79,88,7440,3716,911,663,877,817,924,616,623,656,730,倍率参考式
気合,475,666644,32,39,40,41,44,79,89,7440,3716,864,636,864,817,951,596,670,616,716,倍率参考式
気合,476,666644,32,39,40,41,44,79,90,7440,3716,891,643,864,837,951,576,683,609,690,倍率参考式
気合,477,666644,32,39,40,41,44,79,91,7440,3716,911,670,850,810,944,596,683,623,716,倍率参考式
気合,478,666644,32,39,40,41,44,79,92,7440,3716,904,649,871,810,938,609,629,663,710,倍率参考式
気合,479,666644,32,39,40,41,44,79,93,7440,3716,911,683,864,824,911,623,649,636,710,倍率参考式
気合,480,666644,32,39,40,41,44,80,81,7440,3716,824,629,884,864,944,609,663,569,683,倍率参考式
気合,481,666644,32,39,40,41,44,80,82,7440,3716,817,623,877,864,951,636,616,562,737,倍率参考式
気合,482,666644,32,39,40,41,44,80,83,7440,3716,850,636,864,864,938,582,616,589,710,倍率参考式
気合,483,666644,32,39,40,41,44,80,84,7440,3716,857,636,864,857,944,589,629,596,730,倍率参考式
気合,484,666644,32,39,40,41,44,80,85,7440,3716,830,656,844,864,951,589,636,589,690,倍率参考式
気合,485,666644,32,39,40,41,44,80,86,7440,3716,830,609,871,844,944,603,629,609,696,倍率参考式
気合,486,666644,32,39,40,41,44,80,87,7440,3716,830,629,864,830,931,623,629,596,710,倍率参考式
気合,487,666644,32,39,40,41,44,80,88,7440,3716,871,649,857,837,924,616,616,616,716,倍率参考式
気合,488,666644,32,39,40,41,44,80,89,7440,3716,824,623,844,837,951,596,663,576,703,倍率参考式
気合,489,666644,32,39,40,41,44,80,90,7440,3716,850,629,844,857,951,576,676,569,676,倍率参考式
気合,490,666644,32,39,40,41,44,80,91,7440,3716,871,656,830,830,944,596,676,582,703,倍率参考式
気合,491,666644,32,39,40,41,44,80,92,7440,3716,864,636,850,830,938,609,623,623,696,倍率参考式
気合,492,666644,32,39,40,41,44,80,93,7440,3716,871,670,844,844,911,623,643,596,696,倍率参考式
気合,493,666644,32,39,40,41,44,81,82,7440,3716,817,629,924,877,944,649,629,549,710,倍率参考式
気合,494,666644,32,39,40,41,44,81,83,7440,3716,850,643,911,877,931,596,629,576,683,倍率参考式
気合,495,666644,32,39,40,41,44,81,84,7440,3716,857,643,911,871,938,603,643,582,703,倍率参考式
気合,496,666644,32,39,40,41,44,81,85,7440,3716,830,663,891,877,944,603,649,576,663,倍率参考式
気合,497,666644,32,39,40,41,44,81,86,7440,3716,830,616,917,857,938,616,643,596,670,倍率参考式
気合,498,666644,32,39,40,41,44,81,87,7440,3716,830,636,911,844,924,636,643,582,683,倍率参考式
気合,499,666644,32,39,40,41,44,81,88,7440,3716,871,656,904,850,917,629,629,603,690,倍率参考式
気合,500,666644,32,39,40,41,44,81,89,7440,3716,824,629,891,850,944,609,676,562,676,倍率参考式
腕力,1,666644,32,39,45,51,118,88,91,7440,3716,1018,770,871,917,978,676,542,582,837,倍率参考式
腕力,2,666644,32,39,45,51,118,88,93,7440,3716,1018,783,884,931,944,703,509,596,830,倍率参考式
腕力,3,666644,32,39,45,51,118,91,93,7440,3716,1018,790,857,924,964,683,569,562,817,倍率参考式
腕力,4,666554,32,39,45,51,54,57,88,7248,3621,1017,684,784,837,877,645,478,618,744,倍率参考式
腕力,5,666554,32,39,45,51,54,57,91,7248,3621,1017,691,758,831,897,625,538,585,731,倍率参考式
腕力,6,666554,32,39,45,51,54,57,93,7248,3621,1017,704,771,844,864,651,505,598,724,倍率参考式
腕力,7,666554,32,39,45,51,54,61,88,7248,3621,1017,724,857,864,884,698,472,678,751,倍率参考式
腕力,8,666554,32,39,45,51,54,61,91,7248,3621,1017,731,831,857,904,678,532,645,738,倍率参考式
腕力,9,666554,32,39,45,51,54,61,93,7248,3621,1017,744,844,871,871,704,498,658,731,倍率参考式
腕力,10,666554,32,39,45,51,54,72,88,7248,3621,1017,665,831,911,924,665,498,625,751,倍率参考式
腕力,11,666554,32,39,45,51,54,72,91,7248,3621,1017,671,804,904,944,645,558,591,738,倍率参考式
腕力,12,666554,32,39,45,51,54,72,93,7248,3621,1017,684,817,917,911,671,525,605,731,倍率参考式
腕力,13,666554,32,39,45,51,57,61,88,7248,3621,1017,751,811,831,851,645,458,638,711,倍率参考式
腕力,14,666554,32,39,45,51,57,61,91,7248,3621,1017,758,784,824,871,625,518,605,698,倍率参考式
腕力,15,666554,32,39,45,51,57,61,93,7248,3621,1017,771,798,837,837,651,485,618,691,倍率参考式
腕力,16,666554,32,39,45,51,57,72,88,7248,3621,1017,691,784,877,891,611,485,585,711,倍率参考式
腕力,17,666554,32,39,45,51,57,72,91,7248,3621,1017,698,758,871,911,591,545,551,698,倍率参考式
腕力,18,666554,32,39,45,51,57,72,93,7248,3621,1017,711,771,884,877,618,512,565,691,倍率参考式
腕力,19,666554,32,39,45,51,61,72,88,7248,3621,1017,731,857,904,897,665,478,645,718,倍率参考式
腕力,20,666554,32,39,45,51,61,72,91,7248,3621,1017,738,831,897,917,645,538,611,704,倍率参考式
腕力,21,666554,32,39,45,51,61,72,93,7248,3621,1017,751,844,911,884,671,505,625,698,倍率参考式
腕力,22,666554,32,39,45,118,54,57,88,7248,3621,1017,651,851,837,871,698,478,598,837,倍率参考式
腕力,23,666554,32,39,45,118,54,57,91,7248,3621,1017,658,824,831,891,678,538,565,824,倍率参考式
腕力,24,666554,32,39,45,118,54,57,93,7248,3621,1017,671,837,844,857,704,505,578,817,倍率参考式
腕力,25,666554,32,39,45,118,54,61,88,7248,3621,1017,691,924,864,877,751,472,658,844,倍率参考式
腕力,26,666554,32,39,45,118,54,61,91,7248,3621,1017,698,897,857,897,731,532,625,831,倍率参考式
腕力,27,666554,32,39,45,118,54,61,93,7248,3621,1017,711,911,871,864,758,498,638,824,倍率参考式
腕力,28,666554,32,39,45,118,54,72,88,7248,3621,1017,631,897,911,917,718,498,605,844,倍率参考式
腕力,29,666554,32,39,45,118,54,72,91,7248,3621,1017,638,871,904,937,698,558,571,831,倍率参考式
腕力,30,666554,32,39,45,118,54,72,93,7248,3621,1017,651,884,917,904,724,525,585,824,倍率参考式
腕力,31,666554,32,39,45,118,57,61,88,7248,3621,1017,718,877,831,844,698,458,618,804,倍率参考式
腕力,32,666554,32,39,45,118,57,61,91,7248,3621,1017,724,851,824,864,678,518,585,791,倍率参考式
腕力,33,666554,32,39,45,118,57,61,93,7248,3621,1017,738,864,837,831,704,485,598,784,倍率参考式
腕力,34,666554,32,39,45,118,57,72,88,7248,3621,1017,658,851,877,884,665,485,565,804,倍率参考式
腕力,35,666554,32,39,45,118,57,72,91,7248,3621,1017,665,824,871,904,645,545,532,791,倍率参考式
腕力,36,666554,32,39,45,118,57,72,93,7248,3621,1017,678,837,884,871,671,512,545,784,倍率参考式
腕力,37,666554,32,39,45,118,61,72,88,7248,3621,1017,698,924,904,891,718,478,625,811,倍率参考式
腕力,38,666554,32,39,45,118,61,72,91,7248,3621,1017,704,897,897,911,698,538,591,798,倍率参考式
腕力,39,666554,32,39,45,118,61,72,93,7248,3621,1017,718,911,911,877,724,505,605,791,倍率参考式
腕力,40,666554,32,39,51,118,54,57,88,7248,3621,1017,704,784,844,871,625,498,598,764,倍率参考式
腕力,41,666554,32,39,51,118,54,57,91,7248,3621,1017,711,758,837,891,605,558,565,751,倍率参考式
腕力,42,666554,32,39,51,118,54,57,93,7248,3621,1017,724,771,851,857,631,525,578,744,倍率参考式
腕力,43,666554,32,39,51,118,54,61,88,7248,3621,1017,744,857,871,877,678,492,658,771,倍率参考式
腕力,44,666554,32,39,51,118,54,61,91,7248,3621,1017,751,831,864,897,658,551,625,758,倍率参考式
腕力,45,666554,32,39,51,118,54,61,93,7248,3621,1017,764,844,877,864,684,518,638,751,倍率参考式
腕力,46,666554,32,39,51,118,54,72,88,7248,3621,1017,684,831,917,917,645,518,605,771,倍率参考式
腕力,47,666554,32,39,51,118,54,72,91,7248,3621,1017,691,804,911,937,625,578,571,758,倍率参考式
腕力,48,666554,32,39,51,118,54,72,93,7248,3621,1017,704,817,924,904,651,545,585,751,倍率参考式
腕力,49,666554,32,39,51,118,57,61,88,7248,3621,1017,771,811,837,844,625,478,618,731,倍率参考式
腕力,50,666554,32,39,51,118,57,61,91,7248,3621,1017,778,784,831,864,605,538,585,718,倍率参考式
腕力,51,666554,32,39,51,118,57,61,93,7248,3621,1017,791,798,844,831,631,505,598,711,倍率参考式
腕力,52,666554,32,39,51,118,57,72,88,7248,3621,1017,711,784,884,884,591,505,565,731,倍率参考式
腕力,53,666554,32,39,51,118,57,72,91,7248,3621,1017,718,758,877,904,571,565,532,718,倍率参考式
腕力,54,666554,32,39,51,118,57,72,93,7248,3621,1017,731,771,891,871,598,532,545,711,倍率参考式
腕力,55,666554,32,39,51,118,61,72,88,7248,3621,1017,751,857,911,891,645,498,625,738,倍率参考式
腕力,56,666554,32,39,51,118,61,72,91,7248,3621,1017,758,831,904,911,625,558,591,724,倍率参考式
腕力,57,666554,32,39,51,118,61,72,93,7248,3621,1017,771,844,917,877,651,525,605,718,倍率参考式
腕力,58,666554,32,45,51,118,54,57,88,7248,3621,1017,738,784,871,871,718,498,565,744,倍率参考式
腕力,59,666554,32,45,51,118,54,57,91,7248,3621,1017,744,758,864,891,698,558,532,731,倍率参考式
腕力,60,666554,32,45,51,118,54,57,93,7248,3621,1017,758,771,877,857,724,525,545,724,倍率参考式
腕力,61,666554,32,45,51,118,54,61,88,7248,3621,1017,778,857,897,877,771,492,625,751,倍率参考式
腕力,62,666554,32,45,51,118,54,61,91,7248,3621,1017,784,831,891,897,751,551,591,738,倍率参考式
腕力,63,666554,32,45,51,118,54,61,93,7248,3621,1017,798,844,904,864,778,518,605,731,倍率参考式
腕力,64,666554,32,45,51,118,54,72,88,7248,3621,1017,718,831,944,917,738,518,571,751,倍率参考式
腕力,65,666554,32,45,51,118,54,72,91,7248,3621,1017,724,804,937,937,718,578,538,738,倍率参考式
腕力,66,666554,32,45,51,118,54,72,93,7248,3621,1017,738,817,950,904,744,545,551,731,倍率参考式
腕力,67,666554,32,45,51,118,57,61,88,7248,3621,1017,804,811,864,844,718,478,585,711,倍率参考式
腕力,68,666554,32,45,51,118,57,61,91,7248,3621,1017,811,784,857,864,698,538,551,698,倍率参考式
腕力,69,666554,32,45,51,118,57,61,93,7248,3621,1017,824,798,871,831,724,505,565,691,倍率参考式
腕力,70,666554,32,45,51,118,57,72,88,7248,3621,1017,744,784,911,884,684,505,532,711,倍率参考式
腕力,71,666554,32,45,51,118,57,72,91,7248,3621,1017,751,758,904,904,665,565,498,698,倍率参考式
腕力,72,666554,32,45,51,118,57,72,93,7248,3621,1017,764,771,917,871,691,532,512,691,倍率参考式
腕力,73,666554,32,45,51,118,61,72,88,7248,3621,1017,784,857,937,891,738,498,591,718,倍率参考式
腕力,74,666554,32,45,51,118,61,72,91,7248,3621,1017,791,831,931,911,718,558,558,704,倍率参考式
腕力,75,666554,32,45,51,118,61,72,93,7248,3621,1017,804,844,944,877,744,525,571,698,倍率参考式
腕力,76,666653,32,39,45,51,118,54,97,7254,3623,1017,718,851,911,970,698,518,578,831,倍率参考式
腕力,77,666653,32,39,45,51,118,54,100,7254,3623,1017,711,891,924,957,704,485,591,817,倍率参考式
腕力,78,666653,32,39,45,51,118,54,110,7254,3623,1017,698,884,911,944,691,498,591,824,倍率参考式
腕力,79,666653,32,39,45,51,118,57,97,7254,3623,1017,744,804,877,937,645,505,538,791,倍率参考式
腕力,80,666653,32,39,45,51,118,57,100,7254,3623,1017,738,844,891,924,651,472,551,778,倍率参考式
腕力,81,666653,32,39,45,51,118,57,110,7254,3623,1017,724,837,877,911,638,485,551,784,倍率参考式
腕力,82,666653,32,39,45,51,118,61,97,7254,3623,1017,784,877,904,944,698,498,598,798,倍率参考式
腕力,83,666653,32,39,45,51,118,61,100,7254,3623,1017,778,917,917,931,704,465,611,784,倍率参考式
腕力,84,666653,32,39,45,51,118,61,110,7254,3623,1017,764,911,904,917,691,478,611,791,倍率参考式
腕力,85,666653,32,39,45,51,118,72,97,7254,3623,1017,724,851,950,984,665,525,545,798,倍率参考式
腕力,86,666653,32,39,45,51,118,72,100,7254,3623,1017,718,891,964,970,671,492,558,784,倍率参考式
腕力,87,666653,32,39,45,51,118,72,110,7254,3623,1017,704,884,950,957,658,505,558,791,倍率参考式
腕力,88,665555,32,39,45,54,57,61,72,7056,3526,1016,620,811,818,811,666,475,627,706,倍率参考式
腕力,89,665555,32,39,51,54,57,61,72,7056,3526,1016,673,745,825,811,594,495,627,633,倍率参考式
腕力,90,665555,32,39,118,54,57,61,72,7056,3526,1016,640,811,825,805,646,495,607,726,倍率参考式
腕力,91,665555,32,45,51,54,57,61,72,7056,3526,1016,706,745,851,811,686,495,594,613,倍率参考式
腕力,92,665555,32,45,118,54,57,61,72,7056,3526,1016,673,811,851,805,739,495,574,706,倍率参考式
腕力,93,665555,32,51,118,54,57,61,72,7056,3526,1016,726,745,858,805,666,514,574,633,倍率参考式
腕力,94,666644,32,39,42,45,51,88,91,7440,3716,1011,804,790,857,951,690,582,603,723,倍率参考式
腕力,95,666644,32,39,42,45,51,88,93,7440,3716,1011,817,804,871,917,716,549,616,716,倍率参考式
腕力,96,666644,32,39,42,45,51,91,93,7440,3716,1011,824,777,864,938,696,609,582,703,倍率参考式
腕力,97,666644,32,39,42,45,118,88,91,7440,3716,1011,770,857,857,944,743,582,582,817,倍率参考式
腕力,98,666644,32,39,42,45,118,88,93,7440,3716,1011,783,871,871,911,770,549,596,810,倍率参考式
腕力,99,666644,32,39,42,45,118,91,93,7440,3716,1011,790,844,864,931,750,609,562,797,倍率参考式
腕力,100,666644,32,39,42,51,118,88,91,7440,3716,1011,824,790,864,944,670,603,582,743,倍率参考式
腕力,101,666644,32,39,42,51,118,88,93,7440,3716,1011,837,804,877,911,696,569,596,737,倍率参考式
腕力,102,666644,32,39,42,51,118,91,93,7440,3716,1011,844,777,871,931,676,629,562,723,倍率参考式
腕力,103,666644,32,39,45,50,51,88,91,7440,3716,1011,770,830,911,978,676,596,656,797,倍率参考式
腕力,104,666644,32,39,45,50,51,88,93,7440,3716,1011,783,844,924,944,703,562,670,790,倍率参考式
腕力,105,666644,32,39,45,50,51,91,93,7440,3716,1011,790,817,917,964,683,623,636,777,倍率参考式
腕力,106,666644,32,39,45,50,118,88,91,7440,3716,1011,737,897,911,971,730,596,636,891,倍率参考式
腕力,107,666644,32,39,45,50,118,88,93,7440,3716,1011,750,911,924,938,757,562,649,884,倍率参考式
腕力,108,666644,32,39,45,50,118,91,93,7440,3716,1011,757,884,917,958,737,623,616,871,倍率参考式
腕力,109,666644,32,39,45,51,118,79,88,7440,3716,1011,750,897,917,984,676,522,623,857,倍率参考式
腕力,110,666644,32,39,45,51,118,79,91,7440,3716,1011,757,871,911,1005,656,582,589,844,倍率参考式
腕力,111,666644,32,39,45,51,118,79,93,7440,3716,1011,770,884,924,971,683,549,603,837,倍率参考式
腕力,112,666644,32,39,45,51,118,88,92,7440,3716,1011,750,891,917,971,690,489,623,830,倍率参考式
腕力,113,666644,32,39,45,51,118,91,92,7440,3716,1011,757,864,911,991,670,549,589,817,倍率参考式
腕力,114,666644,32,39,45,51,118,92,93,7440,3716,1011,770,877,924,958,696,515,603,810,倍率参考式
腕力,115,666644,32,39,50,51,118,88,91,7440,3716,1011,790,830,917,971,656,616,636,817,倍率参考式
腕力,116,666644,32,39,50,51,118,88,93,7440,3716,1011,804,844,931,938,683,582,649,810,倍率参考式
腕力,117,666644,32,39,50,51,118,91,93,7440,3716,1011,810,817,924,958,663,643,616,797,倍率参考式
腕力,118,666644,32,42,45,51,118,88,91,7440,3716,1011,857,790,891,944,763,603,549,723,倍率参考式
腕力,119,666644,32,42,45,51,118,88,93,7440,3716,1011,871,804,904,911,790,569,562,716,倍率参考式
腕力,120,666644,32,42,45,51,118,91,93,7440,3716,1011,877,777,897,931,770,629,529,703,倍率参考式
腕力,121,666644,32,45,50,51,118,88,91,7440,3716,1011,824,830,944,971,750,616,603,797,倍率参考式
腕力,122,666644,32,45,50,51,118,88,93,7440,3716,1011,837,844,958,938,777,582,616,790,倍率参考式
腕力,123,666644,32,45,50,51,118,91,93,7440,3716,1011,844,817,951,958,757,643,582,777,倍率参考式
腕力,124,666554,32,39,42,45,54,57,88,7248,3621,1010,684,771,778,844,711,518,618,724,倍率参考式
腕力,125,666554,32,39,42,45,54,57,91,7248,3621,1010,691,744,771,864,691,578,585,711,倍率参考式
腕力,126,666554,32,39,42,45,54,57,93,7248,3621,1010,704,758,784,831,718,545,598,704,倍率参考式
腕力,127,666554,32,39,42,45,54,61,88,7248,3621,1010,724,844,804,851,764,512,678,731,倍率参考式
腕力,128,666554,32,39,42,45,54,61,91,7248,3621,1010,731,817,798,871,744,571,645,718,倍率参考式
腕力,129,666554,32,39,42,45,54,61,93,7248,3621,1010,744,831,811,837,771,538,658,711,倍率参考式
腕力,130,666554,32,39,42,45,54,72,88,7248,3621,1010,665,817,851,891,731,538,625,731,倍率参考式
腕力,131,666554,32,39,42,45,54,72,91,7248,3621,1010,671,791,844,911,711,598,591,718,倍率参考式
腕力,132,666554,32,39,42,45,54,72,93,7248,3621,1010,684,804,857,877,738,565,605,711,倍率参考式
腕力,133,666554,32,39,42,45,57,61,88,7248,3621,1010,751,798,771,817,711,498,638,691,倍率参考式
腕力,134,666554,32,39,42,45,57,61,91,7248,3621,1010,758,771,764,837,691,558,605,678,倍率参考式
腕力,135,666554,32,39,42,45,57,61,93,7248,3621,1010,771,784,778,804,718,525,618,671,倍率参考式
腕力,136,666554,32,39,42,45,57,72,88,7248,3621,1010,691,771,817,857,678,525,585,691,倍率参考式
腕力,137,666554,32,39,42,45,57,72,91,7248,3621,1010,698,744,811,877,658,585,551,678,倍率参考式
腕力,138,666554,32,39,42,45,57,72,93,7248,3621,1010,711,758,824,844,684,551,565,671,倍率参考式
腕力,139,666554,32,39,42,45,61,72,88,7248,3621,1010,731,844,844,864,731,518,645,698,倍率参考式
腕力,140,666554,32,39,42,45,61,72,91,7248,3621,1010,738,817,837,884,711,578,611,684,倍率参考式
腕力,141,666554,32,39,42,45,61,72,93,7248,3621,1010,751,831,851,851,738,545,625,678,倍率参考式
腕力,142,666554,32,39,42,51,54,57,88,7248,3621,1010,738,704,784,844,638,538,618,651,倍率参考式
腕力,143,666554,32,39,42,51,54,57,91,7248,3621,1010,744,678,778,864,618,598,585,638,倍率参考式
腕力,144,666554,32,39,42,51,54,57,93,7248,3621,1010,758,691,791,831,645,565,598,631,倍率参考式
腕力,145,666554,32,39,42,51,54,61,88,7248,3621,1010,778,778,811,851,691,532,678,658,倍率参考式
腕力,146,666554,32,39,42,51,54,61,91,7248,3621,1010,784,751,804,871,671,591,645,645,倍率参考式
腕力,147,666554,32,39,42,51,54,61,93,7248,3621,1010,798,764,817,837,698,558,658,638,倍率参考式
腕力,148,666554,32,39,42,51,54,72,88,7248,3621,1010,718,751,857,891,658,558,625,658,倍率参考式
腕力,149,666554,32,39,42,51,54,72,91,7248,3621,1010,724,724,851,911,638,618,591,645,倍率参考式
腕力,150,666554,32,39,42,51,54,72,93,7248,3621,1010,738,738,864,877,665,585,605,638,倍率参考式
腕力,151,666554,32,39,42,51,57,61,88,7248,3621,1010,804,731,778,817,638,518,638,618,倍率参考式
腕力,152,666554,32,39,42,51,57,61,91,7248,3621,1010,811,704,771,837,618,578,605,605,倍率参考式
腕力,153,666554,32,39,42,51,57,61,93,7248,3621,1010,824,718,784,804,645,545,618,598,倍率参考式
腕力,154,666554,32,39,42,51,57,72,88,7248,3621,1010,744,704,824,857,605,545,585,618,倍率参考式
腕力,155,666554,32,39,42,51,57,72,91,7248,3621,1010,751,678,817,877,585,605,551,605,倍率参考式
腕力,156,666554,32,39,42,51,57,72,93,7248,3621,1010,764,691,831,844,611,571,565,598,倍率参考式
腕力,157,666554,32,39,42,51,61,72,88,7248,3621,1010,784,778,851,864,658,538,645,625,倍率参考式
腕力,158,666554,32,39,42,51,61,72,91,7248,3621,1010,791,751,844,884,638,598,611,611,倍率参考式
腕力,159,666554,32,39,42,51,61,72,93,7248,3621,1010,804,764,857,851,665,565,625,605,倍率参考式
腕力,160,666554,32,39,42,118,54,57,88,7248,3621,1010,704,771,784,837,691,538,598,744,倍率参考式
腕力,161,666554,32,39,42,118,54,57,91,7248,3621,1010,711,744,778,857,671,598,565,731,倍率参考式
腕力,162,666554,32,39,42,118,54,57,93,7248,3621,1010,724,758,791,824,698,565,578,724,倍率参考式
腕力,163,666554,32,39,42,118,54,61,88,7248,3621,1010,744,844,811,844,744,532,658,751,倍率参考式
腕力,164,666554,32,39,42,118,54,61,91,7248,3621,1010,751,817,804,864,724,591,625,738,倍率参考式
腕力,165,666554,32,39,42,118,54,61,93,7248,3621,1010,764,831,817,831,751,558,638,731,倍率参考式
腕力,166,666554,32,39,42,118,54,72,88,7248,3621,1010,684,817,857,884,711,558,605,751,倍率参考式
腕力,167,666554,32,39,42,118,54,72,91,7248,3621,1010,691,791,851,904,691,618,571,738,倍率参考式
腕力,168,666554,32,39,42,118,54,72,93,7248,3621,1010,704,804,864,871,718,585,585,731,倍率参考式
腕力,169,666554,32,39,42,118,57,61,88,7248,3621,1010,771,798,778,811,691,518,618,711,倍率参考式
腕力,170,666554,32,39,42,118,57,61,91,7248,3621,1010,778,771,771,831,671,578,585,698,倍率参考式
腕力,171,666554,32,39,42,118,57,61,93,7248,3621,1010,791,784,784,798,698,545,598,691,倍率参考式
腕力,172,666554,32,39,42,118,57,72,88,7248,3621,1010,711,771,824,851,658,545,565,711,倍率参考式
腕力,173,666554,32,39,42,118,57,72,91,7248,3621,1010,718,744,817,871,638,605,532,698,倍率参考式
腕力,174,666554,32,39,42,118,57,72,93,7248,3621,1010,731,758,831,837,665,571,545,691,倍率参考式
腕力,175,666554,32,39,42,118,61,72,88,7248,3621,1010,751,844,851,857,711,538,625,718,倍率参考式
腕力,176,666554,32,39,42,118,61,72,91,7248,3621,1010,758,817,844,877,691,598,591,704,倍率参考式
腕力,177,666554,32,39,42,118,61,72,93,7248,3621,1010,771,831,857,844,718,565,605,698,倍率参考式
腕力,178,666554,32,39,45,50,54,57,88,7248,3621,1010,651,811,831,871,698,532,671,798,倍率参考式
腕力,179,666554,32,39,45,50,54,57,91,7248,3621,1010,658,784,824,891,678,591,638,784,倍率参考式
腕力,180,666554,32,39,45,50,54,57,93,7248,3621,1010,671,798,837,857,704,558,651,778,倍率参考式
腕力,181,666554,32,39,45,50,54,61,88,7248,3621,1010,691,884,857,877,751,525,731,804,倍率参考式
腕力,182,666554,32,39,45,50,54,61,91,7248,3621,1010,698,857,851,897,731,585,698,791,倍率参考式
腕力,183,666554,32,39,45,50,54,61,93,7248,3621,1010,711,871,864,864,758,551,711,784,倍率参考式
腕力,184,666554,32,39,45,50,54,72,88,7248,3621,1010,631,857,904,917,718,551,678,804,倍率参考式
腕力,185,666554,32,39,45,50,54,72,91,7248,3621,1010,638,831,897,937,698,611,645,791,倍率参考式
腕力,186,666554,32,39,45,50,54,72,93,7248,3621,1010,651,844,911,904,724,578,658,784,倍率参考式
腕力,187,666554,32,39,45,50,57,61,88,7248,3621,1010,718,837,824,844,698,512,691,764,倍率参考式
腕力,188,666554,32,39,45,50,57,61,91,7248,3621,1010,724,811,817,864,678,571,658,751,倍率参考式
腕力,189,666554,32,39,45,50,57,61,93,7248,3621,1010,738,824,831,831,704,538,671,744,倍率参考式
腕力,190,666554,32,39,45,50,57,72,88,7248,3621,1010,658,811,871,884,665,538,638,764,倍率参考式
腕力,191,666554,32,39,45,50,57,72,91,7248,3621,1010,665,784,864,904,645,598,605,751,倍率参考式
腕力,192,666554,32,39,45,50,57,72,93,7248,3621,1010,678,798,877,871,671,565,618,744,倍率参考式
腕力,193,666554,32,39,45,50,61,72,88,7248,3621,1010,698,884,897,891,718,532,698,771,倍率参考式
腕力,194,666554,32,39,45,50,61,72,91,7248,3621,1010,704,857,891,911,698,591,665,758,倍率参考式
腕力,195,666554,32,39,45,50,61,72,93,7248,3621,1010,718,871,904,877,724,558,678,751,倍率参考式
腕力,196,666554,32,39,45,51,54,56,88,7248,3621,1010,665,844,877,911,691,525,625,784,倍率参考式
腕力,197,666554,32,39,45,51,54,56,91,7248,3621,1010,671,817,871,931,671,585,591,771,倍率参考式
腕力,198,666554,32,39,45,51,54,56,93,7248,3621,1010,684,831,884,897,698,551,605,764,倍率参考式
腕力,199,666554,32,39,45,51,54,57,79,7248,3621,1010,671,784,831,904,625,518,625,751,倍率参考式
腕力,200,666554,32,39,45,51,54,57,92,7248,3621,1010,671,778,831,891,638,485,625,724,倍率参考式
腕力,201,666554,32,39,45,51,54,61,79,7248,3621,1010,711,857,857,911,678,512,684,758,倍率参考式
腕力,202,666554,32,39,45,51,54,61,92,7248,3621,1010,711,851,857,897,691,478,684,731,倍率参考式
腕力,203,666554,32,39,45,51,54,65,88,7248,3621,1010,684,831,904,937,665,538,638,784,倍率参考式
腕力,204,666554,32,39,45,51,54,65,91,7248,3621,1010,691,804,897,957,645,598,605,771,倍率参考式
腕力,205,666554,32,39,45,51,54,65,93,7248,3621,1010,704,817,911,924,671,565,618,764,倍率参考式
腕力,206,666554,32,39,45,51,54,71,88,7248,3621,1010,711,817,877,924,724,498,638,764,倍率参考式
腕力,207,666554,32,39,45,51,54,71,91,7248,3621,1010,718,791,871,944,704,558,605,751,倍率参考式
腕力,208,666554,32,39,45,51,54,71,93,7248,3621,1010,731,804,884,911,731,525,618,744,倍率参考式
腕力,209,666554,32,39,45,51,54,72,79,7248,3621,1010,651,831,904,950,645,538,631,758,倍率参考式
腕力,210,666554,32,39,45,51,54,72,92,7248,3621,1010,651,824,904,937,658,505,631,731,倍率参考式
腕力,211,666554,32,39,45,51,56,57,88,7248,3621,1010,691,798,844,877,638,512,585,744,倍率参考式
腕力,212,666554,32,39,45,51,56,57,91,7248,3621,1010,698,771,837,897,618,571,551,731,倍率参考式
腕力,213,666554,32,39,45,51,56,57,93,7248,3621,1010,711,784,851,864,645,538,565,724,倍率参考式
腕力,214,666554,32,39,45,51,56,61,88,7248,3621,1010,731,871,871,884,691,505,645,751,倍率参考式
腕力,215,666554,32,39,45,51,56,61,91,7248,3621,1010,738,844,864,904,671,565,611,738,倍率参考式
腕力,216,666554,32,39,45,51,56,61,93,7248,3621,1010,751,857,877,871,698,532,625,731,倍率参考式
腕力,217,666554,32,39,45,51,56,72,88,7248,3621,1010,671,844,917,924,658,532,591,751,倍率参考式
腕力,218,666554,32,39,45,51,56,72,91,7248,3621,1010,678,817,911,944,638,591,558,738,倍率参考式
腕力,219,666554,32,39,45,51,56,72,93,7248,3621,1010,691,831,924,911,665,558,571,731,倍率参考式
腕力,220,666554,32,39,45,51,57,61,79,7248,3621,1010,738,811,824,877,625,498,645,718,倍率参考式
腕力,221,666554,32,39,45,51,57,61,92,7248,3621,1010,738,804,824,864,638,465,645,691,倍率参考式
腕力,222,666554,32,39,45,51,57,65,88,7248,3621,1010,711,784,871,904,611,525,598,744,倍率参考式
腕力,223,666554,32,39,45,51,57,65,91,7248,3621,1010,718,758,864,924,591,585,565,731,倍率参考式
腕力,224,666554,32,39,45,51,57,65,93,7248,3621,1010,731,771,877,891,618,551,578,724,倍率参考式
腕力,225,666554,32,39,45,51,57,71,88,7248,3621,1010,738,771,844,891,671,485,598,724,倍率参考式
腕力,226,666554,32,39,45,51,57,71,91,7248,3621,1010,744,744,837,911,651,545,565,711,倍率参考式
腕力,227,666554,32,39,45,51,57,71,93,7248,3621,1010,758,758,851,877,678,512,578,704,倍率参考式
腕力,228,666554,32,39,45,51,57,72,79,7248,3621,1010,678,784,871,917,591,525,591,718,倍率参考式
腕力,229,666554,32,39,45,51,57,72,92,7248,3621,1010,678,778,871,904,605,492,591,691,倍率参考式
腕力,230,666554,32,39,45,51,61,65,88,7248,3621,1010,751,857,897,911,665,518,658,751,倍率参考式
腕力,231,666554,32,39,45,51,61,65,91,7248,3621,1010,758,831,891,931,645,578,625,738,倍率参考式
腕力,232,666554,32,39,45,51,61,65,93,7248,3621,1010,771,844,904,897,671,545,638,731,倍率参考式
腕力,233,666554,32,39,45,51,61,71,88,7248,3621,1010,778,844,871,897,724,478,658,731,倍率参考式
腕力,234,666554,32,39,45,51,61,71,91,7248,3621,1010,784,817,864,917,704,538,625,718,倍率参考式
腕力,235,666554,32,39,45,51,61,71,93,7248,3621,1010,798,831,877,884,731,505,638,711,倍率参考式
腕力,236,666554,32,39,45,51,61,72,79,7248,3621,1010,718,857,897,924,645,518,651,724,倍率参考式
腕力,237,666554,32,39,45,51,61,72,92,7248,3621,1010,718,851,897,911,658,485,651,698,倍率参考式
腕力,238,666554,32,39,45,51,65,72,88,7248,3621,1010,691,831,944,950,631,545,605,751,倍率参考式
腕力,239,666554,32,39,45,51,65,72,91,7248,3621,1010,698,804,937,970,611,605,571,738,倍率参考式
腕力,240,666554,32,39,45,51,65,72,93,7248,3621,1010,711,817,950,937,638,571,585,731,倍率参考式
腕力,241,666554,32,39,45,51,71,72,88,7248,3621,1010,718,817,917,937,691,505,605,731,倍率参考式
腕力,242,666554,32,39,45,51,71,72,91,7248,3621,1010,724,791,911,957,671,565,571,718,倍率参考式
腕力,243,666554,32,39,45,51,71,72,93,7248,3621,1010,738,804,924,924,698,532,585,711,倍率参考式
腕力,244,666554,32,39,45,118,54,56,88,7248,3621,1010,631,911,877,904,744,525,605,877,倍率参考式
腕力,245,666554,32,39,45,118,54,56,91,7248,3621,1010,638,884,871,924,724,585,571,864,倍率参考式
腕力,246,666554,32,39,45,118,54,56,93,7248,3621,1010,651,897,884,891,751,551,585,857,倍率参考式
腕力,247,666554,32,39,45,118,54,57,79,7248,3621,1010,638,851,831,897,678,518,605,844,倍率参考式
腕力,248,666554,32,39,45,118,54,57,92,7248,3621,1010,638,844,831,884,691,485,605,817,倍率参考式
腕力,249,666554,32,39,45,118,54,61,79,7248,3621,1010,678,924,857,904,731,512,665,851,倍率参考式
腕力,250,666554,32,39,45,118,54,61,92,7248,3621,1010,678,917,857,891,744,478,665,824,倍率参考式
腕力,251,666554,32,39,45,118,54,65,88,7248,3621,1010,651,897,904,931,718,538,618,877,倍率参考式
腕力,252,666554,32,39,45,118,54,65,91,7248,3621,1010,658,871,897,950,698,598,585,864,倍率参考式
腕力,253,666554,32,39,45,118,54,65,93,7248,3621,1010,671,884,911,917,724,565,598,857,倍率参考式
腕力,254,666554,32,39,45,118,54,71,88,7248,3621,1010,678,884,877,917,778,498,618,857,倍率参考式
腕力,255,666554,32,39,45,118,54,71,91,7248,3621,1010,684,857,871,937,758,558,585,844,倍率参考式
腕力,256,666554,32,39,45,118,54,71,93,7248,3621,1010,698,871,884,904,784,525,598,837,倍率参考式
腕力,257,666554,32,39,45,118,54,72,79,7248,3621,1010,618,897,904,944,698,538,611,851,倍率参考式
腕力,258,666554,32,39,45,118,54,72,92,7248,3621,1010,618,891,904,931,711,505,611,824,倍率参考式
腕力,259,666554,32,39,45,118,56,57,88,7248,3621,1010,658,864,844,871,691,512,565,837,倍率参考式
腕力,260,666554,32,39,45,118,56,57,91,7248,3621,1010,665,837,837,891,671,571,532,824,倍率参考式
腕力,261,666554,32,39,45,118,56,57,93,7248,3621,1010,678,851,851,857,698,538,545,817,倍率参考式
腕力,262,666554,32,39,45,118,56,61,88,7248,3621,1010,698,937,871,877,744,505,625,844,倍率参考式
腕力,263,666554,32,39,45,118,56,61,91,7248,3621,1010,704,911,864,897,724,565,591,831,倍率参考式
腕力,264,666554,32,39,45,118,56,61,93,7248,3621,1010,718,924,877,864,751,532,605,824,倍率参考式
腕力,265,666554,32,39,45,118,56,72,88,7248,3621,1010,638,911,917,917,711,532,571,844,倍率参考式
腕力,266,666554,32,39,45,118,56,72,91,7248,3621,1010,645,884,911,937,691,591,538,831,倍率参考式
腕力,267,666554,32,39,45,118,56,72,93,7248,3621,1010,658,897,924,904,718,558,551,824,倍率参考式
腕力,268,666554,32,39,45,118,57,61,79,7248,3621,1010,704,877,824,871,678,498,625,811,倍率参考式
腕力,269,666554,32,39,45,118,57,61,92,7248,3621,1010,704,871,824,857,691,465,625,784,倍率参考式
腕力,270,666554,32,39,45,118,57,65,88,7248,3621,1010,678,851,871,897,665,525,578,837,倍率参考式
腕力,271,666554,32,39,45,118,57,65,91,7248,3621,1010,684,824,864,917,645,585,545,824,倍率参考式
腕力,272,666554,32,39,45,118,57,65,93,7248,3621,1010,698,837,877,884,671,551,558,817,倍率参考式
腕力,273,666554,32,39,45,118,57,71,88,7248,3621,1010,704,837,844,884,724,485,578,817,倍率参考式
腕力,274,666554,32,39,45,118,57,71,91,7248,3621,1010,711,811,837,904,704,545,545,804,倍率参考式
腕力,275,666554,32,39,45,118,57,71,93,7248,3621,1010,724,824,851,871,731,512,558,798,倍率参考式
腕力,276,666554,32,39,45,118,57,72,79,7248,3621,1010,645,851,871,911,645,525,571,811,倍率参考式
腕力,277,666554,32,39,45,118,57,72,92,7248,3621,1010,645,844,871,897,658,492,571,784,倍率参考式
腕力,278,666554,32,39,45,118,61,65,88,7248,3621,1010,718,924,897,904,718,518,638,844,倍率参考式
腕力,279,666554,32,39,45,118,61,65,91,7248,3621,1010,724,897,891,924,698,578,605,831,倍率参考式
腕力,280,666554,32,39,45,118,61,65,93,7248,3621,1010,738,911,904,891,724,545,618,824,倍率参考式
腕力,281,666554,32,39,45,118,61,71,88,7248,3621,1010,744,911,871,891,778,478,638,824,倍率参考式
腕力,282,666554,32,39,45,118,61,71,91,7248,3621,1010,751,884,864,911,758,538,605,811,倍率参考式
腕力,283,666554,32,39,45,118,61,71,93,7248,3621,1010,764,897,877,877,784,505,618,804,倍率参考式
腕力,284,666554,32,39,45,118,61,72,79,7248,3621,1010,684,924,897,917,698,518,631,817,倍率参考式
腕力,285,666554,32,39,45,118,61,72,92,7248,3621,1010,684,917,897,904,711,485,631,791,倍率参考式
腕力,286,666554,32,39,45,118,65,72,88,7248,3621,1010,658,897,944,944,684,545,585,844,倍率参考式
腕力,287,666554,32,39,45,118,65,72,91,7248,3621,1010,665,871,937,964,665,605,551,831,倍率参考式
腕力,288,666554,32,39,45,118,65,72,93,7248,3621,1010,678,884,950,931,691,571,565,824,倍率参考式
腕力,289,666554,32,39,45,118,71,72,88,7248,3621,1010,684,884,917,931,744,505,585,824,倍率参考式
腕力,290,666554,32,39,45,118,71,72,91,7248,3621,1010,691,857,911,950,724,565,551,811,倍率参考式
腕力,291,666554,32,39,45,118,71,72,93,7248,3621,1010,704,871,924,917,751,532,565,804,倍率参考式
腕力,292,666554,32,39,50,51,54,57,88,7248,3621,1010,704,744,837,871,625,551,671,724,倍率参考式
腕力,293,666554,32,39,50,51,54,57,91,7248,3621,1010,711,718,831,891,605,611,638,711,倍率参考式
腕力,294,666554,32,39,50,51,54,57,93,7248,3621,1010,724,731,844,857,631,578,651,704,倍率参考式
腕力,295,666554,32,39,50,51,54,61,88,7248,3621,1010,744,817,864,877,678,545,731,731,倍率参考式
腕力,296,666554,32,39,50,51,54,61,91,7248,3621,1010,751,791,857,897,658,605,698,718,倍率参考式
腕力,297,666554,32,39,50,51,54,61,93,7248,3621,1010,764,804,871,864,684,571,711,711,倍率参考式
腕力,298,666554,32,39,50,51,54,72,88,7248,3621,1010,684,791,911,917,645,571,678,731,倍率参考式
腕力,299,666554,32,39,50,51,54,72,91,7248,3621,1010,691,764,904,937,625,631,645,718,倍率参考式
腕力,300,666554,32,39,50,51,54,72,93,7248,3621,1010,704,778,917,904,651,598,658,711,倍率参考式
腕力,301,666554,32,39,50,51,57,61,88,7248,3621,1010,771,771,831,844,625,532,691,691,倍率参考式
腕力,302,666554,32,39,50,51,57,61,91,7248,3621,1010,778,744,824,864,605,591,658,678,倍率参考式
腕力,303,666554,32,39,50,51,57,61,93,7248,3621,1010,791,758,837,831,631,558,671,671,倍率参考式
腕力,304,666554,32,39,50,51,57,72,88,7248,3621,1010,711,744,877,884,591,558,638,691,倍率参考式
腕力,305,666554,32,39,50,51,57,72,91,7248,3621,1010,718,718,871,904,571,618,605,678,倍率参考式
腕力,306,666554,32,39,50,51,57,72,93,7248,3621,1010,731,731,884,871,598,585,618,671,倍率参考式
腕力,307,666554,32,39,50,51,61,72,88,7248,3621,1010,751,817,904,891,645,551,698,698,倍率参考式
腕力,308,666554,32,39,50,51,61,72,91,7248,3621,1010,758,791,897,911,625,611,665,684,倍率参考式
腕力,309,666554,32,39,50,51,61,72,93,7248,3621,1010,771,804,911,877,651,578,678,678,倍率参考式
腕力,310,666554,32,39,50,118,54,57,88,7248,3621,1010,671,811,837,864,678,551,651,817,倍率参考式
腕力,311,666554,32,39,50,118,54,57,91,7248,3621,1010,678,784,831,884,658,611,618,804,倍率参考式
腕力,312,666554,32,39,50,118,54,57,93,7248,3621,1010,691,798,844,851,684,578,631,798,倍率参考式
腕力,313,666554,32,39,50,118,54,61,88,7248,3621,1010,711,884,864,871,731,545,711,824,倍率参考式
腕力,314,666554,32,39,50,118,54,61,91,7248,3621,1010,718,857,857,891,711,605,678,811,倍率参考式
腕力,315,666554,32,39,50,118,54,61,93,7248,3621,1010,731,871,871,857,738,571,691,804,倍率参考式
腕力,316,666554,32,39,50,118,54,72,88,7248,3621,1010,651,857,911,911,698,571,658,824,倍率参考式
腕力,317,666554,32,39,50,118,54,72,91,7248,3621,1010,658,831,904,931,678,631,625,811,倍率参考式
腕力,318,666554,32,39,50,118,54,72,93,7248,3621,1010,671,844,917,897,704,598,638,804,倍率参考式
腕力,319,666554,32,39,50,118,57,61,88,7248,3621,1010,738,837,831,837,678,532,671,784,倍率参考式
腕力,320,666554,32,39,50,118,57,61,91,7248,3621,1010,744,811,824,857,658,591,638,771,倍率参考式
腕力,321,666554,32,39,50,118,57,61,93,7248,3621,1010,758,824,837,824,684,558,651,764,倍率参考式
腕力,322,666554,32,39,50,118,57,72,88,7248,3621,1010,678,811,877,877,645,558,618,784,倍率参考式
腕力,323,666554,32,39,50,118,57,72,91,7248,3621,1010,684,784,871,897,625,618,585,771,倍率参考式
腕力,324,666554,32,39,50,118,57,72,93,7248,3621,1010,698,798,884,864,651,585,598,764,倍率参考式
腕力,325,666554,32,39,50,118,61,72,88,7248,3621,1010,718,884,904,884,698,551,678,791,倍率参考式
腕力,326,666554,32,39,50,118,61,72,91,7248,3621,1010,724,857,897,904,678,611,645,778,倍率参考式
腕力,327,666554,32,39,50,118,61,72,93,7248,3621,1010,738,871,911,871,704,578,658,771,倍率参考式
腕力,328,666554,32,39,51,118,54,56,88,7248,3621,1010,684,844,884,904,671,545,605,804,倍率参考式
腕力,329,666554,32,39,51,118,54,56,91,7248,3621,1010,691,817,877,924,651,605,571,791,倍率参考式
腕力,330,666554,32,39,51,118,54,56,93,7248,3621,1010,704,831,891,891,678,571,585,784,倍率参考式
腕力,331,666554,32,39,51,118,54,57,79,7248,3621,1010,691,784,837,897,605,538,605,771,倍率参考式
腕力,332,666554,32,39,51,118,54,57,92,7248,3621,1010,691,778,837,884,618,505,605,744,倍率参考式
腕力,333,666554,32,39,51,118,54,61,79,7248,3621,1010,731,857,864,904,658,532,665,778,倍率参考式
腕力,334,666554,32,39,51,118,54,61,92,7248,3621,1010,731,851,864,891,671,498,665,751,倍率参考式
腕力,335,666554,32,39,51,118,54,65,88,7248,3621,1010,704,831,911,931,645,558,618,804,倍率参考式
腕力,336,666554,32,39,51,118,54,65,91,7248,3621,1010,711,804,904,950,625,618,585,791,倍率参考式
腕力,337,666554,32,39,51,118,54,65,93,7248,3621,1010,724,817,917,917,651,585,598,784,倍率参考式
腕力,338,666554,32,39,51,118,54,71,88,7248,3621,1010,731,817,884,917,704,518,618,784,倍率参考式
腕力,339,666554,32,39,51,118,54,71,91,7248,3621,1010,738,791,877,937,684,578,585,771,倍率参考式
腕力,340,666554,32,39,51,118,54,71,93,7248,3621,1010,751,804,891,904,711,545,598,764,倍率参考式
腕力,341,666554,32,39,51,118,54,72,79,7248,3621,1010,671,831,911,944,625,558,611,778,倍率参考式
腕力,342,666554,32,39,51,118,54,72,92,7248,3621,1010,671,824,911,931,638,525,611,751,倍率参考式
腕力,343,666554,32,39,51,118,56,57,88,7248,3621,1010,711,798,851,871,618,532,565,764,倍率参考式
腕力,344,666554,32,39,51,118,56,57,91,7248,3621,1010,718,771,844,891,598,591,532,751,倍率参考式
腕力,345,666554,32,39,51,118,56,57,93,7248,3621,1010,731,784,857,857,625,558,545,744,倍率参考式
腕力,346,666554,32,39,51,118,56,61,88,7248,3621,1010,751,871,877,877,671,525,625,771,倍率参考式
腕力,347,666554,32,39,51,118,56,61,91,7248,3621,1010,758,844,871,897,651,585,591,758,倍率参考式
腕力,348,666554,32,39,51,118,56,61,93,7248,3621,1010,771,857,884,864,678,551,605,751,倍率参考式
腕力,349,666554,32,39,51,118,56,72,88,7248,3621,1010,691,844,924,917,638,551,571,771,倍率参考式
腕力,350,666554,32,39,51,118,56,72,91,7248,3621,1010,698,817,917,937,618,611,538,758,倍率参考式
腕力,351,666554,32,39,51,118,56,72,93,7248,3621,1010,711,831,931,904,645,578,551,751,倍率参考式
腕力,352,666554,32,39,51,118,57,61,79,7248,3621,1010,758,811,831,871,605,518,625,738,倍率参考式
腕力,353,666554,32,39,51,118,57,61,92,7248,3621,1010,758,804,831,857,618,485,625,711,倍率参考式
腕力,354,666554,32,39,51,118,57,65,88,7248,3621,1010,731,784,877,897,591,545,578,764,倍率参考式
腕力,355,666554,32,39,51,118,57,65,91,7248,3621,1010,738,758,871,917,571,605,545,751,倍率参考式
腕力,356,666554,32,39,51,118,57,65,93,7248,3621,1010,751,771,884,884,598,571,558,744,倍率参考式
腕力,357,666554,32,39,51,118,57,71,88,7248,3621,1010,758,771,851,884,651,505,578,744,倍率参考式
腕力,358,666554,32,39,51,118,57,71,91,7248,3621,1010,764,744,844,904,631,565,545,731,倍率参考式
腕力,359,666554,32,39,51,118,57,71,93,7248,3621,1010,778,758,857,871,658,532,558,724,倍率参考式
腕力,360,666554,32,39,51,118,57,72,79,7248,3621,1010,698,784,877,911,571,545,571,738,倍率参考式
腕力,361,666554,32,39,51,118,57,72,92,7248,3621,1010,698,778,877,897,585,512,571,711,倍率参考式
腕力,362,666554,32,39,51,118,61,65,88,7248,3621,1010,771,857,904,904,645,538,638,771,倍率参考式
腕力,363,666554,32,39,51,118,61,65,91,7248,3621,1010,778,831,897,924,625,598,605,758,倍率参考式
腕力,364,666554,32,39,51,118,61,65,93,7248,3621,1010,791,844,911,891,651,565,618,751,倍率参考式
腕力,365,666554,32,39,51,118,61,71,88,7248,3621,1010,798,844,877,891,704,498,638,751,倍率参考式
腕力,366,666554,32,39,51,118,61,71,91,7248,3621,1010,804,817,871,911,684,558,605,738,倍率参考式
腕力,367,666554,32,39,51,118,61,71,93,7248,3621,1010,817,831,884,877,711,525,618,731,倍率参考式
腕力,368,666554,32,39,51,118,61,72,79,7248,3621,1010,738,857,904,917,625,538,631,744,倍率参考式
腕力,369,666554,32,39,51,118,61,72,92,7248,3621,1010,738,851,904,904,638,505,631,718,倍率参考式
腕力,370,666554,32,39,51,118,65,72,88,7248,3621,1010,711,831,950,944,611,565,585,771,倍率参考式
腕力,371,666554,32,39,51,118,65,72,91,7248,3621,1010,718,804,944,964,591,625,551,758,倍率参考式
腕力,372,666554,32,39,51,118,65,72,93,7248,3621,1010,731,817,957,931,618,591,565,751,倍率参考式
腕力,373,666554,32,39,51,118,71,72,88,7248,3621,1010,738,817,924,931,671,525,585,751,倍率参考式
腕力,374,666554,32,39,51,118,71,72,91,7248,3621,1010,744,791,917,950,651,585,551,738,倍率参考式
腕力,375,666554,32,39,51,118,71,72,93,7248,3621,1010,758,804,931,917,678,551,565,731,倍率参考式
腕力,376,666554,32,42,45,51,54,57,88,7248,3621,1010,771,704,811,844,731,538,585,631,倍率参考式
腕力,377,666554,32,42,45,51,54,57,91,7248,3621,1010,778,678,804,864,711,598,551,618,倍率参考式
腕力,378,666554,32,42,45,51,54,57,93,7248,3621,1010,791,691,817,831,738,565,565,611,倍率参考式
腕力,379,666554,32,42,45,51,54,61,88,7248,3621,1010,811,778,837,851,784,532,645,638,倍率参考式
腕力,380,666554,32,42,45,51,54,61,91,7248,3621,1010,817,751,831,871,764,591,611,625,倍率参考式
腕力,381,666554,32,42,45,51,54,61,93,7248,3621,1010,831,764,844,837,791,558,625,618,倍率参考式
腕力,382,666554,32,42,45,51,54,72,88,7248,3621,1010,751,751,884,891,751,558,591,638,倍率参考式
腕力,383,666554,32,42,45,51,54,72,91,7248,3621,1010,758,724,877,911,731,618,558,625,倍率参考式
腕力,384,666554,32,42,45,51,54,72,93,7248,3621,1010,771,738,891,877,758,585,571,618,倍率参考式
腕力,385,666554,32,42,45,51,57,61,88,7248,3621,1010,837,731,804,817,731,518,605,598,倍率参考式
腕力,386,666554,32,42,45,51,57,61,91,7248,3621,1010,844,704,798,837,711,578,571,585,倍率参考式
腕力,387,666554,32,42,45,51,57,61,93,7248,3621,1010,857,718,811,804,738,545,585,578,倍率参考式
腕力,388,666554,32,42,45,51,57,72,88,7248,3621,1010,778,704,851,857,698,545,551,598,倍率参考式
腕力,389,666554,32,42,45,51,57,72,91,7248,3621,1010,784,678,844,877,678,605,518,585,倍率参考式
腕力,390,666554,32,42,45,51,57,72,93,7248,3621,1010,798,691,857,844,704,571,532,578,倍率参考式
腕力,391,666554,32,42,45,51,61,72,88,7248,3621,1010,817,778,877,864,751,538,611,605,倍率参考式
腕力,392,666554,32,42,45,51,61,72,91,7248,3621,1010,824,751,871,884,731,598,578,591,倍率参考式
腕力,393,666554,32,42,45,51,61,72,93,7248,3621,1010,837,764,884,851,758,565,591,585,倍率参考式
腕力,394,666554,32,42,45,118,54,57,88,7248,3621,1010,738,771,811,837,784,538,565,724,倍率参考式
腕力,395,666554,32,42,45,118,54,57,91,7248,3621,1010,744,744,804,857,764,598,532,711,倍率参考式
腕力,396,666554,32,42,45,118,54,57,93,7248,3621,1010,758,758,817,824,791,565,545,704,倍率参考式
腕力,397,666554,32,42,45,118,54,61,88,7248,3621,1010,778,844,837,844,837,532,625,731,倍率参考式
腕力,398,666554,32,42,45,118,54,61,91,7248,3621,1010,784,817,831,864,817,591,591,718,倍率参考式
腕力,399,666554,32,42,45,118,54,61,93,7248,3621,1010,798,831,844,831,844,558,605,711,倍率参考式
腕力,400,666554,32,42,45,118,54,72,88,7248,3621,1010,718,817,884,884,804,558,571,731,倍率参考式
腕力,401,666554,32,42,45,118,54,72,91,7248,3621,1010,724,791,877,904,784,618,538,718,倍率参考式
腕力,402,666554,32,42,45,118,54,72,93,7248,3621,1010,738,804,891,871,811,585,551,711,倍率参考式
腕力,403,666554,32,42,45,118,57,61,88,7248,3621,1010,804,798,804,811,784,518,585,691,倍率参考式
腕力,404,666554,32,42,45,118,57,61,91,7248,3621,1010,811,771,798,831,764,578,551,678,倍率参考式
腕力,405,666554,32,42,45,118,57,61,93,7248,3621,1010,824,784,811,798,791,545,565,671,倍率参考式
腕力,406,666554,32,42,45,118,57,72,88,7248,3621,1010,744,771,851,851,751,545,532,691,倍率参考式
腕力,407,666554,32,42,45,118,57,72,91,7248,3621,1010,751,744,844,871,731,605,498,678,倍率参考式
腕力,408,666554,32,42,45,118,57,72,93,7248,3621,1010,764,758,857,837,758,571,512,671,倍率参考式
腕力,409,666554,32,42,45,118,61,72,88,7248,3621,1010,784,844,877,857,804,538,591,698,倍率参考式
腕力,410,666554,32,42,45,118,61,72,91,7248,3621,1010,791,817,871,877,784,598,558,684,倍率参考式
腕力,411,666554,32,42,45,118,61,72,93,7248,3621,1010,804,831,884,844,811,565,571,678,倍率参考式
腕力,412,666554,32,42,51,118,54,57,88,7248,3621,1010,791,704,817,837,711,558,565,651,倍率参考式
腕力,413,666554,32,42,51,118,54,57,91,7248,3621,1010,798,678,811,857,691,618,532,638,倍率参考式
腕力,414,666554,32,42,51,118,54,57,93,7248,3621,1010,811,691,824,824,718,585,545,631,倍率参考式
腕力,415,666554,32,42,51,118,54,61,88,7248,3621,1010,831,778,844,844,764,551,625,658,倍率参考式
腕力,416,666554,32,42,51,118,54,61,91,7248,3621,1010,837,751,837,864,744,611,591,645,倍率参考式
腕力,417,666554,32,42,51,118,54,61,93,7248,3621,1010,851,764,851,831,771,578,605,638,倍率参考式
腕力,418,666554,32,42,51,118,54,72,88,7248,3621,1010,771,751,891,884,731,578,571,658,倍率参考式
腕力,419,666554,32,42,51,118,54,72,91,7248,3621,1010,778,724,884,904,711,638,538,645,倍率参考式
腕力,420,666554,32,42,51,118,54,72,93,7248,3621,1010,791,738,897,871,738,605,551,638,倍率参考式
腕力,421,666554,32,42,51,118,57,61,88,7248,3621,1010,857,731,811,811,711,538,585,618,倍率参考式
腕力,422,666554,32,42,51,118,57,61,91,7248,3621,1010,864,704,804,831,691,598,551,605,倍率参考式
腕力,423,666554,32,42,51,118,57,61,93,7248,3621,1010,877,718,817,798,718,565,565,598,倍率参考式
腕力,424,666554,32,42,51,118,57,72,88,7248,3621,1010,798,704,857,851,678,565,532,618,倍率参考式
腕力,425,666554,32,42,51,118,57,72,91,7248,3621,1010,804,678,851,871,658,625,498,605,倍率参考式
腕力,426,666554,32,42,51,118,57,72,93,7248,3621,1010,817,691,864,837,684,591,512,598,倍率参考式
腕力,427,666554,32,42,51,118,61,72,88,7248,3621,1010,837,778,884,857,731,558,591,625,倍率参考式
腕力,428,666554,32,42,51,118,61,72,91,7248,3621,1010,844,751,877,877,711,618,558,611,倍率参考式
腕力,429,666554,32,42,51,118,61,72,93,7248,3621,1010,857,764,891,844,738,585,571,605,倍率参考式
腕力,430,666554,32,45,50,51,54,57,88,7248,3621,1010,738,744,864,871,718,551,638,704,倍率参考式
腕力,431,666554,32,45,50,51,54,57,91,7248,3621,1010,744,718,857,891,698,611,605,691,倍率参考式
腕力,432,666554,32,45,50,51,54,57,93,7248,3621,1010,758,731,871,857,724,578,618,684,倍率参考式
腕力,433,666554,32,45,50,51,54,61,88,7248,3621,1010,778,817,891,877,771,545,698,711,倍率参考式
腕力,434,666554,32,45,50,51,54,61,91,7248,3621,1010,784,791,884,897,751,605,665,698,倍率参考式
腕力,435,666554,32,45,50,51,54,61,93,7248,3621,1010,798,804,897,864,778,571,678,691,倍率参考式
腕力,436,666554,32,45,50,51,54,72,88,7248,3621,1010,718,791,937,917,738,571,645,711,倍率参考式
腕力,437,666554,32,45,50,51,54,72,91,7248,3621,1010,724,764,931,937,718,631,611,698,倍率参考式
腕力,438,666554,32,45,50,51,54,72,93,7248,3621,1010,738,778,944,904,744,598,625,691,倍率参考式
腕力,439,666554,32,45,50,51,57,61,88,7248,3621,1010,804,771,857,844,718,532,658,671,倍率参考式
腕力,440,666554,32,45,50,51,57,61,91,7248,3621,1010,811,744,851,864,698,591,625,658,倍率参考式
腕力,441,666554,32,45,50,51,57,61,93,7248,3621,1010,824,758,864,831,724,558,638,651,倍率参考式
腕力,442,666554,32,45,50,51,57,72,88,7248,3621,1010,744,744,904,884,684,558,605,671,倍率参考式
腕力,443,666554,32,45,50,51,57,72,91,7248,3621,1010,751,718,897,904,665,618,571,658,倍率参考式
腕力,444,666554,32,45,50,51,57,72,93,7248,3621,1010,764,731,911,871,691,585,585,651,倍率参考式
腕力,445,666554,32,45,50,51,61,72,88,7248,3621,1010,784,817,931,891,738,551,665,678,倍率参考式
腕力,446,666554,32,45,50,51,61,72,91,7248,3621,1010,791,791,924,911,718,611,631,665,倍率参考式
腕力,447,666554,32,45,50,51,61,72,93,7248,3621,1010,804,804,937,877,744,578,645,658,倍率参考式
腕力,448,666554,32,45,50,118,54,57,88,7248,3621,1010,704,811,864,864,771,551,618,798,倍率参考式
腕力,449,666554,32,45,50,118,54,57,91,7248,3621,1010,711,784,857,884,751,611,585,784,倍率参考式
腕力,450,666554,32,45,50,118,54,57,93,7248,3621,1010,724,798,871,851,778,578,598,778,倍率参考式
腕力,451,666554,32,45,50,118,54,61,88,7248,3621,1010,744,884,891,871,824,545,678,804,倍率参考式
腕力,452,666554,32,45,50,118,54,61,91,7248,3621,1010,751,857,884,891,804,605,645,791,倍率参考式
腕力,453,666554,32,45,50,118,54,61,93,7248,3621,1010,764,871,897,857,831,571,658,784,倍率参考式
腕力,454,666554,32,45,50,118,54,72,88,7248,3621,1010,684,857,937,911,791,571,625,804,倍率参考式
腕力,455,666554,32,45,50,118,54,72,91,7248,3621,1010,691,831,931,931,771,631,591,791,倍率参考式
腕力,456,666554,32,45,50,118,54,72,93,7248,3621,1010,704,844,944,897,798,598,605,784,倍率参考式
腕力,457,666554,32,45,50,118,57,61,88,7248,3621,1010,771,837,857,837,771,532,638,764,倍率参考式
腕力,458,666554,32,45,50,118,57,61,91,7248,3621,1010,778,811,851,857,751,591,605,751,倍率参考式
腕力,459,666554,32,45,50,118,57,61,93,7248,3621,1010,791,824,864,824,778,558,618,744,倍率参考式
腕力,460,666554,32,45,50,118,57,72,88,7248,3621,1010,711,811,904,877,738,558,585,764,倍率参考式
腕力,461,666554,32,45,50,118,57,72,91,7248,3621,1010,718,784,897,897,718,618,551,751,倍率参考式
腕力,462,666554,32,45,50,118,57,72,93,7248,3621,1010,731,798,911,864,744,585,565,744,倍率参考式
腕力,463,666554,32,45,50,118,61,72,88,7248,3621,1010,751,884,931,884,791,551,645,771,倍率参考式
腕力,464,666554,32,45,50,118,61,72,91,7248,3621,1010,758,857,924,904,771,611,611,758,倍率参考式
腕力,465,666554,32,45,50,118,61,72,93,7248,3621,1010,771,871,937,871,798,578,625,751,倍率参考式
腕力,466,666554,32,45,51,118,54,56,88,7248,3621,1010,718,844,911,904,764,545,571,784,倍率参考式
腕力,467,666554,32,45,51,118,54,56,91,7248,3621,1010,724,817,904,924,744,605,538,771,倍率参考式
腕力,468,666554,32,45,51,118,54,56,93,7248,3621,1010,738,831,917,891,771,571,551,764,倍率参考式
腕力,469,666554,32,45,51,118,54,57,79,7248,3621,1010,724,784,864,897,698,538,571,751,倍率参考式
腕力,470,666554,32,45,51,118,54,57,92,7248,3621,1010,724,778,864,884,711,505,571,724,倍率参考式
腕力,471,666554,32,45,51,118,54,61,79,7248,3621,1010,764,857,891,904,751,532,631,758,倍率参考式
腕力,472,666554,32,45,51,118,54,61,92,7248,3621,1010,764,851,891,891,764,498,631,731,倍率参考式
腕力,473,666554,32,45,51,118,54,65,88,7248,3621,1010,738,831,937,931,738,558,585,784,倍率参考式
腕力,474,666554,32,45,51,118,54,65,91,7248,3621,1010,744,804,931,950,718,618,551,771,倍率参考式
腕力,475,666554,32,45,51,118,54,65,93,7248,3621,1010,758,817,944,917,744,585,565,764,倍率参考式
腕力,476,666554,32,45,51,118,54,71,88,7248,3621,1010,764,817,911,917,798,518,585,764,倍率参考式
腕力,477,666554,32,45,51,118,54,71,91,7248,3621,1010,771,791,904,937,778,578,551,751,倍率参考式
腕力,478,666554,32,45,51,118,54,71,93,7248,3621,1010,784,804,917,904,804,545,565,744,倍率参考式
腕力,479,666554,32,45,51,118,54,72,79,7248,3621,1010,704,831,937,944,718,558,578,758,倍率参考式
腕力,480,666554,32,45,51,118,54,72,92,7248,3621,1010,704,824,937,931,731,525,578,731,倍率参考式
腕力,481,666554,32,45,51,118,56,57,88,7248,3621,1010,744,798,877,871,711,532,532,744,倍率参考式
腕力,482,666554,32,45,51,118,56,57,91,7248,3621,1010,751,771,871,891,691,591,498,731,倍率参考式
腕力,483,666554,32,45,51,118,56,57,93,7248,3621,1010,764,784,884,857,718,558,512,724,倍率参考式
腕力,484,666554,32,45,51,118,56,61,88,7248,3621,1010,784,871,904,877,764,525,591,751,倍率参考式
腕力,485,666554,32,45,51,118,56,61,91,7248,3621,1010,791,844,897,897,744,585,558,738,倍率参考式
腕力,486,666554,32,45,51,118,56,61,93,7248,3621,1010,804,857,911,864,771,551,571,731,倍率参考式
腕力,487,666554,32,45,51,118,56,72,88,7248,3621,1010,724,844,950,917,731,551,538,751,倍率参考式
腕力,488,666554,32,45,51,118,56,72,91,7248,3621,1010,731,817,944,937,711,611,505,738,倍率参考式
腕力,489,666554,32,45,51,118,56,72,93,7248,3621,1010,744,831,957,904,738,578,518,731,倍率参考式
腕力,490,666554,32,45,51,118,57,61,79,7248,3621,1010,791,811,857,871,698,518,591,718,倍率参考式
腕力,491,666554,32,45,51,118,57,61,92,7248,3621,1010,791,804,857,857,711,485,591,691,倍率参考式
腕力,492,666554,32,45,51,118,57,65,88,7248,3621,1010,764,784,904,897,684,545,545,744,倍率参考式
腕力,493,666554,32,45,51,118,57,65,91,7248,3621,1010,771,758,897,917,665,605,512,731,倍率参考式
腕力,494,666554,32,45,51,118,57,65,93,7248,3621,1010,784,771,911,884,691,571,525,724,倍率参考式
腕力,495,666554,32,45,51,118,57,71,88,7248,3621,1010,791,771,877,884,744,505,545,724,倍率参考式
腕力,496,666554,32,45,51,118,57,71,91,7248,3621,1010,798,744,871,904,724,565,512,711,倍率参考式
腕力,497,666554,32,45,51,118,57,71,93,7248,3621,1010,811,758,884,871,751,532,525,704,倍率参考式
腕力,498,666554,32,45,51,118,57,72,79,7248,3621,1010,731,784,904,911,665,545,538,718,倍率参考式
腕力,499,666554,32,45,51,118,57,72,92,7248,3621,1010,731,778,904,897,678,512,538,691,倍率参考式
腕力,500,666554,32,45,51,118,61,65,88,7248,3621,1010,804,857,931,904,738,538,605,751,倍率参考式
耐久力,1,766643,32,25,42,48,51,93,97,7254,3623,911,964,618,817,864,764,651,618,591,倍率参考式
耐久力,2,766643,32,38,42,48,51,93,97,7254,3623,917,964,591,837,857,698,638,558,684,倍率参考式
耐久力,3,766643,32,25,42,48,51,93,100,7254,3623,911,957,658,831,851,771,618,631,578,倍率参考式
耐久力,4,766643,32,25,42,48,51,93,101,7254,3623,904,957,631,837,837,744,618,651,578,倍率参考式
耐久力,5,766643,32,38,42,48,51,93,100,7254,3623,917,957,631,851,844,704,605,571,671,倍率参考式
耐久力,6,766643,32,38,42,48,51,93,101,7254,3623,911,957,605,857,831,678,605,591,671,倍率参考式
耐久力,7,866543,32,3,42,48,61,93,97,7068,3532,917,957,699,785,785,825,752,673,653,倍率参考式
耐久力,8,866543,32,3,42,51,61,93,97,7068,3532,1003,957,699,831,858,752,726,660,600,倍率参考式
耐久力,9,866543,32,3,48,51,61,93,97,7068,3532,924,957,712,844,818,759,712,673,673,倍率参考式
耐久力,10,866543,32,8,42,48,61,93,97,7068,3532,891,957,699,811,759,851,712,607,653,倍率参考式
耐久力,11,866543,32,8,42,51,61,93,97,7068,3532,976,957,699,858,831,778,686,594,600,倍率参考式
耐久力,12,866543,32,8,48,51,61,93,97,7068,3532,897,957,712,871,792,785,673,607,673,倍率参考式
耐久力,13,866543,32,13,42,48,61,93,97,7068,3532,917,957,673,811,798,825,686,673,640,倍率参考式
耐久力,14,866543,32,13,42,51,61,93,97,7068,3532,1003,957,673,858,871,752,660,660,587,倍率参考式
耐久力,15,866543,32,13,48,51,61,93,97,7068,3532,924,957,686,871,831,759,646,673,660,倍率参考式
耐久力,16,866543,32,14,42,48,61,93,97,7068,3532,917,957,712,811,798,811,752,660,679,倍率参考式
耐久力,17,866543,32,14,42,51,61,93,97,7068,3532,1003,957,712,858,871,739,726,646,627,倍率参考式
耐久力,18,866543,32,14,48,51,61,93,97,7068,3532,924,957,726,871,831,745,712,660,699,倍率参考式
耐久力,19,866543,32,20,42,48,61,93,97,7068,3532,917,957,712,811,798,851,712,699,666,倍率参考式
耐久力,20,866543,32,20,42,51,61,93,97,7068,3532,1003,957,712,858,871,778,686,686,613,倍率参考式
耐久力,21,866543,32,20,48,51,61,93,97,7068,3532,924,957,726,871,831,785,673,699,686,倍率参考式
耐久力,22,866543,32,23,42,48,61,93,97,7068,3532,917,957,620,811,798,891,752,660,627,倍率参考式
耐久力,23,866543,32,23,42,51,61,93,97,7068,3532,1003,957,620,858,871,818,726,646,574,倍率参考式
耐久力,24,866543,32,23,48,51,61,93,97,7068,3532,924,957,633,871,831,825,712,660,646,倍率参考式
耐久力,25,866633,32,3,42,48,51,97,100,7073,3534,917,957,679,838,877,772,739,627,646,倍率参考式
耐久力,26,866633,32,3,42,48,51,97,101,7073,3534,910,957,653,844,864,745,739,646,646,倍率参考式
耐久力,27,866633,32,8,42,48,51,97,100,7073,3534,891,957,679,864,851,798,699,561,646,倍率参考式
耐久力,28,866633,32,8,42,48,51,97,101,7073,3534,884,957,653,871,838,772,699,580,646,倍率参考式
耐久力,29,866633,32,13,42,48,51,97,100,7073,3534,917,957,653,864,891,772,673,627,633,倍率参考式
耐久力,30,866633,32,13,42,48,51,97,101,7073,3534,910,957,627,871,877,745,673,646,633,倍率参考式
耐久力,31,866633,32,14,42,48,51,97,100,7073,3534,917,957,693,864,891,759,739,613,673,倍率参考式
耐久力,32,866633,32,14,42,48,51,97,101,7073,3534,910,957,666,871,877,732,739,633,673,倍率参考式
耐久力,33,866633,32,20,42,48,51,97,100,7073,3534,917,957,693,864,891,798,699,653,660,倍率参考式
耐久力,34,866633,32,20,42,48,51,97,101,7073,3534,910,957,666,871,877,772,699,673,660,倍率参考式
耐久力,35,866633,32,23,42,48,51,97,100,7073,3534,917,957,600,864,891,838,739,613,620,倍率参考式
耐久力,36,866633,32,23,42,48,51,97,101,7073,3534,910,957,574,871,877,811,739,633,620,倍率参考式
耐久力,37,886433,32,3,8,42,93,97,100,6887,3442,969,956,713,858,864,818,818,622,674,倍率参考式
耐久力,38,886433,32,3,8,42,93,97,101,6887,3442,962,956,687,864,851,792,818,641,674,倍率参考式
耐久力,39,886433,32,3,8,48,93,97,100,6887,3442,890,956,727,871,825,825,805,635,746,倍率参考式
耐久力,40,886433,32,3,8,48,93,97,101,6887,3442,884,956,700,877,812,799,805,655,746,倍率参考式
耐久力,41,886433,32,3,8,51,93,97,100,6887,3442,975,956,727,917,897,753,779,622,694,倍率参考式
耐久力,42,886433,32,3,8,51,93,97,101,6887,3442,969,956,700,923,884,727,779,641,694,倍率参考式
耐久力,43,886433,32,3,13,42,93,97,100,6887,3442,995,956,687,858,903,792,792,687,661,倍率参考式
耐久力,44,886433,32,3,13,42,93,97,101,6887,3442,989,956,661,864,890,766,792,707,661,倍率参考式
耐久力,45,886433,32,3,13,48,93,97,100,6887,3442,917,956,700,871,864,799,779,700,733,倍率参考式
耐久力,46,886433,32,3,13,48,93,97,101,6887,3442,910,956,674,877,851,772,779,720,733,倍率参考式
耐久力,47,886433,32,3,13,51,93,97,100,6887,3442,1002,956,700,917,936,727,753,687,681,倍率参考式
耐久力,48,886433,32,3,13,51,93,97,101,6887,3442,995,956,674,923,923,700,753,707,681,倍率参考式
耐久力,49,886433,32,3,14,42,93,97,100,6887,3442,995,956,727,858,903,779,858,674,700,倍率参考式
耐久力,50,886433,32,3,14,42,93,97,101,6887,3442,989,956,700,864,890,753,858,694,700,倍率参考式
耐久力,51,886433,32,3,14,48,93,97,100,6887,3442,917,956,740,871,864,786,844,687,772,倍率参考式
耐久力,52,886433,32,3,14,48,93,97,101,6887,3442,910,956,713,877,851,759,844,707,772,倍率参考式
耐久力,53,886433,32,3,14,51,93,97,100,6887,3442,1002,956,740,917,936,713,818,674,720,倍率参考式
耐久力,54,886433,32,3,14,51,93,97,101,6887,3442,995,956,713,923,923,687,818,694,720,倍率参考式
耐久力,55,886433,32,3,20,42,93,97,100,6887,3442,995,956,727,858,903,818,818,713,687,倍率参考式
耐久力,56,886433,32,3,20,42,93,97,101,6887,3442,989,956,700,864,890,792,818,733,687,倍率参考式
耐久力,57,886433,32,3,20,48,93,97,100,6887,3442,917,956,740,871,864,825,805,727,759,倍率参考式
耐久力,58,886433,32,3,20,48,93,97,101,6887,3442,910,956,713,877,851,799,805,746,759,倍率参考式
耐久力,59,886433,32,3,20,51,93,97,100,6887,3442,1002,956,740,917,936,753,779,713,707,倍率参考式
耐久力,60,886433,32,3,20,51,93,97,101,6887,3442,995,956,713,923,923,727,779,733,707,倍率参考式
耐久力,61,886433,32,3,23,42,93,97,100,6887,3442,995,956,635,858,903,858,858,674,648,倍率参考式
耐久力,62,886433,32,3,23,42,93,97,101,6887,3442,989,956,609,864,890,831,858,694,648,倍率参考式
耐久力,63,886433,32,3,23,48,93,97,100,6887,3442,917,956,648,871,864,864,844,687,720,倍率参考式
耐久力,64,886433,32,3,23,48,93,97,101,6887,3442,910,956,622,877,851,838,844,707,720,倍率参考式
耐久力,65,886433,32,3,23,51,93,97,100,6887,3442,1002,956,648,917,936,792,818,674,668,倍率参考式
耐久力,66,886433,32,3,23,51,93,97,101,6887,3442,995,956,622,923,923,766,818,694,668,倍率参考式
耐久力,67,886433,32,8,13,42,93,97,100,6887,3442,969,956,687,884,877,818,753,622,661,倍率参考式
耐久力,68,886433,32,8,13,42,93,97,101,6887,3442,962,956,661,890,864,792,753,641,661,倍率参考式
耐久力,69,886433,32,8,13,48,93,97,100,6887,3442,890,956,700,897,838,825,740,635,733,倍率参考式
耐久力,70,886433,32,8,13,48,93,97,101,6887,3442,884,956,674,903,825,799,740,655,733,倍率参考式
耐久力,71,886433,32,8,13,51,93,97,100,6887,3442,975,956,700,943,910,753,713,622,681,倍率参考式
耐久力,72,886433,32,8,13,51,93,97,101,6887,3442,969,956,674,949,897,727,713,641,681,倍率参考式
耐久力,73,886433,32,8,14,42,93,97,100,6887,3442,969,956,727,884,877,805,818,609,700,倍率参考式
耐久力,74,886433,32,8,14,42,93,97,101,6887,3442,962,956,700,890,864,779,818,628,700,倍率参考式
耐久力,75,886433,32,8,14,48,93,97,100,6887,3442,890,956,740,897,838,812,805,622,772,倍率参考式
耐久力,76,886433,32,8,14,48,93,97,101,6887,3442,884,956,713,903,825,786,805,641,772,倍率参考式
耐久力,77,886433,32,8,14,51,93,97,100,6887,3442,975,956,740,943,910,740,779,609,720,倍率参考式
耐久力,78,886433,32,8,14,51,93,97,101,6887,3442,969,956,713,949,897,713,779,628,720,倍率参考式
耐久力,79,886433,32,8,20,42,93,97,100,6887,3442,969,956,727,884,877,844,779,648,687,倍率参考式
耐久力,80,886433,32,8,20,42,93,97,101,6887,3442,962,956,700,890,864,818,779,668,687,倍率参考式
耐久力,81,886433,32,8,20,48,93,97,100,6887,3442,890,956,740,897,838,851,766,661,759,倍率参考式
耐久力,82,886433,32,8,20,48,93,97,101,6887,3442,884,956,713,903,825,825,766,681,759,倍率参考式
耐久力,83,886433,32,8,20,51,93,97,100,6887,3442,975,956,740,943,910,779,740,648,707,倍率参考式
耐久力,84,886433,32,8,20,51,93,97,101,6887,3442,969,956,713,949,897,753,740,668,707,倍率参考式
耐久力,85,886433,32,8,23,42,93,97,100,6887,3442,969,956,635,884,877,884,818,609,648,倍率参考式
耐久力,86,886433,32,8,23,42,93,97,101,6887,3442,962,956,609,890,864,858,818,628,648,倍率参考式
耐久力,87,886433,32,8,23,48,93,97,100,6887,3442,890,956,648,897,838,890,805,622,720,倍率参考式
耐久力,88,886433,32,8,23,48,93,97,101,6887,3442,884,956,622,903,825,864,805,641,720,倍率参考式
耐久力,89,886433,32,8,23,51,93,97,100,6887,3442,975,956,648,943,910,818,779,609,668,倍率参考式
耐久力,90,886433,32,8,23,51,93,97,101,6887,3442,969,956,622,949,897,792,779,628,668,倍率参考式
耐久力,91,886433,32,13,14,42,93,97,100,6887,3442,995,956,700,884,917,779,792,674,687,倍率参考式
耐久力,92,886433,32,13,14,42,93,97,101,6887,3442,989,956,674,890,903,753,792,694,687,倍率参考式
耐久力,93,886433,32,13,14,48,93,97,100,6887,3442,917,956,713,897,877,786,779,687,759,倍率参考式
耐久力,94,886433,32,13,14,48,93,97,101,6887,3442,910,956,687,903,864,759,779,707,759,倍率参考式
耐久力,95,886433,32,13,14,51,93,97,100,6887,3442,1002,956,713,943,949,713,753,674,707,倍率参考式
耐久力,96,886433,32,13,14,51,93,97,101,6887,3442,995,956,687,949,936,687,753,694,707,倍率参考式
耐久力,97,886433,32,13,20,42,93,97,100,6887,3442,995,956,700,884,917,818,753,713,674,倍率参考式
耐久力,98,886433,32,13,20,42,93,97,101,6887,3442,989,956,674,890,903,792,753,733,674,倍率参考式
耐久力,99,886433,32,13,20,48,93,97,100,6887,3442,917,956,713,897,877,825,740,727,746,倍率参考式
耐久力,100,886433,32,13,20,48,93,97,101,6887,3442,910,956,687,903,864,799,740,746,746,倍率参考式
耐久力,101,886433,32,13,20,51,93,97,100,6887,3442,1002,956,713,943,949,753,713,713,694,倍率参考式
耐久力,102,886433,32,13,20,51,93,97,101,6887,3442,995,956,687,949,936,727,713,733,694,倍率参考式
耐久力,103,886433,32,13,23,42,93,97,100,6887,3442,995,956,609,884,917,858,792,674,635,倍率参考式
耐久力,104,886433,32,13,23,42,93,97,101,6887,3442,989,956,582,890,903,831,792,694,635,倍率参考式
耐久力,105,886433,32,13,23,48,93,97,100,6887,3442,917,956,622,897,877,864,779,687,707,倍率参考式
耐久力,106,886433,32,13,23,48,93,97,101,6887,3442,910,956,596,903,864,838,779,707,707,倍率参考式
耐久力,107,886433,32,13,23,51,93,97,100,6887,3442,1002,956,622,943,949,792,753,674,655,倍率参考式
耐久力,108,886433,32,13,23,51,93,97,101,6887,3442,995,956,596,949,936,766,753,694,655,倍率参考式
耐久力,109,886433,32,14,20,42,93,97,100,6887,3442,995,956,740,884,917,805,818,700,713,倍率参考式
耐久力,110,886433,32,14,20,42,93,97,101,6887,3442,989,956,713,890,903,779,818,720,713,倍率参考式
耐久力,111,886433,32,14,20,48,93,97,100,6887,3442,917,956,753,897,877,812,805,713,786,倍率参考式
耐久力,112,886433,32,14,20,48,93,97,101,6887,3442,910,956,727,903,864,786,805,733,786,倍率参考式
耐久力,113,886433,32,14,20,51,93,97,100,6887,3442,1002,956,753,943,949,740,779,700,733,倍率参考式
耐久力,114,886433,32,14,20,51,93,97,101,6887,3442,995,956,727,949,936,713,779,720,733,倍率参考式
耐久力,115,886433,32,14,23,42,93,97,100,6887,3442,995,956,648,884,917,844,858,661,674,倍率参考式
耐久力,116,886433,32,14,23,42,93,97,101,6887,3442,989,956,622,890,903,818,858,681,674,倍率参考式
耐久力,117,886433,32,14,23,48,93,97,100,6887,3442,917,956,661,897,877,851,844,674,746,倍率参考式
耐久力,118,886433,32,14,23,48,93,97,101,6887,3442,910,956,635,903,864,825,844,694,746,倍率参考式
耐久力,119,886433,32,14,23,51,93,97,100,6887,3442,1002,956,661,943,949,779,818,661,694,倍率参考式
耐久力,120,886433,32,14,23,51,93,97,101,6887,3442,995,956,635,949,936,753,818,681,694,倍率参考式
耐久力,121,886433,32,20,23,42,93,97,100,6887,3442,995,956,648,884,917,884,818,700,661,倍率参考式
耐久力,122,886433,32,20,23,42,93,97,101,6887,3442,989,956,622,890,903,858,818,720,661,倍率参考式
耐久力,123,886433,32,20,23,48,93,97,100,6887,3442,917,956,661,897,877,890,805,713,733,倍率参考式
耐久力,124,886433,32,20,23,48,93,97,101,6887,3442,910,956,635,903,864,864,805,733,733,倍率参考式
耐久力,125,886433,32,20,23,51,93,97,100,6887,3442,1002,956,661,943,949,818,779,700,681,倍率参考式
耐久力,126,886433,32,20,23,51,93,97,101,6887,3442,995,956,635,949,936,792,779,720,681,倍率参考式
耐久力,127,766643,32,25,42,48,51,75,97,7254,3623,884,950,605,784,871,784,631,638,585,倍率参考式
耐久力,128,766643,32,25,42,48,51,85,97,7254,3623,871,950,618,837,904,731,645,611,585,倍率参考式
耐久力,129,766643,32,25,42,48,51,91,97,7254,3623,911,950,605,804,897,738,684,605,598,倍率参考式
耐久力,130,766643,32,25,42,48,51,93,99,7254,3623,884,950,638,831,857,764,631,605,571,倍率参考式
耐久力,131,766643,32,25,42,48,51,93,102,7254,3623,904,950,651,817,851,744,645,618,598,倍率参考式
耐久力,132,766643,32,25,42,48,51,93,104,7254,3623,884,950,651,844,857,764,638,638,605,倍率参考式
耐久力,133,766643,32,25,42,48,51,93,106,7254,3623,897,950,658,837,857,744,651,605,598,倍率参考式
耐久力,134,766643,32,25,42,48,51,93,113,7254,3623,884,950,645,817,857,758,638,638,591,倍率参考式
耐久力,135,766643,32,26,42,48,51,93,97,7254,3623,917,950,625,791,864,751,651,585,591,倍率参考式
耐久力,136,766643,32,38,42,48,51,75,97,7254,3623,891,950,578,804,864,718,618,578,678,倍率参考式
耐久力,137,766643,32,38,42,48,51,85,97,7254,3623,877,950,591,857,897,665,631,551,678,倍率参考式
耐久力,138,766643,32,38,42,48,51,91,97,7254,3623,917,950,578,824,891,671,671,545,691,倍率参考式
耐久力,139,766643,32,38,42,48,51,93,99,7254,3623,891,950,611,851,851,698,618,545,665,倍率参考式
耐久力,140,766643,32,38,42,48,51,93,102,7254,3623,911,950,625,837,844,678,631,558,691,倍率参考式
耐久力,141,766643,32,38,42,48,51,93,104,7254,3623,891,950,625,864,851,698,625,578,698,倍率参考式
耐久力,142,766643,32,38,42,48,51,93,106,7254,3623,904,950,631,857,851,678,638,545,691,倍率参考式
耐久力,143,766643,32,38,42,48,51,93,113,7254,3623,891,950,618,837,851,691,625,578,684,倍率参考式
耐久力,144,866444,32,3,42,48,75,85,93,7254,3625,851,950,678,804,817,824,764,665,651,倍率参考式
耐久力,145,866444,32,3,42,48,75,91,93,7254,3625,891,950,665,771,811,831,804,658,665,倍率参考式
耐久力,146,866444,32,3,42,48,85,91,93,7254,3625,877,950,678,824,844,778,817,631,665,倍率参考式
耐久力,147,866444,32,3,42,51,75,85,93,7254,3625,937,950,678,851,891,751,738,651,598,倍率参考式
耐久力,148,866444,32,3,42,51,75,91,93,7254,3625,977,950,665,817,884,758,778,645,611,倍率参考式
耐久力,149,866444,32,3,42,51,85,91,93,7254,3625,964,950,678,871,917,704,791,618,611,倍率参考式
耐久力,150,866444,32,3,48,51,75,85,93,7254,3625,857,950,691,864,851,758,724,665,671,倍率参考式
耐久力,151,866444,32,3,48,51,75,91,93,7254,3625,897,950,678,831,844,764,764,658,684,倍率参考式
耐久力,152,866444,32,3,48,51,85,91,93,7254,3625,884,950,691,884,877,711,778,631,684,倍率参考式
耐久力,153,866444,32,8,42,48,75,85,93,7254,3625,824,950,678,831,791,851,724,598,651,倍率参考式
耐久力,154,866444,32,8,42,48,75,91,93,7254,3625,864,950,665,798,784,857,764,591,665,倍率参考式
耐久力,155,866444,32,8,42,48,85,91,93,7254,3625,851,950,678,851,817,804,778,565,665,倍率参考式
耐久力,156,866444,32,8,42,51,75,85,93,7254,3625,911,950,678,877,864,778,698,585,598,倍率参考式
耐久力,157,866444,32,8,42,51,75,91,93,7254,3625,950,950,665,844,857,784,738,578,611,倍率参考式
耐久力,158,866444,32,8,42,51,85,91,93,7254,3625,937,950,678,897,891,731,751,551,611,倍率参考式
耐久力,159,866444,32,8,48,51,75,85,93,7254,3625,831,950,691,891,824,784,684,598,671,倍率参考式
耐久力,160,866444,32,8,48,51,75,91,93,7254,3625,871,950,678,857,817,791,724,591,684,倍率参考式
耐久力,161,866444,32,8,48,51,85,91,93,7254,3625,857,950,691,911,851,738,738,565,684,倍率参考式
耐久力,162,866444,32,13,42,48,75,85,93,7254,3625,851,950,651,831,831,824,698,665,638,倍率参考式
耐久力,163,866444,32,13,42,48,75,91,93,7254,3625,891,950,638,798,824,831,738,658,651,倍率参考式
耐久力,164,866444,32,13,42,48,85,91,93,7254,3625,877,950,651,851,857,778,751,631,651,倍率参考式
耐久力,165,866444,32,13,42,51,75,85,93,7254,3625,937,950,651,877,904,751,671,651,585,倍率参考式
耐久力,166,866444,32,13,42,51,75,91,93,7254,3625,977,950,638,844,897,758,711,645,598,倍率参考式
耐久力,167,866444,32,13,42,51,85,91,93,7254,3625,964,950,651,897,931,704,724,618,598,倍率参考式
耐久力,168,866444,32,13,48,51,75,85,93,7254,3625,857,950,665,891,864,758,658,665,658,倍率参考式
耐久力,169,866444,32,13,48,51,75,91,93,7254,3625,897,950,651,857,857,764,698,658,671,倍率参考式
耐久力,170,866444,32,13,48,51,85,91,93,7254,3625,884,950,665,911,891,711,711,631,671,倍率参考式
耐久力,171,866444,32,14,42,48,75,85,93,7254,3625,851,950,691,831,831,811,764,651,678,倍率参考式
耐久力,172,866444,32,14,42,48,75,91,93,7254,3625,891,950,678,798,824,817,804,645,691,倍率参考式
耐久力,173,866444,32,14,42,48,85,91,93,7254,3625,877,950,691,851,857,764,817,618,691,倍率参考式
耐久力,174,866444,32,14,42,51,75,85,93,7254,3625,937,950,691,877,904,738,738,638,625,倍率参考式
耐久力,175,866444,32,14,42,51,75,91,93,7254,3625,977,950,678,844,897,744,778,631,638,倍率参考式
耐久力,176,866444,32,14,42,51,85,91,93,7254,3625,964,950,691,897,931,691,791,605,638,倍率参考式
耐久力,177,866444,32,14,48,51,75,85,93,7254,3625,857,950,704,891,864,744,724,651,698,倍率参考式
耐久力,178,866444,32,14,48,51,75,91,93,7254,3625,897,950,691,857,857,751,764,645,711,倍率参考式
耐久力,179,866444,32,14,48,51,85,91,93,7254,3625,884,950,704,911,891,698,778,618,711,倍率参考式
耐久力,180,866444,32,20,42,48,75,85,93,7254,3625,851,950,691,831,831,851,724,691,665,倍率参考式
耐久力,181,866444,32,20,42,48,75,91,93,7254,3625,891,950,678,798,824,857,764,684,678,倍率参考式
耐久力,182,866444,32,20,42,48,85,91,93,7254,3625,877,950,691,851,857,804,778,658,678,倍率参考式
耐久力,183,866444,32,20,42,51,75,85,93,7254,3625,937,950,691,877,904,778,698,678,611,倍率参考式
耐久力,184,866444,32,20,42,51,75,91,93,7254,3625,977,950,678,844,897,784,738,671,625,倍率参考式
耐久力,185,866444,32,20,42,51,85,91,93,7254,3625,964,950,691,897,931,731,751,645,625,倍率参考式
耐久力,186,866444,32,20,48,51,75,85,93,7254,3625,857,950,704,891,864,784,684,691,684,倍率参考式
耐久力,187,866444,32,20,48,51,75,91,93,7254,3625,897,950,691,857,857,791,724,684,698,倍率参考式
耐久力,188,866444,32,20,48,51,85,91,93,7254,3625,884,950,704,911,891,738,738,658,698,倍率参考式
耐久力,189,866444,32,23,42,48,75,85,93,7254,3625,851,950,598,831,831,891,764,651,625,倍率参考式
耐久力,190,866444,32,23,42,48,75,91,93,7254,3625,891,950,585,798,824,897,804,645,638,倍率参考式
耐久力,191,866444,32,23,42,48,85,91,93,7254,3625,877,950,598,851,857,844,817,618,638,倍率参考式
耐久力,192,866444,32,23,42,51,75,85,93,7254,3625,937,950,598,877,904,817,738,638,571,倍率参考式
耐久力,193,866444,32,23,42,51,75,91,93,7254,3625,977,950,585,844,897,824,778,631,585,倍率参考式
耐久力,194,866444,32,23,42,51,85,91,93,7254,3625,964,950,598,897,931,771,791,605,585,倍率参考式
耐久力,195,866444,32,23,48,51,75,85,93,7254,3625,857,950,611,891,864,824,724,651,645,倍率参考式
耐久力,196,866444,32,23,48,51,75,91,93,7254,3625,897,950,598,857,857,831,764,645,658,倍率参考式
耐久力,197,866444,32,23,48,51,85,91,93,7254,3625,884,950,611,911,891,778,778,618,658,倍率参考式
耐久力,198,866543,32,3,42,48,61,93,100,7068,3532,917,950,739,798,772,831,719,686,640,倍率参考式
耐久力,199,866543,32,3,42,48,61,93,101,7068,3532,910,950,712,805,759,805,719,706,640,倍率参考式
耐久力,200,866543,32,3,42,51,61,93,100,7068,3532,1003,950,739,844,844,759,693,673,587,倍率参考式
耐久力,201,866543,32,3,42,51,61,93,101,7068,3532,996,950,712,851,831,732,693,693,587,倍率参考式
耐久力,202,866543,32,3,48,51,61,93,100,7068,3532,924,950,752,858,805,765,679,686,660,倍率参考式
耐久力,203,866543,32,3,48,51,61,93,101,7068,3532,917,950,726,864,792,739,679,706,660,倍率参考式
耐久力,204,866543,32,8,42,48,61,93,100,7068,3532,891,950,739,825,745,858,679,620,640,倍率参考式
耐久力,205,866543,32,8,42,48,61,93,101,7068,3532,884,950,712,831,732,831,679,640,640,倍率参考式
耐久力,206,866543,32,8,42,51,61,93,100,7068,3532,976,950,739,871,818,785,653,607,587,倍率参考式
耐久力,207,866543,32,8,42,51,61,93,101,7068,3532,970,950,712,877,805,759,653,627,587,倍率参考式
耐久力,208,866543,32,8,48,51,61,93,100,7068,3532,897,950,752,884,778,792,640,620,660,倍率参考式
耐久力,209,866543,32,8,48,51,61,93,101,7068,3532,891,950,726,891,765,765,640,640,660,倍率参考式
耐久力,210,866543,32,13,42,48,61,93,100,7068,3532,917,950,712,825,785,831,653,686,627,倍率参考式
耐久力,211,866543,32,13,42,48,61,93,101,7068,3532,910,950,686,831,772,805,653,706,627,倍率参考式
耐久力,212,866543,32,13,42,51,61,93,100,7068,3532,1003,950,712,871,858,759,627,673,574,倍率参考式
耐久力,213,866543,32,13,42,51,61,93,101,7068,3532,996,950,686,877,844,732,627,693,574,倍率参考式
耐久力,214,866543,32,13,48,51,61,93,100,7068,3532,924,950,726,884,818,765,613,686,646,倍率参考式
耐久力,215,866543,32,13,48,51,61,93,101,7068,3532,917,950,699,891,805,739,613,706,646,倍率参考式
耐久力,216,866543,32,14,42,48,61,93,100,7068,3532,917,950,752,825,785,818,719,673,666,倍率参考式
耐久力,217,866543,32,14,42,48,61,93,101,7068,3532,910,950,726,831,772,792,719,693,666,倍率参考式
耐久力,218,866543,32,14,42,51,61,93,100,7068,3532,1003,950,752,871,858,745,693,660,613,倍率参考式
耐久力,219,866543,32,14,42,51,61,93,101,7068,3532,996,950,726,877,844,719,693,679,613,倍率参考式
耐久力,220,866543,32,14,48,51,61,93,100,7068,3532,924,950,765,884,818,752,679,673,686,倍率参考式
耐久力,221,866543,32,14,48,51,61,93,101,7068,3532,917,950,739,891,805,726,679,693,686,倍率参考式
耐久力,222,866543,32,20,42,48,61,93,100,7068,3532,917,950,752,825,785,858,679,712,653,倍率参考式
耐久力,223,866543,32,20,42,48,61,93,101,7068,3532,910,950,726,831,772,831,679,732,653,倍率参考式
耐久力,224,866543,32,20,42,51,61,93,100,7068,3532,1003,950,752,871,858,785,653,699,600,倍率参考式
耐久力,225,866543,32,20,42,51,61,93,101,7068,3532,996,950,726,877,844,759,653,719,600,倍率参考式
耐久力,226,866543,32,20,48,51,61,93,100,7068,3532,924,950,765,884,818,792,640,712,673,倍率参考式
耐久力,227,866543,32,20,48,51,61,93,101,7068,3532,917,950,739,891,805,765,640,732,673,倍率参考式
耐久力,228,866543,32,23,42,48,61,93,100,7068,3532,917,950,660,825,785,897,719,673,613,倍率参考式
耐久力,229,866543,32,23,42,48,61,93,101,7068,3532,910,950,633,831,772,871,719,693,613,倍率参考式
耐久力,230,866543,32,23,42,51,61,93,100,7068,3532,1003,950,660,871,858,825,693,660,561,倍率参考式
耐久力,231,866543,32,23,42,51,61,93,101,7068,3532,996,950,633,877,844,798,693,679,561,倍率参考式
耐久力,232,866543,32,23,48,51,61,93,100,7068,3532,924,950,673,884,818,831,679,673,633,倍率参考式
耐久力,233,866543,32,23,48,51,61,93,101,7068,3532,917,950,646,891,805,805,679,693,633,倍率参考式
耐久力,234,866633,32,3,42,48,51,97,99,7073,3534,891,950,660,838,884,765,752,600,640,倍率参考式
耐久力,235,866633,32,3,42,48,51,97,102,7073,3534,910,950,673,825,877,745,765,613,666,倍率参考式
耐久力,236,866633,32,3,42,48,51,97,104,7073,3534,891,950,673,851,884,765,759,633,673,倍率参考式
耐久力,237,866633,32,3,42,48,51,97,106,7073,3534,904,950,679,844,884,745,772,600,666,倍率参考式
耐久力,238,866633,32,3,42,48,51,97,113,7073,3534,891,950,666,825,884,759,759,633,660,倍率参考式
耐久力,239,866633,32,3,42,48,51,100,101,7073,3534,910,950,693,858,851,752,706,660,633,倍率参考式
耐久力,240,866633,32,8,42,48,51,97,99,7073,3534,864,950,660,864,858,792,712,534,640,倍率参考式
耐久力,241,866633,32,8,42,48,51,97,102,7073,3534,884,950,673,851,851,772,726,547,666,倍率参考式
耐久力,242,866633,32,8,42,48,51,97,104,7073,3534,864,950,673,877,858,792,719,567,673,倍率参考式
耐久力,243,866633,32,8,42,48,51,97,106,7073,3534,877,950,679,871,858,772,732,534,666,倍率参考式
耐久力,244,866633,32,8,42,48,51,97,113,7073,3534,864,950,666,851,858,785,719,567,660,倍率参考式
耐久力,245,866633,32,8,42,48,51,100,101,7073,3534,884,950,693,884,825,778,666,594,633,倍率参考式
耐久力,246,866633,32,13,42,48,51,97,99,7073,3534,891,950,633,864,897,765,686,600,627,倍率参考式
耐久力,247,866633,32,13,42,48,51,97,102,7073,3534,910,950,646,851,891,745,699,613,653,倍率参考式
耐久力,248,866633,32,13,42,48,51,97,104,7073,3534,891,950,646,877,897,765,693,633,660,倍率参考式
耐久力,249,866633,32,13,42,48,51,97,106,7073,3534,904,950,653,871,897,745,706,600,653,倍率参考式
耐久力,250,866633,32,13,42,48,51,97,113,7073,3534,891,950,640,851,897,759,693,633,646,倍率参考式
耐久力,251,866633,32,13,42,48,51,100,101,7073,3534,910,950,666,884,864,752,640,660,620,倍率参考式
耐久力,252,866633,32,14,42,48,51,97,99,7073,3534,891,950,673,864,897,752,752,587,666,倍率参考式
耐久力,253,866633,32,14,42,48,51,97,102,7073,3534,910,950,686,851,891,732,765,600,693,倍率参考式
耐久力,254,866633,32,14,42,48,51,97,104,7073,3534,891,950,686,877,897,752,759,620,699,倍率参考式
耐久力,255,866633,32,14,42,48,51,97,106,7073,3534,904,950,693,871,897,732,772,587,693,倍率参考式
耐久力,256,866633,32,14,42,48,51,97,113,7073,3534,891,950,679,851,897,745,759,620,686,倍率参考式
耐久力,257,866633,32,14,42,48,51,100,101,7073,3534,910,950,706,884,864,739,706,646,660,倍率参考式
耐久力,258,866633,32,20,42,48,51,97,99,7073,3534,891,950,673,864,897,792,712,627,653,倍率参考式
耐久力,259,866633,32,20,42,48,51,97,102,7073,3534,910,950,686,851,891,772,726,640,679,倍率参考式
耐久力,260,866633,32,20,42,48,51,97,104,7073,3534,891,950,686,877,897,792,719,660,686,倍率参考式
耐久力,261,866633,32,20,42,48,51,97,106,7073,3534,904,950,693,871,897,772,732,627,679,倍率参考式
耐久力,262,866633,32,20,42,48,51,97,113,7073,3534,891,950,679,851,897,785,719,660,673,倍率参考式
耐久力,263,866633,32,20,42,48,51,100,101,7073,3534,910,950,706,884,864,778,666,686,646,倍率参考式
耐久力,264,866633,32,23,42,48,51,97,99,7073,3534,891,950,580,864,897,831,752,587,613,倍率参考式
耐久力,265,866633,32,23,42,48,51,97,102,7073,3534,910,950,594,851,891,811,765,600,640,倍率参考式
耐久力,266,866633,32,23,42,48,51,97,104,7073,3534,891,950,594,877,897,831,759,620,646,倍率参考式
耐久力,267,866633,32,23,42,48,51,97,106,7073,3534,904,950,600,871,897,811,772,587,640,倍率参考式
耐久力,268,866633,32,23,42,48,51,97,113,7073,3534,891,950,587,851,897,825,759,620,633,倍率参考式
耐久力,269,866633,32,23,42,48,51,100,101,7073,3534,910,950,613,884,864,818,706,646,607,倍率参考式
耐久力,270,876443,32,3,25,42,75,93,97,7068,3532,963,950,640,778,884,805,752,699,613,倍率参考式
耐久力,271,876443,32,3,25,42,85,93,97,7068,3532,950,950,653,831,917,752,765,673,613,倍率参考式
耐久力,272,876443,32,3,25,42,91,93,97,7068,3532,990,950,640,798,910,759,805,666,627,倍率参考式
耐久力,273,876443,32,3,25,48,75,93,97,7068,3532,884,950,653,792,844,811,739,712,686,倍率参考式
耐久力,274,876443,32,3,25,48,85,93,97,7068,3532,871,950,666,844,877,759,752,686,686,倍率参考式
耐久力,275,876443,32,3,25,48,91,93,97,7068,3532,910,950,653,811,871,765,792,679,699,倍率参考式
耐久力,276,876443,32,3,25,51,75,93,97,7068,3532,970,950,653,838,917,739,712,699,633,倍率参考式
耐久力,277,876443,32,3,25,51,85,93,97,7068,3532,957,950,666,891,950,686,726,673,633,倍率参考式
耐久力,278,876443,32,3,25,51,91,93,97,7068,3532,996,950,653,858,943,693,765,666,646,倍率参考式
耐久力,279,876443,32,3,38,42,75,93,97,7068,3532,970,950,613,798,877,739,739,640,706,倍率参考式
耐久力,280,876443,32,3,38,42,85,93,97,7068,3532,957,950,627,851,910,686,752,613,706,倍率参考式
耐久力,281,876443,32,3,38,42,91,93,97,7068,3532,996,950,613,818,904,693,792,607,719,倍率参考式
耐久力,282,876443,32,3,38,48,75,93,97,7068,3532,891,950,627,811,838,745,726,653,778,倍率参考式
耐久力,283,876443,32,3,38,48,85,93,97,7068,3532,877,950,640,864,871,693,739,627,778,倍率参考式
耐久力,284,876443,32,3,38,48,91,93,97,7068,3532,917,950,627,831,864,699,778,620,792,倍率参考式
耐久力,285,876443,32,3,38,51,75,93,97,7068,3532,976,950,627,858,910,673,699,640,726,倍率参考式
耐久力,286,876443,32,3,38,51,85,93,97,7068,3532,963,950,640,910,943,620,712,613,726,倍率参考式
耐久力,287,876443,32,3,38,51,91,93,97,7068,3532,1003,950,627,877,937,627,752,607,739,倍率参考式
耐久力,288,876443,32,8,25,42,75,93,97,7068,3532,937,950,640,805,858,831,712,633,613,倍率参考式
耐久力,289,876443,32,8,25,42,85,93,97,7068,3532,924,950,653,858,891,778,726,607,613,倍率参考式
耐久力,290,876443,32,8,25,42,91,93,97,7068,3532,963,950,640,825,884,785,765,600,627,倍率参考式
耐久力,291,876443,32,8,25,48,75,93,97,7068,3532,858,950,653,818,818,838,699,646,686,倍率参考式
耐久力,292,876443,32,8,25,48,85,93,97,7068,3532,844,950,666,871,851,785,712,620,686,倍率参考式
耐久力,293,876443,32,8,25,48,91,93,97,7068,3532,884,950,653,838,844,792,752,613,699,倍率参考式
耐久力,294,876443,32,8,25,51,75,93,97,7068,3532,943,950,653,864,891,765,673,633,633,倍率参考式
耐久力,295,876443,32,8,25,51,85,93,97,7068,3532,930,950,666,917,924,712,686,607,633,倍率参考式
耐久力,296,876443,32,8,25,51,91,93,97,7068,3532,970,950,653,884,917,719,726,600,646,倍率参考式
耐久力,297,876443,32,8,38,42,75,93,97,7068,3532,943,950,613,825,851,765,699,574,706,倍率参考式
耐久力,298,876443,32,8,38,42,85,93,97,7068,3532,930,950,627,877,884,712,712,547,706,倍率参考式
耐久力,299,876443,32,8,38,42,91,93,97,7068,3532,970,950,613,844,877,719,752,541,719,倍率参考式
耐久力,300,876443,32,8,38,48,75,93,97,7068,3532,864,950,627,838,811,772,686,587,778,倍率参考式
耐久力,301,876443,32,8,38,48,85,93,97,7068,3532,851,950,640,891,844,719,699,561,778,倍率参考式
耐久力,302,876443,32,8,38,48,91,93,97,7068,3532,891,950,627,858,838,726,739,554,792,倍率参考式
耐久力,303,876443,32,8,38,51,75,93,97,7068,3532,950,950,627,884,884,699,660,574,726,倍率参考式
耐久力,304,876443,32,8,38,51,85,93,97,7068,3532,937,950,640,937,917,646,673,547,726,倍率参考式
耐久力,305,876443,32,8,38,51,91,93,97,7068,3532,976,950,627,904,910,653,712,541,739,倍率参考式
耐久力,306,876443,32,13,25,42,75,93,97,7068,3532,963,950,613,805,897,805,686,699,600,倍率参考式
耐久力,307,876443,32,13,25,42,85,93,97,7068,3532,950,950,627,858,930,752,699,673,600,倍率参考式
耐久力,308,876443,32,13,25,42,91,93,97,7068,3532,990,950,613,825,924,759,739,666,613,倍率参考式
耐久力,309,876443,32,13,25,48,75,93,97,7068,3532,884,950,627,818,858,811,673,712,673,倍率参考式
耐久力,310,876443,32,13,25,48,85,93,97,7068,3532,871,950,640,871,891,759,686,686,673,倍率参考式
耐久力,311,876443,32,13,25,48,91,93,97,7068,3532,910,950,627,838,884,765,726,679,686,倍率参考式
耐久力,312,876443,32,13,25,51,75,93,97,7068,3532,970,950,627,864,930,739,646,699,620,倍率参考式
耐久力,313,876443,32,13,25,51,85,93,97,7068,3532,957,950,640,917,963,686,660,673,620,倍率参考式
耐久力,314,876443,32,13,25,51,91,93,97,7068,3532,996,950,627,884,957,693,699,666,633,倍率参考式
耐久力,315,876443,32,13,38,42,75,93,97,7068,3532,970,950,587,825,891,739,673,640,693,倍率参考式
耐久力,316,876443,32,13,38,42,85,93,97,7068,3532,957,950,600,877,924,686,686,613,693,倍率参考式
耐久力,317,876443,32,13,38,42,91,93,97,7068,3532,996,950,587,844,917,693,726,607,706,倍率参考式
耐久力,318,876443,32,13,38,48,75,93,97,7068,3532,891,950,600,838,851,745,660,653,765,倍率参考式
耐久力,319,876443,32,13,38,48,85,93,97,7068,3532,877,950,613,891,884,693,673,627,765,倍率参考式
耐久力,320,876443,32,13,38,48,91,93,97,7068,3532,917,950,600,858,877,699,712,620,778,倍率参考式
耐久力,321,876443,32,13,38,51,75,93,97,7068,3532,976,950,600,884,924,673,633,640,712,倍率参考式
耐久力,322,876443,32,13,38,51,85,93,97,7068,3532,963,950,613,937,957,620,646,613,712,倍率参考式
耐久力,323,876443,32,13,38,51,91,93,97,7068,3532,1003,950,600,904,950,627,686,607,726,倍率参考式
耐久力,324,876443,32,14,25,42,75,93,97,7068,3532,963,950,653,805,897,792,752,686,640,倍率参考式
耐久力,325,876443,32,14,25,42,85,93,97,7068,3532,950,950,666,858,930,739,765,660,640,倍率参考式
耐久力,326,876443,32,14,25,42,91,93,97,7068,3532,990,950,653,825,924,745,805,653,653,倍率参考式
耐久力,327,876443,32,14,25,48,75,93,97,7068,3532,884,950,666,818,858,798,739,699,712,倍率参考式
耐久力,328,876443,32,14,25,48,85,93,97,7068,3532,871,950,679,871,891,745,752,673,712,倍率参考式
耐久力,329,876443,32,14,25,48,91,93,97,7068,3532,910,950,666,838,884,752,792,666,726,倍率参考式
耐久力,330,876443,32,14,25,51,75,93,97,7068,3532,970,950,666,864,930,726,712,686,660,倍率参考式
耐久力,331,876443,32,14,25,51,85,93,97,7068,3532,957,950,679,917,963,673,726,660,660,倍率参考式
耐久力,332,876443,32,14,25,51,91,93,97,7068,3532,996,950,666,884,957,679,765,653,673,倍率参考式
耐久力,333,876443,32,14,38,42,75,93,97,7068,3532,970,950,627,825,891,726,739,627,732,倍率参考式
耐久力,334,876443,32,14,38,42,85,93,97,7068,3532,957,950,640,877,924,673,752,600,732,倍率参考式
耐久力,335,876443,32,14,38,42,91,93,97,7068,3532,996,950,627,844,917,679,792,594,745,倍率参考式
耐久力,336,876443,32,14,38,48,75,93,97,7068,3532,891,950,640,838,851,732,726,640,805,倍率参考式
耐久力,337,876443,32,14,38,48,85,93,97,7068,3532,877,950,653,891,884,679,739,613,805,倍率参考式
耐久力,338,876443,32,14,38,48,91,93,97,7068,3532,917,950,640,858,877,686,778,607,818,倍率参考式
耐久力,339,876443,32,14,38,51,75,93,97,7068,3532,976,950,640,884,924,660,699,627,752,倍率参考式
耐久力,340,876443,32,14,38,51,85,93,97,7068,3532,963,950,653,937,957,607,712,600,752,倍率参考式
耐久力,341,876443,32,14,38,51,91,93,97,7068,3532,1003,950,640,904,950,613,752,594,765,倍率参考式
耐久力,342,876443,32,20,25,42,75,93,97,7068,3532,963,950,653,805,897,831,712,726,627,倍率参考式
耐久力,343,876443,32,20,25,42,85,93,97,7068,3532,950,950,666,858,930,778,726,699,627,倍率参考式
耐久力,344,876443,32,20,25,42,91,93,97,7068,3532,990,950,653,825,924,785,765,693,640,倍率参考式
耐久力,345,876443,32,20,25,48,75,93,97,7068,3532,884,950,666,818,858,838,699,739,699,倍率参考式
耐久力,346,876443,32,20,25,48,85,93,97,7068,3532,871,950,679,871,891,785,712,712,699,倍率参考式
耐久力,347,876443,32,20,25,48,91,93,97,7068,3532,910,950,666,838,884,792,752,706,712,倍率参考式
耐久力,348,876443,32,20,25,51,75,93,97,7068,3532,970,950,666,864,930,765,673,726,646,倍率参考式
耐久力,349,876443,32,20,25,51,85,93,97,7068,3532,957,950,679,917,963,712,686,699,646,倍率参考式
耐久力,350,876443,32,20,25,51,91,93,97,7068,3532,996,950,666,884,957,719,726,693,660,倍率参考式
耐久力,351,876443,32,20,38,42,75,93,97,7068,3532,970,950,627,825,891,765,699,666,719,倍率参考式
耐久力,352,876443,32,20,38,42,85,93,97,7068,3532,957,950,640,877,924,712,712,640,719,倍率参考式
耐久力,353,876443,32,20,38,42,91,93,97,7068,3532,996,950,627,844,917,719,752,633,732,倍率参考式
耐久力,354,876443,32,20,38,48,75,93,97,7068,3532,891,950,640,838,851,772,686,679,792,倍率参考式
耐久力,355,876443,32,20,38,48,85,93,97,7068,3532,877,950,653,891,884,719,699,653,792,倍率参考式
耐久力,356,876443,32,20,38,48,91,93,97,7068,3532,917,950,640,858,877,726,739,646,805,倍率参考式
耐久力,357,876443,32,20,38,51,75,93,97,7068,3532,976,950,640,884,924,699,660,666,739,倍率参考式
耐久力,358,876443,32,20,38,51,85,93,97,7068,3532,963,950,653,937,957,646,673,640,739,倍率参考式
耐久力,359,876443,32,20,38,51,91,93,97,7068,3532,1003,950,640,904,950,653,712,633,752,倍率参考式
耐久力,360,876443,32,23,25,42,75,93,97,7068,3532,963,950,561,805,897,871,752,686,587,倍率参考式
耐久力,361,876443,32,23,25,42,85,93,97,7068,3532,950,950,574,858,930,818,765,660,587,倍率参考式
耐久力,362,876443,32,23,25,42,91,93,97,7068,3532,990,950,561,825,924,825,805,653,600,倍率参考式
耐久力,363,876443,32,23,25,48,75,93,97,7068,3532,884,950,574,818,858,877,739,699,660,倍率参考式
耐久力,364,876443,32,23,25,48,85,93,97,7068,3532,871,950,587,871,891,825,752,673,660,倍率参考式
耐久力,365,876443,32,23,25,48,91,93,97,7068,3532,910,950,574,838,884,831,792,666,673,倍率参考式
耐久力,366,876443,32,23,25,51,75,93,97,7068,3532,970,950,574,864,930,805,712,686,607,倍率参考式
耐久力,367,876443,32,23,25,51,85,93,97,7068,3532,957,950,587,917,963,752,726,660,607,倍率参考式
耐久力,368,876443,32,23,25,51,91,93,97,7068,3532,996,950,574,884,957,759,765,653,620,倍率参考式
耐久力,369,876443,32,23,38,42,75,93,97,7068,3532,970,950,534,825,891,805,739,627,679,倍率参考式
耐久力,370,876443,32,23,38,42,85,93,97,7068,3532,957,950,547,877,924,752,752,600,679,倍率参考式
耐久力,371,876443,32,23,38,42,91,93,97,7068,3532,996,950,534,844,917,759,792,594,693,倍率参考式
耐久力,372,876443,32,23,38,48,75,93,97,7068,3532,891,950,547,838,851,811,726,640,752,倍率参考式
耐久力,373,876443,32,23,38,48,85,93,97,7068,3532,877,950,561,891,884,759,739,613,752,倍率参考式
耐久力,374,876443,32,23,38,48,91,93,97,7068,3532,917,950,547,858,877,765,778,607,765,倍率参考式
耐久力,375,876443,32,23,38,51,75,93,97,7068,3532,976,950,547,884,924,739,699,627,699,倍率参考式
耐久力,376,876443,32,23,38,51,85,93,97,7068,3532,963,950,561,937,957,686,712,600,699,倍率参考式
耐久力,377,876443,32,23,38,51,91,93,97,7068,3532,1003,950,547,904,950,693,752,594,712,倍率参考式
耐久力,378,886433,32,3,8,42,93,97,99,6887,3442,943,949,694,858,871,812,831,596,668,倍率参考式
耐久力,379,886433,32,3,8,42,93,97,102,6887,3442,962,949,707,844,864,792,844,609,694,倍率参考式
耐久力,380,886433,32,3,8,42,93,97,104,6887,3442,943,949,707,871,871,812,838,628,700,倍率参考式
耐久力,381,886433,32,3,8,42,93,97,106,6887,3442,956,949,713,864,871,792,851,596,694,倍率参考式
耐久力,382,886433,32,3,8,42,93,97,113,6887,3442,943,949,700,844,871,805,838,628,687,倍率参考式
耐久力,383,886433,32,3,8,42,93,100,101,6887,3442,962,949,727,877,838,799,786,655,661,倍率参考式
耐久力,384,886433,32,3,8,48,93,97,99,6887,3442,864,949,707,871,831,818,818,609,740,倍率参考式
耐久力,385,886433,32,3,8,48,93,97,102,6887,3442,884,949,720,858,825,799,831,622,766,倍率参考式
耐久力,386,886433,32,3,8,48,93,97,104,6887,3442,864,949,720,884,831,818,825,641,772,倍率参考式
耐久力,387,886433,32,3,8,48,93,97,106,6887,3442,877,949,727,877,831,799,838,609,766,倍率参考式
耐久力,388,886433,32,3,8,48,93,97,113,6887,3442,864,949,713,858,831,812,825,641,759,倍率参考式
耐久力,389,886433,32,3,8,48,93,100,101,6887,3442,884,949,740,890,799,805,772,668,733,倍率参考式
耐久力,390,886433,32,3,8,51,93,97,99,6887,3442,949,949,707,917,903,746,792,596,687,倍率参考式
耐久力,391,886433,32,3,8,51,93,97,102,6887,3442,969,949,720,903,897,727,805,609,713,倍率参考式
耐久力,392,886433,32,3,8,51,93,97,104,6887,3442,949,949,720,930,903,746,799,628,720,倍率参考式
耐久力,393,886433,32,3,8,51,93,97,106,6887,3442,962,949,727,923,903,727,812,596,713,倍率参考式
耐久力,394,886433,32,3,8,51,93,97,113,6887,3442,949,949,713,903,903,740,799,628,707,倍率参考式
耐久力,395,886433,32,3,8,51,93,100,101,6887,3442,969,949,740,936,871,733,746,655,681,倍率参考式
耐久力,396,886433,32,3,13,42,93,97,99,6887,3442,969,949,668,858,910,786,805,661,655,倍率参考式
耐久力,397,886433,32,3,13,42,93,97,102,6887,3442,989,949,681,844,903,766,818,674,681,倍率参考式
耐久力,398,886433,32,3,13,42,93,97,104,6887,3442,969,949,681,871,910,786,812,694,687,倍率参考式
耐久力,399,886433,32,3,13,42,93,97,106,6887,3442,982,949,687,864,910,766,825,661,681,倍率参考式
耐久力,400,886433,32,3,13,42,93,97,113,6887,3442,969,949,674,844,910,779,812,694,674,倍率参考式
耐久力,401,886433,32,3,13,42,93,100,101,6887,3442,989,949,700,877,877,772,759,720,648,倍率参考式
耐久力,402,886433,32,3,13,48,93,97,99,6887,3442,890,949,681,871,871,792,792,674,727,倍率参考式
耐久力,403,886433,32,3,13,48,93,97,102,6887,3442,910,949,694,858,864,772,805,687,753,倍率参考式
耐久力,404,886433,32,3,13,48,93,97,104,6887,3442,890,949,694,884,871,792,799,707,759,倍率参考式
耐久力,405,886433,32,3,13,48,93,97,106,6887,3442,903,949,700,877,871,772,812,674,753,倍率参考式
耐久力,406,886433,32,3,13,48,93,97,113,6887,3442,890,949,687,858,871,786,799,707,746,倍率参考式
耐久力,407,886433,32,3,13,48,93,100,101,6887,3442,910,949,713,890,838,779,746,733,720,倍率参考式
耐久力,408,886433,32,3,13,51,93,97,99,6887,3442,975,949,681,917,943,720,766,661,674,倍率参考式
耐久力,409,886433,32,3,13,51,93,97,102,6887,3442,995,949,694,903,936,700,779,674,700,倍率参考式
耐久力,410,886433,32,3,13,51,93,97,104,6887,3442,975,949,694,930,943,720,772,694,707,倍率参考式
耐久力,411,886433,32,3,13,51,93,97,106,6887,3442,989,949,700,923,943,700,786,661,700,倍率参考式
耐久力,412,886433,32,3,13,51,93,97,113,6887,3442,975,949,687,903,943,713,772,694,694,倍率参考式
耐久力,413,886433,32,3,13,51,93,100,101,6887,3442,995,949,713,936,910,707,720,720,668,倍率参考式
耐久力,414,886433,32,3,14,42,93,97,99,6887,3442,969,949,707,858,910,772,871,648,694,倍率参考式
耐久力,415,886433,32,3,14,42,93,97,102,6887,3442,989,949,720,844,903,753,884,661,720,倍率参考式
耐久力,416,886433,32,3,14,42,93,97,104,6887,3442,969,949,720,871,910,772,877,681,727,倍率参考式
耐久力,417,886433,32,3,14,42,93,97,106,6887,3442,982,949,727,864,910,753,890,648,720,倍率参考式
耐久力,418,886433,32,3,14,42,93,97,113,6887,3442,969,949,713,844,910,766,877,681,713,倍率参考式
耐久力,419,886433,32,3,14,42,93,100,101,6887,3442,989,949,740,877,877,759,825,707,687,倍率参考式
耐久力,420,886433,32,3,14,48,93,97,99,6887,3442,890,949,720,871,871,779,858,661,766,倍率参考式
耐久力,421,886433,32,3,14,48,93,97,102,6887,3442,910,949,733,858,864,759,871,674,792,倍率参考式
耐久力,422,886433,32,3,14,48,93,97,104,6887,3442,890,949,733,884,871,779,864,694,799,倍率参考式
耐久力,423,886433,32,3,14,48,93,97,106,6887,3442,903,949,740,877,871,759,877,661,792,倍率参考式
耐久力,424,886433,32,3,14,48,93,97,113,6887,3442,890,949,727,858,871,772,864,694,786,倍率参考式
耐久力,425,886433,32,3,14,48,93,100,101,6887,3442,910,949,753,890,838,766,812,720,759,倍率参考式
耐久力,426,886433,32,3,14,51,93,97,99,6887,3442,975,949,720,917,943,707,831,648,713,倍率参考式
耐久力,427,886433,32,3,14,51,93,97,102,6887,3442,995,949,733,903,936,687,844,661,740,倍率参考式
耐久力,428,886433,32,3,14,51,93,97,104,6887,3442,975,949,733,930,943,707,838,681,746,倍率参考式
耐久力,429,886433,32,3,14,51,93,97,106,6887,3442,989,949,740,923,943,687,851,648,740,倍率参考式
耐久力,430,886433,32,3,14,51,93,97,113,6887,3442,975,949,727,903,943,700,838,681,733,倍率参考式
耐久力,431,886433,32,3,14,51,93,100,101,6887,3442,995,949,753,936,910,694,786,707,707,倍率参考式
耐久力,432,886433,32,3,20,42,93,97,99,6887,3442,969,949,707,858,910,812,831,687,681,倍率参考式
耐久力,433,886433,32,3,20,42,93,97,102,6887,3442,989,949,720,844,903,792,844,700,707,倍率参考式
耐久力,434,886433,32,3,20,42,93,97,104,6887,3442,969,949,720,871,910,812,838,720,713,倍率参考式
耐久力,435,886433,32,3,20,42,93,97,106,6887,3442,982,949,727,864,910,792,851,687,707,倍率参考式
耐久力,436,886433,32,3,20,42,93,97,113,6887,3442,969,949,713,844,910,805,838,720,700,倍率参考式
耐久力,437,886433,32,3,20,42,93,100,101,6887,3442,989,949,740,877,877,799,786,746,674,倍率参考式
耐久力,438,886433,32,3,20,48,93,97,99,6887,3442,890,949,720,871,871,818,818,700,753,倍率参考式
耐久力,439,886433,32,3,20,48,93,97,102,6887,3442,910,949,733,858,864,799,831,713,779,倍率参考式
耐久力,440,886433,32,3,20,48,93,97,104,6887,3442,890,949,733,884,871,818,825,733,786,倍率参考式
耐久力,441,886433,32,3,20,48,93,97,106,6887,3442,903,949,740,877,871,799,838,700,779,倍率参考式
耐久力,442,886433,32,3,20,48,93,97,113,6887,3442,890,949,727,858,871,812,825,733,772,倍率参考式
耐久力,443,886433,32,3,20,48,93,100,101,6887,3442,910,949,753,890,838,805,772,759,746,倍率参考式
耐久力,444,886433,32,3,20,51,93,97,99,6887,3442,975,949,720,917,943,746,792,687,700,倍率参考式
耐久力,445,886433,32,3,20,51,93,97,102,6887,3442,995,949,733,903,936,727,805,700,727,倍率参考式
耐久力,446,886433,32,3,20,51,93,97,104,6887,3442,975,949,733,930,943,746,799,720,733,倍率参考式
耐久力,447,886433,32,3,20,51,93,97,106,6887,3442,989,949,740,923,943,727,812,687,727,倍率参考式
耐久力,448,886433,32,3,20,51,93,97,113,6887,3442,975,949,727,903,943,740,799,720,720,倍率参考式
耐久力,449,886433,32,3,20,51,93,100,101,6887,3442,995,949,753,936,910,733,746,746,694,倍率参考式
耐久力,450,886433,32,3,23,42,93,97,99,6887,3442,969,949,615,858,910,851,871,648,641,倍率参考式
耐久力,451,886433,32,3,23,42,93,97,102,6887,3442,989,949,628,844,903,831,884,661,668,倍率参考式
耐久力,452,886433,32,3,23,42,93,97,104,6887,3442,969,949,628,871,910,851,877,681,674,倍率参考式
耐久力,453,886433,32,3,23,42,93,97,106,6887,3442,982,949,635,864,910,831,890,648,668,倍率参考式
耐久力,454,886433,32,3,23,42,93,97,113,6887,3442,969,949,622,844,910,844,877,681,661,倍率参考式
耐久力,455,886433,32,3,23,42,93,100,101,6887,3442,989,949,648,877,877,838,825,707,635,倍率参考式
耐久力,456,886433,32,3,23,48,93,97,99,6887,3442,890,949,628,871,871,858,858,661,713,倍率参考式
耐久力,457,886433,32,3,23,48,93,97,102,6887,3442,910,949,641,858,864,838,871,674,740,倍率参考式
耐久力,458,886433,32,3,23,48,93,97,104,6887,3442,890,949,641,884,871,858,864,694,746,倍率参考式
耐久力,459,886433,32,3,23,48,93,97,106,6887,3442,903,949,648,877,871,838,877,661,740,倍率参考式
耐久力,460,886433,32,3,23,48,93,97,113,6887,3442,890,949,635,858,871,851,864,694,733,倍率参考式
耐久力,461,886433,32,3,23,48,93,100,101,6887,3442,910,949,661,890,838,844,812,720,707,倍率参考式
耐久力,462,886433,32,3,23,51,93,97,99,6887,3442,975,949,628,917,943,786,831,648,661,倍率参考式
耐久力,463,886433,32,3,23,51,93,97,102,6887,3442,995,949,641,903,936,766,844,661,687,倍率参考式
耐久力,464,886433,32,3,23,51,93,97,104,6887,3442,975,949,641,930,943,786,838,681,694,倍率参考式
耐久力,465,886433,32,3,23,51,93,97,106,6887,3442,989,949,648,923,943,766,851,648,687,倍率参考式
耐久力,466,886433,32,3,23,51,93,97,113,6887,3442,975,949,635,903,943,779,838,681,681,倍率参考式
耐久力,467,886433,32,3,23,51,93,100,101,6887,3442,995,949,661,936,910,772,786,707,655,倍率参考式
耐久力,468,886433,32,8,13,42,93,97,99,6887,3442,943,949,668,884,884,812,766,596,655,倍率参考式
耐久力,469,886433,32,8,13,42,93,97,102,6887,3442,962,949,681,871,877,792,779,609,681,倍率参考式
耐久力,470,886433,32,8,13,42,93,97,104,6887,3442,943,949,681,897,884,812,772,628,687,倍率参考式
耐久力,471,886433,32,8,13,42,93,97,106,6887,3442,956,949,687,890,884,792,786,596,681,倍率参考式
耐久力,472,886433,32,8,13,42,93,97,113,6887,3442,943,949,674,871,884,805,772,628,674,倍率参考式
耐久力,473,886433,32,8,13,42,93,100,101,6887,3442,962,949,700,903,851,799,720,655,648,倍率参考式
耐久力,474,886433,32,8,13,48,93,97,99,6887,3442,864,949,681,897,844,818,753,609,727,倍率参考式
耐久力,475,886433,32,8,13,48,93,97,102,6887,3442,884,949,694,884,838,799,766,622,753,倍率参考式
耐久力,476,886433,32,8,13,48,93,97,104,6887,3442,864,949,694,910,844,818,759,641,759,倍率参考式
耐久力,477,886433,32,8,13,48,93,97,106,6887,3442,877,949,700,903,844,799,772,609,753,倍率参考式
耐久力,478,886433,32,8,13,48,93,97,113,6887,3442,864,949,687,884,844,812,759,641,746,倍率参考式
耐久力,479,886433,32,8,13,48,93,100,101,6887,3442,884,949,713,917,812,805,707,668,720,倍率参考式
耐久力,480,886433,32,8,13,51,93,97,99,6887,3442,949,949,681,943,917,746,727,596,674,倍率参考式
耐久力,481,886433,32,8,13,51,93,97,102,6887,3442,969,949,694,930,910,727,740,609,700,倍率参考式
耐久力,482,886433,32,8,13,51,93,97,104,6887,3442,949,949,694,956,917,746,733,628,707,倍率参考式
耐久力,483,886433,32,8,13,51,93,97,106,6887,3442,962,949,700,949,917,727,746,596,700,倍率参考式
耐久力,484,886433,32,8,13,51,93,97,113,6887,3442,949,949,687,930,917,740,733,628,694,倍率参考式
耐久力,485,886433,32,8,13,51,93,100,101,6887,3442,969,949,713,962,884,733,681,655,668,倍率参考式
耐久力,486,886433,32,8,14,42,93,97,99,6887,3442,943,949,707,884,884,799,831,582,694,倍率参考式
耐久力,487,886433,32,8,14,42,93,97,102,6887,3442,962,949,720,871,877,779,844,596,720,倍率参考式
耐久力,488,886433,32,8,14,42,93,97,104,6887,3442,943,949,720,897,884,799,838,615,727,倍率参考式
耐久力,489,886433,32,8,14,42,93,97,106,6887,3442,956,949,727,890,884,779,851,582,720,倍率参考式
耐久力,490,886433,32,8,14,42,93,97,113,6887,3442,943,949,713,871,884,792,838,615,713,倍率参考式
耐久力,491,886433,32,8,14,42,93,100,101,6887,3442,962,949,740,903,851,786,786,641,687,倍率参考式
耐久力,492,886433,32,8,14,48,93,97,99,6887,3442,864,949,720,897,844,805,818,596,766,倍率参考式
耐久力,493,886433,32,8,14,48,93,97,102,6887,3442,884,949,733,884,838,786,831,609,792,倍率参考式
耐久力,494,886433,32,8,14,48,93,97,104,6887,3442,864,949,733,910,844,805,825,628,799,倍率参考式
耐久力,495,886433,32,8,14,48,93,97,106,6887,3442,877,949,740,903,844,786,838,596,792,倍率参考式
耐久力,496,886433,32,8,14,48,93,97,113,6887,3442,864,949,727,884,844,799,825,628,786,倍率参考式
耐久力,497,886433,32,8,14,48,93,100,101,6887,3442,884,949,753,917,812,792,772,655,759,倍率参考式
耐久力,498,886433,32,8,14,51,93,97,99,6887,3442,949,949,720,943,917,733,792,582,713,倍率参考式
耐久力,499,886433,32,8,14,51,93,97,102,6887,3442,969,949,733,930,910,713,805,596,740,倍率参考式
耐久力,500,886433,32,8,14,51,93,97,104,6887,3442,949,949,733,956,917,733,799,615,746,倍率参考式
器用さ,1,666644,32,39,43,45,118,81,82,7440,3716,891,636,1005,944,958,723,515,603,844,倍率参考式
器用さ,2,666554,32,39,45,118,52,66,81,7248,3621,871,638,1004,944,957,658,532,532,824,倍率参考式
器用さ,3,666644,32,39,43,45,118,74,81,7440,3716,891,663,998,944,958,696,576,603,810,倍率参考式
器用さ,4,666644,32,39,43,45,118,78,81,7440,3716,897,643,998,938,938,663,515,609,830,倍率参考式
器用さ,5,666644,32,39,43,45,118,81,86,7440,3716,904,623,998,924,951,690,529,649,804,倍率参考式
器用さ,6,666554,32,39,43,45,52,66,81,7248,3621,844,591,997,911,917,618,518,638,738,倍率参考式
器用さ,7,666554,32,39,43,118,52,66,81,7248,3621,844,611,997,917,911,598,538,618,758,倍率参考式
器用さ,8,666554,32,39,45,118,52,66,82,7248,3621,864,631,997,944,964,684,485,525,877,倍率参考式
器用さ,9,666554,32,43,45,118,52,66,81,7248,3621,844,645,997,944,911,691,538,585,738,倍率参考式
器用さ,10,666653,32,39,43,45,118,52,108,7254,3623,931,625,997,877,964,698,492,645,851,倍率参考式
器用さ,11,666653,32,39,43,45,118,66,108,7254,3623,897,618,997,911,917,678,472,625,791,倍率参考式
器用さ,12,766643,32,34,39,45,118,81,108,7254,3623,937,638,997,897,990,704,578,545,844,倍率参考式
器用さ,13,666644,32,39,40,45,118,81,82,7440,3716,864,676,991,911,938,763,596,515,864,倍率参考式
器用さ,14,666644,32,39,43,45,118,74,82,7440,3716,884,656,991,944,964,723,529,596,864,倍率参考式
器用さ,15,666644,32,39,43,45,118,78,82,7440,3716,891,636,991,938,944,690,469,603,884,倍率参考式
器用さ,16,666644,32,39,43,45,118,81,83,7440,3716,924,649,991,944,944,670,515,629,817,倍率参考式
器用さ,17,666644,32,39,43,45,118,81,84,7440,3716,931,649,991,938,951,676,529,636,837,倍率参考式
器用さ,18,666644,32,39,43,45,118,81,87,7440,3716,904,643,991,911,938,710,529,636,817,倍率参考式
器用さ,19,666644,32,39,43,45,118,82,86,7440,3716,897,616,991,924,958,716,482,643,857,倍率参考式
器用さ,20,666644,32,39,44,45,118,81,82,7440,3716,904,636,991,944,1005,723,542,529,850,倍率参考式
器用さ,21,666554,32,39,43,45,52,66,82,7248,3621,837,585,990,911,924,645,472,631,791,倍率参考式
器用さ,22,666554,32,39,43,118,52,66,82,7248,3621,837,605,990,917,917,625,492,611,811,倍率参考式
器用さ,23,666554,32,39,45,118,52,61,81,7248,3621,937,691,990,897,937,711,525,591,831,倍率参考式
器用さ,24,666554,32,39,45,118,52,66,74,7248,3621,864,658,990,944,964,658,545,525,844,倍率参考式
器用さ,25,666554,32,39,45,118,52,66,78,7248,3621,871,638,990,937,944,625,485,532,864,倍率参考式
器用さ,26,666554,32,39,45,118,52,66,86,7248,3621,877,618,990,924,957,651,498,571,837,倍率参考式
器用さ,27,666554,32,39,45,118,61,66,81,7248,3621,904,684,990,931,891,691,505,571,771,倍率参考式
器用さ,28,666554,32,43,45,118,52,66,82,7248,3621,837,638,990,944,917,718,492,578,791,倍率参考式
器用さ,29,666653,32,39,43,45,118,52,100,7254,3623,957,651,990,897,950,684,478,658,844,倍率参考式
器用さ,30,666653,32,39,43,45,118,52,106,7254,3623,944,645,990,904,957,658,512,631,864,倍率参考式
器用さ,31,666653,32,39,43,45,118,66,100,7254,3623,924,645,990,931,904,665,458,638,784,倍率参考式
器用さ,32,666653,32,39,43,45,118,66,106,7254,3623,911,638,990,937,911,638,492,611,804,倍率参考式
器用さ,33,766544,32,34,39,45,52,81,82,7248,3621,877,605,990,897,997,671,578,551,844,倍率参考式
器用さ,34,766544,32,34,39,45,66,81,82,7248,3621,844,598,990,931,950,651,558,532,784,倍率参考式
器用さ,35,766544,32,34,39,118,52,81,82,7248,3621,877,625,990,904,990,651,598,532,864,倍率参考式
器用さ,36,766544,32,34,39,118,66,81,82,7248,3621,844,618,990,937,944,631,578,512,804,倍率参考式
器用さ,37,766544,32,34,45,118,52,81,82,7248,3621,877,658,990,931,990,744,598,498,844,倍率参考式
器用さ,38,766544,32,34,45,118,66,81,82,7248,3621,844,651,990,964,944,724,578,478,784,倍率参考式
器用さ,39,766643,32,34,39,43,45,81,108,7254,3623,911,591,990,864,950,665,565,651,758,倍率参考式
器用さ,40,766643,32,34,39,43,118,81,108,7254,3623,911,611,990,871,944,645,585,631,778,倍率参考式
器用さ,41,766643,32,34,39,45,118,81,100,7254,3623,964,665,990,917,977,691,565,558,837,倍率参考式
器用さ,42,766643,32,34,39,45,118,81,106,7254,3623,950,658,990,924,984,665,598,532,857,倍率参考式
器用さ,43,766643,32,34,39,45,118,82,108,7254,3623,931,631,990,897,997,731,532,538,897,倍率参考式
器用さ,44,766643,32,34,43,45,118,81,108,7254,3623,911,645,990,897,944,738,585,598,758,倍率参考式
器用さ,45,666554,32,39,40,45,52,66,81,7248,3621,817,631,984,877,897,658,598,551,758,倍率参考式
器用さ,46,666554,32,39,40,118,52,66,81,7248,3621,817,651,984,884,891,638,618,532,778,倍率参考式
器用さ,47,666554,32,39,43,45,52,61,81,7248,3621,911,645,984,864,897,671,512,698,744,倍率参考式
器用さ,48,666554,32,39,43,45,52,66,74,7248,3621,837,611,984,911,924,618,532,631,758,倍率参考式
器用さ,49,666554,32,39,43,45,52,66,78,7248,3621,844,591,984,904,904,585,472,638,778,倍率参考式
器用さ,50,666554,32,39,43,45,52,66,86,7248,3621,851,571,984,891,917,611,485,678,751,倍率参考式
器用さ,51,666554,32,39,43,45,61,66,81,7248,3621,877,638,984,897,851,651,492,678,684,倍率参考式
器用さ,52,666554,32,39,43,118,52,61,81,7248,3621,911,665,984,871,891,651,532,678,764,倍率参考式
器用さ,53,666554,32,39,43,118,52,66,74,7248,3621,837,631,984,917,917,598,551,611,778,倍率参考式
器用さ,54,666554,32,39,43,118,52,66,78,7248,3621,844,611,984,911,897,565,492,618,798,倍率参考式
器用さ,55,666554,32,39,43,118,52,66,86,7248,3621,851,591,984,897,911,591,505,658,771,倍率参考式
器用さ,56,666554,32,39,43,118,61,66,81,7248,3621,877,658,984,904,844,631,512,658,704,倍率参考式
器用さ,57,666554,32,39,44,45,52,66,81,7248,3621,857,591,984,911,964,618,545,565,744,倍率参考式
器用さ,58,666554,32,39,44,118,52,66,81,7248,3621,857,611,984,917,957,598,565,545,764,倍率参考式
器用さ,59,666554,32,39,45,118,52,58,81,7248,3621,924,638,984,937,1004,711,558,558,851,倍率参考式
器用さ,60,666554,32,39,45,118,52,61,82,7248,3621,931,684,984,897,944,738,478,585,884,倍率参考式
器用さ,61,666554,32,39,45,118,52,66,83,7248,3621,897,645,984,944,950,631,485,551,851,倍率参考式
器用さ,62,666554,32,39,45,118,52,66,84,7248,3621,904,645,984,937,957,638,498,558,871,倍率参考式
器用さ,63,666554,32,39,45,118,52,66,87,7248,3621,877,638,984,911,944,671,498,558,851,倍率参考式
器用さ,64,666554,32,39,45,118,52,68,81,7248,3621,917,658,984,931,990,665,598,525,857,倍率参考式
器用さ,65,666554,32,39,45,118,58,66,81,7248,3621,891,631,984,970,957,691,538,538,791,倍率参考式
器用さ,66,666554,32,39,45,118,61,66,82,7248,3621,897,678,984,931,897,718,458,565,824,倍率参考式
器用さ,67,666554,32,39,45,118,66,68,81,7248,3621,884,651,984,964,944,645,578,505,798,倍率参考式
器用さ,68,666554,32,40,45,118,52,66,81,7248,3621,817,684,984,911,891,731,618,498,758,倍率参考式
器用さ,69,666554,32,43,45,118,52,61,81,7248,3621,911,698,984,897,891,744,532,645,744,倍率参考式
器用さ,70,666554,32,43,45,118,52,66,74,7248,3621,837,665,984,944,917,691,551,578,758,倍率参考式
器用さ,71,666554,32,43,45,118,52,66,78,7248,3621,844,645,984,937,897,658,492,585,778,倍率参考式
器用さ,72,666554,32,43,45,118,52,66,86,7248,3621,851,625,984,924,911,684,505,625,751,倍率参考式
器用さ,73,666554,32,43,45,118,61,66,81,7248,3621,877,691,984,931,844,724,512,625,684,倍率参考式
器用さ,74,666554,32,44,45,118,52,66,81,7248,3621,857,645,984,944,957,691,565,512,744,倍率参考式
器用さ,75,666644,32,39,40,43,45,81,82,7440,3716,837,629,984,877,897,723,582,623,777,倍率参考式
器用さ,76,666644,32,39,40,43,118,81,82,7440,3716,837,649,984,884,891,703,603,603,797,倍率参考式
器用さ,77,666644,32,39,40,45,118,74,81,7440,3716,864,703,984,911,938,737,656,515,830,倍率参考式
器用さ,78,666644,32,39,40,45,118,78,81,7440,3716,871,683,984,904,917,703,596,522,850,倍率参考式
器用さ,79,666644,32,39,40,45,118,81,86,7440,3716,877,663,984,891,931,730,609,562,824,倍率参考式
器用さ,80,666644,32,39,43,44,45,81,82,7440,3716,877,589,984,911,964,683,529,636,763,倍率参考式
器用さ,81,666644,32,39,43,44,118,81,82,7440,3716,877,609,984,917,958,663,549,616,783,倍率参考式
器用さ,82,666644,32,39,43,45,118,74,78,7440,3716,891,663,984,938,944,663,529,603,850,倍率参考式
器用さ,83,666644,32,39,43,45,118,74,86,7440,3716,897,643,984,924,958,690,542,643,824,倍率参考式
器用さ,84,666644,32,39,43,45,118,77,81,7440,3716,897,629,984,944,951,690,536,649,810,倍率参考式
器用さ,85,666644,32,39,43,45,118,78,86,7440,3716,904,623,984,917,938,656,482,649,844,倍率参考式
器用さ,86,666644,32,39,43,45,118,79,81,7440,3716,938,649,984,911,958,683,556,663,830,倍率参考式
器用さ,87,666644,32,39,43,45,118,81,88,7440,3716,944,663,984,917,931,703,515,656,824,倍率参考式
器用さ,88,666644,32,39,43,45,118,82,83,7440,3716,917,643,984,944,951,696,469,623,871,倍率参考式
器用さ,89,666644,32,39,43,45,118,82,84,7440,3716,924,643,984,938,958,703,482,629,891,倍率参考式
器用さ,90,666644,32,39,43,45,118,82,87,7440,3716,897,636,984,911,944,737,482,629,871,倍率参考式
器用さ,91,666644,32,39,44,45,118,74,81,7440,3716,904,663,984,944,1005,696,603,529,817,倍率参考式
器用さ,92,666644,32,39,44,45,118,78,81,7440,3716,911,643,984,938,984,663,542,536,837,倍率参考式
器用さ,93,666644,32,39,44,45,118,81,86,7440,3716,917,623,984,924,998,690,556,576,810,倍率参考式
器用さ,94,666644,32,40,43,45,118,81,82,7440,3716,837,683,984,911,891,797,603,569,777,倍率参考式
器用さ,95,666644,32,43,44,45,118,81,82,7440,3716,877,643,984,944,958,757,549,582,763,倍率参考式
器用さ,96,666653,32,39,40,45,118,52,108,7254,3623,904,665,984,844,944,738,571,558,871,倍率参考式
器用さ,97,666653,32,39,40,45,118,66,108,7254,3623,871,658,984,877,897,718,551,538,811,倍率参考式
器用さ,98,666653,32,39,43,45,118,52,102,7254,3623,950,645,984,884,950,658,505,645,864,倍率参考式
器用さ,99,666653,32,39,43,45,118,52,103,7254,3623,924,625,984,897,937,658,478,631,884,倍率参考式
器用さ,100,666653,32,39,43,45,118,52,104,7254,3623,931,645,984,911,957,678,498,665,871,倍率参考式
器用さ,101,666653,32,39,43,45,118,52,110,7254,3623,957,638,984,884,937,671,492,658,851,倍率参考式
器用さ,102,666653,32,39,43,45,118,61,108,7254,3623,964,671,984,864,897,731,465,684,798,倍率参考式
器用さ,103,666653,32,39,43,45,118,66,102,7254,3623,917,638,984,917,904,638,485,625,804,倍率参考式
器用さ,104,666653,32,39,43,45,118,66,103,7254,3623,891,618,984,931,891,638,458,611,824,倍率参考式
器用さ,105,666653,32,39,43,45,118,66,104,7254,3623,897,638,984,944,911,658,478,645,811,倍率参考式
器用さ,106,666653,32,39,43,45,118,66,110,7254,3623,924,631,984,917,891,651,472,638,791,倍率参考式
器用さ,107,666653,32,39,44,45,118,52,108,7254,3623,944,625,984,877,1010,698,518,571,857,倍率参考式
器用さ,108,666653,32,39,44,45,118,66,108,7254,3623,911,618,984,911,964,678,498,551,798,倍率参考式
器用さ,109,766544,32,34,39,43,52,81,82,7248,3621,851,578,984,871,950,611,585,638,778,倍率参考式
器用さ,110,766544,32,34,39,43,66,81,82,7248,3621,817,571,984,904,904,591,565,618,718,倍率参考式
器用さ,111,766544,32,34,39,45,52,74,81,7248,3621,877,631,984,897,997,645,638,551,811,倍率参考式
器用さ,112,766544,32,34,39,45,52,78,81,7248,3621,884,611,984,891,977,611,578,558,831,倍率参考式
器用さ,113,766544,32,34,39,45,52,81,86,7248,3621,891,591,984,877,990,638,591,598,804,倍率参考式
器用さ,114,766544,32,34,39,45,66,74,81,7248,3621,844,625,984,931,950,625,618,532,751,倍率参考式
器用さ,115,766544,32,34,39,45,66,78,81,7248,3621,851,605,984,924,931,591,558,538,771,倍率参考式
器用さ,116,766544,32,34,39,45,66,81,86,7248,3621,857,585,984,911,944,618,571,578,744,倍率参考式
器用さ,117,766544,32,34,39,118,52,74,81,7248,3621,877,651,984,904,990,625,658,532,831,倍率参考式
器用さ,118,766544,32,34,39,118,52,78,81,7248,3621,884,631,984,897,970,591,598,538,851,倍率参考式
器用さ,119,766544,32,34,39,118,52,81,86,7248,3621,891,611,984,884,984,618,611,578,824,倍率参考式
器用さ,120,766544,32,34,39,118,66,74,81,7248,3621,844,645,984,937,944,605,638,512,771,倍率参考式
器用さ,121,766544,32,34,39,118,66,78,81,7248,3621,851,625,984,931,924,571,578,518,791,倍率参考式
器用さ,122,766544,32,34,39,118,66,81,86,7248,3621,857,605,984,917,937,598,591,558,764,倍率参考式
器用さ,123,766544,32,34,43,45,52,81,82,7248,3621,851,611,984,897,950,704,585,605,758,倍率参考式
器用さ,124,766544,32,34,43,45,66,81,82,7248,3621,817,605,984,931,904,684,565,585,698,倍率参考式
器用さ,125,766544,32,34,43,118,52,81,82,7248,3621,851,631,984,904,944,684,605,585,778,倍率参考式
器用さ,126,766544,32,34,43,118,66,81,82,7248,3621,817,625,984,937,897,665,585,565,718,倍率参考式
器用さ,127,766544,32,34,45,118,52,74,81,7248,3621,877,684,984,931,990,718,658,498,811,倍率参考式
器用さ,128,766544,32,34,45,118,52,78,81,7248,3621,884,665,984,924,970,684,598,505,831,倍率参考式
器用さ,129,766544,32,34,45,118,52,81,86,7248,3621,891,645,984,911,984,711,611,545,804,倍率参考式
器用さ,130,766544,32,34,45,118,66,74,81,7248,3621,844,678,984,964,944,698,638,478,751,倍率参考式
器用さ,131,766544,32,34,45,118,66,78,81,7248,3621,851,658,984,957,924,665,578,485,771,倍率参考式
器用さ,132,766544,32,34,45,118,66,81,86,7248,3621,857,638,984,944,937,691,591,525,744,倍率参考式
器用さ,133,766643,32,34,39,43,45,81,100,7254,3623,937,618,984,884,937,651,551,665,751,倍率参考式
器用さ,134,766643,32,34,39,43,45,81,106,7254,3623,924,611,984,891,944,625,585,638,771,倍率参考式
器用さ,135,766643,32,34,39,43,45,82,108,7254,3623,904,585,984,864,957,691,518,645,811,倍率参考式
器用さ,136,766643,32,34,39,43,118,81,100,7254,3623,937,638,984,891,931,631,571,645,771,倍率参考式
器用さ,137,766643,32,34,39,43,118,81,106,7254,3623,924,631,984,897,937,605,605,618,791,倍率参考式
器用さ,138,766643,32,34,39,43,118,82,108,7254,3623,904,605,984,871,950,671,538,625,831,倍率参考式
器用さ,139,766643,32,34,39,45,118,74,108,7254,3623,931,658,984,897,997,704,591,538,864,倍率参考式
器用さ,140,766643,32,34,39,45,118,78,108,7254,3623,937,638,984,891,977,671,532,545,884,倍率参考式
器用さ,141,766643,32,34,39,45,118,81,102,7254,3623,957,658,984,904,977,665,591,545,857,倍率参考式
器用さ,142,766643,32,34,39,45,118,81,103,7254,3623,931,638,984,917,964,665,565,532,877,倍率参考式
器用さ,143,766643,32,34,39,45,118,81,104,7254,3623,937,658,984,931,984,684,585,565,864,倍率参考式
器用さ,144,766643,32,34,39,45,118,81,110,7254,3623,964,651,984,904,964,678,578,558,844,倍率参考式
器用さ,145,766643,32,34,39,45,118,82,100,7254,3623,957,658,984,917,984,718,518,551,891,倍率参考式
器用さ,146,766643,32,34,39,45,118,82,106,7254,3623,944,651,984,924,990,691,551,525,911,倍率参考式
器用さ,147,766643,32,34,39,45,118,86,108,7254,3623,944,618,984,877,990,698,545,585,857,倍率参考式
器用さ,148,766643,32,34,43,45,118,81,100,7254,3623,937,671,984,917,931,724,571,611,751,倍率参考式
器用さ,149,766643,32,34,43,45,118,81,106,7254,3623,924,665,984,924,937,698,605,585,771,倍率参考式
器用さ,150,766643,32,34,43,45,118,82,108,7254,3623,904,638,984,897,950,764,538,591,811,倍率参考式
器用さ,151,766553,32,34,39,45,52,66,108,7062,3528,884,587,983,864,957,627,534,574,792,倍率参考式
器用さ,152,766553,32,34,39,118,52,66,108,7062,3528,884,607,983,871,950,607,554,554,811,倍率参考式
器用さ,153,766553,32,34,45,118,52,66,108,7062,3528,884,640,983,897,950,699,554,521,792,倍率参考式
器用さ,154,666644,32,39,40,43,45,74,81,7440,3716,837,656,978,877,897,696,643,623,743,倍率参考式
器用さ,155,666644,32,39,40,43,45,78,81,7440,3716,844,636,978,871,877,663,582,629,763,倍率参考式
器用さ,156,666644,32,39,40,43,45,81,86,7440,3716,850,616,978,857,891,690,596,670,737,倍率参考式
器用さ,157,666644,32,39,40,43,118,74,81,7440,3716,837,676,978,884,891,676,663,603,763,倍率参考式
器用さ,158,666644,32,39,40,43,118,78,81,7440,3716,844,656,978,877,871,643,603,609,783,倍率参考式
器用さ,159,666644,32,39,40,43,118,81,86,7440,3716,850,636,978,864,884,670,616,649,757,倍率参考式
器用さ,160,666644,32,39,40,45,118,74,82,7440,3716,857,696,978,911,944,763,609,509,884,倍率参考式
器用さ,161,666644,32,39,40,45,118,78,82,7440,3716,864,676,978,904,924,730,549,515,904,倍率参考式
器用さ,162,666644,32,39,40,45,118,81,83,7440,3716,897,690,978,911,924,710,596,542,837,倍率参考式
器用さ,163,666644,32,39,40,45,118,81,84,7440,3716,904,690,978,904,931,716,609,549,857,倍率参考式
器用さ,164,666644,32,39,40,45,118,81,87,7440,3716,877,683,978,877,917,750,609,549,837,倍率参考式
器用さ,165,666644,32,39,40,45,118,82,86,7440,3716,871,656,978,891,938,757,562,556,877,倍率参考式
器用さ,166,666644,32,39,43,44,45,74,81,7440,3716,877,616,978,911,964,656,589,636,730,倍率参考式
器用さ,167,666644,32,39,43,44,45,78,81,7440,3716,884,596,978,904,944,623,529,643,750,倍率参考式
器用さ,168,666644,32,39,43,44,45,81,86,7440,3716,891,576,978,891,958,649,542,683,723,倍率参考式
器用さ,169,666644,32,39,43,44,118,74,81,7440,3716,877,636,978,917,958,636,609,616,750,倍率参考式
器用さ,170,666644,32,39,43,44,118,78,81,7440,3716,884,616,978,911,938,603,549,623,770,倍率参考式
器用さ,171,666644,32,39,43,44,118,81,86,7440,3716,891,596,978,897,951,629,562,663,743,倍率参考式
器用さ,172,666644,32,39,43,45,118,74,83,7440,3716,917,670,978,944,951,670,529,623,837,倍率参考式
器用さ,173,666644,32,39,43,45,118,74,84,7440,3716,924,670,978,938,958,676,542,629,857,倍率参考式
器用さ,174,666644,32,39,43,45,118,74,87,7440,3716,897,663,978,911,944,710,542,629,837,倍率参考式
器用さ,175,666644,32,39,43,45,118,77,82,7440,3716,891,623,978,944,958,716,489,643,864,倍率参考式
器用さ,176,666644,32,39,43,45,118,78,83,7440,3716,924,649,978,938,931,636,469,629,857,倍率参考式
器用さ,177,666644,32,39,43,45,118,78,84,7440,3716,931,649,978,931,938,643,482,636,877,倍率参考式
器用さ,178,666644,32,39,43,45,118,78,87,7440,3716,904,643,978,904,924,676,482,636,857,倍率参考式
器用さ,179,666644,32,39,43,45,118,79,82,7440,3716,931,643,978,911,964,710,509,656,884,倍率参考式
器用さ,180,666644,32,39,43,45,118,81,92,7440,3716,938,649,978,911,944,696,522,663,804,倍率参考式
器用さ,181,666644,32,39,43,45,118,82,88,7440,3716,938,656,978,917,938,730,469,649,877,倍率参考式
器用さ,182,666644,32,39,43,45,118,83,86,7440,3716,931,629,978,924,944,663,482,670,830,倍率参考式
器用さ,183,666644,32,39,43,45,118,84,86,7440,3716,938,629,978,917,951,670,495,676,850,倍率参考式
器用さ,184,666644,32,39,43,45,118,86,87,7440,3716,911,623,978,891,938,703,495,676,830,倍率参考式
器用さ,185,666644,32,39,44,45,118,74,82,7440,3716,897,656,978,944,1011,723,556,522,871,倍率参考式
器用さ,186,666644,32,39,44,45,118,78,82,7440,3716,904,636,978,938,991,690,495,529,891,倍率参考式
器用さ,187,666644,32,39,44,45,118,81,83,7440,3716,938,649,978,944,991,670,542,556,824,倍率参考式
器用さ,188,666644,32,39,44,45,118,81,84,7440,3716,944,649,978,938,998,676,556,562,844,倍率参考式
器用さ,189,666644,32,39,44,45,118,81,87,7440,3716,917,643,978,911,984,710,556,562,824,倍率参考式
器用さ,190,666644,32,39,44,45,118,82,86,7440,3716,911,616,978,924,1005,716,509,569,864,倍率参考式
器用さ,191,666644,32,40,43,45,118,74,81,7440,3716,837,710,978,911,891,770,663,569,743,倍率参考式
器用さ,192,666644,32,40,43,45,118,78,81,7440,3716,844,690,978,904,871,737,603,576,763,倍率参考式
器用さ,193,666644,32,40,43,45,118,81,86,7440,3716,850,670,978,891,884,763,616,616,737,倍率参考式
器用さ,194,666644,32,43,44,45,118,74,81,7440,3716,877,670,978,944,958,730,609,582,730,倍率参考式
器用さ,195,666644,32,43,44,45,118,78,81,7440,3716,884,649,978,938,938,696,549,589,750,倍率参考式
器用さ,196,666644,32,43,44,45,118,81,86,7440,3716,891,629,978,924,951,723,562,629,723,倍率参考式
器用さ,197,666554,32,39,40,43,52,66,81,7248,3621,791,605,977,851,851,598,605,638,691,倍率参考式
器用さ,198,666554,32,39,40,45,52,66,82,7248,3621,811,625,977,877,904,684,551,545,811,倍率参考式
器用さ,199,666554,32,39,40,118,52,66,82,7248,3621,811,645,977,884,897,665,571,525,831,倍率参考式
器用さ,200,666554,32,39,43,44,52,66,81,7248,3621,831,565,977,884,917,558,551,651,678,倍率参考式
器用さ,201,666554,32,39,43,45,52,58,81,7248,3621,897,591,977,904,964,671,545,665,764,倍率参考式
器用さ,202,666554,32,39,43,45,52,61,82,7248,3621,904,638,977,864,904,698,465,691,798,倍率参考式
器用さ,203,666554,32,39,43,45,52,66,83,7248,3621,871,598,977,911,911,591,472,658,764,倍率参考式
器用さ,204,666554,32,39,43,45,52,66,84,7248,3621,877,598,977,904,917,598,485,665,784,倍率参考式
器用さ,205,666554,32,39,43,45,52,66,87,7248,3621,851,591,977,877,904,631,485,665,764,倍率参考式
器用さ,206,666554,32,39,43,45,52,68,81,7248,3621,891,611,977,897,950,625,585,631,771,倍率参考式
器用さ,207,666554,32,39,43,45,58,66,81,7248,3621,864,585,977,937,917,651,525,645,704,倍率参考式
器用さ,208,666554,32,39,43,45,61,66,82,7248,3621,871,631,977,897,857,678,445,671,738,倍率参考式
器用さ,209,666554,32,39,43,45,66,68,81,7248,3621,857,605,977,931,904,605,565,611,711,倍率参考式
器用さ,210,666554,32,39,43,118,52,58,81,7248,3621,897,611,977,911,957,651,565,645,784,倍率参考式
器用さ,211,666554,32,39,43,118,52,61,82,7248,3621,904,658,977,871,897,678,485,671,817,倍率参考式
器用さ,212,666554,32,39,43,118,52,66,83,7248,3621,871,618,977,917,904,571,492,638,784,倍率参考式
器用さ,213,666554,32,39,43,118,52,66,84,7248,3621,877,618,977,911,911,578,505,645,804,倍率参考式
器用さ,214,666554,32,39,43,118,52,66,87,7248,3621,851,611,977,884,897,611,505,645,784,倍率参考式
器用さ,215,666554,32,39,43,118,52,68,81,7248,3621,891,631,977,904,944,605,605,611,791,倍率参考式
器用さ,216,666554,32,39,43,118,58,66,81,7248,3621,864,605,977,944,911,631,545,625,724,倍率参考式
器用さ,217,666554,32,39,43,118,61,66,82,7248,3621,871,651,977,904,851,658,465,651,758,倍率参考式
器用さ,218,666554,32,39,43,118,66,68,81,7248,3621,857,625,977,937,897,585,585,591,731,倍率参考式
器用さ,219,666554,32,39,44,45,52,66,82,7248,3621,851,585,977,911,970,645,498,558,798,倍率参考式
器用さ,220,666554,32,39,44,118,52,66,82,7248,3621,851,605,977,917,964,625,518,538,817,倍率参考式
器用さ,221,666554,32,39,45,118,52,56,81,7248,3621,931,631,977,911,964,704,578,538,864,倍率参考式
器用さ,222,666554,32,39,45,118,52,58,82,7248,3621,917,631,977,937,1010,738,512,551,904,倍率参考式
器用さ,223,666554,32,39,45,118,52,60,81,7248,3621,911,651,977,937,997,684,558,558,851,倍率参考式
器用さ,224,666554,32,39,45,118,52,61,74,7248,3621,931,711,977,897,944,711,538,585,851,倍率参考式
器用さ,225,666554,32,39,45,118,52,61,78,7248,3621,937,691,977,891,924,678,478,591,871,倍率参考式
器用さ,226,666554,32,39,45,118,52,61,86,7248,3621,944,671,977,877,937,704,492,631,844,倍率参考式
器用さ,227,666554,32,39,45,118,52,66,77,7248,3621,871,625,977,944,957,651,505,571,844,倍率参考式
器用さ,228,666554,32,39,45,118,52,66,79,7248,3621,911,645,977,911,964,645,525,585,864,倍率参考式
器用さ,229,666554,32,39,45,118,52,66,88,7248,3621,917,658,977,917,937,665,485,578,857,倍率参考式
器用さ,230,666554,32,39,45,118,52,68,82,7248,3621,911,651,977,931,997,691,551,518,911,倍率参考式
器用さ,231,666554,32,39,45,118,56,66,81,7248,3621,897,625,977,944,917,684,558,518,804,倍率参考式
器用さ,232,666554,32,39,45,118,58,66,82,7248,3621,884,625,977,970,964,718,492,532,844,倍率参考式
器用さ,233,666554,32,39,45,118,60,66,81,7248,3621,877,645,977,970,950,665,538,538,791,倍率参考式
器用さ,234,666554,32,39,45,118,61,66,74,7248,3621,897,704,977,931,897,691,518,565,791,倍率参考式
器用さ,235,666554,32,39,45,118,61,66,78,7248,3621,904,684,977,924,877,658,458,571,811,倍率参考式
器用さ,236,666554,32,39,45,118,61,66,86,7248,3621,911,665,977,911,891,684,472,611,784,倍率参考式
器用さ,237,666554,32,39,45,118,66,68,82,7248,3621,877,645,977,964,950,671,532,498,851,倍率参考式
器用さ,238,666554,32,40,43,45,52,66,81,7248,3621,791,638,977,877,851,691,605,605,671,倍率参考式
器用さ,239,666554,32,40,43,118,52,66,81,7248,3621,791,658,977,884,844,671,625,585,691,倍率参考式
器用さ,240,666554,32,40,45,118,52,66,82,7248,3621,811,678,977,911,897,758,571,492,811,倍率参考式
器用さ,241,666554,32,43,44,45,52,66,81,7248,3621,831,598,977,911,917,651,551,618,658,倍率参考式
器用さ,242,666554,32,43,44,118,52,66,81,7248,3621,831,618,977,917,911,631,571,598,678,倍率参考式
器用さ,243,666554,32,43,45,118,52,58,81,7248,3621,897,645,977,937,957,744,565,611,764,倍率参考式
器用さ,244,666554,32,43,45,118,52,61,82,7248,3621,904,691,977,897,897,771,485,638,798,倍率参考式
器用さ,245,666554,32,43,45,118,52,66,83,7248,3621,871,651,977,944,904,665,492,605,764,倍率参考式
器用さ,246,666554,32,43,45,118,52,66,84,7248,3621,877,651,977,937,911,671,505,611,784,倍率参考式
器用さ,247,666554,32,43,45,118,52,66,87,7248,3621,851,645,977,911,897,704,505,611,764,倍率参考式
器用さ,248,666554,32,43,45,118,52,68,81,7248,3621,891,665,977,931,944,698,605,578,771,倍率参考式
器用さ,249,666554,32,43,45,118,58,66,81,7248,3621,864,638,977,970,911,724,545,591,704,倍率参考式
器用さ,250,666554,32,43,45,118,61,66,82,7248,3621,871,684,977,931,851,751,465,618,738,倍率参考式
器用さ,251,666554,32,43,45,118,66,68,81,7248,3621,857,658,977,964,897,678,585,558,711,倍率参考式
器用さ,252,666554,32,44,45,118,52,66,82,7248,3621,851,638,977,944,964,718,518,505,798,倍率参考式
器用さ,253,666653,32,39,40,43,45,52,108,7254,3623,877,618,977,811,904,698,558,665,784,倍率参考式
器用さ,254,666653,32,39,40,43,45,66,108,7254,3623,844,611,977,844,857,678,538,645,724,倍率参考式
器用さ,255,666653,32,39,40,43,118,52,108,7254,3623,877,638,977,817,897,678,578,645,804,倍率参考式
器用さ,256,666653,32,39,40,43,118,66,108,7254,3623,844,631,977,851,851,658,558,625,744,倍率参考式
器用さ,257,666653,32,39,40,45,118,52,100,7254,3623,931,691,977,864,931,724,558,571,864,倍率参考式
器用さ,258,666653,32,39,40,45,118,52,106,7254,3623,917,684,977,871,937,698,591,545,884,倍率参考式
器用さ,259,666653,32,39,40,45,118,66,100,7254,3623,897,684,977,897,884,704,538,551,804,倍率参考式
器用さ,260,666653,32,39,40,45,118,66,106,7254,3623,884,678,977,904,891,678,571,525,824,倍率参考式
器用さ,261,666653,32,39,43,44,45,52,108,7254,3623,917,578,977,844,970,658,505,678,771,倍率参考式
器用さ,262,666653,32,39,43,44,45,66,108,7254,3623,884,571,977,877,924,638,485,658,711,倍率参考式
器用さ,263,666653,32,39,43,44,118,52,108,7254,3623,917,598,977,851,964,638,525,658,791,倍率参考式
器用さ,264,666653,32,39,43,44,118,66,108,7254,3623,884,591,977,884,917,618,505,638,731,倍率参考式
器用さ,265,666653,32,39,43,45,118,52,98,7254,3623,924,625,977,911,937,651,505,631,864,倍率参考式
器用さ,266,666653,32,39,43,45,118,52,107,7254,3623,924,625,977,897,944,665,505,631,851,倍率参考式
器用さ,267,666653,32,39,43,45,118,52,113,7254,3623,931,645,977,884,957,671,498,665,857,倍率参考式
器用さ,268,666653,32,39,43,45,118,58,108,7254,3623,950,618,977,904,964,731,498,651,817,倍率参考式
器用さ,269,666653,32,39,43,45,118,61,100,7254,3623,990,698,977,884,884,718,452,698,791,倍率参考式
器用さ,270,666653,32,39,43,45,118,61,106,7254,3623,977,691,977,891,891,691,485,671,811,倍率参考式
器用さ,271,666653,32,39,43,45,118,66,98,7254,3623,891,618,977,944,891,631,485,611,804,倍率参考式
器用さ,272,666653,32,39,43,45,118,66,107,7254,3623,891,618,977,931,897,645,485,611,791,倍率参考式
器用さ,273,666653,32,39,43,45,118,66,113,7254,3623,897,638,977,917,911,651,478,645,798,倍率参考式
器用さ,274,666653,32,39,43,45,118,68,108,7254,3623,944,638,977,897,950,684,538,618,824,倍率参考式
器用さ,275,666653,32,39,44,45,118,52,100,7254,3623,970,651,977,897,997,684,505,585,851,倍率参考式
器用さ,276,666653,32,39,44,45,118,52,106,7254,3623,957,645,977,904,1004,658,538,558,871,倍率参考式
器用さ,277,666653,32,39,44,45,118,66,100,7254,3623,937,645,977,931,950,665,485,565,791,倍率参考式
器用さ,278,666653,32,39,44,45,118,66,106,7254,3623,924,638,977,937,957,638,518,538,811,倍率参考式
器用さ,279,666653,32,40,43,45,118,52,108,7254,3623,877,671,977,844,897,771,578,611,784,倍率参考式
器用さ,280,666653,32,40,43,45,118,66,108,7254,3623,844,665,977,877,851,751,558,591,724,倍率参考式
器用さ,281,666653,32,43,44,45,118,52,108,7254,3623,917,631,977,877,964,731,525,625,771,倍率参考式
器用さ,282,666653,32,43,44,45,118,66,108,7254,3623,884,625,977,911,917,711,505,605,711,倍率参考式
器用さ,283,766544,32,34,39,43,52,74,81,7248,3621,851,605,977,871,950,585,645,638,744,倍率参考式
器用さ,284,766544,32,34,39,43,52,78,81,7248,3621,857,585,977,864,931,551,585,645,764,倍率参考式
器用さ,285,766544,32,34,39,43,52,81,86,7248,3621,864,565,977,851,944,578,598,684,738,倍率参考式
器用さ,286,766544,32,34,39,43,66,74,81,7248,3621,817,598,977,904,904,565,625,618,684,倍率参考式
器用さ,287,766544,32,34,39,43,66,78,81,7248,3621,824,578,977,897,884,532,565,625,704,倍率参考式
器用さ,288,766544,32,34,39,43,66,81,86,7248,3621,831,558,977,884,897,558,578,665,678,倍率参考式
器用さ,289,766544,32,34,39,45,52,74,82,7248,3621,871,625,977,897,1004,671,591,545,864,倍率参考式
器用さ,290,766544,32,34,39,45,52,78,82,7248,3621,877,605,977,891,984,638,532,551,884,倍率参考式
器用さ,291,766544,32,34,39,45,52,81,83,7248,3621,911,618,977,897,984,618,578,578,817,倍率参考式
器用さ,292,766544,32,34,39,45,52,81,84,7248,3621,917,618,977,891,990,625,591,585,837,倍率参考式
器用さ,293,766544,32,34,39,45,52,81,87,7248,3621,891,611,977,864,977,658,591,585,817,倍率参考式
器用さ,294,766544,32,34,39,45,52,82,86,7248,3621,884,585,977,877,997,665,545,591,857,倍率参考式
器用さ,295,766544,32,34,39,45,61,81,82,7248,3621,911,651,977,884,931,704,551,591,791,倍率参考式
器用さ,296,766544,32,34,39,45,66,74,82,7248,3621,837,618,977,931,957,651,571,525,804,倍率参考式
器用さ,297,766544,32,34,39,45,66,78,82,7248,3621,844,598,977,924,937,618,512,532,824,倍率参考式
器用さ,298,766544,32,34,39,45,66,81,83,7248,3621,877,611,977,931,937,598,558,558,758,倍率参考式
器用さ,299,766544,32,34,39,45,66,81,84,7248,3621,884,611,977,924,944,605,571,565,778,倍率参考式
器用さ,300,766544,32,34,39,45,66,81,87,7248,3621,857,605,977,897,931,638,571,565,758,倍率参考式
器用さ,301,766544,32,34,39,45,66,82,86,7248,3621,851,578,977,911,950,645,525,571,798,倍率参考式
器用さ,302,766544,32,34,39,118,52,74,82,7248,3621,871,645,977,904,997,651,611,525,884,倍率参考式
器用さ,303,766544,32,34,39,118,52,78,82,7248,3621,877,625,977,897,977,618,551,532,904,倍率参考式
器用さ,304,766544,32,34,39,118,52,81,83,7248,3621,911,638,977,904,977,598,598,558,837,倍率参考式
器用さ,305,766544,32,34,39,118,52,81,84,7248,3621,917,638,977,897,984,605,611,565,857,倍率参考式
器用さ,306,766544,32,34,39,118,52,81,87,7248,3621,891,631,977,871,970,638,611,565,837,倍率参考式
器用さ,307,766544,32,34,39,118,52,82,86,7248,3621,884,605,977,884,990,645,565,571,877,倍率参考式
器用さ,308,766544,32,34,39,118,61,81,82,7248,3621,911,671,977,891,924,684,571,571,811,倍率参考式
器用さ,309,766544,32,34,39,118,66,74,82,7248,3621,837,638,977,937,950,631,591,505,824,倍率参考式
器用さ,310,766544,32,34,39,118,66,78,82,7248,3621,844,618,977,931,931,598,532,512,844,倍率参考式
器用さ,311,766544,32,34,39,118,66,81,83,7248,3621,877,631,977,937,931,578,578,538,778,倍率参考式
器用さ,312,766544,32,34,39,118,66,81,84,7248,3621,884,631,977,931,937,585,591,545,798,倍率参考式
器用さ,313,766544,32,34,39,118,66,81,87,7248,3621,857,625,977,904,924,618,591,545,778,倍率参考式
器用さ,314,766544,32,34,39,118,66,82,86,7248,3621,851,598,977,917,944,625,545,551,817,倍率参考式
器用さ,315,766544,32,34,43,45,52,74,81,7248,3621,851,638,977,897,950,678,645,605,724,倍率参考式
器用さ,316,766544,32,34,43,45,52,78,81,7248,3621,857,618,977,891,931,645,585,611,744,倍率参考式
器用さ,317,766544,32,34,43,45,52,81,86,7248,3621,864,598,977,877,944,671,598,651,718,倍率参考式
器用さ,318,766544,32,34,43,45,66,74,81,7248,3621,817,631,977,931,904,658,625,585,665,倍率参考式
器用さ,319,766544,32,34,43,45,66,78,81,7248,3621,824,611,977,924,884,625,565,591,684,倍率参考式
器用さ,320,766544,32,34,43,45,66,81,86,7248,3621,831,591,977,911,897,651,578,631,658,倍率参考式
器用さ,321,766544,32,34,43,118,52,74,81,7248,3621,851,658,977,904,944,658,665,585,744,倍率参考式
器用さ,322,766544,32,34,43,118,52,78,81,7248,3621,857,638,977,897,924,625,605,591,764,倍率参考式
器用さ,323,766544,32,34,43,118,52,81,86,7248,3621,864,618,977,884,937,651,618,631,738,倍率参考式
器用さ,324,766544,32,34,43,118,66,74,81,7248,3621,817,651,977,937,897,638,645,565,684,倍率参考式
器用さ,325,766544,32,34,43,118,66,78,81,7248,3621,824,631,977,931,877,605,585,571,704,倍率参考式
器用さ,326,766544,32,34,43,118,66,81,86,7248,3621,831,611,977,917,891,631,598,611,678,倍率参考式
器用さ,327,766544,32,34,45,118,52,74,82,7248,3621,871,678,977,931,997,744,611,492,864,倍率参考式
器用さ,328,766544,32,34,45,118,52,78,82,7248,3621,877,658,977,924,977,711,551,498,884,倍率参考式
器用さ,329,766544,32,34,45,118,52,81,83,7248,3621,911,671,977,931,977,691,598,525,817,倍率参考式
器用さ,330,766544,32,34,45,118,52,81,84,7248,3621,917,671,977,924,984,698,611,532,837,倍率参考式
器用さ,331,766544,32,34,45,118,52,81,87,7248,3621,891,665,977,897,970,731,611,532,817,倍率参考式
器用さ,332,766544,32,34,45,118,52,82,86,7248,3621,884,638,977,911,990,738,565,538,857,倍率参考式
器用さ,333,766544,32,34,45,118,61,81,82,7248,3621,911,704,977,917,924,778,571,538,791,倍率参考式
器用さ,334,766544,32,34,45,118,66,74,82,7248,3621,837,671,977,964,950,724,591,472,804,倍率参考式
器用さ,335,766544,32,34,45,118,66,78,82,7248,3621,844,651,977,957,931,691,532,478,824,倍率参考式
器用さ,336,766544,32,34,45,118,66,81,83,7248,3621,877,665,977,964,931,671,578,505,758,倍率参考式
器用さ,337,766544,32,34,45,118,66,81,84,7248,3621,884,665,977,957,937,678,591,512,778,倍率参考式
器用さ,338,766544,32,34,45,118,66,81,87,7248,3621,857,658,977,931,924,711,591,512,758,倍率参考式
器用さ,339,766544,32,34,45,118,66,82,86,7248,3621,851,631,977,944,944,718,545,518,798,倍率参考式
器用さ,340,766643,32,34,39,40,45,81,108,7254,3623,884,631,977,831,931,704,645,565,778,倍率参考式
器用さ,341,766643,32,34,39,40,118,81,108,7254,3623,884,651,977,837,924,684,665,545,798,倍率参考式
器用さ,342,766643,32,34,39,43,45,74,108,7254,3623,904,611,977,864,957,665,578,645,778,倍率参考式
器用さ,343,766643,32,34,39,43,45,78,108,7254,3623,911,591,977,857,937,631,518,651,798,倍率参考式
器用さ,344,766643,32,34,39,43,45,81,102,7254,3623,931,611,977,871,937,625,578,651,771,倍率参考式
器用さ,345,766643,32,34,39,43,45,81,103,7254,3623,904,591,977,884,924,625,551,638,791,倍率参考式
器用さ,346,766643,32,34,39,43,45,81,104,7254,3623,911,611,977,897,944,645,571,671,778,倍率参考式
器用さ,347,766643,32,34,39,43,45,81,110,7254,3623,937,605,977,871,924,638,565,665,758,倍率参考式
器用さ,348,766643,32,34,39,43,45,82,100,7254,3623,931,611,977,884,944,678,505,658,804,倍率参考式
器用さ,349,766643,32,34,39,43,45,82,106,7254,3623,917,605,977,891,950,651,538,631,824,倍率参考式
器用さ,350,766643,32,34,39,43,45,86,108,7254,3623,917,571,977,844,950,658,532,691,771,倍率参考式
器用さ,351,766643,32,34,39,43,118,74,108,7254,3623,904,631,977,871,950,645,598,625,798,倍率参考式
器用さ,352,766643,32,34,39,43,118,78,108,7254,3623,911,611,977,864,931,611,538,631,817,倍率参考式
器用さ,353,766643,32,34,39,43,118,81,102,7254,3623,931,631,977,877,931,605,598,631,791,倍率参考式
器用さ,354,766643,32,34,39,43,118,81,103,7254,3623,904,611,977,891,917,605,571,618,811,倍率参考式
器用さ,355,766643,32,34,39,43,118,81,104,7254,3623,911,631,977,904,937,625,591,651,798,倍率参考式
器用さ,356,766643,32,34,39,43,118,81,110,7254,3623,937,625,977,877,917,618,585,645,778,倍率参考式
器用さ,357,766643,32,34,39,43,118,82,100,7254,3623,931,631,977,891,937,658,525,638,824,倍率参考式
器用さ,358,766643,32,34,39,43,118,82,106,7254,3623,917,625,977,897,944,631,558,611,844,倍率参考式
器用さ,359,766643,32,34,39,43,118,86,108,7254,3623,917,591,977,851,944,638,551,671,791,倍率参考式
器用さ,360,766643,32,34,39,44,45,81,108,7254,3623,924,591,977,864,997,665,591,578,764,倍率参考式
器用さ,361,766643,32,34,39,44,118,81,108,7254,3623,924,611,977,871,990,645,611,558,784,倍率参考式
器用さ,362,766643,32,34,39,45,118,74,100,7254,3623,957,684,977,917,984,691,578,551,857,倍率参考式
器用さ,363,766643,32,34,39,45,118,74,106,7254,3623,944,678,977,924,990,665,611,525,877,倍率参考式
器用さ,364,766643,32,34,39,45,118,78,100,7254,3623,964,665,977,911,964,658,518,558,877,倍率参考式
器用さ,365,766643,32,34,39,45,118,78,106,7254,3623,950,658,977,917,970,631,551,532,897,倍率参考式
器用さ,366,766643,32,34,39,45,118,81,98,7254,3623,931,638,977,931,964,658,591,532,857,倍率参考式
器用さ,367,766643,32,34,39,45,118,81,107,7254,3623,931,638,977,917,970,671,591,532,844,倍率参考式
器用さ,368,766643,32,34,39,45,118,81,113,7254,3623,937,658,977,904,984,678,585,565,851,倍率参考式
器用さ,369,766643,32,34,39,45,118,82,102,7254,3623,950,651,977,904,984,691,545,538,911,倍率参考式
器用さ,370,766643,32,34,39,45,118,82,103,7254,3623,924,631,977,917,970,691,518,525,931,倍率参考式
器用さ,371,766643,32,34,39,45,118,82,104,7254,3623,931,651,977,931,990,711,538,558,917,倍率参考式
器用さ,372,766643,32,34,39,45,118,82,110,7254,3623,957,645,977,904,970,704,532,551,897,倍率参考式
器用さ,373,766643,32,34,39,45,118,83,108,7254,3623,964,645,977,897,984,678,532,565,871,倍率参考式
器用さ,374,766643,32,34,39,45,118,84,108,7254,3623,970,645,977,891,990,684,545,571,891,倍率参考式
器用さ,375,766643,32,34,39,45,118,86,100,7254,3623,970,645,977,897,977,684,532,598,851,倍率参考式
器用さ,376,766643,32,34,39,45,118,86,106,7254,3623,957,638,977,904,984,658,565,571,871,倍率参考式
器用さ,377,766643,32,34,39,45,118,87,108,7254,3623,944,638,977,864,977,718,545,571,871,倍率参考式
器用さ,378,766643,32,34,40,45,118,81,108,7254,3623,884,684,977,864,924,778,665,512,778,倍率参考式
器用さ,379,766643,32,34,43,45,118,74,108,7254,3623,904,665,977,897,950,738,598,591,778,倍率参考式
器用さ,380,766643,32,34,43,45,118,78,108,7254,3623,911,645,977,891,931,704,538,598,798,倍率参考式
器用さ,381,766643,32,34,43,45,118,81,102,7254,3623,931,665,977,904,931,698,598,598,771,倍率参考式
器用さ,382,766643,32,34,43,45,118,81,103,7254,3623,904,645,977,917,917,698,571,585,791,倍率参考式
器用さ,383,766643,32,34,43,45,118,81,104,7254,3623,911,665,977,931,937,718,591,618,778,倍率参考式
器用さ,384,766643,32,34,43,45,118,81,110,7254,3623,937,658,977,904,917,711,585,611,758,倍率参考式
器用さ,385,766643,32,34,43,45,118,82,100,7254,3623,931,665,977,917,937,751,525,605,804,倍率参考式
器用さ,386,766643,32,34,43,45,118,82,106,7254,3623,917,658,977,924,944,724,558,578,824,倍率参考式
器用さ,387,766643,32,34,43,45,118,86,108,7254,3623,917,625,977,877,944,731,551,638,771,倍率参考式
器用さ,388,766643,32,34,44,45,118,81,108,7254,3623,924,645,977,897,990,738,611,525,764,倍率参考式
器用さ,389,766553,32,34,39,43,52,66,108,7062,3528,858,561,976,838,910,567,541,660,726,倍率参考式
器用さ,390,766553,32,34,39,45,52,66,100,7062,3528,910,613,976,884,943,613,521,587,785,倍率参考式
器用さ,391,766553,32,34,39,45,52,66,106,7062,3528,897,607,976,891,950,587,554,561,805,倍率参考式
器用さ,392,766553,32,34,39,118,52,66,100,7062,3528,910,633,976,891,937,594,541,567,805,倍率参考式
器用さ,393,766553,32,34,39,118,52,66,106,7062,3528,897,627,976,897,943,567,574,541,825,倍率参考式
器用さ,394,766553,32,34,43,45,52,66,108,7062,3528,858,594,976,864,910,660,541,627,706,倍率参考式
器用さ,395,766553,32,34,43,118,52,66,108,7062,3528,858,613,976,871,904,640,561,607,726,倍率参考式
器用さ,396,766553,32,34,45,118,52,66,100,7062,3528,910,666,976,917,937,686,541,534,785,倍率参考式
器用さ,397,766553,32,34,45,118,52,66,106,7062,3528,897,660,976,924,943,660,574,508,805,倍率参考式
器用さ,398,666544,31,39,45,118,52,81,82,7182,3588,850,623,971,911,971,703,522,509,871,コスト32未満の倍率は未検証
器用さ,399,666544,31,39,45,118,66,81,82,7182,3588,817,616,971,944,924,683,502,489,810,コスト32未満の倍率は未検証
器用さ,400,666643,31,39,43,45,118,81,108,7188,3590,884,609,971,877,924,696,509,609,783,コスト32未満の倍率は未検証
器用さ,401,666644,32,39,40,43,45,74,82,7440,3716,830,649,971,877,904,723,596,616,797,倍率参考式
器用さ,402,666644,32,39,40,43,45,78,82,7440,3716,837,629,971,871,884,690,536,623,817,倍率参考式
器用さ,403,666644,32,39,40,43,45,81,83,7440,3716,871,643,971,877,884,670,582,649,750,倍率参考式
器用さ,404,666644,32,39,40,43,45,81,84,7440,3716,877,643,971,871,891,676,596,656,770,倍率参考式
器用さ,405,666644,32,39,40,43,45,81,87,7440,3716,850,636,971,844,877,710,596,656,750,倍率参考式
器用さ,406,666644,32,39,40,43,45,82,86,7440,3716,844,609,971,857,897,716,549,663,790,倍率参考式
器用さ,407,666644,32,39,40,43,118,74,82,7440,3716,830,670,971,884,897,703,616,596,817,倍率参考式
器用さ,408,666644,32,39,40,43,118,78,82,7440,3716,837,649,971,877,877,670,556,603,837,倍率参考式
器用さ,409,666644,32,39,40,43,118,81,83,7440,3716,871,663,971,884,877,649,603,629,770,倍率参考式
器用さ,410,666644,32,39,40,43,118,81,84,7440,3716,877,663,971,877,884,656,616,636,790,倍率参考式
器用さ,411,666644,32,39,40,43,118,81,87,7440,3716,850,656,971,850,871,690,616,636,770,倍率参考式
器用さ,412,666644,32,39,40,43,118,82,86,7440,3716,844,629,971,864,891,696,569,643,810,倍率参考式
器用さ,413,666644,32,39,40,44,45,81,82,7440,3716,850,629,971,877,944,723,609,549,783,倍率参考式
器用さ,414,666644,32,39,40,44,118,81,82,7440,3716,850,649,971,884,938,703,629,529,804,倍率参考式
器用さ,415,666644,32,39,40,45,118,74,78,7440,3716,864,703,971,904,924,703,609,515,871,倍率参考式
器用さ,416,666644,32,39,40,45,118,74,86,7440,3716,871,683,971,891,938,730,623,556,844,倍率参考式
器用さ,417,666644,32,39,40,45,118,77,81,7440,3716,871,670,971,911,931,730,616,562,830,倍率参考式
器用さ,418,666644,32,39,40,45,118,78,86,7440,3716,877,663,971,884,917,696,562,562,864,倍率参考式
器用さ,419,666644,32,39,40,45,118,79,81,7440,3716,911,690,971,877,938,723,636,576,850,倍率参考式
器用さ,420,666644,32,39,40,45,118,81,88,7440,3716,917,703,971,884,911,743,596,569,844,倍率参考式
器用さ,421,666644,32,39,40,45,118,82,83,7440,3716,891,683,971,911,931,737,549,536,891,倍率参考式
器用さ,422,666644,32,39,40,45,118,82,84,7440,3716,897,683,971,904,938,743,562,542,911,倍率参考式
器用さ,423,666644,32,39,40,45,118,82,87,7440,3716,871,676,971,877,924,777,562,542,891,倍率参考式
器用さ,424,666644,32,39,43,44,45,74,82,7440,3716,871,609,971,911,971,683,542,629,783,倍率参考式
器用さ,425,666644,32,39,43,44,45,78,82,7440,3716,877,589,971,904,951,649,482,636,804,倍率参考式
器用さ,426,666644,32,39,43,44,45,81,83,7440,3716,911,603,971,911,951,629,529,663,737,倍率参考式
器用さ,427,666644,32,39,43,44,45,81,84,7440,3716,917,603,971,904,958,636,542,670,757,倍率参考式
器用さ,428,666644,32,39,43,44,45,81,87,7440,3716,891,596,971,877,944,670,542,670,737,倍率参考式
器用さ,429,666644,32,39,43,44,45,82,86,7440,3716,884,569,971,891,964,676,495,676,777,倍率参考式
器用さ,430,666644,32,39,43,44,118,74,82,7440,3716,871,629,971,917,964,663,562,609,804,倍率参考式
器用さ,431,666644,32,39,43,44,118,78,82,7440,3716,877,609,971,911,944,629,502,616,824,倍率参考式
器用さ,432,666644,32,39,43,44,118,81,83,7440,3716,911,623,971,917,944,609,549,643,757,倍率参考式
器用さ,433,666644,32,39,43,44,118,81,84,7440,3716,917,623,971,911,951,616,562,649,777,倍率参考式
器用さ,434,666644,32,39,43,44,118,81,87,7440,3716,891,616,971,884,938,649,562,649,757,倍率参考式
器用さ,435,666644,32,39,43,44,118,82,86,7440,3716,884,589,971,897,958,656,515,656,797,倍率参考式
器用さ,436,666644,32,39,43,45,118,74,77,7440,3716,891,649,971,944,958,690,549,643,830,倍率参考式
器用さ,437,666644,32,39,43,45,118,74,79,7440,3716,931,670,971,911,964,683,569,656,850,倍率参考式
器用さ,438,666644,32,39,43,45,118,74,88,7440,3716,938,683,971,917,938,703,529,649,844,倍率参考式
器用さ,439,666644,32,39,43,45,118,77,78,7440,3716,897,629,971,938,938,656,489,649,850,倍率参考式
器用さ,440,666644,32,39,43,45,118,77,86,7440,3716,904,609,971,924,951,683,502,690,824,倍率参考式
器用さ,441,666644,32,39,43,45,118,78,79,7440,3716,938,649,971,904,944,649,509,663,871,倍率参考式
器用さ,442,666644,32,39,43,45,118,78,88,7440,3716,944,663,971,911,917,670,469,656,864,倍率参考式
器用さ,443,666644,32,39,43,45,118,79,86,7440,3716,944,629,971,891,958,676,522,703,844,倍率参考式
器用さ,444,666644,32,39,43,45,118,81,85,7440,3716,904,670,971,944,958,676,536,629,797,倍率参考式
器用さ,445,666644,32,39,43,45,118,81,89,7440,3716,897,636,971,917,958,683,562,616,810,倍率参考式
器用さ,446,666644,32,39,43,45,118,81,90,7440,3716,924,643,971,938,958,663,576,609,783,倍率参考式
器用さ,447,666644,32,39,43,45,118,81,93,7440,3716,944,683,971,924,917,710,542,636,804,倍率参考式
器用さ,448,666644,32,39,43,45,118,82,92,7440,3716,931,643,971,911,951,723,475,656,857,倍率参考式
器用さ,449,666644,32,39,43,45,118,83,84,7440,3716,958,656,971,938,944,649,482,656,864,倍率参考式
器用さ,450,666644,32,39,43,45,118,83,87,7440,3716,931,649,971,911,931,683,482,656,844,倍率参考式
器用さ,451,666644,32,39,43,45,118,84,87,7440,3716,938,649,971,904,938,690,495,663,864,倍率参考式
器用さ,452,666644,32,39,43,45,118,86,88,7440,3716,951,643,971,897,931,696,482,696,837,倍率参考式
器用さ,453,666644,32,39,44,45,118,74,78,7440,3716,904,663,971,938,991,663,556,529,857,倍率参考式
器用さ,454,666644,32,39,44,45,118,74,86,7440,3716,911,643,971,924,1005,690,569,569,830,倍率参考式
器用さ,455,666644,32,39,44,45,118,77,81,7440,3716,911,629,971,944,998,690,562,576,817,倍率参考式
器用さ,456,666644,32,39,44,45,118,78,86,7440,3716,917,623,971,917,984,656,509,576,850,倍率参考式
器用さ,457,666644,32,39,44,45,118,79,81,7440,3716,951,649,971,911,1005,683,582,589,837,倍率参考式
器用さ,458,666644,32,39,44,45,118,81,88,7440,3716,958,663,971,917,978,703,542,582,830,倍率参考式
器用さ,459,666644,32,39,44,45,118,82,83,7440,3716,931,643,971,944,998,696,495,549,877,倍率参考式
器用さ,460,666644,32,39,44,45,118,82,84,7440,3716,938,643,971,938,1005,703,509,556,897,倍率参考式
器用さ,461,666644,32,39,44,45,118,82,87,7440,3716,911,636,971,911,991,737,509,556,877,倍率参考式
器用さ,462,666644,32,39,45,50,118,81,82,7440,3716,911,683,971,971,998,763,582,569,891,倍率参考式
器用さ,463,666644,32,40,43,45,118,74,82,7440,3716,830,703,971,911,897,797,616,562,797,倍率参考式
器用さ,464,666644,32,40,43,45,118,78,82,7440,3716,837,683,971,904,877,763,556,569,817,倍率参考式
器用さ,465,666644,32,40,43,45,118,81,83,7440,3716,871,696,971,911,877,743,603,596,750,倍率参考式
器用さ,466,666644,32,40,43,45,118,81,84,7440,3716,877,696,971,904,884,750,616,603,770,倍率参考式
器用さ,467,666644,32,40,43,45,118,81,87,7440,3716,850,690,971,877,871,783,616,603,750,倍率参考式
器用さ,468,666644,32,40,43,45,118,82,86,7440,3716,844,663,971,891,891,790,569,609,790,倍率参考式
器用さ,469,666644,32,40,44,45,118,81,82,7440,3716,850,683,971,911,938,797,629,495,783,倍率参考式
器用さ,470,666644,32,43,44,45,118,74,82,7440,3716,871,663,971,944,964,757,562,576,783,倍率参考式
器用さ,471,666644,32,43,44,45,118,78,82,7440,3716,877,643,971,938,944,723,502,582,804,倍率参考式
器用さ,472,666644,32,43,44,45,118,81,83,7440,3716,911,656,971,944,944,703,549,609,737,倍率参考式
器用さ,473,666644,32,43,44,45,118,81,84,7440,3716,917,656,971,938,951,710,562,616,757,倍率参考式
器用さ,474,666644,32,43,44,45,118,81,87,7440,3716,891,649,971,911,938,743,562,616,737,倍率参考式
器用さ,475,666644,32,43,44,45,118,82,86,7440,3716,884,623,971,924,958,750,515,623,777,倍率参考式
器用さ,476,666554,32,39,40,43,52,66,82,7248,3621,784,598,970,851,857,625,558,631,744,倍率参考式
器用さ,477,666554,32,39,40,45,52,61,81,7248,3621,884,684,970,831,877,711,591,611,764,倍率参考式
器用さ,478,666554,32,39,40,45,52,66,74,7248,3621,811,651,970,877,904,658,611,545,778,倍率参考式
器用さ,479,666554,32,39,40,45,52,66,78,7248,3621,817,631,970,871,884,625,551,551,798,倍率参考式
器用さ,480,666554,32,39,40,45,52,66,86,7248,3621,824,611,970,857,897,651,565,591,771,倍率参考式
器用さ,481,666554,32,39,40,45,61,66,81,7248,3621,851,678,970,864,831,691,571,591,704,倍率参考式
器用さ,482,666554,32,39,40,118,52,61,81,7248,3621,884,704,970,837,871,691,611,591,784,倍率参考式
器用さ,483,666554,32,39,40,118,52,66,74,7248,3621,811,671,970,884,897,638,631,525,798,倍率参考式
器用さ,484,666554,32,39,40,118,52,66,78,7248,3621,817,651,970,877,877,605,571,532,817,倍率参考式
器用さ,485,666554,32,39,40,118,52,66,86,7248,3621,824,631,970,864,891,631,585,571,791,倍率参考式
器用さ,486,666554,32,39,40,118,61,66,81,7248,3621,851,698,970,871,824,671,591,571,724,倍率参考式
器用さ,487,666554,32,39,43,44,52,66,82,7248,3621,824,558,970,884,924,585,505,645,731,倍率参考式
器用さ,488,666554,32,39,43,45,52,56,81,7248,3621,904,585,970,877,924,665,565,645,778,倍率参考式
器用さ,489,666554,32,39,43,45,52,58,82,7248,3621,891,585,970,904,970,698,498,658,817,倍率参考式
器用さ,490,666554,32,39,43,45,52,60,81,7248,3621,884,605,970,904,957,645,545,665,764,倍率参考式
器用さ,491,666554,32,39,43,45,52,61,74,7248,3621,904,665,970,864,904,671,525,691,764,倍率参考式
器用さ,492,666554,32,39,43,45,52,61,78,7248,3621,911,645,970,857,884,638,465,698,784,倍率参考式
器用さ,493,666554,32,39,43,45,52,61,86,7248,3621,917,625,970,844,897,665,478,738,758,倍率参考式
器用さ,494,666554,32,39,43,45,52,66,77,7248,3621,844,578,970,911,917,611,492,678,758,倍率参考式
器用さ,495,666554,32,39,43,45,52,66,79,7248,3621,884,598,970,877,924,605,512,691,778,倍率参考式
器用さ,496,666554,32,39,43,45,52,66,88,7248,3621,891,611,970,884,897,625,472,684,771,倍率参考式
器用さ,497,666554,32,39,43,45,52,68,82,7248,3621,884,605,970,897,957,651,538,625,824,倍率参考式
器用さ,498,666554,32,39,43,45,56,66,81,7248,3621,871,578,970,911,877,645,545,625,718,倍率参考式
器用さ,499,666554,32,39,43,45,58,66,82,7248,3621,857,578,970,937,924,678,478,638,758,倍率参考式
器用さ,500,666554,32,39,43,45,60,66,81,7248,3621,851,598,970,937,911,625,525,645,704,倍率参考式
知力,1,666554,32,47,51,118,63,66,74,7248,3621,791,718,804,1017,931,598,651,538,711,倍率参考式
知力,2,666554,32,47,51,118,63,66,76,7248,3621,831,704,758,1017,877,625,645,605,744,倍率参考式
知力,3,666554,32,47,51,118,63,66,77,7248,3621,798,684,791,1017,924,591,611,585,711,倍率参考式
知力,4,666554,32,47,51,118,63,66,81,7248,3621,798,698,817,1017,924,598,638,545,691,倍率参考式
知力,5,666554,32,47,51,118,63,66,82,7248,3621,791,691,811,1017,931,625,591,538,744,倍率参考式
知力,6,666554,32,47,51,118,63,66,83,7248,3621,824,704,798,1017,917,571,591,565,718,倍率参考式
知力,7,666554,32,47,51,118,63,66,85,7248,3621,804,724,778,1017,931,578,611,565,698,倍率参考式
知力,8,666554,32,47,51,118,63,69,74,7248,3621,784,711,731,1017,977,618,704,558,731,倍率参考式
知力,9,666554,32,47,51,118,63,69,76,7248,3621,824,698,684,1017,924,645,698,625,764,倍率参考式
知力,10,666554,32,47,51,118,63,69,77,7248,3621,791,678,718,1017,970,611,665,605,731,倍率参考式
知力,11,666554,32,47,51,118,63,69,81,7248,3621,791,691,744,1017,970,618,691,565,711,倍率参考式
知力,12,666554,32,47,51,118,63,69,82,7248,3621,784,684,738,1017,977,645,645,558,764,倍率参考式
知力,13,666554,32,47,51,118,63,69,83,7248,3621,817,698,724,1017,964,591,645,585,738,倍率参考式
知力,14,666554,32,47,51,118,63,69,85,7248,3621,798,718,704,1017,977,598,665,585,718,倍率参考式
知力,15,666554,32,47,51,118,63,72,74,7248,3621,857,711,764,1017,950,618,671,545,718,倍率参考式
知力,16,666554,32,47,51,118,63,72,76,7248,3621,897,698,718,1017,897,645,665,611,751,倍率参考式
知力,17,666554,32,47,51,118,63,72,77,7248,3621,864,678,751,1017,944,611,631,591,718,倍率参考式
知力,18,666554,32,47,51,118,63,72,81,7248,3621,864,691,778,1017,944,618,658,551,698,倍率参考式
知力,19,666554,32,47,51,118,63,72,82,7248,3621,857,684,771,1017,950,645,611,545,751,倍率参考式
知力,20,666554,32,47,51,118,63,72,83,7248,3621,891,698,758,1017,937,591,611,571,724,倍率参考式
知力,21,666554,32,47,51,118,63,72,85,7248,3621,871,718,738,1017,950,598,631,571,704,倍率参考式
知力,22,666554,32,47,51,118,66,69,74,7248,3621,771,711,791,1017,964,605,625,545,704,倍率参考式
知力,23,666554,32,47,51,118,66,69,76,7248,3621,811,698,744,1017,911,631,618,611,738,倍率参考式
知力,24,666554,32,47,51,118,66,69,77,7248,3621,778,678,778,1017,957,598,585,591,704,倍率参考式
知力,25,666554,32,47,51,118,66,69,81,7248,3621,778,691,804,1017,957,605,611,551,684,倍率参考式
知力,26,666554,32,47,51,118,66,69,82,7248,3621,771,684,798,1017,964,631,565,545,738,倍率参考式
知力,27,666554,32,47,51,118,66,69,83,7248,3621,804,698,784,1017,950,578,565,571,711,倍率参考式
知力,28,666554,32,47,51,118,66,69,85,7248,3621,784,718,764,1017,964,585,585,571,691,倍率参考式
知力,29,666554,32,47,51,118,66,72,74,7248,3621,844,711,824,1017,937,605,591,532,691,倍率参考式
知力,30,666554,32,47,51,118,66,72,76,7248,3621,884,698,778,1017,884,631,585,598,724,倍率参考式
知力,31,666554,32,47,51,118,66,72,77,7248,3621,851,678,811,1017,931,598,551,578,691,倍率参考式
知力,32,666554,32,47,51,118,66,72,81,7248,3621,851,691,837,1017,931,605,578,538,671,倍率参考式
知力,33,666554,32,47,51,118,66,72,82,7248,3621,844,684,831,1017,937,631,532,532,724,倍率参考式
知力,34,666554,32,47,51,118,66,72,83,7248,3621,877,698,817,1017,924,578,532,558,698,倍率参考式
知力,35,666554,32,47,51,118,66,72,85,7248,3621,857,718,798,1017,937,585,551,558,678,倍率参考式
知力,36,666554,32,47,51,118,69,72,74,7248,3621,837,704,751,1017,984,625,645,551,711,倍率参考式
知力,37,666554,32,47,51,118,69,72,76,7248,3621,877,691,704,1017,931,651,638,618,744,倍率参考式
知力,38,666554,32,47,51,118,69,72,77,7248,3621,844,671,738,1017,977,618,605,598,711,倍率参考式
知力,39,666554,32,47,51,118,69,72,81,7248,3621,844,684,764,1017,977,625,631,558,691,倍率参考式
知力,40,666554,32,47,51,118,69,72,82,7248,3621,837,678,758,1017,984,651,585,551,744,倍率参考式
知力,41,666554,32,47,51,118,69,72,83,7248,3621,871,691,744,1017,970,598,585,578,718,倍率参考式
知力,42,666554,32,47,51,118,69,72,85,7248,3621,851,711,724,1017,984,605,605,578,698,倍率参考式
知力,43,665555,32,47,51,63,66,69,72,7056,3526,772,627,693,1016,910,541,646,580,607,倍率参考式
知力,44,665555,32,47,118,63,66,69,72,7056,3526,772,594,759,1016,904,594,646,561,699,倍率参考式
知力,45,665555,32,51,118,63,66,69,72,7056,3526,825,666,752,1016,904,594,640,508,633,倍率参考式
知力,46,666644,32,41,47,51,118,74,76,7440,3716,864,763,770,1011,958,656,643,596,757,倍率参考式
知力,47,666644,32,41,47,51,118,74,77,7440,3716,830,743,804,1011,1005,623,609,576,723,倍率参考式
知力,48,666644,32,41,47,51,118,74,81,7440,3716,830,757,830,1011,1005,629,636,536,703,倍率参考式
知力,49,666644,32,41,47,51,118,74,82,7440,3716,824,750,824,1011,1011,656,589,529,757,倍率参考式
知力,50,666644,32,41,47,51,118,74,83,7440,3716,857,763,810,1011,998,603,589,556,730,倍率参考式
知力,51,666644,32,41,47,51,118,74,85,7440,3716,837,783,790,1011,1011,609,609,556,710,倍率参考式
知力,52,666644,32,41,47,51,118,76,77,7440,3716,871,730,757,1011,951,649,603,643,757,倍率参考式
知力,53,666644,32,41,47,51,118,76,81,7440,3716,871,743,783,1011,951,656,629,603,737,倍率参考式
知力,54,666644,32,41,47,51,118,76,82,7440,3716,864,737,777,1011,958,683,582,596,790,倍率参考式
知力,55,666644,32,41,47,51,118,76,83,7440,3716,897,750,763,1011,944,629,582,623,763,倍率参考式
知力,56,666644,32,41,47,51,118,76,85,7440,3716,877,770,743,1011,958,636,603,623,743,倍率参考式
知力,57,666644,32,41,47,51,118,77,81,7440,3716,837,723,817,1011,998,623,596,582,703,倍率参考式
知力,58,666644,32,41,47,51,118,77,82,7440,3716,830,716,810,1011,1005,649,549,576,757,倍率参考式
知力,59,666644,32,41,47,51,118,77,83,7440,3716,864,730,797,1011,991,596,549,603,730,倍率参考式
知力,60,666644,32,41,47,51,118,77,85,7440,3716,844,750,777,1011,1005,603,569,603,710,倍率参考式
知力,61,666644,32,41,47,51,118,81,82,7440,3716,830,730,837,1011,1005,656,576,536,737,倍率参考式
知力,62,666644,32,41,47,51,118,81,83,7440,3716,864,743,824,1011,991,603,576,562,710,倍率参考式
知力,63,666644,32,41,47,51,118,81,85,7440,3716,844,763,804,1011,1005,609,596,562,690,倍率参考式
知力,64,666644,32,41,47,51,118,82,83,7440,3716,857,737,817,1011,998,629,529,556,763,倍率参考式
知力,65,666644,32,41,47,51,118,82,85,7440,3716,837,757,797,1011,1011,636,549,556,743,倍率参考式
知力,66,666644,32,41,47,51,118,83,85,7440,3716,871,770,783,1011,998,582,549,582,716,倍率参考式
知力,67,666644,32,45,47,51,118,74,76,7440,3716,897,763,817,1011,958,730,623,596,830,倍率参考式
知力,68,666644,32,45,47,51,118,74,77,7440,3716,864,743,850,1011,1005,696,589,576,797,倍率参考式
知力,69,666644,32,45,47,51,118,74,81,7440,3716,864,757,877,1011,1005,703,616,536,777,倍率参考式
知力,70,666644,32,45,47,51,118,74,82,7440,3716,857,750,871,1011,1011,730,569,529,830,倍率参考式
知力,71,666644,32,45,47,51,118,74,83,7440,3716,891,763,857,1011,998,676,569,556,804,倍率参考式
知力,72,666644,32,45,47,51,118,74,85,7440,3716,871,783,837,1011,1011,683,589,556,783,倍率参考式
知力,73,666644,32,45,47,51,118,76,77,7440,3716,904,730,804,1011,951,723,582,643,830,倍率参考式
知力,74,666644,32,45,47,51,118,76,81,7440,3716,904,743,830,1011,951,730,609,603,810,倍率参考式
知力,75,666644,32,45,47,51,118,76,82,7440,3716,897,737,824,1011,958,757,562,596,864,倍率参考式
知力,76,666644,32,45,47,51,118,76,83,7440,3716,931,750,810,1011,944,703,562,623,837,倍率参考式
知力,77,666644,32,45,47,51,118,76,85,7440,3716,911,770,790,1011,958,710,582,623,817,倍率参考式
知力,78,666644,32,45,47,51,118,77,81,7440,3716,871,723,864,1011,998,696,576,582,777,倍率参考式
知力,79,666644,32,45,47,51,118,77,82,7440,3716,864,716,857,1011,1005,723,529,576,830,倍率参考式
知力,80,666644,32,45,47,51,118,77,83,7440,3716,897,730,844,1011,991,670,529,603,804,倍率参考式
知力,81,666644,32,45,47,51,118,77,85,7440,3716,877,750,824,1011,1005,676,549,603,783,倍率参考式
知力,82,666644,32,45,47,51,118,81,82,7440,3716,864,730,884,1011,1005,730,556,536,810,倍率参考式
知力,83,666644,32,45,47,51,118,81,83,7440,3716,897,743,871,1011,991,676,556,562,783,倍率参考式
知力,84,666644,32,45,47,51,118,81,85,7440,3716,877,763,850,1011,1005,683,576,562,763,倍率参考式
知力,85,666644,32,45,47,51,118,82,83,7440,3716,891,737,864,1011,998,703,509,556,837,倍率参考式
知力,86,666644,32,45,47,51,118,82,85,7440,3716,871,757,844,1011,1011,710,529,556,817,倍率参考式
知力,87,666644,32,45,47,51,118,83,85,7440,3716,904,770,830,1011,998,656,529,582,790,倍率参考式
知力,88,666644,32,46,47,51,118,74,76,7440,3716,884,777,770,1011,944,676,703,609,817,倍率参考式
知力,89,666644,32,46,47,51,118,74,77,7440,3716,850,757,804,1011,991,643,670,589,783,倍率参考式
知力,90,666644,32,46,47,51,118,74,81,7440,3716,850,770,830,1011,991,649,696,549,763,倍率参考式
知力,91,666644,32,46,47,51,118,74,82,7440,3716,844,763,824,1011,998,676,649,542,817,倍率参考式
知力,92,666644,32,46,47,51,118,74,83,7440,3716,877,777,810,1011,984,623,649,569,790,倍率参考式
知力,93,666644,32,46,47,51,118,74,85,7440,3716,857,797,790,1011,998,629,670,569,770,倍率参考式
知力,94,666644,32,46,47,51,118,76,77,7440,3716,891,743,757,1011,938,670,663,656,817,倍率参考式
知力,95,666644,32,46,47,51,118,76,81,7440,3716,891,757,783,1011,938,676,690,616,797,倍率参考式
知力,96,666644,32,46,47,51,118,76,82,7440,3716,884,750,777,1011,944,703,643,609,850,倍率参考式
知力,97,666644,32,46,47,51,118,76,83,7440,3716,917,763,763,1011,931,649,643,636,824,倍率参考式
知力,98,666644,32,46,47,51,118,76,85,7440,3716,897,783,743,1011,944,656,663,636,804,倍率参考式
知力,99,666644,32,46,47,51,118,77,81,7440,3716,857,737,817,1011,984,643,656,596,763,倍率参考式
知力,100,666644,32,46,47,51,118,77,82,7440,3716,850,730,810,1011,991,670,609,589,817,倍率参考式
知力,101,666644,32,46,47,51,118,77,83,7440,3716,884,743,797,1011,978,616,609,616,790,倍率参考式
知力,102,666644,32,46,47,51,118,77,85,7440,3716,864,763,777,1011,991,623,629,616,770,倍率参考式
知力,103,666644,32,46,47,51,118,81,82,7440,3716,850,743,837,1011,991,676,636,549,797,倍率参考式
知力,104,666644,32,46,47,51,118,81,83,7440,3716,884,757,824,1011,978,623,636,576,770,倍率参考式
知力,105,666644,32,46,47,51,118,81,85,7440,3716,864,777,804,1011,991,629,656,576,750,倍率参考式
知力,106,666644,32,46,47,51,118,82,83,7440,3716,877,750,817,1011,984,649,589,569,824,倍率参考式
知力,107,666644,32,46,47,51,118,82,85,7440,3716,857,770,797,1011,998,656,609,569,804,倍率参考式
知力,108,666644,32,46,47,51,118,83,85,7440,3716,891,783,783,1011,984,603,609,596,777,倍率参考式
知力,109,666644,32,47,50,51,118,74,76,7440,3716,891,783,777,1011,951,710,696,649,810,倍率参考式
知力,110,666644,32,47,50,51,118,74,77,7440,3716,857,763,810,1011,998,676,663,629,777,倍率参考式
知力,111,666644,32,47,50,51,118,74,81,7440,3716,857,777,837,1011,998,683,690,589,757,倍率参考式
知力,112,666644,32,47,50,51,118,74,82,7440,3716,850,770,830,1011,1005,710,643,582,810,倍率参考式
知力,113,666644,32,47,50,51,118,74,83,7440,3716,884,783,817,1011,991,656,643,609,783,倍率参考式
知力,114,666644,32,47,50,51,118,74,85,7440,3716,864,804,797,1011,1005,663,663,609,763,倍率参考式
知力,115,666644,32,47,50,51,118,76,77,7440,3716,897,750,763,1011,944,703,656,696,810,倍率参考式
知力,116,666644,32,47,50,51,118,76,81,7440,3716,897,763,790,1011,944,710,683,656,790,倍率参考式
知力,117,666644,32,47,50,51,118,76,82,7440,3716,891,757,783,1011,951,737,636,649,844,倍率参考式
知力,118,666644,32,47,50,51,118,76,83,7440,3716,924,770,770,1011,938,683,636,676,817,倍率参考式
知力,119,666644,32,47,50,51,118,76,85,7440,3716,904,790,750,1011,951,690,656,676,797,倍率参考式
知力,120,666644,32,47,50,51,118,77,81,7440,3716,864,743,824,1011,991,676,649,636,757,倍率参考式
知力,121,666644,32,47,50,51,118,77,82,7440,3716,857,737,817,1011,998,703,603,629,810,倍率参考式
知力,122,666644,32,47,50,51,118,77,83,7440,3716,891,750,804,1011,984,649,603,656,783,倍率参考式
知力,123,666644,32,47,50,51,118,77,85,7440,3716,871,770,783,1011,998,656,623,656,763,倍率参考式
知力,124,666644,32,47,50,51,118,81,82,7440,3716,857,750,844,1011,998,710,629,589,790,倍率参考式
知力,125,666644,32,47,50,51,118,81,83,7440,3716,891,763,830,1011,984,656,629,616,763,倍率参考式
知力,126,666644,32,47,50,51,118,81,85,7440,3716,871,783,810,1011,998,663,649,616,743,倍率参考式
知力,127,666644,32,47,50,51,118,82,83,7440,3716,884,757,824,1011,991,683,582,609,817,倍率参考式
知力,128,666644,32,47,50,51,118,82,85,7440,3716,864,777,804,1011,1005,690,603,609,797,倍率参考式
知力,129,666644,32,47,50,51,118,83,85,7440,3716,897,790,790,1011,991,636,603,636,770,倍率参考式
知力,130,666554,32,41,47,51,63,66,74,7248,3621,758,698,758,1010,937,545,651,558,618,倍率参考式
知力,131,666554,32,41,47,51,63,66,76,7248,3621,798,684,711,1010,884,571,645,625,651,倍率参考式
知力,132,666554,32,41,47,51,63,66,77,7248,3621,764,665,744,1010,931,538,611,605,618,倍率参考式
知力,133,666554,32,41,47,51,63,66,81,7248,3621,764,678,771,1010,931,545,638,565,598,倍率参考式
知力,134,666554,32,41,47,51,63,66,82,7248,3621,758,671,764,1010,937,571,591,558,651,倍率参考式
知力,135,666554,32,41,47,51,63,66,83,7248,3621,791,684,751,1010,924,518,591,585,625,倍率参考式
知力,136,666554,32,41,47,51,63,66,85,7248,3621,771,704,731,1010,937,525,611,585,605,倍率参考式
知力,137,666554,32,41,47,51,63,69,74,7248,3621,751,691,684,1010,984,565,704,578,638,倍率参考式
知力,138,666554,32,41,47,51,63,69,76,7248,3621,791,678,638,1010,931,591,698,645,671,倍率参考式
知力,139,666554,32,41,47,51,63,69,77,7248,3621,758,658,671,1010,977,558,665,625,638,倍率参考式
知力,140,666554,32,41,47,51,63,69,81,7248,3621,758,671,698,1010,977,565,691,585,618,倍率参考式
知力,141,666554,32,41,47,51,63,69,82,7248,3621,751,665,691,1010,984,591,645,578,671,倍率参考式
知力,142,666554,32,41,47,51,63,69,83,7248,3621,784,678,678,1010,970,538,645,605,645,倍率参考式
知力,143,666554,32,41,47,51,63,69,85,7248,3621,764,698,658,1010,984,545,665,605,625,倍率参考式
知力,144,666554,32,41,47,51,63,72,74,7248,3621,824,691,718,1010,957,565,671,565,625,倍率参考式
知力,145,666554,32,41,47,51,63,72,76,7248,3621,864,678,671,1010,904,591,665,631,658,倍率参考式
知力,146,666554,32,41,47,51,63,72,77,7248,3621,831,658,704,1010,950,558,631,611,625,倍率参考式
知力,147,666554,32,41,47,51,63,72,81,7248,3621,831,671,731,1010,950,565,658,571,605,倍率参考式
知力,148,666554,32,41,47,51,63,72,82,7248,3621,824,665,724,1010,957,591,611,565,658,倍率参考式
知力,149,666554,32,41,47,51,63,72,83,7248,3621,857,678,711,1010,944,538,611,591,631,倍率参考式
知力,150,666554,32,41,47,51,63,72,85,7248,3621,837,698,691,1010,957,545,631,591,611,倍率参考式
知力,151,666554,32,41,47,51,66,69,74,7248,3621,738,691,744,1010,970,551,625,565,611,倍率参考式
知力,152,666554,32,41,47,51,66,69,76,7248,3621,778,678,698,1010,917,578,618,631,645,倍率参考式
知力,153,666554,32,41,47,51,66,69,77,7248,3621,744,658,731,1010,964,545,585,611,611,倍率参考式
知力,154,666554,32,41,47,51,66,69,81,7248,3621,744,671,758,1010,964,551,611,571,591,倍率参考式
知力,155,666554,32,41,47,51,66,69,82,7248,3621,738,665,751,1010,970,578,565,565,645,倍率参考式
知力,156,666554,32,41,47,51,66,69,83,7248,3621,771,678,738,1010,957,525,565,591,618,倍率参考式
知力,157,666554,32,41,47,51,66,69,85,7248,3621,751,698,718,1010,970,532,585,591,598,倍率参考式
知力,158,666554,32,41,47,51,66,72,74,7248,3621,811,691,778,1010,944,551,591,551,598,倍率参考式
知力,159,666554,32,41,47,51,66,72,76,7248,3621,851,678,731,1010,891,578,585,618,631,倍率参考式
知力,160,666554,32,41,47,51,66,72,77,7248,3621,817,658,764,1010,937,545,551,598,598,倍率参考式
知力,161,666554,32,41,47,51,66,72,81,7248,3621,817,671,791,1010,937,551,578,558,578,倍率参考式
知力,162,666554,32,41,47,51,66,72,82,7248,3621,811,665,784,1010,944,578,532,551,631,倍率参考式
知力,163,666554,32,41,47,51,66,72,83,7248,3621,844,678,771,1010,931,525,532,578,605,倍率参考式
知力,164,666554,32,41,47,51,66,72,85,7248,3621,824,698,751,1010,944,532,551,578,585,倍率参考式
知力,165,666554,32,41,47,51,69,72,74,7248,3621,804,684,704,1010,990,571,645,571,618,倍率参考式
知力,166,666554,32,41,47,51,69,72,76,7248,3621,844,671,658,1010,937,598,638,638,651,倍率参考式
知力,167,666554,32,41,47,51,69,72,77,7248,3621,811,651,691,1010,984,565,605,618,618,倍率参考式
知力,168,666554,32,41,47,51,69,72,81,7248,3621,811,665,718,1010,984,571,631,578,598,倍率参考式
知力,169,666554,32,41,47,51,69,72,82,7248,3621,804,658,711,1010,990,598,585,571,651,倍率参考式
知力,170,666554,32,41,47,51,69,72,83,7248,3621,837,671,698,1010,977,545,585,598,625,倍率参考式
知力,171,666554,32,41,47,51,69,72,85,7248,3621,817,691,678,1010,990,551,605,598,605,倍率参考式
知力,172,666554,32,41,47,118,63,66,74,7248,3621,758,665,824,1010,931,598,651,538,711,倍率参考式
知力,173,666554,32,41,47,118,63,66,76,7248,3621,798,651,778,1010,877,625,645,605,744,倍率参考式
知力,174,666554,32,41,47,118,63,66,77,7248,3621,764,631,811,1010,924,591,611,585,711,倍率参考式
知力,175,666554,32,41,47,118,63,66,81,7248,3621,764,645,837,1010,924,598,638,545,691,倍率参考式
知力,176,666554,32,41,47,118,63,66,82,7248,3621,758,638,831,1010,931,625,591,538,744,倍率参考式
知力,177,666554,32,41,47,118,63,66,83,7248,3621,791,651,817,1010,917,571,591,565,718,倍率参考式
知力,178,666554,32,41,47,118,63,66,85,7248,3621,771,671,798,1010,931,578,611,565,698,倍率参考式
知力,179,666554,32,41,47,118,63,69,74,7248,3621,751,658,751,1010,977,618,704,558,731,倍率参考式
知力,180,666554,32,41,47,118,63,69,76,7248,3621,791,645,704,1010,924,645,698,625,764,倍率参考式
知力,181,666554,32,41,47,118,63,69,77,7248,3621,758,625,738,1010,970,611,665,605,731,倍率参考式
知力,182,666554,32,41,47,118,63,69,81,7248,3621,758,638,764,1010,970,618,691,565,711,倍率参考式
知力,183,666554,32,41,47,118,63,69,82,7248,3621,751,631,758,1010,977,645,645,558,764,倍率参考式
知力,184,666554,32,41,47,118,63,69,83,7248,3621,784,645,744,1010,964,591,645,585,738,倍率参考式
知力,185,666554,32,41,47,118,63,69,85,7248,3621,764,665,724,1010,977,598,665,585,718,倍率参考式
知力,186,666554,32,41,47,118,63,72,74,7248,3621,824,658,784,1010,950,618,671,545,718,倍率参考式
知力,187,666554,32,41,47,118,63,72,76,7248,3621,864,645,738,1010,897,645,665,611,751,倍率参考式
知力,188,666554,32,41,47,118,63,72,77,7248,3621,831,625,771,1010,944,611,631,591,718,倍率参考式
知力,189,666554,32,41,47,118,63,72,81,7248,3621,831,638,798,1010,944,618,658,551,698,倍率参考式
知力,190,666554,32,41,47,118,63,72,82,7248,3621,824,631,791,1010,950,645,611,545,751,倍率参考式
知力,191,666554,32,41,47,118,63,72,83,7248,3621,857,645,778,1010,937,591,611,571,724,倍率参考式
知力,192,666554,32,41,47,118,63,72,85,7248,3621,837,665,758,1010,950,598,631,571,704,倍率参考式
知力,193,666554,32,41,47,118,66,69,74,7248,3621,738,658,811,1010,964,605,625,545,704,倍率参考式
知力,194,666554,32,41,47,118,66,69,76,7248,3621,778,645,764,1010,911,631,618,611,738,倍率参考式
知力,195,666554,32,41,47,118,66,69,77,7248,3621,744,625,798,1010,957,598,585,591,704,倍率参考式
知力,196,666554,32,41,47,118,66,69,81,7248,3621,744,638,824,1010,957,605,611,551,684,倍率参考式
知力,197,666554,32,41,47,118,66,69,82,7248,3621,738,631,817,1010,964,631,565,545,738,倍率参考式
知力,198,666554,32,41,47,118,66,69,83,7248,3621,771,645,804,1010,950,578,565,571,711,倍率参考式
知力,199,666554,32,41,47,118,66,69,85,7248,3621,751,665,784,1010,964,585,585,571,691,倍率参考式
知力,200,666554,32,41,47,118,66,72,74,7248,3621,811,658,844,1010,937,605,591,532,691,倍率参考式
知力,201,666554,32,41,47,118,66,72,76,7248,3621,851,645,798,1010,884,631,585,598,724,倍率参考式
知力,202,666554,32,41,47,118,66,72,77,7248,3621,817,625,831,1010,931,598,551,578,691,倍率参考式
知力,203,666554,32,41,47,118,66,72,81,7248,3621,817,638,857,1010,931,605,578,538,671,倍率参考式
知力,204,666554,32,41,47,118,66,72,82,7248,3621,811,631,851,1010,937,631,532,532,724,倍率参考式
知力,205,666554,32,41,47,118,66,72,83,7248,3621,844,645,837,1010,924,578,532,558,698,倍率参考式
知力,206,666554,32,41,47,118,66,72,85,7248,3621,824,665,817,1010,937,585,551,558,678,倍率参考式
知力,207,666554,32,41,47,118,69,72,74,7248,3621,804,651,771,1010,984,625,645,551,711,倍率参考式
知力,208,666554,32,41,47,118,69,72,76,7248,3621,844,638,724,1010,931,651,638,618,744,倍率参考式
知力,209,666554,32,41,47,118,69,72,77,7248,3621,811,618,758,1010,977,618,605,598,711,倍率参考式
知力,210,666554,32,41,47,118,69,72,81,7248,3621,811,631,784,1010,977,625,631,558,691,倍率参考式
知力,211,666554,32,41,47,118,69,72,82,7248,3621,804,625,778,1010,984,651,585,551,744,倍率参考式
知力,212,666554,32,41,47,118,69,72,83,7248,3621,837,638,764,1010,970,598,585,578,718,倍率参考式
知力,213,666554,32,41,47,118,69,72,85,7248,3621,817,658,744,1010,984,605,605,578,698,倍率参考式
知力,214,666554,32,41,51,118,63,66,74,7248,3621,811,738,817,1010,931,598,645,485,645,倍率参考式
知力,215,666554,32,41,51,118,63,66,76,7248,3621,851,724,771,1010,877,625,638,551,678,倍率参考式
知力,216,666554,32,41,51,118,63,66,77,7248,3621,817,704,804,1010,924,591,605,532,645,倍率参考式
知力,217,666554,32,41,51,118,63,66,81,7248,3621,817,718,831,1010,924,598,631,492,625,倍率参考式
知力,218,666554,32,41,51,118,63,66,82,7248,3621,811,711,824,1010,931,625,585,485,678,倍率参考式
知力,219,666554,32,41,51,118,63,66,83,7248,3621,844,724,811,1010,917,571,585,512,651,倍率参考式
知力,220,666554,32,41,51,118,63,66,85,7248,3621,824,744,791,1010,931,578,605,512,631,倍率参考式
知力,221,666554,32,41,51,118,63,69,74,7248,3621,804,731,744,1010,977,618,698,505,665,倍率参考式
知力,222,666554,32,41,51,118,63,69,76,7248,3621,844,718,698,1010,924,645,691,571,698,倍率参考式
知力,223,666554,32,41,51,118,63,69,77,7248,3621,811,698,731,1010,970,611,658,551,665,倍率参考式
知力,224,666554,32,41,51,118,63,69,81,7248,3621,811,711,758,1010,970,618,684,512,645,倍率参考式
知力,225,666554,32,41,51,118,63,69,82,7248,3621,804,704,751,1010,977,645,638,505,698,倍率参考式
知力,226,666554,32,41,51,118,63,69,83,7248,3621,837,718,738,1010,964,591,638,532,671,倍率参考式
知力,227,666554,32,41,51,118,63,69,85,7248,3621,817,738,718,1010,977,598,658,532,651,倍率参考式
知力,228,666554,32,41,51,118,63,72,74,7248,3621,877,731,778,1010,950,618,665,492,651,倍率参考式
知力,229,666554,32,41,51,118,63,72,76,7248,3621,917,718,731,1010,897,645,658,558,684,倍率参考式
知力,230,666554,32,41,51,118,63,72,77,7248,3621,884,698,764,1010,944,611,625,538,651,倍率参考式
知力,231,666554,32,41,51,118,63,72,81,7248,3621,884,711,791,1010,944,618,651,498,631,倍率参考式
知力,232,666554,32,41,51,118,63,72,82,7248,3621,877,704,784,1010,950,645,605,492,684,倍率参考式
知力,233,666554,32,41,51,118,63,72,83,7248,3621,911,718,771,1010,937,591,605,518,658,倍率参考式
知力,234,666554,32,41,51,118,63,72,85,7248,3621,891,738,751,1010,950,598,625,518,638,倍率参考式
知力,235,666554,32,41,51,118,66,69,74,7248,3621,791,731,804,1010,964,605,618,492,638,倍率参考式
知力,236,666554,32,41,51,118,66,69,76,7248,3621,831,718,758,1010,911,631,611,558,671,倍率参考式
知力,237,666554,32,41,51,118,66,69,77,7248,3621,798,698,791,1010,957,598,578,538,638,倍率参考式
知力,238,666554,32,41,51,118,66,69,81,7248,3621,798,711,817,1010,957,605,605,498,618,倍率参考式
知力,239,666554,32,41,51,118,66,69,82,7248,3621,791,704,811,1010,964,631,558,492,671,倍率参考式
知力,240,666554,32,41,51,118,66,69,83,7248,3621,824,718,798,1010,950,578,558,518,645,倍率参考式
知力,241,666554,32,41,51,118,66,69,85,7248,3621,804,738,778,1010,964,585,578,518,625,倍率参考式
知力,242,666554,32,41,51,118,66,72,74,7248,3621,864,731,837,1010,937,605,585,478,625,倍率参考式
知力,243,666554,32,41,51,118,66,72,76,7248,3621,904,718,791,1010,884,631,578,545,658,倍率参考式
知力,244,666554,32,41,51,118,66,72,77,7248,3621,871,698,824,1010,931,598,545,525,625,倍率参考式
知力,245,666554,32,41,51,118,66,72,81,7248,3621,871,711,851,1010,931,605,571,485,605,倍率参考式
知力,246,666554,32,41,51,118,66,72,82,7248,3621,864,704,844,1010,937,631,525,478,658,倍率参考式
知力,247,666554,32,41,51,118,66,72,83,7248,3621,897,718,831,1010,924,578,525,505,631,倍率参考式
知力,248,666554,32,41,51,118,66,72,85,7248,3621,877,738,811,1010,937,585,545,505,611,倍率参考式
知力,249,666554,32,41,51,118,69,72,74,7248,3621,857,724,764,1010,984,625,638,498,645,倍率参考式
知力,250,666554,32,41,51,118,69,72,76,7248,3621,897,711,718,1010,931,651,631,565,678,倍率参考式
知力,251,666554,32,41,51,118,69,72,77,7248,3621,864,691,751,1010,977,618,598,545,645,倍率参考式
知力,252,666554,32,41,51,118,69,72,81,7248,3621,864,704,778,1010,977,625,625,505,625,倍率参考式
知力,253,666554,32,41,51,118,69,72,82,7248,3621,857,698,771,1010,984,651,578,498,678,倍率参考式
知力,254,666554,32,41,51,118,69,72,83,7248,3621,891,711,758,1010,970,598,578,525,651,倍率参考式
知力,255,666554,32,41,51,118,69,72,85,7248,3621,871,731,738,1010,984,605,598,525,631,倍率参考式
知力,256,666554,32,45,47,51,63,66,74,7248,3621,791,698,804,1010,937,618,631,558,691,倍率参考式
知力,257,666554,32,45,47,51,63,66,76,7248,3621,831,684,758,1010,884,645,625,625,724,倍率参考式
知力,258,666554,32,45,47,51,63,66,77,7248,3621,798,665,791,1010,931,611,591,605,691,倍率参考式
知力,259,666554,32,45,47,51,63,66,81,7248,3621,798,678,817,1010,931,618,618,565,671,倍率参考式
知力,260,666554,32,45,47,51,63,66,82,7248,3621,791,671,811,1010,937,645,571,558,724,倍率参考式
知力,261,666554,32,45,47,51,63,66,83,7248,3621,824,684,798,1010,924,591,571,585,698,倍率参考式
知力,262,666554,32,45,47,51,63,66,85,7248,3621,804,704,778,1010,937,598,591,585,678,倍率参考式
知力,263,666554,32,45,47,51,63,69,74,7248,3621,784,691,731,1010,984,638,684,578,711,倍率参考式
知力,264,666554,32,45,47,51,63,69,76,7248,3621,824,678,684,1010,931,665,678,645,744,倍率参考式
知力,265,666554,32,45,47,51,63,69,77,7248,3621,791,658,718,1010,977,631,645,625,711,倍率参考式
知力,266,666554,32,45,47,51,63,69,81,7248,3621,791,671,744,1010,977,638,671,585,691,倍率参考式
知力,267,666554,32,45,47,51,63,69,82,7248,3621,784,665,738,1010,984,665,625,578,744,倍率参考式
知力,268,666554,32,45,47,51,63,69,83,7248,3621,817,678,724,1010,970,611,625,605,718,倍率参考式
知力,269,666554,32,45,47,51,63,69,85,7248,3621,798,698,704,1010,984,618,645,605,698,倍率参考式
知力,270,666554,32,45,47,51,63,72,74,7248,3621,857,691,764,1010,957,638,651,565,698,倍率参考式
知力,271,666554,32,45,47,51,63,72,76,7248,3621,897,678,718,1010,904,665,645,631,731,倍率参考式
知力,272,666554,32,45,47,51,63,72,77,7248,3621,864,658,751,1010,950,631,611,611,698,倍率参考式
知力,273,666554,32,45,47,51,63,72,81,7248,3621,864,671,778,1010,950,638,638,571,678,倍率参考式
知力,274,666554,32,45,47,51,63,72,82,7248,3621,857,665,771,1010,957,665,591,565,731,倍率参考式
知力,275,666554,32,45,47,51,63,72,83,7248,3621,891,678,758,1010,944,611,591,591,704,倍率参考式
知力,276,666554,32,45,47,51,63,72,85,7248,3621,871,698,738,1010,957,618,611,591,684,倍率参考式
知力,277,666554,32,45,47,51,66,69,74,7248,3621,771,691,791,1010,970,625,605,565,684,倍率参考式
知力,278,666554,32,45,47,51,66,69,76,7248,3621,811,678,744,1010,917,651,598,631,718,倍率参考式
知力,279,666554,32,45,47,51,66,69,77,7248,3621,778,658,778,1010,964,618,565,611,684,倍率参考式
知力,280,666554,32,45,47,51,66,69,81,7248,3621,778,671,804,1010,964,625,591,571,665,倍率参考式
知力,281,666554,32,45,47,51,66,69,82,7248,3621,771,665,798,1010,970,651,545,565,718,倍率参考式
知力,282,666554,32,45,47,51,66,69,83,7248,3621,804,678,784,1010,957,598,545,591,691,倍率参考式
知力,283,666554,32,45,47,51,66,69,85,7248,3621,784,698,764,1010,970,605,565,591,671,倍率参考式
知力,284,666554,32,45,47,51,66,72,74,7248,3621,844,691,824,1010,944,625,571,551,671,倍率参考式
知力,285,666554,32,45,47,51,66,72,76,7248,3621,884,678,778,1010,891,651,565,618,704,倍率参考式
知力,286,666554,32,45,47,51,66,72,77,7248,3621,851,658,811,1010,937,618,532,598,671,倍率参考式
知力,287,666554,32,45,47,51,66,72,81,7248,3621,851,671,837,1010,937,625,558,558,651,倍率参考式
知力,288,666554,32,45,47,51,66,72,82,7248,3621,844,665,831,1010,944,651,512,551,704,倍率参考式
知力,289,666554,32,45,47,51,66,72,83,7248,3621,877,678,817,1010,931,598,512,578,678,倍率参考式
知力,290,666554,32,45,47,51,66,72,85,7248,3621,857,698,798,1010,944,605,532,578,658,倍率参考式
知力,291,666554,32,45,47,51,69,72,74,7248,3621,837,684,751,1010,990,645,625,571,691,倍率参考式
知力,292,666554,32,45,47,51,69,72,76,7248,3621,877,671,704,1010,937,671,618,638,724,倍率参考式
知力,293,666554,32,45,47,51,69,72,77,7248,3621,844,651,738,1010,984,638,585,618,691,倍率参考式
知力,294,666554,32,45,47,51,69,72,81,7248,3621,844,665,764,1010,984,645,611,578,671,倍率参考式
知力,295,666554,32,45,47,51,69,72,82,7248,3621,837,658,758,1010,990,671,565,571,724,倍率参考式
知力,296,666554,32,45,47,51,69,72,83,7248,3621,871,671,744,1010,977,618,565,598,698,倍率参考式
知力,297,666554,32,45,47,51,69,72,85,7248,3621,851,691,724,1010,990,625,585,598,678,倍率参考式
知力,298,666554,32,45,47,118,63,66,74,7248,3621,791,665,871,1010,931,671,631,538,784,倍率参考式
知力,299,666554,32,45,47,118,63,66,76,7248,3621,831,651,824,1010,877,698,625,605,817,倍率参考式
知力,300,666554,32,45,47,118,63,66,77,7248,3621,798,631,857,1010,924,665,591,585,784,倍率参考式
知力,301,666554,32,45,47,118,63,66,81,7248,3621,798,645,884,1010,924,671,618,545,764,倍率参考式
知力,302,666554,32,45,47,118,63,66,82,7248,3621,791,638,877,1010,931,698,571,538,817,倍率参考式
知力,303,666554,32,45,47,118,63,66,83,7248,3621,824,651,864,1010,917,645,571,565,791,倍率参考式
知力,304,666554,32,45,47,118,63,66,85,7248,3621,804,671,844,1010,931,651,591,565,771,倍率参考式
知力,305,666554,32,45,47,118,63,69,74,7248,3621,784,658,798,1010,977,691,684,558,804,倍率参考式
知力,306,666554,32,45,47,118,63,69,76,7248,3621,824,645,751,1010,924,718,678,625,837,倍率参考式
知力,307,666554,32,45,47,118,63,69,77,7248,3621,791,625,784,1010,970,684,645,605,804,倍率参考式
知力,308,666554,32,45,47,118,63,69,81,7248,3621,791,638,811,1010,970,691,671,565,784,倍率参考式
知力,309,666554,32,45,47,118,63,69,82,7248,3621,784,631,804,1010,977,718,625,558,837,倍率参考式
知力,310,666554,32,45,47,118,63,69,83,7248,3621,817,645,791,1010,964,665,625,585,811,倍率参考式
知力,311,666554,32,45,47,118,63,69,85,7248,3621,798,665,771,1010,977,671,645,585,791,倍率参考式
知力,312,666554,32,45,47,118,63,72,74,7248,3621,857,658,831,1010,950,691,651,545,791,倍率参考式
知力,313,666554,32,45,47,118,63,72,76,7248,3621,897,645,784,1010,897,718,645,611,824,倍率参考式
知力,314,666554,32,45,47,118,63,72,77,7248,3621,864,625,817,1010,944,684,611,591,791,倍率参考式
知力,315,666554,32,45,47,118,63,72,81,7248,3621,864,638,844,1010,944,691,638,551,771,倍率参考式
知力,316,666554,32,45,47,118,63,72,82,7248,3621,857,631,837,1010,950,718,591,545,824,倍率参考式
知力,317,666554,32,45,47,118,63,72,83,7248,3621,891,645,824,1010,937,665,591,571,798,倍率参考式
知力,318,666554,32,45,47,118,63,72,85,7248,3621,871,665,804,1010,950,671,611,571,778,倍率参考式
知力,319,666554,32,45,47,118,66,69,74,7248,3621,771,658,857,1010,964,678,605,545,778,倍率参考式
知力,320,666554,32,45,47,118,66,69,76,7248,3621,811,645,811,1010,911,704,598,611,811,倍率参考式
知力,321,666554,32,45,47,118,66,69,77,7248,3621,778,625,844,1010,957,671,565,591,778,倍率参考式
知力,322,666554,32,45,47,118,66,69,81,7248,3621,778,638,871,1010,957,678,591,551,758,倍率参考式
知力,323,666554,32,45,47,118,66,69,82,7248,3621,771,631,864,1010,964,704,545,545,811,倍率参考式
知力,324,666554,32,45,47,118,66,69,83,7248,3621,804,645,851,1010,950,651,545,571,784,倍率参考式
知力,325,666554,32,45,47,118,66,69,85,7248,3621,784,665,831,1010,964,658,565,571,764,倍率参考式
知力,326,666554,32,45,47,118,66,72,74,7248,3621,844,658,891,1010,937,678,571,532,764,倍率参考式
知力,327,666554,32,45,47,118,66,72,76,7248,3621,884,645,844,1010,884,704,565,598,798,倍率参考式
知力,328,666554,32,45,47,118,66,72,77,7248,3621,851,625,877,1010,931,671,532,578,764,倍率参考式
知力,329,666554,32,45,47,118,66,72,81,7248,3621,851,638,904,1010,931,678,558,538,744,倍率参考式
知力,330,666554,32,45,47,118,66,72,82,7248,3621,844,631,897,1010,937,704,512,532,798,倍率参考式
知力,331,666554,32,45,47,118,66,72,83,7248,3621,877,645,884,1010,924,651,512,558,771,倍率参考式
知力,332,666554,32,45,47,118,66,72,85,7248,3621,857,665,864,1010,937,658,532,558,751,倍率参考式
知力,333,666554,32,45,47,118,69,72,74,7248,3621,837,651,817,1010,984,698,625,551,784,倍率参考式
知力,334,666554,32,45,47,118,69,72,76,7248,3621,877,638,771,1010,931,724,618,618,817,倍率参考式
知力,335,666554,32,45,47,118,69,72,77,7248,3621,844,618,804,1010,977,691,585,598,784,倍率参考式
知力,336,666554,32,45,47,118,69,72,81,7248,3621,844,631,831,1010,977,698,611,558,764,倍率参考式
知力,337,666554,32,45,47,118,69,72,82,7248,3621,837,625,824,1010,984,724,565,551,817,倍率参考式
知力,338,666554,32,45,47,118,69,72,83,7248,3621,871,638,811,1010,970,671,565,578,791,倍率参考式
知力,339,666554,32,45,47,118,69,72,85,7248,3621,851,658,791,1010,984,678,585,578,771,倍率参考式
知力,340,666554,32,45,51,118,63,66,74,7248,3621,844,738,864,1010,931,671,625,485,718,倍率参考式
知力,341,666554,32,45,51,118,63,66,76,7248,3621,884,724,817,1010,877,698,618,551,751,倍率参考式
知力,342,666554,32,45,51,118,63,66,77,7248,3621,851,704,851,1010,924,665,585,532,718,倍率参考式
知力,343,666554,32,45,51,118,63,66,81,7248,3621,851,718,877,1010,924,671,611,492,698,倍率参考式
知力,344,666554,32,45,51,118,63,66,82,7248,3621,844,711,871,1010,931,698,565,485,751,倍率参考式
知力,345,666554,32,45,51,118,63,66,83,7248,3621,877,724,857,1010,917,645,565,512,724,倍率参考式
知力,346,666554,32,45,51,118,63,66,85,7248,3621,857,744,837,1010,931,651,585,512,704,倍率参考式
知力,347,666554,32,45,51,118,63,69,74,7248,3621,837,731,791,1010,977,691,678,505,738,倍率参考式
知力,348,666554,32,45,51,118,63,69,76,7248,3621,877,718,744,1010,924,718,671,571,771,倍率参考式
知力,349,666554,32,45,51,118,63,69,77,7248,3621,844,698,778,1010,970,684,638,551,738,倍率参考式
知力,350,666554,32,45,51,118,63,69,81,7248,3621,844,711,804,1010,970,691,665,512,718,倍率参考式
知力,351,666554,32,45,51,118,63,69,82,7248,3621,837,704,798,1010,977,718,618,505,771,倍率参考式
知力,352,666554,32,45,51,118,63,69,83,7248,3621,871,718,784,1010,964,665,618,532,744,倍率参考式
知力,353,666554,32,45,51,118,63,69,85,7248,3621,851,738,764,1010,977,671,638,532,724,倍率参考式
知力,354,666554,32,45,51,118,63,72,74,7248,3621,911,731,824,1010,950,691,645,492,724,倍率参考式
知力,355,666554,32,45,51,118,63,72,76,7248,3621,950,718,778,1010,897,718,638,558,758,倍率参考式
知力,356,666554,32,45,51,118,63,72,77,7248,3621,917,698,811,1010,944,684,605,538,724,倍率参考式
知力,357,666554,32,45,51,118,63,72,81,7248,3621,917,711,837,1010,944,691,631,498,704,倍率参考式
知力,358,666554,32,45,51,118,63,72,82,7248,3621,911,704,831,1010,950,718,585,492,758,倍率参考式
知力,359,666554,32,45,51,118,63,72,83,7248,3621,944,718,817,1010,937,665,585,518,731,倍率参考式
知力,360,666554,32,45,51,118,63,72,85,7248,3621,924,738,798,1010,950,671,605,518,711,倍率参考式
知力,361,666554,32,45,51,118,66,69,74,7248,3621,824,731,851,1010,964,678,598,492,711,倍率参考式
知力,362,666554,32,45,51,118,66,69,76,7248,3621,864,718,804,1010,911,704,591,558,744,倍率参考式
知力,363,666554,32,45,51,118,66,69,77,7248,3621,831,698,837,1010,957,671,558,538,711,倍率参考式
知力,364,666554,32,45,51,118,66,69,81,7248,3621,831,711,864,1010,957,678,585,498,691,倍率参考式
知力,365,666554,32,45,51,118,66,69,82,7248,3621,824,704,857,1010,964,704,538,492,744,倍率参考式
知力,366,666554,32,45,51,118,66,69,83,7248,3621,857,718,844,1010,950,651,538,518,718,倍率参考式
知力,367,666554,32,45,51,118,66,69,85,7248,3621,837,738,824,1010,964,658,558,518,698,倍率参考式
知力,368,666554,32,45,51,118,66,72,74,7248,3621,897,731,884,1010,937,678,565,478,698,倍率参考式
知力,369,666554,32,45,51,118,66,72,76,7248,3621,937,718,837,1010,884,704,558,545,731,倍率参考式
知力,370,666554,32,45,51,118,66,72,77,7248,3621,904,698,871,1010,931,671,525,525,698,倍率参考式
知力,371,666554,32,45,51,118,66,72,81,7248,3621,904,711,897,1010,931,678,551,485,678,倍率参考式
知力,372,666554,32,45,51,118,66,72,82,7248,3621,897,704,891,1010,937,704,505,478,731,倍率参考式
知力,373,666554,32,45,51,118,66,72,83,7248,3621,931,718,877,1010,924,651,505,505,704,倍率参考式
知力,374,666554,32,45,51,118,66,72,85,7248,3621,911,738,857,1010,937,658,525,505,684,倍率参考式
知力,375,666554,32,45,51,118,69,72,74,7248,3621,891,724,811,1010,984,698,618,498,718,倍率参考式
知力,376,666554,32,45,51,118,69,72,76,7248,3621,931,711,764,1010,931,724,611,565,751,倍率参考式
知力,377,666554,32,45,51,118,69,72,77,7248,3621,897,691,798,1010,977,691,578,545,718,倍率参考式
知力,378,666554,32,45,51,118,69,72,81,7248,3621,897,704,824,1010,977,698,605,505,698,倍率参考式
知力,379,666554,32,45,51,118,69,72,82,7248,3621,891,698,817,1010,984,724,558,498,751,倍率参考式
知力,380,666554,32,45,51,118,69,72,83,7248,3621,924,711,804,1010,970,671,558,525,724,倍率参考式
知力,381,666554,32,45,51,118,69,72,85,7248,3621,904,731,784,1010,984,678,578,525,704,倍率参考式
知力,382,666554,32,46,47,51,63,66,74,7248,3621,778,711,758,1010,924,565,711,571,678,倍率参考式
知力,383,666554,32,46,47,51,63,66,76,7248,3621,817,698,711,1010,871,591,704,638,711,倍率参考式
知力,384,666554,32,46,47,51,63,66,77,7248,3621,784,678,744,1010,917,558,671,618,678,倍率参考式
知力,385,666554,32,46,47,51,63,66,81,7248,3621,784,691,771,1010,917,565,698,578,658,倍率参考式
知力,386,666554,32,46,47,51,63,66,82,7248,3621,778,684,764,1010,924,591,651,571,711,倍率参考式
知力,387,666554,32,46,47,51,63,66,83,7248,3621,811,698,751,1010,911,538,651,598,684,倍率参考式
知力,388,666554,32,46,47,51,63,66,85,7248,3621,791,718,731,1010,924,545,671,598,665,倍率参考式
知力,389,666554,32,46,47,51,63,69,74,7248,3621,771,704,684,1010,970,585,764,591,698,倍率参考式
知力,390,666554,32,46,47,51,63,69,76,7248,3621,811,691,638,1010,917,611,758,658,731,倍率参考式
知力,391,666554,32,46,47,51,63,69,77,7248,3621,778,671,671,1010,964,578,724,638,698,倍率参考式
知力,392,666554,32,46,47,51,63,69,81,7248,3621,778,684,698,1010,964,585,751,598,678,倍率参考式
知力,393,666554,32,46,47,51,63,69,82,7248,3621,771,678,691,1010,970,611,704,591,731,倍率参考式
知力,394,666554,32,46,47,51,63,69,83,7248,3621,804,691,678,1010,957,558,704,618,704,倍率参考式
知力,395,666554,32,46,47,51,63,69,85,7248,3621,784,711,658,1010,970,565,724,618,684,倍率参考式
知力,396,666554,32,46,47,51,63,72,74,7248,3621,844,704,718,1010,944,585,731,578,684,倍率参考式
知力,397,666554,32,46,47,51,63,72,76,7248,3621,884,691,671,1010,891,611,724,645,718,倍率参考式
知力,398,666554,32,46,47,51,63,72,77,7248,3621,851,671,704,1010,937,578,691,625,684,倍率参考式
知力,399,666554,32,46,47,51,63,72,81,7248,3621,851,684,731,1010,937,585,718,585,665,倍率参考式
知力,400,666554,32,46,47,51,63,72,82,7248,3621,844,678,724,1010,944,611,671,578,718,倍率参考式
知力,401,666554,32,46,47,51,63,72,83,7248,3621,877,691,711,1010,931,558,671,605,691,倍率参考式
知力,402,666554,32,46,47,51,63,72,85,7248,3621,857,711,691,1010,944,565,691,605,671,倍率参考式
知力,403,666554,32,46,47,51,66,69,74,7248,3621,758,704,744,1010,957,571,684,578,671,倍率参考式
知力,404,666554,32,46,47,51,66,69,76,7248,3621,798,691,698,1010,904,598,678,645,704,倍率参考式
知力,405,666554,32,46,47,51,66,69,77,7248,3621,764,671,731,1010,950,565,645,625,671,倍率参考式
知力,406,666554,32,46,47,51,66,69,81,7248,3621,764,684,758,1010,950,571,671,585,651,倍率参考式
知力,407,666554,32,46,47,51,66,69,82,7248,3621,758,678,751,1010,957,598,625,578,704,倍率参考式
知力,408,666554,32,46,47,51,66,69,83,7248,3621,791,691,738,1010,944,545,625,605,678,倍率参考式
知力,409,666554,32,46,47,51,66,69,85,7248,3621,771,711,718,1010,957,551,645,605,658,倍率参考式
知力,410,666554,32,46,47,51,66,72,74,7248,3621,831,704,778,1010,931,571,651,565,658,倍率参考式
知力,411,666554,32,46,47,51,66,72,76,7248,3621,871,691,731,1010,877,598,645,631,691,倍率参考式
知力,412,666554,32,46,47,51,66,72,77,7248,3621,837,671,764,1010,924,565,611,611,658,倍率参考式
知力,413,666554,32,46,47,51,66,72,81,7248,3621,837,684,791,1010,924,571,638,571,638,倍率参考式
知力,414,666554,32,46,47,51,66,72,82,7248,3621,831,678,784,1010,931,598,591,565,691,倍率参考式
知力,415,666554,32,46,47,51,66,72,83,7248,3621,864,691,771,1010,917,545,591,591,665,倍率参考式
知力,416,666554,32,46,47,51,66,72,85,7248,3621,844,711,751,1010,931,551,611,591,645,倍率参考式
知力,417,666554,32,46,47,51,69,72,74,7248,3621,824,698,704,1010,977,591,704,585,678,倍率参考式
知力,418,666554,32,46,47,51,69,72,76,7248,3621,864,684,658,1010,924,618,698,651,711,倍率参考式
知力,419,666554,32,46,47,51,69,72,77,7248,3621,831,665,691,1010,970,585,665,631,678,倍率参考式
知力,420,666554,32,46,47,51,69,72,81,7248,3621,831,678,718,1010,970,591,691,591,658,倍率参考式
知力,421,666554,32,46,47,51,69,72,82,7248,3621,824,671,711,1010,977,618,645,585,711,倍率参考式
知力,422,666554,32,46,47,51,69,72,83,7248,3621,857,684,698,1010,964,565,645,611,684,倍率参考式
知力,423,666554,32,46,47,51,69,72,85,7248,3621,837,704,678,1010,977,571,665,611,665,倍率参考式
知力,424,666554,32,46,47,118,63,66,74,7248,3621,778,678,824,1010,917,618,711,551,771,倍率参考式
知力,425,666554,32,46,47,118,63,66,76,7248,3621,817,665,778,1010,864,645,704,618,804,倍率参考式
知力,426,666554,32,46,47,118,63,66,77,7248,3621,784,645,811,1010,911,611,671,598,771,倍率参考式
知力,427,666554,32,46,47,118,63,66,81,7248,3621,784,658,837,1010,911,618,698,558,751,倍率参考式
知力,428,666554,32,46,47,118,63,66,82,7248,3621,778,651,831,1010,917,645,651,551,804,倍率参考式
知力,429,666554,32,46,47,118,63,66,83,7248,3621,811,665,817,1010,904,591,651,578,778,倍率参考式
知力,430,666554,32,46,47,118,63,66,85,7248,3621,791,684,798,1010,917,598,671,578,758,倍率参考式
知力,431,666554,32,46,47,118,63,69,74,7248,3621,771,671,751,1010,964,638,764,571,791,倍率参考式
知力,432,666554,32,46,47,118,63,69,76,7248,3621,811,658,704,1010,911,665,758,638,824,倍率参考式
知力,433,666554,32,46,47,118,63,69,77,7248,3621,778,638,738,1010,957,631,724,618,791,倍率参考式
知力,434,666554,32,46,47,118,63,69,81,7248,3621,778,651,764,1010,957,638,751,578,771,倍率参考式
知力,435,666554,32,46,47,118,63,69,82,7248,3621,771,645,758,1010,964,665,704,571,824,倍率参考式
知力,436,666554,32,46,47,118,63,69,83,7248,3621,804,658,744,1010,950,611,704,598,798,倍率参考式
知力,437,666554,32,46,47,118,63,69,85,7248,3621,784,678,724,1010,964,618,724,598,778,倍率参考式
知力,438,666554,32,46,47,118,63,72,74,7248,3621,844,671,784,1010,937,638,731,558,778,倍率参考式
知力,439,666554,32,46,47,118,63,72,76,7248,3621,884,658,738,1010,884,665,724,625,811,倍率参考式
知力,440,666554,32,46,47,118,63,72,77,7248,3621,851,638,771,1010,931,631,691,605,778,倍率参考式
知力,441,666554,32,46,47,118,63,72,81,7248,3621,851,651,798,1010,931,638,718,565,758,倍率参考式
知力,442,666554,32,46,47,118,63,72,82,7248,3621,844,645,791,1010,937,665,671,558,811,倍率参考式
知力,443,666554,32,46,47,118,63,72,83,7248,3621,877,658,778,1010,924,611,671,585,784,倍率参考式
知力,444,666554,32,46,47,118,63,72,85,7248,3621,857,678,758,1010,937,618,691,585,764,倍率参考式
知力,445,666554,32,46,47,118,66,69,74,7248,3621,758,671,811,1010,950,625,684,558,764,倍率参考式
知力,446,666554,32,46,47,118,66,69,76,7248,3621,798,658,764,1010,897,651,678,625,798,倍率参考式
知力,447,666554,32,46,47,118,66,69,77,7248,3621,764,638,798,1010,944,618,645,605,764,倍率参考式
知力,448,666554,32,46,47,118,66,69,81,7248,3621,764,651,824,1010,944,625,671,565,744,倍率参考式
知力,449,666554,32,46,47,118,66,69,82,7248,3621,758,645,817,1010,950,651,625,558,798,倍率参考式
知力,450,666554,32,46,47,118,66,69,83,7248,3621,791,658,804,1010,937,598,625,585,771,倍率参考式
知力,451,666554,32,46,47,118,66,69,85,7248,3621,771,678,784,1010,950,605,645,585,751,倍率参考式
知力,452,666554,32,46,47,118,66,72,74,7248,3621,831,671,844,1010,924,625,651,545,751,倍率参考式
知力,453,666554,32,46,47,118,66,72,76,7248,3621,871,658,798,1010,871,651,645,611,784,倍率参考式
知力,454,666554,32,46,47,118,66,72,77,7248,3621,837,638,831,1010,917,618,611,591,751,倍率参考式
知力,455,666554,32,46,47,118,66,72,81,7248,3621,837,651,857,1010,917,625,638,551,731,倍率参考式
知力,456,666554,32,46,47,118,66,72,82,7248,3621,831,645,851,1010,924,651,591,545,784,倍率参考式
知力,457,666554,32,46,47,118,66,72,83,7248,3621,864,658,837,1010,911,598,591,571,758,倍率参考式
知力,458,666554,32,46,47,118,66,72,85,7248,3621,844,678,817,1010,924,605,611,571,738,倍率参考式
知力,459,666554,32,46,47,118,69,72,74,7248,3621,824,665,771,1010,970,645,704,565,771,倍率参考式
知力,460,666554,32,46,47,118,69,72,76,7248,3621,864,651,724,1010,917,671,698,631,804,倍率参考式
知力,461,666554,32,46,47,118,69,72,77,7248,3621,831,631,758,1010,964,638,665,611,771,倍率参考式
知力,462,666554,32,46,47,118,69,72,81,7248,3621,831,645,784,1010,964,645,691,571,751,倍率参考式
知力,463,666554,32,46,47,118,69,72,82,7248,3621,824,638,778,1010,970,671,645,565,804,倍率参考式
知力,464,666554,32,46,47,118,69,72,83,7248,3621,857,651,764,1010,957,618,645,591,778,倍率参考式
知力,465,666554,32,46,47,118,69,72,85,7248,3621,837,671,744,1010,970,625,665,591,758,倍率参考式
知力,466,666554,32,46,51,118,63,66,74,7248,3621,831,751,817,1010,917,618,704,498,704,倍率参考式
知力,467,666554,32,46,51,118,63,66,76,7248,3621,871,738,771,1010,864,645,698,565,738,倍率参考式
知力,468,666554,32,46,51,118,63,66,77,7248,3621,837,718,804,1010,911,611,665,545,704,倍率参考式
知力,469,666554,32,46,51,118,63,66,81,7248,3621,837,731,831,1010,911,618,691,505,684,倍率参考式
知力,470,666554,32,46,51,118,63,66,82,7248,3621,831,724,824,1010,917,645,645,498,738,倍率参考式
知力,471,666554,32,46,51,118,63,66,83,7248,3621,864,738,811,1010,904,591,645,525,711,倍率参考式
知力,472,666554,32,46,51,118,63,66,85,7248,3621,844,758,791,1010,917,598,665,525,691,倍率参考式
知力,473,666554,32,46,51,118,63,69,74,7248,3621,824,744,744,1010,964,638,758,518,724,倍率参考式
知力,474,666554,32,46,51,118,63,69,76,7248,3621,864,731,698,1010,911,665,751,585,758,倍率参考式
知力,475,666554,32,46,51,118,63,69,77,7248,3621,831,711,731,1010,957,631,718,565,724,倍率参考式
知力,476,666554,32,46,51,118,63,69,81,7248,3621,831,724,758,1010,957,638,744,525,704,倍率参考式
知力,477,666554,32,46,51,118,63,69,82,7248,3621,824,718,751,1010,964,665,698,518,758,倍率参考式
知力,478,666554,32,46,51,118,63,69,83,7248,3621,857,731,738,1010,950,611,698,545,731,倍率参考式
知力,479,666554,32,46,51,118,63,69,85,7248,3621,837,751,718,1010,964,618,718,545,711,倍率参考式
知力,480,666554,32,46,51,118,63,72,74,7248,3621,897,744,778,1010,937,638,724,505,711,倍率参考式
知力,481,666554,32,46,51,118,63,72,76,7248,3621,937,731,731,1010,884,665,718,571,744,倍率参考式
知力,482,666554,32,46,51,118,63,72,77,7248,3621,904,711,764,1010,931,631,684,551,711,倍率参考式
知力,483,666554,32,46,51,118,63,72,81,7248,3621,904,724,791,1010,931,638,711,512,691,倍率参考式
知力,484,666554,32,46,51,118,63,72,82,7248,3621,897,718,784,1010,937,665,665,505,744,倍率参考式
知力,485,666554,32,46,51,118,63,72,83,7248,3621,931,731,771,1010,924,611,665,532,718,倍率参考式
知力,486,666554,32,47,51,118,58,63,74,7248,3621,844,718,784,1010,977,651,678,565,738,倍率参考式
知力,487,666554,32,47,51,118,58,63,76,7248,3621,884,704,738,1010,924,678,671,631,771,倍率参考式
知力,488,666554,32,47,51,118,58,63,77,7248,3621,851,684,771,1010,970,645,638,611,738,倍率参考式
知力,489,666554,32,47,51,118,58,63,81,7248,3621,851,698,798,1010,970,651,665,571,718,倍率参考式
知力,490,666554,32,47,51,118,58,63,82,7248,3621,844,691,791,1010,977,678,618,565,771,倍率参考式
知力,491,666554,32,47,51,118,58,63,83,7248,3621,877,704,778,1010,964,625,618,591,744,倍率参考式
知力,492,666554,32,47,51,118,58,63,85,7248,3621,857,724,758,1010,977,631,638,591,724,倍率参考式
知力,493,666554,32,47,51,118,58,66,74,7248,3621,831,718,844,1010,964,638,598,551,711,倍率参考式
知力,494,666554,32,47,51,118,58,66,76,7248,3621,871,704,798,1010,911,665,591,618,744,倍率参考式
知力,495,666554,32,47,51,118,58,66,77,7248,3621,837,684,831,1010,957,631,558,598,711,倍率参考式
知力,496,666554,32,47,51,118,58,66,81,7248,3621,837,698,857,1010,957,638,585,558,691,倍率参考式
知力,497,666554,32,47,51,118,58,66,82,7248,3621,831,691,851,1010,964,665,538,551,744,倍率参考式
知力,498,666554,32,47,51,118,58,66,83,7248,3621,864,704,837,1010,950,611,538,578,718,倍率参考式
知力,499,666554,32,47,51,118,58,66,85,7248,3621,844,724,817,1010,964,618,558,578,698,倍率参考式
知力,500,666554,32,47,51,118,58,69,74,7248,3621,824,711,771,1010,1010,658,651,571,731,倍率参考式
魅力,1,666644,32,39,41,44,45,74,79,7440,3716,911,649,911,904,1018,629,596,603,763,倍率参考式
魅力,2,666644,32,39,41,44,45,74,80,7440,3716,871,636,891,924,1018,629,589,562,750,倍率参考式
魅力,3,666644,32,39,41,44,45,74,82,7440,3716,864,636,931,938,1018,670,556,542,777,倍率参考式
魅力,4,666644,32,39,41,44,45,74,85,7440,3716,877,670,897,938,1018,623,576,569,730,倍率参考式
魅力,5,666644,32,39,41,44,45,74,89,7440,3716,871,636,897,911,1018,629,603,556,743,倍率参考式
魅力,6,666644,32,39,41,44,45,74,90,7440,3716,897,643,897,931,1018,609,616,549,716,倍率参考式
魅力,7,666644,32,39,41,44,45,79,80,7440,3716,917,623,877,891,1018,616,569,623,770,倍率参考式
魅力,8,666644,32,39,41,44,45,79,82,7440,3716,911,623,917,904,1018,656,536,603,797,倍率参考式
魅力,9,666644,32,39,41,44,45,79,85,7440,3716,924,656,884,904,1018,609,556,629,750,倍率参考式
魅力,10,666644,32,39,41,44,45,79,89,7440,3716,917,623,884,877,1018,616,582,616,763,倍率参考式
魅力,11,666644,32,39,41,44,45,79,90,7440,3716,944,629,884,897,1018,596,596,609,737,倍率参考式
魅力,12,666644,32,39,41,44,45,80,82,7440,3716,871,609,897,924,1018,656,529,562,783,倍率参考式
魅力,13,666644,32,39,41,44,45,80,85,7440,3716,884,643,864,924,1018,609,549,589,737,倍率参考式
魅力,14,666644,32,39,41,44,45,80,89,7440,3716,877,609,864,897,1018,616,576,576,750,倍率参考式
魅力,15,666644,32,39,41,44,45,80,90,7440,3716,904,616,864,917,1018,596,589,569,723,倍率参考式
魅力,16,666644,32,39,41,44,45,82,85,7440,3716,877,643,904,938,1018,649,515,569,763,倍率参考式
魅力,17,666644,32,39,41,44,45,82,89,7440,3716,871,609,904,911,1018,656,542,556,777,倍率参考式
魅力,18,666644,32,39,41,44,45,82,90,7440,3716,897,616,904,931,1018,636,556,549,750,倍率参考式
魅力,19,666644,32,39,41,44,45,85,89,7440,3716,884,643,871,911,1018,609,562,582,730,倍率参考式
魅力,20,666644,32,39,41,44,45,85,90,7440,3716,911,649,871,931,1018,589,576,576,703,倍率参考式
魅力,21,666644,32,39,41,44,45,89,90,7440,3716,904,616,871,904,1018,596,603,562,716,倍率参考式
魅力,22,666644,32,39,41,44,47,74,79,7440,3716,857,629,850,911,1018,556,623,656,757,倍率参考式
魅力,23,666644,32,39,41,44,47,74,80,7440,3716,817,616,830,931,1018,556,616,616,743,倍率参考式
魅力,24,666644,32,39,41,44,47,74,82,7440,3716,810,616,871,944,1018,596,582,596,770,倍率参考式
魅力,25,666644,32,39,41,44,47,74,85,7440,3716,824,649,837,944,1018,549,603,623,723,倍率参考式
魅力,26,666644,32,39,41,44,47,74,89,7440,3716,817,616,837,917,1018,556,629,609,737,倍率参考式
魅力,27,666644,32,39,41,44,47,74,90,7440,3716,844,623,837,938,1018,536,643,603,710,倍率参考式
魅力,28,666644,32,39,41,44,47,79,80,7440,3716,864,603,817,897,1018,542,596,676,763,倍率参考式
魅力,29,666644,32,39,41,44,47,79,82,7440,3716,857,603,857,911,1018,582,562,656,790,倍率参考式
魅力,30,666644,32,39,41,44,47,79,85,7440,3716,871,636,824,911,1018,536,582,683,743,倍率参考式
魅力,31,666644,32,39,41,44,47,79,89,7440,3716,864,603,824,884,1018,542,609,670,757,倍率参考式
魅力,32,666644,32,39,41,44,47,79,90,7440,3716,891,609,824,904,1018,522,623,663,730,倍率参考式
魅力,33,666644,32,39,41,44,47,80,82,7440,3716,817,589,837,931,1018,582,556,616,777,倍率参考式
魅力,34,666644,32,39,41,44,47,80,85,7440,3716,830,623,804,931,1018,536,576,643,730,倍率参考式
魅力,35,666644,32,39,41,44,47,80,89,7440,3716,824,589,804,904,1018,542,603,629,743,倍率参考式
魅力,36,666644,32,39,41,44,47,80,90,7440,3716,850,596,804,924,1018,522,616,623,716,倍率参考式
魅力,37,666644,32,39,41,44,47,82,85,7440,3716,824,623,844,944,1018,576,542,623,757,倍率参考式
魅力,38,666644,32,39,41,44,47,82,89,7440,3716,817,589,844,917,1018,582,569,609,770,倍率参考式
魅力,39,666644,32,39,41,44,47,82,90,7440,3716,844,596,844,938,1018,562,582,603,743,倍率参考式
魅力,40,666644,32,39,41,44,47,85,89,7440,3716,830,623,810,917,1018,536,589,636,723,倍率参考式
魅力,41,666644,32,39,41,44,47,85,90,7440,3716,857,629,810,938,1018,515,603,629,696,倍率参考式
魅力,42,666644,32,39,41,44,47,89,90,7440,3716,850,596,810,911,1018,522,629,616,710,倍率参考式
魅力,43,666644,32,39,41,44,49,74,79,7440,3716,844,629,830,897,1018,569,603,603,703,倍率参考式
魅力,44,666644,32,39,41,44,49,74,80,7440,3716,804,616,810,917,1018,569,596,562,690,倍率参考式
魅力,45,666644,32,39,41,44,49,74,82,7440,3716,797,616,850,931,1018,609,562,542,716,倍率参考式
魅力,46,666644,32,39,41,44,49,74,85,7440,3716,810,649,817,931,1018,562,582,569,670,倍率参考式
魅力,47,666644,32,39,41,44,49,74,89,7440,3716,804,616,817,904,1018,569,609,556,683,倍率参考式
魅力,48,666644,32,39,41,44,49,74,90,7440,3716,830,623,817,924,1018,549,623,549,656,倍率参考式
魅力,49,666644,32,39,41,44,49,79,80,7440,3716,850,603,797,884,1018,556,576,623,710,倍率参考式
魅力,50,666644,32,39,41,44,49,79,82,7440,3716,844,603,837,897,1018,596,542,603,737,倍率参考式
魅力,51,666644,32,39,41,44,49,79,85,7440,3716,857,636,804,897,1018,549,562,629,690,倍率参考式
魅力,52,666644,32,39,41,44,49,79,89,7440,3716,850,603,804,871,1018,556,589,616,703,倍率参考式
魅力,53,666644,32,39,41,44,49,79,90,7440,3716,877,609,804,891,1018,536,603,609,676,倍率参考式
魅力,54,666644,32,39,41,44,49,80,82,7440,3716,804,589,817,917,1018,596,536,562,723,倍率参考式
魅力,55,666644,32,39,41,44,49,80,85,7440,3716,817,623,783,917,1018,549,556,589,676,倍率参考式
魅力,56,666644,32,39,41,44,49,80,89,7440,3716,810,589,783,891,1018,556,582,576,690,倍率参考式
魅力,57,666644,32,39,41,44,49,80,90,7440,3716,837,596,783,911,1018,536,596,569,663,倍率参考式
魅力,58,666644,32,39,41,44,49,82,85,7440,3716,810,623,824,931,1018,589,522,569,703,倍率参考式
魅力,59,666644,32,39,41,44,49,82,89,7440,3716,804,589,824,904,1018,596,549,556,716,倍率参考式
魅力,60,666644,32,39,41,44,49,82,90,7440,3716,830,596,824,924,1018,576,562,549,690,倍率参考式
魅力,61,666644,32,39,41,44,49,85,89,7440,3716,817,623,790,904,1018,549,569,582,670,倍率参考式
魅力,62,666644,32,39,41,44,49,85,90,7440,3716,844,629,790,924,1018,529,582,576,643,倍率参考式
魅力,63,666644,32,39,41,44,49,89,90,7440,3716,837,596,790,897,1018,536,609,562,656,倍率参考式
魅力,64,666644,32,39,41,44,51,74,79,7440,3716,911,703,844,911,1018,556,616,603,690,倍率参考式
魅力,65,666644,32,39,41,44,51,74,80,7440,3716,871,690,824,931,1018,556,609,562,676,倍率参考式
魅力,66,666644,32,39,41,44,51,74,82,7440,3716,864,690,864,944,1018,596,576,542,703,倍率参考式
魅力,67,666644,32,39,41,44,51,74,85,7440,3716,877,723,830,944,1018,549,596,569,656,倍率参考式
魅力,68,666644,32,39,41,44,51,74,89,7440,3716,871,690,830,917,1018,556,623,556,670,倍率参考式
魅力,69,666644,32,39,41,44,51,74,90,7440,3716,897,696,830,938,1018,536,636,549,643,倍率参考式
魅力,70,666644,32,39,41,44,51,79,80,7440,3716,917,676,810,897,1018,542,589,623,696,倍率参考式
魅力,71,666644,32,39,41,44,51,79,82,7440,3716,911,676,850,911,1018,582,556,603,723,倍率参考式
魅力,72,666644,32,39,41,44,51,79,85,7440,3716,924,710,817,911,1018,536,576,629,676,倍率参考式
魅力,73,666644,32,39,41,44,51,79,89,7440,3716,917,676,817,884,1018,542,603,616,690,倍率参考式
魅力,74,666644,32,39,41,44,51,79,90,7440,3716,944,683,817,904,1018,522,616,609,663,倍率参考式
魅力,75,666644,32,39,41,44,51,80,82,7440,3716,871,663,830,931,1018,582,549,562,710,倍率参考式
魅力,76,666644,32,39,41,44,51,80,85,7440,3716,884,696,797,931,1018,536,569,589,663,倍率参考式
魅力,77,666644,32,39,41,44,51,80,89,7440,3716,877,663,797,904,1018,542,596,576,676,倍率参考式
魅力,78,666644,32,39,41,44,51,80,90,7440,3716,904,670,797,924,1018,522,609,569,649,倍率参考式
魅力,79,666644,32,39,41,44,51,82,85,7440,3716,877,696,837,944,1018,576,536,569,690,倍率参考式
魅力,80,666644,32,39,41,44,51,82,89,7440,3716,871,663,837,917,1018,582,562,556,703,倍率参考式
魅力,81,666644,32,39,41,44,51,82,90,7440,3716,897,670,837,938,1018,562,576,549,676,倍率参考式
魅力,82,666644,32,39,41,44,51,85,89,7440,3716,884,696,804,917,1018,536,582,582,656,倍率参考式
魅力,83,666644,32,39,41,44,51,85,90,7440,3716,911,703,804,938,1018,515,596,576,629,倍率参考式
魅力,84,666644,32,39,41,44,51,89,90,7440,3716,904,670,804,911,1018,522,623,562,643,倍率参考式
魅力,85,666644,32,39,41,45,47,74,79,7440,3716,871,656,871,938,1018,616,589,643,817,倍率参考式
魅力,86,666644,32,39,41,45,47,74,80,7440,3716,830,643,850,958,1018,616,582,603,804,倍率参考式
魅力,87,666644,32,39,41,45,47,74,82,7440,3716,824,643,891,971,1018,656,549,582,830,倍率参考式
魅力,88,666644,32,39,41,45,47,74,85,7440,3716,837,676,857,971,1018,609,569,609,783,倍率参考式
魅力,89,666644,32,39,41,45,47,74,89,7440,3716,830,643,857,944,1018,616,596,596,797,倍率参考式
魅力,90,666644,32,39,41,45,47,74,90,7440,3716,857,649,857,964,1018,596,609,589,770,倍率参考式
魅力,91,666644,32,39,41,45,47,79,80,7440,3716,877,629,837,924,1018,603,562,663,824,倍率参考式
魅力,92,666644,32,39,41,45,47,79,82,7440,3716,871,629,877,938,1018,643,529,643,850,倍率参考式
魅力,93,666644,32,39,41,45,47,79,85,7440,3716,884,663,844,938,1018,596,549,670,804,倍率参考式
魅力,94,666644,32,39,41,45,47,79,89,7440,3716,877,629,844,911,1018,603,576,656,817,倍率参考式
魅力,95,666644,32,39,41,45,47,79,90,7440,3716,904,636,844,931,1018,582,589,649,790,倍率参考式
魅力,96,666644,32,39,41,45,47,80,82,7440,3716,830,616,857,958,1018,643,522,603,837,倍率参考式
魅力,97,666644,32,39,41,45,47,80,85,7440,3716,844,649,824,958,1018,596,542,629,790,倍率参考式
魅力,98,666644,32,39,41,45,47,80,89,7440,3716,837,616,824,931,1018,603,569,616,804,倍率参考式
魅力,99,666644,32,39,41,45,47,80,90,7440,3716,864,623,824,951,1018,582,582,609,777,倍率参考式
魅力,100,666644,32,39,41,45,47,82,85,7440,3716,837,649,864,971,1018,636,509,609,817,倍率参考式
魅力,101,666644,32,39,41,45,47,82,89,7440,3716,830,616,864,944,1018,643,536,596,830,倍率参考式
魅力,102,666644,32,39,41,45,47,82,90,7440,3716,857,623,864,964,1018,623,549,589,804,倍率参考式
魅力,103,666644,32,39,41,45,47,85,89,7440,3716,844,649,830,944,1018,596,556,623,783,倍率参考式
魅力,104,666644,32,39,41,45,47,85,90,7440,3716,871,656,830,964,1018,576,569,616,757,倍率参考式
魅力,105,666644,32,39,41,45,47,89,90,7440,3716,864,623,830,938,1018,582,596,603,770,倍率参考式
魅力,106,666644,32,39,41,45,49,74,79,7440,3716,857,656,850,924,1018,629,569,589,763,倍率参考式
魅力,107,666644,32,39,41,45,49,74,80,7440,3716,817,643,830,944,1018,629,562,549,750,倍率参考式
魅力,108,666644,32,39,41,45,49,74,82,7440,3716,810,643,871,958,1018,670,529,529,777,倍率参考式
魅力,109,666644,32,39,41,45,49,74,85,7440,3716,824,676,837,958,1018,623,549,556,730,倍率参考式
魅力,110,666644,32,39,41,45,49,74,89,7440,3716,817,643,837,931,1018,629,576,542,743,倍率参考式
魅力,111,666644,32,39,41,45,49,74,90,7440,3716,844,649,837,951,1018,609,589,536,716,倍率参考式
魅力,112,666644,32,39,41,45,49,79,80,7440,3716,864,629,817,911,1018,616,542,609,770,倍率参考式
魅力,113,666644,32,39,41,45,49,79,82,7440,3716,857,629,857,924,1018,656,509,589,797,倍率参考式
魅力,114,666644,32,39,41,45,49,79,85,7440,3716,871,663,824,924,1018,609,529,616,750,倍率参考式
魅力,115,666644,32,39,41,45,49,79,89,7440,3716,864,629,824,897,1018,616,556,603,763,倍率参考式
魅力,116,666644,32,39,41,45,49,79,90,7440,3716,891,636,824,917,1018,596,569,596,737,倍率参考式
魅力,117,666644,32,39,41,45,49,80,82,7440,3716,817,616,837,944,1018,656,502,549,783,倍率参考式
魅力,118,666644,32,39,41,45,49,80,85,7440,3716,830,649,804,944,1018,609,522,576,737,倍率参考式
魅力,119,666644,32,39,41,45,49,80,89,7440,3716,824,616,804,917,1018,616,549,562,750,倍率参考式
魅力,120,666644,32,39,41,45,49,80,90,7440,3716,850,623,804,938,1018,596,562,556,723,倍率参考式
魅力,121,666644,32,39,41,45,49,82,85,7440,3716,824,649,844,958,1018,649,489,556,763,倍率参考式
魅力,122,666644,32,39,41,45,49,82,89,7440,3716,817,616,844,931,1018,656,515,542,777,倍率参考式
魅力,123,666644,32,39,41,45,49,82,90,7440,3716,844,623,844,951,1018,636,529,536,750,倍率参考式
魅力,124,666644,32,39,41,45,49,85,89,7440,3716,830,649,810,931,1018,609,536,569,730,倍率参考式
魅力,125,666644,32,39,41,45,49,85,90,7440,3716,857,656,810,951,1018,589,549,562,703,倍率参考式
魅力,126,666644,32,39,41,45,49,89,90,7440,3716,850,623,810,924,1018,596,576,549,716,倍率参考式
魅力,127,666644,32,39,41,45,51,74,79,7440,3716,924,730,864,938,1018,616,582,589,750,倍率参考式
魅力,128,666644,32,39,41,45,51,74,80,7440,3716,884,716,844,958,1018,616,576,549,737,倍率参考式
魅力,129,666644,32,39,41,45,51,74,82,7440,3716,877,716,884,971,1018,656,542,529,763,倍率参考式
魅力,130,666644,32,39,41,45,51,74,85,7440,3716,891,750,850,971,1018,609,562,556,716,倍率参考式
魅力,131,666644,32,39,41,45,51,74,89,7440,3716,884,716,850,944,1018,616,589,542,730,倍率参考式
魅力,132,666644,32,39,41,45,51,74,90,7440,3716,911,723,850,964,1018,596,603,536,703,倍率参考式
魅力,133,666644,32,39,41,45,51,79,80,7440,3716,931,703,830,924,1018,603,556,609,757,倍率参考式
魅力,134,666644,32,39,41,45,51,79,82,7440,3716,924,703,871,938,1018,643,522,589,783,倍率参考式
魅力,135,666644,32,39,41,45,51,79,85,7440,3716,938,737,837,938,1018,596,542,616,737,倍率参考式
魅力,136,666644,32,39,41,45,51,79,89,7440,3716,931,703,837,911,1018,603,569,603,750,倍率参考式
魅力,137,666644,32,39,41,45,51,79,90,7440,3716,958,710,837,931,1018,582,582,596,723,倍率参考式
魅力,138,666644,32,39,41,45,51,80,82,7440,3716,884,690,850,958,1018,643,515,549,770,倍率参考式
魅力,139,666644,32,39,41,45,51,80,85,7440,3716,897,723,817,958,1018,596,536,576,723,倍率参考式
魅力,140,666644,32,39,41,45,51,80,89,7440,3716,891,690,817,931,1018,603,562,562,737,倍率参考式
魅力,141,666644,32,39,41,45,51,80,90,7440,3716,917,696,817,951,1018,582,576,556,710,倍率参考式
魅力,142,666644,32,39,41,45,51,82,85,7440,3716,891,723,857,971,1018,636,502,556,750,倍率参考式
魅力,143,666644,32,39,41,45,51,82,89,7440,3716,884,690,857,944,1018,643,529,542,763,倍率参考式
魅力,144,666644,32,39,41,45,51,82,90,7440,3716,911,696,857,964,1018,623,542,536,737,倍率参考式
魅力,145,666644,32,39,41,45,51,85,89,7440,3716,897,723,824,944,1018,596,549,569,716,倍率参考式
魅力,146,666644,32,39,41,45,51,85,90,7440,3716,924,730,824,964,1018,576,562,562,690,倍率参考式
魅力,147,666644,32,39,41,45,51,89,90,7440,3716,917,696,824,938,1018,582,589,549,703,倍率参考式
魅力,148,666644,32,39,41,47,49,74,79,7440,3716,804,636,790,931,1018,556,596,643,757,倍率参考式
魅力,149,666644,32,39,41,47,49,74,80,7440,3716,763,623,770,951,1018,556,589,603,743,倍率参考式
魅力,150,666644,32,39,41,47,49,74,82,7440,3716,757,623,810,964,1018,596,556,582,770,倍率参考式
魅力,151,666644,32,39,41,47,49,74,85,7440,3716,770,656,777,964,1018,549,576,609,723,倍率参考式
魅力,152,666644,32,39,41,47,49,74,89,7440,3716,763,623,777,938,1018,556,603,596,737,倍率参考式
魅力,153,666644,32,39,41,47,49,74,90,7440,3716,790,629,777,958,1018,536,616,589,710,倍率参考式
魅力,154,666644,32,39,41,47,49,79,80,7440,3716,810,609,757,917,1018,542,569,663,763,倍率参考式
魅力,155,666644,32,39,41,47,49,79,82,7440,3716,804,609,797,931,1018,582,536,643,790,倍率参考式
魅力,156,666644,32,39,41,47,49,79,85,7440,3716,817,643,763,931,1018,536,556,670,743,倍率参考式
魅力,157,666644,32,39,41,47,49,79,89,7440,3716,810,609,763,904,1018,542,582,656,757,倍率参考式
魅力,158,666644,32,39,41,47,49,79,90,7440,3716,837,616,763,924,1018,522,596,649,730,倍率参考式
魅力,159,666644,32,39,41,47,49,80,82,7440,3716,763,596,777,951,1018,582,529,603,777,倍率参考式
魅力,160,666644,32,39,41,47,49,80,85,7440,3716,777,629,743,951,1018,536,549,629,730,倍率参考式
魅力,161,666644,32,39,41,47,49,80,89,7440,3716,770,596,743,924,1018,542,576,616,743,倍率参考式
魅力,162,666644,32,39,41,47,49,80,90,7440,3716,797,603,743,944,1018,522,589,609,716,倍率参考式
魅力,163,666644,32,39,41,47,49,82,85,7440,3716,770,629,783,964,1018,576,515,609,757,倍率参考式
魅力,164,666644,32,39,41,47,49,82,89,7440,3716,763,596,783,938,1018,582,542,596,770,倍率参考式
魅力,165,666644,32,39,41,47,49,82,90,7440,3716,790,603,783,958,1018,562,556,589,743,倍率参考式
魅力,166,666644,32,39,41,47,49,85,89,7440,3716,777,629,750,938,1018,536,562,623,723,倍率参考式
魅力,167,666644,32,39,41,47,49,85,90,7440,3716,804,636,750,958,1018,515,576,616,696,倍率参考式
魅力,168,666644,32,39,41,47,49,89,90,7440,3716,797,603,750,931,1018,522,603,603,710,倍率参考式
魅力,169,666644,32,39,41,47,51,74,79,7440,3716,871,710,804,944,1018,542,609,643,743,倍率参考式
魅力,170,666644,32,39,41,47,51,74,80,7440,3716,830,696,783,964,1018,542,603,603,730,倍率参考式
魅力,171,666644,32,39,41,47,51,74,82,7440,3716,824,696,824,978,1018,582,569,582,757,倍率参考式
魅力,172,666644,32,39,41,47,51,74,85,7440,3716,837,730,790,978,1018,536,589,609,710,倍率参考式
魅力,173,666644,32,39,41,47,51,74,89,7440,3716,830,696,790,951,1018,542,616,596,723,倍率参考式
魅力,174,666644,32,39,41,47,51,74,90,7440,3716,857,703,790,971,1018,522,629,589,696,倍率参考式
魅力,175,666644,32,39,41,47,51,79,80,7440,3716,877,683,770,931,1018,529,582,663,750,倍率参考式
魅力,176,666644,32,39,41,47,51,79,82,7440,3716,871,683,810,944,1018,569,549,643,777,倍率参考式
魅力,177,666644,32,39,41,47,51,79,85,7440,3716,884,716,777,944,1018,522,569,670,730,倍率参考式
魅力,178,666644,32,39,41,47,51,79,89,7440,3716,877,683,777,917,1018,529,596,656,743,倍率参考式
魅力,179,666644,32,39,41,47,51,79,90,7440,3716,904,690,777,938,1018,509,609,649,716,倍率参考式
魅力,180,666644,32,39,41,47,51,80,82,7440,3716,830,670,790,964,1018,569,542,603,763,倍率参考式
魅力,181,666644,32,39,41,47,51,80,85,7440,3716,844,703,757,964,1018,522,562,629,716,倍率参考式
魅力,182,666644,32,39,41,47,51,80,89,7440,3716,837,670,757,938,1018,529,589,616,730,倍率参考式
魅力,183,666644,32,39,41,47,51,80,90,7440,3716,864,676,757,958,1018,509,603,609,703,倍率参考式
魅力,184,666644,32,39,41,47,51,82,85,7440,3716,837,703,797,978,1018,562,529,609,743,倍率参考式
魅力,185,666644,32,39,41,47,51,82,89,7440,3716,830,670,797,951,1018,569,556,596,757,倍率参考式
魅力,186,666644,32,39,41,47,51,82,90,7440,3716,857,676,797,971,1018,549,569,589,730,倍率参考式
魅力,187,666644,32,39,41,47,51,85,89,7440,3716,844,703,763,951,1018,522,576,623,710,倍率参考式
魅力,188,666644,32,39,41,47,51,85,90,7440,3716,871,710,763,971,1018,502,589,616,683,倍率参考式
魅力,189,666644,32,39,41,47,51,89,90,7440,3716,864,676,763,944,1018,509,616,603,696,倍率参考式
魅力,190,666644,32,39,41,49,51,74,79,7440,3716,857,710,783,931,1018,556,589,589,690,倍率参考式
魅力,191,666644,32,39,41,49,51,74,80,7440,3716,817,696,763,951,1018,556,582,549,676,倍率参考式
魅力,192,666644,32,39,41,49,51,74,82,7440,3716,810,696,804,964,1018,596,549,529,703,倍率参考式
魅力,193,666644,32,39,41,49,51,74,85,7440,3716,824,730,770,964,1018,549,569,556,656,倍率参考式
魅力,194,666644,32,39,41,49,51,74,89,7440,3716,817,696,770,938,1018,556,596,542,670,倍率参考式
魅力,195,666644,32,39,41,49,51,74,90,7440,3716,844,703,770,958,1018,536,609,536,643,倍率参考式
魅力,196,666644,32,39,41,49,51,79,80,7440,3716,864,683,750,917,1018,542,562,609,696,倍率参考式
魅力,197,666644,32,39,41,49,51,79,82,7440,3716,857,683,790,931,1018,582,529,589,723,倍率参考式
魅力,198,666644,32,39,41,49,51,79,85,7440,3716,871,716,757,931,1018,536,549,616,676,倍率参考式
魅力,199,666644,32,39,41,49,51,79,89,7440,3716,864,683,757,904,1018,542,576,603,690,倍率参考式
魅力,200,666644,32,39,41,49,51,79,90,7440,3716,891,690,757,924,1018,522,589,596,663,倍率参考式
魅力,201,666644,32,39,41,49,51,80,82,7440,3716,817,670,770,951,1018,582,522,549,710,倍率参考式
魅力,202,666644,32,39,41,49,51,80,85,7440,3716,830,703,737,951,1018,536,542,576,663,倍率参考式
魅力,203,666644,32,39,41,49,51,80,89,7440,3716,824,670,737,924,1018,542,569,562,676,倍率参考式
魅力,204,666644,32,39,41,49,51,80,90,7440,3716,850,676,737,944,1018,522,582,556,649,倍率参考式
魅力,205,666644,32,39,41,49,51,82,85,7440,3716,824,703,777,964,1018,576,509,556,690,倍率参考式
魅力,206,666644,32,39,41,49,51,82,89,7440,3716,817,670,777,938,1018,582,536,542,703,倍率参考式
魅力,207,666644,32,39,41,49,51,82,90,7440,3716,844,676,777,958,1018,562,549,536,676,倍率参考式
魅力,208,666644,32,39,41,49,51,85,89,7440,3716,830,703,743,938,1018,536,556,569,656,倍率参考式
魅力,209,666644,32,39,41,49,51,85,90,7440,3716,857,710,743,958,1018,515,569,562,629,倍率参考式
魅力,210,666644,32,39,41,49,51,89,90,7440,3716,850,676,743,931,1018,522,596,549,643,倍率参考式
魅力,211,666644,32,39,44,45,47,74,79,7440,3716,891,629,897,911,1018,629,603,656,830,倍率参考式
魅力,212,666644,32,39,44,45,47,74,80,7440,3716,850,616,877,931,1018,629,596,616,817,倍率参考式
魅力,213,666644,32,39,44,45,47,74,82,7440,3716,844,616,917,944,1018,670,562,596,844,倍率参考式
魅力,214,666644,32,39,44,45,47,74,85,7440,3716,857,649,884,944,1018,623,582,623,797,倍率参考式
魅力,215,666644,32,39,44,45,47,74,89,7440,3716,850,616,884,917,1018,629,609,609,810,倍率参考式
魅力,216,666644,32,39,44,45,47,74,90,7440,3716,877,623,884,938,1018,609,623,603,783,倍率参考式
魅力,217,666644,32,39,44,45,47,79,80,7440,3716,897,603,864,897,1018,616,576,676,837,倍率参考式
魅力,218,666644,32,39,44,45,47,79,82,7440,3716,891,603,904,911,1018,656,542,656,864,倍率参考式
魅力,219,666644,32,39,44,45,47,79,85,7440,3716,904,636,871,911,1018,609,562,683,817,倍率参考式
魅力,220,666644,32,39,44,45,47,79,89,7440,3716,897,603,871,884,1018,616,589,670,830,倍率参考式
魅力,221,666644,32,39,44,45,47,79,90,7440,3716,924,609,871,904,1018,596,603,663,804,倍率参考式
魅力,222,666644,32,39,44,45,47,80,82,7440,3716,850,589,884,931,1018,656,536,616,850,倍率参考式
魅力,223,666644,32,39,44,45,47,80,85,7440,3716,864,623,850,931,1018,609,556,643,804,倍率参考式
魅力,224,666644,32,39,44,45,47,80,89,7440,3716,857,589,850,904,1018,616,582,629,817,倍率参考式
魅力,225,666644,32,39,44,45,47,80,90,7440,3716,884,596,850,924,1018,596,596,623,790,倍率参考式
魅力,226,666644,32,39,44,45,47,82,85,7440,3716,857,623,891,944,1018,649,522,623,830,倍率参考式
魅力,227,666644,32,39,44,45,47,82,89,7440,3716,850,589,891,917,1018,656,549,609,844,倍率参考式
魅力,228,666644,32,39,44,45,47,82,90,7440,3716,877,596,891,938,1018,636,562,603,817,倍率参考式
魅力,229,666644,32,39,44,45,47,85,89,7440,3716,864,623,857,917,1018,609,569,636,797,倍率参考式
魅力,230,666644,32,39,44,45,47,85,90,7440,3716,891,629,857,938,1018,589,582,629,770,倍率参考式
魅力,231,666644,32,39,44,45,47,89,90,7440,3716,884,596,857,911,1018,596,609,616,783,倍率参考式
魅力,232,666644,32,39,44,45,49,74,79,7440,3716,877,629,877,897,1018,643,582,603,777,倍率参考式
魅力,233,666644,32,39,44,45,49,74,80,7440,3716,837,616,857,917,1018,643,576,562,763,倍率参考式
魅力,234,666644,32,39,44,45,49,74,82,7440,3716,830,616,897,931,1018,683,542,542,790,倍率参考式
魅力,235,666644,32,39,44,45,49,74,85,7440,3716,844,649,864,931,1018,636,562,569,743,倍率参考式
魅力,236,666644,32,39,44,45,49,74,89,7440,3716,837,616,864,904,1018,643,589,556,757,倍率参考式
魅力,237,666644,32,39,44,45,49,74,90,7440,3716,864,623,864,924,1018,623,603,549,730,倍率参考式
魅力,238,666644,32,39,44,45,49,79,80,7440,3716,884,603,844,884,1018,629,556,623,783,倍率参考式
魅力,239,666644,32,39,44,45,49,79,82,7440,3716,877,603,884,897,1018,670,522,603,810,倍率参考式
魅力,240,666644,32,39,44,45,49,79,85,7440,3716,891,636,850,897,1018,623,542,629,763,倍率参考式
魅力,241,666644,32,39,44,45,49,79,89,7440,3716,884,603,850,871,1018,629,569,616,777,倍率参考式
魅力,242,666644,32,39,44,45,49,79,90,7440,3716,911,609,850,891,1018,609,582,609,750,倍率参考式
魅力,243,666644,32,39,44,45,49,80,82,7440,3716,837,589,864,917,1018,670,515,562,797,倍率参考式
魅力,244,666644,32,39,44,45,49,80,85,7440,3716,850,623,830,917,1018,623,536,589,750,倍率参考式
魅力,245,666644,32,39,44,45,49,80,89,7440,3716,844,589,830,891,1018,629,562,576,763,倍率参考式
魅力,246,666644,32,39,44,45,49,80,90,7440,3716,871,596,830,911,1018,609,576,569,737,倍率参考式
魅力,247,666644,32,39,44,45,49,82,85,7440,3716,844,623,871,931,1018,663,502,569,777,倍率参考式
魅力,248,666644,32,39,44,45,49,82,89,7440,3716,837,589,871,904,1018,670,529,556,790,倍率参考式
魅力,249,666644,32,39,44,45,49,82,90,7440,3716,864,596,871,924,1018,649,542,549,763,倍率参考式
魅力,250,666644,32,39,44,45,49,85,89,7440,3716,850,623,837,904,1018,623,549,582,743,倍率参考式
魅力,251,666644,32,39,44,45,49,85,90,7440,3716,877,629,837,924,1018,603,562,576,716,倍率参考式
魅力,252,666644,32,39,44,45,49,89,90,7440,3716,871,596,837,897,1018,609,589,562,730,倍率参考式
魅力,253,666644,32,39,44,45,51,74,79,7440,3716,944,703,891,911,1018,629,596,603,763,倍率参考式
魅力,254,666644,32,39,44,45,51,74,80,7440,3716,904,690,871,931,1018,629,589,562,750,倍率参考式
魅力,255,666644,32,39,44,45,51,74,82,7440,3716,897,690,911,944,1018,670,556,542,777,倍率参考式
魅力,256,666644,32,39,44,45,51,74,85,7440,3716,911,723,877,944,1018,623,576,569,730,倍率参考式
魅力,257,666644,32,39,44,45,51,74,89,7440,3716,904,690,877,917,1018,629,603,556,743,倍率参考式
魅力,258,666644,32,39,44,45,51,74,90,7440,3716,931,696,877,938,1018,609,616,549,716,倍率参考式
魅力,259,666644,32,39,44,45,51,79,80,7440,3716,951,676,857,897,1018,616,569,623,770,倍率参考式
魅力,260,666644,32,39,44,45,51,79,82,7440,3716,944,676,897,911,1018,656,536,603,797,倍率参考式
魅力,261,666644,32,39,44,45,51,79,85,7440,3716,958,710,864,911,1018,609,556,629,750,倍率参考式
魅力,262,666644,32,39,44,45,51,79,89,7440,3716,951,676,864,884,1018,616,582,616,763,倍率参考式
魅力,263,666644,32,39,44,45,51,79,90,7440,3716,978,683,864,904,1018,596,596,609,737,倍率参考式
魅力,264,666644,32,39,44,45,51,80,82,7440,3716,904,663,877,931,1018,656,529,562,783,倍率参考式
魅力,265,666644,32,39,44,45,51,80,85,7440,3716,917,696,844,931,1018,609,549,589,737,倍率参考式
魅力,266,666644,32,39,44,45,51,80,89,7440,3716,911,663,844,904,1018,616,576,576,750,倍率参考式
魅力,267,666644,32,39,44,45,51,80,90,7440,3716,938,670,844,924,1018,596,589,569,723,倍率参考式
魅力,268,666644,32,39,44,45,51,82,85,7440,3716,911,696,884,944,1018,649,515,569,763,倍率参考式
魅力,269,666644,32,39,44,45,51,82,89,7440,3716,904,663,884,917,1018,656,542,556,777,倍率参考式
魅力,270,666644,32,39,44,45,51,82,90,7440,3716,931,670,884,938,1018,636,556,549,750,倍率参考式
魅力,271,666644,32,39,44,45,51,85,89,7440,3716,917,696,850,917,1018,609,562,582,730,倍率参考式
魅力,272,666644,32,39,44,45,51,85,90,7440,3716,944,703,850,938,1018,589,576,576,703,倍率参考式
魅力,273,666644,32,39,44,45,51,89,90,7440,3716,938,670,850,911,1018,596,603,562,716,倍率参考式
魅力,274,666644,32,39,44,47,49,74,79,7440,3716,824,609,817,904,1018,569,609,656,770,倍率参考式
魅力,275,666644,32,39,44,47,49,74,80,7440,3716,783,596,797,924,1018,569,603,616,757,倍率参考式
魅力,276,666644,32,39,44,47,49,74,82,7440,3716,777,596,837,938,1018,609,569,596,783,倍率参考式
魅力,277,666644,32,39,44,47,49,74,85,7440,3716,790,629,804,938,1018,562,589,623,737,倍率参考式
魅力,278,666644,32,39,44,47,49,74,89,7440,3716,783,596,804,911,1018,569,616,609,750,倍率参考式
魅力,279,666644,32,39,44,47,49,74,90,7440,3716,810,603,804,931,1018,549,629,603,723,倍率参考式
魅力,280,666644,32,39,44,47,49,79,80,7440,3716,830,582,783,891,1018,556,582,676,777,倍率参考式
魅力,281,666644,32,39,44,47,49,79,82,7440,3716,824,582,824,904,1018,596,549,656,804,倍率参考式
魅力,282,666644,32,39,44,47,49,79,85,7440,3716,837,616,790,904,1018,549,569,683,757,倍率参考式
魅力,283,666644,32,39,44,47,49,79,89,7440,3716,830,582,790,877,1018,556,596,670,770,倍率参考式
魅力,284,666644,32,39,44,47,49,79,90,7440,3716,857,589,790,897,1018,536,609,663,743,倍率参考式
魅力,285,666644,32,39,44,47,49,80,82,7440,3716,783,569,804,924,1018,596,542,616,790,倍率参考式
魅力,286,666644,32,39,44,47,49,80,85,7440,3716,797,603,770,924,1018,549,562,643,743,倍率参考式
魅力,287,666644,32,39,44,47,49,80,89,7440,3716,790,569,770,897,1018,556,589,629,757,倍率参考式
魅力,288,666644,32,39,44,47,49,80,90,7440,3716,817,576,770,917,1018,536,603,623,730,倍率参考式
魅力,289,666644,32,39,44,47,49,82,85,7440,3716,790,603,810,938,1018,589,529,623,770,倍率参考式
魅力,290,666644,32,39,44,47,49,82,89,7440,3716,783,569,810,911,1018,596,556,609,783,倍率参考式
魅力,291,666644,32,39,44,47,49,82,90,7440,3716,810,576,810,931,1018,576,569,603,757,倍率参考式
魅力,292,666644,32,39,44,47,49,85,89,7440,3716,797,603,777,911,1018,549,576,636,737,倍率参考式
魅力,293,666644,32,39,44,47,49,85,90,7440,3716,824,609,777,931,1018,529,589,629,710,倍率参考式
魅力,294,666644,32,39,44,47,49,89,90,7440,3716,817,576,777,904,1018,536,616,616,723,倍率参考式
魅力,295,666644,32,39,44,47,51,74,79,7440,3716,891,683,830,917,1018,556,623,656,757,倍率参考式
魅力,296,666644,32,39,44,47,51,74,80,7440,3716,850,670,810,938,1018,556,616,616,743,倍率参考式
魅力,297,666644,32,39,44,47,51,74,82,7440,3716,844,670,850,951,1018,596,582,596,770,倍率参考式
魅力,298,666644,32,39,44,47,51,74,85,7440,3716,857,703,817,951,1018,549,603,623,723,倍率参考式
魅力,299,666644,32,39,44,47,51,74,89,7440,3716,850,670,817,924,1018,556,629,609,737,倍率参考式
魅力,300,666644,32,39,44,47,51,74,90,7440,3716,877,676,817,944,1018,536,643,603,710,倍率参考式
魅力,301,666644,32,39,44,47,51,79,80,7440,3716,897,656,797,904,1018,542,596,676,763,倍率参考式
魅力,302,666644,32,39,44,47,51,79,82,7440,3716,891,656,837,917,1018,582,562,656,790,倍率参考式
魅力,303,666644,32,39,44,47,51,79,85,7440,3716,904,690,804,917,1018,536,582,683,743,倍率参考式
魅力,304,666644,32,39,44,47,51,79,89,7440,3716,897,656,804,891,1018,542,609,670,757,倍率参考式
魅力,305,666644,32,39,44,47,51,79,90,7440,3716,924,663,804,911,1018,522,623,663,730,倍率参考式
魅力,306,666644,32,39,44,47,51,80,82,7440,3716,850,643,817,938,1018,582,556,616,777,倍率参考式
魅力,307,666644,32,39,44,47,51,80,85,7440,3716,864,676,783,938,1018,536,576,643,730,倍率参考式
魅力,308,666644,32,39,44,47,51,80,89,7440,3716,857,643,783,911,1018,542,603,629,743,倍率参考式
魅力,309,666644,32,39,44,47,51,80,90,7440,3716,884,649,783,931,1018,522,616,623,716,倍率参考式
魅力,310,666644,32,39,44,47,51,82,85,7440,3716,857,676,824,951,1018,576,542,623,757,倍率参考式
魅力,311,666644,32,39,44,47,51,82,89,7440,3716,850,643,824,924,1018,582,569,609,770,倍率参考式
魅力,312,666644,32,39,44,47,51,82,90,7440,3716,877,649,824,944,1018,562,582,603,743,倍率参考式
魅力,313,666644,32,39,44,47,51,85,89,7440,3716,864,676,790,924,1018,536,589,636,723,倍率参考式
魅力,314,666644,32,39,44,47,51,85,90,7440,3716,891,683,790,944,1018,515,603,629,696,倍率参考式
魅力,315,666644,32,39,44,47,51,89,90,7440,3716,884,649,790,917,1018,522,629,616,710,倍率参考式
魅力,316,666644,32,39,44,49,51,74,79,7440,3716,877,683,810,904,1018,569,603,603,703,倍率参考式
魅力,317,666644,32,39,44,49,51,74,80,7440,3716,837,670,790,924,1018,569,596,562,690,倍率参考式
魅力,318,666644,32,39,44,49,51,74,82,7440,3716,830,670,830,938,1018,609,562,542,716,倍率参考式
魅力,319,666644,32,39,44,49,51,74,85,7440,3716,844,703,797,938,1018,562,582,569,670,倍率参考式
魅力,320,666644,32,39,44,49,51,74,89,7440,3716,837,670,797,911,1018,569,609,556,683,倍率参考式
魅力,321,666644,32,39,44,49,51,74,90,7440,3716,864,676,797,931,1018,549,623,549,656,倍率参考式
魅力,322,666644,32,39,44,49,51,79,80,7440,3716,884,656,777,891,1018,556,576,623,710,倍率参考式
魅力,323,666644,32,39,44,49,51,79,82,7440,3716,877,656,817,904,1018,596,542,603,737,倍率参考式
魅力,324,666644,32,39,44,49,51,79,85,7440,3716,891,690,783,904,1018,549,562,629,690,倍率参考式
魅力,325,666644,32,39,44,49,51,79,89,7440,3716,884,656,783,877,1018,556,589,616,703,倍率参考式
魅力,326,666644,32,39,44,49,51,79,90,7440,3716,911,663,783,897,1018,536,603,609,676,倍率参考式
魅力,327,666644,32,39,44,49,51,80,82,7440,3716,837,643,797,924,1018,596,536,562,723,倍率参考式
魅力,328,666644,32,39,44,49,51,80,85,7440,3716,850,676,763,924,1018,549,556,589,676,倍率参考式
魅力,329,666644,32,39,44,49,51,80,89,7440,3716,844,643,763,897,1018,556,582,576,690,倍率参考式
魅力,330,666644,32,39,44,49,51,80,90,7440,3716,871,649,763,917,1018,536,596,569,663,倍率参考式
魅力,331,666644,32,39,44,49,51,82,85,7440,3716,844,676,804,938,1018,589,522,569,703,倍率参考式
魅力,332,666644,32,39,44,49,51,82,89,7440,3716,837,643,804,911,1018,596,549,556,716,倍率参考式
魅力,333,666644,32,39,44,49,51,82,90,7440,3716,864,649,804,931,1018,576,562,549,690,倍率参考式
魅力,334,666644,32,39,44,49,51,85,89,7440,3716,850,676,770,911,1018,549,569,582,670,倍率参考式
魅力,335,666644,32,39,44,49,51,85,90,7440,3716,877,683,770,931,1018,529,582,576,643,倍率参考式
魅力,336,666644,32,39,44,49,51,89,90,7440,3716,871,649,770,904,1018,536,609,562,656,倍率参考式
魅力,337,666644,32,39,45,47,49,74,79,7440,3716,837,636,837,931,1018,629,576,643,830,倍率参考式
魅力,338,666644,32,39,45,47,49,74,80,7440,3716,797,623,817,951,1018,629,569,603,817,倍率参考式
魅力,339,666644,32,39,45,47,49,74,82,7440,3716,790,623,857,964,1018,670,536,582,844,倍率参考式
魅力,340,666644,32,39,45,47,49,74,85,7440,3716,804,656,824,964,1018,623,556,609,797,倍率参考式
魅力,341,666644,32,39,45,47,49,74,89,7440,3716,797,623,824,938,1018,629,582,596,810,倍率参考式
魅力,342,666644,32,39,45,47,49,74,90,7440,3716,824,629,824,958,1018,609,596,589,783,倍率参考式
魅力,343,666644,32,39,45,47,49,79,80,7440,3716,844,609,804,917,1018,616,549,663,837,倍率参考式
魅力,344,666644,32,39,45,47,49,79,82,7440,3716,837,609,844,931,1018,656,515,643,864,倍率参考式
魅力,345,666644,32,39,45,47,49,79,85,7440,3716,850,643,810,931,1018,609,536,670,817,倍率参考式
魅力,346,666644,32,39,45,47,49,79,89,7440,3716,844,609,810,904,1018,616,562,656,830,倍率参考式
魅力,347,666644,32,39,45,47,49,79,90,7440,3716,871,616,810,924,1018,596,576,649,804,倍率参考式
魅力,348,666644,32,39,45,47,49,80,82,7440,3716,797,596,824,951,1018,656,509,603,850,倍率参考式
魅力,349,666644,32,39,45,47,49,80,85,7440,3716,810,629,790,951,1018,609,529,629,804,倍率参考式
魅力,350,666644,32,39,45,47,49,80,89,7440,3716,804,596,790,924,1018,616,556,616,817,倍率参考式
魅力,351,666644,32,39,45,47,49,80,90,7440,3716,830,603,790,944,1018,596,569,609,790,倍率参考式
魅力,352,666644,32,39,45,47,49,82,85,7440,3716,804,629,830,964,1018,649,495,609,830,倍率参考式
魅力,353,666644,32,39,45,47,49,82,89,7440,3716,797,596,830,938,1018,656,522,596,844,倍率参考式
魅力,354,666644,32,39,45,47,49,82,90,7440,3716,824,603,830,958,1018,636,536,589,817,倍率参考式
魅力,355,666644,32,39,45,47,49,85,89,7440,3716,810,629,797,938,1018,609,542,623,797,倍率参考式
魅力,356,666644,32,39,45,47,49,85,90,7440,3716,837,636,797,958,1018,589,556,616,770,倍率参考式
魅力,357,666644,32,39,45,47,49,89,90,7440,3716,830,603,797,931,1018,596,582,603,783,倍率参考式
魅力,358,666644,32,39,45,47,51,74,79,7440,3716,904,710,850,944,1018,616,589,643,817,倍率参考式
魅力,359,666644,32,39,45,47,51,74,80,7440,3716,864,696,830,964,1018,616,582,603,804,倍率参考式
魅力,360,666644,32,39,45,47,51,74,82,7440,3716,857,696,871,978,1018,656,549,582,830,倍率参考式
魅力,361,666644,32,39,45,47,51,74,85,7440,3716,871,730,837,978,1018,609,569,609,783,倍率参考式
魅力,362,666644,32,39,45,47,51,74,89,7440,3716,864,696,837,951,1018,616,596,596,797,倍率参考式
魅力,363,666644,32,39,45,47,51,74,90,7440,3716,891,703,837,971,1018,596,609,589,770,倍率参考式
魅力,364,666644,32,39,45,47,51,79,80,7440,3716,911,683,817,931,1018,603,562,663,824,倍率参考式
魅力,365,666644,32,39,45,47,51,79,82,7440,3716,904,683,857,944,1018,643,529,643,850,倍率参考式
魅力,366,666644,32,39,45,47,51,79,85,7440,3716,917,716,824,944,1018,596,549,670,804,倍率参考式
魅力,367,666644,32,39,45,47,51,79,89,7440,3716,911,683,824,917,1018,603,576,656,817,倍率参考式
魅力,368,666644,32,39,45,47,51,79,90,7440,3716,938,690,824,938,1018,582,589,649,790,倍率参考式
魅力,369,666644,32,39,45,47,51,80,82,7440,3716,864,670,837,964,1018,643,522,603,837,倍率参考式
魅力,370,666644,32,39,45,47,51,80,85,7440,3716,877,703,804,964,1018,596,542,629,790,倍率参考式
魅力,371,666644,32,39,45,47,51,80,89,7440,3716,871,670,804,938,1018,603,569,616,804,倍率参考式
魅力,372,666644,32,39,45,47,51,80,90,7440,3716,897,676,804,958,1018,582,582,609,777,倍率参考式
魅力,373,666644,32,39,45,47,51,82,85,7440,3716,871,703,844,978,1018,636,509,609,817,倍率参考式
魅力,374,666644,32,39,45,47,51,82,89,7440,3716,864,670,844,951,1018,643,536,596,830,倍率参考式
魅力,375,666644,32,39,45,47,51,82,90,7440,3716,891,676,844,971,1018,623,549,589,804,倍率参考式
魅力,376,666644,32,39,45,47,51,85,89,7440,3716,877,703,810,951,1018,596,556,623,783,倍率参考式
魅力,377,666644,32,39,45,47,51,85,90,7440,3716,904,710,810,971,1018,576,569,616,757,倍率参考式
魅力,378,666644,32,39,45,47,51,89,90,7440,3716,897,676,810,944,1018,582,596,603,770,倍率参考式
魅力,379,666644,32,39,45,49,51,74,79,7440,3716,891,710,830,931,1018,629,569,589,763,倍率参考式
魅力,380,666644,32,39,45,49,51,74,80,7440,3716,850,696,810,951,1018,629,562,549,750,倍率参考式
魅力,381,666644,32,39,45,49,51,74,82,7440,3716,844,696,850,964,1018,670,529,529,777,倍率参考式
魅力,382,666644,32,39,45,49,51,74,85,7440,3716,857,730,817,964,1018,623,549,556,730,倍率参考式
魅力,383,666644,32,39,45,49,51,74,89,7440,3716,850,696,817,938,1018,629,576,542,743,倍率参考式
魅力,384,666644,32,39,45,49,51,74,90,7440,3716,877,703,817,958,1018,609,589,536,716,倍率参考式
魅力,385,666644,32,39,45,49,51,79,80,7440,3716,897,683,797,917,1018,616,542,609,770,倍率参考式
魅力,386,666644,32,39,45,49,51,79,82,7440,3716,891,683,837,931,1018,656,509,589,797,倍率参考式
魅力,387,666644,32,39,45,49,51,79,85,7440,3716,904,716,804,931,1018,609,529,616,750,倍率参考式
魅力,388,666644,32,39,45,49,51,79,89,7440,3716,897,683,804,904,1018,616,556,603,763,倍率参考式
魅力,389,666644,32,39,45,49,51,79,90,7440,3716,924,690,804,924,1018,596,569,596,737,倍率参考式
魅力,390,666644,32,39,45,49,51,80,82,7440,3716,850,670,817,951,1018,656,502,549,783,倍率参考式
魅力,391,666644,32,39,45,49,51,80,85,7440,3716,864,703,783,951,1018,609,522,576,737,倍率参考式
魅力,392,666644,32,39,45,49,51,80,89,7440,3716,857,670,783,924,1018,616,549,562,750,倍率参考式
魅力,393,666644,32,39,45,49,51,80,90,7440,3716,884,676,783,944,1018,596,562,556,723,倍率参考式
魅力,394,666644,32,39,45,49,51,82,85,7440,3716,857,703,824,964,1018,649,489,556,763,倍率参考式
魅力,395,666644,32,39,45,49,51,82,89,7440,3716,850,670,824,938,1018,656,515,542,777,倍率参考式
魅力,396,666644,32,39,45,49,51,82,90,7440,3716,877,676,824,958,1018,636,529,536,750,倍率参考式
魅力,397,666644,32,39,45,49,51,85,89,7440,3716,864,703,790,938,1018,609,536,569,730,倍率参考式
魅力,398,666644,32,39,45,49,51,85,90,7440,3716,891,710,790,958,1018,589,549,562,703,倍率参考式
魅力,399,666644,32,39,45,49,51,89,90,7440,3716,884,676,790,931,1018,596,576,549,716,倍率参考式
魅力,400,666644,32,39,47,49,51,74,79,7440,3716,837,690,770,938,1018,556,596,643,757,倍率参考式
魅力,401,666644,32,39,47,49,51,74,80,7440,3716,797,676,750,958,1018,556,589,603,743,倍率参考式
魅力,402,666644,32,39,47,49,51,74,82,7440,3716,790,676,790,971,1018,596,556,582,770,倍率参考式
魅力,403,666644,32,39,47,49,51,74,85,7440,3716,804,710,757,971,1018,549,576,609,723,倍率参考式
魅力,404,666644,32,39,47,49,51,74,89,7440,3716,797,676,757,944,1018,556,603,596,737,倍率参考式
魅力,405,666644,32,39,47,49,51,74,90,7440,3716,824,683,757,964,1018,536,616,589,710,倍率参考式
魅力,406,666644,32,39,47,49,51,79,80,7440,3716,844,663,737,924,1018,542,569,663,763,倍率参考式
魅力,407,666644,32,39,47,49,51,79,82,7440,3716,837,663,777,938,1018,582,536,643,790,倍率参考式
魅力,408,666644,32,39,47,49,51,79,85,7440,3716,850,696,743,938,1018,536,556,670,743,倍率参考式
魅力,409,666644,32,39,47,49,51,79,89,7440,3716,844,663,743,911,1018,542,582,656,757,倍率参考式
魅力,410,666644,32,39,47,49,51,79,90,7440,3716,871,670,743,931,1018,522,596,649,730,倍率参考式
魅力,411,666644,32,39,47,49,51,80,82,7440,3716,797,649,757,958,1018,582,529,603,777,倍率参考式
魅力,412,666644,32,39,47,49,51,80,85,7440,3716,810,683,723,958,1018,536,549,629,730,倍率参考式
魅力,413,666644,32,39,47,49,51,80,89,7440,3716,804,649,723,931,1018,542,576,616,743,倍率参考式
魅力,414,666644,32,39,47,49,51,80,90,7440,3716,830,656,723,951,1018,522,589,609,716,倍率参考式
魅力,415,666644,32,39,47,49,51,82,85,7440,3716,804,683,763,971,1018,576,515,609,757,倍率参考式
魅力,416,666644,32,39,47,49,51,82,89,7440,3716,797,649,763,944,1018,582,542,596,770,倍率参考式
魅力,417,666644,32,39,47,49,51,82,90,7440,3716,824,656,763,964,1018,562,556,589,743,倍率参考式
魅力,418,666644,32,39,47,49,51,85,89,7440,3716,810,683,730,944,1018,536,562,623,723,倍率参考式
魅力,419,666644,32,39,47,49,51,85,90,7440,3716,837,690,730,964,1018,515,576,616,696,倍率参考式
魅力,420,666644,32,39,47,49,51,89,90,7440,3716,830,656,730,938,1018,522,603,603,710,倍率参考式
魅力,421,666644,32,41,44,45,47,74,79,7440,3716,857,663,850,938,1018,649,623,623,737,倍率参考式
魅力,422,666644,32,41,44,45,47,74,80,7440,3716,817,649,830,958,1018,649,616,582,723,倍率参考式
魅力,423,666644,32,41,44,45,47,74,82,7440,3716,810,649,871,971,1018,690,582,562,750,倍率参考式
魅力,424,666644,32,41,44,45,47,74,85,7440,3716,824,683,837,971,1018,643,603,589,703,倍率参考式
魅力,425,666644,32,41,44,45,47,74,89,7440,3716,817,649,837,944,1018,649,629,576,716,倍率参考式
魅力,426,666644,32,41,44,45,47,74,90,7440,3716,844,656,837,964,1018,629,643,569,690,倍率参考式
魅力,427,666644,32,41,44,45,47,79,80,7440,3716,864,636,817,924,1018,636,596,643,743,倍率参考式
魅力,428,666644,32,41,44,45,47,79,82,7440,3716,857,636,857,938,1018,676,562,623,770,倍率参考式
魅力,429,666644,32,41,44,45,47,79,85,7440,3716,871,670,824,938,1018,629,582,649,723,倍率参考式
魅力,430,666644,32,41,44,45,47,79,89,7440,3716,864,636,824,911,1018,636,609,636,737,倍率参考式
魅力,431,666644,32,41,44,45,47,79,90,7440,3716,891,643,824,931,1018,616,623,629,710,倍率参考式
魅力,432,666644,32,41,44,45,47,80,82,7440,3716,817,623,837,958,1018,676,556,582,757,倍率参考式
魅力,433,666644,32,41,44,45,47,80,85,7440,3716,830,656,804,958,1018,629,576,609,710,倍率参考式
魅力,434,666644,32,41,44,45,47,80,89,7440,3716,824,623,804,931,1018,636,603,596,723,倍率参考式
魅力,435,666644,32,41,44,45,47,80,90,7440,3716,850,629,804,951,1018,616,616,589,696,倍率参考式
魅力,436,666644,32,41,44,45,47,82,85,7440,3716,824,656,844,971,1018,670,542,589,737,倍率参考式
魅力,437,666644,32,41,44,45,47,82,89,7440,3716,817,623,844,944,1018,676,569,576,750,倍率参考式
魅力,438,666644,32,41,44,45,47,82,90,7440,3716,844,629,844,964,1018,656,582,569,723,倍率参考式
魅力,439,666644,32,41,44,45,47,85,89,7440,3716,830,656,810,944,1018,629,589,603,703,倍率参考式
魅力,440,666644,32,41,44,45,47,85,90,7440,3716,857,663,810,964,1018,609,603,596,676,倍率参考式
魅力,441,666644,32,41,44,45,47,89,90,7440,3716,850,629,810,938,1018,616,629,582,690,倍率参考式
魅力,442,666644,32,41,44,45,49,74,79,7440,3716,844,663,830,924,1018,663,603,569,683,倍率参考式
魅力,443,666644,32,41,44,45,49,74,80,7440,3716,804,649,810,944,1018,663,596,529,670,倍率参考式
魅力,444,666644,32,41,44,45,49,74,82,7440,3716,797,649,850,958,1018,703,562,509,696,倍率参考式
魅力,445,666644,32,41,44,45,49,74,85,7440,3716,810,683,817,958,1018,656,582,536,649,倍率参考式
魅力,446,666644,32,41,44,45,49,74,89,7440,3716,804,649,817,931,1018,663,609,522,663,倍率参考式
魅力,447,666644,32,41,44,45,49,74,90,7440,3716,830,656,817,951,1018,643,623,515,636,倍率参考式
魅力,448,666644,32,41,44,45,49,79,80,7440,3716,850,636,797,911,1018,649,576,589,690,倍率参考式
魅力,449,666644,32,41,44,45,49,79,82,7440,3716,844,636,837,924,1018,690,542,569,716,倍率参考式
魅力,450,666644,32,41,44,45,49,79,85,7440,3716,857,670,804,924,1018,643,562,596,670,倍率参考式
魅力,451,666644,32,41,44,45,49,79,89,7440,3716,850,636,804,897,1018,649,589,582,683,倍率参考式
魅力,452,666644,32,41,44,45,49,79,90,7440,3716,877,643,804,917,1018,629,603,576,656,倍率参考式
魅力,453,666644,32,41,44,45,49,80,82,7440,3716,804,623,817,944,1018,690,536,529,703,倍率参考式
魅力,454,666644,32,41,44,45,49,80,85,7440,3716,817,656,783,944,1018,643,556,556,656,倍率参考式
魅力,455,666644,32,41,44,45,49,80,89,7440,3716,810,623,783,917,1018,649,582,542,670,倍率参考式
魅力,456,666644,32,41,44,45,49,80,90,7440,3716,837,629,783,938,1018,629,596,536,643,倍率参考式
魅力,457,666644,32,41,44,45,49,82,85,7440,3716,810,656,824,958,1018,683,522,536,683,倍率参考式
魅力,458,666644,32,41,44,45,49,82,89,7440,3716,804,623,824,931,1018,690,549,522,696,倍率参考式
魅力,459,666644,32,41,44,45,49,82,90,7440,3716,830,629,824,951,1018,670,562,515,670,倍率参考式
魅力,460,666644,32,41,44,45,49,85,89,7440,3716,817,656,790,931,1018,643,569,549,649,倍率参考式
魅力,461,666644,32,41,44,45,49,85,90,7440,3716,844,663,790,951,1018,623,582,542,623,倍率参考式
魅力,462,666644,32,41,44,45,49,89,90,7440,3716,837,629,790,924,1018,629,609,529,636,倍率参考式
魅力,463,666644,32,41,44,45,51,74,79,7440,3716,911,737,844,938,1018,649,616,569,670,倍率参考式
魅力,464,666644,32,41,44,45,51,74,80,7440,3716,871,723,824,958,1018,649,609,529,656,倍率参考式
魅力,465,666644,32,41,44,45,51,74,82,7440,3716,864,723,864,971,1018,690,576,509,683,倍率参考式
魅力,466,666644,32,41,44,45,51,74,85,7440,3716,877,757,830,971,1018,643,596,536,636,倍率参考式
魅力,467,666644,32,41,44,45,51,74,89,7440,3716,871,723,830,944,1018,649,623,522,649,倍率参考式
魅力,468,666644,32,41,44,45,51,74,90,7440,3716,897,730,830,964,1018,629,636,515,623,倍率参考式
魅力,469,666644,32,41,44,45,51,79,80,7440,3716,917,710,810,924,1018,636,589,589,676,倍率参考式
魅力,470,666644,32,41,44,45,51,79,82,7440,3716,911,710,850,938,1018,676,556,569,703,倍率参考式
魅力,471,666644,32,41,44,45,51,79,85,7440,3716,924,743,817,938,1018,629,576,596,656,倍率参考式
魅力,472,666644,32,41,44,45,51,79,89,7440,3716,917,710,817,911,1018,636,603,582,670,倍率参考式
魅力,473,666644,32,41,44,45,51,79,90,7440,3716,944,716,817,931,1018,616,616,576,643,倍率参考式
魅力,474,666644,32,41,44,45,51,80,82,7440,3716,871,696,830,958,1018,676,549,529,690,倍率参考式
魅力,475,666644,32,41,44,45,51,80,85,7440,3716,884,730,797,958,1018,629,569,556,643,倍率参考式
魅力,476,666644,32,41,44,45,51,80,89,7440,3716,877,696,797,931,1018,636,596,542,656,倍率参考式
魅力,477,666644,32,41,44,45,51,80,90,7440,3716,904,703,797,951,1018,616,609,536,629,倍率参考式
魅力,478,666644,32,41,44,45,51,82,85,7440,3716,877,730,837,971,1018,670,536,536,670,倍率参考式
魅力,479,666644,32,41,44,45,51,82,89,7440,3716,871,696,837,944,1018,676,562,522,683,倍率参考式
魅力,480,666644,32,41,44,45,51,82,90,7440,3716,897,703,837,964,1018,656,576,515,656,倍率参考式
魅力,481,666644,32,41,44,45,51,85,89,7440,3716,884,730,804,944,1018,629,582,549,636,倍率参考式
魅力,482,666644,32,41,44,45,51,85,90,7440,3716,911,737,804,964,1018,609,596,542,609,倍率参考式
魅力,483,666644,32,41,44,45,51,89,90,7440,3716,904,703,804,938,1018,616,623,529,623,倍率参考式
魅力,484,666644,32,41,44,47,49,74,79,7440,3716,790,643,770,931,1018,589,629,623,676,倍率参考式
魅力,485,666644,32,41,44,47,49,74,80,7440,3716,750,629,750,951,1018,589,623,582,663,倍率参考式
魅力,486,666644,32,41,44,47,49,74,82,7440,3716,743,629,790,964,1018,629,589,562,690,倍率参考式
魅力,487,666644,32,41,44,47,49,74,85,7440,3716,757,663,757,964,1018,582,609,589,643,倍率参考式
魅力,488,666644,32,41,44,47,49,74,89,7440,3716,750,629,757,938,1018,589,636,576,656,倍率参考式
魅力,489,666644,32,41,44,47,49,74,90,7440,3716,777,636,757,958,1018,569,649,569,629,倍率参考式
魅力,490,666644,32,41,44,47,49,79,80,7440,3716,797,616,737,917,1018,576,603,643,683,倍率参考式
魅力,491,666644,32,41,44,47,49,79,82,7440,3716,790,616,777,931,1018,616,569,623,710,倍率参考式
魅力,492,666644,32,41,44,47,49,79,85,7440,3716,804,649,743,931,1018,569,589,649,663,倍率参考式
魅力,493,666644,32,41,44,47,49,79,89,7440,3716,797,616,743,904,1018,576,616,636,676,倍率参考式
魅力,494,666644,32,41,44,47,49,79,90,7440,3716,824,623,743,924,1018,556,629,629,649,倍率参考式
魅力,495,666644,32,41,44,47,49,80,82,7440,3716,750,603,757,951,1018,616,562,582,696,倍率参考式
魅力,496,666644,32,41,44,47,49,80,85,7440,3716,763,636,723,951,1018,569,582,609,649,倍率参考式
魅力,497,666644,32,41,44,47,49,80,89,7440,3716,757,603,723,924,1018,576,609,596,663,倍率参考式
魅力,498,666644,32,41,44,47,49,80,90,7440,3716,783,609,723,944,1018,556,623,589,636,倍率参考式
魅力,499,666644,32,41,44,47,49,82,85,7440,3716,757,636,763,964,1018,609,549,589,676,倍率参考式
魅力,500,666644,32,41,44,47,49,82,89,7440,3716,750,603,763,938,1018,616,576,576,690,倍率参考式
土属性,1,885443,32,1,2,71,75,76,108,6882,3441,838,655,720,884,890,989,792,641,727,倍率参考式
土属性,2,885443,32,1,2,71,75,82,108,6882,3441,799,641,772,884,943,989,740,576,727,倍率参考式
土属性,3,885443,32,1,23,71,75,76,108,6882,3441,838,733,641,884,890,989,844,641,674,倍率参考式
土属性,4,885443,32,1,23,71,75,82,108,6882,3441,799,720,694,884,943,989,792,576,674,倍率参考式
土属性,5,885443,32,2,23,71,75,76,108,6882,3441,930,786,641,884,890,989,792,720,740,倍率参考式
土属性,6,885443,32,2,23,71,75,82,108,6882,3441,890,772,694,884,943,989,740,655,740,倍率参考式
土属性,7,875444,32,1,27,71,75,76,82,7062,3530,805,646,693,891,851,983,818,679,778,倍率参考式
土属性,8,875444,32,2,27,71,75,76,82,7062,3530,897,699,693,891,851,983,765,759,844,倍率参考式
土属性,9,875444,32,23,27,71,75,76,82,7062,3530,897,778,613,891,851,983,818,759,792,倍率参考式
土属性,10,885443,32,1,2,71,76,82,108,6882,3441,812,622,766,936,923,982,786,589,772,倍率参考式
土属性,11,885443,32,1,23,71,76,82,108,6882,3441,812,700,687,936,923,982,838,589,720,倍率参考式
土属性,12,885443,32,2,23,71,76,82,108,6882,3441,903,753,687,936,923,982,786,668,786,倍率参考式
土属性,13,875444,32,1,31,71,75,76,82,7062,3530,811,686,706,897,838,976,699,567,712,倍率参考式
土属性,14,875444,32,2,31,71,75,76,82,7062,3530,904,739,706,897,838,976,646,646,778,倍率参考式
土属性,15,875444,32,23,31,71,75,76,82,7062,3530,904,818,627,897,838,976,699,646,726,倍率参考式
土属性,16,876443,32,1,27,45,75,76,108,7068,3532,838,627,752,884,877,976,798,693,798,倍率参考式
土属性,17,876443,32,1,27,45,75,82,108,7068,3532,798,613,805,884,930,976,745,627,798,倍率参考式
土属性,18,876443,32,1,27,48,75,76,108,7068,3532,752,679,686,844,805,976,844,706,778,倍率参考式
土属性,19,876443,32,1,27,48,75,82,108,7068,3532,712,666,739,844,858,976,792,640,778,倍率参考式
土属性,20,876443,32,2,27,45,75,76,108,7068,3532,930,679,752,884,877,976,745,772,864,倍率参考式
土属性,21,876443,32,2,27,45,75,82,108,7068,3532,891,666,805,884,930,976,693,706,864,倍率参考式
土属性,22,876443,32,2,27,48,75,76,108,7068,3532,844,732,686,844,805,976,792,785,844,倍率参考式
土属性,23,876443,32,2,27,48,75,82,108,7068,3532,805,719,739,844,858,976,739,719,844,倍率参考式
土属性,24,876443,32,23,27,45,75,76,108,7068,3532,930,759,673,884,877,976,798,772,811,倍率参考式
土属性,25,876443,32,23,27,45,75,82,108,7068,3532,891,745,726,884,930,976,745,706,811,倍率参考式
土属性,26,876443,32,23,27,48,75,76,108,7068,3532,844,811,607,844,805,976,844,785,792,倍率参考式
土属性,27,876443,32,23,27,48,75,82,108,7068,3532,805,798,660,844,858,976,792,719,792,倍率参考式
土属性,28,877433,32,1,27,31,75,100,108,6882,3439,844,661,727,851,858,975,746,655,713,倍率参考式
土属性,29,877433,32,2,27,31,75,100,108,6882,3439,936,713,727,851,858,975,694,733,779,倍率参考式
土属性,30,877433,32,23,27,31,75,100,108,6882,3439,936,792,648,851,858,975,746,733,727,倍率参考式
土属性,31,885443,32,1,2,71,75,76,100,6882,3441,864,681,713,903,877,975,779,655,720,倍率参考式
土属性,32,885443,32,1,2,71,75,82,100,6882,3441,825,668,766,903,930,975,727,589,720,倍率参考式
土属性,33,885443,32,1,2,71,75,87,108,6882,3441,812,648,759,851,923,975,753,609,700,倍率参考式
土属性,34,885443,32,1,2,71,75,93,108,6882,3441,851,687,740,864,903,975,766,609,687,倍率参考式
土属性,35,885443,32,1,9,71,75,76,108,6882,3441,838,720,681,858,864,975,792,641,674,倍率参考式
土属性,36,885443,32,1,9,71,75,82,108,6882,3441,799,707,733,858,917,975,740,576,674,倍率参考式
土属性,37,885443,32,1,12,71,75,76,108,6882,3441,799,694,746,884,851,975,818,707,727,倍率参考式
土属性,38,885443,32,1,12,71,75,82,108,6882,3441,759,681,799,884,903,975,766,641,727,倍率参考式
土属性,39,885443,32,1,23,71,75,76,100,6882,3441,864,759,635,903,877,975,831,655,668,倍率参考式
土属性,40,885443,32,1,23,71,75,82,100,6882,3441,825,746,687,903,930,975,779,589,668,倍率参考式
土属性,41,885443,32,1,23,71,75,87,108,6882,3441,812,727,681,851,923,975,805,609,648,倍率参考式
土属性,42,885443,32,1,23,71,75,93,108,6882,3441,851,766,661,864,903,975,818,609,635,倍率参考式
土属性,43,885443,32,2,9,71,75,76,108,6882,3441,930,772,681,858,864,975,740,720,740,倍率参考式
土属性,44,885443,32,2,9,71,75,82,108,6882,3441,890,759,733,858,917,975,687,655,740,倍率参考式
土属性,45,885443,32,2,12,71,75,76,108,6882,3441,890,746,746,884,851,975,766,786,792,倍率参考式
土属性,46,885443,32,2,12,71,75,82,108,6882,3441,851,733,799,884,903,975,713,720,792,倍率参考式
土属性,47,885443,32,2,23,71,75,76,100,6882,3441,956,812,635,903,877,975,779,733,733,倍率参考式
土属性,48,885443,32,2,23,71,75,82,100,6882,3441,917,799,687,903,930,975,727,668,733,倍率参考式
土属性,49,885443,32,2,23,71,75,87,108,6882,3441,903,779,681,851,923,975,753,687,713,倍率参考式
土属性,50,885443,32,2,23,71,75,93,108,6882,3441,943,818,661,864,903,975,766,687,700,倍率参考式
土属性,51,885443,32,9,23,71,75,76,108,6882,3441,930,851,602,858,864,975,792,720,687,倍率参考式
土属性,52,885443,32,9,23,71,75,82,108,6882,3441,890,838,655,858,917,975,740,655,687,倍率参考式
土属性,53,885443,32,12,23,71,75,76,108,6882,3441,890,825,668,884,851,975,818,786,740,倍率参考式
土属性,54,885443,32,12,23,71,75,82,108,6882,3441,851,812,720,884,903,975,766,720,740,倍率参考式
土属性,55,776543,32,27,31,45,71,75,108,7062,3528,937,726,739,831,851,970,620,679,765,倍率参考式
土属性,56,776543,32,27,31,48,71,75,108,7062,3528,851,778,673,792,778,970,666,693,745,倍率参考式
土属性,57,875444,32,1,27,71,75,76,87,7062,3530,818,653,679,858,831,970,831,712,752,倍率参考式
土属性,58,875444,32,1,27,71,75,76,93,7062,3530,858,693,660,871,811,970,844,712,739,倍率参考式
土属性,59,875444,32,1,27,71,75,82,87,7062,3530,778,640,732,858,884,970,778,646,752,倍率参考式
土属性,60,875444,32,1,27,71,75,82,93,7062,3530,818,679,712,871,864,970,792,646,739,倍率参考式
土属性,61,875444,32,2,27,71,75,76,87,7062,3530,910,706,679,858,831,970,778,792,818,倍率参考式
土属性,62,875444,32,2,27,71,75,76,93,7062,3530,950,745,660,871,811,970,792,792,805,倍率参考式
土属性,63,875444,32,2,27,71,75,82,87,7062,3530,871,693,732,858,884,970,726,726,818,倍率参考式
土属性,64,875444,32,2,27,71,75,82,93,7062,3530,910,732,712,871,864,970,739,726,805,倍率参考式
土属性,65,875444,32,9,27,71,75,76,82,7062,3530,897,765,653,864,825,970,765,759,792,倍率参考式
土属性,66,875444,32,12,27,71,75,76,82,7062,3530,858,739,719,891,811,970,792,825,844,倍率参考式
土属性,67,875444,32,23,27,71,75,76,87,7062,3530,910,785,600,858,831,970,831,792,765,倍率参考式
土属性,68,875444,32,23,27,71,75,76,93,7062,3530,950,825,580,871,811,970,844,792,752,倍率参考式
土属性,69,875444,32,23,27,71,75,82,87,7062,3530,871,772,653,858,884,970,778,726,765,倍率参考式
土属性,70,875444,32,23,27,71,75,82,93,7062,3530,910,811,633,871,864,970,792,726,752,倍率参考式
土属性,71,876443,32,1,27,42,75,76,108,7068,3532,831,679,673,831,844,970,858,693,706,倍率参考式
土属性,72,876443,32,1,27,42,75,82,108,7068,3532,792,666,726,831,897,970,805,627,706,倍率参考式
土属性,73,876443,32,1,27,45,76,82,108,7068,3532,811,594,798,937,910,970,792,640,844,倍率参考式
土属性,74,876443,32,1,27,48,76,82,108,7068,3532,726,646,732,897,838,970,838,653,825,倍率参考式
土属性,75,876443,32,1,31,45,75,76,108,7068,3532,844,666,765,891,864,970,679,580,732,倍率参考式
土属性,76,876443,32,1,31,45,75,82,108,7068,3532,805,653,818,891,917,970,627,514,732,倍率参考式
土属性,77,876443,32,1,31,48,75,76,108,7068,3532,759,719,699,851,792,970,726,594,712,倍率参考式
土属性,78,876443,32,1,31,48,75,82,108,7068,3532,719,706,752,851,844,970,673,528,712,倍率参考式
土属性,79,876443,32,2,27,42,75,76,108,7068,3532,924,732,673,831,844,970,805,772,772,倍率参考式
土属性,80,876443,32,2,27,42,75,82,108,7068,3532,884,719,726,831,897,970,752,706,772,倍率参考式
土属性,81,876443,32,2,27,45,76,82,108,7068,3532,904,646,798,937,910,970,739,719,910,倍率参考式
土属性,82,876443,32,2,27,48,76,82,108,7068,3532,818,699,732,897,838,970,785,732,891,倍率参考式
土属性,83,876443,32,2,31,45,75,76,108,7068,3532,937,719,765,891,864,970,627,660,798,倍率参考式
土属性,84,876443,32,2,31,45,75,82,108,7068,3532,897,706,818,891,917,970,574,594,798,倍率参考式
土属性,85,876443,32,2,31,48,75,76,108,7068,3532,851,772,699,851,792,970,673,673,778,倍率参考式
土属性,86,876443,32,2,31,48,75,82,108,7068,3532,811,759,752,851,844,970,620,607,778,倍率参考式
土属性,87,876443,32,23,27,42,75,76,108,7068,3532,924,811,594,831,844,970,858,772,719,倍率参考式
土属性,88,876443,32,23,27,42,75,82,108,7068,3532,884,798,646,831,897,970,805,706,719,倍率参考式
土属性,89,876443,32,23,27,45,76,82,108,7068,3532,904,726,719,937,910,970,792,719,858,倍率参考式
土属性,90,876443,32,23,27,48,76,82,108,7068,3532,818,778,653,897,838,970,838,732,838,倍率参考式
土属性,91,876443,32,23,31,45,75,76,108,7068,3532,937,798,686,891,864,970,679,660,745,倍率参考式
土属性,92,876443,32,23,31,45,75,82,108,7068,3532,897,785,739,891,917,970,627,594,745,倍率参考式
土属性,93,876443,32,23,31,48,75,76,108,7068,3532,851,851,620,851,792,970,726,673,726,倍率参考式
土属性,94,876443,32,23,31,48,75,82,108,7068,3532,811,838,673,851,844,970,673,607,726,倍率参考式
土属性,95,884444,32,1,2,75,76,82,87,7068,3534,778,633,759,917,897,970,785,627,785,倍率参考式
土属性,96,884444,32,1,2,75,76,82,93,7068,3534,818,673,739,930,877,970,798,627,772,倍率参考式
土属性,97,884444,32,1,23,75,76,82,87,7068,3534,778,712,679,917,897,970,838,627,732,倍率参考式
土属性,98,884444,32,1,23,75,76,82,93,7068,3534,818,752,660,930,877,970,851,627,719,倍率参考式
土属性,99,884444,32,2,23,75,76,82,87,7068,3534,871,765,679,917,897,970,785,706,798,倍率参考式
土属性,100,884444,32,2,23,75,76,82,93,7068,3534,910,805,660,930,877,970,798,706,785,倍率参考式
土属性,101,875543,32,1,27,70,71,75,108,6876,3437,818,655,707,844,903,969,779,655,694,倍率参考式
土属性,102,875543,32,2,27,70,71,75,108,6876,3437,910,707,707,844,903,969,727,733,759,倍率参考式
土属性,103,875543,32,23,27,70,71,75,108,6876,3437,910,786,628,844,903,969,779,733,707,倍率参考式
土属性,104,877433,32,1,27,31,75,97,108,6882,3439,844,668,687,838,871,969,779,641,727,倍率参考式
土属性,105,877433,32,1,27,31,75,99,108,6882,3439,818,655,707,851,864,969,759,628,707,倍率参考式
土属性,106,877433,32,1,27,31,75,104,108,6882,3439,818,655,720,864,864,969,766,661,740,倍率参考式
土属性,107,877433,32,1,27,31,75,108,109,6882,3439,818,635,694,851,871,969,772,628,733,倍率参考式
土属性,108,877433,32,1,27,31,76,100,108,6882,3439,858,641,720,903,838,969,792,668,759,倍率参考式
土属性,109,877433,32,1,27,31,82,100,108,6882,3439,818,628,772,903,890,969,740,602,759,倍率参考式
土属性,110,877433,32,2,27,31,75,97,108,6882,3439,936,720,687,838,871,969,727,720,792,倍率参考式
土属性,111,877433,32,2,27,31,75,99,108,6882,3439,910,707,707,851,864,969,707,707,772,倍率参考式
土属性,112,877433,32,2,27,31,75,104,108,6882,3439,910,707,720,864,864,969,713,740,805,倍率参考式
土属性,113,877433,32,2,27,31,75,108,109,6882,3439,910,687,694,851,871,969,720,707,799,倍率参考式
土属性,114,877433,32,2,27,31,76,100,108,6882,3439,949,694,720,903,838,969,740,746,825,倍率参考式
土属性,115,877433,32,2,27,31,82,100,108,6882,3439,910,681,772,903,890,969,687,681,825,倍率参考式
土属性,116,877433,32,23,27,31,75,97,108,6882,3439,936,799,609,838,871,969,779,720,740,倍率参考式
土属性,117,877433,32,23,27,31,75,99,108,6882,3439,910,786,628,851,864,969,759,707,720,倍率参考式
土属性,118,877433,32,23,27,31,75,104,108,6882,3439,910,786,641,864,864,969,766,740,753,倍率参考式
土属性,119,877433,32,23,27,31,75,108,109,6882,3439,910,766,615,851,871,969,772,707,746,倍率参考式
土属性,120,877433,32,23,27,31,76,100,108,6882,3439,949,772,641,903,838,969,792,746,772,倍率参考式
土属性,121,877433,32,23,27,31,82,100,108,6882,3439,910,759,694,903,890,969,740,681,772,倍率参考式
土属性,122,885443,32,1,2,70,75,76,108,6882,3441,818,648,733,903,917,969,786,635,727,倍率参考式
土属性,123,885443,32,1,2,70,75,82,108,6882,3441,779,635,786,903,969,969,733,569,727,倍率参考式
土属性,124,885443,32,1,2,71,75,76,97,6882,3441,864,687,674,890,890,969,812,641,733,倍率参考式
土属性,125,885443,32,1,2,71,75,76,99,6882,3441,838,674,694,903,884,969,792,628,713,倍率参考式
土属性,126,885443,32,1,2,71,75,76,104,6882,3441,838,674,707,917,884,969,799,661,746,倍率参考式
土属性,127,885443,32,1,2,71,75,76,109,6882,3441,838,655,681,903,890,969,805,628,740,倍率参考式
土属性,128,885443,32,1,2,71,75,82,97,6882,3441,825,674,727,890,943,969,759,576,733,倍率参考式
土属性,129,885443,32,1,2,71,75,82,99,6882,3441,799,661,746,903,936,969,740,563,713,倍率参考式
土属性,130,885443,32,1,2,71,75,82,104,6882,3441,799,661,759,917,936,969,746,596,746,倍率参考式
土属性,131,885443,32,1,2,71,75,82,109,6882,3441,799,641,733,903,943,969,753,563,740,倍率参考式
土属性,132,885443,32,1,2,71,75,88,108,6882,3441,851,668,753,858,917,969,740,628,707,倍率参考式
土属性,133,885443,32,1,2,71,76,82,100,6882,3441,838,648,759,956,910,969,772,602,766,倍率参考式
土属性,134,885443,32,1,2,71,76,87,108,6882,3441,825,628,753,903,903,969,799,622,746,倍率参考式
土属性,135,885443,32,1,2,71,76,93,108,6882,3441,864,668,733,917,884,969,812,622,733,倍率参考式
土属性,136,885443,32,1,2,71,82,87,108,6882,3441,786,615,805,903,956,969,746,556,746,倍率参考式
土属性,137,885443,32,1,2,71,82,93,108,6882,3441,825,655,786,917,936,969,759,556,733,倍率参考式
土属性,138,885443,32,1,9,71,76,82,108,6882,3441,812,687,727,910,897,969,786,589,720,倍率参考式
土属性,139,885443,32,1,12,71,76,82,108,6882,3441,772,661,792,936,884,969,812,655,772,倍率参考式
土属性,140,885443,32,1,23,70,75,76,108,6882,3441,818,727,655,903,917,969,838,635,674,倍率参考式
土属性,141,885443,32,1,23,70,75,82,108,6882,3441,779,713,707,903,969,969,786,569,674,倍率参考式
土属性,142,885443,32,1,23,71,75,76,97,6882,3441,864,766,596,890,890,969,864,641,681,倍率参考式
土属性,143,885443,32,1,23,71,75,76,99,6882,3441,838,753,615,903,884,969,844,628,661,倍率参考式
土属性,144,885443,32,1,23,71,75,76,104,6882,3441,838,753,628,917,884,969,851,661,694,倍率参考式
土属性,145,885443,32,1,23,71,75,76,109,6882,3441,838,733,602,903,890,969,858,628,687,倍率参考式
土属性,146,885443,32,1,23,71,75,82,97,6882,3441,825,753,648,890,943,969,812,576,681,倍率参考式
土属性,147,885443,32,1,23,71,75,82,99,6882,3441,799,740,668,903,936,969,792,563,661,倍率参考式
土属性,148,885443,32,1,23,71,75,82,104,6882,3441,799,740,681,917,936,969,799,596,694,倍率参考式
土属性,149,885443,32,1,23,71,75,82,109,6882,3441,799,720,655,903,943,969,805,563,687,倍率参考式
土属性,150,885443,32,1,23,71,75,88,108,6882,3441,851,746,674,858,917,969,792,628,655,倍率参考式
土属性,151,885443,32,1,23,71,76,82,100,6882,3441,838,727,681,956,910,969,825,602,713,倍率参考式
土属性,152,885443,32,1,23,71,76,87,108,6882,3441,825,707,674,903,903,969,851,622,694,倍率参考式
土属性,153,885443,32,1,23,71,76,93,108,6882,3441,864,746,655,917,884,969,864,622,681,倍率参考式
土属性,154,885443,32,1,23,71,82,87,108,6882,3441,786,694,727,903,956,969,799,556,694,倍率参考式
土属性,155,885443,32,1,23,71,82,93,108,6882,3441,825,733,707,917,936,969,812,556,681,倍率参考式
土属性,156,885443,32,2,9,71,76,82,108,6882,3441,903,740,727,910,897,969,733,668,786,倍率参考式
土属性,157,885443,32,2,12,71,76,82,108,6882,3441,864,713,792,936,884,969,759,733,838,倍率参考式
土属性,158,885443,32,2,23,70,75,76,108,6882,3441,910,779,655,903,917,969,786,713,740,倍率参考式
土属性,159,885443,32,2,23,70,75,82,108,6882,3441,871,766,707,903,969,969,733,648,740,倍率参考式
土属性,160,885443,32,2,23,71,75,76,97,6882,3441,956,818,596,890,890,969,812,720,746,倍率参考式
土属性,161,885443,32,2,23,71,75,76,99,6882,3441,930,805,615,903,884,969,792,707,727,倍率参考式
土属性,162,885443,32,2,23,71,75,76,104,6882,3441,930,805,628,917,884,969,799,740,759,倍率参考式
土属性,163,885443,32,2,23,71,75,76,109,6882,3441,930,786,602,903,890,969,805,707,753,倍率参考式
土属性,164,885443,32,2,23,71,75,82,97,6882,3441,917,805,648,890,943,969,759,655,746,倍率参考式
土属性,165,885443,32,2,23,71,75,82,99,6882,3441,890,792,668,903,936,969,740,641,727,倍率参考式
土属性,166,885443,32,2,23,71,75,82,104,6882,3441,890,792,681,917,936,969,746,674,759,倍率参考式
土属性,167,885443,32,2,23,71,75,82,109,6882,3441,890,772,655,903,943,969,753,641,753,倍率参考式
土属性,168,885443,32,2,23,71,75,88,108,6882,3441,943,799,674,858,917,969,740,707,720,倍率参考式
土属性,169,885443,32,2,23,71,76,82,100,6882,3441,930,779,681,956,910,969,772,681,779,倍率参考式
土属性,170,885443,32,2,23,71,76,87,108,6882,3441,917,759,674,903,903,969,799,700,759,倍率参考式
土属性,171,885443,32,2,23,71,76,93,108,6882,3441,956,799,655,917,884,969,812,700,746,倍率参考式
土属性,172,885443,32,2,23,71,82,87,108,6882,3441,877,746,727,903,956,969,746,635,759,倍率参考式
土属性,173,885443,32,2,23,71,82,93,108,6882,3441,917,786,707,917,936,969,759,635,746,倍率参考式
土属性,174,885443,32,9,23,71,76,82,108,6882,3441,903,818,648,910,897,969,786,668,733,倍率参考式
土属性,175,885443,32,12,23,71,76,82,108,6882,3441,864,792,713,936,884,969,812,733,786,倍率参考式
土属性,176,886433,32,1,2,45,75,100,108,6887,3442,858,648,825,897,956,969,707,602,740,倍率参考式
土属性,177,886433,32,1,2,48,75,100,108,6887,3442,772,700,759,858,884,969,753,615,720,倍率参考式
土属性,178,886433,32,1,23,45,75,100,108,6887,3442,858,727,746,897,956,969,759,602,687,倍率参考式
土属性,179,886433,32,1,23,48,75,100,108,6887,3442,772,779,681,858,884,969,805,615,668,倍率参考式
土属性,180,886433,32,2,23,45,75,100,108,6887,3442,949,779,746,897,956,969,707,681,753,倍率参考式
土属性,181,886433,32,2,23,48,75,100,108,6887,3442,864,831,681,858,884,969,753,694,733,倍率参考式
土属性,182,776444,32,27,31,45,75,76,82,7248,3621,904,711,738,897,824,964,651,698,851,倍率参考式
土属性,183,776444,32,27,31,48,75,76,82,7248,3621,817,764,671,857,751,964,698,711,831,倍率参考式
土属性,184,776543,32,27,31,42,71,75,108,7062,3528,930,778,660,778,818,963,679,679,673,倍率参考式
土属性,185,776543,32,27,31,45,71,76,108,7062,3528,950,706,732,884,831,963,666,693,811,倍率参考式
土属性,186,776543,32,27,31,45,71,82,108,7062,3528,910,693,785,884,884,963,613,627,811,倍率参考式
土属性,187,776543,32,27,31,48,71,76,108,7062,3528,864,759,666,844,759,963,712,706,792,倍率参考式
土属性,188,776543,32,27,31,48,71,82,108,7062,3528,825,745,719,844,811,963,660,640,792,倍率参考式
土属性,189,777443,32,27,28,31,75,76,108,7062,3528,897,732,646,864,792,963,765,805,818,倍率参考式
土属性,190,777443,32,27,28,31,75,82,108,7062,3528,858,719,699,864,844,963,712,739,818,倍率参考式
土属性,191,866543,32,1,45,48,71,75,108,7068,3532,772,712,772,838,877,963,679,561,706,倍率参考式
土属性,192,866543,32,2,45,48,71,75,108,7068,3532,864,765,772,838,877,963,627,640,772,倍率参考式
土属性,193,866543,32,23,45,48,71,75,108,7068,3532,864,844,693,838,877,963,679,640,719,倍率参考式
土属性,194,875444,32,1,27,70,75,76,82,7062,3530,785,640,706,910,877,963,811,673,778,倍率参考式
土属性,195,875444,32,1,27,71,75,76,88,7062,3530,858,673,673,864,825,963,818,732,759,倍率参考式
土属性,196,875444,32,1,27,71,75,82,88,7062,3530,818,660,726,864,877,963,765,666,759,倍率参考式
土属性,197,875444,32,1,27,71,76,82,87,7062,3530,792,620,726,910,864,963,825,660,798,倍率参考式
土属性,198,875444,32,1,27,71,76,82,93,7062,3530,831,660,706,924,844,963,838,660,785,倍率参考式
土属性,199,875444,32,1,28,71,75,76,82,7062,3530,785,686,686,917,864,963,798,660,759,倍率参考式
土属性,200,875444,32,1,31,71,75,76,87,7062,3530,825,693,693,864,818,963,712,600,686,倍率参考式
土属性,201,875444,32,1,31,71,75,76,93,7062,3530,864,732,673,877,798,963,726,600,673,倍率参考式
土属性,202,875444,32,1,31,71,75,82,87,7062,3530,785,679,745,864,871,963,660,534,686,倍率参考式
土属性,203,875444,32,1,31,71,75,82,93,7062,3530,825,719,726,877,851,963,673,534,673,倍率参考式
土属性,204,875444,32,2,27,70,75,76,82,7062,3530,877,693,706,910,877,963,759,752,844,倍率参考式
土属性,205,875444,32,2,27,71,75,76,88,7062,3530,950,726,673,864,825,963,765,811,825,倍率参考式
土属性,206,875444,32,2,27,71,75,82,88,7062,3530,910,712,726,864,877,963,712,745,825,倍率参考式
土属性,207,875444,32,2,27,71,76,82,87,7062,3530,884,673,726,910,864,963,772,739,864,倍率参考式
土属性,208,875444,32,2,27,71,76,82,93,7062,3530,924,712,706,924,844,963,785,739,851,倍率参考式
土属性,209,875444,32,2,28,71,75,76,82,7062,3530,877,739,686,917,864,963,745,739,825,倍率参考式
土属性,210,875444,32,2,31,71,75,76,87,7062,3530,917,745,693,864,818,963,660,679,752,倍率参考式
土属性,211,875444,32,2,31,71,75,76,93,7062,3530,957,785,673,877,798,963,673,679,739,倍率参考式
土属性,212,875444,32,2,31,71,75,82,87,7062,3530,877,732,745,864,871,963,607,613,752,倍率参考式
土属性,213,875444,32,2,31,71,75,82,93,7062,3530,917,772,726,877,851,963,620,613,739,倍率参考式
土属性,214,875444,32,9,31,71,75,76,82,7062,3530,904,805,666,871,811,963,646,646,726,倍率参考式
土属性,215,875444,32,12,31,71,75,76,82,7062,3530,864,778,732,897,798,963,673,712,778,倍率参考式
土属性,216,875444,32,23,27,70,75,76,82,7062,3530,877,772,627,910,877,963,811,752,792,倍率参考式
土属性,217,875444,32,23,27,71,75,76,88,7062,3530,950,805,594,864,825,963,818,811,772,倍率参考式
土属性,218,875444,32,23,27,71,75,82,88,7062,3530,910,792,646,864,877,963,765,745,772,倍率参考式
土属性,219,875444,32,23,27,71,76,82,87,7062,3530,884,752,646,910,864,963,825,739,811,倍率参考式
土属性,220,875444,32,23,27,71,76,82,93,7062,3530,924,792,627,924,844,963,838,739,798,倍率参考式
土属性,221,875444,32,23,28,71,75,76,82,7062,3530,877,818,607,917,864,963,798,739,772,倍率参考式
土属性,222,875444,32,23,31,71,75,76,87,7062,3530,917,825,613,864,818,963,712,679,699,倍率参考式
土属性,223,875444,32,23,31,71,75,76,93,7062,3530,957,864,594,877,798,963,726,679,686,倍率参考式
土属性,224,875444,32,23,31,71,75,82,87,7062,3530,877,811,666,864,871,963,660,613,699,倍率参考式
土属性,225,875444,32,23,31,71,75,82,93,7062,3530,917,851,646,877,851,963,673,613,686,倍率参考式
土属性,226,876443,32,1,27,42,76,82,108,7068,3532,805,646,719,884,877,963,851,640,752,倍率参考式
土属性,227,876443,32,1,27,45,75,76,100,7068,3532,864,653,745,904,864,963,785,706,792,倍率参考式
土属性,228,876443,32,1,27,45,75,82,100,7068,3532,825,640,798,904,917,963,732,640,792,倍率参考式
土属性,229,876443,32,1,27,45,75,87,108,7068,3532,811,620,792,851,910,963,759,660,772,倍率参考式
土属性,230,876443,32,1,27,45,75,93,108,7068,3532,851,660,772,864,891,963,772,660,759,倍率参考式
土属性,231,876443,32,1,27,48,75,76,100,7068,3532,778,706,679,864,792,963,831,719,772,倍率参考式
土属性,232,876443,32,1,27,48,75,82,100,7068,3532,739,693,732,864,844,963,778,653,772,倍率参考式
土属性,233,876443,32,1,27,48,75,87,108,7068,3532,726,673,726,811,838,963,805,673,752,倍率参考式
土属性,234,876443,32,1,27,48,75,93,108,7068,3532,765,712,706,825,818,963,818,673,739,倍率参考式
土属性,235,876443,32,1,31,42,75,76,108,7068,3532,838,719,686,838,831,963,739,580,640,倍率参考式
土属性,236,876443,32,1,31,42,75,82,108,7068,3532,798,706,739,838,884,963,686,514,640,倍率参考式
土属性,237,876443,32,1,31,45,76,82,108,7068,3532,818,633,811,943,897,963,673,528,778,倍率参考式
土属性,238,876443,32,1,31,48,76,82,108,7068,3532,732,686,745,904,825,963,719,541,759,倍率参考式
土属性,239,876443,32,2,27,42,76,82,108,7068,3532,897,699,719,884,877,963,798,719,818,倍率参考式
土属性,240,876443,32,2,27,45,75,76,100,7068,3532,957,706,745,904,864,963,732,785,858,倍率参考式
土属性,241,876443,32,2,27,45,75,82,100,7068,3532,917,693,798,904,917,963,679,719,858,倍率参考式
土属性,242,876443,32,2,27,45,75,87,108,7068,3532,904,673,792,851,910,963,706,739,838,倍率参考式
土属性,243,876443,32,2,27,45,75,93,108,7068,3532,943,712,772,864,891,963,719,739,825,倍率参考式
土属性,244,876443,32,2,27,48,75,76,100,7068,3532,871,759,679,864,792,963,778,798,838,倍率参考式
土属性,245,876443,32,2,27,48,75,82,100,7068,3532,831,745,732,864,844,963,726,732,838,倍率参考式
土属性,246,876443,32,2,27,48,75,87,108,7068,3532,818,726,726,811,838,963,752,752,818,倍率参考式
土属性,247,876443,32,2,27,48,75,93,108,7068,3532,858,765,706,825,818,963,765,752,805,倍率参考式
土属性,248,876443,32,2,31,42,75,76,108,7068,3532,930,772,686,838,831,963,686,660,706,倍率参考式
土属性,249,876443,32,2,31,42,75,82,108,7068,3532,891,759,739,838,884,963,633,594,706,倍率参考式
土属性,250,876443,32,2,31,45,76,82,108,7068,3532,910,686,811,943,897,963,620,607,844,倍率参考式
土属性,251,876443,32,2,31,48,76,82,108,7068,3532,825,739,745,904,825,963,666,620,825,倍率参考式
土属性,252,876443,32,9,27,45,75,76,108,7068,3532,930,745,712,858,851,963,745,772,811,倍率参考式
土属性,253,876443,32,9,27,45,75,82,108,7068,3532,891,732,765,858,904,963,693,706,811,倍率参考式
土属性,254,876443,32,9,27,48,75,76,108,7068,3532,844,798,646,818,778,963,792,785,792,倍率参考式
土属性,255,876443,32,9,27,48,75,82,108,7068,3532,805,785,699,818,831,963,739,719,792,倍率参考式
土属性,256,876443,32,12,27,45,75,76,108,7068,3532,891,719,778,884,838,963,772,838,864,倍率参考式
土属性,257,876443,32,12,27,45,75,82,108,7068,3532,851,706,831,884,891,963,719,772,864,倍率参考式
土属性,258,876443,32,12,27,48,75,76,108,7068,3532,805,772,712,844,765,963,818,851,844,倍率参考式
土属性,259,876443,32,12,27,48,75,82,108,7068,3532,765,759,765,844,818,963,765,785,844,倍率参考式
土属性,260,876443,32,23,27,42,76,82,108,7068,3532,897,778,640,884,877,963,851,719,765,倍率参考式
土属性,261,876443,32,23,27,45,75,76,100,7068,3532,957,785,666,904,864,963,785,785,805,倍率参考式
土属性,262,876443,32,23,27,45,75,82,100,7068,3532,917,772,719,904,917,963,732,719,805,倍率参考式
土属性,263,876443,32,23,27,45,75,87,108,7068,3532,904,752,712,851,910,963,759,739,785,倍率参考式
土属性,264,876443,32,23,27,45,75,93,108,7068,3532,943,792,693,864,891,963,772,739,772,倍率参考式
土属性,265,876443,32,23,27,48,75,76,100,7068,3532,871,838,600,864,792,963,831,798,785,倍率参考式
土属性,266,876443,32,23,27,48,75,82,100,7068,3532,831,825,653,864,844,963,778,732,785,倍率参考式
土属性,267,876443,32,23,27,48,75,87,108,7068,3532,818,805,646,811,838,963,805,752,765,倍率参考式
土属性,268,876443,32,23,27,48,75,93,108,7068,3532,858,844,627,825,818,963,818,752,752,倍率参考式
土属性,269,876443,32,23,31,42,75,76,108,7068,3532,930,851,607,838,831,963,739,660,653,倍率参考式
土属性,270,876443,32,23,31,42,75,82,108,7068,3532,891,838,660,838,884,963,686,594,653,倍率参考式
土属性,271,876443,32,23,31,45,76,82,108,7068,3532,910,765,732,943,897,963,673,607,792,倍率参考式
土属性,272,876443,32,23,31,48,76,82,108,7068,3532,825,818,666,904,825,963,719,620,772,倍率参考式
土属性,273,884444,32,1,2,75,76,82,88,7068,3534,818,653,752,924,891,963,772,646,792,倍率参考式
土属性,274,884444,32,1,23,75,76,82,88,7068,3534,818,732,673,924,891,963,825,646,739,倍率参考式
土属性,275,884444,32,2,23,75,76,82,88,7068,3534,910,785,673,924,891,963,772,726,805,倍率参考式
土属性,276,875543,32,1,27,54,71,75,108,6876,3437,844,609,707,818,864,962,779,681,713,倍率参考式
土属性,277,875543,32,1,27,58,71,75,108,6876,3437,831,622,727,851,903,962,792,668,700,倍率参考式
土属性,278,875543,32,1,27,59,71,75,108,6876,3437,812,635,681,825,851,962,805,648,733,倍率参考式
土属性,279,875543,32,1,27,61,71,75,108,6876,3437,844,674,733,812,838,962,759,700,681,倍率参考式
土属性,280,875543,32,1,27,70,71,76,108,6876,3437,831,635,700,897,884,962,825,668,740,倍率参考式
土属性,281,875543,32,1,27,70,71,82,108,6876,3437,792,622,753,897,936,962,772,602,740,倍率参考式
土属性,282,875543,32,1,31,70,71,75,108,6876,3437,825,694,720,851,890,962,661,543,628,倍率参考式
土属性,283,875543,32,2,27,54,71,75,108,6876,3437,936,661,707,818,864,962,727,759,779,倍率参考式
土属性,284,875543,32,2,27,58,71,75,108,6876,3437,923,674,727,851,903,962,740,746,766,倍率参考式
土属性,285,875543,32,2,27,59,71,75,108,6876,3437,903,687,681,825,851,962,753,727,799,倍率参考式
土属性,286,875543,32,2,27,61,71,75,108,6876,3437,936,727,733,812,838,962,707,779,746,倍率参考式
土属性,287,875543,32,2,27,70,71,76,108,6876,3437,923,687,700,897,884,962,772,746,805,倍率参考式
土属性,288,875543,32,2,27,70,71,82,108,6876,3437,884,674,753,897,936,962,720,681,805,倍率参考式
土属性,289,875543,32,2,31,70,71,75,108,6876,3437,917,746,720,851,890,962,609,622,694,倍率参考式
土属性,290,875543,32,23,27,54,71,75,108,6876,3437,936,740,628,818,864,962,779,759,727,倍率参考式
土属性,291,875543,32,23,27,58,71,75,108,6876,3437,923,753,648,851,903,962,792,746,713,倍率参考式
土属性,292,875543,32,23,27,59,71,75,108,6876,3437,903,766,602,825,851,962,805,727,746,倍率参考式
土属性,293,875543,32,23,27,61,71,75,108,6876,3437,936,805,655,812,838,962,759,779,694,倍率参考式
土属性,294,875543,32,23,27,70,71,76,108,6876,3437,923,766,622,897,884,962,825,746,753,倍率参考式
土属性,295,875543,32,23,27,70,71,82,108,6876,3437,884,753,674,897,936,962,772,681,753,倍率参考式
土属性,296,875543,32,23,31,70,71,75,108,6876,3437,917,825,641,851,890,962,661,622,641,倍率参考式
土属性,297,876533,32,1,27,45,71,100,108,6882,3439,871,635,792,890,923,962,746,635,753,倍率参考式
土属性,298,876533,32,1,27,48,71,100,108,6882,3439,786,687,727,851,851,962,792,648,733,倍率参考式
土属性,299,876533,32,2,27,45,71,100,108,6882,3439,962,687,792,890,923,962,694,713,818,倍率参考式
土属性,300,876533,32,2,27,48,71,100,108,6882,3439,877,740,727,851,851,962,740,727,799,倍率参考式
土属性,301,876533,32,23,27,45,71,100,108,6882,3439,962,766,713,890,923,962,746,713,766,倍率参考式
土属性,302,876533,32,23,27,48,71,100,108,6882,3439,877,818,648,851,851,962,792,727,746,倍率参考式
土属性,303,877433,32,1,27,28,75,100,108,6882,3439,818,661,707,871,884,962,844,746,759,倍率参考式
土属性,304,877433,32,1,27,31,75,108,110,6882,3439,844,648,720,838,844,962,759,655,720,倍率参考式
土属性,305,877433,32,1,27,31,75,108,113,6882,3439,818,655,713,838,864,962,766,661,727,倍率参考式
土属性,306,877433,32,1,27,31,76,97,108,6882,3439,858,648,681,890,851,962,825,655,772,倍率参考式
土属性,307,877433,32,1,27,31,76,99,108,6882,3439,831,635,700,903,844,962,805,641,753,倍率参考式
土属性,308,877433,32,1,27,31,76,104,108,6882,3439,831,635,713,917,844,962,812,674,786,倍率参考式
土属性,309,877433,32,1,27,31,76,108,109,6882,3439,831,615,687,903,851,962,818,641,779,倍率参考式
土属性,310,877433,32,1,27,31,82,97,108,6882,3439,818,635,733,890,903,962,772,589,772,倍率参考式
土属性,311,877433,32,1,27,31,82,99,108,6882,3439,792,622,753,903,897,962,753,576,753,倍率参考式
土属性,312,877433,32,1,27,31,82,104,108,6882,3439,792,622,766,917,897,962,759,609,786,倍率参考式
土属性,313,877433,32,1,27,31,82,108,109,6882,3439,792,602,740,903,903,962,766,576,779,倍率参考式
土属性,314,877433,32,2,27,28,75,100,108,6882,3439,910,713,707,871,884,962,792,825,825,倍率参考式
土属性,315,877433,32,2,27,31,75,108,110,6882,3439,936,700,720,838,844,962,707,733,786,倍率参考式
土属性,316,877433,32,2,27,31,75,108,113,6882,3439,910,707,713,838,864,962,713,740,792,倍率参考式
土属性,317,877433,32,2,27,31,76,97,108,6882,3439,949,700,681,890,851,962,772,733,838,倍率参考式
土属性,318,877433,32,2,27,31,76,99,108,6882,3439,923,687,700,903,844,962,753,720,818,倍率参考式
土属性,319,877433,32,2,27,31,76,104,108,6882,3439,923,687,713,917,844,962,759,753,851,倍率参考式
土属性,320,877433,32,2,27,31,76,108,109,6882,3439,923,668,687,903,851,962,766,720,844,倍率参考式
土属性,321,877433,32,2,27,31,82,97,108,6882,3439,910,687,733,890,903,962,720,668,838,倍率参考式
土属性,322,877433,32,2,27,31,82,99,108,6882,3439,884,674,753,903,897,962,700,655,818,倍率参考式
土属性,323,877433,32,2,27,31,82,104,108,6882,3439,884,674,766,917,897,962,707,687,851,倍率参考式
土属性,324,877433,32,2,27,31,82,108,109,6882,3439,884,655,740,903,903,962,713,655,844,倍率参考式
土属性,325,877433,32,9,27,31,75,100,108,6882,3439,936,779,687,825,831,962,694,733,727,倍率参考式
土属性,326,877433,32,12,27,31,75,100,108,6882,3439,897,753,753,851,818,962,720,799,779,倍率参考式
土属性,327,877433,32,23,27,28,75,100,108,6882,3439,910,792,628,871,884,962,844,825,772,倍率参考式
土属性,328,877433,32,23,27,31,75,108,110,6882,3439,936,779,641,838,844,962,759,733,733,倍率参考式
土属性,329,877433,32,23,27,31,75,108,113,6882,3439,910,786,635,838,864,962,766,740,740,倍率参考式
土属性,330,877433,32,23,27,31,76,97,108,6882,3439,949,779,602,890,851,962,825,733,786,倍率参考式
土属性,331,877433,32,23,27,31,76,99,108,6882,3439,923,766,622,903,844,962,805,720,766,倍率参考式
土属性,332,877433,32,23,27,31,76,104,108,6882,3439,923,766,635,917,844,962,812,753,799,倍率参考式
土属性,333,877433,32,23,27,31,76,108,109,6882,3439,923,746,609,903,851,962,818,720,792,倍率参考式
土属性,334,877433,32,23,27,31,82,97,108,6882,3439,910,766,655,890,903,962,772,668,786,倍率参考式
土属性,335,877433,32,23,27,31,82,99,108,6882,3439,884,753,674,903,897,962,753,655,766,倍率参考式
土属性,336,877433,32,23,27,31,82,104,108,6882,3439,884,753,687,917,897,962,759,687,799,倍率参考式
土属性,337,877433,32,23,27,31,82,108,109,6882,3439,884,733,661,903,903,962,766,655,792,倍率参考式
土属性,338,885443,32,1,2,54,75,76,108,6882,3441,844,602,733,877,877,962,786,661,746,倍率参考式
土属性,339,885443,32,1,2,54,75,82,108,6882,3441,805,589,786,877,930,962,733,596,746,倍率参考式
土属性,340,885443,32,1,2,58,75,76,108,6882,3441,831,615,753,910,917,962,799,648,733,倍率参考式
土属性,341,885443,32,1,2,58,75,82,108,6882,3441,792,602,805,910,969,962,746,582,733,倍率参考式
土属性,342,885443,32,1,2,59,75,76,108,6882,3441,812,628,707,884,864,962,812,628,766,倍率参考式
土属性,343,885443,32,1,2,59,75,82,108,6882,3441,772,615,759,884,917,962,759,563,766,倍率参考式
土属性,344,885443,32,1,2,61,75,76,108,6882,3441,844,668,759,871,851,962,766,681,713,倍率参考式
土属性,345,885443,32,1,2,61,75,82,108,6882,3441,805,655,812,871,903,962,713,615,713,倍率参考式
土属性,346,885443,32,1,2,70,76,82,108,6882,3441,792,615,779,956,949,962,779,582,772,倍率参考式
土属性,347,885443,32,1,2,71,74,75,108,6882,3441,799,668,766,884,943,962,799,576,694,倍率参考式
土属性,348,885443,32,1,2,71,75,76,110,6882,3441,864,668,707,890,864,962,792,655,727,倍率参考式
土属性,349,885443,32,1,2,71,75,76,113,6882,3441,838,674,700,890,884,962,799,661,733,倍率参考式
土属性,350,885443,32,1,2,71,75,81,108,6882,3441,805,648,779,884,936,962,786,582,674,倍率参考式
土属性,351,885443,32,1,2,71,75,82,110,6882,3441,825,655,759,890,917,962,740,589,727,倍率参考式
土属性,352,885443,32,1,2,71,75,82,113,6882,3441,799,661,753,890,936,962,746,596,733,倍率参考式
土属性,353,885443,32,1,2,71,75,87,100,6882,3441,838,674,753,871,910,962,740,622,694,倍率参考式
土属性,354,885443,32,1,2,71,75,92,108,6882,3441,844,655,746,851,930,962,746,635,687,倍率参考式
土属性,355,885443,32,1,2,71,75,93,100,6882,3441,877,713,733,884,890,962,753,622,681,倍率参考式
土属性,356,885443,32,1,2,71,76,82,97,6882,3441,838,655,720,943,923,962,805,589,779,倍率参考式
土属性,357,885443,32,1,2,71,76,82,99,6882,3441,812,641,740,956,917,962,786,576,759,倍率参考式
土属性,358,885443,32,1,2,71,76,82,104,6882,3441,812,641,753,969,917,962,792,609,792,倍率参考式
土属性,359,885443,32,1,2,71,76,82,109,6882,3441,812,622,727,956,923,962,799,576,786,倍率参考式
土属性,360,885443,32,1,2,71,76,88,108,6882,3441,864,648,746,910,897,962,786,641,753,倍率参考式
土属性,361,885443,32,1,2,71,82,88,108,6882,3441,825,635,799,910,949,962,733,576,753,倍率参考式
土属性,362,885443,32,1,9,71,75,76,100,6882,3441,864,746,674,877,851,962,779,655,668,倍率参考式
土属性,363,885443,32,1,9,71,75,82,100,6882,3441,825,733,727,877,903,962,727,589,668,倍率参考式
土属性,364,885443,32,1,9,71,75,87,108,6882,3441,812,713,720,825,897,962,753,609,648,倍率参考式
土属性,365,885443,32,1,9,71,75,93,108,6882,3441,851,753,700,838,877,962,766,609,635,倍率参考式
土属性,366,885443,32,1,12,71,75,76,100,6882,3441,825,720,740,903,838,962,805,720,720,倍率参考式
土属性,367,885443,32,1,12,71,75,82,100,6882,3441,786,707,792,903,890,962,753,655,720,倍率参考式
土属性,368,885443,32,1,12,71,75,87,108,6882,3441,772,687,786,851,884,962,779,674,700,倍率参考式
土属性,369,885443,32,1,12,71,75,93,108,6882,3441,812,727,766,864,864,962,792,674,687,倍率参考式
土属性,370,885443,32,1,21,71,75,76,108,6882,3441,799,655,694,884,877,962,792,681,713,倍率参考式
土属性,371,885443,32,1,21,71,75,82,108,6882,3441,759,641,746,884,930,962,740,615,713,倍率参考式
土属性,372,885443,32,1,23,54,75,76,108,6882,3441,844,681,655,877,877,962,838,661,694,倍率参考式
土属性,373,885443,32,1,23,54,75,82,108,6882,3441,805,668,707,877,930,962,786,596,694,倍率参考式
土属性,374,885443,32,1,23,58,75,76,108,6882,3441,831,694,674,910,917,962,851,648,681,倍率参考式
土属性,375,885443,32,1,23,58,75,82,108,6882,3441,792,681,727,910,969,962,799,582,681,倍率参考式
土属性,376,885443,32,1,23,59,75,76,108,6882,3441,812,707,628,884,864,962,864,628,713,倍率参考式
土属性,377,885443,32,1,23,59,75,82,108,6882,3441,772,694,681,884,917,962,812,563,713,倍率参考式
土属性,378,885443,32,1,23,61,75,76,108,6882,3441,844,746,681,871,851,962,818,681,661,倍率参考式
土属性,379,885443,32,1,23,61,75,82,108,6882,3441,805,733,733,871,903,962,766,615,661,倍率参考式
土属性,380,885443,32,1,23,70,76,82,108,6882,3441,792,694,700,956,949,962,831,582,720,倍率参考式
土属性,381,885443,32,1,23,71,74,75,108,6882,3441,799,746,687,884,943,962,851,576,641,倍率参考式
土属性,382,885443,32,1,23,71,75,76,110,6882,3441,864,746,628,890,864,962,844,655,674,倍率参考式
土属性,383,885443,32,1,23,71,75,76,113,6882,3441,838,753,622,890,884,962,851,661,681,倍率参考式
土属性,384,885443,32,1,23,71,75,81,108,6882,3441,805,727,700,884,936,962,838,582,622,倍率参考式
土属性,385,885443,32,1,23,71,75,82,110,6882,3441,825,733,681,890,917,962,792,589,674,倍率参考式
土属性,386,885443,32,1,23,71,75,82,113,6882,3441,799,740,674,890,936,962,799,596,681,倍率参考式
土属性,387,885443,32,1,23,71,75,87,100,6882,3441,838,753,674,871,910,962,792,622,641,倍率参考式
土属性,388,885443,32,1,23,71,75,92,108,6882,3441,844,733,668,851,930,962,799,635,635,倍率参考式
土属性,389,885443,32,1,23,71,75,93,100,6882,3441,877,792,655,884,890,962,805,622,628,倍率参考式
土属性,390,885443,32,1,23,71,76,82,97,6882,3441,838,733,641,943,923,962,858,589,727,倍率参考式
土属性,391,885443,32,1,23,71,76,82,99,6882,3441,812,720,661,956,917,962,838,576,707,倍率参考式
土属性,392,885443,32,1,23,71,76,82,104,6882,3441,812,720,674,969,917,962,844,609,740,倍率参考式
土属性,393,885443,32,1,23,71,76,82,109,6882,3441,812,700,648,956,923,962,851,576,733,倍率参考式
土属性,394,885443,32,1,23,71,76,88,108,6882,3441,864,727,668,910,897,962,838,641,700,倍率参考式
土属性,395,885443,32,1,23,71,82,88,108,6882,3441,825,713,720,910,949,962,786,576,700,倍率参考式
土属性,396,885443,32,2,9,71,75,76,100,6882,3441,956,799,674,877,851,962,727,733,733,倍率参考式
土属性,397,885443,32,2,9,71,75,82,100,6882,3441,917,786,727,877,903,962,674,668,733,倍率参考式
土属性,398,885443,32,2,9,71,75,87,108,6882,3441,903,766,720,825,897,962,700,687,713,倍率参考式
土属性,399,885443,32,2,9,71,75,93,108,6882,3441,943,805,700,838,877,962,713,687,700,倍率参考式
土属性,400,885443,32,2,12,71,75,76,100,6882,3441,917,772,740,903,838,962,753,799,786,倍率参考式
土属性,401,885443,32,2,12,71,75,82,100,6882,3441,877,759,792,903,890,962,700,733,786,倍率参考式
土属性,402,885443,32,2,12,71,75,87,108,6882,3441,864,740,786,851,884,962,727,753,766,倍率参考式
土属性,403,885443,32,2,12,71,75,93,108,6882,3441,903,779,766,864,864,962,740,753,753,倍率参考式
土属性,404,885443,32,2,21,71,75,76,108,6882,3441,890,707,694,884,877,962,740,759,779,倍率参考式
土属性,405,885443,32,2,21,71,75,82,108,6882,3441,851,694,746,884,930,962,687,694,779,倍率参考式
土属性,406,885443,32,2,23,54,75,76,108,6882,3441,936,733,655,877,877,962,786,740,759,倍率参考式
土属性,407,885443,32,2,23,54,75,82,108,6882,3441,897,720,707,877,930,962,733,674,759,倍率参考式
土属性,408,885443,32,2,23,58,75,76,108,6882,3441,923,746,674,910,917,962,799,727,746,倍率参考式
土属性,409,885443,32,2,23,58,75,82,108,6882,3441,884,733,727,910,969,962,746,661,746,倍率参考式
土属性,410,885443,32,2,23,59,75,76,108,6882,3441,903,759,628,884,864,962,812,707,779,倍率参考式
土属性,411,885443,32,2,23,59,75,82,108,6882,3441,864,746,681,884,917,962,759,641,779,倍率参考式
土属性,412,885443,32,2,23,61,75,76,108,6882,3441,936,799,681,871,851,962,766,759,727,倍率参考式
土属性,413,885443,32,2,23,61,75,82,108,6882,3441,897,786,733,871,903,962,713,694,727,倍率参考式
土属性,414,885443,32,2,23,70,76,82,108,6882,3441,884,746,700,956,949,962,779,661,786,倍率参考式
土属性,415,885443,32,2,23,71,74,75,108,6882,3441,890,799,687,884,943,962,799,655,707,倍率参考式
土属性,416,885443,32,2,23,71,75,76,110,6882,3441,956,799,628,890,864,962,792,733,740,倍率参考式
土属性,417,885443,32,2,23,71,75,76,113,6882,3441,930,805,622,890,884,962,799,740,746,倍率参考式
土属性,418,885443,32,2,23,71,75,81,108,6882,3441,897,779,700,884,936,962,786,661,687,倍率参考式
土属性,419,885443,32,2,23,71,75,82,110,6882,3441,917,786,681,890,917,962,740,668,740,倍率参考式
土属性,420,885443,32,2,23,71,75,82,113,6882,3441,890,792,674,890,936,962,746,674,746,倍率参考式
土属性,421,885443,32,2,23,71,75,87,100,6882,3441,930,805,674,871,910,962,740,700,707,倍率参考式
土属性,422,885443,32,2,23,71,75,92,108,6882,3441,936,786,668,851,930,962,746,713,700,倍率参考式
土属性,423,885443,32,2,23,71,75,93,100,6882,3441,969,844,655,884,890,962,753,700,694,倍率参考式
土属性,424,885443,32,2,23,71,76,82,97,6882,3441,930,786,641,943,923,962,805,668,792,倍率参考式
土属性,425,885443,32,2,23,71,76,82,99,6882,3441,903,772,661,956,917,962,786,655,772,倍率参考式
土属性,426,885443,32,2,23,71,76,82,104,6882,3441,903,772,674,969,917,962,792,687,805,倍率参考式
土属性,427,885443,32,2,23,71,76,82,109,6882,3441,903,753,648,956,923,962,799,655,799,倍率参考式
土属性,428,885443,32,2,23,71,76,88,108,6882,3441,956,779,668,910,897,962,786,720,766,倍率参考式
土属性,429,885443,32,2,23,71,82,88,108,6882,3441,917,766,720,910,949,962,733,655,766,倍率参考式
土属性,430,885443,32,9,12,71,75,76,108,6882,3441,890,812,707,858,825,962,766,786,740,倍率参考式
土属性,431,885443,32,9,12,71,75,82,108,6882,3441,851,799,759,858,877,962,713,720,740,倍率参考式
土属性,432,885443,32,9,23,71,75,76,100,6882,3441,956,877,596,877,851,962,779,733,681,倍率参考式
土属性,433,885443,32,9,23,71,75,82,100,6882,3441,917,864,648,877,903,962,727,668,681,倍率参考式
土属性,434,885443,32,9,23,71,75,87,108,6882,3441,903,844,641,825,897,962,753,687,661,倍率参考式
土属性,435,885443,32,9,23,71,75,93,108,6882,3441,943,884,622,838,877,962,766,687,648,倍率参考式
土属性,436,885443,32,12,23,71,75,76,100,6882,3441,917,851,661,903,838,962,805,799,733,倍率参考式
土属性,437,885443,32,12,23,71,75,82,100,6882,3441,877,838,713,903,890,962,753,733,733,倍率参考式
土属性,438,885443,32,12,23,71,75,87,108,6882,3441,864,818,707,851,884,962,779,753,713,倍率参考式
土属性,439,885443,32,12,23,71,75,93,108,6882,3441,903,858,687,864,864,962,792,753,700,倍率参考式
土属性,440,885443,32,21,23,71,75,76,108,6882,3441,890,786,615,884,877,962,792,759,727,倍率参考式
土属性,441,885443,32,21,23,71,75,82,108,6882,3441,851,772,668,884,930,962,740,694,727,倍率参考式
土属性,442,886433,32,1,2,42,75,100,108,6887,3442,851,700,746,844,923,962,766,602,648,倍率参考式
土属性,443,886433,32,1,2,45,75,97,108,6887,3442,858,655,786,884,969,962,740,589,753,倍率参考式
土属性,444,886433,32,1,2,45,75,99,108,6887,3442,831,641,805,897,962,962,720,576,733,倍率参考式
土属性,445,886433,32,1,2,45,75,104,108,6887,3442,831,641,818,910,962,962,727,609,766,倍率参考式
土属性,446,886433,32,1,2,45,75,108,109,6887,3442,831,622,792,897,969,962,733,576,759,倍率参考式
土属性,447,886433,32,1,2,45,76,100,108,6887,3442,871,628,818,949,936,962,753,615,786,倍率参考式
土属性,448,886433,32,1,2,45,82,100,108,6887,3442,831,615,871,949,989,962,700,550,786,倍率参考式
土属性,449,886433,32,1,2,48,75,97,108,6887,3442,772,707,720,844,897,962,786,602,733,倍率参考式
土属性,450,886433,32,1,2,48,75,99,108,6887,3442,746,694,740,858,890,962,766,589,713,倍率参考式
土属性,451,886433,32,1,2,48,75,104,108,6887,3442,746,694,753,871,890,962,772,622,746,倍率参考式
土属性,452,886433,32,1,2,48,75,108,109,6887,3442,746,674,727,858,897,962,779,589,740,倍率参考式
土属性,453,886433,32,1,2,48,76,100,108,6887,3442,786,681,753,910,864,962,799,628,766,倍率参考式
土属性,454,886433,32,1,2,48,82,100,108,6887,3442,746,668,805,910,917,962,746,563,766,倍率参考式
土属性,455,886433,32,1,23,42,75,100,108,6887,3442,851,779,668,844,923,962,818,602,596,倍率参考式
土属性,456,886433,32,1,23,45,75,97,108,6887,3442,858,733,707,884,969,962,792,589,700,倍率参考式
土属性,457,886433,32,1,23,45,75,99,108,6887,3442,831,720,727,897,962,962,772,576,681,倍率参考式
土属性,458,886433,32,1,23,45,75,104,108,6887,3442,831,720,740,910,962,962,779,609,713,倍率参考式
土属性,459,886433,32,1,23,45,75,108,109,6887,3442,831,700,713,897,969,962,786,576,707,倍率参考式
土属性,460,886433,32,1,23,45,76,100,108,6887,3442,871,707,740,949,936,962,805,615,733,倍率参考式
土属性,461,886433,32,1,23,45,82,100,108,6887,3442,831,694,792,949,989,962,753,550,733,倍率参考式
土属性,462,886433,32,1,23,48,75,97,108,6887,3442,772,786,641,844,897,962,838,602,681,倍率参考式
土属性,463,886433,32,1,23,48,75,99,108,6887,3442,746,772,661,858,890,962,818,589,661,倍率参考式
土属性,464,886433,32,1,23,48,75,104,108,6887,3442,746,772,674,871,890,962,825,622,694,倍率参考式
土属性,465,886433,32,1,23,48,75,108,109,6887,3442,746,753,648,858,897,962,831,589,687,倍率参考式
土属性,466,886433,32,1,23,48,76,100,108,6887,3442,786,759,674,910,864,962,851,628,713,倍率参考式
土属性,467,886433,32,1,23,48,82,100,108,6887,3442,746,746,727,910,917,962,799,563,713,倍率参考式
土属性,468,886433,32,2,23,42,75,100,108,6887,3442,943,831,668,844,923,962,766,681,661,倍率参考式
土属性,469,886433,32,2,23,45,75,97,108,6887,3442,949,786,707,884,969,962,740,668,766,倍率参考式
土属性,470,886433,32,2,23,45,75,99,108,6887,3442,923,772,727,897,962,962,720,655,746,倍率参考式
土属性,471,886433,32,2,23,45,75,104,108,6887,3442,923,772,740,910,962,962,727,687,779,倍率参考式
土属性,472,886433,32,2,23,45,75,108,109,6887,3442,923,753,713,897,969,962,733,655,772,倍率参考式
土属性,473,886433,32,2,23,45,76,100,108,6887,3442,962,759,740,949,936,962,753,694,799,倍率参考式
土属性,474,886433,32,2,23,45,82,100,108,6887,3442,923,746,792,949,989,962,700,628,799,倍率参考式
土属性,475,886433,32,2,23,48,75,97,108,6887,3442,864,838,641,844,897,962,786,681,746,倍率参考式
土属性,476,886433,32,2,23,48,75,99,108,6887,3442,838,825,661,858,890,962,766,668,727,倍率参考式
土属性,477,886433,32,2,23,48,75,104,108,6887,3442,838,825,674,871,890,962,772,700,759,倍率参考式
土属性,478,886433,32,2,23,48,75,108,109,6887,3442,838,805,648,858,897,962,779,668,753,倍率参考式
土属性,479,886433,32,2,23,48,76,100,108,6887,3442,877,812,674,910,864,962,799,707,779,倍率参考式
土属性,480,886433,32,2,23,48,82,100,108,6887,3442,838,799,727,910,917,962,746,641,779,倍率参考式
土属性,481,887333,32,1,2,27,97,100,108,6701,3349,871,630,741,897,942,962,851,676,780,倍率参考式
土属性,482,887333,32,1,2,27,99,100,108,6701,3349,845,617,760,910,936,962,832,663,760,倍率参考式
土属性,483,887333,32,1,2,27,100,104,108,6701,3349,845,617,773,923,936,962,838,695,793,倍率参考式
土属性,484,887333,32,1,2,27,100,108,109,6701,3349,845,598,747,910,942,962,845,663,786,倍率参考式
土属性,485,887333,32,1,23,27,97,100,108,6701,3349,871,708,663,897,942,962,903,676,728,倍率参考式
土属性,486,887333,32,1,23,27,99,100,108,6701,3349,845,695,682,910,936,962,884,663,708,倍率参考式
土属性,487,887333,32,1,23,27,100,104,108,6701,3349,845,695,695,923,936,962,890,695,741,倍率参考式
土属性,488,887333,32,1,23,27,100,108,109,6701,3349,845,676,669,910,942,962,897,663,734,倍率参考式
土属性,489,887333,32,2,23,27,97,100,108,6701,3349,962,760,663,897,942,962,851,754,793,倍率参考式
土属性,490,887333,32,2,23,27,99,100,108,6701,3349,936,747,682,910,936,962,832,741,773,倍率参考式
土属性,491,887333,32,2,23,27,100,104,108,6701,3349,936,747,695,923,936,962,838,773,806,倍率参考式
土属性,492,887333,32,2,23,27,100,108,109,6701,3349,936,728,669,910,942,962,845,741,799,倍率参考式
土属性,493,766544,32,27,45,48,71,75,76,7248,3621,871,771,691,844,784,957,704,744,824,倍率参考式
土属性,494,766544,32,27,45,48,71,75,82,7248,3621,831,758,744,844,837,957,651,678,824,倍率参考式
土属性,495,775544,32,27,31,70,71,75,76,7056,3526,924,752,640,858,798,957,686,726,745,倍率参考式
土属性,496,775544,32,27,31,70,71,75,82,7056,3526,884,739,693,858,851,957,633,660,745,倍率参考式
土属性,497,776444,32,27,31,42,75,76,82,7248,3621,897,764,658,844,791,957,711,698,758,倍率参考式
土属性,498,776543,32,27,28,45,71,75,108,7062,3528,910,726,719,851,877,957,719,772,811,倍率参考式
土属性,499,776543,32,27,28,48,71,75,108,7062,3528,825,778,653,811,805,957,765,785,792,倍率参考式
土属性,500,776543,32,27,31,42,71,76,108,7062,3528,943,759,653,831,798,957,726,693,719,倍率参考式
水属性,1,875444,32,1,27,63,74,90,91,7062,3530,778,627,699,937,924,785,996,580,706,倍率参考式
水属性,2,875444,32,3,27,63,74,90,91,7062,3530,871,759,699,910,910,719,996,673,745,倍率参考式
水属性,3,875444,32,14,27,63,74,90,91,7062,3530,871,759,712,937,924,706,996,660,772,倍率参考式
水属性,4,875444,32,23,27,63,74,90,91,7062,3530,871,759,620,937,924,785,996,660,719,倍率参考式
水属性,5,884444,32,1,3,74,76,90,91,7068,3534,825,739,732,937,930,785,996,580,706,倍率参考式
水属性,6,884444,32,1,14,74,76,90,91,7068,3534,825,739,745,963,943,772,996,567,732,倍率参考式
水属性,7,884444,32,1,23,74,76,90,91,7068,3534,825,739,653,963,943,851,996,567,679,倍率参考式
水属性,8,884444,32,3,14,74,76,90,91,7068,3534,917,871,745,937,930,706,996,660,772,倍率参考式
水属性,9,884444,32,3,23,74,76,90,91,7068,3534,917,871,653,937,930,785,996,660,719,倍率参考式
水属性,10,884444,32,14,23,74,76,90,91,7068,3534,917,871,666,963,943,772,996,646,745,倍率参考式
水属性,11,885443,32,1,3,63,74,90,111,6882,3441,746,681,740,943,956,720,995,524,674,倍率参考式
水属性,12,885443,32,1,3,63,74,90,112,6882,3441,753,694,740,956,956,720,995,543,661,倍率参考式
水属性,13,885443,32,1,3,63,74,91,111,6882,3441,766,707,727,917,949,740,995,537,700,倍率参考式
水属性,14,885443,32,1,3,63,74,91,112,6882,3441,772,720,727,930,949,740,995,556,687,倍率参考式
水属性,15,885443,32,1,3,63,90,91,111,6882,3441,799,687,700,910,949,707,995,543,674,倍率参考式
水属性,16,885443,32,1,3,63,90,91,112,6882,3441,805,700,700,923,949,707,995,563,661,倍率参考式
水属性,17,885443,32,1,14,63,74,90,111,6882,3441,746,681,753,969,969,707,995,510,700,倍率参考式
水属性,18,885443,32,1,14,63,74,90,112,6882,3441,753,694,753,982,969,707,995,530,687,倍率参考式
水属性,19,885443,32,1,14,63,74,91,111,6882,3441,766,707,740,943,962,727,995,524,727,倍率参考式
水属性,20,885443,32,1,14,63,74,91,112,6882,3441,772,720,740,956,962,727,995,543,713,倍率参考式
水属性,21,885443,32,1,14,63,90,91,111,6882,3441,799,687,713,936,962,694,995,530,700,倍率参考式
水属性,22,885443,32,1,14,63,90,91,112,6882,3441,805,700,713,949,962,694,995,550,687,倍率参考式
水属性,23,885443,32,1,23,63,74,90,111,6882,3441,746,681,661,969,969,786,995,510,648,倍率参考式
水属性,24,885443,32,1,23,63,74,90,112,6882,3441,753,694,661,982,969,786,995,530,635,倍率参考式
水属性,25,885443,32,1,23,63,74,91,111,6882,3441,766,707,648,943,962,805,995,524,674,倍率参考式
水属性,26,885443,32,1,23,63,74,91,112,6882,3441,772,720,648,956,962,805,995,543,661,倍率参考式
水属性,27,885443,32,1,23,63,90,91,111,6882,3441,799,687,622,936,962,772,995,530,648,倍率参考式
水属性,28,885443,32,1,23,63,90,91,112,6882,3441,805,700,622,949,962,772,995,550,635,倍率参考式
水属性,29,885443,32,3,14,63,74,90,111,6882,3441,838,812,753,943,956,641,995,602,740,倍率参考式
水属性,30,885443,32,3,14,63,74,90,112,6882,3441,844,825,753,956,956,641,995,622,727,倍率参考式
水属性,31,885443,32,3,14,63,74,91,111,6882,3441,858,838,740,917,949,661,995,615,766,倍率参考式
水属性,32,885443,32,3,14,63,74,91,112,6882,3441,864,851,740,930,949,661,995,635,753,倍率参考式
水属性,33,885443,32,3,14,63,90,91,111,6882,3441,890,818,713,910,949,628,995,622,740,倍率参考式
水属性,34,885443,32,3,14,63,90,91,112,6882,3441,897,831,713,923,949,628,995,641,727,倍率参考式
水属性,35,885443,32,3,23,63,74,90,111,6882,3441,838,812,661,943,956,720,995,602,687,倍率参考式
水属性,36,885443,32,3,23,63,74,90,112,6882,3441,844,825,661,956,956,720,995,622,674,倍率参考式
水属性,37,885443,32,3,23,63,74,91,111,6882,3441,858,838,648,917,949,740,995,615,713,倍率参考式
水属性,38,885443,32,3,23,63,74,91,112,6882,3441,864,851,648,930,949,740,995,635,700,倍率参考式
水属性,39,885443,32,3,23,63,90,91,111,6882,3441,890,818,622,910,949,707,995,622,687,倍率参考式
水属性,40,885443,32,3,23,63,90,91,112,6882,3441,897,831,622,923,949,707,995,641,674,倍率参考式
水属性,41,885443,32,14,23,63,74,90,111,6882,3441,838,812,674,969,969,707,995,589,713,倍率参考式
水属性,42,885443,32,14,23,63,74,90,112,6882,3441,844,825,674,982,969,707,995,609,700,倍率参考式
水属性,43,885443,32,14,23,63,74,91,111,6882,3441,858,838,661,943,962,727,995,602,740,倍率参考式
水属性,44,885443,32,14,23,63,74,91,112,6882,3441,864,851,661,956,962,727,995,622,727,倍率参考式
水属性,45,885443,32,14,23,63,90,91,111,6882,3441,890,818,635,936,962,694,995,609,713,倍率参考式
水属性,46,885443,32,14,23,63,90,91,112,6882,3441,897,831,635,949,962,694,995,628,700,倍率参考式
水属性,47,875444,32,1,27,63,74,76,90,7062,3530,765,607,693,970,877,825,990,627,739,倍率参考式
水属性,48,875444,32,1,27,63,74,76,91,7062,3530,785,633,679,943,871,844,990,640,765,倍率参考式
水属性,49,875444,32,1,27,63,76,90,91,7062,3530,818,613,653,937,871,811,990,646,739,倍率参考式
水属性,50,875444,32,1,35,63,74,90,91,7062,3530,778,666,739,943,943,732,990,468,653,倍率参考式
水属性,51,875444,32,3,27,63,74,76,90,7062,3530,858,739,693,943,864,759,990,719,778,倍率参考式
水属性,52,875444,32,3,27,63,74,76,91,7062,3530,877,765,679,917,858,778,990,732,805,倍率参考式
水属性,53,875444,32,3,27,63,76,90,91,7062,3530,910,745,653,910,858,745,990,739,778,倍率参考式
水属性,54,875444,32,3,35,63,74,90,91,7062,3530,871,798,739,917,930,666,990,561,693,倍率参考式
水属性,55,875444,32,14,27,63,74,76,90,7062,3530,858,739,706,970,877,745,990,706,805,倍率参考式
水属性,56,875444,32,14,27,63,74,76,91,7062,3530,877,765,693,943,871,765,990,719,831,倍率参考式
水属性,57,875444,32,14,27,63,76,90,91,7062,3530,910,745,666,937,871,732,990,726,805,倍率参考式
水属性,58,875444,32,14,35,63,74,90,91,7062,3530,871,798,752,943,943,653,990,547,719,倍率参考式
水属性,59,875444,32,23,27,63,74,76,90,7062,3530,858,739,613,970,877,825,990,706,752,倍率参考式
水属性,60,875444,32,23,27,63,74,76,91,7062,3530,877,765,600,943,871,844,990,719,778,倍率参考式
水属性,61,875444,32,23,27,63,76,90,91,7062,3530,910,745,574,937,871,811,990,726,752,倍率参考式
水属性,62,875444,32,23,35,63,74,90,91,7062,3530,871,798,660,943,943,732,990,547,666,倍率参考式
水属性,63,884444,32,1,3,74,81,90,91,7068,3534,792,732,792,937,976,759,990,521,653,倍率参考式
水属性,64,884444,32,1,3,74,89,90,91,7068,3534,792,726,752,910,983,745,990,528,673,倍率参考式
水属性,65,884444,32,1,14,74,81,90,91,7068,3534,792,732,805,963,990,745,990,508,679,倍率参考式
水属性,66,884444,32,1,14,74,89,90,91,7068,3534,792,726,765,937,996,732,990,514,699,倍率参考式
水属性,67,884444,32,1,23,74,81,90,91,7068,3534,792,732,712,963,990,825,990,508,627,倍率参考式
水属性,68,884444,32,1,23,74,89,90,91,7068,3534,792,726,673,937,996,811,990,514,646,倍率参考式
水属性,69,884444,32,3,14,74,81,90,91,7068,3534,884,864,805,937,976,679,990,600,719,倍率参考式
水属性,70,884444,32,3,14,74,89,90,91,7068,3534,884,858,765,910,983,666,990,607,739,倍率参考式
水属性,71,884444,32,3,23,74,81,90,91,7068,3534,884,864,712,937,976,759,990,600,666,倍率参考式
水属性,72,884444,32,3,23,74,89,90,91,7068,3534,884,858,673,910,983,745,990,607,686,倍率参考式
水属性,73,884444,32,14,23,74,81,90,91,7068,3534,884,864,726,963,990,745,990,587,693,倍率参考式
水属性,74,884444,32,14,23,74,89,90,91,7068,3534,884,858,686,937,996,732,990,594,712,倍率参考式
水属性,75,877433,32,1,27,35,74,111,112,6882,3439,766,641,733,910,936,818,989,582,759,倍率参考式
水属性,76,877433,32,1,27,35,90,111,112,6882,3439,799,622,707,903,936,786,989,589,733,倍率参考式
水属性,77,877433,32,1,27,35,91,111,112,6882,3439,818,648,694,877,930,805,989,602,759,倍率参考式
水属性,78,877433,32,3,27,35,74,111,112,6882,3439,858,772,733,884,923,753,989,674,799,倍率参考式
水属性,79,877433,32,3,27,35,90,111,112,6882,3439,890,753,707,877,923,720,989,681,772,倍率参考式
水属性,80,877433,32,3,27,35,91,111,112,6882,3439,910,779,694,851,917,740,989,694,799,倍率参考式
水属性,81,877433,32,14,27,35,74,111,112,6882,3439,858,772,746,910,936,740,989,661,825,倍率参考式
水属性,82,877433,32,14,27,35,90,111,112,6882,3439,890,753,720,903,936,707,989,668,799,倍率参考式
水属性,83,877433,32,14,27,35,91,111,112,6882,3439,910,779,707,877,930,727,989,681,825,倍率参考式
水属性,84,877433,32,23,27,35,74,111,112,6882,3439,858,772,655,910,936,818,989,661,772,倍率参考式
水属性,85,877433,32,23,27,35,90,111,112,6882,3439,890,753,628,903,936,786,989,668,746,倍率参考式
水属性,86,877433,32,23,27,35,91,111,112,6882,3439,910,779,615,877,930,805,989,681,772,倍率参考式
水属性,87,885443,32,1,3,63,74,76,111,6882,3441,753,687,720,949,903,779,989,582,733,倍率参考式
水属性,88,885443,32,1,3,63,74,76,112,6882,3441,759,700,720,962,903,779,989,602,720,倍率参考式
水属性,89,885443,32,1,3,63,76,90,111,6882,3441,786,668,694,943,903,746,989,589,707,倍率参考式
水属性,90,885443,32,1,3,63,76,90,112,6882,3441,792,681,694,956,903,746,989,609,694,倍率参考式
水属性,91,885443,32,1,3,63,76,91,111,6882,3441,805,694,681,917,897,766,989,602,733,倍率参考式
水属性,92,885443,32,1,3,63,76,91,112,6882,3441,812,707,681,930,897,766,989,622,720,倍率参考式
水属性,93,885443,32,1,14,63,74,76,111,6882,3441,753,687,733,975,917,766,989,569,759,倍率参考式
水属性,94,885443,32,1,14,63,74,76,112,6882,3441,759,700,733,989,917,766,989,589,746,倍率参考式
水属性,95,885443,32,1,14,63,76,90,111,6882,3441,786,668,707,969,917,733,989,576,733,倍率参考式
水属性,96,885443,32,1,14,63,76,90,112,6882,3441,792,681,707,982,917,733,989,596,720,倍率参考式
水属性,97,885443,32,1,14,63,76,91,111,6882,3441,805,694,694,943,910,753,989,589,759,倍率参考式
水属性,98,885443,32,1,14,63,76,91,112,6882,3441,812,707,694,956,910,753,989,609,746,倍率参考式
水属性,99,885443,32,1,23,63,74,76,111,6882,3441,753,687,641,975,917,844,989,569,707,倍率参考式
水属性,100,885443,32,1,23,63,74,76,112,6882,3441,759,700,641,989,917,844,989,589,694,倍率参考式
水属性,101,885443,32,1,23,63,76,90,111,6882,3441,786,668,615,969,917,812,989,576,681,倍率参考式
水属性,102,885443,32,1,23,63,76,90,112,6882,3441,792,681,615,982,917,812,989,596,668,倍率参考式
水属性,103,885443,32,1,23,63,76,91,111,6882,3441,805,694,602,943,910,831,989,589,707,倍率参考式
水属性,104,885443,32,1,23,63,76,91,112,6882,3441,812,707,602,956,910,831,989,609,694,倍率参考式
水属性,105,885443,32,3,14,63,74,76,111,6882,3441,844,818,733,949,903,700,989,661,799,倍率参考式
水属性,106,885443,32,3,14,63,74,76,112,6882,3441,851,831,733,962,903,700,989,681,786,倍率参考式
水属性,107,885443,32,3,14,63,76,90,111,6882,3441,877,799,707,943,903,668,989,668,772,倍率参考式
水属性,108,885443,32,3,14,63,76,90,112,6882,3441,884,812,707,956,903,668,989,687,759,倍率参考式
水属性,109,885443,32,3,14,63,76,91,111,6882,3441,897,825,694,917,897,687,989,681,799,倍率参考式
水属性,110,885443,32,3,14,63,76,91,112,6882,3441,903,838,694,930,897,687,989,700,786,倍率参考式
水属性,111,885443,32,3,23,63,74,76,111,6882,3441,844,818,641,949,903,779,989,661,746,倍率参考式
水属性,112,885443,32,3,23,63,74,76,112,6882,3441,851,831,641,962,903,779,989,681,733,倍率参考式
水属性,113,885443,32,3,23,63,76,90,111,6882,3441,877,799,615,943,903,746,989,668,720,倍率参考式
水属性,114,885443,32,3,23,63,76,90,112,6882,3441,884,812,615,956,903,746,989,687,707,倍率参考式
水属性,115,885443,32,3,23,63,76,91,111,6882,3441,897,825,602,917,897,766,989,681,746,倍率参考式
水属性,116,885443,32,3,23,63,76,91,112,6882,3441,903,838,602,930,897,766,989,700,733,倍率参考式
水属性,117,885443,32,14,23,63,74,76,111,6882,3441,844,818,655,975,917,766,989,648,772,倍率参考式
水属性,118,885443,32,14,23,63,74,76,112,6882,3441,851,831,655,989,917,766,989,668,759,倍率参考式
水属性,119,885443,32,14,23,63,76,90,111,6882,3441,877,799,628,969,917,733,989,655,746,倍率参考式
水属性,120,885443,32,14,23,63,76,90,112,6882,3441,884,812,628,982,917,733,989,674,733,倍率参考式
水属性,121,885443,32,14,23,63,76,91,111,6882,3441,897,825,615,943,910,753,989,668,772,倍率参考式
水属性,122,885443,32,14,23,63,76,91,112,6882,3441,903,838,615,956,910,753,989,687,759,倍率参考式
水属性,123,875444,32,1,27,63,74,81,90,7062,3530,732,600,752,970,924,798,983,567,686,倍率参考式
水属性,124,875444,32,1,27,63,74,81,91,7062,3530,752,627,739,943,917,818,983,580,712,倍率参考式
水属性,125,875444,32,1,27,63,74,89,90,7062,3530,732,594,712,943,930,785,983,574,706,倍率参考式
水属性,126,875444,32,1,27,63,74,89,91,7062,3530,752,620,699,917,924,805,983,587,732,倍率参考式
水属性,127,875444,32,1,27,63,81,90,91,7062,3530,785,607,712,937,917,785,983,587,686,倍率参考式
水属性,128,875444,32,1,27,63,89,90,91,7062,3530,785,600,673,910,924,772,983,594,706,倍率参考式
水属性,129,875444,32,1,27,68,74,90,91,7062,3530,811,646,739,924,943,778,983,561,712,倍率参考式
水属性,130,875444,32,1,35,63,74,76,90,7062,3530,765,646,732,976,897,772,983,514,686,倍率参考式
水属性,131,875444,32,1,35,63,74,76,91,7062,3530,785,673,719,950,891,792,983,528,712,倍率参考式
水属性,132,875444,32,1,35,63,76,90,91,7062,3530,818,653,693,943,891,759,983,534,686,倍率参考式
水属性,133,875444,32,3,27,63,74,81,90,7062,3530,825,732,752,943,910,732,983,660,726,倍率参考式
水属性,134,875444,32,3,27,63,74,81,91,7062,3530,844,759,739,917,904,752,983,673,752,倍率参考式
水属性,135,875444,32,3,27,63,74,89,90,7062,3530,825,726,712,917,917,719,983,666,745,倍率参考式
水属性,136,875444,32,3,27,63,74,89,91,7062,3530,844,752,699,891,910,739,983,679,772,倍率参考式
水属性,137,875444,32,3,27,63,81,90,91,7062,3530,877,739,712,910,904,719,983,679,726,倍率参考式
水属性,138,875444,32,3,27,63,89,90,91,7062,3530,877,732,673,884,910,706,983,686,745,倍率参考式
水属性,139,875444,32,3,27,68,74,90,91,7062,3530,904,778,739,897,930,712,983,653,752,倍率参考式
水属性,140,875444,32,3,35,63,74,76,90,7062,3530,858,778,732,950,884,706,983,607,726,倍率参考式
水属性,141,875444,32,3,35,63,74,76,91,7062,3530,877,805,719,924,877,726,983,620,752,倍率参考式
水属性,142,875444,32,3,35,63,76,90,91,7062,3530,910,785,693,917,877,693,983,627,726,倍率参考式
水属性,143,875444,32,14,27,63,74,81,90,7062,3530,825,732,765,970,924,719,983,646,752,倍率参考式
水属性,144,875444,32,14,27,63,74,81,91,7062,3530,844,759,752,943,917,739,983,660,778,倍率参考式
水属性,145,875444,32,14,27,63,74,89,90,7062,3530,825,726,726,943,930,706,983,653,772,倍率参考式
水属性,146,875444,32,14,27,63,74,89,91,7062,3530,844,752,712,917,924,726,983,666,798,倍率参考式
水属性,147,875444,32,14,27,63,81,90,91,7062,3530,877,739,726,937,917,706,983,666,752,倍率参考式
水属性,148,875444,32,14,27,63,89,90,91,7062,3530,877,732,686,910,924,693,983,673,772,倍率参考式
水属性,149,875444,32,14,27,68,74,90,91,7062,3530,904,778,752,924,943,699,983,640,778,倍率参考式
水属性,150,875444,32,14,35,63,74,76,90,7062,3530,858,778,745,976,897,693,983,594,752,倍率参考式
水属性,151,875444,32,14,35,63,74,76,91,7062,3530,877,805,732,950,891,712,983,607,778,倍率参考式
水属性,152,875444,32,14,35,63,76,90,91,7062,3530,910,785,706,943,891,679,983,613,752,倍率参考式
水属性,153,875444,32,23,27,63,74,81,90,7062,3530,825,732,673,970,924,798,983,646,699,倍率参考式
水属性,154,875444,32,23,27,63,74,81,91,7062,3530,844,759,660,943,917,818,983,660,726,倍率参考式
水属性,155,875444,32,23,27,63,74,89,90,7062,3530,825,726,633,943,930,785,983,653,719,倍率参考式
水属性,156,875444,32,23,27,63,74,89,91,7062,3530,844,752,620,917,924,805,983,666,745,倍率参考式
水属性,157,875444,32,23,27,63,81,90,91,7062,3530,877,739,633,937,917,785,983,666,699,倍率参考式
水属性,158,875444,32,23,27,63,89,90,91,7062,3530,877,732,594,910,924,772,983,673,719,倍率参考式
水属性,159,875444,32,23,27,68,74,90,91,7062,3530,904,778,660,924,943,778,983,640,726,倍率参考式
水属性,160,875444,32,23,35,63,74,76,90,7062,3530,858,778,653,976,897,772,983,594,699,倍率参考式
水属性,161,875444,32,23,35,63,74,76,91,7062,3530,877,805,640,950,891,792,983,607,726,倍率参考式
水属性,162,875444,32,23,35,63,76,90,91,7062,3530,910,785,613,943,891,759,983,613,699,倍率参考式
水属性,163,884444,32,1,3,74,76,81,90,7068,3534,778,712,785,970,930,798,983,567,686,倍率参考式
水属性,164,884444,32,1,3,74,76,81,91,7068,3534,798,739,772,943,924,818,983,580,712,倍率参考式
水属性,165,884444,32,1,3,74,76,89,90,7068,3534,778,706,745,943,937,785,983,574,706,倍率参考式
水属性,166,884444,32,1,3,74,76,89,91,7068,3534,798,732,732,917,930,805,983,587,732,倍率参考式
水属性,167,884444,32,1,3,74,79,90,91,7068,3534,831,739,765,904,983,745,983,574,693,倍率参考式
水属性,168,884444,32,1,3,76,81,90,91,7068,3534,831,719,745,937,924,785,983,587,686,倍率参考式
水属性,169,884444,32,1,3,76,89,90,91,7068,3534,831,712,706,910,930,772,983,594,706,倍率参考式
水属性,170,884444,32,1,14,74,76,81,90,7068,3534,778,712,798,996,943,785,983,554,712,倍率参考式
水属性,171,884444,32,1,14,74,76,81,91,7068,3534,798,739,785,970,937,805,983,567,739,倍率参考式
水属性,172,884444,32,1,14,74,76,89,90,7068,3534,778,706,759,970,950,772,983,561,732,倍率参考式
水属性,173,884444,32,1,14,74,76,89,91,7068,3534,798,732,745,943,943,792,983,574,759,倍率参考式
水属性,174,884444,32,1,14,74,79,90,91,7068,3534,831,739,778,930,996,732,983,561,719,倍率参考式
水属性,175,884444,32,1,14,76,81,90,91,7068,3534,831,719,759,963,937,772,983,574,712,倍率参考式
水属性,176,884444,32,1,14,76,89,90,91,7068,3534,831,712,719,937,943,759,983,580,732,倍率参考式
水属性,177,884444,32,1,23,74,76,81,90,7068,3534,778,712,706,996,943,864,983,554,660,倍率参考式
水属性,178,884444,32,1,23,74,76,81,91,7068,3534,798,739,693,970,937,884,983,567,686,倍率参考式
水属性,179,884444,32,1,23,74,76,89,90,7068,3534,778,706,666,970,950,851,983,561,679,倍率参考式
水属性,180,884444,32,1,23,74,76,89,91,7068,3534,798,732,653,943,943,871,983,574,706,倍率参考式
水属性,181,884444,32,1,23,74,79,90,91,7068,3534,831,739,686,930,996,811,983,561,666,倍率参考式
水属性,182,884444,32,1,23,76,81,90,91,7068,3534,831,719,666,963,937,851,983,574,660,倍率参考式
水属性,183,884444,32,1,23,76,89,90,91,7068,3534,831,712,627,937,943,838,983,580,679,倍率参考式
水属性,184,884444,32,3,14,74,76,81,90,7068,3534,871,844,798,970,930,719,983,646,752,倍率参考式
水属性,185,884444,32,3,14,74,76,81,91,7068,3534,891,871,785,943,924,739,983,660,778,倍率参考式
水属性,186,884444,32,3,14,74,76,89,90,7068,3534,871,838,759,943,937,706,983,653,772,倍率参考式
水属性,187,884444,32,3,14,74,76,89,91,7068,3534,891,864,745,917,930,726,983,666,798,倍率参考式
水属性,188,884444,32,3,14,74,79,90,91,7068,3534,924,871,778,904,983,666,983,653,759,倍率参考式
水属性,189,884444,32,3,14,76,81,90,91,7068,3534,924,851,759,937,924,706,983,666,752,倍率参考式
水属性,190,884444,32,3,14,76,89,90,91,7068,3534,924,844,719,910,930,693,983,673,772,倍率参考式
水属性,191,884444,32,3,23,74,76,81,90,7068,3534,871,844,706,970,930,798,983,646,699,倍率参考式
水属性,192,884444,32,3,23,74,76,81,91,7068,3534,891,871,693,943,924,818,983,660,726,倍率参考式
水属性,193,884444,32,3,23,74,76,89,90,7068,3534,871,838,666,943,937,785,983,653,719,倍率参考式
水属性,194,884444,32,3,23,74,76,89,91,7068,3534,891,864,653,917,930,805,983,666,745,倍率参考式
水属性,195,884444,32,3,23,74,79,90,91,7068,3534,924,871,686,904,983,745,983,653,706,倍率参考式
水属性,196,884444,32,3,23,76,81,90,91,7068,3534,924,851,666,937,924,785,983,666,699,倍率参考式
水属性,197,884444,32,3,23,76,89,90,91,7068,3534,924,844,627,910,930,772,983,673,719,倍率参考式
水属性,198,884444,32,14,23,74,76,81,90,7068,3534,871,844,719,996,943,785,983,633,726,倍率参考式
水属性,199,884444,32,14,23,74,76,81,91,7068,3534,891,871,706,970,937,805,983,646,752,倍率参考式
水属性,200,884444,32,14,23,74,76,89,90,7068,3534,871,838,679,970,950,772,983,640,745,倍率参考式
水属性,201,884444,32,14,23,74,76,89,91,7068,3534,891,864,666,943,943,792,983,653,772,倍率参考式
水属性,202,884444,32,14,23,74,79,90,91,7068,3534,924,871,699,930,996,732,983,640,732,倍率参考式
水属性,203,884444,32,14,23,76,81,90,91,7068,3534,924,851,679,963,937,772,983,653,726,倍率参考式
水属性,204,884444,32,14,23,76,89,90,91,7068,3534,924,844,640,937,943,759,983,660,745,倍率参考式
水属性,205,877433,32,1,27,35,76,111,112,6882,3439,805,628,687,910,884,844,982,648,792,倍率参考式
水属性,206,877433,32,3,27,35,76,111,112,6882,3439,897,759,687,884,871,779,982,740,831,倍率参考式
水属性,207,877433,32,14,27,35,76,111,112,6882,3439,897,759,700,910,884,766,982,727,858,倍率参考式
水属性,208,877433,32,23,27,35,76,111,112,6882,3439,897,759,609,910,884,844,982,727,805,倍率参考式
水属性,209,885443,32,1,3,63,74,81,111,6882,3441,720,681,779,949,949,753,982,524,681,倍率参考式
水属性,210,885443,32,1,3,63,74,81,112,6882,3441,727,694,779,962,949,753,982,543,668,倍率参考式
水属性,211,885443,32,1,3,63,74,89,111,6882,3441,720,674,740,923,956,740,982,530,700,倍率参考式
水属性,212,885443,32,1,3,63,74,89,112,6882,3441,727,687,740,936,956,740,982,550,687,倍率参考式
水属性,213,885443,32,1,3,63,74,90,97,6882,3441,786,713,727,943,956,746,982,537,668,倍率参考式
水属性,214,885443,32,1,3,63,74,90,106,6882,3441,772,700,766,962,949,727,982,524,674,倍率参考式
水属性,215,885443,32,1,3,63,74,91,97,6882,3441,805,740,713,917,949,766,982,550,694,倍率参考式
水属性,216,885443,32,1,3,63,74,91,106,6882,3441,792,727,753,936,943,746,982,537,700,倍率参考式
水属性,217,885443,32,1,3,63,81,90,111,6882,3441,753,661,753,943,949,720,982,530,655,倍率参考式
水属性,218,885443,32,1,3,63,81,90,112,6882,3441,759,674,753,956,949,720,982,550,641,倍率参考式
水属性,219,885443,32,1,3,63,81,91,111,6882,3441,772,687,740,917,943,740,982,543,681,倍率参考式
水属性,220,885443,32,1,3,63,81,91,112,6882,3441,779,700,740,930,943,740,982,563,668,倍率参考式
水属性,221,885443,32,1,3,63,89,90,111,6882,3441,753,655,713,917,956,707,982,537,674,倍率参考式
水属性,222,885443,32,1,3,63,89,90,112,6882,3441,759,668,713,930,956,707,982,556,661,倍率参考式
水属性,223,885443,32,1,3,63,89,91,111,6882,3441,772,681,700,890,949,727,982,550,700,倍率参考式
水属性,224,885443,32,1,3,63,89,91,112,6882,3441,779,694,700,903,949,727,982,569,687,倍率参考式
水属性,225,885443,32,1,3,63,90,91,97,6882,3441,838,720,687,910,949,733,982,556,668,倍率参考式
水属性,226,885443,32,1,3,63,90,91,106,6882,3441,825,707,727,930,943,713,982,543,674,倍率参考式
水属性,227,885443,32,1,3,68,74,90,111,6882,3441,779,700,779,930,975,713,982,504,681,倍率参考式
水属性,228,885443,32,1,3,68,74,90,112,6882,3441,786,713,779,943,975,713,982,524,668,倍率参考式
水属性,229,885443,32,1,3,68,74,91,111,6882,3441,799,727,766,903,969,733,982,517,707,倍率参考式
水属性,230,885443,32,1,3,68,74,91,112,6882,3441,805,740,766,917,969,733,982,537,694,倍率参考式
水属性,231,885443,32,1,3,68,90,91,111,6882,3441,831,707,740,897,969,700,982,524,681,倍率参考式
水属性,232,885443,32,1,3,68,90,91,112,6882,3441,838,720,740,910,969,700,982,543,668,倍率参考式
水属性,233,885443,32,1,14,63,74,81,111,6882,3441,720,681,792,975,962,740,982,510,707,倍率参考式
水属性,234,885443,32,1,14,63,74,81,112,6882,3441,727,694,792,989,962,740,982,530,694,倍率参考式
水属性,235,885443,32,1,14,63,74,89,111,6882,3441,720,674,753,949,969,727,982,517,727,倍率参考式
水属性,236,885443,32,1,14,63,74,89,112,6882,3441,727,687,753,962,969,727,982,537,713,倍率参考式
水属性,237,885443,32,1,14,63,74,90,97,6882,3441,786,713,740,969,969,733,982,524,694,倍率参考式
水属性,238,885443,32,1,14,63,74,90,106,6882,3441,772,700,779,989,962,713,982,510,700,倍率参考式
水属性,239,885443,32,1,14,63,74,91,97,6882,3441,805,740,727,943,962,753,982,537,720,倍率参考式
水属性,240,885443,32,1,14,63,74,91,106,6882,3441,792,727,766,962,956,733,982,524,727,倍率参考式
水属性,241,885443,32,1,14,63,81,90,111,6882,3441,753,661,766,969,962,707,982,517,681,倍率参考式
水属性,242,885443,32,1,14,63,81,90,112,6882,3441,759,674,766,982,962,707,982,537,668,倍率参考式
水属性,243,885443,32,1,14,63,81,91,111,6882,3441,772,687,753,943,956,727,982,530,707,倍率参考式
水属性,244,885443,32,1,14,63,81,91,112,6882,3441,779,700,753,956,956,727,982,550,694,倍率参考式
水属性,245,885443,32,1,14,63,89,90,111,6882,3441,753,655,727,943,969,694,982,524,700,倍率参考式
水属性,246,885443,32,1,14,63,89,90,112,6882,3441,759,668,727,956,969,694,982,543,687,倍率参考式
水属性,247,885443,32,1,14,63,89,91,111,6882,3441,772,681,713,917,962,713,982,537,727,倍率参考式
水属性,248,885443,32,1,14,63,89,91,112,6882,3441,779,694,713,930,962,713,982,556,713,倍率参考式
水属性,249,885443,32,1,14,63,90,91,97,6882,3441,838,720,700,936,962,720,982,543,694,倍率参考式
水属性,250,885443,32,1,14,63,90,91,106,6882,3441,825,707,740,956,956,700,982,530,700,倍率参考式
水属性,251,885443,32,1,14,68,74,90,111,6882,3441,779,700,792,956,989,700,982,491,707,倍率参考式
水属性,252,885443,32,1,14,68,74,90,112,6882,3441,786,713,792,969,989,700,982,510,694,倍率参考式
水属性,253,885443,32,1,14,68,74,91,111,6882,3441,799,727,779,930,982,720,982,504,733,倍率参考式
水属性,254,885443,32,1,14,68,74,91,112,6882,3441,805,740,779,943,982,720,982,524,720,倍率参考式
水属性,255,885443,32,1,14,68,90,91,111,6882,3441,831,707,753,923,982,687,982,510,707,倍率参考式
水属性,256,885443,32,1,14,68,90,91,112,6882,3441,838,720,753,936,982,687,982,530,694,倍率参考式
水属性,257,885443,32,1,23,63,74,81,111,6882,3441,720,681,700,975,962,818,982,510,655,倍率参考式
水属性,258,885443,32,1,23,63,74,81,112,6882,3441,727,694,700,989,962,818,982,530,641,倍率参考式
水属性,259,885443,32,1,23,63,74,89,111,6882,3441,720,674,661,949,969,805,982,517,674,倍率参考式
水属性,260,885443,32,1,23,63,74,89,112,6882,3441,727,687,661,962,969,805,982,537,661,倍率参考式
水属性,261,885443,32,1,23,63,74,90,97,6882,3441,786,713,648,969,969,812,982,524,641,倍率参考式
水属性,262,885443,32,1,23,63,74,90,106,6882,3441,772,700,687,989,962,792,982,510,648,倍率参考式
水属性,263,885443,32,1,23,63,74,91,97,6882,3441,805,740,635,943,962,831,982,537,668,倍率参考式
水属性,264,885443,32,1,23,63,74,91,106,6882,3441,792,727,674,962,956,812,982,524,674,倍率参考式
水属性,265,885443,32,1,23,63,81,90,111,6882,3441,753,661,674,969,962,786,982,517,628,倍率参考式
水属性,266,885443,32,1,23,63,81,90,112,6882,3441,759,674,674,982,962,786,982,537,615,倍率参考式
水属性,267,885443,32,1,23,63,81,91,111,6882,3441,772,687,661,943,956,805,982,530,655,倍率参考式
水属性,268,885443,32,1,23,63,81,91,112,6882,3441,779,700,661,956,956,805,982,550,641,倍率参考式
水属性,269,885443,32,1,23,63,89,90,111,6882,3441,753,655,635,943,969,772,982,524,648,倍率参考式
水属性,270,885443,32,1,23,63,89,90,112,6882,3441,759,668,635,956,969,772,982,543,635,倍率参考式
水属性,271,885443,32,1,23,63,89,91,111,6882,3441,772,681,622,917,962,792,982,537,674,倍率参考式
水属性,272,885443,32,1,23,63,89,91,112,6882,3441,779,694,622,930,962,792,982,556,661,倍率参考式
水属性,273,885443,32,1,23,63,90,91,97,6882,3441,838,720,609,936,962,799,982,543,641,倍率参考式
水属性,274,885443,32,1,23,63,90,91,106,6882,3441,825,707,648,956,956,779,982,530,648,倍率参考式
水属性,275,885443,32,1,23,68,74,90,111,6882,3441,779,700,700,956,989,779,982,491,655,倍率参考式
水属性,276,885443,32,1,23,68,74,90,112,6882,3441,786,713,700,969,989,779,982,510,641,倍率参考式
水属性,277,885443,32,1,23,68,74,91,111,6882,3441,799,727,687,930,982,799,982,504,681,倍率参考式
水属性,278,885443,32,1,23,68,74,91,112,6882,3441,805,740,687,943,982,799,982,524,668,倍率参考式
水属性,279,885443,32,1,23,68,90,91,111,6882,3441,831,707,661,923,982,766,982,510,655,倍率参考式
水属性,280,885443,32,1,23,68,90,91,112,6882,3441,838,720,661,936,982,766,982,530,641,倍率参考式
水属性,281,885443,32,3,14,63,74,81,111,6882,3441,812,812,792,949,949,674,982,602,746,倍率参考式
水属性,282,885443,32,3,14,63,74,81,112,6882,3441,818,825,792,962,949,674,982,622,733,倍率参考式
水属性,283,885443,32,3,14,63,74,89,111,6882,3441,812,805,753,923,956,661,982,609,766,倍率参考式
水属性,284,885443,32,3,14,63,74,89,112,6882,3441,818,818,753,936,956,661,982,628,753,倍率参考式
水属性,285,885443,32,3,14,63,74,90,97,6882,3441,877,844,740,943,956,668,982,615,733,倍率参考式
水属性,286,885443,32,3,14,63,74,90,106,6882,3441,864,831,779,962,949,648,982,602,740,倍率参考式
水属性,287,885443,32,3,14,63,74,91,97,6882,3441,897,871,727,917,949,687,982,628,759,倍率参考式
水属性,288,885443,32,3,14,63,74,91,106,6882,3441,884,858,766,936,943,668,982,615,766,倍率参考式
水属性,289,885443,32,3,14,63,81,90,111,6882,3441,844,792,766,943,949,641,982,609,720,倍率参考式
水属性,290,885443,32,3,14,63,81,90,112,6882,3441,851,805,766,956,949,641,982,628,707,倍率参考式
水属性,291,885443,32,3,14,63,81,91,111,6882,3441,864,818,753,917,943,661,982,622,746,倍率参考式
水属性,292,885443,32,3,14,63,81,91,112,6882,3441,871,831,753,930,943,661,982,641,733,倍率参考式
水属性,293,885443,32,3,14,63,89,90,111,6882,3441,844,786,727,917,956,628,982,615,740,倍率参考式
水属性,294,885443,32,3,14,63,89,90,112,6882,3441,851,799,727,930,956,628,982,635,727,倍率参考式
水属性,295,885443,32,3,14,63,89,91,111,6882,3441,864,812,713,890,949,648,982,628,766,倍率参考式
水属性,296,885443,32,3,14,63,89,91,112,6882,3441,871,825,713,903,949,648,982,648,753,倍率参考式
水属性,297,885443,32,3,14,63,90,91,97,6882,3441,930,851,700,910,949,655,982,635,733,倍率参考式
水属性,298,885443,32,3,14,63,90,91,106,6882,3441,917,838,740,930,943,635,982,622,740,倍率参考式
水属性,299,885443,32,3,14,68,74,90,111,6882,3441,871,831,792,930,975,635,982,582,746,倍率参考式
水属性,300,885443,32,3,14,68,74,90,112,6882,3441,877,844,792,943,975,635,982,602,733,倍率参考式
水属性,301,885443,32,3,14,68,74,91,111,6882,3441,890,858,779,903,969,655,982,596,772,倍率参考式
水属性,302,885443,32,3,14,68,74,91,112,6882,3441,897,871,779,917,969,655,982,615,759,倍率参考式
水属性,303,885443,32,3,14,68,90,91,111,6882,3441,923,838,753,897,969,622,982,602,746,倍率参考式
水属性,304,885443,32,3,14,68,90,91,112,6882,3441,930,851,753,910,969,622,982,622,733,倍率参考式
水属性,305,885443,32,3,23,63,74,81,111,6882,3441,812,812,700,949,949,753,982,602,694,倍率参考式
水属性,306,885443,32,3,23,63,74,81,112,6882,3441,818,825,700,962,949,753,982,622,681,倍率参考式
水属性,307,885443,32,3,23,63,74,89,111,6882,3441,812,805,661,923,956,740,982,609,713,倍率参考式
水属性,308,885443,32,3,23,63,74,89,112,6882,3441,818,818,661,936,956,740,982,628,700,倍率参考式
水属性,309,885443,32,3,23,63,74,90,97,6882,3441,877,844,648,943,956,746,982,615,681,倍率参考式
水属性,310,885443,32,3,23,63,74,90,106,6882,3441,864,831,687,962,949,727,982,602,687,倍率参考式
水属性,311,885443,32,3,23,63,74,91,97,6882,3441,897,871,635,917,949,766,982,628,707,倍率参考式
水属性,312,885443,32,3,23,63,74,91,106,6882,3441,884,858,674,936,943,746,982,615,713,倍率参考式
水属性,313,885443,32,3,23,63,81,90,111,6882,3441,844,792,674,943,949,720,982,609,668,倍率参考式
水属性,314,885443,32,3,23,63,81,90,112,6882,3441,851,805,674,956,949,720,982,628,655,倍率参考式
水属性,315,885443,32,3,23,63,81,91,111,6882,3441,864,818,661,917,943,740,982,622,694,倍率参考式
水属性,316,885443,32,3,23,63,81,91,112,6882,3441,871,831,661,930,943,740,982,641,681,倍率参考式
水属性,317,885443,32,3,23,63,89,90,111,6882,3441,844,786,635,917,956,707,982,615,687,倍率参考式
水属性,318,885443,32,3,23,63,89,90,112,6882,3441,851,799,635,930,956,707,982,635,674,倍率参考式
水属性,319,885443,32,3,23,63,89,91,111,6882,3441,864,812,622,890,949,727,982,628,713,倍率参考式
水属性,320,885443,32,3,23,63,89,91,112,6882,3441,871,825,622,903,949,727,982,648,700,倍率参考式
水属性,321,885443,32,3,23,63,90,91,97,6882,3441,930,851,609,910,949,733,982,635,681,倍率参考式
水属性,322,885443,32,3,23,63,90,91,106,6882,3441,917,838,648,930,943,713,982,622,687,倍率参考式
水属性,323,885443,32,3,23,68,74,90,111,6882,3441,871,831,700,930,975,713,982,582,694,倍率参考式
水属性,324,885443,32,3,23,68,74,90,112,6882,3441,877,844,700,943,975,713,982,602,681,倍率参考式
水属性,325,885443,32,3,23,68,74,91,111,6882,3441,890,858,687,903,969,733,982,596,720,倍率参考式
水属性,326,885443,32,3,23,68,74,91,112,6882,3441,897,871,687,917,969,733,982,615,707,倍率参考式
水属性,327,885443,32,3,23,68,90,91,111,6882,3441,923,838,661,897,969,700,982,602,694,倍率参考式
水属性,328,885443,32,3,23,68,90,91,112,6882,3441,930,851,661,910,969,700,982,622,681,倍率参考式
水属性,329,885443,32,14,23,63,74,81,111,6882,3441,812,812,713,975,962,740,982,589,720,倍率参考式
水属性,330,885443,32,14,23,63,74,81,112,6882,3441,818,825,713,989,962,740,982,609,707,倍率参考式
水属性,331,885443,32,14,23,63,74,89,111,6882,3441,812,805,674,949,969,727,982,596,740,倍率参考式
水属性,332,885443,32,14,23,63,74,89,112,6882,3441,818,818,674,962,969,727,982,615,727,倍率参考式
水属性,333,885443,32,14,23,63,74,90,97,6882,3441,877,844,661,969,969,733,982,602,707,倍率参考式
水属性,334,885443,32,14,23,63,74,90,106,6882,3441,864,831,700,989,962,713,982,589,713,倍率参考式
水属性,335,885443,32,14,23,63,74,91,97,6882,3441,897,871,648,943,962,753,982,615,733,倍率参考式
水属性,336,885443,32,14,23,63,74,91,106,6882,3441,884,858,687,962,956,733,982,602,740,倍率参考式
水属性,337,885443,32,14,23,63,81,90,111,6882,3441,844,792,687,969,962,707,982,596,694,倍率参考式
水属性,338,885443,32,14,23,63,81,90,112,6882,3441,851,805,687,982,962,707,982,615,681,倍率参考式
水属性,339,885443,32,14,23,63,81,91,111,6882,3441,864,818,674,943,956,727,982,609,720,倍率参考式
水属性,340,885443,32,14,23,63,81,91,112,6882,3441,871,831,674,956,956,727,982,628,707,倍率参考式
水属性,341,885443,32,14,23,63,89,90,111,6882,3441,844,786,648,943,969,694,982,602,713,倍率参考式
水属性,342,885443,32,14,23,63,89,90,112,6882,3441,851,799,648,956,969,694,982,622,700,倍率参考式
水属性,343,885443,32,14,23,63,89,91,111,6882,3441,864,812,635,917,962,713,982,615,740,倍率参考式
水属性,344,885443,32,14,23,63,89,91,112,6882,3441,871,825,635,930,962,713,982,635,727,倍率参考式
水属性,345,885443,32,14,23,63,90,91,97,6882,3441,930,851,622,936,962,720,982,622,707,倍率参考式
水属性,346,885443,32,14,23,63,90,91,106,6882,3441,917,838,661,956,956,700,982,609,713,倍率参考式
水属性,347,885443,32,14,23,68,74,90,111,6882,3441,871,831,713,956,989,700,982,569,720,倍率参考式
水属性,348,885443,32,14,23,68,74,90,112,6882,3441,877,844,713,969,989,700,982,589,707,倍率参考式
水属性,349,885443,32,14,23,68,74,91,111,6882,3441,890,858,700,930,982,720,982,582,746,倍率参考式
水属性,350,885443,32,14,23,68,74,91,112,6882,3441,897,871,700,943,982,720,982,602,733,倍率参考式
水属性,351,885443,32,14,23,68,90,91,111,6882,3441,923,838,674,923,982,687,982,589,720,倍率参考式
水属性,352,885443,32,14,23,68,90,91,112,6882,3441,930,851,674,936,982,687,982,609,707,倍率参考式
水属性,353,887333,32,1,3,27,97,111,112,6701,3349,825,695,682,877,942,819,981,669,773,倍率参考式
水属性,354,887333,32,1,3,27,106,111,112,6701,3349,812,682,721,897,936,799,981,656,780,倍率参考式
水属性,355,887333,32,1,14,27,97,111,112,6701,3349,825,695,695,903,955,806,981,656,799,倍率参考式
水属性,356,887333,32,1,14,27,106,111,112,6701,3349,812,682,734,923,949,786,981,643,806,倍率参考式
水属性,357,887333,32,1,23,27,97,111,112,6701,3349,825,695,604,903,955,884,981,656,747,倍率参考式
水属性,358,887333,32,1,23,27,106,111,112,6701,3349,812,682,643,923,949,864,981,643,754,倍率参考式
水属性,359,887333,32,3,14,27,97,111,112,6701,3349,916,825,695,877,942,741,981,747,838,倍率参考式
水属性,360,887333,32,3,14,27,106,111,112,6701,3349,903,812,734,897,936,721,981,734,845,倍率参考式
水属性,361,887333,32,3,23,27,97,111,112,6701,3349,916,825,604,877,942,819,981,747,786,倍率参考式
水属性,362,887333,32,3,23,27,106,111,112,6701,3349,903,812,643,897,936,799,981,734,793,倍率参考式
水属性,363,887333,32,14,23,27,97,111,112,6701,3349,916,825,617,903,955,806,981,734,812,倍率参考式
水属性,364,887333,32,14,23,27,106,111,112,6701,3349,903,812,656,923,949,786,981,721,819,倍率参考式
水属性,365,875444,32,1,27,63,74,76,81,7062,3530,739,607,732,976,871,858,976,627,745,倍率参考式
水属性,366,875444,32,1,27,63,74,76,89,7062,3530,739,600,693,950,877,844,976,633,765,倍率参考式
水属性,367,875444,32,1,27,63,74,79,90,7062,3530,772,607,726,937,930,785,976,620,726,倍率参考式
水属性,368,875444,32,1,27,63,74,79,91,7062,3530,792,633,712,910,924,805,976,633,752,倍率参考式
水属性,369,875444,32,1,27,63,76,81,90,7062,3530,772,587,706,970,871,825,976,633,719,倍率参考式
水属性,370,875444,32,1,27,63,76,81,91,7062,3530,792,613,693,943,864,844,976,646,745,倍率参考式
水属性,371,875444,32,1,27,63,76,89,90,7062,3530,772,580,666,943,877,811,976,640,739,倍率参考式
水属性,372,875444,32,1,27,63,76,89,91,7062,3530,792,607,653,917,871,831,976,653,765,倍率参考式
水属性,373,875444,32,1,27,63,79,90,91,7062,3530,825,613,686,904,924,772,976,640,726,倍率参考式
水属性,374,875444,32,1,27,65,74,90,91,7062,3530,825,640,719,930,943,792,976,587,719,倍率参考式
水属性,375,875444,32,1,27,68,74,76,90,7062,3530,798,627,732,957,897,818,976,607,745,倍率参考式
水属性,376,875444,32,1,27,68,74,76,91,7062,3530,818,653,719,930,891,838,976,620,772,倍率参考式
水属性,377,875444,32,1,27,68,76,90,91,7062,3530,851,633,693,924,891,805,976,627,745,倍率参考式
水属性,378,875444,32,1,28,63,74,90,91,7062,3530,759,666,693,963,937,765,976,561,686,倍率参考式
水属性,379,875444,32,1,30,63,74,90,91,7062,3530,785,653,712,943,924,719,976,462,594,倍率参考式
水属性,380,875444,32,1,35,63,74,81,90,7062,3530,732,640,792,976,943,745,976,455,633,倍率参考式
水属性,381,875444,32,1,35,63,74,81,91,7062,3530,752,666,778,950,937,765,976,468,660,倍率参考式
水属性,382,875444,32,1,35,63,74,89,90,7062,3530,732,633,752,950,950,732,976,462,653,倍率参考式
水属性,383,875444,32,1,35,63,74,89,91,7062,3530,752,660,739,924,943,752,976,475,679,倍率参考式
水属性,384,875444,32,1,35,63,81,90,91,7062,3530,785,646,752,943,937,732,976,475,633,倍率参考式
水属性,385,875444,32,1,35,63,89,90,91,7062,3530,785,640,712,917,943,719,976,481,653,倍率参考式
水属性,386,875444,32,1,35,68,74,90,91,7062,3530,811,686,778,930,963,726,976,448,660,倍率参考式
水属性,387,875444,32,3,27,63,74,76,81,7062,3530,831,739,732,950,858,792,976,719,785,倍率参考式
水属性,388,875444,32,3,27,63,74,76,89,7062,3530,831,732,693,924,864,778,976,726,805,倍率参考式
水属性,389,875444,32,3,27,63,74,79,90,7062,3530,864,739,726,910,917,719,976,712,765,倍率参考式
水属性,390,875444,32,3,27,63,74,79,91,7062,3530,884,765,712,884,910,739,976,726,792,倍率参考式
水属性,391,875444,32,3,27,63,76,81,90,7062,3530,864,719,706,943,858,759,976,726,759,倍率参考式
水属性,392,875444,32,3,27,63,76,81,91,7062,3530,884,745,693,917,851,778,976,739,785,倍率参考式
水属性,393,875444,32,3,27,63,76,89,90,7062,3530,864,712,666,917,864,745,976,732,778,倍率参考式
水属性,394,875444,32,3,27,63,76,89,91,7062,3530,884,739,653,891,858,765,976,745,805,倍率参考式
水属性,395,875444,32,3,27,63,79,90,91,7062,3530,917,745,686,877,910,706,976,732,765,倍率参考式
水属性,396,875444,32,3,27,65,74,90,91,7062,3530,917,772,719,904,930,726,976,679,759,倍率参考式
水属性,397,875444,32,3,27,68,74,76,90,7062,3530,891,759,732,930,884,752,976,699,785,倍率参考式
水属性,398,875444,32,3,27,68,74,76,91,7062,3530,910,785,719,904,877,772,976,712,811,倍率参考式
水属性,399,875444,32,3,27,68,76,90,91,7062,3530,943,765,693,897,877,739,976,719,785,倍率参考式
水属性,400,875444,32,3,28,63,74,90,91,7062,3530,851,798,693,937,924,699,976,653,726,倍率参考式
水属性,401,875444,32,3,30,63,74,90,91,7062,3530,877,785,712,917,910,653,976,554,633,倍率参考式
水属性,402,875444,32,3,35,63,74,81,90,7062,3530,825,772,792,950,930,679,976,547,673,倍率参考式
水属性,403,875444,32,3,35,63,74,81,91,7062,3530,844,798,778,924,924,699,976,561,699,倍率参考式
水属性,404,875444,32,3,35,63,74,89,90,7062,3530,825,765,752,924,937,666,976,554,693,倍率参考式
水属性,405,875444,32,3,35,63,74,89,91,7062,3530,844,792,739,897,930,686,976,567,719,倍率参考式
水属性,406,875444,32,3,35,63,81,90,91,7062,3530,877,778,752,917,924,666,976,567,673,倍率参考式
水属性,407,875444,32,3,35,63,89,90,91,7062,3530,877,772,712,891,930,653,976,574,693,倍率参考式
水属性,408,875444,32,3,35,68,74,90,91,7062,3530,904,818,778,904,950,660,976,541,699,倍率参考式
水属性,409,875444,32,14,27,63,74,76,81,7062,3530,831,739,745,976,871,778,976,706,811,倍率参考式
水属性,410,875444,32,14,27,63,74,76,89,7062,3530,831,732,706,950,877,765,976,712,831,倍率参考式
水属性,411,875444,32,14,27,63,74,79,90,7062,3530,864,739,739,937,930,706,976,699,792,倍率参考式
水属性,412,875444,32,14,27,63,74,79,91,7062,3530,884,765,726,910,924,726,976,712,818,倍率参考式
水属性,413,875444,32,14,27,63,76,81,90,7062,3530,864,719,719,970,871,745,976,712,785,倍率参考式
水属性,414,875444,32,14,27,63,76,81,91,7062,3530,884,745,706,943,864,765,976,726,811,倍率参考式
水属性,415,875444,32,14,27,63,76,89,90,7062,3530,864,712,679,943,877,732,976,719,805,倍率参考式
水属性,416,875444,32,14,27,63,76,89,91,7062,3530,884,739,666,917,871,752,976,732,831,倍率参考式
水属性,417,875444,32,14,27,63,79,90,91,7062,3530,917,745,699,904,924,693,976,719,792,倍率参考式
水属性,418,875444,32,14,27,65,74,90,91,7062,3530,917,772,732,930,943,712,976,666,785,倍率参考式
水属性,419,875444,32,14,27,68,74,76,90,7062,3530,891,759,745,957,897,739,976,686,811,倍率参考式
水属性,420,875444,32,14,27,68,74,76,91,7062,3530,910,785,732,930,891,759,976,699,838,倍率参考式
水属性,421,875444,32,14,27,68,76,90,91,7062,3530,943,765,706,924,891,726,976,706,811,倍率参考式
水属性,422,875444,32,14,28,63,74,90,91,7062,3530,851,798,706,963,937,686,976,640,752,倍率参考式
水属性,423,875444,32,14,30,63,74,90,91,7062,3530,877,785,726,943,924,640,976,541,660,倍率参考式
水属性,424,875444,32,14,35,63,74,81,90,7062,3530,825,772,805,976,943,666,976,534,699,倍率参考式
水属性,425,875444,32,14,35,63,74,81,91,7062,3530,844,798,792,950,937,686,976,547,726,倍率参考式
水属性,426,875444,32,14,35,63,74,89,90,7062,3530,825,765,765,950,950,653,976,541,719,倍率参考式
水属性,427,875444,32,14,35,63,74,89,91,7062,3530,844,792,752,924,943,673,976,554,745,倍率参考式
水属性,428,875444,32,14,35,63,81,90,91,7062,3530,877,778,765,943,937,653,976,554,699,倍率参考式
水属性,429,875444,32,14,35,63,89,90,91,7062,3530,877,772,726,917,943,640,976,561,719,倍率参考式
水属性,430,875444,32,14,35,68,74,90,91,7062,3530,904,818,792,930,963,646,976,528,726,倍率参考式
水属性,431,875444,32,23,27,63,74,76,81,7062,3530,831,739,653,976,871,858,976,706,759,倍率参考式
水属性,432,875444,32,23,27,63,74,76,89,7062,3530,831,732,613,950,877,844,976,712,778,倍率参考式
水属性,433,875444,32,23,27,63,74,79,90,7062,3530,864,739,646,937,930,785,976,699,739,倍率参考式
水属性,434,875444,32,23,27,63,74,79,91,7062,3530,884,765,633,910,924,805,976,712,765,倍率参考式
水属性,435,875444,32,23,27,63,76,81,90,7062,3530,864,719,627,970,871,825,976,712,732,倍率参考式
水属性,436,875444,32,23,27,63,76,81,91,7062,3530,884,745,613,943,864,844,976,726,759,倍率参考式
水属性,437,875444,32,23,27,63,76,89,90,7062,3530,864,712,587,943,877,811,976,719,752,倍率参考式
水属性,438,875444,32,23,27,63,76,89,91,7062,3530,884,739,574,917,871,831,976,732,778,倍率参考式
水属性,439,875444,32,23,27,63,79,90,91,7062,3530,917,745,607,904,924,772,976,719,739,倍率参考式
水属性,440,875444,32,23,27,65,74,90,91,7062,3530,917,772,640,930,943,792,976,666,732,倍率参考式
水属性,441,875444,32,23,27,68,74,76,90,7062,3530,891,759,653,957,897,818,976,686,759,倍率参考式
水属性,442,875444,32,23,27,68,74,76,91,7062,3530,910,785,640,930,891,838,976,699,785,倍率参考式
水属性,443,875444,32,23,27,68,76,90,91,7062,3530,943,765,613,924,891,805,976,706,759,倍率参考式
水属性,444,875444,32,23,28,63,74,90,91,7062,3530,851,798,613,963,937,765,976,640,699,倍率参考式
水属性,445,875444,32,23,30,63,74,90,91,7062,3530,877,785,633,943,924,719,976,541,607,倍率参考式
水属性,446,875444,32,23,35,63,74,81,90,7062,3530,825,772,712,976,943,745,976,534,646,倍率参考式
水属性,447,875444,32,23,35,63,74,81,91,7062,3530,844,798,699,950,937,765,976,547,673,倍率参考式
水属性,448,875444,32,23,35,63,74,89,90,7062,3530,825,765,673,950,950,732,976,541,666,倍率参考式
水属性,449,875444,32,23,35,63,74,89,91,7062,3530,844,792,660,924,943,752,976,554,693,倍率参考式
水属性,450,875444,32,23,35,63,81,90,91,7062,3530,877,778,673,943,937,732,976,554,646,倍率参考式
水属性,451,875444,32,23,35,63,89,90,91,7062,3530,877,772,633,917,943,719,976,561,666,倍率参考式
水属性,452,875444,32,23,35,68,74,90,91,7062,3530,904,818,699,930,963,726,976,528,673,倍率参考式
水属性,453,876443,32,1,27,40,74,90,111,7068,3532,739,627,759,877,897,818,976,567,719,倍率参考式
水属性,454,876443,32,1,27,40,74,90,112,7068,3532,745,640,759,891,897,818,976,587,706,倍率参考式
水属性,455,876443,32,1,27,40,74,91,111,7068,3532,759,653,745,851,891,838,976,580,745,倍率参考式
水属性,456,876443,32,1,27,40,74,91,112,7068,3532,765,666,745,864,891,838,976,600,732,倍率参考式
水属性,457,876443,32,1,27,40,90,91,111,7068,3532,792,633,719,844,891,805,976,587,719,倍率参考式
水属性,458,876443,32,1,27,40,90,91,112,7068,3532,798,646,719,858,891,805,976,607,706,倍率参考式
水属性,459,876443,32,3,27,40,74,90,111,7068,3532,831,759,759,851,884,752,976,660,759,倍率参考式
水属性,460,876443,32,3,27,40,74,90,112,7068,3532,838,772,759,864,884,752,976,679,745,倍率参考式
水属性,461,876443,32,3,27,40,74,91,111,7068,3532,851,785,745,825,877,772,976,673,785,倍率参考式
水属性,462,876443,32,3,27,40,74,91,112,7068,3532,858,798,745,838,877,772,976,693,772,倍率参考式
水属性,463,876443,32,3,27,40,90,91,111,7068,3532,884,765,719,818,877,739,976,679,759,倍率参考式
水属性,464,876443,32,3,27,40,90,91,112,7068,3532,891,778,719,831,877,739,976,699,745,倍率参考式
水属性,465,876443,32,14,27,40,74,90,111,7068,3532,831,759,772,877,897,739,976,646,785,倍率参考式
水属性,466,876443,32,14,27,40,74,90,112,7068,3532,838,772,772,891,897,739,976,666,772,倍率参考式
水属性,467,876443,32,14,27,40,74,91,111,7068,3532,851,785,759,851,891,759,976,660,811,倍率参考式
水属性,468,876443,32,14,27,40,74,91,112,7068,3532,858,798,759,864,891,759,976,679,798,倍率参考式
水属性,469,876443,32,14,27,40,90,91,111,7068,3532,884,765,732,844,891,726,976,666,785,倍率参考式
水属性,470,876443,32,14,27,40,90,91,112,7068,3532,891,778,732,858,891,726,976,686,772,倍率参考式
水属性,471,876443,32,23,27,40,74,90,111,7068,3532,831,759,679,877,897,818,976,646,732,倍率参考式
水属性,472,876443,32,23,27,40,74,90,112,7068,3532,838,772,679,891,897,818,976,666,719,倍率参考式
水属性,473,876443,32,23,27,40,74,91,111,7068,3532,851,785,666,851,891,838,976,660,759,倍率参考式
水属性,474,876443,32,23,27,40,74,91,112,7068,3532,858,798,666,864,891,838,976,679,745,倍率参考式
水属性,475,876443,32,23,27,40,90,91,111,7068,3532,884,765,640,844,891,805,976,666,732,倍率参考式
水属性,476,876443,32,23,27,40,90,91,112,7068,3532,891,778,640,858,891,805,976,686,719,倍率参考式
水属性,477,884444,32,1,3,74,76,79,90,7068,3534,818,719,759,937,937,785,976,620,726,倍率参考式
水属性,478,884444,32,1,3,74,76,79,91,7068,3534,838,745,745,910,930,805,976,633,752,倍率参考式
水属性,479,884444,32,1,3,74,80,90,91,7068,3534,792,726,745,924,983,745,976,534,679,倍率参考式
水属性,480,884444,32,1,3,74,81,89,90,7068,3534,745,699,805,943,983,759,976,514,653,倍率参考式
水属性,481,884444,32,1,3,74,81,89,91,7068,3534,765,726,792,917,976,778,976,528,679,倍率参考式
水属性,482,884444,32,1,3,76,79,90,91,7068,3534,871,726,719,904,930,772,976,640,726,倍率参考式
水属性,483,884444,32,1,3,81,89,90,91,7068,3534,798,706,765,910,976,745,976,534,653,倍率参考式
水属性,484,884444,32,1,14,74,76,79,90,7068,3534,818,719,772,963,950,772,976,607,752,倍率参考式
水属性,485,884444,32,1,14,74,76,79,91,7068,3534,838,745,759,937,943,792,976,620,778,倍率参考式
水属性,486,884444,32,1,14,74,80,90,91,7068,3534,792,726,759,950,996,732,976,521,706,倍率参考式
水属性,487,884444,32,1,14,74,81,89,90,7068,3534,745,699,818,970,996,745,976,501,679,倍率参考式
水属性,488,884444,32,1,14,74,81,89,91,7068,3534,765,726,805,943,990,765,976,514,706,倍率参考式
水属性,489,884444,32,1,14,76,79,90,91,7068,3534,871,726,732,930,943,759,976,627,752,倍率参考式
水属性,490,884444,32,1,14,81,89,90,91,7068,3534,798,706,778,937,990,732,976,521,679,倍率参考式
水属性,491,884444,32,1,23,74,76,79,90,7068,3534,818,719,679,963,950,851,976,607,699,倍率参考式
水属性,492,884444,32,1,23,74,76,79,91,7068,3534,838,745,666,937,943,871,976,620,726,倍率参考式
水属性,493,884444,32,1,23,74,80,90,91,7068,3534,792,726,666,950,996,811,976,521,653,倍率参考式
水属性,494,884444,32,1,23,74,81,89,90,7068,3534,745,699,726,970,996,825,976,501,627,倍率参考式
水属性,495,884444,32,1,23,74,81,89,91,7068,3534,765,726,712,943,990,844,976,514,653,倍率参考式
水属性,496,884444,32,1,23,76,79,90,91,7068,3534,871,726,640,930,943,838,976,627,699,倍率参考式
水属性,497,884444,32,1,23,81,89,90,91,7068,3534,798,706,686,937,990,811,976,521,627,倍率参考式
水属性,498,884444,32,3,14,74,76,79,90,7068,3534,910,851,772,937,937,706,976,699,792,倍率参考式
水属性,499,884444,32,3,14,74,76,79,91,7068,3534,930,877,759,910,930,726,976,712,818,倍率参考式
水属性,500,884444,32,3,14,74,80,90,91,7068,3534,884,858,759,924,983,666,976,613,745,倍率参考式
火属性,1,776543,32,27,36,43,73,76,101,7062,3528,937,706,660,838,759,699,699,976,732,倍率参考式
火属性,2,776543,32,27,36,43,73,79,101,7062,3528,943,706,693,805,811,660,686,970,719,倍率参考式
火属性,3,776543,32,27,36,43,73,92,101,7062,3528,943,706,686,805,798,673,653,970,693,倍率参考式
火属性,4,776543,32,27,28,43,73,76,101,7062,3528,910,699,673,924,785,798,765,963,825,倍率参考式
火属性,5,776543,32,27,36,43,64,76,101,7062,3528,877,660,653,818,785,693,726,963,699,倍率参考式
火属性,6,776543,32,27,36,43,73,75,101,7062,3528,924,726,666,785,778,706,653,963,686,倍率参考式
火属性,7,776543,32,27,36,43,73,76,104,7062,3528,917,699,679,844,778,719,719,963,759,倍率参考式
火属性,8,776543,32,27,36,43,73,76,113,7062,3528,917,699,673,818,778,712,719,963,745,倍率参考式
火属性,9,776543,32,27,36,43,73,88,101,7062,3528,950,719,693,811,785,679,646,963,712,倍率参考式
火属性,10,876443,32,12,27,43,76,79,101,7068,3532,904,699,765,904,798,818,798,963,825,倍率参考式
火属性,11,876443,32,12,27,43,76,92,101,7068,3532,904,699,759,904,785,831,765,963,798,倍率参考式
火属性,12,876533,32,12,27,43,73,101,104,6882,3439,884,713,772,923,818,792,740,962,812,倍率参考式
火属性,13,876533,32,12,27,43,73,101,113,6882,3439,884,713,766,897,818,786,740,962,799,倍率参考式
火属性,14,776444,32,27,36,43,76,79,92,7248,3621,944,684,698,791,798,718,731,957,731,倍率参考式
火属性,15,776543,32,27,28,43,73,79,101,7062,3528,917,699,706,891,838,759,752,957,811,倍率参考式
火属性,16,776543,32,27,28,43,73,92,101,7062,3528,917,699,699,891,825,772,719,957,785,倍率参考式
火属性,17,776543,32,27,36,43,61,76,101,7062,3528,950,726,699,805,719,726,666,957,679,倍率参考式
火属性,18,776543,32,27,36,43,62,76,101,7062,3528,937,706,660,818,772,693,699,957,679,倍率参考式
火属性,19,776543,32,27,36,43,64,79,101,7062,3528,884,660,686,785,838,653,712,957,686,倍率参考式
火属性,20,776543,32,27,36,43,64,92,101,7062,3528,884,660,679,785,825,666,679,957,660,倍率参考式
火属性,21,776543,32,27,36,43,73,76,100,7062,3528,943,706,686,831,772,726,699,957,732,倍率参考式
火属性,22,776543,32,27,36,43,73,76,110,7062,3528,943,693,679,818,759,712,712,957,739,倍率参考式
火属性,23,776543,32,27,36,43,73,77,101,7062,3528,904,686,693,838,805,666,666,957,699,倍率参考式
火属性,24,776543,32,27,36,43,73,79,104,7062,3528,924,699,712,811,831,679,706,957,745,倍率参考式
火属性,25,776543,32,27,36,43,73,79,113,7062,3528,924,699,706,785,831,673,706,957,732,倍率参考式
火属性,26,776543,32,27,36,43,73,86,101,7062,3528,910,679,706,818,805,666,660,957,693,倍率参考式
火属性,27,776543,32,27,36,43,73,92,104,7062,3528,924,699,706,811,818,693,673,957,719,倍率参考式
火属性,28,776543,32,27,36,43,73,92,113,7062,3528,924,699,699,785,818,686,673,957,706,倍率参考式
火属性,29,776543,32,28,36,43,73,76,101,7062,3528,917,745,653,864,772,679,679,957,712,倍率参考式
火属性,30,876443,32,12,27,43,75,76,101,7068,3532,884,719,739,884,765,864,765,957,792,倍率参考式
火属性,31,876443,32,12,27,43,76,88,101,7068,3532,910,712,765,910,772,838,759,957,818,倍率参考式
火属性,32,876443,32,12,27,43,79,92,101,7068,3532,910,699,792,871,838,792,752,957,785,倍率参考式
火属性,33,876443,32,12,36,43,76,79,101,7068,3532,910,745,745,844,785,699,712,957,712,倍率参考式
火属性,34,876443,32,12,36,43,76,92,101,7068,3532,910,745,739,844,772,712,679,957,686,倍率参考式
火属性,35,875543,32,12,27,64,73,76,101,6876,3437,851,700,674,923,818,818,831,956,844,倍率参考式
火属性,36,876533,32,12,27,43,73,100,101,6882,3439,910,720,779,910,812,799,720,956,786,倍率参考式
火属性,37,876533,32,12,27,43,73,101,110,6882,3439,910,707,772,897,799,786,733,956,792,倍率参考式
火属性,38,876533,32,12,36,43,73,101,104,6882,3439,890,759,753,864,805,674,655,956,700,倍率参考式
火属性,39,876533,32,12,36,43,73,101,113,6882,3439,890,759,746,838,805,668,655,956,687,倍率参考式
火属性,40,877433,32,12,27,36,76,101,104,6882,3439,903,759,674,877,779,799,805,956,799,倍率参考式
火属性,41,877433,32,12,27,36,76,101,113,6882,3439,903,759,668,851,779,792,805,956,786,倍率参考式
火属性,42,775544,32,27,36,64,73,76,79,7056,3526,891,686,613,811,831,706,798,950,778,倍率参考式
火属性,43,775544,32,27,36,64,73,76,92,7056,3526,891,686,607,811,818,719,765,950,752,倍率参考式
火属性,44,776444,32,27,36,43,75,76,79,7248,3621,924,704,678,771,778,751,731,950,724,倍率参考式
火属性,45,776444,32,27,36,43,75,76,92,7248,3621,924,704,671,771,764,764,698,950,698,倍率参考式
火属性,46,776444,32,27,36,43,76,79,88,7248,3621,950,698,704,798,784,724,724,950,751,倍率参考式
火属性,47,776444,32,27,36,43,76,88,92,7248,3621,950,698,698,798,771,738,691,950,724,倍率参考式
火属性,48,776543,32,27,28,43,64,76,101,7062,3528,851,653,666,904,811,792,792,950,792,倍率参考式
火属性,49,776543,32,27,28,43,73,75,101,7062,3528,897,719,679,871,805,805,719,950,778,倍率参考式
火属性,50,776543,32,27,28,43,73,76,104,7062,3528,891,693,693,930,805,818,785,950,851,倍率参考式
火属性,51,776543,32,27,28,43,73,76,113,7062,3528,891,693,686,904,805,811,785,950,838,倍率参考式
火属性,52,776543,32,27,28,43,73,88,101,7062,3528,924,712,706,897,811,778,712,950,805,倍率参考式
火属性,53,776543,32,27,36,43,61,79,101,7062,3528,957,726,732,772,772,686,653,950,666,倍率参考式
火属性,54,776543,32,27,36,43,61,92,101,7062,3528,957,726,726,772,759,699,620,950,640,倍率参考式
火属性,55,776543,32,27,36,43,62,79,101,7062,3528,943,706,693,785,825,653,686,950,666,倍率参考式
火属性,56,776543,32,27,36,43,62,92,101,7062,3528,943,706,686,785,811,666,653,950,640,倍率参考式
火属性,57,776543,32,27,36,43,64,75,101,7062,3528,864,679,660,765,805,699,679,950,653,倍率参考式
火属性,58,776543,32,27,36,43,64,76,104,7062,3528,858,653,673,825,805,712,745,950,726,倍率参考式
火属性,59,776543,32,27,36,43,64,76,113,7062,3528,858,653,666,798,805,706,745,950,712,倍率参考式
火属性,60,776543,32,27,36,43,64,88,101,7062,3528,891,673,686,792,811,673,673,950,679,倍率参考式
火属性,61,776543,32,27,36,43,73,75,104,7062,3528,904,719,686,792,798,726,673,950,712,倍率参考式
火属性,62,776543,32,27,36,43,73,75,113,7062,3528,904,719,679,765,798,719,673,950,699,倍率参考式
火属性,63,776543,32,27,36,43,73,76,112,7062,3528,910,693,660,831,785,693,745,950,739,倍率参考式
火属性,64,776543,32,27,36,43,73,79,100,7062,3528,950,706,719,798,825,686,686,950,719,倍率参考式
火属性,65,776543,32,27,36,43,73,79,110,7062,3528,950,693,712,785,811,673,699,950,726,倍率参考式
火属性,66,776543,32,27,36,43,73,88,104,7062,3528,930,712,712,818,805,699,666,950,739,倍率参考式
火属性,67,776543,32,27,36,43,73,88,113,7062,3528,930,712,706,792,805,693,666,950,726,倍率参考式
火属性,68,776543,32,27,36,43,73,92,100,7062,3528,950,706,712,798,811,699,653,950,693,倍率参考式
火属性,69,776543,32,27,36,43,73,92,110,7062,3528,950,693,706,785,798,686,666,950,699,倍率参考式
火属性,70,776543,32,28,36,43,73,79,101,7062,3528,924,745,686,831,825,640,666,950,699,倍率参考式
火属性,71,776543,32,28,36,43,73,92,101,7062,3528,924,745,679,831,811,653,633,950,673,倍率参考式
火属性,72,777443,32,27,28,36,76,79,101,7062,3528,937,745,607,844,798,765,818,950,798,倍率参考式
火属性,73,777443,32,27,28,36,76,92,101,7062,3528,937,745,600,844,785,778,785,950,772,倍率参考式
火属性,74,875444,32,12,27,73,76,79,92,7062,3530,917,726,719,897,831,844,838,950,877,倍率参考式
火属性,75,876443,32,12,27,43,75,79,101,7068,3532,891,719,772,851,818,825,752,950,778,倍率参考式
火属性,76,876443,32,12,27,43,75,92,101,7068,3532,891,719,765,851,805,838,719,950,752,倍率参考式
火属性,77,876443,32,12,27,43,76,77,101,7068,3532,864,679,765,937,792,825,778,950,805,倍率参考式
火属性,78,876443,32,12,27,43,76,79,104,7068,3532,884,693,785,910,818,838,818,950,851,倍率参考式
火属性,79,876443,32,12,27,43,76,79,113,7068,3532,884,693,778,884,818,831,818,950,838,倍率参考式
火属性,80,876443,32,12,27,43,76,86,101,7068,3532,871,673,778,917,792,825,772,950,798,倍率参考式
火属性,81,876443,32,12,27,43,76,92,104,7068,3532,884,693,778,910,805,851,785,950,825,倍率参考式
火属性,82,876443,32,12,27,43,76,92,113,7068,3532,884,693,772,884,805,844,785,950,811,倍率参考式
火属性,83,876443,32,12,27,43,79,88,101,7068,3532,917,712,798,877,825,798,745,950,805,倍率参考式
火属性,84,876443,32,12,27,43,88,92,101,7068,3532,917,712,792,877,811,811,712,950,778,倍率参考式
火属性,85,876443,32,12,36,43,75,76,101,7068,3532,891,765,719,825,752,745,679,950,679,倍率参考式
火属性,86,876443,32,12,36,43,76,88,101,7068,3532,917,759,745,851,759,719,673,950,706,倍率参考式
火属性,87,876443,32,12,36,43,79,92,101,7068,3532,917,745,772,811,825,673,666,950,673,倍率参考式
火属性,88,777533,32,27,28,36,73,101,104,6876,3435,917,759,615,864,818,740,759,949,786,倍率参考式
火属性,89,777533,32,27,28,36,73,101,113,6876,3435,917,759,609,838,818,733,759,949,772,倍率参考式
火属性,90,875543,32,12,27,61,73,76,101,6876,3437,923,766,720,910,753,851,772,949,825,倍率参考式
火属性,91,875543,32,12,27,62,73,76,101,6876,3437,910,746,681,923,805,818,805,949,825,倍率参考式
火属性,92,875543,32,12,27,64,73,79,101,6876,3437,858,700,707,890,871,779,818,949,831,倍率参考式
火属性,93,875543,32,12,27,64,73,92,101,6876,3437,858,700,700,890,858,792,786,949,805,倍率参考式
火属性,94,875543,32,12,36,64,73,76,101,6876,3437,858,746,655,864,805,700,746,949,733,倍率参考式
火属性,95,876533,32,12,27,43,64,101,104,6882,3439,825,668,766,903,844,786,766,949,779,倍率参考式
火属性,96,876533,32,12,27,43,64,101,113,6882,3439,825,668,759,877,844,779,766,949,766,倍率参考式
火属性,97,876533,32,12,27,43,73,101,112,6882,3439,877,707,753,910,825,766,766,949,792,倍率参考式
火属性,98,876533,32,12,27,43,73,104,113,6882,3439,864,707,786,903,838,805,759,949,825,倍率参考式
火属性,99,876533,32,12,36,43,73,100,101,6882,3439,917,766,759,851,799,681,635,949,674,倍率参考式
火属性,100,876533,32,12,36,43,73,101,110,6882,3439,917,753,753,838,786,668,648,949,681,倍率参考式
火属性,101,877433,32,12,27,36,76,100,101,6882,3439,930,766,681,864,772,805,786,949,772,倍率参考式
火属性,102,877433,32,12,27,36,76,101,110,6882,3439,930,753,674,851,759,792,799,949,779,倍率参考式
火属性,103,877433,32,12,27,36,79,101,104,6882,3439,910,759,707,844,831,759,792,949,786,倍率参考式
火属性,104,877433,32,12,27,36,79,101,113,6882,3439,910,759,700,818,831,753,792,949,772,倍率参考式
火属性,105,877433,32,12,27,36,92,101,104,6882,3439,910,759,700,844,818,772,759,949,759,倍率参考式
火属性,106,877433,32,12,27,36,92,101,113,6882,3439,910,759,694,818,818,766,759,949,746,倍率参考式
火属性,107,776444,32,27,28,43,76,79,92,7248,3621,917,678,711,877,824,817,798,944,824,倍率参考式
火属性,108,776444,32,27,36,43,75,76,88,7248,3621,931,718,678,778,751,771,691,944,718,倍率参考式
火属性,109,776444,32,27,36,43,75,79,92,7248,3621,931,704,704,738,817,724,684,944,684,倍率参考式
火属性,110,776444,32,27,36,43,76,77,79,7248,3621,904,665,704,824,804,711,744,944,738,倍率参考式
火属性,111,776444,32,27,36,43,76,77,92,7248,3621,904,665,698,824,791,724,711,944,711,倍率参考式
火属性,112,776444,32,27,36,43,76,79,86,7248,3621,911,658,718,804,804,711,738,944,731,倍率参考式
火属性,113,776444,32,27,36,43,76,86,92,7248,3621,911,658,711,804,791,724,704,944,704,倍率参考式
火属性,114,776444,32,27,36,43,79,88,92,7248,3621,957,698,731,764,824,698,678,944,711,倍率参考式
火属性,115,765554,32,27,43,61,64,73,76,7056,3526,877,660,719,858,778,765,712,943,752,倍率参考式
火属性,116,765554,32,27,43,62,64,73,76,7056,3526,864,640,679,871,831,732,745,943,752,倍率参考式
火属性,117,775544,32,27,36,61,73,76,79,7056,3526,963,752,660,798,765,739,739,943,759,倍率参考式
火属性,118,775544,32,27,36,61,73,76,92,7056,3526,963,752,653,798,752,752,706,943,732,倍率参考式
火属性,119,775544,32,27,36,62,73,76,79,7056,3526,950,732,620,811,818,706,772,943,759,倍率参考式
火属性,120,775544,32,27,36,62,73,76,92,7056,3526,950,732,613,811,805,719,739,943,732,倍率参考式
火属性,121,775544,32,27,36,64,73,75,76,7056,3526,871,706,587,792,798,752,765,943,745,倍率参考式
火属性,122,775544,32,27,36,64,73,76,88,7056,3526,897,699,613,818,805,726,759,943,772,倍率参考式
火属性,123,775544,32,27,36,64,73,79,92,7056,3526,897,686,640,778,871,679,752,943,739,倍率参考式
火属性,124,775553,32,27,36,61,64,73,101,6870,3433,903,727,641,792,792,687,687,943,687,倍率参考式
火属性,125,775553,32,27,36,62,64,73,101,6870,3433,890,707,602,805,844,655,720,943,687,倍率参考式
火属性,126,776543,32,27,28,43,61,76,101,7062,3528,924,719,712,891,745,825,732,943,772,倍率参考式
火属性,127,776543,32,27,28,43,62,76,101,7062,3528,910,699,673,904,798,792,765,943,772,倍率参考式
火属性,128,776543,32,27,28,43,64,79,101,7062,3528,858,653,699,871,864,752,778,943,778,倍率参考式
火属性,129,776543,32,27,28,43,64,92,101,7062,3528,858,653,693,871,851,765,745,943,752,倍率参考式
火属性,130,776543,32,27,28,43,73,76,100,7062,3528,917,699,699,917,798,825,765,943,825,倍率参考式
火属性,131,776543,32,27,28,43,73,76,110,7062,3528,917,686,693,904,785,811,778,943,831,倍率参考式
火属性,132,776543,32,27,28,43,73,77,101,7062,3528,877,679,706,924,831,765,732,943,792,倍率参考式
火属性,133,776543,32,27,28,43,73,79,104,7062,3528,897,693,726,897,858,778,772,943,838,倍率参考式
火属性,134,776543,32,27,28,43,73,79,113,7062,3528,897,693,719,871,858,772,772,943,825,倍率参考式
火属性,135,776543,32,27,28,43,73,86,101,7062,3528,884,673,719,904,831,765,726,943,785,倍率参考式
火属性,136,776543,32,27,28,43,73,92,104,7062,3528,897,693,719,897,844,792,739,943,811,倍率参考式
火属性,137,776543,32,27,28,43,73,92,113,7062,3528,897,693,712,871,844,785,739,943,798,倍率参考式
火属性,138,776543,32,27,36,43,61,75,101,7062,3528,937,745,706,752,739,732,620,943,633,倍率参考式
火属性,139,776543,32,27,36,43,61,76,104,7062,3528,930,719,719,811,739,745,686,943,706,倍率参考式
火属性,140,776543,32,27,36,43,61,76,113,7062,3528,930,719,712,785,739,739,686,943,693,倍率参考式
火属性,141,776543,32,27,36,43,61,88,101,7062,3528,963,739,732,778,745,706,613,943,660,倍率参考式
火属性,142,776543,32,27,36,43,62,75,101,7062,3528,924,726,666,765,792,699,653,943,633,倍率参考式
火属性,143,776543,32,27,36,43,62,76,104,7062,3528,917,699,679,825,792,712,719,943,706,倍率参考式
火属性,144,776543,32,27,36,43,62,76,113,7062,3528,917,699,673,798,792,706,719,943,693,倍率参考式
火属性,145,776543,32,27,36,43,62,88,101,7062,3528,950,719,693,792,798,673,646,943,660,倍率参考式
火属性,146,776543,32,27,36,43,64,76,100,7062,3528,884,660,679,811,798,719,726,943,699,倍率参考式
火属性,147,776543,32,27,36,43,64,76,110,7062,3528,884,646,673,798,785,706,739,943,706,倍率参考式
火属性,148,776543,32,27,36,43,64,77,101,7062,3528,844,640,686,818,831,660,693,943,666,倍率参考式
火属性,149,776543,32,27,36,43,64,79,104,7062,3528,864,653,706,792,858,673,732,943,712,倍率参考式
火属性,150,776543,32,27,36,43,64,79,113,7062,3528,864,653,699,765,858,666,732,943,699,倍率参考式
火属性,151,776543,32,27,36,43,64,86,101,7062,3528,851,633,699,798,831,660,686,943,660,倍率参考式
火属性,152,776543,32,27,36,43,64,92,104,7062,3528,864,653,699,792,844,686,699,943,686,倍率参考式
火属性,153,776543,32,27,36,43,64,92,113,7062,3528,864,653,693,765,844,679,699,943,673,倍率参考式
火属性,154,776543,32,27,36,43,73,75,100,7062,3528,930,726,693,778,792,732,653,943,686,倍率参考式
火属性,155,776543,32,27,36,43,73,75,110,7062,3528,930,712,686,765,778,719,666,943,693,倍率参考式
火属性,156,776543,32,27,36,43,73,76,97,7062,3528,943,712,646,818,785,719,732,943,745,倍率参考式
火属性,157,776543,32,27,36,43,73,76,102,7062,3528,937,699,679,818,772,699,726,943,752,倍率参考式
火属性,158,776543,32,27,36,43,73,76,108,7062,3528,917,679,693,811,785,739,712,943,739,倍率参考式
火属性,159,776543,32,27,36,43,73,77,104,7062,3528,884,679,712,844,825,686,686,943,726,倍率参考式
火属性,160,776543,32,27,36,43,73,77,113,7062,3528,884,679,706,818,825,679,686,943,712,倍率参考式
火属性,161,776543,32,27,36,43,73,79,112,7062,3528,917,693,693,798,838,653,732,943,726,倍率参考式
火属性,162,776543,32,27,36,43,73,84,101,7062,3528,937,706,699,831,805,653,660,943,726,倍率参考式
火属性,163,776543,32,27,36,43,73,86,104,7062,3528,891,673,726,825,825,686,679,943,719,倍率参考式
火属性,164,776543,32,27,36,43,73,86,113,7062,3528,891,673,719,798,825,679,679,943,706,倍率参考式
火属性,165,776543,32,27,36,43,73,87,101,7062,3528,910,699,699,805,792,686,660,943,706,倍率参考式
火属性,166,776543,32,27,36,43,73,88,100,7062,3528,957,719,719,805,798,706,646,943,712,倍率参考式
火属性,167,776543,32,27,36,43,73,88,110,7062,3528,957,706,712,792,785,693,660,943,719,倍率参考式
火属性,168,776543,32,27,36,43,73,92,112,7062,3528,917,693,686,798,825,666,699,943,699,倍率参考式
火属性,169,776543,32,27,36,43,73,93,101,7062,3528,950,739,679,818,772,686,673,943,693,倍率参考式
火属性,170,776543,32,27,36,47,73,76,101,7062,3528,910,712,607,871,805,686,719,943,792,倍率参考式
火属性,171,776543,32,27,36,50,73,76,101,7062,3528,957,752,627,864,798,739,765,943,778,倍率参考式
火属性,172,776543,32,28,36,43,64,76,101,7062,3528,858,699,646,844,798,673,706,943,679,倍率参考式
火属性,173,776543,32,28,36,43,73,75,101,7062,3528,904,765,660,811,792,686,633,943,666,倍率参考式
火属性,174,776543,32,28,36,43,73,76,104,7062,3528,897,739,673,871,792,699,699,943,739,倍率参考式
火属性,175,776543,32,28,36,43,73,76,113,7062,3528,897,739,666,844,792,693,699,943,726,倍率参考式
火属性,176,776543,32,28,36,43,73,88,101,7062,3528,930,759,686,838,798,660,627,943,693,倍率参考式
火属性,177,777443,32,27,28,36,75,76,101,7062,3528,917,765,580,825,765,811,785,943,765,倍率参考式
火属性,178,777443,32,27,28,36,76,88,101,7062,3528,943,759,607,851,772,785,778,943,792,倍率参考式
火属性,179,777443,32,27,28,36,79,92,101,7062,3528,943,745,633,811,838,739,772,943,759,倍率参考式
火属性,180,777533,32,27,28,36,73,100,101,6876,3435,943,766,622,851,812,746,740,943,759,倍率参考式
火属性,181,777533,32,27,28,36,73,101,110,6876,3435,943,753,615,838,799,733,753,943,766,倍率参考式
火属性,182,865544,32,12,43,64,73,76,79,7062,3530,838,679,765,897,844,739,759,943,785,倍率参考式
火属性,183,865544,32,12,43,64,73,76,92,7062,3530,838,679,759,897,831,752,726,943,759,倍率参考式
火属性,184,875444,32,12,27,73,75,76,79,7062,3530,897,745,699,877,811,877,838,943,871,倍率参考式
火属性,185,875444,32,12,27,73,75,76,92,7062,3530,897,745,693,877,798,891,805,943,844,倍率参考式
火属性,186,875444,32,12,27,73,76,79,88,7062,3530,924,739,726,904,818,851,831,943,897,倍率参考式
火属性,187,875444,32,12,27,73,76,88,92,7062,3530,924,739,719,904,805,864,798,943,871,倍率参考式
火属性,188,875444,32,12,36,73,76,79,92,7062,3530,924,772,699,838,818,726,752,943,765,倍率参考式
火属性,189,875543,32,12,27,61,73,79,101,6876,3437,930,766,753,877,805,812,759,943,812,倍率参考式
火属性,190,875543,32,12,27,61,73,92,101,6876,3437,930,766,746,877,792,825,727,943,786,倍率参考式
火属性,191,875543,32,12,27,62,73,79,101,6876,3437,917,746,713,890,858,779,792,943,812,倍率参考式
火属性,192,875543,32,12,27,62,73,92,101,6876,3437,917,746,707,890,844,792,759,943,786,倍率参考式
火属性,193,875543,32,12,27,64,73,75,101,6876,3437,838,720,681,871,838,825,786,943,799,倍率参考式
火属性,194,875543,32,12,27,64,73,76,104,6876,3437,831,694,694,930,838,838,851,943,871,倍率参考式
火属性,195,875543,32,12,27,64,73,76,113,6876,3437,831,694,687,903,838,831,851,943,858,倍率参考式
火属性,196,875543,32,12,27,64,73,88,101,6876,3437,864,713,707,897,844,799,779,943,825,倍率参考式
火属性,197,875543,32,12,36,61,73,76,101,6876,3437,930,812,700,851,740,733,687,943,713,倍率参考式
火属性,198,875543,32,12,36,62,73,76,101,6876,3437,917,792,661,864,792,700,720,943,713,倍率参考式
火属性,199,875543,32,12,36,64,73,79,101,6876,3437,864,746,687,831,858,661,733,943,720,倍率参考式
火属性,200,875543,32,12,36,64,73,92,101,6876,3437,864,746,681,831,844,674,700,943,694,倍率参考式
火属性,201,876443,32,12,27,43,75,76,104,7068,3532,864,712,759,891,785,884,785,943,818,倍率参考式
火属性,202,876443,32,12,27,43,75,76,113,7068,3532,864,712,752,864,785,877,785,943,805,倍率参考式
火属性,203,876443,32,12,27,43,75,88,101,7068,3532,897,732,772,858,792,844,712,943,772,倍率参考式
火属性,204,876443,32,12,27,43,76,79,100,7068,3532,910,699,792,897,811,844,798,943,825,倍率参考式
火属性,205,876443,32,12,27,43,76,79,110,7068,3532,910,686,785,884,798,831,811,943,831,倍率参考式
火属性,206,876443,32,12,27,43,76,88,104,7068,3532,891,706,785,917,792,858,778,943,844,倍率参考式
火属性,207,876443,32,12,27,43,76,88,113,7068,3532,891,706,778,891,792,851,778,943,831,倍率参考式
火属性,208,876443,32,12,27,43,76,92,100,7068,3532,910,699,785,897,798,858,765,943,798,倍率参考式
火属性,209,876443,32,12,27,43,76,92,110,7068,3532,910,686,778,884,785,844,778,943,805,倍率参考式
火属性,210,876443,32,12,27,43,77,79,101,7068,3532,871,679,798,904,844,785,765,943,792,倍率参考式
火属性,211,876443,32,12,27,43,77,92,101,7068,3532,871,679,792,904,831,798,732,943,765,倍率参考式
火属性,212,876443,32,12,27,43,79,86,101,7068,3532,877,673,811,884,844,785,759,943,785,倍率参考式
火属性,213,876443,32,12,27,43,79,92,104,7068,3532,891,693,811,877,858,811,772,943,811,倍率参考式
火属性,214,876443,32,12,27,43,79,92,113,7068,3532,891,693,805,851,858,805,772,943,798,倍率参考式
火属性,215,876443,32,12,27,43,86,92,101,7068,3532,877,673,805,884,831,798,726,943,759,倍率参考式
火属性,216,876443,32,12,28,43,76,79,101,7068,3532,884,739,759,930,811,798,778,943,805,倍率参考式
火属性,217,876443,32,12,28,43,76,92,101,7068,3532,884,739,752,930,798,811,745,943,778,倍率参考式
火属性,218,876443,32,12,36,43,75,79,101,7068,3532,897,765,752,792,805,706,666,943,666,倍率参考式
火属性,219,876443,32,12,36,43,75,92,101,7068,3532,897,765,745,792,792,719,633,943,640,倍率参考式
火属性,220,876443,32,12,36,43,76,77,101,7068,3532,871,726,745,877,778,706,693,943,693,倍率参考式
火属性,221,876443,32,12,36,43,76,79,104,7068,3532,891,739,765,851,805,719,732,943,739,倍率参考式
火属性,222,876443,32,12,36,43,76,79,113,7068,3532,891,739,759,825,805,712,732,943,726,倍率参考式
火属性,223,876443,32,12,36,43,76,86,101,7068,3532,877,719,759,858,778,706,686,943,686,倍率参考式
火属性,224,876443,32,12,36,43,76,92,104,7068,3532,891,739,759,851,792,732,699,943,712,倍率参考式
火属性,225,876443,32,12,36,43,76,92,113,7068,3532,891,739,752,825,792,726,699,943,699,倍率参考式
火属性,226,876443,32,12,36,43,79,88,101,7068,3532,924,759,778,818,811,679,660,943,693,倍率参考式
火属性,227,876443,32,12,36,43,88,92,101,7068,3532,924,759,772,818,798,693,627,943,666,倍率参考式
火属性,228,876533,32,12,27,43,61,101,104,6882,3439,897,733,812,890,779,818,707,943,759,倍率参考式
火属性,229,876533,32,12,27,43,61,101,113,6882,3439,897,733,805,864,779,812,707,943,746,倍率参考式
火属性,230,876533,32,12,27,43,62,101,104,6882,3439,884,713,772,903,831,786,740,943,759,倍率参考式
火属性,231,876533,32,12,27,43,62,101,113,6882,3439,884,713,766,877,831,779,740,943,746,倍率参考式
火属性,232,876533,32,12,27,43,64,100,101,6882,3439,851,674,772,890,838,792,746,943,753,倍率参考式
火属性,233,876533,32,12,27,43,64,101,110,6882,3439,851,661,766,877,825,779,759,943,759,倍率参考式
火属性,234,876533,32,12,27,43,73,97,101,6882,3439,910,727,740,897,825,792,753,943,799,倍率参考式
火属性,235,876533,32,12,27,43,73,100,104,6882,3439,890,713,799,917,831,818,740,943,812,倍率参考式
火属性,236,876533,32,12,27,43,73,100,113,6882,3439,890,713,792,890,831,812,740,943,799,倍率参考式
火属性,237,876533,32,12,27,43,73,101,102,6882,3439,903,713,772,897,812,772,746,943,805,倍率参考式
火属性,238,876533,32,12,27,43,73,101,108,6882,3439,884,694,786,890,825,812,733,943,792,倍率参考式
火属性,239,876533,32,12,27,43,73,104,110,6882,3439,890,700,792,903,818,805,753,943,818,倍率参考式
火属性,240,876533,32,12,27,43,73,110,113,6882,3439,890,700,786,877,818,799,753,943,805,倍率参考式
火属性,241,876533,32,12,28,43,73,101,104,6882,3439,864,753,766,949,831,772,720,943,792,倍率参考式
火属性,242,876533,32,12,28,43,73,101,113,6882,3439,864,753,759,923,831,766,720,943,779,倍率参考式
火属性,243,876533,32,12,36,43,64,101,104,6882,3439,831,713,746,844,831,668,681,943,668,倍率参考式
火属性,244,876533,32,12,36,43,64,101,113,6882,3439,831,713,740,818,831,661,681,943,655,倍率参考式
火属性,245,876533,32,12,36,43,73,101,112,6882,3439,884,753,733,851,812,648,681,943,681,倍率参考式
火属性,246,876533,32,12,36,43,73,104,113,6882,3439,871,753,766,844,825,687,674,943,713,倍率参考式
火属性,247,877433,32,12,27,28,76,101,104,6882,3439,877,753,687,962,805,897,871,943,890,倍率参考式
火属性,248,877433,32,12,27,28,76,101,113,6882,3439,877,753,681,936,805,890,871,943,877,倍率参考式
火属性,249,877433,32,12,27,36,75,101,104,6882,3439,890,779,681,825,799,805,759,943,753,倍率参考式
火属性,250,877433,32,12,27,36,75,101,113,6882,3439,890,779,674,799,799,799,759,943,740,倍率参考式
火属性,251,877433,32,12,27,36,76,101,112,6882,3439,897,753,655,864,786,772,831,943,779,倍率参考式
火属性,252,877433,32,12,27,36,76,104,113,6882,3439,884,753,687,858,799,812,825,943,812,倍率参考式
火属性,253,877433,32,12,27,36,79,100,101,6882,3439,936,766,713,831,825,766,772,943,759,倍率参考式
火属性,254,877433,32,12,27,36,79,101,110,6882,3439,936,753,707,818,812,753,786,943,766,倍率参考式
火属性,255,877433,32,12,27,36,88,101,104,6882,3439,917,772,707,851,805,779,753,943,779,倍率参考式
火属性,256,877433,32,12,27,36,88,101,113,6882,3439,917,772,700,825,805,772,753,943,766,倍率参考式
火属性,257,877433,32,12,27,36,92,100,101,6882,3439,936,766,707,831,812,779,740,943,733,倍率参考式
火属性,258,877433,32,12,27,36,92,101,110,6882,3439,936,753,700,818,799,766,753,943,740,倍率参考式
火属性,259,765554,32,27,43,61,62,73,76,7056,3526,937,706,726,858,765,765,686,937,732,倍率参考式
火属性,260,765554,32,27,43,61,64,73,79,7056,3526,884,660,752,825,831,726,699,937,739,倍率参考式
火属性,261,765554,32,27,43,61,64,73,92,7056,3526,884,660,745,825,818,739,666,937,712,倍率参考式
火属性,262,765554,32,27,43,62,64,73,79,7056,3526,871,640,712,838,884,693,732,937,739,倍率参考式
火属性,263,765554,32,27,43,62,64,73,92,7056,3526,871,640,706,838,871,706,699,937,712,倍率参考式
火属性,264,765554,32,36,43,61,64,73,76,7056,3526,884,706,699,798,765,646,627,937,640,倍率参考式
火属性,265,765554,32,36,43,62,64,73,76,7056,3526,871,686,660,811,818,613,660,937,640,倍率参考式
火属性,266,766544,32,27,43,47,73,76,79,7248,3621,891,645,718,904,844,724,731,937,844,倍率参考式
火属性,267,766544,32,27,43,47,73,76,92,7248,3621,891,645,711,904,831,738,698,937,817,倍率参考式
火属性,268,766544,32,27,43,50,73,76,79,7248,3621,937,684,738,897,837,778,778,937,831,倍率参考式
火属性,269,766544,32,27,43,50,73,76,92,7248,3621,937,684,731,897,824,791,744,937,804,倍率参考式
火属性,270,766553,32,27,43,47,64,73,101,7062,3528,831,620,699,897,871,673,679,937,772,倍率参考式
火属性,271,766553,32,27,43,50,64,73,101,7062,3528,877,660,719,891,864,726,726,937,759,倍率参考式
火属性,272,775544,32,27,28,64,73,76,79,7056,3526,864,679,627,897,858,805,864,937,871,倍率参考式
火属性,273,775544,32,27,28,64,73,76,92,7056,3526,864,679,620,897,844,818,831,937,844,倍率参考式
火属性,274,775544,32,27,36,61,73,75,76,7056,3526,943,772,633,778,732,785,706,937,726,倍率参考式
火属性,275,775544,32,27,36,61,73,76,88,7056,3526,970,765,660,805,739,759,699,937,752,倍率参考式
火属性,276,775544,32,27,36,61,73,79,92,7056,3526,970,752,686,765,805,712,693,937,719,倍率参考式
火属性,277,775544,32,27,36,62,73,75,76,7056,3526,930,752,594,792,785,752,739,937,726,倍率参考式
火属性,278,775544,32,27,36,62,73,76,88,7056,3526,957,745,620,818,792,726,732,937,752,倍率参考式
火属性,279,775544,32,27,36,62,73,79,92,7056,3526,957,732,646,778,858,679,726,937,719,倍率参考式
火属性,280,775544,32,27,36,64,73,75,79,7056,3526,877,706,620,759,851,712,752,937,732,倍率参考式
火属性,281,775544,32,27,36,64,73,75,92,7056,3526,877,706,613,759,838,726,719,937,706,倍率参考式
火属性,282,775544,32,27,36,64,73,76,77,7056,3526,851,666,613,844,825,712,778,937,759,倍率参考式
火属性,283,775544,32,27,36,64,73,76,86,7056,3526,858,660,627,825,825,712,772,937,752,倍率参考式
火属性,284,775544,32,27,36,64,73,79,88,7056,3526,904,699,646,785,858,686,745,937,759,倍率参考式
火属性,285,775544,32,27,36,64,73,88,92,7056,3526,904,699,640,785,844,699,712,937,732,倍率参考式
火属性,286,776443,31,27,36,43,76,79,101,7002,3498,911,671,658,784,751,678,704,937,704,コスト32未満の倍率は未検証
火属性,287,776443,31,27,36,43,76,92,101,7002,3498,911,671,651,784,738,691,671,937,678,コスト32未満の倍率は未検証
火属性,288,776444,32,27,28,43,75,76,79,7248,3621,897,698,691,857,804,851,798,937,817,倍率参考式
火属性,289,776444,32,27,28,43,75,76,92,7248,3621,897,698,684,857,791,864,764,937,791,倍率参考式
火属性,290,776444,32,27,28,43,76,79,88,7248,3621,924,691,718,884,811,824,791,937,844,倍率参考式
火属性,291,776444,32,27,28,43,76,88,92,7248,3621,924,691,711,884,798,837,758,937,817,倍率参考式
火属性,292,776444,32,27,36,43,75,76,77,7248,3621,884,684,678,804,771,758,711,937,704,倍率参考式
火属性,293,776444,32,27,36,43,75,76,86,7248,3621,891,678,691,784,771,758,704,937,698,倍率参考式
火属性,294,776444,32,27,36,43,75,79,88,7248,3621,937,718,711,744,804,731,678,937,704,倍率参考式
火属性,295,776444,32,27,36,43,75,88,92,7248,3621,937,718,704,744,791,744,645,937,678,倍率参考式
火属性,296,776444,32,27,36,43,76,77,88,7248,3621,911,678,704,831,778,731,704,937,731,倍率参考式
火属性,297,776444,32,27,36,43,76,86,88,7248,3621,917,671,718,811,778,731,698,937,724,倍率参考式
火属性,298,776444,32,27,36,43,77,79,92,7248,3621,911,665,731,791,844,684,698,937,698,倍率参考式
火属性,299,776444,32,27,36,43,79,86,92,7248,3621,917,658,744,771,844,684,691,937,691,倍率参考式
火属性,300,776444,32,28,36,43,76,79,92,7248,3621,924,724,691,817,811,698,711,937,711,倍率参考式
火属性,301,776533,31,27,36,43,73,101,104,6822,3408,891,686,666,805,772,653,646,937,693,コスト32未満の倍率は未検証
火属性,302,776533,31,27,36,43,73,101,113,6822,3408,891,686,660,778,772,646,646,937,679,コスト32未満の倍率は未検証
火属性,303,776543,32,27,28,43,61,79,101,7062,3528,930,719,745,858,798,785,719,937,759,倍率参考式
火属性,304,776543,32,27,28,43,61,92,101,7062,3528,930,719,739,858,785,798,686,937,732,倍率参考式
火属性,305,776543,32,27,28,43,62,79,101,7062,3528,917,699,706,871,851,752,752,937,759,倍率参考式
火属性,306,776543,32,27,28,43,62,92,101,7062,3528,917,699,699,871,838,765,719,937,732,倍率参考式
火属性,307,776543,32,27,28,43,64,75,101,7062,3528,838,673,673,851,831,798,745,937,745,倍率参考式
火属性,308,776543,32,27,28,43,64,76,104,7062,3528,831,646,686,910,831,811,811,937,818,倍率参考式
火属性,309,776543,32,27,28,43,64,76,113,7062,3528,831,646,679,884,831,805,811,937,805,倍率参考式
火属性,310,776543,32,27,28,43,64,88,101,7062,3528,864,666,699,877,838,772,739,937,772,倍率参考式
火属性,311,776543,32,27,28,43,73,75,104,7062,3528,877,712,699,877,825,825,739,937,805,倍率参考式
火属性,312,776543,32,27,28,43,73,75,113,7062,3528,877,712,693,851,825,818,739,937,792,倍率参考式
火属性,313,776543,32,27,28,43,73,76,112,7062,3528,884,686,673,917,811,792,811,937,831,倍率参考式
火属性,314,776543,32,27,28,43,73,79,100,7062,3528,924,699,732,884,851,785,752,937,811,倍率参考式
火属性,315,776543,32,27,28,43,73,79,110,7062,3528,924,686,726,871,838,772,765,937,818,倍率参考式
火属性,316,776543,32,27,28,43,73,88,104,7062,3528,904,706,726,904,831,798,732,937,831,倍率参考式
火属性,317,776543,32,27,28,43,73,88,113,7062,3528,904,706,719,877,831,792,732,937,818,倍率参考式
火属性,318,776543,32,27,28,43,73,92,100,7062,3528,924,699,726,884,838,798,719,937,785,倍率参考式
火属性,319,776543,32,27,28,43,73,92,110,7062,3528,924,686,719,871,825,785,732,937,792,倍率参考式
火属性,320,776543,32,27,36,43,54,76,101,7062,3528,950,660,673,811,745,726,686,937,712,倍率参考式
火属性,321,776543,32,27,36,43,61,76,100,7062,3528,957,726,726,798,732,752,666,937,679,倍率参考式
火属性,322,776543,32,27,36,43,61,76,110,7062,3528,957,712,719,785,719,739,679,937,686,倍率参考式
火属性,323,776543,32,27,36,43,61,77,101,7062,3528,917,706,732,805,765,693,633,937,646,倍率参考式
火属性,324,776543,32,27,36,43,61,79,104,7062,3528,937,719,752,778,792,706,673,937,693,倍率参考式
火属性,325,776543,32,27,36,43,61,79,113,7062,3528,937,719,745,752,792,699,673,937,679,倍率参考式
火属性,326,776543,32,27,36,43,61,86,101,7062,3528,924,699,745,785,765,693,627,937,640,倍率参考式
火属性,327,776543,32,27,36,43,61,92,104,7062,3528,937,719,745,778,778,719,640,937,666,倍率参考式
火属性,328,776543,32,27,36,43,61,92,113,7062,3528,937,719,739,752,778,712,640,937,653,倍率参考式
火属性,329,776543,32,27,36,43,62,76,100,7062,3528,943,706,686,811,785,719,699,937,679,倍率参考式
火属性,330,776543,32,27,36,43,62,76,110,7062,3528,943,693,679,798,772,706,712,937,686,倍率参考式
火属性,331,776543,32,27,36,43,62,77,101,7062,3528,904,686,693,818,818,660,666,937,646,倍率参考式
火属性,332,776543,32,27,36,43,62,79,104,7062,3528,924,699,712,792,844,673,706,937,693,倍率参考式
火属性,333,776543,32,27,36,43,62,79,113,7062,3528,924,699,706,765,844,666,706,937,679,倍率参考式
火属性,334,776543,32,27,36,43,62,86,101,7062,3528,910,679,706,798,818,660,660,937,640,倍率参考式
火属性,335,776543,32,27,36,43,62,92,104,7062,3528,924,699,706,792,831,686,673,937,666,倍率参考式
火属性,336,776543,32,27,36,43,62,92,113,7062,3528,924,699,699,765,831,679,673,937,653,倍率参考式
火属性,337,776543,32,27,36,43,64,75,104,7062,3528,844,673,679,772,825,719,699,937,679,倍率参考式
火属性,338,776543,32,27,36,43,64,75,113,7062,3528,844,673,673,745,825,712,699,937,666,倍率参考式
火属性,339,776543,32,27,36,43,64,76,112,7062,3528,851,646,653,811,811,686,772,937,706,倍率参考式
火属性,340,776543,32,27,36,43,64,79,100,7062,3528,891,660,712,778,851,679,712,937,686,倍率参考式
火属性,341,776543,32,27,36,43,64,79,110,7062,3528,891,646,706,765,838,666,726,937,693,倍率参考式
火属性,342,776543,32,27,36,43,64,88,104,7062,3528,871,666,706,798,831,693,693,937,706,倍率参考式
火属性,343,776543,32,27,36,43,64,88,113,7062,3528,871,666,699,772,831,686,693,937,693,倍率参考式
火属性,344,776543,32,27,36,43,64,92,100,7062,3528,891,660,706,778,838,693,679,937,660,倍率参考式
火属性,345,776543,32,27,36,43,64,92,110,7062,3528,891,646,699,765,825,679,693,937,666,倍率参考式
火属性,346,776543,32,27,36,43,73,75,112,7062,3528,897,712,666,778,805,699,699,937,693,倍率参考式
火属性,347,776543,32,27,36,43,73,76,95,7062,3528,924,693,666,844,759,706,726,937,739,倍率参考式
火属性,348,776543,32,27,36,43,73,76,105,7062,3528,910,679,653,811,785,699,706,937,732,倍率参考式
火属性,349,776543,32,27,36,43,73,77,100,7062,3528,910,686,719,831,818,693,666,937,699,倍率参考式
火属性,350,776543,32,27,36,43,73,77,110,7062,3528,910,673,712,818,805,679,679,937,706,倍率参考式
火属性,351,776543,32,27,36,43,73,79,97,7062,3528,950,712,679,785,838,679,719,937,732,倍率参考式
火属性,352,776543,32,27,36,43,73,79,102,7062,3528,943,699,712,785,825,660,712,937,739,倍率参考式
火属性,353,776543,32,27,36,43,73,79,108,7062,3528,924,679,726,778,838,699,699,937,726,倍率参考式
火属性,354,776543,32,27,36,43,73,83,101,7062,3528,930,706,699,838,798,646,646,937,706,倍率参考式
火属性,355,776543,32,27,36,43,73,85,101,7062,3528,910,726,679,838,811,653,666,937,686,倍率参考式
火属性,356,776543,32,27,36,43,73,86,100,7062,3528,917,679,732,811,818,693,660,937,693,倍率参考式
火属性,357,776543,32,27,36,43,73,86,110,7062,3528,917,666,726,798,805,679,673,937,699,倍率参考式
火属性,358,776543,32,27,36,43,73,88,112,7062,3528,924,706,693,805,811,673,693,937,719,倍率参考式
火属性,359,776543,32,27,36,43,73,92,97,7062,3528,950,712,673,785,825,693,686,937,706,倍率参考式
火属性,360,776543,32,27,36,43,73,92,102,7062,3528,943,699,706,785,811,673,679,937,712,倍率参考式
火属性,361,776543,32,27,36,43,73,92,108,7062,3528,924,679,719,778,825,712,666,937,699,倍率参考式
火属性,362,776543,32,27,36,47,73,79,101,7062,3528,917,712,640,838,858,646,706,937,778,倍率参考式
火属性,363,776543,32,27,36,47,73,92,101,7062,3528,917,712,633,838,844,660,673,937,752,倍率参考式
火属性,364,776543,32,27,36,50,73,79,101,7062,3528,963,752,660,831,851,699,752,937,765,倍率参考式
火属性,365,776543,32,27,36,50,73,92,101,7062,3528,963,752,653,831,838,712,719,937,739,倍率参考式
火属性,366,776543,32,28,36,43,61,76,101,7062,3528,930,765,693,831,732,706,646,937,660,倍率参考式
火属性,367,776543,32,28,36,43,62,76,101,7062,3528,917,745,653,844,785,673,679,937,660,倍率参考式
火属性,368,776543,32,28,36,43,64,79,101,7062,3528,864,699,679,811,851,633,693,937,666,倍率参考式
火属性,369,776543,32,28,36,43,64,92,101,7062,3528,864,699,673,811,838,646,660,937,640,倍率参考式
火属性,370,776543,32,28,36,43,73,76,100,7062,3528,924,745,679,858,785,706,679,937,712,倍率参考式
火属性,371,776543,32,28,36,43,73,76,110,7062,3528,924,732,673,844,772,693,693,937,719,倍率参考式
火属性,372,776543,32,28,36,43,73,77,101,7062,3528,884,726,686,864,818,646,646,937,679,倍率参考式
火属性,373,776543,32,28,36,43,73,79,104,7062,3528,904,739,706,838,844,660,686,937,726,倍率参考式
火属性,374,776543,32,28,36,43,73,79,113,7062,3528,904,739,699,811,844,653,686,937,712,倍率参考式
火属性,375,776543,32,28,36,43,73,86,101,7062,3528,891,719,699,844,818,646,640,937,673,倍率参考式
火属性,376,776543,32,28,36,43,73,92,104,7062,3528,904,739,699,838,831,673,653,937,699,倍率参考式
火属性,377,776543,32,28,36,43,73,92,113,7062,3528,904,739,693,811,831,666,653,937,686,倍率参考式
火属性,378,776633,32,27,36,43,47,101,104,7068,3530,884,679,699,851,831,653,653,937,726,倍率参考式
火属性,379,776633,32,27,36,43,47,101,113,7068,3530,884,679,693,825,831,646,653,937,712,倍率参考式
火属性,380,776633,32,27,36,43,50,101,104,7068,3530,930,719,719,844,825,706,699,937,712,倍率参考式
火属性,381,776633,32,27,36,43,50,101,113,7068,3530,930,719,712,818,825,699,699,937,699,倍率参考式
火属性,382,777443,32,27,28,36,75,79,101,7062,3528,924,765,613,792,818,772,772,937,752,倍率参考式
火属性,383,777443,32,27,28,36,75,92,101,7062,3528,924,765,607,792,805,785,739,937,726,倍率参考式
火属性,384,777443,32,27,28,36,76,77,101,7062,3528,897,726,607,877,792,772,798,937,778,倍率参考式
火属性,385,777443,32,27,28,36,76,79,104,7062,3528,917,739,627,851,818,785,838,937,825,倍率参考式
火属性,386,777443,32,27,28,36,76,79,113,7062,3528,917,739,620,825,818,778,838,937,811,倍率参考式
火属性,387,777443,32,27,28,36,76,86,101,7062,3528,904,719,620,858,792,772,792,937,772,倍率参考式
火属性,388,777443,32,27,28,36,76,92,104,7062,3528,917,739,620,851,805,798,805,937,798,倍率参考式
火属性,389,777443,32,27,28,36,76,92,113,7062,3528,917,739,613,825,805,792,805,937,785,倍率参考式
火属性,390,777443,32,27,28,36,79,88,101,7062,3528,950,759,640,818,825,745,765,937,778,倍率参考式
火属性,391,777443,32,27,28,36,88,92,101,7062,3528,950,759,633,818,811,759,732,937,752,倍率参考式
火属性,392,865544,32,12,43,61,73,76,79,7062,3530,910,745,811,884,778,772,699,937,765,倍率参考式
火属性,393,865544,32,12,43,61,73,76,92,7062,3530,910,745,805,884,765,785,666,937,739,倍率参考式
火属性,394,865544,32,12,43,62,73,76,79,7062,3530,897,726,772,897,831,739,732,937,765,倍率参考式
火属性,395,865544,32,12,43,62,73,76,92,7062,3530,897,726,765,897,818,752,699,937,739,倍率参考式
火属性,396,865544,32,12,43,64,73,75,76,7062,3530,818,699,739,877,811,785,726,937,752,倍率参考式
火属性,397,865544,32,12,43,64,73,76,88,7062,3530,844,693,765,904,818,759,719,937,778,倍率参考式
火属性,398,865544,32,12,43,64,73,79,92,7062,3530,844,679,792,864,884,712,712,937,745,倍率参考式
火属性,399,866543,32,12,43,47,73,76,101,7068,3532,858,706,759,957,818,719,679,937,798,倍率参考式
火属性,400,866543,32,12,43,50,73,76,101,7068,3532,904,745,778,950,811,772,726,937,785,倍率参考式
火属性,401,875444,32,12,27,64,76,79,92,7062,3530,858,679,712,877,858,838,864,937,844,倍率参考式
火属性,402,875444,32,12,27,73,75,76,88,7062,3530,904,759,699,884,785,897,798,937,864,倍率参考式
火属性,403,875444,32,12,27,73,75,79,92,7062,3530,904,745,726,844,851,851,792,937,831,倍率参考式
火属性,404,875444,32,12,27,73,76,77,79,7062,3530,877,706,726,930,838,838,851,937,884,倍率参考式
火属性,405,875444,32,12,27,73,76,77,92,7062,3530,877,706,719,930,825,851,818,937,858,倍率参考式
火属性,406,875444,32,12,27,73,76,79,86,7062,3530,884,699,739,910,838,838,844,937,877,倍率参考式
火属性,407,875444,32,12,27,73,76,86,92,7062,3530,884,699,732,910,825,851,811,937,851,倍率参考式
火属性,408,875444,32,12,27,73,79,88,92,7062,3530,930,739,752,871,858,825,785,937,858,倍率参考式
火属性,409,875444,32,12,36,73,75,76,79,7062,3530,904,792,679,818,798,759,752,937,759,倍率参考式
火属性,410,875444,32,12,36,73,75,76,92,7062,3530,904,792,673,818,785,772,719,937,732,倍率参考式
火属性,411,875444,32,12,36,73,76,79,88,7062,3530,930,785,706,844,805,732,745,937,785,倍率参考式
火属性,412,875444,32,12,36,73,76,88,92,7062,3530,930,785,699,844,792,745,712,937,759,倍率参考式
火属性,413,876443,32,12,27,43,75,76,100,7068,3532,891,719,765,877,778,891,765,937,792,倍率参考式
火属性,414,876443,32,12,27,43,75,76,110,7068,3532,891,706,759,864,765,877,778,937,798,倍率参考式
火属性,415,876443,32,12,27,43,75,77,101,7068,3532,851,699,772,884,811,831,732,937,759,倍率参考式
火属性,416,876443,32,12,27,43,75,79,104,7068,3532,871,712,792,858,838,844,772,937,805,倍率参考式
火属性,417,876443,32,12,27,43,75,79,113,7068,3532,871,712,785,831,838,838,772,937,792,倍率参考式
火属性,418,876443,32,12,27,43,75,86,101,7068,3532,858,693,785,864,811,831,726,937,752,倍率参考式
火属性,419,876443,32,12,27,43,75,92,104,7068,3532,871,712,785,858,825,858,739,937,778,倍率参考式
火属性,420,876443,32,12,27,43,75,92,113,7068,3532,871,712,778,831,825,851,739,937,765,倍率参考式
火属性,421,876443,32,12,27,43,76,77,104,7068,3532,844,673,785,943,811,844,798,937,831,倍率参考式
火属性,422,876443,32,12,27,43,76,77,113,7068,3532,844,673,778,917,811,838,798,937,818,倍率参考式
火属性,423,876443,32,12,27,43,76,79,112,7068,3532,877,686,765,897,825,811,844,937,831,倍率参考式
火属性,424,876443,32,12,27,43,76,84,101,7068,3532,897,699,772,930,792,811,772,937,831,倍率参考式
火属性,425,876443,32,12,27,43,76,86,104,7068,3532,851,666,798,924,811,844,792,937,825,倍率参考式
火属性,426,876443,32,12,27,43,76,86,113,7068,3532,851,666,792,897,811,838,792,937,811,倍率参考式
火属性,427,876443,32,12,27,43,76,87,101,7068,3532,871,693,772,904,778,844,772,937,811,倍率参考式
火属性,428,876443,32,12,27,43,76,88,100,7068,3532,917,712,792,904,785,864,759,937,818,倍率参考式
火属性,429,876443,32,12,27,43,76,88,110,7068,3532,917,699,785,891,772,851,772,937,825,倍率参考式
火属性,430,876443,32,12,27,43,76,92,112,7068,3532,877,686,759,897,811,825,811,937,805,倍率参考式
火属性,431,876443,32,12,27,43,76,93,101,7068,3532,910,732,752,917,759,844,785,937,798,倍率参考式
火属性,432,876443,32,12,27,43,77,88,101,7068,3532,877,693,798,910,818,805,726,937,785,倍率参考式
火属性,433,876443,32,12,27,43,79,88,104,7068,3532,897,706,818,884,844,818,765,937,831,倍率参考式
火属性,434,876443,32,12,27,43,79,88,113,7068,3532,897,706,811,858,844,811,765,937,818,倍率参考式
火属性,435,876443,32,12,27,43,79,92,100,7068,3532,917,699,818,864,851,818,752,937,785,倍率参考式
火属性,436,876443,32,12,27,43,79,92,110,7068,3532,917,686,811,851,838,805,765,937,792,倍率参考式
火属性,437,876443,32,12,27,43,86,88,101,7068,3532,884,686,811,891,818,805,719,937,778,倍率参考式
火属性,438,876443,32,12,27,43,88,92,104,7068,3532,897,706,811,884,831,831,732,937,805,倍率参考式
火属性,439,876443,32,12,27,43,88,92,113,7068,3532,897,706,805,858,831,825,732,937,792,倍率参考式
火属性,440,876443,32,12,28,43,75,76,101,7068,3532,864,759,732,910,778,844,745,937,772,倍率参考式
火属性,441,876443,32,12,28,43,76,88,101,7068,3532,891,752,759,937,785,818,739,937,798,倍率参考式
火属性,442,876443,32,12,28,43,79,92,101,7068,3532,891,739,785,897,851,772,732,937,765,倍率参考式
火属性,443,876443,32,12,36,43,75,76,104,7068,3532,871,759,739,831,772,765,699,937,706,倍率参考式
火属性,444,876443,32,12,36,43,75,76,113,7068,3532,871,759,732,805,772,759,699,937,693,倍率参考式
火属性,445,876443,32,12,36,43,75,88,101,7068,3532,904,778,752,798,778,726,627,937,660,倍率参考式
火属性,446,876443,32,12,36,43,76,79,100,7068,3532,917,745,772,838,798,726,712,937,712,倍率参考式
火属性,447,876443,32,12,36,43,76,79,110,7068,3532,917,732,765,825,785,712,726,937,719,倍率参考式
火属性,448,876443,32,12,36,43,76,88,104,7068,3532,897,752,765,858,778,739,693,937,732,倍率参考式
火属性,449,876443,32,12,36,43,76,88,113,7068,3532,897,752,759,831,778,732,693,937,719,倍率参考式
火属性,450,876443,32,12,36,43,76,92,100,7068,3532,917,745,765,838,785,739,679,937,686,倍率参考式
火属性,451,876443,32,12,36,43,76,92,110,7068,3532,917,732,759,825,772,726,693,937,693,倍率参考式
火属性,452,876443,32,12,36,43,77,79,101,7068,3532,877,726,778,844,831,666,679,937,679,倍率参考式
火属性,453,876443,32,12,36,43,77,92,101,7068,3532,877,726,772,844,818,679,646,937,653,倍率参考式
火属性,454,876443,32,12,36,43,79,86,101,7068,3532,884,719,792,825,831,666,673,937,673,倍率参考式
火属性,455,876443,32,12,36,43,79,92,104,7068,3532,897,739,792,818,844,693,686,937,699,倍率参考式
火属性,456,876443,32,12,36,43,79,92,113,7068,3532,897,739,785,792,844,686,686,937,686,倍率参考式
火属性,457,876443,32,12,36,43,86,92,101,7068,3532,884,719,785,825,818,679,640,937,646,倍率参考式
火属性,458,876443,32,20,27,43,76,79,101,7068,3532,943,739,752,904,838,792,785,937,811,倍率参考式
火属性,459,876443,32,20,27,43,76,92,101,7068,3532,943,739,745,904,825,805,752,937,785,倍率参考式
火属性,460,876443,32,21,27,43,76,79,101,7068,3532,904,660,712,904,825,805,772,937,811,倍率参考式
火属性,461,876443,32,21,27,43,76,92,101,7068,3532,904,660,706,904,811,818,739,937,785,倍率参考式
火属性,462,876443,32,24,27,43,76,79,101,7068,3532,904,660,739,864,838,778,798,937,811,倍率参考式
火属性,463,876443,32,24,27,43,76,92,101,7068,3532,904,660,732,864,825,792,765,937,785,倍率参考式
火属性,464,775553,32,27,36,61,62,73,101,6870,3433,962,772,648,792,779,687,661,936,668,倍率参考式
火属性,465,777533,32,27,28,36,64,101,104,6876,3435,858,713,609,844,844,733,786,936,753,倍率参考式
火属性,466,777533,32,27,28,36,64,101,113,6876,3435,858,713,602,818,844,727,786,936,740,倍率参考式
火属性,467,777533,32,27,28,36,73,101,112,6876,3435,910,753,596,851,825,713,786,936,766,倍率参考式
火属性,468,777533,32,27,28,36,73,104,113,6876,3435,897,753,628,844,838,753,779,936,799,倍率参考式
火属性,469,865553,32,12,43,61,64,73,101,6876,3437,851,720,792,877,805,720,648,936,694,倍率参考式
火属性,470,865553,32,12,43,62,64,73,101,6876,3437,838,700,753,890,858,687,681,936,694,倍率参考式
火属性,471,875543,32,12,27,61,64,76,101,6876,3437,864,720,713,890,779,844,799,936,792,倍率参考式
火属性,472,875543,32,12,27,61,73,75,101,6876,3437,910,786,727,858,772,858,727,936,779,倍率参考式
火属性,473,875543,32,12,27,61,73,76,104,6876,3437,903,759,740,917,772,871,792,936,851,倍率参考式
火属性,474,875543,32,12,27,61,73,76,113,6876,3437,903,759,733,890,772,864,792,936,838,倍率参考式
火属性,475,875543,32,12,27,61,73,88,101,6876,3437,936,779,753,884,779,831,720,936,805,倍率参考式
火属性,476,875543,32,12,27,62,64,76,101,6876,3437,851,700,674,903,831,812,831,936,792,倍率参考式
火属性,477,875543,32,12,27,62,73,75,101,6876,3437,897,766,687,871,825,825,759,936,779,倍率参考式
火属性,478,875543,32,12,27,62,73,76,104,6876,3437,890,740,700,930,825,838,825,936,851,倍率参考式
火属性,479,875543,32,12,27,62,73,76,113,6876,3437,890,740,694,903,825,831,825,936,838,倍率参考式
火属性,480,875543,32,12,27,62,73,88,101,6876,3437,923,759,713,897,831,799,753,936,805,倍率参考式
火属性,481,875543,32,12,27,64,73,76,100,6876,3437,858,700,700,917,831,844,831,936,844,倍率参考式
火属性,482,875543,32,12,27,64,73,76,110,6876,3437,858,687,694,903,818,831,844,936,851,倍率参考式
火属性,483,875543,32,12,27,64,73,77,101,6876,3437,818,681,707,923,864,786,799,936,812,倍率参考式
火属性,484,875543,32,12,27,64,73,79,104,6876,3437,838,694,727,897,890,799,838,936,858,倍率参考式
火属性,485,875543,32,12,27,64,73,79,113,6876,3437,838,694,720,871,890,792,838,936,844,倍率参考式
火属性,486,875543,32,12,27,64,73,86,101,6876,3437,825,674,720,903,864,786,792,936,805,倍率参考式
火属性,487,875543,32,12,27,64,73,92,104,6876,3437,838,694,720,897,877,812,805,936,831,倍率参考式
火属性,488,875543,32,12,27,64,73,92,113,6876,3437,838,694,713,871,877,805,805,936,818,倍率参考式
火属性,489,875543,32,12,28,64,73,76,101,6876,3437,831,740,668,949,831,799,812,936,825,倍率参考式
火属性,490,875543,32,12,36,61,73,79,101,6876,3437,936,812,733,818,792,694,674,936,700,倍率参考式
火属性,491,875543,32,12,36,61,73,92,101,6876,3437,936,812,727,818,779,707,641,936,674,倍率参考式
火属性,492,875543,32,12,36,62,73,79,101,6876,3437,923,792,694,831,844,661,707,936,700,倍率参考式
火属性,493,875543,32,12,36,62,73,92,101,6876,3437,923,792,687,831,831,674,674,936,674,倍率参考式
火属性,494,875543,32,12,36,64,73,75,101,6876,3437,844,766,661,812,825,707,700,936,687,倍率参考式
火属性,495,875543,32,12,36,64,73,76,104,6876,3437,838,740,674,871,825,720,766,936,759,倍率参考式
火属性,496,875543,32,12,36,64,73,76,113,6876,3437,838,740,668,844,825,713,766,936,746,倍率参考式
火属性,497,875543,32,12,36,64,73,88,101,6876,3437,871,759,687,838,831,681,694,936,713,倍率参考式
火属性,498,876533,32,12,27,43,61,100,101,6882,3439,923,740,818,877,772,825,687,936,733,倍率参考式
火属性,499,876533,32,12,27,43,61,101,110,6882,3439,923,727,812,864,759,812,700,936,740,倍率参考式
火属性,500,876533,32,12,27,43,62,100,101,6882,3439,910,720,779,890,825,792,720,936,733,倍率参考式
風属性,1,766544,32,27,39,118,53,76,82,7248,3621,877,638,817,924,884,764,658,704,990,倍率参考式
風属性,2,776633,32,27,38,39,118,103,114,7068,3530,937,693,745,910,924,633,620,627,990,倍率参考式
風属性,3,766544,32,27,39,118,53,76,84,7248,3621,917,651,804,917,877,718,671,738,984,倍率参考式
風属性,4,766544,32,27,39,118,53,82,84,7248,3621,877,638,857,917,931,718,618,671,984,倍率参考式
風属性,5,766544,32,38,39,118,53,76,82,7248,3621,884,711,784,931,917,631,545,591,984,倍率参考式
風属性,6,766643,32,27,39,45,118,76,103,7254,3623,957,651,851,931,884,791,638,691,984,倍率参考式
風属性,7,766643,32,27,39,45,118,82,103,7254,3623,917,638,904,931,937,791,585,625,984,倍率参考式
風属性,8,766553,32,27,39,118,53,55,103,7062,3528,877,640,825,877,877,673,600,673,983,倍率参考式
風属性,9,776543,32,27,38,39,53,76,103,7062,3528,891,673,686,884,851,633,646,726,983,倍率参考式
風属性,10,776543,32,27,38,39,53,82,103,7062,3528,851,660,739,884,904,633,594,660,983,倍率参考式
風属性,11,776543,32,27,38,118,53,76,103,7062,3528,891,726,686,917,844,706,666,673,983,倍率参考式
風属性,12,776543,32,27,38,118,53,82,103,7062,3528,851,712,739,917,897,706,613,607,983,倍率参考式
風属性,13,776633,32,27,38,39,118,96,103,7068,3530,943,693,759,897,924,633,594,627,983,倍率参考式
風属性,14,776633,32,27,38,39,118,103,104,7068,3530,937,712,772,910,917,660,613,660,983,倍率参考式
風属性,15,766544,32,27,39,118,53,76,78,7248,3621,884,645,811,917,864,704,658,711,977,倍率参考式
風属性,16,766544,32,27,39,118,53,76,79,7248,3621,924,651,798,891,884,724,698,764,977,倍率参考式
風属性,17,766544,32,27,39,118,53,78,82,7248,3621,844,631,864,917,917,704,605,645,977,倍率参考式
風属性,18,766544,32,27,39,118,53,79,82,7248,3621,884,638,851,891,937,724,645,698,977,倍率参考式
風属性,19,766544,32,27,39,118,55,76,82,7248,3621,904,658,824,917,877,778,658,691,977,倍率参考式
風属性,20,766544,32,38,39,118,53,76,84,7248,3621,924,724,771,924,911,585,558,625,977,倍率参考式
風属性,21,766544,32,38,39,118,53,82,84,7248,3621,884,711,824,924,964,585,505,558,977,倍率参考式
風属性,22,766643,32,27,39,45,118,76,114,7254,3623,964,651,824,944,911,784,665,691,977,倍率参考式
風属性,23,766643,32,27,39,45,118,82,114,7254,3623,924,638,877,944,964,784,611,625,977,倍率参考式
風属性,24,766643,32,27,39,45,118,84,103,7254,3623,957,651,891,924,931,744,598,658,977,倍率参考式
風属性,25,766643,32,27,39,47,118,76,103,7254,3623,904,631,791,937,884,718,665,744,977,倍率参考式
風属性,26,766643,32,27,39,47,118,82,103,7254,3623,864,618,844,937,937,718,611,678,977,倍率参考式
風属性,27,766643,32,38,39,45,118,76,103,7254,3623,964,724,817,937,917,658,525,578,977,倍率参考式
風属性,28,766643,32,38,39,45,118,82,103,7254,3623,924,711,871,937,970,658,472,512,977,倍率参考式
風属性,29,766553,32,27,39,118,52,53,103,7062,3528,877,620,858,877,910,673,613,673,976,倍率参考式
風属性,30,766553,32,27,39,118,53,55,114,7062,3528,884,640,798,891,904,666,627,673,976,倍率参考式
風属性,31,766553,32,27,39,118,53,59,103,7062,3528,877,627,792,877,858,706,633,660,976,倍率参考式
風属性,32,766553,32,27,39,118,53,73,103,7062,3528,897,646,805,897,884,679,620,732,976,倍率参考式
風属性,33,766553,32,38,39,118,53,55,103,7062,3528,884,712,792,884,910,541,488,561,976,倍率参考式
風属性,34,776543,32,27,38,39,53,76,114,7062,3528,897,673,660,897,877,627,673,726,976,倍率参考式
風属性,35,776543,32,27,38,39,53,82,114,7062,3528,858,660,712,897,930,627,620,660,976,倍率参考式
風属性,36,776543,32,27,38,39,53,84,103,7062,3528,891,673,726,877,897,587,607,693,976,倍率参考式
風属性,37,776543,32,27,38,118,53,76,114,7062,3528,897,726,660,930,871,699,693,673,976,倍率参考式
風属性,38,776543,32,27,38,118,53,82,114,7062,3528,858,712,712,930,924,699,640,607,976,倍率参考式
風属性,39,776543,32,27,38,118,53,84,103,7062,3528,891,726,726,910,891,660,627,640,976,倍率参考式
風属性,40,776633,32,27,28,39,118,103,114,7068,3530,910,660,772,930,904,745,712,719,976,倍率参考式
風属性,41,776633,32,27,38,39,118,96,114,7068,3530,950,693,732,910,950,627,620,627,976,倍率参考式
風属性,42,776633,32,27,38,39,118,98,103,7068,3530,930,693,765,910,897,633,620,627,976,倍率参考式
風属性,43,776633,32,27,38,39,118,102,103,7068,3530,957,712,772,884,910,640,620,640,976,倍率参考式
風属性,44,776633,32,27,38,39,118,103,106,7068,3530,950,712,778,904,917,640,627,627,976,倍率参考式
風属性,45,776633,32,27,38,39,118,103,109,7068,3530,937,693,745,897,924,660,620,627,976,倍率参考式
風属性,46,776633,32,27,38,39,118,103,111,7068,3530,924,693,752,884,924,633,640,627,976,倍率参考式
風属性,47,776633,32,27,38,39,118,104,114,7068,3530,943,712,745,924,943,653,640,660,976,倍率参考式
風属性,48,766544,32,27,39,45,53,76,82,7248,3621,877,618,817,917,891,784,638,724,970,倍率参考式
風属性,49,766544,32,27,39,118,52,76,82,7248,3621,904,638,857,917,911,778,671,691,970,倍率参考式
風属性,50,766544,32,27,39,118,53,76,88,7248,3621,931,665,798,897,857,744,658,758,970,倍率参考式
風属性,51,766544,32,27,39,118,53,78,84,7248,3621,884,645,851,911,911,658,618,678,970,倍率参考式
風属性,52,766544,32,27,39,118,53,79,84,7248,3621,924,651,837,884,931,678,658,731,970,倍率参考式
風属性,53,766544,32,27,39,118,53,82,88,7248,3621,891,651,851,897,911,744,605,691,970,倍率参考式
風属性,54,766544,32,27,39,118,55,76,84,7248,3621,944,671,811,911,871,731,671,724,970,倍率参考式
風属性,55,766544,32,27,39,118,55,82,84,7248,3621,904,658,864,911,924,731,618,658,970,倍率参考式
風属性,56,766544,32,27,39,118,59,76,82,7248,3621,904,645,791,917,857,811,691,678,970,倍率参考式
風属性,57,766544,32,27,39,118,73,76,82,7248,3621,924,665,804,937,884,784,678,751,970,倍率参考式
風属性,58,766544,32,27,45,118,53,76,82,7248,3621,877,671,817,950,884,857,658,671,970,倍率参考式
風属性,59,766544,32,28,39,118,53,76,82,7248,3621,857,678,811,950,897,744,638,684,970,倍率参考式
風属性,60,766544,32,38,39,118,53,76,78,7248,3621,891,718,778,924,897,571,545,598,970,倍率参考式
風属性,61,766544,32,38,39,118,53,76,79,7248,3621,931,724,764,897,917,591,585,651,970,倍率参考式
風属性,62,766544,32,38,39,118,53,78,82,7248,3621,851,704,831,924,950,571,492,532,970,倍率参考式
風属性,63,766544,32,38,39,118,53,79,82,7248,3621,891,711,817,897,970,591,532,585,970,倍率参考式
風属性,64,766544,32,38,39,118,55,76,82,7248,3621,911,731,791,924,911,645,545,578,970,倍率参考式
風属性,65,766553,32,27,39,118,52,53,114,7062,3528,884,620,831,891,937,666,640,673,970,倍率参考式
風属性,66,766553,32,27,39,118,53,55,96,7062,3528,891,640,811,877,904,666,600,673,970,倍率参考式
風属性,67,766553,32,27,39,118,53,55,104,7062,3528,884,660,825,891,897,693,620,706,970,倍率参考式
風属性,68,766553,32,27,39,118,53,59,114,7062,3528,884,627,765,891,884,699,660,660,970,倍率参考式
風属性,69,766553,32,27,39,118,53,73,114,7062,3528,904,646,778,910,910,673,646,732,970,倍率参考式
風属性,70,766553,32,38,39,118,52,53,103,7062,3528,884,693,825,884,943,541,501,561,970,倍率参考式
風属性,71,766553,32,38,39,118,53,55,114,7062,3528,891,712,765,897,937,534,514,561,970,倍率参考式
風属性,72,766553,32,38,39,118,53,59,103,7062,3528,884,699,759,884,891,574,521,547,970,倍率参考式
風属性,73,766553,32,38,39,118,53,73,103,7062,3528,904,719,772,904,917,547,508,620,970,倍率参考式
風属性,74,766643,32,27,39,45,118,76,96,7254,3623,970,651,837,931,911,784,638,691,970,倍率参考式
風属性,75,766643,32,27,39,45,118,76,104,7254,3623,964,671,851,944,904,811,658,724,970,倍率参考式
風属性,76,766643,32,27,39,45,118,78,103,7254,3623,924,645,897,924,917,731,585,631,970,倍率参考式
風属性,77,766643,32,27,39,45,118,79,103,7254,3623,964,651,884,897,937,751,625,684,970,倍率参考式
風属性,78,766643,32,27,39,45,118,82,96,7254,3623,931,638,891,931,964,784,585,625,970,倍率参考式
風属性,79,766643,32,27,39,45,118,82,104,7254,3623,924,658,904,944,957,811,605,658,970,倍率参考式
風属性,80,766643,32,27,39,45,118,84,114,7254,3623,964,651,864,937,957,738,625,658,970,倍率参考式
風属性,81,766643,32,27,39,46,118,76,103,7254,3623,944,665,804,931,871,738,718,704,970,倍率参考式
風属性,82,766643,32,27,39,46,118,82,103,7254,3623,904,651,857,931,924,738,665,638,970,倍率参考式
風属性,83,766643,32,27,39,47,118,76,114,7254,3623,911,631,764,950,911,711,691,744,970,倍率参考式
風属性,84,766643,32,27,39,47,118,82,114,7254,3623,871,618,817,950,964,711,638,678,970,倍率参考式
風属性,85,766643,32,27,39,47,118,84,103,7254,3623,904,631,831,931,931,671,625,711,970,倍率参考式
風属性,86,766643,32,38,39,45,118,76,114,7254,3623,970,724,791,950,944,651,551,578,970,倍率参考式
風属性,87,766643,32,38,39,45,118,82,114,7254,3623,931,711,844,950,997,651,498,512,970,倍率参考式
風属性,88,766643,32,38,39,45,118,84,103,7254,3623,964,724,857,931,964,611,485,545,970,倍率参考式
風属性,89,766643,32,38,39,47,118,76,103,7254,3623,911,704,758,944,917,585,551,631,970,倍率参考式
風属性,90,766643,32,38,39,47,118,82,103,7254,3623,871,691,811,944,970,585,498,565,970,倍率参考式
風属性,91,776444,32,27,38,39,76,82,84,7248,3621,917,691,724,917,897,691,665,711,970,倍率参考式
風属性,92,776444,32,27,38,118,76,82,84,7248,3621,917,744,724,950,891,764,684,658,970,倍率参考式
風属性,93,776543,32,27,28,39,53,76,103,7062,3528,864,640,712,904,831,745,739,818,970,倍率参考式
風属性,94,776543,32,27,28,39,53,82,103,7062,3528,825,627,765,904,884,745,686,752,970,倍率参考式
風属性,95,776543,32,27,28,118,53,76,103,7062,3528,864,693,712,937,825,818,759,765,970,倍率参考式
風属性,96,776543,32,27,28,118,53,82,103,7062,3528,825,679,765,937,877,818,706,699,970,倍率参考式
風属性,97,776543,32,27,38,39,53,76,96,7062,3528,904,673,673,884,877,627,646,726,970,倍率参考式
風属性,98,776543,32,27,38,39,53,76,104,7062,3528,897,693,686,897,871,653,666,759,970,倍率参考式
風属性,99,776543,32,27,38,39,53,78,103,7062,3528,858,666,732,877,884,574,594,666,970,倍率参考式
風属性,100,776543,32,27,38,39,53,79,103,7062,3528,897,673,719,851,904,594,633,719,970,倍率参考式
風属性,101,776543,32,27,38,39,53,82,96,7062,3528,864,660,726,884,930,627,594,660,970,倍率参考式
風属性,102,776543,32,27,38,39,53,82,104,7062,3528,858,679,739,897,924,653,613,693,970,倍率参考式
風属性,103,776543,32,27,38,39,53,84,114,7062,3528,897,673,699,891,924,580,633,693,970,倍率参考式
風属性,104,776543,32,27,38,39,55,76,103,7062,3528,917,693,693,877,844,646,646,712,970,倍率参考式
風属性,105,776543,32,27,38,39,55,82,103,7062,3528,877,679,745,877,897,646,594,646,970,倍率参考式
風属性,106,776543,32,27,38,118,53,76,96,7062,3528,904,726,673,917,871,699,666,673,970,倍率参考式
風属性,107,776543,32,27,38,118,53,76,104,7062,3528,897,745,686,930,864,726,686,706,970,倍率参考式
風属性,108,776543,32,27,38,118,53,78,103,7062,3528,858,719,732,910,877,646,613,613,970,倍率参考式
風属性,109,776543,32,27,38,118,53,79,103,7062,3528,897,726,719,884,897,666,653,666,970,倍率参考式
風属性,110,776543,32,27,38,118,53,82,96,7062,3528,864,712,726,917,924,699,613,607,970,倍率参考式
風属性,111,776543,32,27,38,118,53,82,104,7062,3528,858,732,739,930,917,726,633,640,970,倍率参考式
風属性,112,776543,32,27,38,118,53,84,114,7062,3528,897,726,699,924,917,653,653,640,970,倍率参考式
風属性,113,776543,32,27,38,118,55,76,103,7062,3528,917,745,693,910,838,719,666,660,970,倍率参考式
風属性,114,776543,32,27,38,118,55,82,103,7062,3528,877,732,745,910,891,719,613,594,970,倍率参考式
風属性,115,776633,32,27,28,39,118,96,103,7068,3530,917,660,785,917,904,745,686,719,970,倍率参考式
風属性,116,776633,32,27,28,39,118,103,104,7068,3530,910,679,798,930,897,772,706,752,970,倍率参考式
風属性,117,776633,32,27,38,39,45,103,114,7068,3530,937,673,745,904,930,653,600,646,970,倍率参考式
風属性,118,776633,32,27,38,39,118,96,104,7068,3530,950,712,759,910,943,653,613,660,970,倍率参考式
風属性,119,776633,32,27,38,39,118,97,103,7068,3530,963,726,739,884,924,660,627,640,970,倍率参考式
風属性,120,776633,32,27,38,39,118,98,114,7068,3530,937,693,739,924,924,627,646,627,970,倍率参考式
風属性,121,776633,32,27,38,39,118,102,114,7068,3530,963,712,745,897,937,633,646,640,970,倍率参考式
風属性,122,776633,32,27,38,39,118,103,113,7068,3530,937,712,765,884,917,653,613,660,970,倍率参考式
風属性,123,776633,32,27,38,39,118,106,114,7068,3530,957,712,752,917,943,633,653,627,970,倍率参考式
風属性,124,776633,32,27,38,39,118,109,114,7068,3530,943,693,719,910,950,653,646,627,970,倍率参考式
風属性,125,776633,32,27,38,39,118,111,114,7068,3530,930,693,726,897,950,627,666,627,970,倍率参考式
風属性,126,776633,32,27,38,45,118,103,114,7068,3530,937,726,745,937,924,726,620,594,970,倍率参考式
風属性,127,776633,32,28,38,39,118,103,114,7068,3530,917,732,739,937,937,613,600,607,970,倍率参考式
風属性,128,866543,32,2,39,118,53,76,103,7068,3532,904,646,831,937,897,732,620,653,970,倍率参考式
風属性,129,866543,32,2,39,118,53,82,103,7068,3532,864,633,884,937,950,732,567,587,970,倍率参考式
風属性,130,866543,32,12,39,118,53,76,103,7068,3532,864,686,858,937,858,719,646,719,970,倍率参考式
風属性,131,866543,32,12,39,118,53,82,103,7068,3532,825,673,910,937,910,719,594,653,970,倍率参考式
風属性,132,866543,32,14,39,118,53,76,103,7068,3532,904,726,844,937,897,653,673,653,970,倍率参考式
風属性,133,866543,32,14,39,118,53,82,103,7068,3532,864,712,897,937,950,653,620,587,970,倍率参考式
風属性,134,666554,32,39,45,118,53,55,76,7248,3621,911,671,871,917,897,691,532,625,964,倍率参考式
風属性,135,666554,32,39,45,118,53,55,82,7248,3621,871,658,924,917,950,691,478,558,964,倍率参考式
風属性,136,666653,32,39,45,47,118,53,103,7254,3623,871,631,891,937,957,631,485,611,964,倍率参考式
風属性,137,766543,31,27,39,118,53,76,103,7002,3498,864,611,771,877,824,698,638,698,964,コスト32未満の倍率は未検証
風属性,138,766543,31,27,39,118,53,82,103,7002,3498,824,598,824,877,877,698,585,631,964,コスト32未満の倍率は未検証
風属性,139,766544,32,27,39,45,53,76,84,7248,3621,917,631,804,911,884,738,651,758,964,倍率参考式
風属性,140,766544,32,27,39,45,53,82,84,7248,3621,877,618,857,911,937,738,598,691,964,倍率参考式
風属性,141,766544,32,27,39,47,53,76,82,7248,3621,824,598,758,924,891,711,665,778,964,倍率参考式
風属性,142,766544,32,27,39,118,52,76,84,7248,3621,944,651,844,911,904,731,684,724,964,倍率参考式
風属性,143,766544,32,27,39,118,52,82,84,7248,3621,904,638,897,911,957,731,631,658,964,倍率参考式
風属性,144,766544,32,27,39,118,53,76,80,7248,3621,884,638,778,911,884,724,691,724,964,倍率参考式
風属性,145,766544,32,27,39,118,53,76,83,7248,3621,911,651,804,924,871,711,658,731,964,倍率参考式
風属性,146,766544,32,27,39,118,53,76,87,7248,3621,891,645,804,891,864,751,671,738,964,倍率参考式
風属性,147,766544,32,27,39,118,53,78,79,7248,3621,891,645,844,884,917,665,645,704,964,倍率参考式
風属性,148,766544,32,27,39,118,53,80,82,7248,3621,844,625,831,911,937,724,638,658,964,倍率参考式
風属性,149,766544,32,27,39,118,53,82,83,7248,3621,871,638,857,924,924,711,605,665,964,倍率参考式
風属性,150,766544,32,27,39,118,53,82,87,7248,3621,851,631,857,891,917,751,618,671,964,倍率参考式
風属性,151,766544,32,27,39,118,53,84,88,7248,3621,931,665,837,891,904,698,618,724,964,倍率参考式
風属性,152,766544,32,27,39,118,55,76,78,7248,3621,911,665,817,911,857,718,658,698,964,倍率参考式
風属性,153,766544,32,27,39,118,55,76,79,7248,3621,950,671,804,884,877,738,698,751,964,倍率参考式
風属性,154,766544,32,27,39,118,55,78,82,7248,3621,871,651,871,911,911,718,605,631,964,倍率参考式
風属性,155,766544,32,27,39,118,55,79,82,7248,3621,911,658,857,884,931,738,645,684,964,倍率参考式
風属性,156,766544,32,27,39,118,59,76,84,7248,3621,944,658,778,911,851,764,704,711,964,倍率参考式
風属性,157,766544,32,27,39,118,59,82,84,7248,3621,904,645,831,911,904,764,651,645,964,倍率参考式
風属性,158,766544,32,27,39,118,73,76,84,7248,3621,964,678,791,931,877,738,691,784,964,倍率参考式
風属性,159,766544,32,27,39,118,73,82,84,7248,3621,924,665,844,931,931,738,638,718,964,倍率参考式
風属性,160,766544,32,27,45,118,53,76,84,7248,3621,917,684,804,944,877,811,671,704,964,倍率参考式
風属性,161,766544,32,27,45,118,53,82,84,7248,3621,877,671,857,944,931,811,618,638,964,倍率参考式
風属性,162,766544,32,27,47,118,53,76,82,7248,3621,824,651,758,957,884,784,684,724,964,倍率参考式
風属性,163,766544,32,28,39,118,53,76,84,7248,3621,897,691,798,944,891,698,651,718,964,倍率参考式
風属性,164,766544,32,28,39,118,53,82,84,7248,3621,857,678,851,944,944,698,598,651,964,倍率参考式
風属性,165,766544,32,38,39,45,53,76,82,7248,3621,884,691,784,924,924,651,525,611,964,倍率参考式
風属性,166,766544,32,38,39,118,52,76,82,7248,3621,911,711,824,924,944,645,558,578,964,倍率参考式
風属性,167,766544,32,38,39,118,53,76,88,7248,3621,937,738,764,904,891,611,545,645,964,倍率参考式
風属性,168,766544,32,38,39,118,53,78,84,7248,3621,891,718,817,917,944,525,505,565,964,倍率参考式
風属性,169,766544,32,38,39,118,53,79,84,7248,3621,931,724,804,891,964,545,545,618,964,倍率参考式
風属性,170,766544,32,38,39,118,53,82,88,7248,3621,897,724,817,904,944,611,492,578,964,倍率参考式
風属性,171,766544,32,38,39,118,55,76,84,7248,3621,950,744,778,917,904,598,558,611,964,倍率参考式
風属性,172,766544,32,38,39,118,55,82,84,7248,3621,911,731,831,917,957,598,505,545,964,倍率参考式
風属性,173,766544,32,38,39,118,59,76,82,7248,3621,911,718,758,924,891,678,578,565,964,倍率参考式
風属性,174,766544,32,38,39,118,73,76,82,7248,3621,931,738,771,944,917,651,565,638,964,倍率参考式
風属性,175,766544,32,38,45,118,53,76,82,7248,3621,884,744,784,957,917,724,545,558,964,倍率参考式
風属性,176,766643,32,27,39,45,118,76,98,7254,3623,957,651,844,944,884,784,665,691,964,倍率参考式
風属性,177,766643,32,27,39,45,118,76,102,7254,3623,984,671,851,917,897,791,665,704,964,倍率参考式
風属性,178,766643,32,27,39,45,118,76,106,7254,3623,977,671,857,937,904,791,671,691,964,倍率参考式
風属性,179,766643,32,27,39,45,118,76,109,7254,3623,964,651,824,931,911,811,665,691,964,倍率参考式
風属性,180,766643,32,27,39,45,118,76,111,7254,3623,950,651,831,917,911,784,684,691,964,倍率参考式
風属性,181,766643,32,27,39,45,118,78,114,7254,3623,931,645,871,937,944,724,611,631,964,倍率参考式
風属性,182,766643,32,27,39,45,118,79,114,7254,3623,970,651,857,911,964,744,651,684,964,倍率参考式
風属性,183,766643,32,27,39,45,118,82,98,7254,3623,917,638,897,944,937,784,611,625,964,倍率参考式
風属性,184,766643,32,27,39,45,118,82,102,7254,3623,944,658,904,917,950,791,611,638,964,倍率参考式
風属性,185,766643,32,27,39,45,118,82,106,7254,3623,937,658,911,937,957,791,618,625,964,倍率参考式
風属性,186,766643,32,27,39,45,118,82,109,7254,3623,924,638,877,931,964,811,611,625,964,倍率参考式
風属性,187,766643,32,27,39,45,118,82,111,7254,3623,911,638,884,917,964,784,631,625,964,倍率参考式
風属性,188,766643,32,27,39,45,118,84,96,7254,3623,970,651,877,924,957,738,598,658,964,倍率参考式
風属性,189,766643,32,27,39,45,118,84,104,7254,3623,964,671,891,937,950,764,618,691,964,倍率参考式
風属性,190,766643,32,27,39,45,118,88,103,7254,3623,970,665,884,904,911,771,585,678,964,倍率参考式
風属性,191,766643,32,27,39,46,118,76,114,7254,3623,950,665,778,944,897,731,744,704,964,倍率参考式
風属性,192,766643,32,27,39,46,118,82,114,7254,3623,911,651,831,944,950,731,691,638,964,倍率参考式
風属性,193,766643,32,27,39,46,118,84,103,7254,3623,944,665,844,924,917,691,678,671,964,倍率参考式
風属性,194,766643,32,27,39,47,118,76,96,7254,3623,917,631,778,937,911,711,665,744,964,倍率参考式
風属性,195,766643,32,27,39,47,118,76,104,7254,3623,911,651,791,950,904,738,684,778,964,倍率参考式
風属性,196,766643,32,27,39,47,118,78,103,7254,3623,871,625,837,931,917,658,611,684,964,倍率参考式
風属性,197,766643,32,27,39,47,118,79,103,7254,3623,911,631,824,904,937,678,651,738,964,倍率参考式
風属性,198,766643,32,27,39,47,118,82,96,7254,3623,877,618,831,937,964,711,611,678,964,倍率参考式
風属性,199,766643,32,27,39,47,118,82,104,7254,3623,871,638,844,950,957,738,631,711,964,倍率参考式
風属性,200,766643,32,27,39,47,118,84,114,7254,3623,911,631,804,944,957,665,651,711,964,倍率参考式
風属性,201,766643,32,27,39,48,118,76,103,7254,3623,871,704,784,891,811,791,684,704,964,倍率参考式
風属性,202,766643,32,27,39,48,118,82,103,7254,3623,831,691,837,891,864,791,631,638,964,倍率参考式
風属性,203,766643,32,27,39,50,118,76,103,7254,3623,950,671,811,931,877,771,711,744,964,倍率参考式
風属性,204,766643,32,27,39,50,118,82,103,7254,3623,911,658,864,931,931,771,658,678,964,倍率参考式
風属性,205,766643,32,28,39,45,118,76,103,7254,3623,937,691,844,957,897,771,618,671,964,倍率参考式
風属性,206,766643,32,28,39,45,118,82,103,7254,3623,897,678,897,957,950,771,565,605,964,倍率参考式
風属性,207,766643,32,38,39,45,118,76,96,7254,3623,977,724,804,937,944,651,525,578,964,倍率参考式
風属性,208,766643,32,38,39,45,118,76,104,7254,3623,970,744,817,950,937,678,545,611,964,倍率参考式
風属性,209,766643,32,38,39,45,118,78,103,7254,3623,931,718,864,931,950,598,472,518,964,倍率参考式
風属性,210,766643,32,38,39,45,118,79,103,7254,3623,970,724,851,904,970,618,512,571,964,倍率参考式
風属性,211,766643,32,38,39,45,118,82,96,7254,3623,937,711,857,937,997,651,472,512,964,倍率参考式
風属性,212,766643,32,38,39,45,118,82,104,7254,3623,931,731,871,950,990,678,492,545,964,倍率参考式
風属性,213,766643,32,38,39,45,118,84,114,7254,3623,970,724,831,944,990,605,512,545,964,倍率参考式
風属性,214,766643,32,38,39,46,118,76,103,7254,3623,950,738,771,937,904,605,605,591,964,倍率参考式
風属性,215,766643,32,38,39,46,118,82,103,7254,3623,911,724,824,937,957,605,551,525,964,倍率参考式
風属性,216,766643,32,38,39,47,118,76,114,7254,3623,917,704,731,957,944,578,578,631,964,倍率参考式
風属性,217,766643,32,38,39,47,118,82,114,7254,3623,877,691,784,957,997,578,525,565,964,倍率参考式
風属性,218,766643,32,38,39,47,118,84,103,7254,3623,911,704,798,937,964,538,512,598,964,倍率参考式
風属性,219,776444,32,27,38,39,76,78,82,7248,3621,884,684,731,917,884,678,651,684,964,倍率参考式
風属性,220,776444,32,27,38,39,76,79,82,7248,3621,924,691,718,891,904,698,691,738,964,倍率参考式
風属性,221,776444,32,27,38,118,76,78,82,7248,3621,884,738,731,950,877,751,671,631,964,倍率参考式
風属性,222,776444,32,27,38,118,76,79,82,7248,3621,924,744,718,924,897,771,711,684,964,倍率参考式
風属性,223,766553,32,27,39,45,53,55,103,7062,3528,877,620,825,871,884,693,580,693,963,倍率参考式
風属性,224,766553,32,27,39,118,52,53,96,7062,3528,891,620,844,877,937,666,613,673,963,倍率参考式
風属性,225,766553,32,27,39,118,52,53,104,7062,3528,884,640,858,891,930,693,633,706,963,倍率参考式
風属性,226,766553,32,27,39,118,52,55,103,7062,3528,904,640,864,871,904,686,613,660,963,倍率参考式
風属性,227,766553,32,27,39,118,53,55,98,7062,3528,877,640,818,891,877,666,627,673,963,倍率参考式
風属性,228,766553,32,27,39,118,53,55,102,7062,3528,904,660,825,864,891,673,627,686,963,倍率参考式
風属性,229,766553,32,27,39,118,53,55,106,7062,3528,897,660,831,884,897,673,633,673,963,倍率参考式
風属性,230,766553,32,27,39,118,53,55,109,7062,3528,884,640,798,877,904,693,627,673,963,倍率参考式
風属性,231,766553,32,27,39,118,53,55,111,7062,3528,871,640,805,864,904,666,646,673,963,倍率参考式
風属性,232,766553,32,27,39,118,53,59,96,7062,3528,891,627,778,877,884,699,633,660,963,倍率参考式
風属性,233,766553,32,27,39,118,53,59,104,7062,3528,884,646,792,891,877,726,653,693,963,倍率参考式
風属性,234,766553,32,27,39,118,53,73,96,7062,3528,910,646,792,897,910,673,620,732,963,倍率参考式
風属性,235,766553,32,27,39,118,53,73,104,7062,3528,904,666,805,910,904,699,640,765,963,倍率参考式
風属性,236,766553,32,27,39,118,55,59,103,7062,3528,904,646,798,871,851,719,633,646,963,倍率参考式
風属性,237,766553,32,27,39,118,55,73,103,7062,3528,924,666,811,891,877,693,620,719,963,倍率参考式
風属性,238,766553,32,27,45,118,53,55,103,7062,3528,877,673,825,904,877,765,600,640,963,倍率参考式
風属性,239,766553,32,28,39,118,53,55,103,7062,3528,858,679,818,904,891,653,580,653,963,倍率参考式
風属性,240,766553,32,38,39,118,52,53,114,7062,3528,891,693,798,897,970,534,528,561,963,倍率参考式
風属性,241,766553,32,38,39,118,53,55,96,7062,3528,897,712,778,884,937,534,488,561,963,倍率参考式
風属性,242,766553,32,38,39,118,53,55,104,7062,3528,891,732,792,897,930,561,508,594,963,倍率参考式
風属性,243,766553,32,38,39,118,53,59,114,7062,3528,891,699,732,897,917,567,547,547,963,倍率参考式
風属性,244,766553,32,38,39,118,53,73,114,7062,3528,910,719,745,917,943,541,534,620,963,倍率参考式
風属性,245,776543,32,27,28,39,53,76,114,7062,3528,871,640,686,917,858,739,765,818,963,倍率参考式
風属性,246,776543,32,27,28,39,53,82,114,7062,3528,831,627,739,917,910,739,712,752,963,倍率参考式
風属性,247,776543,32,27,28,39,53,84,103,7062,3528,864,640,752,897,877,699,699,785,963,倍率参考式
風属性,248,776543,32,27,28,118,53,76,114,7062,3528,871,693,686,950,851,811,785,765,963,倍率参考式
風属性,249,776543,32,27,28,118,53,82,114,7062,3528,831,679,739,950,904,811,732,699,963,倍率参考式
風属性,250,776543,32,27,28,118,53,84,103,7062,3528,864,693,752,930,871,772,719,732,963,倍率参考式
風属性,251,776543,32,27,38,39,52,76,103,7062,3528,917,673,726,877,877,646,660,712,963,倍率参考式
風属性,252,776543,32,27,38,39,52,82,103,7062,3528,877,660,778,877,930,646,607,646,963,倍率参考式
風属性,253,776543,32,27,38,39,53,76,98,7062,3528,891,673,679,897,851,627,673,726,963,倍率参考式
風属性,254,776543,32,27,38,39,53,76,102,7062,3528,917,693,686,871,864,633,673,739,963,倍率参考式
風属性,255,776543,32,27,38,39,53,76,106,7062,3528,910,693,693,891,871,633,679,726,963,倍率参考式
風属性,256,776543,32,27,38,39,53,76,109,7062,3528,897,673,660,884,877,653,673,726,963,倍率参考式
風属性,257,776543,32,27,38,39,53,76,111,7062,3528,884,673,666,871,877,627,693,726,963,倍率参考式
風属性,258,776543,32,27,38,39,53,78,114,7062,3528,864,666,706,891,910,567,620,666,963,倍率参考式
風属性,259,776543,32,27,38,39,53,79,114,7062,3528,904,673,693,864,930,587,660,719,963,倍率参考式
風属性,260,776543,32,27,38,39,53,82,98,7062,3528,851,660,732,897,904,627,620,660,963,倍率参考式
風属性,261,776543,32,27,38,39,53,82,102,7062,3528,877,679,739,871,917,633,620,673,963,倍率参考式
風属性,262,776543,32,27,38,39,53,82,106,7062,3528,871,679,745,891,924,633,627,660,963,倍率参考式
風属性,263,776543,32,27,38,39,53,82,109,7062,3528,858,660,712,884,930,653,620,660,963,倍率参考式
風属性,264,776543,32,27,38,39,53,82,111,7062,3528,844,660,719,871,930,627,640,660,963,倍率参考式
風属性,265,776543,32,27,38,39,53,84,96,7062,3528,904,673,712,877,924,580,607,693,963,倍率参考式
風属性,266,776543,32,27,38,39,53,84,104,7062,3528,897,693,726,891,917,607,627,726,963,倍率参考式
風属性,267,776543,32,27,38,39,53,88,103,7062,3528,904,686,719,858,877,613,594,712,963,倍率参考式
風属性,268,776543,32,27,38,39,55,76,114,7062,3528,924,693,666,891,871,640,673,712,963,倍率参考式
風属性,269,776543,32,27,38,39,55,82,114,7062,3528,884,679,719,891,924,640,620,646,963,倍率参考式
風属性,270,776543,32,27,38,39,55,84,103,7062,3528,917,693,732,871,891,600,607,679,963,倍率参考式
風属性,271,776543,32,27,38,39,59,76,103,7062,3528,917,679,660,877,825,679,679,699,963,倍率参考式
風属性,272,776543,32,27,38,39,59,82,103,7062,3528,877,666,712,877,877,679,627,633,963,倍率参考式
風属性,273,776543,32,27,38,39,73,76,103,7062,3528,937,699,673,897,851,653,666,772,963,倍率参考式
風属性,274,776543,32,27,38,39,73,82,103,7062,3528,897,686,726,897,904,653,613,706,963,倍率参考式
風属性,275,776543,32,27,38,45,53,76,103,7062,3528,891,706,686,910,851,726,646,693,963,倍率参考式
風属性,276,776543,32,27,38,45,53,82,103,7062,3528,851,693,739,910,904,726,594,627,963,倍率参考式
風属性,277,776543,32,27,38,118,52,76,103,7062,3528,917,726,726,910,871,719,679,660,963,倍率参考式
風属性,278,776543,32,27,38,118,52,82,103,7062,3528,877,712,778,910,924,719,627,594,963,倍率参考式
風属性,279,776543,32,27,38,118,53,76,98,7062,3528,891,726,679,930,844,699,693,673,963,倍率参考式
風属性,280,776543,32,27,38,118,53,76,102,7062,3528,917,745,686,904,858,706,693,686,963,倍率参考式
風属性,281,776543,32,27,38,118,53,76,106,7062,3528,910,745,693,924,864,706,699,673,963,倍率参考式
風属性,282,776543,32,27,38,118,53,76,109,7062,3528,897,726,660,917,871,726,693,673,963,倍率参考式
風属性,283,776543,32,27,38,118,53,76,111,7062,3528,884,726,666,904,871,699,712,673,963,倍率参考式
風属性,284,776543,32,27,38,118,53,78,114,7062,3528,864,719,706,924,904,640,640,613,963,倍率参考式
風属性,285,776543,32,27,38,118,53,79,114,7062,3528,904,726,693,897,924,660,679,666,963,倍率参考式
風属性,286,776543,32,27,38,118,53,82,98,7062,3528,851,712,732,930,897,699,640,607,963,倍率参考式
風属性,287,776543,32,27,38,118,53,82,102,7062,3528,877,732,739,904,910,706,640,620,963,倍率参考式
風属性,288,776543,32,27,38,118,53,82,106,7062,3528,871,732,745,924,917,706,646,607,963,倍率参考式
風属性,289,776543,32,27,38,118,53,82,109,7062,3528,858,712,712,917,924,726,640,607,963,倍率参考式
風属性,290,776543,32,27,38,118,53,82,111,7062,3528,844,712,719,904,924,699,660,607,963,倍率参考式
風属性,291,776543,32,27,38,118,53,84,96,7062,3528,904,726,712,910,917,653,627,640,963,倍率参考式
風属性,292,776543,32,27,38,118,53,84,104,7062,3528,897,745,726,924,910,679,646,673,963,倍率参考式
風属性,293,776543,32,27,38,118,53,88,103,7062,3528,904,739,719,891,871,686,613,660,963,倍率参考式
風属性,294,776543,32,27,38,118,55,76,114,7062,3528,924,745,666,924,864,712,693,660,963,倍率参考式
風属性,295,776543,32,27,38,118,55,82,114,7062,3528,884,732,719,924,917,712,640,594,963,倍率参考式
風属性,296,776543,32,27,38,118,55,84,103,7062,3528,917,745,732,904,884,673,627,627,963,倍率参考式
風属性,297,776543,32,27,38,118,59,76,103,7062,3528,917,732,660,910,818,752,699,646,963,倍率参考式
風属性,298,776543,32,27,38,118,59,82,103,7062,3528,877,719,712,910,871,752,646,580,963,倍率参考式
風属性,299,776543,32,27,38,118,73,76,103,7062,3528,937,752,673,930,844,726,686,719,963,倍率参考式
風属性,300,776543,32,27,38,118,73,82,103,7062,3528,897,739,726,930,897,726,633,653,963,倍率参考式
風属性,301,776543,32,28,38,39,53,76,103,7062,3528,871,712,679,910,864,613,627,706,963,倍率参考式
風属性,302,776543,32,28,38,39,53,82,103,7062,3528,831,699,732,910,917,613,574,640,963,倍率参考式
風属性,303,776543,32,28,38,118,53,76,103,7062,3528,871,765,679,943,858,686,646,653,963,倍率参考式
風属性,304,776543,32,28,38,118,53,82,103,7062,3528,831,752,732,943,910,686,594,587,963,倍率参考式
風属性,305,776633,32,27,28,39,118,96,114,7068,3530,924,660,759,930,930,739,712,719,963,倍率参考式
風属性,306,776633,32,27,28,39,118,98,103,7068,3530,904,660,792,930,877,745,712,719,963,倍率参考式
風属性,307,776633,32,27,28,39,118,102,103,7068,3530,930,679,798,904,891,752,712,732,963,倍率参考式
風属性,308,776633,32,27,28,39,118,103,106,7068,3530,924,679,805,924,897,752,719,719,963,倍率参考式
風属性,309,776633,32,27,28,39,118,103,109,7068,3530,910,660,772,917,904,772,712,719,963,倍率参考式
風属性,310,776633,32,27,28,39,118,103,111,7068,3530,897,660,778,904,904,745,732,719,963,倍率参考式
風属性,311,776633,32,27,28,39,118,104,114,7068,3530,917,679,772,943,924,765,732,752,963,倍率参考式
風属性,312,776633,32,27,38,39,45,96,103,7068,3530,943,673,759,891,930,653,574,646,963,倍率参考式
風属性,313,776633,32,27,38,39,45,103,104,7068,3530,937,693,772,904,924,679,594,679,963,倍率参考式
風属性,314,776633,32,27,38,39,47,103,114,7068,3530,884,653,686,910,930,580,627,699,963,倍率参考式
風属性,315,776633,32,27,38,39,118,95,103,7068,3530,943,706,759,910,897,646,620,633,963,倍率参考式
風属性,316,776633,32,27,38,39,118,96,98,7068,3530,943,693,752,910,924,627,620,627,963,倍率参考式
風属性,317,776633,32,27,38,39,118,96,102,7068,3530,970,712,759,884,937,633,620,640,963,倍率参考式
風属性,318,776633,32,27,38,39,118,96,106,7068,3530,963,712,765,904,943,633,627,627,963,倍率参考式
風属性,319,776633,32,27,38,39,118,96,109,7068,3530,950,693,732,897,950,653,620,627,963,倍率参考式
風属性,320,776633,32,27,38,39,118,96,111,7068,3530,937,693,739,884,950,627,640,627,963,倍率参考式
風属性,321,776633,32,27,38,39,118,97,114,7068,3530,970,726,712,897,950,653,653,640,963,倍率参考式
風属性,322,776633,32,27,38,39,118,98,104,7068,3530,937,712,765,924,917,653,640,660,963,倍率参考式
風属性,323,776633,32,27,38,39,118,102,104,7068,3530,963,732,772,897,930,660,640,673,963,倍率参考式
風属性,324,776633,32,27,38,39,118,103,107,7068,3530,930,693,765,897,904,646,620,627,963,倍率参考式
風属性,325,776633,32,27,38,39,118,103,108,7068,3530,937,693,785,877,924,679,607,640,963,倍率参考式
風属性,326,776633,32,27,38,39,118,103,110,7068,3530,963,706,772,884,897,653,607,653,963,倍率参考式
風属性,327,776633,32,27,38,39,118,103,112,7068,3530,930,706,752,897,924,633,640,646,963,倍率参考式
風属性,328,776633,32,27,38,39,118,104,106,7068,3530,957,732,778,917,937,660,646,660,963,倍率参考式
風属性,329,776633,32,27,38,39,118,104,109,7068,3530,943,712,745,910,943,679,640,660,963,倍率参考式
風属性,330,776633,32,27,38,39,118,104,111,7068,3530,930,712,752,897,943,653,660,660,963,倍率参考式
風属性,331,776633,32,27,38,39,118,113,114,7068,3530,943,712,739,897,943,646,640,660,963,倍率参考式
風属性,332,776633,32,27,38,45,118,96,103,7068,3530,943,726,759,924,924,726,594,594,963,倍率参考式
風属性,333,776633,32,27,38,45,118,103,104,7068,3530,937,745,772,937,917,752,613,627,963,倍率参考式
風属性,334,776633,32,27,38,47,118,103,114,7068,3530,884,706,686,943,924,653,646,646,963,倍率参考式
風属性,335,776633,32,28,38,39,118,96,103,7068,3530,924,732,752,924,937,613,574,607,963,倍率参考式
風属性,336,776633,32,28,38,39,118,103,104,7068,3530,917,752,765,937,930,640,594,640,963,倍率参考式
風属性,337,866543,32,2,39,118,53,76,114,7068,3532,910,646,805,950,924,726,646,653,963,倍率参考式
風属性,338,866543,32,2,39,118,53,82,114,7068,3532,871,633,858,950,976,726,594,587,963,倍率参考式
風属性,339,866543,32,2,39,118,53,84,103,7068,3532,904,646,871,930,943,686,580,620,963,倍率参考式
風属性,340,866543,32,12,39,118,53,76,114,7068,3532,871,686,831,950,884,712,673,719,963,倍率参考式
風属性,341,866543,32,12,39,118,53,82,114,7068,3532,831,673,884,950,937,712,620,653,963,倍率参考式
風属性,342,866543,32,12,39,118,53,84,103,7068,3532,864,686,897,930,904,673,607,686,963,倍率参考式
風属性,343,866543,32,14,39,118,53,76,114,7068,3532,910,726,818,950,924,646,699,653,963,倍率参考式
風属性,344,866543,32,14,39,118,53,82,114,7068,3532,871,712,871,950,976,646,646,587,963,倍率参考式
風属性,345,866543,32,14,39,118,53,84,103,7068,3532,904,726,884,930,943,607,633,620,963,倍率参考式
風属性,346,876443,32,2,27,39,76,82,103,7068,3532,897,613,785,930,884,838,726,739,963,倍率参考式
風属性,347,876443,32,2,27,118,76,82,103,7068,3532,897,666,785,963,877,910,745,686,963,倍率参考式
風属性,348,876443,32,12,27,39,76,82,103,7068,3532,858,653,811,930,844,825,752,805,963,倍率参考式
風属性,349,876443,32,12,27,118,76,82,103,7068,3532,858,706,811,963,838,897,772,752,963,倍率参考式
風属性,350,876443,32,14,27,39,76,82,103,7068,3532,897,693,798,930,884,759,778,739,963,倍率参考式
風属性,351,876443,32,14,27,118,76,82,103,7068,3532,897,745,798,963,877,831,798,686,963,倍率参考式
風属性,352,876533,32,2,27,39,53,103,114,6882,3439,877,596,759,903,910,727,694,720,962,倍率参考式
風属性,353,876533,32,2,27,118,53,103,114,6882,3439,877,648,759,936,903,799,713,668,962,倍率参考式
風属性,354,876533,32,12,27,39,53,103,114,6882,3439,838,635,786,903,871,713,720,786,962,倍率参考式
風属性,355,876533,32,12,27,118,53,103,114,6882,3439,838,687,786,936,864,786,740,733,962,倍率参考式
風属性,356,876533,32,14,27,39,53,103,114,6882,3439,877,674,772,903,910,648,746,720,962,倍率参考式
風属性,357,876533,32,14,27,118,53,103,114,6882,3439,877,727,772,936,903,720,766,668,962,倍率参考式
風属性,358,666644,32,39,45,47,118,76,82,7440,3716,897,649,891,978,958,737,542,629,958,倍率参考式
風属性,359,666554,32,39,45,118,52,53,76,7248,3621,911,651,904,917,931,691,545,625,957,倍率参考式
風属性,360,666554,32,39,45,118,52,53,82,7248,3621,871,638,957,917,984,691,492,558,957,倍率参考式
風属性,361,666554,32,39,45,118,53,55,84,7248,3621,911,671,911,911,944,645,492,591,957,倍率参考式
風属性,362,666554,32,39,45,118,53,59,76,7248,3621,911,658,837,917,877,724,565,611,957,倍率参考式
風属性,363,666554,32,39,45,118,53,59,82,7248,3621,871,645,891,917,931,724,512,545,957,倍率参考式
風属性,364,666554,32,39,45,118,53,73,76,7248,3621,931,678,851,937,904,698,551,684,957,倍率参考式
風属性,365,666554,32,39,45,118,53,73,82,7248,3621,891,665,904,937,957,698,498,618,957,倍率参考式
風属性,366,666554,32,39,47,118,53,55,76,7248,3621,857,651,811,924,897,618,558,678,957,倍率参考式
風属性,367,666554,32,39,47,118,53,55,82,7248,3621,817,638,864,924,950,618,505,611,957,倍率参考式
風属性,368,666653,32,39,45,46,118,53,103,7254,3623,911,665,904,931,944,651,538,571,957,倍率参考式
風属性,369,666653,32,39,45,47,118,53,114,7254,3623,877,631,864,950,984,625,512,611,957,倍率参考式
風属性,370,766543,31,27,39,118,53,76,114,7002,3498,871,611,744,891,851,691,665,698,957,コスト32未満の倍率は未検証
風属性,371,766543,31,27,39,118,53,82,114,7002,3498,831,598,798,891,904,691,611,631,957,コスト32未満の倍率は未検証
風属性,372,766543,31,27,39,118,53,84,103,7002,3498,864,611,811,871,871,651,598,665,957,コスト32未満の倍率は未検証
風属性,373,766543,31,38,39,118,53,76,103,7002,3498,871,684,738,884,857,565,525,585,957,コスト32未満の倍率は未検証
風属性,374,766543,31,38,39,118,53,82,103,7002,3498,831,671,791,884,911,565,472,518,957,コスト32未満の倍率は未検証
風属性,375,766544,32,27,39,45,53,76,78,7248,3621,884,625,811,911,871,724,638,731,957,倍率参考式
風属性,376,766544,32,27,39,45,53,76,79,7248,3621,924,631,798,884,891,744,678,784,957,倍率参考式
風属性,377,766544,32,27,39,45,53,78,82,7248,3621,844,611,864,911,924,724,585,665,957,倍率参考式
風属性,378,766544,32,27,39,45,53,79,82,7248,3621,884,618,851,884,944,744,625,718,957,倍率参考式
風属性,379,766544,32,27,39,45,55,76,82,7248,3621,904,638,824,911,884,798,638,711,957,倍率参考式
風属性,380,766544,32,27,39,46,53,76,82,7248,3621,864,631,771,917,877,731,718,738,957,倍率参考式
風属性,381,766544,32,27,39,47,53,76,84,7248,3621,864,611,744,917,884,665,678,811,957,倍率参考式
風属性,382,766544,32,27,39,47,53,82,84,7248,3621,824,598,798,917,937,665,625,744,957,倍率参考式
風属性,383,766544,32,27,39,118,52,76,78,7248,3621,911,645,851,911,891,718,671,698,957,倍率参考式
風属性,384,766544,32,27,39,118,52,76,79,7248,3621,950,651,837,884,911,738,711,751,957,倍率参考式
風属性,385,766544,32,27,39,118,52,78,82,7248,3621,871,631,904,911,944,718,618,631,957,倍率参考式
風属性,386,766544,32,27,39,118,52,79,82,7248,3621,911,638,891,884,964,738,658,684,957,倍率参考式
風属性,387,766544,32,27,39,118,53,74,76,7248,3621,877,665,811,924,884,738,718,704,957,倍率参考式
風属性,388,766544,32,27,39,118,53,74,82,7248,3621,837,651,864,924,937,738,665,638,957,倍率参考式
風属性,389,766544,32,27,39,118,53,76,77,7248,3621,884,631,798,924,877,731,678,751,957,倍率参考式
風属性,390,766544,32,27,39,118,53,76,89,7248,3621,884,638,784,897,884,724,704,718,957,倍率参考式
風属性,391,766544,32,27,39,118,53,76,91,7248,3621,931,671,771,891,877,724,718,724,957,倍率参考式
風属性,392,766544,32,27,39,118,53,77,82,7248,3621,844,618,851,924,931,731,625,684,957,倍率参考式
風属性,393,766544,32,27,39,118,53,78,88,7248,3621,897,658,844,891,891,684,605,698,957,倍率参考式
風属性,394,766544,32,27,39,118,53,79,88,7248,3621,937,665,831,864,911,704,645,751,957,倍率参考式
風属性,395,766544,32,27,39,118,53,80,84,7248,3621,884,638,817,904,931,678,651,691,957,倍率参考式
風属性,396,766544,32,27,39,118,53,82,89,7248,3621,844,625,837,897,937,724,651,651,957,倍率参考式
風属性,397,766544,32,27,39,118,53,82,91,7248,3621,891,658,824,891,931,724,665,658,957,倍率参考式
風属性,398,766544,32,27,39,118,53,83,84,7248,3621,911,651,844,917,917,665,618,698,957,倍率参考式
風属性,399,766544,32,27,39,118,53,84,87,7248,3621,891,645,844,884,911,704,631,704,957,倍率参考式
風属性,400,766544,32,27,39,118,55,76,88,7248,3621,957,684,804,891,851,758,658,744,957,倍率参考式
風属性,401,766544,32,27,39,118,55,78,84,7248,3621,911,665,857,904,904,671,618,665,957,倍率参考式
風属性,402,766544,32,27,39,118,55,79,84,7248,3621,950,671,844,877,924,691,658,718,957,倍率参考式
風属性,403,766544,32,27,39,118,55,82,88,7248,3621,917,671,857,891,904,758,605,678,957,倍率参考式
風属性,404,766544,32,27,39,118,59,76,78,7248,3621,911,651,784,911,837,751,691,684,957,倍率参考式
風属性,405,766544,32,27,39,118,59,76,79,7248,3621,950,658,771,884,857,771,731,738,957,倍率参考式
風属性,406,766544,32,27,39,118,59,78,82,7248,3621,871,638,837,911,891,751,638,618,957,倍率参考式
風属性,407,766544,32,27,39,118,59,79,82,7248,3621,911,645,824,884,911,771,678,671,957,倍率参考式
風属性,408,766544,32,27,39,118,73,76,78,7248,3621,931,671,798,931,864,724,678,758,957,倍率参考式
風属性,409,766544,32,27,39,118,73,76,79,7248,3621,970,678,784,904,884,744,718,811,957,倍率参考式
風属性,410,766544,32,27,39,118,73,78,82,7248,3621,891,658,851,931,917,724,625,691,957,倍率参考式
風属性,411,766544,32,27,39,118,73,79,82,7248,3621,931,665,837,904,937,744,665,744,957,倍率参考式
風属性,412,766544,32,27,45,118,53,76,78,7248,3621,884,678,811,944,864,798,658,678,957,倍率参考式
風属性,413,766544,32,27,45,118,53,76,79,7248,3621,924,684,798,917,884,817,698,731,957,倍率参考式
風属性,414,766544,32,27,45,118,53,78,82,7248,3621,844,665,864,944,917,798,605,611,957,倍率参考式
風属性,415,766544,32,27,45,118,53,79,82,7248,3621,884,671,851,917,937,817,645,665,957,倍率参考式
風属性,416,766544,32,27,45,118,55,76,82,7248,3621,904,691,824,944,877,871,658,658,957,倍率参考式
風属性,417,766544,32,27,46,118,53,76,82,7248,3621,864,684,771,950,871,804,738,684,957,倍率参考式
風属性,418,766544,32,27,47,118,53,76,84,7248,3621,864,665,744,950,877,738,698,758,957,倍率参考式
風属性,419,766544,32,27,47,118,53,82,84,7248,3621,824,651,798,950,931,738,645,691,957,倍率参考式
風属性,420,766544,32,28,39,118,53,76,78,7248,3621,864,684,804,944,877,684,638,691,957,倍率参考式
風属性,421,766544,32,28,39,118,53,76,79,7248,3621,904,691,791,917,897,704,678,744,957,倍率参考式
風属性,422,766544,32,28,39,118,53,78,82,7248,3621,824,671,857,944,931,684,585,625,957,倍率参考式
風属性,423,766544,32,28,39,118,53,79,82,7248,3621,864,678,844,917,950,704,625,678,957,倍率参考式
風属性,424,766544,32,28,39,118,55,76,82,7248,3621,884,698,817,944,891,758,638,671,957,倍率参考式
風属性,425,766544,32,38,39,45,53,76,84,7248,3621,924,704,771,917,917,605,538,645,957,倍率参考式
風属性,426,766544,32,38,39,45,53,82,84,7248,3621,884,691,824,917,970,605,485,578,957,倍率参考式
風属性,427,766544,32,38,39,47,53,76,82,7248,3621,831,671,724,931,924,578,551,665,957,倍率参考式
風属性,428,766544,32,38,39,118,52,76,84,7248,3621,950,724,811,917,937,598,571,611,957,倍率参考式
風属性,429,766544,32,38,39,118,52,82,84,7248,3621,911,711,864,917,990,598,518,545,957,倍率参考式
風属性,430,766544,32,38,39,118,53,76,80,7248,3621,891,711,744,917,917,591,578,611,957,倍率参考式
風属性,431,766544,32,38,39,118,53,76,83,7248,3621,917,724,771,931,904,578,545,618,957,倍率参考式
風属性,432,766544,32,38,39,118,53,76,87,7248,3621,897,718,771,897,897,618,558,625,957,倍率参考式
風属性,433,766544,32,38,39,118,53,78,79,7248,3621,897,718,811,891,950,532,532,591,957,倍率参考式
風属性,434,766544,32,38,39,118,53,80,82,7248,3621,851,698,798,917,970,591,525,545,957,倍率参考式
風属性,435,766544,32,38,39,118,53,82,83,7248,3621,877,711,824,931,957,578,492,551,957,倍率参考式
風属性,436,766544,32,38,39,118,53,82,87,7248,3621,857,704,824,897,950,618,505,558,957,倍率参考式
風属性,437,766544,32,38,39,118,53,84,88,7248,3621,937,738,804,897,937,565,505,611,957,倍率参考式
風属性,438,766544,32,38,39,118,55,76,78,7248,3621,917,738,784,917,891,585,545,585,957,倍率参考式
風属性,439,766544,32,38,39,118,55,76,79,7248,3621,957,744,771,891,911,605,585,638,957,倍率参考式
風属性,440,766544,32,38,39,118,55,78,82,7248,3621,877,724,837,917,944,585,492,518,957,倍率参考式
風属性,441,766544,32,38,39,118,55,79,82,7248,3621,917,731,824,891,964,605,532,571,957,倍率参考式
風属性,442,766544,32,38,39,118,59,76,84,7248,3621,950,731,744,917,884,631,591,598,957,倍率参考式
風属性,443,766544,32,38,39,118,59,82,84,7248,3621,911,718,798,917,937,631,538,532,957,倍率参考式
風属性,444,766544,32,38,39,118,73,76,84,7248,3621,970,751,758,937,911,605,578,671,957,倍率参考式
風属性,445,766544,32,38,39,118,73,82,84,7248,3621,931,738,811,937,964,605,525,605,957,倍率参考式
風属性,446,766544,32,38,45,118,53,76,84,7248,3621,924,758,771,950,911,678,558,591,957,倍率参考式
風属性,447,766544,32,38,45,118,53,82,84,7248,3621,884,744,824,950,964,678,505,525,957,倍率参考式
風属性,448,766544,32,38,47,118,53,76,82,7248,3621,831,724,724,964,917,651,571,611,957,倍率参考式
風属性,449,766553,32,27,39,45,52,53,103,7062,3528,877,600,858,871,917,693,594,693,957,倍率参考式
風属性,450,766553,32,27,39,45,53,55,114,7062,3528,884,620,798,884,910,686,607,693,957,倍率参考式
風属性,451,766553,32,27,39,45,53,59,103,7062,3528,877,607,792,871,864,726,613,679,957,倍率参考式
風属性,452,766553,32,27,39,45,53,73,103,7062,3528,897,627,805,891,891,699,600,752,957,倍率参考式
風属性,453,766553,32,27,39,47,53,55,103,7062,3528,825,600,765,877,884,620,607,745,957,倍率参考式
風属性,454,766553,32,27,39,118,52,53,98,7062,3528,877,620,851,891,910,666,640,673,957,倍率参考式
風属性,455,766553,32,27,39,118,52,53,102,7062,3528,904,640,858,864,924,673,640,686,957,倍率参考式
風属性,456,766553,32,27,39,118,52,53,106,7062,3528,897,640,864,884,930,673,646,673,957,倍率参考式
風属性,457,766553,32,27,39,118,52,53,109,7062,3528,884,620,831,877,937,693,640,673,957,倍率参考式
風属性,458,766553,32,27,39,118,52,53,111,7062,3528,871,620,838,864,937,666,660,673,957,倍率参考式
風属性,459,766553,32,27,39,118,52,55,114,7062,3528,910,640,838,884,930,679,640,660,957,倍率参考式
風属性,460,766553,32,27,39,118,52,59,103,7062,3528,904,627,831,871,884,719,646,646,957,倍率参考式
風属性,461,766553,32,27,39,118,52,73,103,7062,3528,924,646,844,891,910,693,633,719,957,倍率参考式
風属性,462,766553,32,27,39,118,53,54,103,7062,3528,910,600,818,871,871,706,607,693,957,倍率参考式
風属性,463,766553,32,27,39,118,53,55,97,7062,3528,910,673,792,864,904,693,633,686,957,倍率参考式
風属性,464,766553,32,27,39,118,53,55,113,7062,3528,884,660,818,864,897,686,620,706,957,倍率参考式
風属性,465,766553,32,27,39,118,53,56,103,7062,3528,904,607,831,877,871,699,640,660,957,倍率参考式
風属性,466,766553,32,27,39,118,53,59,98,7062,3528,877,627,785,891,858,699,660,660,957,倍率参考式
風属性,467,766553,32,27,39,118,53,59,102,7062,3528,904,646,792,864,871,706,660,673,957,倍率参考式
風属性,468,766553,32,27,39,118,53,59,106,7062,3528,897,646,798,884,877,706,666,660,957,倍率参考式
風属性,469,766553,32,27,39,118,53,59,109,7062,3528,884,627,765,877,884,726,660,660,957,倍率参考式
風属性,470,766553,32,27,39,118,53,59,111,7062,3528,871,627,772,864,884,699,679,660,957,倍率参考式
風属性,471,766553,32,27,39,118,53,65,103,7062,3528,904,627,818,904,897,673,653,673,957,倍率参考式
風属性,472,766553,32,27,39,118,53,67,103,7062,3528,871,640,825,884,910,673,607,679,957,倍率参考式
風属性,473,766553,32,27,39,118,53,73,98,7062,3528,897,646,798,910,884,673,646,732,957,倍率参考式
風属性,474,766553,32,27,39,118,53,73,102,7062,3528,924,666,805,884,897,679,646,745,957,倍率参考式
風属性,475,766553,32,27,39,118,53,73,106,7062,3528,917,666,811,904,904,679,653,732,957,倍率参考式
風属性,476,766553,32,27,39,118,53,73,109,7062,3528,904,646,778,897,910,699,646,732,957,倍率参考式
風属性,477,766553,32,27,39,118,53,73,111,7062,3528,891,646,785,884,910,673,666,732,957,倍率参考式
風属性,478,766553,32,27,39,118,55,59,114,7062,3528,910,646,772,884,877,712,660,646,957,倍率参考式
風属性,479,766553,32,27,39,118,55,73,114,7062,3528,930,666,785,904,904,686,646,719,957,倍率参考式
風属性,480,766553,32,27,39,118,59,73,103,7062,3528,924,653,778,891,858,726,653,706,957,倍率参考式
風属性,481,766553,32,27,45,118,52,53,103,7062,3528,877,653,858,904,910,765,613,640,957,倍率参考式
風属性,482,766553,32,27,45,118,53,55,114,7062,3528,884,673,798,917,904,759,627,640,957,倍率参考式
風属性,483,766553,32,27,45,118,53,59,103,7062,3528,877,660,792,904,858,798,633,627,957,倍率参考式
風属性,484,766553,32,27,45,118,53,73,103,7062,3528,897,679,805,924,884,772,620,699,957,倍率参考式
風属性,485,766553,32,27,47,118,53,55,103,7062,3528,825,653,765,910,877,693,627,693,957,倍率参考式
風属性,486,766553,32,28,39,118,52,53,103,7062,3528,858,660,851,904,924,653,594,653,957,倍率参考式
風属性,487,766553,32,28,39,118,53,55,114,7062,3528,864,679,792,917,917,646,607,653,957,倍率参考式
風属性,488,766553,32,28,39,118,53,59,103,7062,3528,858,666,785,904,871,686,613,640,957,倍率参考式
風属性,489,766553,32,28,39,118,53,73,103,7062,3528,877,686,798,924,897,660,600,712,957,倍率参考式
風属性,490,766553,32,38,39,45,53,55,103,7062,3528,884,693,792,877,917,561,468,580,957,倍率参考式
風属性,491,766553,32,38,39,118,52,53,96,7062,3528,897,693,811,884,970,534,501,561,957,倍率参考式
風属性,492,766553,32,38,39,118,52,53,104,7062,3528,891,712,825,897,963,561,521,594,957,倍率参考式
風属性,493,766553,32,38,39,118,52,55,103,7062,3528,910,712,831,877,937,554,501,547,957,倍率参考式
風属性,494,766553,32,38,39,118,53,55,98,7062,3528,884,712,785,897,910,534,514,561,957,倍率参考式
風属性,495,766553,32,38,39,118,53,55,102,7062,3528,910,732,792,871,924,541,514,574,957,倍率参考式
風属性,496,766553,32,38,39,118,53,55,106,7062,3528,904,732,798,891,930,541,521,561,957,倍率参考式
風属性,497,766553,32,38,39,118,53,55,109,7062,3528,891,712,765,884,937,561,514,561,957,倍率参考式
風属性,498,766553,32,38,39,118,53,55,111,7062,3528,877,712,772,871,937,534,534,561,957,倍率参考式
風属性,499,766553,32,38,39,118,53,59,96,7062,3528,897,699,745,884,917,567,521,547,957,倍率参考式
風属性,500,766553,32,38,39,118,53,59,104,7062,3528,891,719,759,897,910,594,541,580,957,倍率参考式
