result_id,陣形,bond_count,配置1,配置2,配置3,配置4,配置5,配置6,配置ID1,配置ID2,配置ID3,配置ID4,配置ID5,配置ID6,発動因縁,有効ライン1,有効ライン1因縁,有効ライン2,有効ライン2因縁,有効ライン3,有効ライン3因縁,重複除外キー,生命,気合,腕力,耐久力,器用さ,知力,魅力,土属性,水属性,火属性,風属性,総合値,total_score,stat_status,calc_source
G3_REBUILD56_DEDUP_6_0002426,魚鱗,6,十河一存,山県昌景,長野業正,上杉憲政,小松姫,伊達成実,EIK_0039,EIK_0291,EIK_0103,EIK_0014,EIK_0297,EIK_0268,侍|武芸の絆|もののふ|豪傑|老練闊達|勇猛果敢,1-2-3,侍|もののふ,3-4-5,老練闊達|勇猛果敢,5-6-1,武芸の絆|豪傑,魚鱗||等級3以下ON||6||EIK_0014|EIK_0039|EIK_0103|EIK_0268|EIK_0291|EIK_0297,6868,2217,612,145,213,39,33,0,0,0,0,10127,10127,ステータス計算済み,GRADE3_5_6_REBUILD_LINE3_RULE_SAME6_DEDUP_20260628
G3_REBUILD56_DEDUP_6_0002427,魚鱗,6,十河一存,小雀,山県昌景,薄田兼相,柴田勝家,森田浄曇,EIK_0039,EIK_0365,EIK_0291,EIK_0005,EIK_0294,EIK_0179,侍|剣豪の絆|豪傑|一気呵成|意気衝天|意気軒昂,1-2-3,侍|豪傑|意気衝天,3-4-5,侍|剣豪の絆|意気軒昂,5-6-1,一気呵成,魚鱗||等級3以下ON||6||EIK_0005|EIK_0039|EIK_0179|EIK_0291|EIK_0294|EIK_0365,6798,2302,578,36,247,42,122,0,0,0,0,10125,10125,ステータス計算済み,GRADE3_5_6_REBUILD_LINE3_RULE_SAME6_DEDUP_20260628
G3_REBUILD56_DEDUP_6_0002428,魚鱗,6,十河一存,黒百合,山県昌景,薄田兼相,柴田勝家,北条氏邦,EIK_0039,EIK_0032,EIK_0291,EIK_0005,EIK_0294,EIK_0040,侍|武芸の絆|剣豪の絆|豪傑|意気衝天|意気軒昂,1-2-3,豪傑|意気衝天,3-4-5,侍|剣豪の絆|意気軒昂,5-6-1,武芸の絆,魚鱗||等級3以下ON||6||EIK_0005|EIK_0032|EIK_0039|EIK_0040|EIK_0291|EIK_0294,6763,2348,566,77,246,40,80,0,0,0,0,10120,10120,ステータス計算済み,GRADE3_5_6_REBUILD_LINE3_RULE_SAME6_DEDUP_20260628
G3_REBUILD56_DEDUP_6_0002429,魚鱗,6,十河一存,小松姫,山県昌景,薄田兼相,柴田勝家,甲山太郎次郎,EIK_0039,EIK_0297,EIK_0291,EIK_0005,EIK_0294,EIK_0336,侍|剣豪の絆|豪傑|一気呵成|意気衝天|意気軒昂,1-2-3,豪傑|意気衝天,3-4-5,侍|剣豪の絆|意気軒昂,5-6-1,一気呵成,魚鱗||等級3以下ON||6||EIK_0005|EIK_0039|EIK_0291|EIK_0294|EIK_0297|EIK_0336,6710,2289,673,34,247,39,126,0,0,0,0,10118,10118,ステータス計算済み,GRADE3_5_6_REBUILD_LINE3_RULE_SAME6_DEDUP_20260628
G3_REBUILD56_DEDUP_6_0002430,魚鱗,6,十河一存,黒百合,山県昌景,薄田兼相,柴田勝家,三好義賢,EIK_0039,EIK_0032,EIK_0291,EIK_0005,EIK_0294,EIK_0289,侍|武芸の絆|剣豪の絆|豪傑|意気衝天|意気軒昂,1-2-3,豪傑|意気衝天,3-4-5,侍|剣豪の絆|意気軒昂,5-6-1,武芸の絆,魚鱗||等級3以下ON||6||EIK_0005|EIK_0032|EIK_0039|EIK_0289|EIK_0291|EIK_0294,6763,2348,561,78,246,40,80,0,0,0,0,10116,10116,ステータス計算済み,GRADE3_5_6_REBUILD_LINE3_RULE_SAME6_DEDUP_20260628
G3_REBUILD56_DEDUP_6_0002431,魚鱗,6,十河一存,黒百合,山県昌景,薄田兼相,柴田勝家,伴長信,EIK_0039,EIK_0032,EIK_0291,EIK_0005,EIK_0294,EIK_0316,侍|剣豪の絆|豪傑|一気呵成|意気衝天|意気軒昂,1-2-3,豪傑|意気衝天,3-4-5,侍|剣豪の絆|意気軒昂,5-6-1,一気呵成,魚鱗||等級3以下ON||6||EIK_0005|EIK_0032|EIK_0039|EIK_0291|EIK_0294|EIK_0316,6723,2292,635,34,266,41,125,0,0,0,0,10116,10116,ステータス計算済み,GRADE3_5_6_REBUILD_LINE3_RULE_SAME6_DEDUP_20260628
G3_REBUILD56_DEDUP_6_0002432,魚鱗,6,真柄直隆,薄田兼相,山県昌景,十河一存,小松姫,色部勝長,EIK_0132,EIK_0005,EIK_0291,EIK_0039,EIK_0297,EIK_0298,侍|武芸の絆|剣豪の絆|戦場の華|豪傑|意気衝天,1-2-3,侍|剣豪の絆,3-4-5,豪傑|意気衝天,5-6-1,武芸の絆|戦場の華,魚鱗||等級3以下ON||6||EIK_0005|EIK_0039|EIK_0132|EIK_0291|EIK_0297|EIK_0298,6769,2347,519,80,211,70,120,0,0,0,0,10116,10116,ステータス計算済み,GRADE3_5_6_REBUILD_LINE3_RULE_SAME6_DEDUP_20260628
G3_REBUILD56_DEDUP_6_0002433,魚鱗,6,十河一存,黒百合,山県昌景,薄田兼相,柴田勝家,色部勝長,EIK_0039,EIK_0032,EIK_0291,EIK_0005,EIK_0294,EIK_0298,侍|武芸の絆|剣豪の絆|豪傑|意気衝天|意気軒昂,1-2-3,豪傑|意気衝天,3-4-5,侍|剣豪の絆|意気軒昂,5-6-1,武芸の絆,魚鱗||等級3以下ON||6||EIK_0005|EIK_0032|EIK_0039|EIK_0291|EIK_0294|EIK_0298,6763,2348,568,78,237,40,80,0,0,0,0,10114,10114,ステータス計算済み,GRADE3_5_6_REBUILD_LINE3_RULE_SAME6_DEDUP_20260628
G3_REBUILD56_DEDUP_6_0002434,魚鱗,6,十河一存,黒百合,山県昌景,薄田兼相,柴田勝家,山中俊房,EIK_0039,EIK_0032,EIK_0291,EIK_0005,EIK_0294,EIK_0292,侍|剣豪の絆|豪傑|一気呵成|意気衝天|意気軒昂,1-2-3,豪傑|意気衝天,3-4-5,侍|剣豪の絆|意気軒昂,5-6-1,一気呵成,魚鱗||等級3以下ON||6||EIK_0005|EIK_0032|EIK_0039|EIK_0291|EIK_0292|EIK_0294,6666,2328,656,34,265,40,123,0,0,0,0,10112,10112,ステータス計算済み,GRADE3_5_6_REBUILD_LINE3_RULE_SAME6_DEDUP_20260628
G3_REBUILD56_DEDUP_6_0002435,魚鱗,6,真柄直隆,薄田兼相,山県昌景,十河一存,小松姫,井伊直政,EIK_0132,EIK_0005,EIK_0291,EIK_0039,EIK_0297,EIK_0041,侍|武芸の絆|剣豪の絆|戦場の華|豪傑|意気衝天,1-2-3,侍|剣豪の絆,3-4-5,豪傑|意気衝天,5-6-1,武芸の絆|戦場の華,魚鱗||等級3以下ON||6||EIK_0005|EIK_0039|EIK_0041|EIK_0132|EIK_0291|EIK_0297,6769,2347,511,80,214,70,120,0,0,0,0,10111,10111,ステータス計算済み,GRADE3_5_6_REBUILD_LINE3_RULE_SAME6_DEDUP_20260628
G3_REBUILD56_DEDUP_6_0002436,魚鱗,6,十河一存,黒百合,山県昌景,薄田兼相,柴田勝家,斎藤朝信,EIK_0039,EIK_0032,EIK_0291,EIK_0005,EIK_0294,EIK_0037,侍|武芸の絆|剣豪の絆|豪傑|意気衝天|意気軒昂,1-2-3,豪傑|意気衝天,3-4-5,侍|剣豪の絆|意気軒昂,5-6-1,武芸の絆,魚鱗||等級3以下ON||6||EIK_0005|EIK_0032|EIK_0037|EIK_0039|EIK_0291|EIK_0294,6763,2348,551,78,250,40,80,0,0,0,0,10110,10110,ステータス計算済み,GRADE3_5_6_REBUILD_LINE3_RULE_SAME6_DEDUP_20260628
G3_REBUILD56_DEDUP_6_0002437,魚鱗,6,十河一存,黒百合,山県昌景,薄田兼相,柴田勝家,井伊直政,EIK_0039,EIK_0032,EIK_0291,EIK_0005,EIK_0294,EIK_0041,侍|武芸の絆|剣豪の絆|豪傑|意気衝天|意気軒昂,1-2-3,豪傑|意気衝天,3-4-5,侍|剣豪の絆|意気軒昂,5-6-1,武芸の絆,魚鱗||等級3以下ON||6||EIK_0005|EIK_0032|EIK_0039|EIK_0041|EIK_0291|EIK_0294,6763,2348,559,78,242,40,80,0,0,0,0,10110,10110,ステータス計算済み,GRADE3_5_6_REBUILD_LINE3_RULE_SAME6_DEDUP_20260628
G3_REBUILD56_DEDUP_6_0002438,魚鱗,6,十河一存,黒百合,山県昌景,薄田兼相,柴田勝家,本多忠勝,EIK_0039,EIK_0032,EIK_0291,EIK_0005,EIK_0294,EIK_0181,侍|武芸の絆|剣豪の絆|豪傑|意気衝天|意気軒昂,1-2-3,豪傑|意気衝天,3-4-5,侍|剣豪の絆|意気軒昂,5-6-1,武芸の絆,魚鱗||等級3以下ON||6||EIK_0005|EIK_0032|EIK_0039|EIK_0181|EIK_0291|EIK_0294,6763,2348,551,75,246,40,80,0,0,0,0,10103,10103,ステータス計算済み,GRADE3_5_6_REBUILD_LINE3_RULE_SAME6_DEDUP_20260628
G3_REBUILD56_DEDUP_6_0002439,魚鱗,6,真柄直隆,薄田兼相,山県昌景,十河一存,小松姫,本多忠勝,EIK_0132,EIK_0005,EIK_0291,EIK_0039,EIK_0297,EIK_0181,侍|武芸の絆|剣豪の絆|戦場の華|豪傑|意気衝天,1-2-3,侍|剣豪の絆,3-4-5,豪傑|意気衝天,5-6-1,武芸の絆|戦場の華,魚鱗||等級3以下ON||6||EIK_0005|EIK_0039|EIK_0132|EIK_0181|EIK_0291|EIK_0297,6769,2347,503,77,217,70,120,0,0,0,0,10103,10103,ステータス計算済み,GRADE3_5_6_REBUILD_LINE3_RULE_SAME6_DEDUP_20260628
G3_REBUILD56_DEDUP_6_0002440,魚鱗,6,伊賀崎道順,本願寺実悟,甲斐姫,十河一存,山県昌景,来福寺左京,EIK_0076,EIK_0355,EIK_0112,EIK_0039,EIK_0291,EIK_0356,侍|豪傑|奇襲|籠城名手|能鷹隠爪|意気衝天,1-2-3,籠城名手|能鷹隠爪,3-4-5,侍|豪傑|意気衝天,5-6-1,奇襲,魚鱗||等級3以下ON||6||EIK_0039|EIK_0076|EIK_0112|EIK_0291|EIK_0355|EIK_0356,6788,2358,191,179,229,127,119,27,26,28,27,10099,10099,ステータス計算済み,GRADE3_5_6_REBUILD_LINE3_RULE_SAME6_DEDUP_20260628
G3_REBUILD56_DEDUP_6_0002441,魚鱗,6,薄田兼相,山県昌景,柴田勝家,妙玖,池田勝正,支倉常長,EIK_0005,EIK_0291,EIK_0294,EIK_0097,EIK_0306,EIK_0038,侍|武士道の絆|剣豪の絆|王佐之才|衣鉢相伝|意気軒昂,1-2-3,侍|剣豪の絆|意気軒昂,3-4-5,王佐之才|衣鉢相伝,5-6-1,武士道の絆,魚鱗||等級3以下ON||6||EIK_0005|EIK_0038|EIK_0097|EIK_0291|EIK_0294|EIK_0306,6845,2156,361,216,123,0,261,34,33,33,34,10096,10096,ステータス計算済み,GRADE3_5_6_REBUILD_LINE3_RULE_SAME6_DEDUP_20260628
G3_REBUILD56_DEDUP_6_0002442,魚鱗,6,十河一存,黒百合,山県昌景,薄田兼相,柴田勝家,伊達成実,EIK_0039,EIK_0032,EIK_0291,EIK_0005,EIK_0294,EIK_0268,侍|武芸の絆|剣豪の絆|豪傑|意気衝天|意気軒昂,1-2-3,豪傑|意気衝天,3-4-5,侍|剣豪の絆|意気軒昂,5-6-1,武芸の絆,魚鱗||等級3以下ON||6||EIK_0005|EIK_0032|EIK_0039|EIK_0268|EIK_0291|EIK_0294,6763,2311,568,78,250,40,80,0,0,0,0,10090,10090,ステータス計算済み,GRADE3_5_6_REBUILD_LINE3_RULE_SAME6_DEDUP_20260628
G3_REBUILD56_DEDUP_6_0002443,魚鱗,6,十河一存,蛍,山県昌景,薄田兼相,柴田勝家,伊賀崎道順,EIK_0039,EIK_0333,EIK_0291,EIK_0005,EIK_0294,EIK_0076,侍|剣豪の絆|豪傑|一気呵成|意気衝天|意気軒昂,1-2-3,豪傑|意気衝天,3-4-5,侍|剣豪の絆|意気軒昂,5-6-1,一気呵成,魚鱗||等級3以下ON||6||EIK_0005|EIK_0039|EIK_0076|EIK_0291|EIK_0294|EIK_0333,6731,2270,613,34,258,47,128,0,0,0,0,10081,10081,ステータス計算済み,GRADE3_5_6_REBUILD_LINE3_RULE_SAME6_DEDUP_20260628
G3_REBUILD56_DEDUP_6_0002444,魚鱗,6,十河一存,蛍,山県昌景,薄田兼相,柴田勝家,真柄直隆,EIK_0039,EIK_0333,EIK_0291,EIK_0005,EIK_0294,EIK_0132,侍|武芸の絆|剣豪の絆|豪傑|意気衝天|意気軒昂,1-2-3,豪傑|意気衝天,3-4-5,侍|剣豪の絆|意気軒昂,5-6-1,武芸の絆,魚鱗||等級3以下ON||6||EIK_0005|EIK_0039|EIK_0132|EIK_0291|EIK_0294|EIK_0333,6834,2234,566,78,253,36,78,0,0,0,0,10079,10079,ステータス計算済み,GRADE3_5_6_REBUILD_LINE3_RULE_SAME6_DEDUP_20260628
G3_REBUILD56_DEDUP_6_0002445,魚鱗,6,十河一存,小雀,山県昌景,御子神典膳,柴田勝家,遠藤直経,EIK_0039,EIK_0365,EIK_0291,EIK_0045,EIK_0294,EIK_0271,侍|剣豪の絆|豪傑|一気呵成|意気衝天|意気軒昂,1-2-3,侍|豪傑|意気衝天,3-4-5,剣豪の絆|意気軒昂,5-6-1,一気呵成,魚鱗||等級3以下ON||6||EIK_0039|EIK_0045|EIK_0271|EIK_0291|EIK_0294|EIK_0365,6701,2271,632,30,267,37,136,0,0,0,0,10074,10074,ステータス計算済み,GRADE3_5_6_REBUILD_LINE3_RULE_SAME6_DEDUP_20260628
G3_REBUILD56_DEDUP_6_0002446,魚鱗,6,十河一存,小雀,山県昌景,薄田兼相,柴田勝家,遠藤直経,EIK_0039,EIK_0365,EIK_0291,EIK_0005,EIK_0294,EIK_0271,侍|剣豪の絆|豪傑|一気呵成|意気衝天|意気軒昂,1-2-3,侍|豪傑|意気衝天,3-4-5,侍|剣豪の絆|意気軒昂,5-6-1,一気呵成,魚鱗||等級3以下ON||6||EIK_0005|EIK_0039|EIK_0271|EIK_0291|EIK_0294|EIK_0365,6737,2262,620,34,257,37,120,0,0,0,0,10067,10067,ステータス計算済み,GRADE3_5_6_REBUILD_LINE3_RULE_SAME6_DEDUP_20260628
G3_REBUILD56_DEDUP_6_0002447,魚鱗,6,長野業正,北条氏照,本庄繁長,柴田勝家,小松姫,上杉憲政,EIK_0103,EIK_0321,EIK_0153,EIK_0294,EIK_0297,EIK_0014,侍|武芸の絆|もののふ|豪傑|老練闊達|勇猛果敢,1-2-3,侍|もののふ,3-4-5,武芸の絆|豪傑,5-6-1,老練闊達|勇猛果敢,魚鱗||等級3以下ON||6||EIK_0014|EIK_0103|EIK_0153|EIK_0294|EIK_0297|EIK_0321,6660,2410,566,149,206,41,33,0,0,0,0,10065,10065,ステータス計算済み,GRADE3_5_6_REBUILD_LINE3_RULE_SAME6_DEDUP_20260628
G3_REBUILD56_DEDUP_6_0002448,魚鱗,6,十河一存,黒百合,山県昌景,薄田兼相,柴田勝家,甲山太郎次郎,EIK_0039,EIK_0032,EIK_0291,EIK_0005,EIK_0294,EIK_0336,侍|剣豪の絆|豪傑|一気呵成|意気衝天|意気軒昂,1-2-3,豪傑|意気衝天,3-4-5,侍|剣豪の絆|意気軒昂,5-6-1,一気呵成,魚鱗||等級3以下ON||6||EIK_0005|EIK_0032|EIK_0039|EIK_0291|EIK_0294|EIK_0336,6706,2283,634,33,243,39,121,0,0,0,0,10059,10059,ステータス計算済み,GRADE3_5_6_REBUILD_LINE3_RULE_SAME6_DEDUP_20260628
G3_REBUILD56_DEDUP_6_0002449,魚鱗,6,十河一存,甲斐姫,山県昌景,塩屋秋貞,北条氏照,岡部元信,EIK_0039,EIK_0112,EIK_0291,EIK_0359,EIK_0321,EIK_0272,侍|軍学の絆|勇将の絆|もののふ|豪傑|意気衝天,1-2-3,侍|豪傑|意気衝天,3-4-5,軍学の絆|勇将の絆,5-6-1,侍|もののふ,魚鱗||等級3以下ON||6||EIK_0039|EIK_0112|EIK_0272|EIK_0291|EIK_0321|EIK_0359,6875,2314,317,228,127,102,88,0,0,0,0,10051,10051,ステータス計算済み,GRADE3_5_6_REBUILD_LINE3_RULE_SAME6_DEDUP_20260628
G3_REBUILD56_DEDUP_6_0002450,魚鱗,6,長野業正,北条氏照,本庄繁長,伊達成実,小松姫,上杉憲政,EIK_0103,EIK_0321,EIK_0153,EIK_0268,EIK_0297,EIK_0014,侍|武芸の絆|もののふ|豪傑|老練闊達|勇猛果敢,1-2-3,侍|もののふ,3-4-5,武芸の絆|豪傑,5-6-1,老練闊達|勇猛果敢,魚鱗||等級3以下ON||6||EIK_0014|EIK_0103|EIK_0153|EIK_0268|EIK_0297|EIK_0321,6660,2377,570,149,214,41,33,0,0,0,0,10044,10044,ステータス計算済み,GRADE3_5_6_REBUILD_LINE3_RULE_SAME6_DEDUP_20260628
G3_REBUILD56_DEDUP_6_0002451,魚鱗,6,十河一存,小雀,山県昌景,薄田兼相,柴田勝家,本庄繁長,EIK_0039,EIK_0365,EIK_0291,EIK_0005,EIK_0294,EIK_0153,侍|武芸の絆|剣豪の絆|豪傑|意気衝天|意気軒昂,1-2-3,侍|豪傑|意気衝天,3-4-5,侍|剣豪の絆|意気軒昂,5-6-1,武芸の絆,魚鱗||等級3以下ON||6||EIK_0005|EIK_0039|EIK_0153|EIK_0291|EIK_0294|EIK_0365,6620,2459,522,80,242,39,79,0,0,0,0,10041,10041,ステータス計算済み,GRADE3_5_6_REBUILD_LINE3_RULE_SAME6_DEDUP_20260628
G3_REBUILD56_DEDUP_6_0002452,魚鱗,6,十河一存,小雀,山県昌景,御子神典膳,柴田勝家,出浦盛清,EIK_0039,EIK_0365,EIK_0291,EIK_0045,EIK_0294,EIK_0296,侍|剣豪の絆|豪傑|一気呵成|意気衝天|意気軒昂,1-2-3,侍|豪傑|意気衝天,3-4-5,剣豪の絆|意気軒昂,5-6-1,一気呵成,魚鱗||等級3以下ON||6||EIK_0039|EIK_0045|EIK_0291|EIK_0294|EIK_0296|EIK_0365,6631,2271,666,30,271,36,136,0,0,0,0,10041,10041,ステータス計算済み,GRADE3_5_6_REBUILD_LINE3_RULE_SAME6_DEDUP_20260628
G3_REBUILD56_DEDUP_6_0002453,魚鱗,6,伊賀崎道順,西光寺真敬,甲斐姫,十河一存,山県昌景,下間頼廉,EIK_0076,EIK_0303,EIK_0112,EIK_0039,EIK_0291,EIK_0360,侍|豪傑|奇襲|籠城名手|能鷹隠爪|意気衝天,1-2-3,籠城名手|能鷹隠爪,3-4-5,侍|豪傑|意気衝天,5-6-1,奇襲,魚鱗||等級3以下ON||6||EIK_0039|EIK_0076|EIK_0112|EIK_0291|EIK_0303|EIK_0360,6751,2338,195,184,215,128,117,27,26,29,28,10038,10038,ステータス計算済み,GRADE3_5_6_REBUILD_LINE3_RULE_SAME6_DEDUP_20260628
G3_REBUILD56_DEDUP_6_0002454,魚鱗,6,十河一存,小松姫,山県昌景,薄田兼相,柴田勝家,来福寺左京,EIK_0039,EIK_0297,EIK_0291,EIK_0005,EIK_0294,EIK_0356,侍|剣豪の絆|豪傑|一気呵成|意気衝天|意気軒昂,1-2-3,豪傑|意気衝天,3-4-5,侍|剣豪の絆|意気軒昂,5-6-1,一気呵成,魚鱗||等級3以下ON||6||EIK_0005|EIK_0039|EIK_0291|EIK_0294|EIK_0297|EIK_0356,6639,2291,655,34,253,39,126,0,0,0,0,10037,10037,ステータス計算済み,GRADE3_5_6_REBUILD_LINE3_RULE_SAME6_DEDUP_20260628
G3_REBUILD56_DEDUP_6_0002455,魚鱗,6,薄田兼相,柴田勝家,山県昌景,十河一存,小松姫,下間頼廉,EIK_0005,EIK_0294,EIK_0291,EIK_0039,EIK_0297,EIK_0360,侍|剣豪の絆|豪傑|意気衝天|意気軒昂|日進月歩,1-2-3,侍|剣豪の絆|意気軒昂,3-4-5,豪傑|意気衝天,5-6-1,日進月歩,魚鱗||等級3以下ON||6||EIK_0005|EIK_0039|EIK_0291|EIK_0294|EIK_0297|EIK_0360,6732,2266,559,80,283,38,79,0,0,0,0,10037,10037,ステータス計算済み,GRADE3_5_6_REBUILD_LINE3_RULE_SAME6_DEDUP_20260628
G3_REBUILD56_DEDUP_6_0002456,魚鱗,6,十河一存,小雀,山県昌景,薄田兼相,柴田勝家,出浦盛清,EIK_0039,EIK_0365,EIK_0291,EIK_0005,EIK_0294,EIK_0296,侍|剣豪の絆|豪傑|一気呵成|意気衝天|意気軒昂,1-2-3,侍|豪傑|意気衝天,3-4-5,侍|剣豪の絆|意気軒昂,5-6-1,一気呵成,魚鱗||等級3以下ON||6||EIK_0005|EIK_0039|EIK_0291|EIK_0294|EIK_0296|EIK_0365,6667,2262,655,34,261,37,120,0,0,0,0,10036,10036,ステータス計算済み,GRADE3_5_6_REBUILD_LINE3_RULE_SAME6_DEDUP_20260628
G3_REBUILD56_DEDUP_6_0002457,魚鱗,6,十河一存,本庄繁長,御子神典膳,柴田勝家,山県昌景,小雀,EIK_0039,EIK_0153,EIK_0045,EIK_0294,EIK_0291,EIK_0365,侍|武芸の絆|剣豪の絆|豪傑|意気衝天|意気軒昂,1-2-3,武芸の絆,3-4-5,剣豪の絆|意気軒昂,5-6-1,侍|豪傑|意気衝天,魚鱗||等級3以下ON||6||EIK_0039|EIK_0045|EIK_0153|EIK_0291|EIK_0294|EIK_0365,6584,2468,532,74,251,38,89,0,0,0,0,10036,10036,ステータス計算済み,GRADE3_5_6_REBUILD_LINE3_RULE_SAME6_DEDUP_20260628
G3_REBUILD56_DEDUP_6_0002458,魚鱗,6,支倉常長,願証寺証恵,香宗我部親泰,北条氏邦,北条高広,甲斐姫,EIK_0038,EIK_0278,EIK_0087,EIK_0040,EIK_0319,EIK_0112,侍|武士道の絆|立役者|謀略家|雄材大略|摂理探究,1-2-3,立役者|摂理探究,3-4-5,侍|謀略家,5-6-1,武士道の絆|雄材大略,魚鱗||等級3以下ON||6||EIK_0038|EIK_0040|EIK_0087|EIK_0112|EIK_0278|EIK_0319,6824,1850,185,89,0,339,146,153,162,137,149,10034,10034,ステータス計算済み,GRADE3_5_6_REBUILD_LINE3_RULE_SAME6_DEDUP_20260628
G3_REBUILD56_DEDUP_6_0002459,魚鱗,6,十河一存,小雀,山県昌景,御子神典膳,柴田勝家,窯隠れの才蔵,EIK_0039,EIK_0365,EIK_0291,EIK_0045,EIK_0294,EIK_0326,侍|剣豪の絆|豪傑|一気呵成|意気衝天|意気軒昂,1-2-3,侍|豪傑|意気衝天,3-4-5,剣豪の絆|意気軒昂,5-6-1,一気呵成,魚鱗||等級3以下ON||6||EIK_0039|EIK_0045|EIK_0291|EIK_0294|EIK_0326|EIK_0365,6707,2285,591,30,245,40,136,0,0,0,0,10034,10034,ステータス計算済み,GRADE3_5_6_REBUILD_LINE3_RULE_SAME6_DEDUP_20260628
G3_REBUILD56_DEDUP_6_0002460,魚鱗,6,十河一存,小雀,山県昌景,御子神典膳,柴田勝家,滝川一益,EIK_0039,EIK_0365,EIK_0291,EIK_0045,EIK_0294,EIK_0304,侍|剣豪の絆|豪傑|一気呵成|意気衝天|意気軒昂,1-2-3,侍|豪傑|意気衝天,3-4-5,剣豪の絆|意気軒昂,5-6-1,一気呵成,魚鱗||等級3以下ON||6||EIK_0039|EIK_0045|EIK_0291|EIK_0294|EIK_0304|EIK_0365,6638,2269,649,31,272,37,135,0,0,0,0,10031,10031,ステータス計算済み,GRADE3_5_6_REBUILD_LINE3_RULE_SAME6_DEDUP_20260628
G3_REBUILD56_DEDUP_6_0002461,魚鱗,6,十河一存,小雀,山県昌景,薄田兼相,柴田勝家,窯隠れの才蔵,EIK_0039,EIK_0365,EIK_0291,EIK_0005,EIK_0294,EIK_0326,侍|剣豪の絆|豪傑|一気呵成|意気衝天|意気軒昂,1-2-3,侍|豪傑|意気衝天,3-4-5,侍|剣豪の絆|意気軒昂,5-6-1,一気呵成,魚鱗||等級3以下ON||6||EIK_0005|EIK_0039|EIK_0291|EIK_0294|EIK_0326|EIK_0365,6743,2275,579,33,234,40,120,0,0,0,0,10024,10024,ステータス計算済み,GRADE3_5_6_REBUILD_LINE3_RULE_SAME6_DEDUP_20260628
G3_REBUILD56_DEDUP_6_0002462,魚鱗,6,十河一存,小雀,山県昌景,薄田兼相,柴田勝家,滝川一益,EIK_0039,EIK_0365,EIK_0291,EIK_0005,EIK_0294,EIK_0304,侍|剣豪の絆|豪傑|一気呵成|意気衝天|意気軒昂,1-2-3,侍|豪傑|意気衝天,3-4-5,侍|剣豪の絆|意気軒昂,5-6-1,一気呵成,魚鱗||等級3以下ON||6||EIK_0005|EIK_0039|EIK_0291|EIK_0294|EIK_0304|EIK_0365,6673,2260,636,34,262,38,120,0,0,0,0,10023,10023,ステータス計算済み,GRADE3_5_6_REBUILD_LINE3_RULE_SAME6_DEDUP_20260628
G3_REBUILD56_DEDUP_6_0002463,魚鱗,6,十河一存,黒百合,山県昌景,薄田兼相,柴田勝家,小松姫,EIK_0039,EIK_0032,EIK_0291,EIK_0005,EIK_0294,EIK_0297,侍|武芸の絆|剣豪の絆|豪傑|意気衝天|意気軒昂,1-2-3,豪傑|意気衝天,3-4-5,侍|剣豪の絆|意気軒昂,5-6-1,武芸の絆|豪傑,魚鱗||等級3以下ON||6||EIK_0005|EIK_0032|EIK_0039|EIK_0291|EIK_0294|EIK_0297,6658,2348,568,78,246,41,83,0,0,0,0,10022,10022,ステータス計算済み,GRADE3_5_6_REBUILD_LINE3_RULE_SAME6_DEDUP_20260628
G3_REBUILD56_DEDUP_6_0002464,魚鱗,6,十河一存,小松姫,山県昌景,薄田兼相,柴田勝家,真田信尹,EIK_0039,EIK_0297,EIK_0291,EIK_0005,EIK_0294,EIK_0347,侍|武芸の絆|剣豪の絆|豪傑|意気衝天|意気軒昂,1-2-3,豪傑|意気衝天,3-4-5,侍|剣豪の絆|意気軒昂,5-6-1,武芸の絆,魚鱗||等級3以下ON||6||EIK_0005|EIK_0039|EIK_0291|EIK_0294|EIK_0297|EIK_0347,6689,2301,585,78,246,39,82,0,0,0,0,10020,10020,ステータス計算済み,GRADE3_5_6_REBUILD_LINE3_RULE_SAME6_DEDUP_20260628
G3_REBUILD56_DEDUP_6_0002465,魚鱗,6,伊賀崎道順,西光寺真敬,甲斐姫,十河一存,山県昌景,石川五右衛門,EIK_0076,EIK_0303,EIK_0112,EIK_0039,EIK_0291,EIK_0368,侍|豪傑|奇襲|籠城名手|能鷹隠爪|意気衝天,1-2-3,籠城名手|能鷹隠爪,3-4-5,侍|豪傑|意気衝天,5-6-1,奇襲,魚鱗||等級3以下ON||6||EIK_0039|EIK_0076|EIK_0112|EIK_0291|EIK_0303|EIK_0368,6754,2328,181,182,214,132,118,27,26,30,28,10020,10020,ステータス計算済み,GRADE3_5_6_REBUILD_LINE3_RULE_SAME6_DEDUP_20260628
G3_REBUILD56_DEDUP_6_0002466,魚鱗,6,十河一存,小松姫,山県昌景,薄田兼相,柴田勝家,福島勝広,EIK_0039,EIK_0297,EIK_0291,EIK_0005,EIK_0294,EIK_0353,侍|武芸の絆|剣豪の絆|豪傑|意気衝天|意気軒昂,1-2-3,豪傑|意気衝天,3-4-5,侍|剣豪の絆|意気軒昂,5-6-1,武芸の絆,魚鱗||等級3以下ON||6||EIK_0005|EIK_0039|EIK_0291|EIK_0294|EIK_0297|EIK_0353,6689,2301,585,79,243,39,82,0,0,0,0,10018,10018,ステータス計算済み,GRADE3_5_6_REBUILD_LINE3_RULE_SAME6_DEDUP_20260628
G3_REBUILD56_DEDUP_6_0002470,魚鱗,6,十河一存,蛍,山県昌景,薄田兼相,柴田勝家,唐沢玄蕃,EIK_0039,EIK_0333,EIK_0291,EIK_0005,EIK_0294,EIK_0044,侍|剣豪の絆|豪傑|一気呵成|意気衝天|意気軒昂,1-2-3,豪傑|意気衝天,3-4-5,侍|剣豪の絆|意気軒昂,5-6-1,一気呵成,魚鱗||等級3以下ON||6||EIK_0005|EIK_0039|EIK_0044|EIK_0291|EIK_0294|EIK_0333,6687,2223,653,34,260,37,121,0,0,0,0,10015,10015,ステータス計算済み,GRADE3_5_6_REBUILD_LINE3_RULE_SAME6_DEDUP_20260628
G3_REBUILD56_DEDUP_6_0002467,魚鱗,6,薄田兼相,山県昌景,柴田勝家,妙玖,伊達実元,上杉景勝,EIK_0005,EIK_0291,EIK_0294,EIK_0097,EIK_0329,EIK_0344,侍|武士道の絆|剣豪の絆|王佐之才|衣鉢相伝|意気軒昂,1-2-3,侍|剣豪の絆|意気軒昂,3-4-5,王佐之才|衣鉢相伝,5-6-1,武士道の絆,魚鱗||等級3以下ON||6||EIK_0005|EIK_0097|EIK_0291|EIK_0294|EIK_0329|EIK_0344,6972,2028,298,212,118,0,260,32,32,31,32,10015,10015,ステータス計算済み,GRADE3_5_6_REBUILD_LINE3_RULE_SAME6_DEDUP_20260628
G3_REBUILD56_DEDUP_6_0002468,魚鱗,6,薄田兼相,山県昌景,柴田勝家,妙玖,上杉景勝,佐々成政,EIK_0005,EIK_0291,EIK_0294,EIK_0097,EIK_0344,EIK_0341,侍|武士道の絆|剣豪の絆|王佐之才|衣鉢相伝|意気軒昂,1-2-3,侍|剣豪の絆|意気軒昂,3-4-5,王佐之才|衣鉢相伝,5-6-1,武士道の絆,魚鱗||等級3以下ON||6||EIK_0005|EIK_0097|EIK_0291|EIK_0294|EIK_0341|EIK_0344,6972,2028,301,210,118,0,260,32,31,31,32,10015,10015,ステータス計算済み,GRADE3_5_6_REBUILD_LINE3_RULE_SAME6_DEDUP_20260628
G3_REBUILD56_DEDUP_6_0002469,魚鱗,6,薄田兼相,山県昌景,柴田勝家,妙玖,上杉景勝,新発田長敦,EIK_0005,EIK_0291,EIK_0294,EIK_0097,EIK_0344,EIK_0346,侍|武士道の絆|剣豪の絆|王佐之才|衣鉢相伝|意気軒昂,1-2-3,侍|剣豪の絆|意気軒昂,3-4-5,王佐之才|衣鉢相伝,5-6-1,武士道の絆,魚鱗||等級3以下ON||6||EIK_0005|EIK_0097|EIK_0291|EIK_0294|EIK_0344|EIK_0346,6972,2028,301,212,116,0,260,32,31,31,32,10015,10015,ステータス計算済み,GRADE3_5_6_REBUILD_LINE3_RULE_SAME6_DEDUP_20260628
G3_REBUILD56_DEDUP_6_0002471,魚鱗,6,薄田兼相,山県昌景,柴田勝家,妙玖,伊達実元,新発田長敦,EIK_0005,EIK_0291,EIK_0294,EIK_0097,EIK_0329,EIK_0346,侍|武士道の絆|剣豪の絆|王佐之才|衣鉢相伝|意気軒昂,1-2-3,侍|剣豪の絆|意気軒昂,3-4-5,王佐之才|衣鉢相伝,5-6-1,武士道の絆,魚鱗||等級3以下ON||6||EIK_0005|EIK_0097|EIK_0291|EIK_0294|EIK_0329|EIK_0346,6972,2028,301,210,116,0,260,32,32,31,31,10013,10013,ステータス計算済み,GRADE3_5_6_REBUILD_LINE3_RULE_SAME6_DEDUP_20260628
G3_REBUILD56_DEDUP_6_0002472,魚鱗,6,薄田兼相,山県昌景,柴田勝家,妙玖,伊達実元,佐々成政,EIK_0005,EIK_0291,EIK_0294,EIK_0097,EIK_0329,EIK_0341,侍|武士道の絆|剣豪の絆|王佐之才|衣鉢相伝|意気軒昂,1-2-3,侍|剣豪の絆|意気軒昂,3-4-5,王佐之才|衣鉢相伝,5-6-1,武士道の絆,魚鱗||等級3以下ON||6||EIK_0005|EIK_0097|EIK_0291|EIK_0294|EIK_0329|EIK_0341,6972,2028,301,206,118,0,260,32,32,31,32,10012,10012,ステータス計算済み,GRADE3_5_6_REBUILD_LINE3_RULE_SAME6_DEDUP_20260628
G3_REBUILD56_DEDUP_6_0002473,魚鱗,6,十河一存,小松姫,山県昌景,薄田兼相,柴田勝家,北条綱成,EIK_0039,EIK_0297,EIK_0291,EIK_0005,EIK_0294,EIK_0354,侍|武芸の絆|剣豪の絆|豪傑|意気衝天|意気軒昂,1-2-3,豪傑|意気衝天,3-4-5,侍|剣豪の絆|意気軒昂,5-6-1,武芸の絆,魚鱗||等級3以下ON||6||EIK_0005|EIK_0039|EIK_0291|EIK_0294|EIK_0297|EIK_0354,6689,2301,577,79,243,39,83,0,0,0,0,10011,10011,ステータス計算済み,GRADE3_5_6_REBUILD_LINE3_RULE_SAME6_DEDUP_20260628
G3_REBUILD56_DEDUP_6_0002474,魚鱗,6,十河一存,北条氏照,長野業正,上杉憲政,小松姫,柴田勝家,EIK_0039,EIK_0321,EIK_0103,EIK_0014,EIK_0297,EIK_0294,侍|武芸の絆|もののふ|豪傑|老練闊達|勇猛果敢,1-2-3,侍|もののふ,3-4-5,老練闊達|勇猛果敢,5-6-1,武芸の絆|豪傑,魚鱗||等級3以下ON||6||EIK_0014|EIK_0039|EIK_0103|EIK_0294|EIK_0297|EIK_0321,6750,2250,586,145,207,39,33,0,0,0,0,10010,10010,ステータス計算済み,GRADE3_5_6_REBUILD_LINE3_RULE_SAME6_DEDUP_20260628
G3_REBUILD56_DEDUP_6_0002475,魚鱗,6,長野業正,塩屋秋貞,本庄繁長,真柄直隆,小松姫,上杉憲政,EIK_0103,EIK_0359,EIK_0153,EIK_0132,EIK_0297,EIK_0014,侍|武芸の絆|もののふ|豪傑|老練闊達|勇猛果敢,1-2-3,侍|もののふ,3-4-5,武芸の絆|豪傑,5-6-1,老練闊達|勇猛果敢,魚鱗||等級3以下ON||6||EIK_0014|EIK_0103|EIK_0132|EIK_0153|EIK_0297|EIK_0359,6705,2304,569,138,211,39,33,0,0,0,0,9999,9999,ステータス計算済み,GRADE3_5_6_REBUILD_LINE3_RULE_SAME6_DEDUP_20260628
G3_REBUILD56_DEDUP_6_0002476,魚鱗,6,十河一存,蛍,山県昌景,薄田兼相,柴田勝家,望月吉棟,EIK_0039,EIK_0333,EIK_0291,EIK_0005,EIK_0294,EIK_0080,侍|剣豪の絆|豪傑|一気呵成|意気衝天|意気軒昂,1-2-3,豪傑|意気衝天,3-4-5,侍|剣豪の絆|意気軒昂,5-6-1,一気呵成,魚鱗||等級3以下ON||6||EIK_0005|EIK_0039|EIK_0080|EIK_0291|EIK_0294|EIK_0333,6667,2223,653,34,260,37,119,0,0,0,0,9993,9993,ステータス計算済み,GRADE3_5_6_REBUILD_LINE3_RULE_SAME6_DEDUP_20260628
G3_REBUILD56_DEDUP_6_0002477,魚鱗,6,北条氏邦,真田信尹,渡辺守綱,稲葉一鉄,長野業正,塩屋秋貞,EIK_0040,EIK_0347,EIK_0090,EIK_0036,EIK_0103,EIK_0359,侍|武芸の絆|猛将の絆|泰然自若|勇猛果敢|巧言令色,1-2-3,武芸の絆|巧言令色,3-4-5,猛将の絆|勇猛果敢,5-6-1,侍|泰然自若,魚鱗||等級3以下ON||6||EIK_0036|EIK_0040|EIK_0090|EIK_0103|EIK_0347|EIK_0359,6724,2250,339,232,119,0,206,30,31,30,30,9991,9991,ステータス計算済み,GRADE3_5_6_REBUILD_LINE3_RULE_SAME6_DEDUP_20260628
G3_REBUILD56_DEDUP_6_0002478,魚鱗,6,十河一存,蛍,山県昌景,薄田兼相,柴田勝家,森田浄曇,EIK_0039,EIK_0333,EIK_0291,EIK_0005,EIK_0294,EIK_0179,侍|剣豪の絆|豪傑|一気呵成|意気衝天|意気軒昂,1-2-3,豪傑|意気衝天,3-4-5,侍|剣豪の絆|意気軒昂,5-6-1,一気呵成,魚鱗||等級3以下ON||6||EIK_0005|EIK_0039|EIK_0179|EIK_0291|EIK_0294|EIK_0333,6698,2262,580,36,249,43,121,0,0,0,0,9989,9989,ステータス計算済み,GRADE3_5_6_REBUILD_LINE3_RULE_SAME6_DEDUP_20260628
G3_REBUILD56_DEDUP_6_0002479,魚鱗,6,十河一存,北条氏照,長野業正,上杉憲政,小松姫,伊達成実,EIK_0039,EIK_0321,EIK_0103,EIK_0014,EIK_0297,EIK_0268,侍|武芸の絆|もののふ|豪傑|老練闊達|勇猛果敢,1-2-3,侍|もののふ,3-4-5,老練闊達|勇猛果敢,5-6-1,武芸の絆|豪傑,魚鱗||等級3以下ON||6||EIK_0014|EIK_0039|EIK_0103|EIK_0268|EIK_0297|EIK_0321,6750,2217,590,145,215,39,33,0,0,0,0,9989,9989,ステータス計算済み,GRADE3_5_6_REBUILD_LINE3_RULE_SAME6_DEDUP_20260628
G3_REBUILD56_DEDUP_6_0002480,魚鱗,6,薄田兼相,山県昌景,柴田勝家,妙玖,上杉景勝,細川忠興,EIK_0005,EIK_0291,EIK_0294,EIK_0097,EIK_0344,EIK_0342,侍|武士道の絆|剣豪の絆|王佐之才|衣鉢相伝|意気軒昂,1-2-3,侍|剣豪の絆|意気軒昂,3-4-5,王佐之才|衣鉢相伝,5-6-1,武士道の絆,魚鱗||等級3以下ON||6||EIK_0005|EIK_0097|EIK_0291|EIK_0294|EIK_0342|EIK_0344,6972,1998,298,215,118,0,260,32,31,31,32,9987,9987,ステータス計算済み,GRADE3_5_6_REBUILD_LINE3_RULE_SAME6_DEDUP_20260628
G3_REBUILD56_DEDUP_6_0002481,魚鱗,6,薄田兼相,山県昌景,柴田勝家,妙玖,伊達実元,細川忠興,EIK_0005,EIK_0291,EIK_0294,EIK_0097,EIK_0329,EIK_0342,侍|武士道の絆|剣豪の絆|王佐之才|衣鉢相伝|意気軒昂,1-2-3,侍|剣豪の絆|意気軒昂,3-4-5,王佐之才|衣鉢相伝,5-6-1,武士道の絆,魚鱗||等級3以下ON||6||EIK_0005|EIK_0097|EIK_0291|EIK_0294|EIK_0329|EIK_0342,6972,1998,298,212,118,0,260,32,32,31,31,9984,9984,ステータス計算済み,GRADE3_5_6_REBUILD_LINE3_RULE_SAME6_DEDUP_20260628
G3_REBUILD56_DEDUP_6_0002482,魚鱗,6,十河一存,黒百合,山県昌景,薄田兼相,柴田勝家,来福寺左京,EIK_0039,EIK_0032,EIK_0291,EIK_0005,EIK_0294,EIK_0356,侍|剣豪の絆|豪傑|一気呵成|意気衝天|意気軒昂,1-2-3,豪傑|意気衝天,3-4-5,侍|剣豪の絆|意気軒昂,5-6-1,一気呵成,魚鱗||等級3以下ON||6||EIK_0005|EIK_0032|EIK_0039|EIK_0291|EIK_0294|EIK_0356,6634,2284,616,33,247,40,120,0,0,0,0,9974,9974,ステータス計算済み,GRADE3_5_6_REBUILD_LINE3_RULE_SAME6_DEDUP_20260628
G3_REBUILD56_DEDUP_6_0002483,魚鱗,6,薄田兼相,山県昌景,柴田勝家,妙玖,池田勝正,小雀,EIK_0005,EIK_0291,EIK_0294,EIK_0097,EIK_0306,EIK_0365,侍|武士道の絆|剣豪の絆|王佐之才|衣鉢相伝|意気軒昂,1-2-3,侍|剣豪の絆|意気軒昂,3-4-5,王佐之才|衣鉢相伝,5-6-1,武士道の絆,魚鱗||等級3以下ON||6||EIK_0005|EIK_0097|EIK_0291|EIK_0294|EIK_0306|EIK_0365,6919,2030,313,209,116,0,259,33,31,32,32,9974,9974,ステータス計算済み,GRADE3_5_6_REBUILD_LINE3_RULE_SAME6_DEDUP_20260628
G3_REBUILD56_DEDUP_6_0002484,魚鱗,6,十河一存,小雀,山県昌景,薄田兼相,柴田勝家,北条氏邦,EIK_0039,EIK_0365,EIK_0291,EIK_0005,EIK_0294,EIK_0040,侍|武芸の絆|剣豪の絆|豪傑|意気衝天|意気軒昂,1-2-3,侍|豪傑|意気衝天,3-4-5,侍|剣豪の絆|意気軒昂,5-6-1,武芸の絆,魚鱗||等級3以下ON||6||EIK_0005|EIK_0039|EIK_0040|EIK_0291|EIK_0294|EIK_0365,6714,2281,544,78,240,37,77,0,0,0,0,9971,9971,ステータス計算済み,GRADE3_5_6_REBUILD_LINE3_RULE_SAME6_DEDUP_20260628
G3_REBUILD56_DEDUP_6_0002485,魚鱗,6,十河一存,小雀,山県昌景,御子神典膳,柴田勝家,伴長信,EIK_0039,EIK_0365,EIK_0291,EIK_0045,EIK_0294,EIK_0316,侍|剣豪の絆|豪傑|一気呵成|意気衝天|意気軒昂,1-2-3,侍|豪傑|意気衝天,3-4-5,剣豪の絆|意気軒昂,5-6-1,一気呵成,魚鱗||等級3以下ON||6||EIK_0039|EIK_0045|EIK_0291|EIK_0294|EIK_0316|EIK_0365,6638,2234,621,31,270,37,137,0,0,0,0,9968,9968,ステータス計算済み,GRADE3_5_6_REBUILD_LINE3_RULE_SAME6_DEDUP_20260628
G3_REBUILD56_DEDUP_6_0002486,魚鱗,6,十河一存,小雀,山県昌景,薄田兼相,柴田勝家,三好義賢,EIK_0039,EIK_0365,EIK_0291,EIK_0005,EIK_0294,EIK_0289,侍|武芸の絆|剣豪の絆|豪傑|意気衝天|意気軒昂,1-2-3,侍|豪傑|意気衝天,3-4-5,侍|剣豪の絆|意気軒昂,5-6-1,武芸の絆,魚鱗||等級3以下ON||6||EIK_0005|EIK_0039|EIK_0289|EIK_0291|EIK_0294|EIK_0365,6714,2281,539,79,240,37,77,0,0,0,0,9967,9967,ステータス計算済み,GRADE3_5_6_REBUILD_LINE3_RULE_SAME6_DEDUP_20260628
G3_REBUILD56_DEDUP_6_0002487,魚鱗,6,十河一存,小雀,山県昌景,薄田兼相,柴田勝家,色部勝長,EIK_0039,EIK_0365,EIK_0291,EIK_0005,EIK_0294,EIK_0298,侍|武芸の絆|剣豪の絆|豪傑|意気衝天|意気軒昂,1-2-3,侍|豪傑|意気衝天,3-4-5,侍|剣豪の絆|意気軒昂,5-6-1,武芸の絆,魚鱗||等級3以下ON||6||EIK_0005|EIK_0039|EIK_0291|EIK_0294|EIK_0298|EIK_0365,6714,2281,547,79,232,37,77,0,0,0,0,9967,9967,ステータス計算済み,GRADE3_5_6_REBUILD_LINE3_RULE_SAME6_DEDUP_20260628
G3_REBUILD56_DEDUP_6_0002488,魚鱗,6,十河一存,北条氏邦,御子神典膳,柴田勝家,山県昌景,小雀,EIK_0039,EIK_0040,EIK_0045,EIK_0294,EIK_0291,EIK_0365,侍|武芸の絆|剣豪の絆|豪傑|意気衝天|意気軒昂,1-2-3,武芸の絆,3-4-5,剣豪の絆|意気軒昂,5-6-1,侍|豪傑|意気衝天,魚鱗||等級3以下ON||6||EIK_0039|EIK_0040|EIK_0045|EIK_0291|EIK_0294|EIK_0365,6678,2290,554,71,250,36,88,0,0,0,0,9967,9967,ステータス計算済み,GRADE3_5_6_REBUILD_LINE3_RULE_SAME6_DEDUP_20260628
G3_REBUILD56_DEDUP_6_0002489,魚鱗,6,十河一存,甲斐姫,山県昌景,塩屋秋貞,北条氏照,朝倉景連,EIK_0039,EIK_0112,EIK_0291,EIK_0359,EIK_0321,EIK_0310,侍|軍学の絆|勇将の絆|もののふ|豪傑|意気衝天,1-2-3,侍|豪傑|意気衝天,3-4-5,軍学の絆|勇将の絆,5-6-1,もののふ,魚鱗||等級3以下ON||6||EIK_0039|EIK_0112|EIK_0291|EIK_0310|EIK_0321|EIK_0359,6851,2290,291,220,124,102,88,0,0,0,0,9966,9966,ステータス計算済み,GRADE3_5_6_REBUILD_LINE3_RULE_SAME6_DEDUP_20260628
G3_REBUILD56_DEDUP_6_0002490,魚鱗,6,十河一存,黒百合,山県昌景,薄田兼相,柴田勝家,真田信尹,EIK_0039,EIK_0032,EIK_0291,EIK_0005,EIK_0294,EIK_0347,侍|武芸の絆|剣豪の絆|豪傑|意気衝天|意気軒昂,1-2-3,豪傑|意気衝天,3-4-5,侍|剣豪の絆|意気軒昂,5-6-1,武芸の絆,魚鱗||等級3以下ON||6||EIK_0005|EIK_0032|EIK_0039|EIK_0291|EIK_0294|EIK_0347,6685,2294,552,75,242,39,78,0,0,0,0,9965,9965,ステータス計算済み,GRADE3_5_6_REBUILD_LINE3_RULE_SAME6_DEDUP_20260628
G3_REBUILD56_DEDUP_6_0002491,魚鱗,6,真柄直隆,薄田兼相,山県昌景,十河一存,小松姫,福島勝広,EIK_0132,EIK_0005,EIK_0291,EIK_0039,EIK_0297,EIK_0353,侍|武芸の絆|剣豪の絆|戦場の華|豪傑|意気衝天,1-2-3,侍|剣豪の絆,3-4-5,豪傑|意気衝天,5-6-1,武芸の絆|戦場の華,魚鱗||等級3以下ON||6||EIK_0005|EIK_0039|EIK_0132|EIK_0291|EIK_0297|EIK_0353,6694,2293,504,78,211,68,117,0,0,0,0,9965,9965,ステータス計算済み,GRADE3_5_6_REBUILD_LINE3_RULE_SAME6_DEDUP_20260628
G3_REBUILD56_DEDUP_6_0002492,魚鱗,6,十河一存,小雀,山県昌景,御子神典膳,柴田勝家,山中俊房,EIK_0039,EIK_0365,EIK_0291,EIK_0045,EIK_0294,EIK_0292,侍|剣豪の絆|豪傑|一気呵成|意気衝天|意気軒昂,1-2-3,侍|豪傑|意気衝天,3-4-5,剣豪の絆|意気軒昂,5-6-1,一気呵成,魚鱗||等級3以下ON||6||EIK_0039|EIK_0045|EIK_0291|EIK_0292|EIK_0294|EIK_0365,6581,2271,642,30,269,36,136,0,0,0,0,9965,9965,ステータス計算済み,GRADE3_5_6_REBUILD_LINE3_RULE_SAME6_DEDUP_20260628
G3_REBUILD56_DEDUP_6_0002493,魚鱗,6,十河一存,色部勝長,御子神典膳,柴田勝家,山県昌景,小雀,EIK_0039,EIK_0298,EIK_0045,EIK_0294,EIK_0291,EIK_0365,侍|武芸の絆|剣豪の絆|豪傑|意気衝天|意気軒昂,1-2-3,武芸の絆,3-4-5,剣豪の絆|意気軒昂,5-6-1,侍|豪傑|意気衝天,魚鱗||等級3以下ON||6||EIK_0039|EIK_0045|EIK_0291|EIK_0294|EIK_0298|EIK_0365,6678,2290,557,72,243,36,88,0,0,0,0,9964,9964,ステータス計算済み,GRADE3_5_6_REBUILD_LINE3_RULE_SAME6_DEDUP_20260628
G3_REBUILD56_DEDUP_6_0002494,魚鱗,6,十河一存,黒百合,山県昌景,薄田兼相,柴田勝家,福島勝広,EIK_0039,EIK_0032,EIK_0291,EIK_0005,EIK_0294,EIK_0353,侍|武芸の絆|剣豪の絆|豪傑|意気衝天|意気軒昂,1-2-3,豪傑|意気衝天,3-4-5,侍|剣豪の絆|意気軒昂,5-6-1,武芸の絆,魚鱗||等級3以下ON||6||EIK_0005|EIK_0032|EIK_0039|EIK_0291|EIK_0294|EIK_0353,6685,2294,552,77,238,39,78,0,0,0,0,9963,9963,ステータス計算済み,GRADE3_5_6_REBUILD_LINE3_RULE_SAME6_DEDUP_20260628
G3_REBUILD56_DEDUP_6_0002495,魚鱗,6,十河一存,甲斐姫,山県昌景,塩屋秋貞,北条氏照,氏家卜全,EIK_0039,EIK_0112,EIK_0291,EIK_0359,EIK_0321,EIK_0293,侍|軍学の絆|勇将の絆|もののふ|豪傑|意気衝天,1-2-3,侍|豪傑|意気衝天,3-4-5,軍学の絆|勇将の絆,5-6-1,侍|もののふ,魚鱗||等級3以下ON||6||EIK_0039|EIK_0112|EIK_0291|EIK_0293|EIK_0321|EIK_0359,6768,2314,333,222,128,108,90,0,0,0,0,9963,9963,ステータス計算済み,GRADE3_5_6_REBUILD_LINE3_RULE_SAME6_DEDUP_20260628
G3_REBUILD56_DEDUP_6_0002496,魚鱗,6,薄田兼相,山県昌景,柴田勝家,妙玖,池田勝正,脇坂安治,EIK_0005,EIK_0291,EIK_0294,EIK_0097,EIK_0306,EIK_0371,侍|武士道の絆|剣豪の絆|王佐之才|衣鉢相伝|意気軒昂,1-2-3,侍|剣豪の絆|意気軒昂,3-4-5,王佐之才|衣鉢相伝,5-6-1,武士道の絆,魚鱗||等級3以下ON||6||EIK_0005|EIK_0097|EIK_0291|EIK_0294|EIK_0306|EIK_0371,6919,2005,325,209,117,0,259,32,32,32,32,9962,9962,ステータス計算済み,GRADE3_5_6_REBUILD_LINE3_RULE_SAME6_DEDUP_20260628
G3_REBUILD56_DEDUP_6_0002497,魚鱗,6,十河一存,三好義賢,御子神典膳,柴田勝家,山県昌景,小雀,EIK_0039,EIK_0289,EIK_0045,EIK_0294,EIK_0291,EIK_0365,侍|武芸の絆|剣豪の絆|豪傑|意気衝天|意気軒昂,1-2-3,武芸の絆,3-4-5,剣豪の絆|意気軒昂,5-6-1,侍|豪傑|意気衝天,魚鱗||等級3以下ON||6||EIK_0039|EIK_0045|EIK_0289|EIK_0291|EIK_0294|EIK_0365,6678,2290,548,72,250,36,88,0,0,0,0,9962,9962,ステータス計算済み,GRADE3_5_6_REBUILD_LINE3_RULE_SAME6_DEDUP_20260628
G3_REBUILD56_DEDUP_6_0002499,魚鱗,6,十河一存,小雀,山県昌景,薄田兼相,柴田勝家,井伊直政,EIK_0039,EIK_0365,EIK_0291,EIK_0005,EIK_0294,EIK_0041,侍|武芸の絆|剣豪の絆|豪傑|意気衝天|意気軒昂,1-2-3,侍|豪傑|意気衝天,3-4-5,侍|剣豪の絆|意気軒昂,5-6-1,武芸の絆,魚鱗||等級3以下ON||6||EIK_0005|EIK_0039|EIK_0041|EIK_0291|EIK_0294|EIK_0365,6714,2281,537,79,236,37,77,0,0,0,0,9961,9961,ステータス計算済み,GRADE3_5_6_REBUILD_LINE3_RULE_SAME6_DEDUP_20260628
G3_REBUILD56_DEDUP_6_0002500,魚鱗,6,真柄直隆,薄田兼相,山県昌景,十河一存,小松姫,北条綱成,EIK_0132,EIK_0005,EIK_0291,EIK_0039,EIK_0297,EIK_0354,侍|武芸の絆|剣豪の絆|戦場の華|豪傑|意気衝天,1-2-3,侍|剣豪の絆,3-4-5,豪傑|意気衝天,5-6-1,武芸の絆|戦場の華,魚鱗||等級3以下ON||6||EIK_0005|EIK_0039|EIK_0132|EIK_0291|EIK_0297|EIK_0354,6694,2293,498,78,211,68,119,0,0,0,0,9961,9961,ステータス計算済み,GRADE3_5_6_REBUILD_LINE3_RULE_SAME6_DEDUP_20260628
G3_REBUILD56_DEDUP_6_0002501,魚鱗,6,十河一存,小雀,山県昌景,薄田兼相,柴田勝家,伴長信,EIK_0039,EIK_0365,EIK_0291,EIK_0005,EIK_0294,EIK_0316,侍|剣豪の絆|豪傑|一気呵成|意気衝天|意気軒昂,1-2-3,侍|豪傑|意気衝天,3-4-5,侍|剣豪の絆|意気軒昂,5-6-1,一気呵成,魚鱗||等級3以下ON||6||EIK_0005|EIK_0039|EIK_0291|EIK_0294|EIK_0316|EIK_0365,6673,2225,609,34,260,38,122,0,0,0,0,9961,9961,ステータス計算済み,GRADE3_5_6_REBUILD_LINE3_RULE_SAME6_DEDUP_20260628
G3_REBUILD56_DEDUP_6_0002498,魚鱗,6,薄田兼相,山県昌景,柴田勝家,妙玖,池田勝正,可児才蔵,EIK_0005,EIK_0291,EIK_0294,EIK_0097,EIK_0306,EIK_0362,侍|武士道の絆|剣豪の絆|王佐之才|衣鉢相伝|意気軒昂,1-2-3,侍|剣豪の絆|意気軒昂,3-4-5,王佐之才|衣鉢相伝,5-6-1,武士道の絆,魚鱗||等級3以下ON||6||EIK_0005|EIK_0097|EIK_0291|EIK_0294|EIK_0306|EIK_0362,6919,2030,303,206,116,0,259,32,31,32,33,9961,9961,ステータス計算済み,GRADE3_5_6_REBUILD_LINE3_RULE_SAME6_DEDUP_20260628
G3_REBUILD56_DEDUP_6_0002502,魚鱗,6,十河一存,小雀,山県昌景,薄田兼相,柴田勝家,斎藤朝信,EIK_0039,EIK_0365,EIK_0291,EIK_0005,EIK_0294,EIK_0037,侍|武芸の絆|剣豪の絆|豪傑|意気衝天|意気軒昂,1-2-3,侍|豪傑|意気衝天,3-4-5,侍|剣豪の絆|意気軒昂,5-6-1,武芸の絆,魚鱗||等級3以下ON||6||EIK_0005|EIK_0037|EIK_0039|EIK_0291|EIK_0294|EIK_0365,6714,2281,529,79,244,36,77,0,0,0,0,9960,9960,ステータス計算済み,GRADE3_5_6_REBUILD_LINE3_RULE_SAME6_DEDUP_20260628
G3_REBUILD56_DEDUP_6_0002503,魚鱗,6,十河一存,小雀,山県昌景,薄田兼相,柴田勝家,山中俊房,EIK_0039,EIK_0365,EIK_0291,EIK_0005,EIK_0294,EIK_0292,侍|剣豪の絆|豪傑|一気呵成|意気衝天|意気軒昂,1-2-3,侍|豪傑|意気衝天,3-4-5,侍|剣豪の絆|意気軒昂,5-6-1,一気呵成,魚鱗||等級3以下ON||6||EIK_0005|EIK_0039|EIK_0291|EIK_0292|EIK_0294|EIK_0365,6617,2262,631,34,259,37,120,0,0,0,0,9960,9960,ステータス計算済み,GRADE3_5_6_REBUILD_LINE3_RULE_SAME6_DEDUP_20260628
G3_REBUILD56_DEDUP_6_0002504,魚鱗,6,十河一存,斎藤朝信,御子神典膳,柴田勝家,山県昌景,小雀,EIK_0039,EIK_0037,EIK_0045,EIK_0294,EIK_0291,EIK_0365,侍|武芸の絆|剣豪の絆|豪傑|意気衝天|意気軒昂,1-2-3,武芸の絆,3-4-5,剣豪の絆|意気軒昂,5-6-1,侍|豪傑|意気衝天,魚鱗||等級3以下ON||6||EIK_0037|EIK_0039|EIK_0045|EIK_0291|EIK_0294|EIK_0365,6678,2290,539,72,255,36,88,0,0,0,0,9958,9958,ステータス計算済み,GRADE3_5_6_REBUILD_LINE3_RULE_SAME6_DEDUP_20260628
G3_REBUILD56_DEDUP_6_0002505,魚鱗,6,十河一存,井伊直政,御子神典膳,柴田勝家,山県昌景,小雀,EIK_0039,EIK_0041,EIK_0045,EIK_0294,EIK_0291,EIK_0365,侍|武芸の絆|剣豪の絆|豪傑|意気衝天|意気軒昂,1-2-3,武芸の絆,3-4-5,剣豪の絆|意気軒昂,5-6-1,侍|豪傑|意気衝天,魚鱗||等級3以下ON||6||EIK_0039|EIK_0041|EIK_0045|EIK_0291|EIK_0294|EIK_0365,6678,2290,547,72,246,36,88,0,0,0,0,9957,9957,ステータス計算済み,GRADE3_5_6_REBUILD_LINE3_RULE_SAME6_DEDUP_20260628
G3_REBUILD56_DEDUP_6_0002506,魚鱗,6,十河一存,黒百合,山県昌景,薄田兼相,柴田勝家,北条綱成,EIK_0039,EIK_0032,EIK_0291,EIK_0005,EIK_0294,EIK_0354,侍|武芸の絆|剣豪の絆|豪傑|意気衝天|意気軒昂,1-2-3,豪傑|意気衝天,3-4-5,侍|剣豪の絆|意気軒昂,5-6-1,武芸の絆,魚鱗||等級3以下ON||6||EIK_0005|EIK_0032|EIK_0039|EIK_0291|EIK_0294|EIK_0354,6685,2294,544,77,238,39,79,0,0,0,0,9956,9956,ステータス計算済み,GRADE3_5_6_REBUILD_LINE3_RULE_SAME6_DEDUP_20260628
G3_REBUILD56_DEDUP_6_0002507,魚鱗,6,十河一存,小雀,山県昌景,薄田兼相,柴田勝家,本多忠勝,EIK_0039,EIK_0365,EIK_0291,EIK_0005,EIK_0294,EIK_0181,侍|武芸の絆|剣豪の絆|豪傑|意気衝天|意気軒昂,1-2-3,侍|豪傑|意気衝天,3-4-5,侍|剣豪の絆|意気軒昂,5-6-1,武芸の絆,魚鱗||等級3以下ON||6||EIK_0005|EIK_0039|EIK_0181|EIK_0291|EIK_0294|EIK_0365,6714,2281,529,75,240,37,77,0,0,0,0,9953,9953,ステータス計算済み,GRADE3_5_6_REBUILD_LINE3_RULE_SAME6_DEDUP_20260628
G3_REBUILD56_DEDUP_6_0002508,魚鱗,6,十河一存,本多忠勝,御子神典膳,柴田勝家,山県昌景,小雀,EIK_0039,EIK_0181,EIK_0045,EIK_0294,EIK_0291,EIK_0365,侍|武芸の絆|剣豪の絆|豪傑|意気衝天|意気軒昂,1-2-3,武芸の絆,3-4-5,剣豪の絆|意気軒昂,5-6-1,侍|豪傑|意気衝天,魚鱗||等級3以下ON||6||EIK_0039|EIK_0045|EIK_0181|EIK_0291|EIK_0294|EIK_0365,6678,2290,539,70,250,36,88,0,0,0,0,9951,9951,ステータス計算済み,GRADE3_5_6_REBUILD_LINE3_RULE_SAME6_DEDUP_20260628
G3_REBUILD56_DEDUP_6_0002509,魚鱗,6,薄田兼相,山県昌景,柴田勝家,妙玖,上杉景勝,支倉常長,EIK_0005,EIK_0291,EIK_0294,EIK_0097,EIK_0344,EIK_0038,侍|武士道の絆|剣豪の絆|王佐之才|衣鉢相伝|意気軒昂,1-2-3,侍|剣豪の絆|意気軒昂,3-4-5,王佐之才|衣鉢相伝,5-6-1,武士道の絆,魚鱗||等級3以下ON||6||EIK_0005|EIK_0038|EIK_0097|EIK_0291|EIK_0294|EIK_0344,6767,2109,350,213,121,0,256,33,33,32,33,9947,9947,ステータス計算済み,GRADE3_5_6_REBUILD_LINE3_RULE_SAME6_DEDUP_20260628
G3_REBUILD56_DEDUP_6_0002510,魚鱗,6,十河一存,塩屋秋貞,長野業正,上杉憲政,小松姫,真柄直隆,EIK_0039,EIK_0359,EIK_0103,EIK_0014,EIK_0297,EIK_0132,侍|武芸の絆|もののふ|豪傑|老練闊達|勇猛果敢,1-2-3,侍|もののふ,3-4-5,老練闊達|勇猛果敢,5-6-1,武芸の絆|豪傑,魚鱗||等級3以下ON||6||EIK_0014|EIK_0039|EIK_0103|EIK_0132|EIK_0297|EIK_0359,6795,2146,590,135,212,37,32,0,0,0,0,9947,9947,ステータス計算済み,GRADE3_5_6_REBUILD_LINE3_RULE_SAME6_DEDUP_20260628
G3_REBUILD56_DEDUP_6_0002511,魚鱗,6,薄田兼相,山県昌景,柴田勝家,妙玖,伊達実元,支倉常長,EIK_0005,EIK_0291,EIK_0294,EIK_0097,EIK_0329,EIK_0038,侍|武士道の絆|剣豪の絆|王佐之才|衣鉢相伝|意気軒昂,1-2-3,侍|剣豪の絆|意気軒昂,3-4-5,王佐之才|衣鉢相伝,5-6-1,武士道の絆,魚鱗||等級3以下ON||6||EIK_0005|EIK_0038|EIK_0097|EIK_0291|EIK_0294|EIK_0329,6767,2109,350,210,121,0,256,33,33,32,32,9943,9943,ステータス計算済み,GRADE3_5_6_REBUILD_LINE3_RULE_SAME6_DEDUP_20260628
G3_REBUILD56_DEDUP_6_0002512,魚鱗,6,十河一存,小雀,山県昌景,薄田兼相,柴田勝家,伊達成実,EIK_0039,EIK_0365,EIK_0291,EIK_0005,EIK_0294,EIK_0268,侍|武芸の絆|剣豪の絆|豪傑|意気衝天|意気軒昂,1-2-3,侍|豪傑|意気衝天,3-4-5,侍|剣豪の絆|意気軒昂,5-6-1,武芸の絆,魚鱗||等級3以下ON||6||EIK_0005|EIK_0039|EIK_0268|EIK_0291|EIK_0294|EIK_0365,6714,2244,547,79,244,37,77,0,0,0,0,9942,9942,ステータス計算済み,GRADE3_5_6_REBUILD_LINE3_RULE_SAME6_DEDUP_20260628
G3_REBUILD56_DEDUP_6_0002513,魚鱗,6,伊賀崎道順,本願寺実悟,甲斐姫,十河一存,山県昌景,下間頼廉,EIK_0076,EIK_0355,EIK_0112,EIK_0039,EIK_0291,EIK_0360,侍|豪傑|奇襲|籠城名手|能鷹隠爪|意気衝天,1-2-3,籠城名手|能鷹隠爪,3-4-5,侍|豪傑|意気衝天,5-6-1,奇襲,魚鱗||等級3以下ON||6||EIK_0039|EIK_0076|EIK_0112|EIK_0291|EIK_0355|EIK_0360,6679,2333,191,178,213,125,116,26,26,28,26,9941,9941,ステータス計算済み,GRADE3_5_6_REBUILD_LINE3_RULE_SAME6_DEDUP_20260628
G3_REBUILD56_DEDUP_6_0002514,魚鱗,6,十河一存,伊達成実,御子神典膳,柴田勝家,山県昌景,小雀,EIK_0039,EIK_0268,EIK_0045,EIK_0294,EIK_0291,EIK_0365,侍|武芸の絆|剣豪の絆|豪傑|意気衝天|意気軒昂,1-2-3,武芸の絆,3-4-5,剣豪の絆|意気軒昂,5-6-1,侍|豪傑|意気衝天,魚鱗||等級3以下ON||6||EIK_0039|EIK_0045|EIK_0268|EIK_0291|EIK_0294|EIK_0365,6678,2252,557,72,255,36,88,0,0,0,0,9938,9938,ステータス計算済み,GRADE3_5_6_REBUILD_LINE3_RULE_SAME6_DEDUP_20260628
G3_REBUILD56_DEDUP_6_0002515,魚鱗,6,十河一存,蛍,山県昌景,薄田兼相,柴田勝家,遠藤直経,EIK_0039,EIK_0333,EIK_0291,EIK_0005,EIK_0294,EIK_0271,侍|剣豪の絆|豪傑|一気呵成|意気衝天|意気軒昂,1-2-3,豪傑|意気衝天,3-4-5,侍|剣豪の絆|意気軒昂,5-6-1,一気呵成,魚鱗||等級3以下ON||6||EIK_0005|EIK_0039|EIK_0271|EIK_0291|EIK_0294|EIK_0333,6637,2223,622,34,260,38,119,0,0,0,0,9933,9933,ステータス計算済み,GRADE3_5_6_REBUILD_LINE3_RULE_SAME6_DEDUP_20260628
G3_REBUILD56_DEDUP_6_0002516,魚鱗,6,上杉憲政,光教寺顕誓,願証寺証恵,稲葉一鉄,小山田信茂,竹中重門,EIK_0014,EIK_0283,EIK_0278,EIK_0036,EIK_0364,EIK_0100,僧兵の絆|野心家の絆|神仏の徒の絆|才気煥発|勇猛果敢|雄材大略,1-2-3,僧兵の絆|神仏の徒の絆,3-4-5,勇猛果敢|雄材大略,5-6-1,野心家の絆|才気煥発,魚鱗||等級3以下ON||6||EIK_0014|EIK_0036|EIK_0100|EIK_0278|EIK_0283|EIK_0364,6533,2438,149,60,63,401,139,37,37,35,36,9928,9928,ステータス計算済み,GRADE3_5_6_REBUILD_LINE3_RULE_SAME6_DEDUP_20260628
G3_REBUILD56_DEDUP_6_0002517,魚鱗,6,渡辺守綱,塩屋秋貞,長野業正,上杉憲政,小松姫,真柄直隆,EIK_0090,EIK_0359,EIK_0103,EIK_0014,EIK_0297,EIK_0132,侍|武芸の絆|戦場の華|老練闊達|泰然自若|勇猛果敢,1-2-3,侍|泰然自若,3-4-5,老練闊達|勇猛果敢,5-6-1,武芸の絆|戦場の華,魚鱗||等級3以下ON||6||EIK_0014|EIK_0090|EIK_0103|EIK_0132|EIK_0297|EIK_0359,7124,1641,398,206,134,77,199,36,37,36,39,9927,9927,ステータス計算済み,GRADE3_5_6_REBUILD_LINE3_RULE_SAME6_DEDUP_20260628
G3_REBUILD56_DEDUP_6_0002518,魚鱗,6,十河一存,甲斐姫,山県昌景,塩屋秋貞,北条氏照,朝倉景隆,EIK_0039,EIK_0112,EIK_0291,EIK_0359,EIK_0321,EIK_0309,侍|軍学の絆|勇将の絆|もののふ|豪傑|意気衝天,1-2-3,侍|豪傑|意気衝天,3-4-5,軍学の絆|勇将の絆,5-6-1,もののふ,魚鱗||等級3以下ON||6||EIK_0039|EIK_0112|EIK_0291|EIK_0309|EIK_0321|EIK_0359,6764,2327,294,222,126,103,88,0,0,0,0,9924,9924,ステータス計算済み,GRADE3_5_6_REBUILD_LINE3_RULE_SAME6_DEDUP_20260628
G3_REBUILD56_DEDUP_6_0002519,魚鱗,6,伊賀崎道順,本願寺実悟,甲斐姫,十河一存,山県昌景,石川五右衛門,EIK_0076,EIK_0355,EIK_0112,EIK_0039,EIK_0291,EIK_0368,侍|豪傑|奇襲|籠城名手|能鷹隠爪|意気衝天,1-2-3,籠城名手|能鷹隠爪,3-4-5,侍|豪傑|意気衝天,5-6-1,奇襲,魚鱗||等級3以下ON||6||EIK_0039|EIK_0076|EIK_0112|EIK_0291|EIK_0355|EIK_0368,6682,2323,177,174,212,129,116,26,26,29,26,9920,9920,ステータス計算済み,GRADE3_5_6_REBUILD_LINE3_RULE_SAME6_DEDUP_20260628
G3_REBUILD56_DEDUP_6_0002520,魚鱗,6,十河一存,甲斐姫,山県昌景,塩屋秋貞,北条氏照,朝倉景紀,EIK_0039,EIK_0112,EIK_0291,EIK_0359,EIK_0321,EIK_0307,侍|軍学の絆|勇将の絆|もののふ|豪傑|意気衝天,1-2-3,侍|豪傑|意気衝天,3-4-5,軍学の絆|勇将の絆,5-6-1,もののふ,魚鱗||等級3以下ON||6||EIK_0039|EIK_0112|EIK_0291|EIK_0307|EIK_0321|EIK_0359,6757,2303,325,216,128,101,88,0,0,0,0,9918,9918,ステータス計算済み,GRADE3_5_6_REBUILD_LINE3_RULE_SAME6_DEDUP_20260628
G3_REBUILD56_DEDUP_6_0002521,魚鱗,6,十河一存,小雀,山県昌景,御子神典膳,柴田勝家,甲山太郎次郎,EIK_0039,EIK_0365,EIK_0291,EIK_0045,EIK_0294,EIK_0336,侍|剣豪の絆|豪傑|一気呵成|意気衝天|意気軒昂,1-2-3,侍|豪傑|意気衝天,3-4-5,剣豪の絆|意気軒昂,5-6-1,一気呵成,魚鱗||等級3以下ON||6||EIK_0039|EIK_0045|EIK_0291|EIK_0294|EIK_0336|EIK_0365,6621,2225,620,29,247,35,133,0,0,0,0,9910,9910,ステータス計算済み,GRADE3_5_6_REBUILD_LINE3_RULE_SAME6_DEDUP_20260628
G3_REBUILD56_DEDUP_6_0002522,魚鱗,6,十河一存,大祝鶴,山県昌景,塩屋秋貞,北条氏照,岡部元信,EIK_0039,EIK_0109,EIK_0291,EIK_0359,EIK_0321,EIK_0272,侍|軍学の絆|勇将の絆|もののふ|豪傑|意気衝天,1-2-3,豪傑|意気衝天,3-4-5,軍学の絆|勇将の絆,5-6-1,侍|もののふ,魚鱗||等級3以下ON||6||EIK_0039|EIK_0109|EIK_0272|EIK_0291|EIK_0321|EIK_0359,6629,2396,372,201,122,97,89,0,0,0,0,9906,9906,ステータス計算済み,GRADE3_5_6_REBUILD_LINE3_RULE_SAME6_DEDUP_20260628
G3_REBUILD56_DEDUP_6_0002523,魚鱗,6,十河一存,蛍,山県昌景,薄田兼相,柴田勝家,本庄繁長,EIK_0039,EIK_0333,EIK_0291,EIK_0005,EIK_0294,EIK_0153,侍|武芸の絆|剣豪の絆|豪傑|意気衝天|意気軒昂,1-2-3,豪傑|意気衝天,3-4-5,侍|剣豪の絆|意気軒昂,5-6-1,武芸の絆,魚鱗||等級3以下ON||6||EIK_0005|EIK_0039|EIK_0153|EIK_0291|EIK_0294|EIK_0333,6519,2420,523,80,244,39,78,0,0,0,0,9903,9903,ステータス計算済み,GRADE3_5_6_REBUILD_LINE3_RULE_SAME6_DEDUP_20260628
G3_REBUILD56_DEDUP_6_0002524,魚鱗,6,十河一存,小雀,山県昌景,薄田兼相,柴田勝家,甲山太郎次郎,EIK_0039,EIK_0365,EIK_0291,EIK_0005,EIK_0294,EIK_0336,侍|剣豪の絆|豪傑|一気呵成|意気衝天|意気軒昂,1-2-3,侍|豪傑|意気衝天,3-4-5,侍|剣豪の絆|意気軒昂,5-6-1,一気呵成,魚鱗||等級3以下ON||6||EIK_0005|EIK_0039|EIK_0291|EIK_0294|EIK_0336|EIK_0365,6656,2216,608,33,237,36,117,0,0,0,0,9903,9903,ステータス計算済み,GRADE3_5_6_REBUILD_LINE3_RULE_SAME6_DEDUP_20260628
G3_REBUILD56_DEDUP_6_0002525,魚鱗,6,十河一存,蛍,山県昌景,薄田兼相,柴田勝家,出浦盛清,EIK_0039,EIK_0333,EIK_0291,EIK_0005,EIK_0294,EIK_0296,侍|剣豪の絆|豪傑|一気呵成|意気衝天|意気軒昂,1-2-3,豪傑|意気衝天,3-4-5,侍|剣豪の絆|意気軒昂,5-6-1,一気呵成,魚鱗||等級3以下ON||6||EIK_0005|EIK_0039|EIK_0291|EIK_0294|EIK_0296|EIK_0333,6567,2223,656,34,264,37,119,0,0,0,0,9900,9900,ステータス計算済み,GRADE3_5_6_REBUILD_LINE3_RULE_SAME6_DEDUP_20260628
G3_REBUILD56_DEDUP_6_0002526,魚鱗,6,十河一存,蛍,山県昌景,薄田兼相,柴田勝家,窯隠れの才蔵,EIK_0039,EIK_0333,EIK_0291,EIK_0005,EIK_0294,EIK_0326,侍|剣豪の絆|豪傑|一気呵成|意気衝天|意気軒昂,1-2-3,豪傑|意気衝天,3-4-5,侍|剣豪の絆|意気軒昂,5-6-1,一気呵成,魚鱗||等級3以下ON||6||EIK_0005|EIK_0039|EIK_0291|EIK_0294|EIK_0326|EIK_0333,6643,2237,581,33,237,40,119,0,0,0,0,9890,9890,ステータス計算済み,GRADE3_5_6_REBUILD_LINE3_RULE_SAME6_DEDUP_20260628
G3_REBUILD56_DEDUP_6_0002527,魚鱗,6,香宗我部親泰,雨森弥兵衛,豊臣秀次,武田信繁,小西行長,伊奈忠次,EIK_0087,EIK_0269,EIK_0091,EIK_0059,EIK_0158,EIK_0043,薬師|立役者|技巧伝承|知勇兼備|柔能制剛|摂理探究,1-2-3,知勇兼備|柔能制剛,3-4-5,薬師|立役者,5-6-1,技巧伝承|摂理探究,魚鱗||等級3以下ON||6||EIK_0043|EIK_0059|EIK_0087|EIK_0091|EIK_0158|EIK_0269,6821,1166,62,58,189,372,254,259,257,232,218,9888,9888,ステータス計算済み,GRADE3_5_6_REBUILD_LINE3_RULE_SAME6_DEDUP_20260628
G3_REBUILD56_DEDUP_6_0002528,魚鱗,6,十河一存,蛍,山県昌景,薄田兼相,柴田勝家,滝川一益,EIK_0039,EIK_0333,EIK_0291,EIK_0005,EIK_0294,EIK_0304,侍|剣豪の絆|豪傑|一気呵成|意気衝天|意気軒昂,1-2-3,豪傑|意気衝天,3-4-5,侍|剣豪の絆|意気軒昂,5-6-1,一気呵成,魚鱗||等級3以下ON||6||EIK_0005|EIK_0039|EIK_0291|EIK_0294|EIK_0304|EIK_0333,6573,2220,639,34,265,38,118,0,0,0,0,9887,9887,ステータス計算済み,GRADE3_5_6_REBUILD_LINE3_RULE_SAME6_DEDUP_20260628
G3_REBUILD56_DEDUP_6_0002529,魚鱗,6,十河一存,甲斐姫,山県昌景,塩屋秋貞,北条氏照,馬場信春,EIK_0039,EIK_0112,EIK_0291,EIK_0359,EIK_0321,EIK_0315,侍|軍学の絆|勇将の絆|もののふ|豪傑|意気衝天,1-2-3,侍|豪傑|意気衝天,3-4-5,軍学の絆|勇将の絆,5-6-1,もののふ,魚鱗||等級3以下ON||6||EIK_0039|EIK_0112|EIK_0291|EIK_0315|EIK_0321|EIK_0359,6722,2303,330,216,121,105,90,0,0,0,0,9887,9887,ステータス計算済み,GRADE3_5_6_REBUILD_LINE3_RULE_SAME6_DEDUP_20260628
G3_REBUILD56_DEDUP_6_0002530,魚鱗,6,上杉憲政,稲葉一鉄,海北綱親,新庄直頼,朝倉景鏡,竹中重門,EIK_0014,EIK_0036,EIK_0274,EIK_0345,EIK_0308,EIK_0100,僧兵の絆|野心家の絆|謀略家|才気煥発|柔能制剛|摂理探究,1-2-3,僧兵の絆|摂理探究,3-4-5,謀略家|柔能制剛,5-6-1,野心家の絆|才気煥発,魚鱗||等級3以下ON||6||EIK_0014|EIK_0036|EIK_0100|EIK_0274|EIK_0308|EIK_0345,6792,1832,152,64,62,472,48,119,113,108,121,9883,9883,ステータス計算済み,GRADE3_5_6_REBUILD_LINE3_RULE_SAME6_DEDUP_20260628
G3_REBUILD56_DEDUP_6_0002531,魚鱗,6,支倉常長,願証寺証恵,香宗我部親泰,真田信尹,北条高広,甲斐姫,EIK_0038,EIK_0278,EIK_0087,EIK_0347,EIK_0319,EIK_0112,侍|武士道の絆|立役者|謀略家|雄材大略|摂理探究,1-2-3,立役者|摂理探究,3-4-5,侍|謀略家,5-6-1,武士道の絆|雄材大略,魚鱗||等級3以下ON||6||EIK_0038|EIK_0087|EIK_0112|EIK_0278|EIK_0319|EIK_0347,6746,1810,180,88,0,331,143,148,153,135,144,9878,9878,ステータス計算済み,GRADE3_5_6_REBUILD_LINE3_RULE_SAME6_DEDUP_20260628
G3_REBUILD56_DEDUP_6_0002532,魚鱗,6,十河一存,甲斐姫,山県昌景,塩屋秋貞,北条氏照,佐久間信盛,EIK_0039,EIK_0112,EIK_0291,EIK_0359,EIK_0321,EIK_0340,侍|軍学の絆|勇将の絆|もののふ|豪傑|意気衝天,1-2-3,侍|豪傑|意気衝天,3-4-5,軍学の絆|勇将の絆,5-6-1,もののふ,魚鱗||等級3以下ON||6||EIK_0039|EIK_0112|EIK_0291|EIK_0321|EIK_0340|EIK_0359,6738,2303,297,223,125,104,88,0,0,0,0,9878,9878,ステータス計算済み,GRADE3_5_6_REBUILD_LINE3_RULE_SAME6_DEDUP_20260628
G3_REBUILD56_DEDUP_6_0002533,魚鱗,6,十河一存,甲斐姫,山県昌景,塩屋秋貞,北条氏照,色部勝長,EIK_0039,EIK_0112,EIK_0291,EIK_0359,EIK_0321,EIK_0298,侍|軍学の絆|勇将の絆|もののふ|豪傑|意気衝天,1-2-3,侍|豪傑|意気衝天,3-4-5,軍学の絆|勇将の絆,5-6-1,もののふ,魚鱗||等級3以下ON||6||EIK_0039|EIK_0112|EIK_0291|EIK_0298|EIK_0321|EIK_0359,6718,2278,353,218,124,98,87,0,0,0,0,9876,9876,ステータス計算済み,GRADE3_5_6_REBUILD_LINE3_RULE_SAME6_DEDUP_20260628
G3_REBUILD56_DEDUP_6_0002534,魚鱗,6,十河一存,小雀,山県昌景,薄田兼相,柴田勝家,小松姫,EIK_0039,EIK_0365,EIK_0291,EIK_0005,EIK_0294,EIK_0297,侍|武芸の絆|剣豪の絆|豪傑|意気衝天|意気軒昂,1-2-3,侍|豪傑|意気衝天,3-4-5,侍|剣豪の絆|意気軒昂,5-6-1,武芸の絆|豪傑,魚鱗||等級3以下ON||6||EIK_0005|EIK_0039|EIK_0291|EIK_0294|EIK_0297|EIK_0365,6609,2281,547,79,240,38,81,0,0,0,0,9875,9875,ステータス計算済み,GRADE3_5_6_REBUILD_LINE3_RULE_SAME6_DEDUP_20260628
G3_REBUILD56_DEDUP_6_0002535,魚鱗,6,十河一存,甲斐姫,山県昌景,塩屋秋貞,北条氏照,井伊直政,EIK_0039,EIK_0112,EIK_0291,EIK_0359,EIK_0321,EIK_0041,侍|軍学の絆|勇将の絆|もののふ|豪傑|意気衝天,1-2-3,侍|豪傑|意気衝天,3-4-5,軍学の絆|勇将の絆,5-6-1,もののふ,魚鱗||等級3以下ON||6||EIK_0039|EIK_0041|EIK_0112|EIK_0291|EIK_0321|EIK_0359,6718,2278,346,218,126,98,87,0,0,0,0,9871,9871,ステータス計算済み,GRADE3_5_6_REBUILD_LINE3_RULE_SAME6_DEDUP_20260628
G3_REBUILD56_DEDUP_6_0002536,魚鱗,6,十河一存,小松姫,御子神典膳,柴田勝家,山県昌景,小雀,EIK_0039,EIK_0297,EIK_0045,EIK_0294,EIK_0291,EIK_0365,侍|武芸の絆|剣豪の絆|豪傑|意気衝天|意気軒昂,1-2-3,武芸の絆|豪傑,3-4-5,剣豪の絆|意気軒昂,5-6-1,侍|豪傑|意気衝天,魚鱗||等級3以下ON||6||EIK_0039|EIK_0045|EIK_0291|EIK_0294|EIK_0297|EIK_0365,6573,2290,557,72,250,37,92,0,0,0,0,9871,9871,ステータス計算済み,GRADE3_5_6_REBUILD_LINE3_RULE_SAME6_DEDUP_20260628
G3_REBUILD56_DEDUP_6_0002537,魚鱗,6,十河一存,甲斐姫,山県昌景,塩屋秋貞,北条氏照,本多忠勝,EIK_0039,EIK_0112,EIK_0291,EIK_0359,EIK_0321,EIK_0181,侍|軍学の絆|勇将の絆|もののふ|豪傑|意気衝天,1-2-3,侍|豪傑|意気衝天,3-4-5,軍学の絆|勇将の絆,5-6-1,もののふ,魚鱗||等級3以下ON||6||EIK_0039|EIK_0112|EIK_0181|EIK_0291|EIK_0321|EIK_0359,6718,2278,338,212,128,98,87,0,0,0,0,9859,9859,ステータス計算済み,GRADE3_5_6_REBUILD_LINE3_RULE_SAME6_DEDUP_20260628
G3_REBUILD56_DEDUP_6_0002538,魚鱗,6,十河一存,甲斐姫,山県昌景,塩屋秋貞,北条氏照,安藤守就,EIK_0039,EIK_0112,EIK_0291,EIK_0359,EIK_0321,EIK_0267,侍|軍学の絆|勇将の絆|もののふ|豪傑|意気衝天,1-2-3,侍|豪傑|意気衝天,3-4-5,軍学の絆|勇将の絆,5-6-1,もののふ,魚鱗||等級3以下ON||6||EIK_0039|EIK_0112|EIK_0267|EIK_0291|EIK_0321|EIK_0359,6673,2336,293,211,124,110,89,0,0,0,0,9836,9836,ステータス計算済み,GRADE3_5_6_REBUILD_LINE3_RULE_SAME6_DEDUP_20260628
G3_REBUILD56_DEDUP_6_0002539,魚鱗,6,十河一存,蛍,山県昌景,薄田兼相,柴田勝家,北条氏邦,EIK_0039,EIK_0333,EIK_0291,EIK_0005,EIK_0294,EIK_0040,侍|武芸の絆|剣豪の絆|豪傑|意気衝天|意気軒昂,1-2-3,豪傑|意気衝天,3-4-5,侍|剣豪の絆|意気軒昂,5-6-1,武芸の絆,魚鱗||等級3以下ON||6||EIK_0005|EIK_0039|EIK_0040|EIK_0291|EIK_0294|EIK_0333,6614,2241,546,77,243,37,77,0,0,0,0,9835,9835,ステータス計算済み,GRADE3_5_6_REBUILD_LINE3_RULE_SAME6_DEDUP_20260628
G3_REBUILD56_DEDUP_6_0002540,魚鱗,6,十河一存,小松姫,山県昌景,薄田兼相,柴田勝家,石川五右衛門,EIK_0039,EIK_0297,EIK_0291,EIK_0005,EIK_0294,EIK_0368,侍|剣豪の絆|豪傑|一気呵成|意気衝天|意気軒昂,1-2-3,豪傑|意気衝天,3-4-5,侍|剣豪の絆|意気軒昂,5-6-1,一気呵成,魚鱗||等級3以下ON||6||EIK_0005|EIK_0039|EIK_0291|EIK_0294|EIK_0297|EIK_0368,6531,2256,618,33,231,40,123,0,0,0,0,9832,9832,ステータス計算済み,GRADE3_5_6_REBUILD_LINE3_RULE_SAME6_DEDUP_20260628
G3_REBUILD56_DEDUP_6_0002541,魚鱗,6,十河一存,蛍,山県昌景,薄田兼相,柴田勝家,三好義賢,EIK_0039,EIK_0333,EIK_0291,EIK_0005,EIK_0294,EIK_0289,侍|武芸の絆|剣豪の絆|豪傑|意気衝天|意気軒昂,1-2-3,豪傑|意気衝天,3-4-5,侍|剣豪の絆|意気軒昂,5-6-1,武芸の絆,魚鱗||等級3以下ON||6||EIK_0005|EIK_0039|EIK_0289|EIK_0291|EIK_0294|EIK_0333,6614,2241,541,78,243,37,77,0,0,0,0,9831,9831,ステータス計算済み,GRADE3_5_6_REBUILD_LINE3_RULE_SAME6_DEDUP_20260628
G3_REBUILD56_DEDUP_6_0002542,魚鱗,6,十河一存,蛍,山県昌景,薄田兼相,柴田勝家,色部勝長,EIK_0039,EIK_0333,EIK_0291,EIK_0005,EIK_0294,EIK_0298,侍|武芸の絆|剣豪の絆|豪傑|意気衝天|意気軒昂,1-2-3,豪傑|意気衝天,3-4-5,侍|剣豪の絆|意気軒昂,5-6-1,武芸の絆,魚鱗||等級3以下ON||6||EIK_0005|EIK_0039|EIK_0291|EIK_0294|EIK_0298|EIK_0333,6614,2241,548,78,235,37,77,0,0,0,0,9830,9830,ステータス計算済み,GRADE3_5_6_REBUILD_LINE3_RULE_SAME6_DEDUP_20260628
G3_REBUILD56_DEDUP_6_0002543,魚鱗,6,十河一存,甲斐姫,山県昌景,塩屋秋貞,北条氏照,稲葉一鉄,EIK_0039,EIK_0112,EIK_0291,EIK_0359,EIK_0321,EIK_0036,侍|軍学の絆|勇将の絆|もののふ|豪傑|意気衝天,1-2-3,侍|豪傑|意気衝天,3-4-5,軍学の絆|勇将の絆,5-6-1,もののふ,魚鱗||等級3以下ON||6||EIK_0036|EIK_0039|EIK_0112|EIK_0291|EIK_0321|EIK_0359,6695,2274,326,222,126,101,85,0,0,0,0,9829,9829,ステータス計算済み,GRADE3_5_6_REBUILD_LINE3_RULE_SAME6_DEDUP_20260628
G3_REBUILD56_DEDUP_6_0002544,魚鱗,6,薄田兼相,山県昌景,柴田勝家,妙玖,上杉景勝,小雀,EIK_0005,EIK_0291,EIK_0294,EIK_0097,EIK_0344,EIK_0365,侍|武士道の絆|剣豪の絆|王佐之才|衣鉢相伝|意気軒昂,1-2-3,侍|剣豪の絆|意気軒昂,3-4-5,王佐之才|衣鉢相伝,5-6-1,武士道の絆,魚鱗||等級3以下ON||6||EIK_0005|EIK_0097|EIK_0291|EIK_0294|EIK_0344|EIK_0365,6842,1983,303,205,115,0,254,32,31,31,31,9827,9827,ステータス計算済み,GRADE3_5_6_REBUILD_LINE3_RULE_SAME6_DEDUP_20260628
G3_REBUILD56_DEDUP_6_0002545,魚鱗,6,十河一存,小雀,山県昌景,御子神典膳,柴田勝家,来福寺左京,EIK_0039,EIK_0365,EIK_0291,EIK_0045,EIK_0294,EIK_0356,侍|剣豪の絆|豪傑|一気呵成|意気衝天|意気軒昂,1-2-3,侍|豪傑|意気衝天,3-4-5,剣豪の絆|意気軒昂,5-6-1,一気呵成,魚鱗||等級3以下ON||6||EIK_0039|EIK_0045|EIK_0291|EIK_0294|EIK_0356|EIK_0365,6549,2227,601,30,251,36,133,0,0,0,0,9827,9827,ステータス計算済み,GRADE3_5_6_REBUILD_LINE3_RULE_SAME6_DEDUP_20260628
G3_REBUILD56_DEDUP_6_0002547,魚鱗,6,十河一存,蛍,山県昌景,薄田兼相,柴田勝家,斎藤朝信,EIK_0039,EIK_0333,EIK_0291,EIK_0005,EIK_0294,EIK_0037,侍|武芸の絆|剣豪の絆|豪傑|意気衝天|意気軒昂,1-2-3,豪傑|意気衝天,3-4-5,侍|剣豪の絆|意気軒昂,5-6-1,武芸の絆,魚鱗||等級3以下ON||6||EIK_0005|EIK_0037|EIK_0039|EIK_0291|EIK_0294|EIK_0333,6614,2241,531,78,247,37,77,0,0,0,0,9825,9825,ステータス計算済み,GRADE3_5_6_REBUILD_LINE3_RULE_SAME6_DEDUP_20260628
G3_REBUILD56_DEDUP_6_0002548,魚鱗,6,十河一存,蛍,山県昌景,薄田兼相,柴田勝家,井伊直政,EIK_0039,EIK_0333,EIK_0291,EIK_0005,EIK_0294,EIK_0041,侍|武芸の絆|剣豪の絆|豪傑|意気衝天|意気軒昂,1-2-3,豪傑|意気衝天,3-4-5,侍|剣豪の絆|意気軒昂,5-6-1,武芸の絆,魚鱗||等級3以下ON||6||EIK_0005|EIK_0039|EIK_0041|EIK_0291|EIK_0294|EIK_0333,6614,2241,540,78,238,37,77,0,0,0,0,9825,9825,ステータス計算済み,GRADE3_5_6_REBUILD_LINE3_RULE_SAME6_DEDUP_20260628
G3_REBUILD56_DEDUP_6_0002546,魚鱗,6,薄田兼相,山県昌景,柴田勝家,妙玖,伊達実元,小雀,EIK_0005,EIK_0291,EIK_0294,EIK_0097,EIK_0329,EIK_0365,侍|武士道の絆|剣豪の絆|王佐之才|衣鉢相伝|意気軒昂,1-2-3,侍|剣豪の絆|意気軒昂,3-4-5,王佐之才|衣鉢相伝,5-6-1,武士道の絆,魚鱗||等級3以下ON||6||EIK_0005|EIK_0097|EIK_0291|EIK_0294|EIK_0329|EIK_0365,6842,1983,303,203,115,0,254,32,31,31,31,9825,9825,ステータス計算済み,GRADE3_5_6_REBUILD_LINE3_RULE_SAME6_DEDUP_20260628
G3_REBUILD56_DEDUP_6_0002549,魚鱗,6,十河一存,蛍,山県昌景,薄田兼相,柴田勝家,伴長信,EIK_0039,EIK_0333,EIK_0291,EIK_0005,EIK_0294,EIK_0316,侍|剣豪の絆|豪傑|一気呵成|意気衝天|意気軒昂,1-2-3,豪傑|意気衝天,3-4-5,侍|剣豪の絆|意気軒昂,5-6-1,一気呵成,魚鱗||等級3以下ON||6||EIK_0005|EIK_0039|EIK_0291|EIK_0294|EIK_0316|EIK_0333,6573,2185,611,34,262,38,120,0,0,0,0,9823,9823,ステータス計算済み,GRADE3_5_6_REBUILD_LINE3_RULE_SAME6_DEDUP_20260628
G3_REBUILD56_DEDUP_6_0002550,魚鱗,6,十河一存,蛍,山県昌景,薄田兼相,柴田勝家,山中俊房,EIK_0039,EIK_0333,EIK_0291,EIK_0005,EIK_0294,EIK_0292,侍|剣豪の絆|豪傑|一気呵成|意気衝天|意気軒昂,1-2-3,豪傑|意気衝天,3-4-5,侍|剣豪の絆|意気軒昂,5-6-1,一気呵成,魚鱗||等級3以下ON||6||EIK_0005|EIK_0039|EIK_0291|EIK_0292|EIK_0294|EIK_0333,6516,2223,632,34,261,37,119,0,0,0,0,9822,9822,ステータス計算済み,GRADE3_5_6_REBUILD_LINE3_RULE_SAME6_DEDUP_20260628
G3_REBUILD56_DEDUP_6_0002551,魚鱗,6,十河一存,小雀,山県昌景,薄田兼相,柴田勝家,来福寺左京,EIK_0039,EIK_0365,EIK_0291,EIK_0005,EIK_0294,EIK_0356,侍|剣豪の絆|豪傑|一気呵成|意気衝天|意気軒昂,1-2-3,侍|豪傑|意気衝天,3-4-5,侍|剣豪の絆|意気軒昂,5-6-1,一気呵成,魚鱗||等級3以下ON||6||EIK_0005|EIK_0039|EIK_0291|EIK_0294|EIK_0356|EIK_0365,6585,2217,590,33,242,36,117,0,0,0,0,9820,9820,ステータス計算済み,GRADE3_5_6_REBUILD_LINE3_RULE_SAME6_DEDUP_20260628
G3_REBUILD56_DEDUP_6_0002552,魚鱗,6,十河一存,蛍,山県昌景,薄田兼相,柴田勝家,本多忠勝,EIK_0039,EIK_0333,EIK_0291,EIK_0005,EIK_0294,EIK_0181,侍|武芸の絆|剣豪の絆|豪傑|意気衝天|意気軒昂,1-2-3,豪傑|意気衝天,3-4-5,侍|剣豪の絆|意気軒昂,5-6-1,武芸の絆,魚鱗||等級3以下ON||6||EIK_0005|EIK_0039|EIK_0181|EIK_0291|EIK_0294|EIK_0333,6614,2241,531,75,243,37,77,0,0,0,0,9818,9818,ステータス計算済み,GRADE3_5_6_REBUILD_LINE3_RULE_SAME6_DEDUP_20260628
G3_REBUILD56_DEDUP_6_0002553,魚鱗,6,十河一存,大祝鶴,山県昌景,塩屋秋貞,北条氏照,氏家卜全,EIK_0039,EIK_0109,EIK_0291,EIK_0359,EIK_0321,EIK_0293,侍|軍学の絆|勇将の絆|もののふ|豪傑|意気衝天,1-2-3,豪傑|意気衝天,3-4-5,軍学の絆|勇将の絆,5-6-1,侍|もののふ,魚鱗||等級3以下ON||6||EIK_0039|EIK_0109|EIK_0291|EIK_0293|EIK_0321|EIK_0359,6522,2396,388,194,124,103,91,0,0,0,0,9818,9818,ステータス計算済み,GRADE3_5_6_REBUILD_LINE3_RULE_SAME6_DEDUP_20260628
G3_REBUILD56_DEDUP_6_0002554,魚鱗,6,十河一存,小雀,山県昌景,薄田兼相,柴田勝家,真田信尹,EIK_0039,EIK_0365,EIK_0291,EIK_0005,EIK_0294,EIK_0347,侍|武芸の絆|剣豪の絆|豪傑|意気衝天|意気軒昂,1-2-3,侍|豪傑|意気衝天,3-4-5,侍|剣豪の絆|意気軒昂,5-6-1,武芸の絆,魚鱗||等級3以下ON||6||EIK_0005|EIK_0039|EIK_0291|EIK_0294|EIK_0347|EIK_0365,6636,2227,530,75,236,36,76,0,0,0,0,9816,9816,ステータス計算済み,GRADE3_5_6_REBUILD_LINE3_RULE_SAME6_DEDUP_20260628
G3_REBUILD56_DEDUP_6_0002556,魚鱗,6,十河一存,小雀,山県昌景,薄田兼相,柴田勝家,福島勝広,EIK_0039,EIK_0365,EIK_0291,EIK_0005,EIK_0294,EIK_0353,侍|武芸の絆|剣豪の絆|豪傑|意気衝天|意気軒昂,1-2-3,侍|豪傑|意気衝天,3-4-5,侍|剣豪の絆|意気軒昂,5-6-1,武芸の絆,魚鱗||等級3以下ON||6||EIK_0005|EIK_0039|EIK_0291|EIK_0294|EIK_0353|EIK_0365,6636,2227,530,77,233,36,76,0,0,0,0,9815,9815,ステータス計算済み,GRADE3_5_6_REBUILD_LINE3_RULE_SAME6_DEDUP_20260628
G3_REBUILD56_DEDUP_6_0002555,魚鱗,6,薄田兼相,山県昌景,柴田勝家,妙玖,上杉景勝,可児才蔵,EIK_0005,EIK_0291,EIK_0294,EIK_0097,EIK_0344,EIK_0362,侍|武士道の絆|剣豪の絆|王佐之才|衣鉢相伝|意気軒昂,1-2-3,侍|剣豪の絆|意気軒昂,3-4-5,王佐之才|衣鉢相伝,5-6-1,武士道の絆,魚鱗||等級3以下ON||6||EIK_0005|EIK_0097|EIK_0291|EIK_0294|EIK_0344|EIK_0362,6842,1983,293,203,115,0,254,31,31,31,32,9815,9815,ステータス計算済み,GRADE3_5_6_REBUILD_LINE3_RULE_SAME6_DEDUP_20260628
G3_REBUILD56_DEDUP_6_0002557,魚鱗,6,薄田兼相,山県昌景,柴田勝家,妙玖,上杉景勝,脇坂安治,EIK_0005,EIK_0291,EIK_0294,EIK_0097,EIK_0344,EIK_0371,侍|武士道の絆|剣豪の絆|王佐之才|衣鉢相伝|意気軒昂,1-2-3,侍|剣豪の絆|意気軒昂,3-4-5,王佐之才|衣鉢相伝,5-6-1,武士道の絆,魚鱗||等級3以下ON||6||EIK_0005|EIK_0097|EIK_0291|EIK_0294|EIK_0344|EIK_0371,6842,1958,315,205,116,0,254,31,31,31,31,9814,9814,ステータス計算済み,GRADE3_5_6_REBUILD_LINE3_RULE_SAME6_DEDUP_20260628
G3_REBUILD56_DEDUP_6_0002559,魚鱗,6,十河一存,真田信尹,御子神典膳,柴田勝家,山県昌景,小雀,EIK_0039,EIK_0347,EIK_0045,EIK_0294,EIK_0291,EIK_0365,侍|武芸の絆|剣豪の絆|豪傑|意気衝天|意気軒昂,1-2-3,武芸の絆,3-4-5,剣豪の絆|意気軒昂,5-6-1,侍|豪傑|意気衝天,魚鱗||等級3以下ON||6||EIK_0039|EIK_0045|EIK_0291|EIK_0294|EIK_0347|EIK_0365,6600,2237,540,70,246,35,86,0,0,0,0,9814,9814,ステータス計算済み,GRADE3_5_6_REBUILD_LINE3_RULE_SAME6_DEDUP_20260628
G3_REBUILD56_DEDUP_6_0002558,魚鱗,6,甲斐姫,佐久間信盛,真柄直隆,御子神典膳,柴田勝家,妙玖,EIK_0112,EIK_0340,EIK_0132,EIK_0045,EIK_0294,EIK_0097,侍|武芸の絆|剣豪の絆|戦場の華|王佐之才|衣鉢相伝,1-2-3,侍|戦場の華,3-4-5,武芸の絆|剣豪の絆,5-6-1,王佐之才|衣鉢相伝,魚鱗||等級3以下ON||6||EIK_0045|EIK_0097|EIK_0112|EIK_0132|EIK_0294|EIK_0340,7214,1456,317,205,144,44,306,33,32,31,32,9814,9814,ステータス計算済み,GRADE3_5_6_REBUILD_LINE3_RULE_SAME6_DEDUP_20260628
G3_REBUILD56_DEDUP_6_0002560,魚鱗,6,薄田兼相,山県昌景,柴田勝家,妙玖,伊達実元,脇坂安治,EIK_0005,EIK_0291,EIK_0294,EIK_0097,EIK_0329,EIK_0371,侍|武士道の絆|剣豪の絆|王佐之才|衣鉢相伝|意気軒昂,1-2-3,侍|剣豪の絆|意気軒昂,3-4-5,王佐之才|衣鉢相伝,5-6-1,武士道の絆,魚鱗||等級3以下ON||6||EIK_0005|EIK_0097|EIK_0291|EIK_0294|EIK_0329|EIK_0371,6842,1958,315,203,116,0,254,31,32,31,31,9813,9813,ステータス計算済み,GRADE3_5_6_REBUILD_LINE3_RULE_SAME6_DEDUP_20260628
G3_REBUILD56_DEDUP_6_0002561,魚鱗,6,十河一存,福島勝広,御子神典膳,柴田勝家,山県昌景,小雀,EIK_0039,EIK_0353,EIK_0045,EIK_0294,EIK_0291,EIK_0365,侍|武芸の絆|剣豪の絆|豪傑|意気衝天|意気軒昂,1-2-3,武芸の絆,3-4-5,剣豪の絆|意気軒昂,5-6-1,侍|豪傑|意気衝天,魚鱗||等級3以下ON||6||EIK_0039|EIK_0045|EIK_0291|EIK_0294|EIK_0353|EIK_0365,6600,2237,540,71,243,35,86,0,0,0,0,9812,9812,ステータス計算済み,GRADE3_5_6_REBUILD_LINE3_RULE_SAME6_DEDUP_20260628
G3_REBUILD56_DEDUP_6_0002563,魚鱗,6,十河一存,小松姫,山県昌景,薄田兼相,柴田勝家,泉田重光,EIK_0039,EIK_0297,EIK_0291,EIK_0005,EIK_0294,EIK_0369,侍|武芸の絆|剣豪の絆|豪傑|意気衝天|意気軒昂,1-2-3,豪傑|意気衝天,3-4-5,侍|剣豪の絆|意気軒昂,5-6-1,武芸の絆,魚鱗||等級3以下ON||6||EIK_0005|EIK_0039|EIK_0291|EIK_0294|EIK_0297|EIK_0369,6531,2282,564,77,239,38,80,0,0,0,0,9811,9811,ステータス計算済み,GRADE3_5_6_REBUILD_LINE3_RULE_SAME6_DEDUP_20260628
G3_REBUILD56_DEDUP_6_0002562,魚鱗,6,薄田兼相,山県昌景,柴田勝家,妙玖,伊達実元,可児才蔵,EIK_0005,EIK_0291,EIK_0294,EIK_0097,EIK_0329,EIK_0362,侍|武士道の絆|剣豪の絆|王佐之才|衣鉢相伝|意気軒昂,1-2-3,侍|剣豪の絆|意気軒昂,3-4-5,王佐之才|衣鉢相伝,5-6-1,武士道の絆,魚鱗||等級3以下ON||6||EIK_0005|EIK_0097|EIK_0291|EIK_0294|EIK_0329|EIK_0362,6842,1983,293,200,115,0,254,31,31,31,31,9811,9811,ステータス計算済み,GRADE3_5_6_REBUILD_LINE3_RULE_SAME6_DEDUP_20260628
G3_REBUILD56_DEDUP_6_0002564,魚鱗,6,十河一存,小雀,山県昌景,薄田兼相,柴田勝家,北条綱成,EIK_0039,EIK_0365,EIK_0291,EIK_0005,EIK_0294,EIK_0354,侍|武芸の絆|剣豪の絆|豪傑|意気衝天|意気軒昂,1-2-3,侍|豪傑|意気衝天,3-4-5,侍|剣豪の絆|意気軒昂,5-6-1,武芸の絆,魚鱗||等級3以下ON||6||EIK_0005|EIK_0039|EIK_0291|EIK_0294|EIK_0354|EIK_0365,6636,2227,522,77,233,36,77,0,0,0,0,9808,9808,ステータス計算済み,GRADE3_5_6_REBUILD_LINE3_RULE_SAME6_DEDUP_20260628
G3_REBUILD56_DEDUP_6_0002565,魚鱗,6,十河一存,蛍,山県昌景,薄田兼相,柴田勝家,伊達成実,EIK_0039,EIK_0333,EIK_0291,EIK_0005,EIK_0294,EIK_0268,侍|武芸の絆|剣豪の絆|豪傑|意気衝天|意気軒昂,1-2-3,豪傑|意気衝天,3-4-5,侍|剣豪の絆|意気軒昂,5-6-1,武芸の絆,魚鱗||等級3以下ON||6||EIK_0005|EIK_0039|EIK_0268|EIK_0291|EIK_0294|EIK_0333,6614,2204,548,78,247,37,77,0,0,0,0,9805,9805,ステータス計算済み,GRADE3_5_6_REBUILD_LINE3_RULE_SAME6_DEDUP_20260628
G3_REBUILD56_DEDUP_6_0002566,魚鱗,6,十河一存,北条綱成,御子神典膳,柴田勝家,山県昌景,小雀,EIK_0039,EIK_0354,EIK_0045,EIK_0294,EIK_0291,EIK_0365,侍|武芸の絆|剣豪の絆|豪傑|意気衝天|意気軒昂,1-2-3,武芸の絆,3-4-5,剣豪の絆|意気軒昂,5-6-1,侍|豪傑|意気衝天,魚鱗||等級3以下ON||6||EIK_0039|EIK_0045|EIK_0291|EIK_0294|EIK_0354|EIK_0365,6600,2237,532,71,243,35,87,0,0,0,0,9805,9805,ステータス計算済み,GRADE3_5_6_REBUILD_LINE3_RULE_SAME6_DEDUP_20260628
G3_REBUILD56_DEDUP_6_0002567,魚鱗,6,十河一存,小松姫,山県昌景,塩屋秋貞,北条氏照,長野業正,EIK_0039,EIK_0297,EIK_0291,EIK_0359,EIK_0321,EIK_0103,侍|軍学の絆|勇将の絆|もののふ|豪傑|意気衝天,1-2-3,豪傑|意気衝天,3-4-5,軍学の絆|勇将の絆,5-6-1,侍|もののふ,魚鱗||等級3以下ON||6||EIK_0039|EIK_0103|EIK_0291|EIK_0297|EIK_0321|EIK_0359,6563,2347,376,206,126,96,90,0,0,0,0,9804,9804,ステータス計算済み,GRADE3_5_6_REBUILD_LINE3_RULE_SAME6_DEDUP_20260628
G3_REBUILD56_DEDUP_6_0002568,魚鱗,6,十河一存,小松姫,山県昌景,薄田兼相,柴田勝家,小山田信茂,EIK_0039,EIK_0297,EIK_0291,EIK_0005,EIK_0294,EIK_0364,侍|武芸の絆|剣豪の絆|豪傑|意気衝天|意気軒昂,1-2-3,豪傑|意気衝天,3-4-5,侍|剣豪の絆|意気軒昂,5-6-1,武芸の絆,魚鱗||等級3以下ON||6||EIK_0005|EIK_0039|EIK_0291|EIK_0294|EIK_0297|EIK_0364,6574,2228,564,77,239,38,81,0,0,0,0,9801,9801,ステータス計算済み,GRADE3_5_6_REBUILD_LINE3_RULE_SAME6_DEDUP_20260628
G3_REBUILD56_DEDUP_6_0002569,魚鱗,6,支倉常長,森蘭丸,香宗我部親泰,雨森弥兵衛,豊臣秀次,七里頼周,EIK_0038,EIK_0300,EIK_0087,EIK_0269,EIK_0091,EIK_0152,侍|立役者|技巧伝承|知勇兼備|柔能制剛|摂理探究,1-2-3,侍|立役者,3-4-5,知勇兼備|柔能制剛,5-6-1,技巧伝承|摂理探究,魚鱗||等級3以下ON||6||EIK_0038|EIK_0087|EIK_0091|EIK_0152|EIK_0269|EIK_0300,6963,993,167,102,227,314,216,199,224,183,191,9779,9779,ステータス計算済み,GRADE3_5_6_REBUILD_LINE3_RULE_SAME6_DEDUP_20260628
G3_REBUILD56_DEDUP_6_0002570,魚鱗,6,十河一存,甲斐姫,山県昌景,塩屋秋貞,北条氏照,不破光治,EIK_0039,EIK_0112,EIK_0291,EIK_0359,EIK_0321,EIK_0317,侍|軍学の絆|勇将の絆|もののふ|豪傑|意気衝天,1-2-3,侍|豪傑|意気衝天,3-4-5,軍学の絆|勇将の絆,5-6-1,もののふ,魚鱗||等級3以下ON||6||EIK_0039|EIK_0112|EIK_0291|EIK_0317|EIK_0321|EIK_0359,6630,2303,304,214,124,107,88,0,0,0,0,9770,9770,ステータス計算済み,GRADE3_5_6_REBUILD_LINE3_RULE_SAME6_DEDUP_20260628
G3_REBUILD56_DEDUP_6_0002571,魚鱗,6,十河一存,黒百合,山県昌景,薄田兼相,柴田勝家,石川五右衛門,EIK_0039,EIK_0032,EIK_0291,EIK_0005,EIK_0294,EIK_0368,侍|剣豪の絆|豪傑|一気呵成|意気衝天|意気軒昂,1-2-3,豪傑|意気衝天,3-4-5,侍|剣豪の絆|意気軒昂,5-6-1,一気呵成,魚鱗||等級3以下ON||6||EIK_0005|EIK_0032|EIK_0039|EIK_0291|EIK_0294|EIK_0368,6527,2249,578,31,225,40,117,0,0,0,0,9767,9767,ステータス計算済み,GRADE3_5_6_REBUILD_LINE3_RULE_SAME6_DEDUP_20260628
G3_REBUILD56_DEDUP_6_0002572,魚鱗,6,十河一存,蛍,山県昌景,薄田兼相,柴田勝家,甲山太郎次郎,EIK_0039,EIK_0333,EIK_0291,EIK_0005,EIK_0294,EIK_0336,侍|剣豪の絆|豪傑|一気呵成|意気衝天|意気軒昂,1-2-3,豪傑|意気衝天,3-4-5,侍|剣豪の絆|意気軒昂,5-6-1,一気呵成,魚鱗||等級3以下ON||6||EIK_0005|EIK_0039|EIK_0291|EIK_0294|EIK_0333|EIK_0336,6556,2176,610,33,239,36,116,0,0,0,0,9766,9766,ステータス計算済み,GRADE3_5_6_REBUILD_LINE3_RULE_SAME6_DEDUP_20260628
G3_REBUILD56_DEDUP_6_0002573,魚鱗,6,長野業正,塩屋秋貞,本庄繁長,柴田勝家,小松姫,上杉憲政,EIK_0103,EIK_0359,EIK_0153,EIK_0294,EIK_0297,EIK_0014,侍|武芸の絆|もののふ|豪傑|老練闊達|勇猛果敢,1-2-3,侍|もののふ,3-4-5,武芸の絆|豪傑,5-6-1,老練闊達|勇猛果敢,魚鱗||等級3以下ON||6||EIK_0014|EIK_0103|EIK_0153|EIK_0294|EIK_0297|EIK_0359,6495,2311,546,140,199,40,32,0,0,0,0,9763,9763,ステータス計算済み,GRADE3_5_6_REBUILD_LINE3_RULE_SAME6_DEDUP_20260628
G3_REBUILD56_DEDUP_6_0002574,魚鱗,6,十河一存,黒百合,山県昌景,薄田兼相,柴田勝家,泉田重光,EIK_0039,EIK_0032,EIK_0291,EIK_0005,EIK_0294,EIK_0369,侍|武芸の絆|剣豪の絆|豪傑|意気衝天|意気軒昂,1-2-3,豪傑|意気衝天,3-4-5,侍|剣豪の絆|意気軒昂,5-6-1,武芸の絆,魚鱗||等級3以下ON||6||EIK_0005|EIK_0032|EIK_0039|EIK_0291|EIK_0294|EIK_0369,6527,2277,531,74,235,38,76,0,0,0,0,9758,9758,ステータス計算済み,GRADE3_5_6_REBUILD_LINE3_RULE_SAME6_DEDUP_20260628
G3_REBUILD56_DEDUP_6_0002575,魚鱗,6,十河一存,黒百合,山県昌景,塩屋秋貞,北条氏照,長野業正,EIK_0039,EIK_0032,EIK_0291,EIK_0359,EIK_0321,EIK_0103,侍|軍学の絆|勇将の絆|もののふ|豪傑|意気衝天,1-2-3,豪傑|意気衝天,3-4-5,軍学の絆|勇将の絆,5-6-1,侍|もののふ,魚鱗||等級3以下ON||6||EIK_0032|EIK_0039|EIK_0103|EIK_0291|EIK_0321|EIK_0359,6559,2340,349,201,124,97,87,0,0,0,0,9757,9757,ステータス計算済み,GRADE3_5_6_REBUILD_LINE3_RULE_SAME6_DEDUP_20260628
G3_REBUILD56_DEDUP_6_0002576,魚鱗,6,十河一存,黒百合,山県昌景,薄田兼相,柴田勝家,小山田信茂,EIK_0039,EIK_0032,EIK_0291,EIK_0005,EIK_0294,EIK_0364,侍|武芸の絆|剣豪の絆|豪傑|意気衝天|意気軒昂,1-2-3,豪傑|意気衝天,3-4-5,侍|剣豪の絆|意気軒昂,5-6-1,武芸の絆,魚鱗||等級3以下ON||6||EIK_0005|EIK_0032|EIK_0039|EIK_0291|EIK_0294|EIK_0364,6569,2222,531,74,235,38,77,0,0,0,0,9746,9746,ステータス計算済み,GRADE3_5_6_REBUILD_LINE3_RULE_SAME6_DEDUP_20260628
G3_REBUILD56_DEDUP_6_0002577,魚鱗,6,長野業正,塩屋秋貞,本庄繁長,伊達成実,小松姫,上杉憲政,EIK_0103,EIK_0359,EIK_0153,EIK_0268,EIK_0297,EIK_0014,侍|武芸の絆|もののふ|豪傑|老練闊達|勇猛果敢,1-2-3,侍|もののふ,3-4-5,武芸の絆|豪傑,5-6-1,老練闊達|勇猛果敢,魚鱗||等級3以下ON||6||EIK_0014|EIK_0103|EIK_0153|EIK_0268|EIK_0297|EIK_0359,6495,2278,552,140,206,40,32,0,0,0,0,9743,9743,ステータス計算済み,GRADE3_5_6_REBUILD_LINE3_RULE_SAME6_DEDUP_20260628
G3_REBUILD56_DEDUP_6_0002578,魚鱗,6,十河一存,蛍,山県昌景,薄田兼相,柴田勝家,小松姫,EIK_0039,EIK_0333,EIK_0291,EIK_0005,EIK_0294,EIK_0297,侍|武芸の絆|剣豪の絆|豪傑|意気衝天|意気軒昂,1-2-3,豪傑|意気衝天,3-4-5,侍|剣豪の絆|意気軒昂,5-6-1,武芸の絆|豪傑,魚鱗||等級3以下ON||6||EIK_0005|EIK_0039|EIK_0291|EIK_0294|EIK_0297|EIK_0333,6509,2241,548,78,243,38,80,0,0,0,0,9737,9737,ステータス計算済み,GRADE3_5_6_REBUILD_LINE3_RULE_SAME6_DEDUP_20260628
G3_REBUILD56_DEDUP_6_0002579,魚鱗,6,上杉憲政,稲葉一鉄,海北綱親,新庄直頼,果心居士,竹中重門,EIK_0014,EIK_0036,EIK_0274,EIK_0345,EIK_0331,EIK_0100,僧兵の絆|野心家の絆|謀略家|才気煥発|柔能制剛|摂理探究,1-2-3,僧兵の絆|摂理探究,3-4-5,謀略家|柔能制剛,5-6-1,野心家の絆|才気煥発,魚鱗||等級3以下ON||6||EIK_0014|EIK_0036|EIK_0100|EIK_0274|EIK_0331|EIK_0345,6700,1797,149,62,61,470,46,115,108,113,112,9733,9733,ステータス計算済み,GRADE3_5_6_REBUILD_LINE3_RULE_SAME6_DEDUP_20260628
G3_REBUILD56_DEDUP_6_0002580,魚鱗,6,十河一存,甲斐姫,山県昌景,塩屋秋貞,北条氏照,福島勝広,EIK_0039,EIK_0112,EIK_0291,EIK_0359,EIK_0321,EIK_0353,侍|軍学の絆|勇将の絆|もののふ|豪傑|意気衝天,1-2-3,侍|豪傑|意気衝天,3-4-5,軍学の絆|勇将の絆,5-6-1,もののふ,魚鱗||等級3以下ON||6||EIK_0039|EIK_0112|EIK_0291|EIK_0321|EIK_0353|EIK_0359,6642,2225,339,215,124,96,85,0,0,0,0,9726,9726,ステータス計算済み,GRADE3_5_6_REBUILD_LINE3_RULE_SAME6_DEDUP_20260628
G3_REBUILD56_DEDUP_6_0002581,魚鱗,6,山県昌景,薄田兼相,柴田勝家,本庄繁長,小松姫,安藤良整,EIK_0291,EIK_0005,EIK_0294,EIK_0153,EIK_0297,EIK_0051,侍|武芸の絆|剣豪の絆|豪傑|意気衝天|意気軒昂,1-2-3,侍|剣豪の絆|意気軒昂,3-4-5,武芸の絆|豪傑,5-6-1,意気衝天,魚鱗||等級3以下ON||6||EIK_0005|EIK_0051|EIK_0153|EIK_0291|EIK_0294|EIK_0297,6393,2396,497,90,227,42,80,0,0,0,0,9725,9725,ステータス計算済み,GRADE3_5_6_REBUILD_LINE3_RULE_SAME6_DEDUP_20260628
G3_REBUILD56_DEDUP_6_0002582,魚鱗,6,上杉憲政,稲葉一鉄,海北綱親,内藤正成,朝倉景鏡,竹中重門,EIK_0014,EIK_0036,EIK_0274,EIK_0370,EIK_0308,EIK_0100,僧兵の絆|野心家の絆|謀略家|才気煥発|柔能制剛|摂理探究,1-2-3,僧兵の絆|摂理探究,3-4-5,謀略家|柔能制剛,5-6-1,野心家の絆|才気煥発,魚鱗||等級3以下ON||6||EIK_0014|EIK_0036|EIK_0100|EIK_0274|EIK_0308|EIK_0370,6685,1798,148,63,61,476,46,115,110,105,118,9725,9725,ステータス計算済み,GRADE3_5_6_REBUILD_LINE3_RULE_SAME6_DEDUP_20260628
G3_REBUILD56_DEDUP_6_0002583,魚鱗,6,十河一存,甲斐姫,山県昌景,塩屋秋貞,北条氏照,北条綱成,EIK_0039,EIK_0112,EIK_0291,EIK_0359,EIK_0321,EIK_0354,侍|軍学の絆|勇将の絆|もののふ|豪傑|意気衝天,1-2-3,侍|豪傑|意気衝天,3-4-5,軍学の絆|勇将の絆,5-6-1,もののふ,魚鱗||等級3以下ON||6||EIK_0039|EIK_0112|EIK_0291|EIK_0321|EIK_0354|EIK_0359,6642,2225,333,215,124,96,86,0,0,0,0,9721,9721,ステータス計算済み,GRADE3_5_6_REBUILD_LINE3_RULE_SAME6_DEDUP_20260628
G3_REBUILD56_DEDUP_6_0002584,魚鱗,6,十河一存,塩屋秋貞,長野業正,上杉憲政,小松姫,柴田勝家,EIK_0039,EIK_0359,EIK_0103,EIK_0014,EIK_0297,EIK_0294,侍|武芸の絆|もののふ|豪傑|老練闊達|勇猛果敢,1-2-3,侍|もののふ,3-4-5,老練闊達|勇猛果敢,5-6-1,武芸の絆|豪傑,魚鱗||等級3以下ON||6||EIK_0014|EIK_0039|EIK_0103|EIK_0294|EIK_0297|EIK_0359,6585,2152,567,136,200,38,32,0,0,0,0,9710,9710,ステータス計算済み,GRADE3_5_6_REBUILD_LINE3_RULE_SAME6_DEDUP_20260628
G3_REBUILD56_DEDUP_6_0002585,魚鱗,6,香宗我部親泰,高坂昌信,豊臣秀次,細川藤孝,金森長近,大久保忠世,EIK_0087,EIK_0284,EIK_0091,EIK_0286,EIK_0094,EIK_0096,知将の絆|文化人の絆|技巧伝承|知勇兼備|山紫水明|柔能制剛,1-2-3,知将の絆|柔能制剛,3-4-5,文化人の絆|山紫水明,5-6-1,技巧伝承|知勇兼備,魚鱗||等級3以下ON||6||EIK_0087|EIK_0091|EIK_0094|EIK_0096|EIK_0284|EIK_0286,6804,605,45,56,372,358,123,334,346,325,337,9705,9705,ステータス計算済み,GRADE3_5_6_REBUILD_LINE3_RULE_SAME6_DEDUP_20260628
G3_REBUILD56_DEDUP_6_0002586,魚鱗,6,十河一存,塩屋秋貞,長野業正,上杉憲政,小松姫,伊達成実,EIK_0039,EIK_0359,EIK_0103,EIK_0014,EIK_0297,EIK_0268,侍|武芸の絆|もののふ|豪傑|老練闊達|勇猛果敢,1-2-3,侍|もののふ,3-4-5,老練闊達|勇猛果敢,5-6-1,武芸の絆|豪傑,魚鱗||等級3以下ON||6||EIK_0014|EIK_0039|EIK_0103|EIK_0268|EIK_0297|EIK_0359,6585,2119,572,136,207,38,32,0,0,0,0,9689,9689,ステータス計算済み,GRADE3_5_6_REBUILD_LINE3_RULE_SAME6_DEDUP_20260628
G3_REBUILD56_DEDUP_6_0002587,魚鱗,6,十河一存,蛍,山県昌景,薄田兼相,柴田勝家,来福寺左京,EIK_0039,EIK_0333,EIK_0291,EIK_0005,EIK_0294,EIK_0356,侍|剣豪の絆|豪傑|一気呵成|意気衝天|意気軒昂,1-2-3,豪傑|意気衝天,3-4-5,侍|剣豪の絆|意気軒昂,5-6-1,一気呵成,魚鱗||等級3以下ON||6||EIK_0005|EIK_0039|EIK_0291|EIK_0294|EIK_0333|EIK_0356,6485,2178,591,33,244,36,116,0,0,0,0,9683,9683,ステータス計算済み,GRADE3_5_6_REBUILD_LINE3_RULE_SAME6_DEDUP_20260628
G3_REBUILD56_DEDUP_6_0002588,魚鱗,6,十河一存,蛍,山県昌景,薄田兼相,柴田勝家,真田信尹,EIK_0039,EIK_0333,EIK_0291,EIK_0005,EIK_0294,EIK_0347,侍|武芸の絆|剣豪の絆|豪傑|意気衝天|意気軒昂,1-2-3,豪傑|意気衝天,3-4-5,侍|剣豪の絆|意気軒昂,5-6-1,武芸の絆,魚鱗||等級3以下ON||6||EIK_0005|EIK_0039|EIK_0291|EIK_0294|EIK_0333|EIK_0347,6536,2189,532,75,238,36,75,0,0,0,0,9681,9681,ステータス計算済み,GRADE3_5_6_REBUILD_LINE3_RULE_SAME6_DEDUP_20260628
G3_REBUILD56_DEDUP_6_0002589,魚鱗,6,十河一存,蛍,山県昌景,薄田兼相,柴田勝家,福島勝広,EIK_0039,EIK_0333,EIK_0291,EIK_0005,EIK_0294,EIK_0353,侍|武芸の絆|剣豪の絆|豪傑|意気衝天|意気軒昂,1-2-3,豪傑|意気衝天,3-4-5,侍|剣豪の絆|意気軒昂,5-6-1,武芸の絆,魚鱗||等級3以下ON||6||EIK_0005|EIK_0039|EIK_0291|EIK_0294|EIK_0333|EIK_0353,6536,2189,532,77,235,36,75,0,0,0,0,9680,9680,ステータス計算済み,GRADE3_5_6_REBUILD_LINE3_RULE_SAME6_DEDUP_20260628
G3_REBUILD56_DEDUP_6_0002590,魚鱗,6,十河一存,蛍,山県昌景,薄田兼相,柴田勝家,北条綱成,EIK_0039,EIK_0333,EIK_0291,EIK_0005,EIK_0294,EIK_0354,侍|武芸の絆|剣豪の絆|豪傑|意気衝天|意気軒昂,1-2-3,豪傑|意気衝天,3-4-5,侍|剣豪の絆|意気軒昂,5-6-1,武芸の絆,魚鱗||等級3以下ON||6||EIK_0005|EIK_0039|EIK_0291|EIK_0294|EIK_0333|EIK_0354,6536,2189,523,77,235,36,76,0,0,0,0,9672,9672,ステータス計算済み,GRADE3_5_6_REBUILD_LINE3_RULE_SAME6_DEDUP_20260628
G3_REBUILD56_DEDUP_6_0002591,魚鱗,6,山県昌景,薄田兼相,柴田勝家,十河一存,小松姫,安藤良整,EIK_0291,EIK_0005,EIK_0294,EIK_0039,EIK_0297,EIK_0051,侍|武芸の絆|剣豪の絆|豪傑|意気衝天|意気軒昂,1-2-3,侍|剣豪の絆|意気軒昂,3-4-5,武芸の絆|豪傑,5-6-1,意気衝天,魚鱗||等級3以下ON||6||EIK_0005|EIK_0039|EIK_0051|EIK_0291|EIK_0294|EIK_0297,6488,2218,517,88,229,41,79,0,0,0,0,9660,9660,ステータス計算済み,GRADE3_5_6_REBUILD_LINE3_RULE_SAME6_DEDUP_20260628
G3_REBUILD56_DEDUP_6_0002592,魚鱗,6,支倉常長,願証寺証恵,海北綱親,山上道及,小山田信茂,蒲生氏郷,EIK_0038,EIK_0278,EIK_0274,EIK_0063,EIK_0364,EIK_0131,侍|立役者|謀略家|勇猛果敢|雄材大略|摂理探究,1-2-3,立役者|摂理探究,3-4-5,謀略家|勇猛果敢,5-6-1,侍|雄材大略,魚鱗||等級3以下ON||6||EIK_0038|EIK_0063|EIK_0131|EIK_0274|EIK_0278|EIK_0364,6847,1160,347,55,73,314,78,188,190,177,200,9629,9629,ステータス計算済み,GRADE3_5_6_REBUILD_LINE3_RULE_SAME6_DEDUP_20260628
G3_REBUILD56_DEDUP_6_0002593,魚鱗,6,十河一存,小雀,山県昌景,塩屋秋貞,北条氏照,山上道及,EIK_0039,EIK_0365,EIK_0291,EIK_0359,EIK_0321,EIK_0063,侍|軍学の絆|勇将の絆|もののふ|豪傑|意気衝天,1-2-3,侍|豪傑|意気衝天,3-4-5,軍学の絆|勇将の絆,5-6-1,もののふ,魚鱗||等級3以下ON||6||EIK_0039|EIK_0063|EIK_0291|EIK_0321|EIK_0359|EIK_0365,6544,2217,382,203,122,84,74,0,0,0,0,9626,9626,ステータス計算済み,GRADE3_5_6_REBUILD_LINE3_RULE_SAME6_DEDUP_20260628
G3_REBUILD56_DEDUP_6_0002594,魚鱗,6,十河一存,小雀,山県昌景,御子神典膳,柴田勝家,石川五右衛門,EIK_0039,EIK_0365,EIK_0291,EIK_0045,EIK_0294,EIK_0368,侍|剣豪の絆|豪傑|一気呵成|意気衝天|意気軒昂,1-2-3,侍|豪傑|意気衝天,3-4-5,剣豪の絆|意気軒昂,5-6-1,一気呵成,魚鱗||等級3以下ON||6||EIK_0039|EIK_0045|EIK_0291|EIK_0294|EIK_0365|EIK_0368,6442,2192,564,29,229,36,130,0,0,0,0,9622,9622,ステータス計算済み,GRADE3_5_6_REBUILD_LINE3_RULE_SAME6_DEDUP_20260628
G3_REBUILD56_DEDUP_6_0002595,魚鱗,6,十河一存,小雀,山県昌景,薄田兼相,柴田勝家,石川五右衛門,EIK_0039,EIK_0365,EIK_0291,EIK_0005,EIK_0294,EIK_0368,侍|剣豪の絆|豪傑|一気呵成|意気衝天|意気軒昂,1-2-3,侍|豪傑|意気衝天,3-4-5,侍|剣豪の絆|意気軒昂,5-6-1,一気呵成,魚鱗||等級3以下ON||6||EIK_0005|EIK_0039|EIK_0291|EIK_0294|EIK_0365|EIK_0368,6478,2182,553,31,220,37,114,0,0,0,0,9615,9615,ステータス計算済み,GRADE3_5_6_REBUILD_LINE3_RULE_SAME6_DEDUP_20260628
G3_REBUILD56_DEDUP_6_0002596,魚鱗,6,十河一存,小雀,山県昌景,塩屋秋貞,北条氏照,長野業正,EIK_0039,EIK_0365,EIK_0291,EIK_0359,EIK_0321,EIK_0103,侍|軍学の絆|勇将の絆|もののふ|豪傑|意気衝天,1-2-3,侍|豪傑|意気衝天,3-4-5,軍学の絆|勇将の絆,5-6-1,侍|もののふ,魚鱗||等級3以下ON||6||EIK_0039|EIK_0103|EIK_0291|EIK_0321|EIK_0359|EIK_0365,6511,2274,331,202,122,90,85,0,0,0,0,9615,9615,ステータス計算済み,GRADE3_5_6_REBUILD_LINE3_RULE_SAME6_DEDUP_20260628
G3_REBUILD56_DEDUP_6_0002597,魚鱗,6,伊奈忠次,小西行長,木下秀長,新庄直頼,朝倉景鏡,平手政秀,EIK_0043,EIK_0158,EIK_0106,EIK_0345,EIK_0308,EIK_0025,陰陽師|謀略家|技巧伝承|柔能制剛|雄材大略|摂理探究,1-2-3,技巧伝承|摂理探究,3-4-5,謀略家|柔能制剛,5-6-1,陰陽師|雄材大略,魚鱗||等級3以下ON||6||EIK_0025|EIK_0043|EIK_0106|EIK_0158|EIK_0308|EIK_0345,6521,1306,73,41,156,463,57,281,225,237,248,9608,9608,ステータス計算済み,GRADE3_5_6_REBUILD_LINE3_RULE_SAME6_DEDUP_20260628
G3_REBUILD56_DEDUP_6_0002598,魚鱗,6,十河一存,小雀,山県昌景,薄田兼相,柴田勝家,泉田重光,EIK_0039,EIK_0365,EIK_0291,EIK_0005,EIK_0294,EIK_0369,侍|武芸の絆|剣豪の絆|豪傑|意気衝天|意気軒昂,1-2-3,侍|豪傑|意気衝天,3-4-5,侍|剣豪の絆|意気軒昂,5-6-1,武芸の絆,魚鱗||等級3以下ON||6||EIK_0005|EIK_0039|EIK_0291|EIK_0294|EIK_0365|EIK_0369,6477,2209,509,74,229,35,74,0,0,0,0,9607,9607,ステータス計算済み,GRADE3_5_6_REBUILD_LINE3_RULE_SAME6_DEDUP_20260628
G3_REBUILD56_DEDUP_6_0002599,魚鱗,6,十河一存,泉田重光,御子神典膳,柴田勝家,山県昌景,小雀,EIK_0039,EIK_0369,EIK_0045,EIK_0294,EIK_0291,EIK_0365,侍|武芸の絆|剣豪の絆|豪傑|意気衝天|意気軒昂,1-2-3,武芸の絆,3-4-5,剣豪の絆|意気軒昂,5-6-1,侍|豪傑|意気衝天,魚鱗||等級3以下ON||6||EIK_0039|EIK_0045|EIK_0291|EIK_0294|EIK_0365|EIK_0369,6442,2218,519,69,239,34,84,0,0,0,0,9605,9605,ステータス計算済み,GRADE3_5_6_REBUILD_LINE3_RULE_SAME6_DEDUP_20260628
G3_REBUILD56_DEDUP_6_0002600,魚鱗,6,十河一存,小雀,山県昌景,薄田兼相,柴田勝家,小山田信茂,EIK_0039,EIK_0365,EIK_0291,EIK_0005,EIK_0294,EIK_0364,侍|武芸の絆|剣豪の絆|豪傑|意気衝天|意気軒昂,1-2-3,侍|豪傑|意気衝天,3-4-5,侍|剣豪の絆|意気軒昂,5-6-1,武芸の絆,魚鱗||等級3以下ON||6||EIK_0005|EIK_0039|EIK_0291|EIK_0294|EIK_0364|EIK_0365,6520,2154,509,74,229,35,75,0,0,0,0,9596,9596,ステータス計算済み,GRADE3_5_6_REBUILD_LINE3_RULE_SAME6_DEDUP_20260628
G3_REBUILD56_DEDUP_6_0002601,魚鱗,6,十河一存,小山田信茂,御子神典膳,柴田勝家,山県昌景,小雀,EIK_0039,EIK_0364,EIK_0045,EIK_0294,EIK_0291,EIK_0365,侍|武芸の絆|剣豪の絆|豪傑|意気衝天|意気軒昂,1-2-3,武芸の絆,3-4-5,剣豪の絆|意気軒昂,5-6-1,侍|豪傑|意気衝天,魚鱗||等級3以下ON||6||EIK_0039|EIK_0045|EIK_0291|EIK_0294|EIK_0364|EIK_0365,6484,2164,519,69,239,34,85,0,0,0,0,9594,9594,ステータス計算済み,GRADE3_5_6_REBUILD_LINE3_RULE_SAME6_DEDUP_20260628
G3_REBUILD56_DEDUP_6_0002602,魚鱗,6,十河一存,甲斐姫,山県昌景,塩屋秋貞,北条氏照,可児才蔵,EIK_0039,EIK_0112,EIK_0291,EIK_0359,EIK_0321,EIK_0362,侍|軍学の絆|勇将の絆|もののふ|豪傑|意気衝天,1-2-3,侍|豪傑|意気衝天,3-4-5,軍学の絆|勇将の絆,5-6-1,侍|もののふ,魚鱗||等級3以下ON||6||EIK_0039|EIK_0112|EIK_0291|EIK_0321|EIK_0359|EIK_0362,6564,2205,297,212,123,96,85,0,0,0,0,9582,9582,ステータス計算済み,GRADE3_5_6_REBUILD_LINE3_RULE_SAME6_DEDUP_20260628
G3_REBUILD56_DEDUP_6_0002603,魚鱗,6,上杉憲政,稲葉一鉄,海北綱親,内藤正成,果心居士,竹中重門,EIK_0014,EIK_0036,EIK_0274,EIK_0370,EIK_0331,EIK_0100,僧兵の絆|野心家の絆|謀略家|才気煥発|柔能制剛|摂理探究,1-2-3,僧兵の絆|摂理探究,3-4-5,謀略家|柔能制剛,5-6-1,野心家の絆|才気煥発,魚鱗||等級3以下ON||6||EIK_0014|EIK_0036|EIK_0100|EIK_0274|EIK_0331|EIK_0370,6592,1763,145,60,60,474,45,111,105,109,108,9572,9572,ステータス計算済み,GRADE3_5_6_REBUILD_LINE3_RULE_SAME6_DEDUP_20260628
G3_REBUILD56_DEDUP_6_0002604,魚鱗,6,香宗我部親泰,高坂昌信,豊臣秀次,武田信繁,小西行長,伊奈忠次,EIK_0087,EIK_0284,EIK_0091,EIK_0059,EIK_0158,EIK_0043,薬師|知将の絆|立役者|技巧伝承|柔能制剛|摂理探究,1-2-3,知将の絆|柔能制剛,3-4-5,薬師|立役者,5-6-1,技巧伝承|摂理探究,魚鱗||等級3以下ON||6||EIK_0043|EIK_0059|EIK_0087|EIK_0091|EIK_0158|EIK_0284,6870,583,36,18,157,456,207,330,307,306,283,9553,9553,ステータス計算済み,GRADE3_5_6_REBUILD_LINE3_RULE_SAME6_DEDUP_20260628
G3_REBUILD56_DEDUP_6_0002605,魚鱗,6,十河一存,小雀,山県昌景,塩屋秋貞,北条氏照,渡辺守綱,EIK_0039,EIK_0365,EIK_0291,EIK_0359,EIK_0321,EIK_0090,侍|軍学の絆|勇将の絆|もののふ|豪傑|意気衝天,1-2-3,侍|豪傑|意気衝天,3-4-5,軍学の絆|勇将の絆,5-6-1,もののふ,魚鱗||等級3以下ON||6||EIK_0039|EIK_0090|EIK_0291|EIK_0321|EIK_0359|EIK_0365,6476,2237,358,191,118,80,84,0,0,0,0,9544,9544,ステータス計算済み,GRADE3_5_6_REBUILD_LINE3_RULE_SAME6_DEDUP_20260628
G3_REBUILD56_DEDUP_6_0002606,魚鱗,6,支倉常長,願証寺証恵,香宗我部親泰,北条氏邦,北条高広,池田勝正,EIK_0038,EIK_0278,EIK_0087,EIK_0040,EIK_0319,EIK_0306,侍|武士道の絆|立役者|謀略家|雄材大略|摂理探究,1-2-3,立役者|摂理探究,3-4-5,侍|謀略家,5-6-1,武士道の絆|雄材大略,魚鱗||等級3以下ON||6||EIK_0038|EIK_0040|EIK_0087|EIK_0278|EIK_0306|EIK_0319,6438,1805,189,82,0,294,132,149,159,136,149,9533,9533,ステータス計算済み,GRADE3_5_6_REBUILD_LINE3_RULE_SAME6_DEDUP_20260628
G3_REBUILD56_DEDUP_6_0002607,魚鱗,6,上杉憲政,下間頼廉,願証寺証恵,稲葉一鉄,小山田信茂,竹中重門,EIK_0014,EIK_0360,EIK_0278,EIK_0036,EIK_0364,EIK_0100,僧兵の絆|野心家の絆|籠城名手|才気煥発|勇猛果敢|雄材大略,1-2-3,僧兵の絆|籠城名手,3-4-5,勇猛果敢|雄材大略,5-6-1,野心家の絆|才気煥発,魚鱗||等級3以下ON||6||EIK_0014|EIK_0036|EIK_0100|EIK_0278|EIK_0360|EIK_0364,6321,2313,144,129,95,337,45,35,35,34,34,9522,9522,ステータス計算済み,GRADE3_5_6_REBUILD_LINE3_RULE_SAME6_DEDUP_20260628
G3_REBUILD56_DEDUP_6_0002608,魚鱗,6,伊奈忠次,小西行長,香宗我部親泰,新庄直頼,朝倉景鏡,平手政秀,EIK_0043,EIK_0158,EIK_0087,EIK_0345,EIK_0308,EIK_0025,陰陽師|謀略家|技巧伝承|柔能制剛|雄材大略|摂理探究,1-2-3,技巧伝承|摂理探究,3-4-5,謀略家|柔能制剛,5-6-1,陰陽師|雄材大略,魚鱗||等級3以下ON||6||EIK_0025|EIK_0043|EIK_0087|EIK_0158|EIK_0308|EIK_0345,6578,1251,63,45,137,432,54,262,217,214,232,9485,9485,ステータス計算済み,GRADE3_5_6_REBUILD_LINE3_RULE_SAME6_DEDUP_20260628
G3_REBUILD56_DEDUP_6_0002609,魚鱗,6,十河一存,蛍,山県昌景,塩屋秋貞,北条氏照,長野業正,EIK_0039,EIK_0333,EIK_0291,EIK_0359,EIK_0321,EIK_0103,侍|軍学の絆|勇将の絆|もののふ|豪傑|意気衝天,1-2-3,豪傑|意気衝天,3-4-5,軍学の絆|勇将の絆,5-6-1,侍|もののふ,魚鱗||等級3以下ON||6||EIK_0039|EIK_0103|EIK_0291|EIK_0321|EIK_0333|EIK_0359,6414,2235,333,201,123,91,84,0,0,0,0,9481,9481,ステータス計算済み,GRADE3_5_6_REBUILD_LINE3_RULE_SAME6_DEDUP_20260628
G3_REBUILD56_DEDUP_6_0002610,魚鱗,6,十河一存,蛍,山県昌景,薄田兼相,柴田勝家,石川五右衛門,EIK_0039,EIK_0333,EIK_0291,EIK_0005,EIK_0294,EIK_0368,侍|剣豪の絆|豪傑|一気呵成|意気衝天|意気軒昂,1-2-3,豪傑|意気衝天,3-4-5,侍|剣豪の絆|意気軒昂,5-6-1,一気呵成,魚鱗||等級3以下ON||6||EIK_0005|EIK_0039|EIK_0291|EIK_0294|EIK_0333|EIK_0368,6377,2142,555,31,222,37,112,0,0,0,0,9476,9476,ステータス計算済み,GRADE3_5_6_REBUILD_LINE3_RULE_SAME6_DEDUP_20260628
G3_REBUILD56_DEDUP_6_0002611,魚鱗,6,十河一存,蛍,山県昌景,薄田兼相,柴田勝家,泉田重光,EIK_0039,EIK_0333,EIK_0291,EIK_0005,EIK_0294,EIK_0369,侍|武芸の絆|剣豪の絆|豪傑|意気衝天|意気軒昂,1-2-3,豪傑|意気衝天,3-4-5,侍|剣豪の絆|意気軒昂,5-6-1,武芸の絆,魚鱗||等級3以下ON||6||EIK_0005|EIK_0039|EIK_0291|EIK_0294|EIK_0333|EIK_0369,6377,2170,511,74,232,35,73,0,0,0,0,9472,9472,ステータス計算済み,GRADE3_5_6_REBUILD_LINE3_RULE_SAME6_DEDUP_20260628
G3_REBUILD56_DEDUP_6_0002612,魚鱗,6,十河一存,蛍,山県昌景,薄田兼相,柴田勝家,小山田信茂,EIK_0039,EIK_0333,EIK_0291,EIK_0005,EIK_0294,EIK_0364,侍|武芸の絆|剣豪の絆|豪傑|意気衝天|意気軒昂,1-2-3,豪傑|意気衝天,3-4-5,侍|剣豪の絆|意気軒昂,5-6-1,武芸の絆,魚鱗||等級3以下ON||6||EIK_0005|EIK_0039|EIK_0291|EIK_0294|EIK_0333|EIK_0364,6420,2115,511,74,232,35,74,0,0,0,0,9461,9461,ステータス計算済み,GRADE3_5_6_REBUILD_LINE3_RULE_SAME6_DEDUP_20260628
G3_REBUILD56_DEDUP_6_0002613,魚鱗,6,伊奈忠次,小西行長,木下秀長,新庄直頼,果心居士,平手政秀,EIK_0043,EIK_0158,EIK_0106,EIK_0345,EIK_0331,EIK_0025,陰陽師|謀略家|技巧伝承|柔能制剛|雄材大略|摂理探究,1-2-3,技巧伝承|摂理探究,3-4-5,謀略家|柔能制剛,5-6-1,陰陽師|雄材大略,魚鱗||等級3以下ON||6||EIK_0025|EIK_0043|EIK_0106|EIK_0158|EIK_0331|EIK_0345,6426,1284,72,40,152,462,56,273,215,246,230,9456,9456,ステータス計算済み,GRADE3_5_6_REBUILD_LINE3_RULE_SAME6_DEDUP_20260628
G3_REBUILD56_DEDUP_6_0002614,魚鱗,6,豊臣秀次,香宗我部親泰,雨森弥兵衛,伸介,細川藤孝,金森長近,EIK_0091,EIK_0087,EIK_0269,EIK_0299,EIK_0286,EIK_0094,陰陽師|文化人の絆|泰然自若|知勇兼備|山紫水明|柔能制剛,1-2-3,知勇兼備|柔能制剛,3-4-5,陰陽師|泰然自若,5-6-1,文化人の絆|山紫水明,魚鱗||等級3以下ON||6||EIK_0087|EIK_0091|EIK_0094|EIK_0269|EIK_0286|EIK_0299,6505,1026,36,189,210,296,108,274,293,260,259,9456,9456,ステータス計算済み,GRADE3_5_6_REBUILD_LINE3_RULE_SAME6_DEDUP_20260628
G3_REBUILD56_DEDUP_6_0002615,魚鱗,6,伊奈忠次,小西行長,木下秀長,内藤正成,朝倉景鏡,平手政秀,EIK_0043,EIK_0158,EIK_0106,EIK_0370,EIK_0308,EIK_0025,陰陽師|謀略家|技巧伝承|柔能制剛|雄材大略|摂理探究,1-2-3,技巧伝承|摂理探究,3-4-5,謀略家|柔能制剛,5-6-1,陰陽師|雄材大略,魚鱗||等級3以下ON||6||EIK_0025|EIK_0043|EIK_0106|EIK_0158|EIK_0308|EIK_0370,6410,1285,71,40,152,466,56,274,219,231,242,9446,9446,ステータス計算済み,GRADE3_5_6_REBUILD_LINE3_RULE_SAME6_DEDUP_20260628
G3_REBUILD56_DEDUP_6_0002616,魚鱗,6,安宅冬康,高坂昌信,香宗我部親泰,金森長近,大久保忠世,鳥居元忠,EIK_0035,EIK_0284,EIK_0087,EIK_0094,EIK_0096,EIK_0351,鍛冶屋|知将の絆|立役者|技巧伝承|知勇兼備|柔能制剛,1-2-3,知将の絆|柔能制剛,3-4-5,技巧伝承|知勇兼備,5-6-1,鍛冶屋|立役者,魚鱗||等級3以下ON||6||EIK_0035|EIK_0087|EIK_0094|EIK_0096|EIK_0284|EIK_0351,7173,557,85,114,271,282,226,185,190,181,179,9443,9443,ステータス計算済み,GRADE3_5_6_REBUILD_LINE3_RULE_SAME6_DEDUP_20260628
G3_REBUILD56_DEDUP_6_0002617,魚鱗,6,十河一存,大祝鶴,山県昌景,塩屋秋貞,北条氏照,可児才蔵,EIK_0039,EIK_0109,EIK_0291,EIK_0359,EIK_0321,EIK_0362,侍|軍学の絆|勇将の絆|もののふ|豪傑|意気衝天,1-2-3,豪傑|意気衝天,3-4-5,軍学の絆|勇将の絆,5-6-1,侍|もののふ,魚鱗||等級3以下ON||6||EIK_0039|EIK_0109|EIK_0291|EIK_0321|EIK_0359|EIK_0362,6318,2286,352,183,117,91,85,0,0,0,0,9432,9432,ステータス計算済み,GRADE3_5_6_REBUILD_LINE3_RULE_SAME6_DEDUP_20260628
G3_REBUILD56_DEDUP_6_0002618,魚鱗,6,十河一存,小松姫,山県昌景,塩屋秋貞,北条氏照,岡部元信,EIK_0039,EIK_0297,EIK_0291,EIK_0359,EIK_0321,EIK_0272,侍|軍学の絆|勇将の絆|もののふ|豪傑|意気衝天,1-2-3,豪傑|意気衝天,3-4-5,軍学の絆|勇将の絆,5-6-1,侍|もののふ,魚鱗||等級3以下ON||6||EIK_0039|EIK_0272|EIK_0291|EIK_0297|EIK_0321|EIK_0359,6350,2217,365,204,110,86,82,0,0,0,0,9414,9414,ステータス計算済み,GRADE3_5_6_REBUILD_LINE3_RULE_SAME6_DEDUP_20260628
G3_REBUILD56_DEDUP_6_0002619,魚鱗,6,支倉常長,森蘭丸,香宗我部親泰,高坂昌信,豊臣秀次,七里頼周,EIK_0038,EIK_0300,EIK_0087,EIK_0284,EIK_0091,EIK_0152,侍|知将の絆|立役者|技巧伝承|柔能制剛|摂理探究,1-2-3,侍|立役者,3-4-5,知将の絆|柔能制剛,5-6-1,技巧伝承|摂理探究,魚鱗||等級3以下ON||6||EIK_0038|EIK_0087|EIK_0091|EIK_0152|EIK_0284|EIK_0300,7012,425,121,58,189,392,170,261,272,250,253,9403,9403,ステータス計算済み,GRADE3_5_6_REBUILD_LINE3_RULE_SAME6_DEDUP_20260628
G3_REBUILD56_DEDUP_6_0002620,魚鱗,6,支倉常長,願証寺証恵,香宗我部親泰,真田信尹,北条高広,池田勝正,EIK_0038,EIK_0278,EIK_0087,EIK_0347,EIK_0319,EIK_0306,侍|武士道の絆|立役者|謀略家|雄材大略|摂理探究,1-2-3,立役者|摂理探究,3-4-5,侍|謀略家,5-6-1,武士道の絆|雄材大略,魚鱗||等級3以下ON||6||EIK_0038|EIK_0087|EIK_0278|EIK_0306|EIK_0319|EIK_0347,6360,1766,183,81,0,286,130,144,151,134,145,9380,9380,ステータス計算済み,GRADE3_5_6_REBUILD_LINE3_RULE_SAME6_DEDUP_20260628
G3_REBUILD56_DEDUP_6_0002621,魚鱗,6,薄田兼相,山県昌景,柴田勝家,本庄繁長,小松姫,三井遊雲軒,EIK_0005,EIK_0291,EIK_0294,EIK_0153,EIK_0297,EIK_0288,侍|武芸の絆|剣豪の絆|豪傑|意気軒昂|日進月歩,1-2-3,侍|剣豪の絆|意気軒昂,3-4-5,武芸の絆|豪傑,5-6-1,日進月歩,魚鱗||等級3以下ON||6||EIK_0005|EIK_0153|EIK_0288|EIK_0291|EIK_0294|EIK_0297,7205,1019,627,144,297,0,85,0,0,0,0,9377,9377,ステータス計算済み,GRADE3_5_6_REBUILD_LINE3_RULE_SAME6_DEDUP_20260628
G3_REBUILD56_DEDUP_6_0002622,魚鱗,6,支倉常長,願証寺証恵,香宗我部親泰,北条氏邦,北条高広,伊達実元,EIK_0038,EIK_0278,EIK_0087,EIK_0040,EIK_0319,EIK_0329,侍|武士道の絆|立役者|謀略家|雄材大略|摂理探究,1-2-3,立役者|摂理探究,3-4-5,侍|謀略家,5-6-1,武士道の絆|雄材大略,魚鱗||等級3以下ON||6||EIK_0038|EIK_0040|EIK_0087|EIK_0278|EIK_0319|EIK_0329,6360,1764,183,80,0,285,130,144,158,132,141,9377,9377,ステータス計算済み,GRADE3_5_6_REBUILD_LINE3_RULE_SAME6_DEDUP_20260628
G3_REBUILD56_DEDUP_6_0002623,魚鱗,6,支倉常長,願証寺証恵,香宗我部親泰,北条氏邦,北条高広,上杉景勝,EIK_0038,EIK_0278,EIK_0087,EIK_0040,EIK_0319,EIK_0344,侍|武士道の絆|立役者|謀略家|雄材大略|摂理探究,1-2-3,立役者|摂理探究,3-4-5,侍|謀略家,5-6-1,武士道の絆|雄材大略,魚鱗||等級3以下ON||6||EIK_0038|EIK_0040|EIK_0087|EIK_0278|EIK_0319|EIK_0344,6360,1764,183,81,0,281,130,144,155,132,144,9374,9374,ステータス計算済み,GRADE3_5_6_REBUILD_LINE3_RULE_SAME6_DEDUP_20260628
G3_REBUILD56_DEDUP_6_0002624,魚鱗,6,十河一存,黒百合,山県昌景,塩屋秋貞,北条氏照,岡部元信,EIK_0039,EIK_0032,EIK_0291,EIK_0359,EIK_0321,EIK_0272,侍|軍学の絆|勇将の絆|もののふ|豪傑|意気衝天,1-2-3,豪傑|意気衝天,3-4-5,軍学の絆|勇将の絆,5-6-1,侍|もののふ,魚鱗||等級3以下ON||6||EIK_0032|EIK_0039|EIK_0272|EIK_0291|EIK_0321|EIK_0359,6346,2211,337,199,107,86,78,0,0,0,0,9364,9364,ステータス計算済み,GRADE3_5_6_REBUILD_LINE3_RULE_SAME6_DEDUP_20260628
G3_REBUILD56_DEDUP_6_0002625,魚鱗,6,支倉常長,三好義賢,香宗我部親泰,雨森弥兵衛,北条氏政,甲斐姫,EIK_0038,EIK_0289,EIK_0087,EIK_0269,EIK_0322,EIK_0112,侍|武士道の絆|立役者|技巧伝承|知勇兼備|柔能制剛,1-2-3,侍|技巧伝承,3-4-5,知勇兼備|柔能制剛,5-6-1,武士道の絆|立役者,魚鱗||等級3以下ON||6||EIK_0038|EIK_0087|EIK_0112|EIK_0269|EIK_0289|EIK_0322,6434,1653,101,149,224,212,247,83,98,77,80,9358,9358,ステータス計算済み,GRADE3_5_6_REBUILD_LINE3_RULE_SAME6_DEDUP_20260628
G3_REBUILD56_DEDUP_6_0002626,魚鱗,6,甲斐姫,佐久間信盛,真柄直隆,伊達成実,柴田勝家,妙玖,EIK_0112,EIK_0340,EIK_0132,EIK_0268,EIK_0294,EIK_0097,侍|武芸の絆|剣豪の絆|戦場の華|王佐之才|衣鉢相伝,1-2-3,侍|戦場の華,3-4-5,武芸の絆|剣豪の絆,5-6-1,王佐之才|衣鉢相伝,魚鱗||等級3以下ON||6||EIK_0097|EIK_0112|EIK_0132|EIK_0268|EIK_0294|EIK_0340,6894,1369,314,204,133,42,278,29,29,27,28,9347,9347,ステータス計算済み,GRADE3_5_6_REBUILD_LINE3_RULE_SAME6_DEDUP_20260628
G3_REBUILD56_DEDUP_6_0002627,魚鱗,6,香宗我部親泰,伊奈忠次,小西行長,武田信繁,丹羽長秀,雨森弥兵衛,EIK_0087,EIK_0043,EIK_0158,EIK_0059,EIK_0305,EIK_0269,薬師|立役者|技巧伝承|知勇兼備|柔能制剛|摂理探究,1-2-3,技巧伝承|摂理探究,3-4-5,薬師|立役者,5-6-1,知勇兼備|柔能制剛,魚鱗||等級3以下ON||6||EIK_0043|EIK_0059|EIK_0087|EIK_0158|EIK_0269|EIK_0305,6500,1107,58,55,165,351,234,236,229,208,192,9335,9335,ステータス計算済み,GRADE3_5_6_REBUILD_LINE3_RULE_SAME6_DEDUP_20260628
G3_REBUILD56_DEDUP_6_0002628,魚鱗,6,伊奈忠次,小西行長,香宗我部親泰,新庄直頼,果心居士,平手政秀,EIK_0043,EIK_0158,EIK_0087,EIK_0345,EIK_0331,EIK_0025,陰陽師|謀略家|技巧伝承|柔能制剛|雄材大略|摂理探究,1-2-3,技巧伝承|摂理探究,3-4-5,謀略家|柔能制剛,5-6-1,陰陽師|雄材大略,魚鱗||等級3以下ON||6||EIK_0025|EIK_0043|EIK_0087|EIK_0158|EIK_0331|EIK_0345,6482,1229,61,44,134,431,53,253,207,223,214,9331,9331,ステータス計算済み,GRADE3_5_6_REBUILD_LINE3_RULE_SAME6_DEDUP_20260628
G3_REBUILD56_DEDUP_6_0002629,魚鱗,6,十河一存,小松姫,山県昌景,塩屋秋貞,北条氏照,氏家卜全,EIK_0039,EIK_0297,EIK_0291,EIK_0359,EIK_0321,EIK_0293,侍|軍学の絆|勇将の絆|もののふ|豪傑|意気衝天,1-2-3,豪傑|意気衝天,3-4-5,軍学の絆|勇将の絆,5-6-1,侍|もののふ,魚鱗||等級3以下ON||6||EIK_0039|EIK_0291|EIK_0293|EIK_0297|EIK_0321|EIK_0359,6243,2217,380,198,112,92,83,0,0,0,0,9325,9325,ステータス計算済み,GRADE3_5_6_REBUILD_LINE3_RULE_SAME6_DEDUP_20260628
G3_REBUILD56_DEDUP_6_0002630,魚鱗,6,伊奈忠次,小西行長,香宗我部親泰,内藤正成,朝倉景鏡,平手政秀,EIK_0043,EIK_0158,EIK_0087,EIK_0370,EIK_0308,EIK_0025,陰陽師|謀略家|技巧伝承|柔能制剛|雄材大略|摂理探究,1-2-3,技巧伝承|摂理探究,3-4-5,謀略家|柔能制剛,5-6-1,陰陽師|雄材大略,魚鱗||等級3以下ON||6||EIK_0025|EIK_0043|EIK_0087|EIK_0158|EIK_0308|EIK_0370,6467,1230,60,44,133,435,53,254,211,208,226,9321,9321,ステータス計算済み,GRADE3_5_6_REBUILD_LINE3_RULE_SAME6_DEDUP_20260628
G3_REBUILD56_DEDUP_6_0002631,魚鱗,6,伊奈忠次,小西行長,木下秀長,内藤正成,果心居士,平手政秀,EIK_0043,EIK_0158,EIK_0106,EIK_0370,EIK_0331,EIK_0025,陰陽師|謀略家|技巧伝承|柔能制剛|雄材大略|摂理探究,1-2-3,技巧伝承|摂理探究,3-4-5,謀略家|柔能制剛,5-6-1,陰陽師|雄材大略,魚鱗||等級3以下ON||6||EIK_0025|EIK_0043|EIK_0106|EIK_0158|EIK_0331|EIK_0370,6315,1262,69,39,148,465,54,265,209,240,224,9290,9290,ステータス計算済み,GRADE3_5_6_REBUILD_LINE3_RULE_SAME6_DEDUP_20260628
G3_REBUILD56_DEDUP_6_0002632,魚鱗,6,十河一存,黒百合,山県昌景,塩屋秋貞,北条氏照,氏家卜全,EIK_0039,EIK_0032,EIK_0291,EIK_0359,EIK_0321,EIK_0293,侍|軍学の絆|勇将の絆|もののふ|豪傑|意気衝天,1-2-3,豪傑|意気衝天,3-4-5,軍学の絆|勇将の絆,5-6-1,侍|もののふ,魚鱗||等級3以下ON||6||EIK_0032|EIK_0039|EIK_0291|EIK_0293|EIK_0321|EIK_0359,6239,2211,353,192,110,93,80,0,0,0,0,9278,9278,ステータス計算済み,GRADE3_5_6_REBUILD_LINE3_RULE_SAME6_DEDUP_20260628
G3_REBUILD56_DEDUP_6_0002633,魚鱗,6,薄田兼相,山県昌景,柴田勝家,本庄繁長,小松姫,的場源四郎,EIK_0005,EIK_0291,EIK_0294,EIK_0153,EIK_0297,EIK_0311,侍|武芸の絆|剣豪の絆|豪傑|意気軒昂|日進月歩,1-2-3,侍|剣豪の絆|意気軒昂,3-4-5,武芸の絆|豪傑,5-6-1,日進月歩,魚鱗||等級3以下ON||6||EIK_0005|EIK_0153|EIK_0291|EIK_0294|EIK_0297|EIK_0311,7053,1029,605,146,323,0,88,0,0,0,0,9244,9244,ステータス計算済み,GRADE3_5_6_REBUILD_LINE3_RULE_SAME6_DEDUP_20260628
G3_REBUILD56_DEDUP_6_0002634,魚鱗,6,十河一存,山上道及,山県昌景,薄田兼相,柴田勝家,小松姫,EIK_0039,EIK_0063,EIK_0291,EIK_0005,EIK_0294,EIK_0297,侍|武芸の絆|剣豪の絆|もののふ|豪傑|意気軒昂,1-2-3,もののふ,3-4-5,侍|剣豪の絆|意気軒昂,5-6-1,武芸の絆|豪傑,魚鱗||等級3以下ON||6||EIK_0005|EIK_0039|EIK_0063|EIK_0291|EIK_0294|EIK_0297,6960,1001,782,127,275,0,83,0,0,0,0,9228,9228,ステータス計算済み,GRADE3_5_6_REBUILD_LINE3_RULE_SAME6_DEDUP_20260628
G3_REBUILD56_DEDUP_6_0002635,魚鱗,6,支倉常長,願証寺証恵,香宗我部親泰,真田信尹,北条高広,伊達実元,EIK_0038,EIK_0278,EIK_0087,EIK_0347,EIK_0319,EIK_0329,侍|武士道の絆|立役者|謀略家|雄材大略|摂理探究,1-2-3,立役者|摂理探究,3-4-5,侍|謀略家,5-6-1,武士道の絆|雄材大略,魚鱗||等級3以下ON||6||EIK_0038|EIK_0087|EIK_0278|EIK_0319|EIK_0329|EIK_0347,6282,1725,178,79,0,277,127,140,149,130,136,9223,9223,ステータス計算済み,GRADE3_5_6_REBUILD_LINE3_RULE_SAME6_DEDUP_20260628
G3_REBUILD56_DEDUP_6_0002636,魚鱗,6,十河一存,小雀,山県昌景,塩屋秋貞,北条氏照,岡部元信,EIK_0039,EIK_0365,EIK_0291,EIK_0359,EIK_0321,EIK_0272,侍|軍学の絆|勇将の絆|もののふ|豪傑|意気衝天,1-2-3,侍|豪傑|意気衝天,3-4-5,軍学の絆|勇将の絆,5-6-1,侍|もののふ,魚鱗||等級3以下ON||6||EIK_0039|EIK_0272|EIK_0291|EIK_0321|EIK_0359|EIK_0365,6298,2143,320,200,105,80,76,0,0,0,0,9222,9222,ステータス計算済み,GRADE3_5_6_REBUILD_LINE3_RULE_SAME6_DEDUP_20260628
G3_REBUILD56_DEDUP_6_0002637,魚鱗,6,支倉常長,願証寺証恵,香宗我部親泰,真田信尹,北条高広,上杉景勝,EIK_0038,EIK_0278,EIK_0087,EIK_0347,EIK_0319,EIK_0344,侍|武士道の絆|立役者|謀略家|雄材大略|摂理探究,1-2-3,立役者|摂理探究,3-4-5,侍|謀略家,5-6-1,武士道の絆|雄材大略,魚鱗||等級3以下ON||6||EIK_0038|EIK_0087|EIK_0278|EIK_0319|EIK_0344|EIK_0347,6282,1725,178,80,0,273,127,140,146,130,140,9221,9221,ステータス計算済み,GRADE3_5_6_REBUILD_LINE3_RULE_SAME6_DEDUP_20260628
G3_REBUILD56_DEDUP_6_0002638,魚鱗,6,本庄繁長,山上道及,山県昌景,薄田兼相,柴田勝家,小松姫,EIK_0153,EIK_0063,EIK_0291,EIK_0005,EIK_0294,EIK_0297,侍|武芸の絆|剣豪の絆|もののふ|豪傑|意気軒昂,1-2-3,もののふ,3-4-5,侍|剣豪の絆|意気軒昂,5-6-1,武芸の絆|豪傑,魚鱗||等級3以下ON||6||EIK_0005|EIK_0063|EIK_0153|EIK_0291|EIK_0294|EIK_0297,6868,1073,757,130,273,0,84,0,0,0,0,9185,9185,ステータス計算済み,GRADE3_5_6_REBUILD_LINE3_RULE_SAME6_DEDUP_20260628
G3_REBUILD56_DEDUP_6_0002639,魚鱗,6,伊奈忠次,小西行長,香宗我部親泰,内藤正成,果心居士,平手政秀,EIK_0043,EIK_0158,EIK_0087,EIK_0370,EIK_0331,EIK_0025,陰陽師|謀略家|技巧伝承|柔能制剛|雄材大略|摂理探究,1-2-3,技巧伝承|摂理探究,3-4-5,謀略家|柔能制剛,5-6-1,陰陽師|雄材大略,魚鱗||等級3以下ON||6||EIK_0025|EIK_0043|EIK_0087|EIK_0158|EIK_0331|EIK_0370,6371,1207,58,41,129,434,51,246,201,217,208,9163,9163,ステータス計算済み,GRADE3_5_6_REBUILD_LINE3_RULE_SAME6_DEDUP_20260628
G3_REBUILD56_DEDUP_6_0002640,魚鱗,6,十河一存,長野業正,山県昌景,薄田兼相,柴田勝家,小松姫,EIK_0039,EIK_0103,EIK_0291,EIK_0005,EIK_0294,EIK_0297,侍|武芸の絆|剣豪の絆|もののふ|豪傑|意気軒昂,1-2-3,侍|もののふ,3-4-5,侍|剣豪の絆|意気軒昂,5-6-1,武芸の絆|豪傑,魚鱗||等級3以下ON||6||EIK_0005|EIK_0039|EIK_0103|EIK_0291|EIK_0294|EIK_0297,6926,1024,705,127,272,0,94,0,0,0,0,9148,9148,ステータス計算済み,GRADE3_5_6_REBUILD_LINE3_RULE_SAME6_DEDUP_20260628
G3_REBUILD56_DEDUP_6_0002641,魚鱗,6,支倉常長,斎藤朝信,香宗我部親泰,雨森弥兵衛,豊臣秀次,七里頼周,EIK_0038,EIK_0037,EIK_0087,EIK_0269,EIK_0091,EIK_0152,侍|立役者|技巧伝承|知勇兼備|柔能制剛|摂理探究,1-2-3,侍|立役者,3-4-5,知勇兼備|柔能制剛,5-6-1,技巧伝承|摂理探究,魚鱗||等級3以下ON||6||EIK_0037|EIK_0038|EIK_0087|EIK_0091|EIK_0152|EIK_0269,6488,1002,152,92,204,284,199,183,203,169,171,9147,9147,ステータス計算済み,GRADE3_5_6_REBUILD_LINE3_RULE_SAME6_DEDUP_20260628
G3_REBUILD56_DEDUP_6_0002642,魚鱗,6,十河一存,小松姫,御子神典膳,柴田勝家,山県昌景,長野業正,EIK_0039,EIK_0297,EIK_0045,EIK_0294,EIK_0291,EIK_0103,侍|武芸の絆|剣豪の絆|もののふ|豪傑|意気軒昂,1-2-3,武芸の絆|豪傑,3-4-5,剣豪の絆|意気軒昂,5-6-1,侍|もののふ,魚鱗||等級3以下ON||6||EIK_0039|EIK_0045|EIK_0103|EIK_0291|EIK_0294|EIK_0297,6892,1028,717,118,282,0,104,0,0,0,0,9141,9141,ステータス計算済み,GRADE3_5_6_REBUILD_LINE3_RULE_SAME6_DEDUP_20260628
G3_REBUILD56_DEDUP_6_0002644,魚鱗,6,十河一存,小雀,山県昌景,塩屋秋貞,北条氏照,氏家卜全,EIK_0039,EIK_0365,EIK_0291,EIK_0359,EIK_0321,EIK_0293,侍|軍学の絆|勇将の絆|もののふ|豪傑|意気衝天,1-2-3,侍|豪傑|意気衝天,3-4-5,軍学の絆|勇将の絆,5-6-1,侍|もののふ,魚鱗||等級3以下ON||6||EIK_0039|EIK_0291|EIK_0293|EIK_0321|EIK_0359|EIK_0365,6191,2143,335,193,106,86,78,0,0,0,0,9132,9132,ステータス計算済み,GRADE3_5_6_REBUILD_LINE3_RULE_SAME6_DEDUP_20260628
G3_REBUILD56_DEDUP_6_0002643,魚鱗,6,十河一存,小雀,山県昌景,塩屋秋貞,北条氏照,朝倉景連,EIK_0039,EIK_0365,EIK_0291,EIK_0359,EIK_0321,EIK_0310,侍|軍学の絆|勇将の絆|もののふ|豪傑|意気衝天,1-2-3,侍|豪傑|意気衝天,3-4-5,軍学の絆|勇将の絆,5-6-1,もののふ,魚鱗||等級3以下ON||6||EIK_0039|EIK_0291|EIK_0310|EIK_0321|EIK_0359|EIK_0365,6274,2118,292,190,102,81,75,0,0,0,0,9132,9132,ステータス計算済み,GRADE3_5_6_REBUILD_LINE3_RULE_SAME6_DEDUP_20260628
G3_REBUILD56_DEDUP_6_0002645,魚鱗,6,本庄繁長,長野業正,山県昌景,薄田兼相,柴田勝家,小松姫,EIK_0153,EIK_0103,EIK_0291,EIK_0005,EIK_0294,EIK_0297,侍|武芸の絆|剣豪の絆|もののふ|豪傑|意気軒昂,1-2-3,侍|もののふ,3-4-5,侍|剣豪の絆|意気軒昂,5-6-1,武芸の絆|豪傑,魚鱗||等級3以下ON||6||EIK_0005|EIK_0103|EIK_0153|EIK_0291|EIK_0294|EIK_0297,6835,1096,680,130,271,0,95,0,0,0,0,9107,9107,ステータス計算済み,GRADE3_5_6_REBUILD_LINE3_RULE_SAME6_DEDUP_20260628
G3_REBUILD56_DEDUP_6_0002646,魚鱗,6,御子神典膳,小松姫,本庄繁長,長野業正,山県昌景,柴田勝家,EIK_0045,EIK_0297,EIK_0153,EIK_0103,EIK_0291,EIK_0294,侍|武芸の絆|剣豪の絆|もののふ|豪傑|意気軒昂,1-2-3,武芸の絆|豪傑,3-4-5,侍|もののふ,5-6-1,剣豪の絆|意気軒昂,魚鱗||等級3以下ON||6||EIK_0045|EIK_0103|EIK_0153|EIK_0291|EIK_0294|EIK_0297,6800,1101,693,122,281,0,105,0,0,0,0,9102,9102,ステータス計算済み,GRADE3_5_6_REBUILD_LINE3_RULE_SAME6_DEDUP_20260628
G3_REBUILD56_DEDUP_6_0002647,魚鱗,6,十河一存,小雀,山県昌景,塩屋秋貞,北条氏照,朝倉景隆,EIK_0039,EIK_0365,EIK_0291,EIK_0359,EIK_0321,EIK_0309,侍|軍学の絆|勇将の絆|もののふ|豪傑|意気衝天,1-2-3,侍|豪傑|意気衝天,3-4-5,軍学の絆|勇将の絆,5-6-1,もののふ,魚鱗||等級3以下ON||6||EIK_0039|EIK_0291|EIK_0309|EIK_0321|EIK_0359|EIK_0365,6187,2157,295,193,103,81,76,0,0,0,0,9092,9092,ステータス計算済み,GRADE3_5_6_REBUILD_LINE3_RULE_SAME6_DEDUP_20260628
G3_REBUILD56_DEDUP_6_0002648,魚鱗,6,本庄繁長,渡辺守綱,山県昌景,薄田兼相,柴田勝家,小松姫,EIK_0153,EIK_0090,EIK_0291,EIK_0005,EIK_0294,EIK_0297,侍|武芸の絆|剣豪の絆|もののふ|豪傑|意気軒昂,1-2-3,もののふ,3-4-5,侍|剣豪の絆|意気軒昂,5-6-1,武芸の絆|豪傑,魚鱗||等級3以下ON||6||EIK_0005|EIK_0090|EIK_0153|EIK_0291|EIK_0294|EIK_0297,6800,1082,722,124,265,0,94,0,0,0,0,9087,9087,ステータス計算済み,GRADE3_5_6_REBUILD_LINE3_RULE_SAME6_DEDUP_20260628
G3_REBUILD56_DEDUP_6_0002649,魚鱗,6,十河一存,小雀,山県昌景,塩屋秋貞,北条氏照,朝倉景紀,EIK_0039,EIK_0365,EIK_0291,EIK_0359,EIK_0321,EIK_0307,侍|軍学の絆|勇将の絆|もののふ|豪傑|意気衝天,1-2-3,侍|豪傑|意気衝天,3-4-5,軍学の絆|勇将の絆,5-6-1,もののふ,魚鱗||等級3以下ON||6||EIK_0039|EIK_0291|EIK_0307|EIK_0321|EIK_0359|EIK_0365,6180,2132,326,188,106,79,76,0,0,0,0,9087,9087,ステータス計算済み,GRADE3_5_6_REBUILD_LINE3_RULE_SAME6_DEDUP_20260628
G3_REBUILD56_DEDUP_6_0002650,魚鱗,6,十河一存,蛍,山県昌景,塩屋秋貞,北条氏照,岡部元信,EIK_0039,EIK_0333,EIK_0291,EIK_0359,EIK_0321,EIK_0272,侍|軍学の絆|勇将の絆|もののふ|豪傑|意気衝天,1-2-3,豪傑|意気衝天,3-4-5,軍学の絆|勇将の絆,5-6-1,侍|もののふ,魚鱗||等級3以下ON||6||EIK_0039|EIK_0272|EIK_0291|EIK_0321|EIK_0333|EIK_0359,6201,2104,321,199,106,80,75,0,0,0,0,9086,9086,ステータス計算済み,GRADE3_5_6_REBUILD_LINE3_RULE_SAME6_DEDUP_20260628
G3_REBUILD56_DEDUP_6_0002651,魚鱗,6,支倉常長,三好義賢,香宗我部親泰,雨森弥兵衛,木下秀長,願証寺証恵,EIK_0038,EIK_0289,EIK_0087,EIK_0269,EIK_0106,EIK_0278,侍|立役者|技巧伝承|知勇兼備|柔能制剛|摂理探究,1-2-3,侍|技巧伝承,3-4-5,知勇兼備|柔能制剛,5-6-1,立役者|摂理探究,魚鱗||等級3以下ON||6||EIK_0038|EIK_0087|EIK_0106|EIK_0269|EIK_0278|EIK_0289,6381,979,193,85,217,271,189,184,209,180,182,9070,9070,ステータス計算済み,GRADE3_5_6_REBUILD_LINE3_RULE_SAME6_DEDUP_20260628
G3_REBUILD56_DEDUP_6_0002652,魚鱗,6,十河一存,小雀,山県昌景,塩屋秋貞,北条氏照,馬場信春,EIK_0039,EIK_0365,EIK_0291,EIK_0359,EIK_0321,EIK_0315,侍|軍学の絆|勇将の絆|もののふ|豪傑|意気衝天,1-2-3,侍|豪傑|意気衝天,3-4-5,軍学の絆|勇将の絆,5-6-1,もののふ,魚鱗||等級3以下ON||6||EIK_0039|EIK_0291|EIK_0315|EIK_0321|EIK_0359|EIK_0365,6145,2131,332,187,99,83,78,0,0,0,0,9055,9055,ステータス計算済み,GRADE3_5_6_REBUILD_LINE3_RULE_SAME6_DEDUP_20260628
G3_REBUILD56_DEDUP_6_0002653,魚鱗,6,十河一存,小雀,山県昌景,塩屋秋貞,北条氏照,色部勝長,EIK_0039,EIK_0365,EIK_0291,EIK_0359,EIK_0321,EIK_0298,侍|軍学の絆|勇将の絆|もののふ|豪傑|意気衝天,1-2-3,侍|豪傑|意気衝天,3-4-5,軍学の絆|勇将の絆,5-6-1,もののふ,魚鱗||等級3以下ON||6||EIK_0039|EIK_0291|EIK_0298|EIK_0321|EIK_0359|EIK_0365,6141,2107,355,190,102,76,75,0,0,0,0,9046,9046,ステータス計算済み,GRADE3_5_6_REBUILD_LINE3_RULE_SAME6_DEDUP_20260628
G3_REBUILD56_DEDUP_6_0002654,魚鱗,6,十河一存,小雀,山県昌景,塩屋秋貞,北条氏照,佐久間信盛,EIK_0039,EIK_0365,EIK_0291,EIK_0359,EIK_0321,EIK_0340,侍|軍学の絆|勇将の絆|もののふ|豪傑|意気衝天,1-2-3,侍|豪傑|意気衝天,3-4-5,軍学の絆|勇将の絆,5-6-1,もののふ,魚鱗||等級3以下ON||6||EIK_0039|EIK_0291|EIK_0321|EIK_0340|EIK_0359|EIK_0365,6161,2131,298,194,103,82,75,0,0,0,0,9044,9044,ステータス計算済み,GRADE3_5_6_REBUILD_LINE3_RULE_SAME6_DEDUP_20260628
G3_REBUILD56_DEDUP_6_0002655,魚鱗,6,十河一存,小雀,山県昌景,塩屋秋貞,北条氏照,井伊直政,EIK_0039,EIK_0365,EIK_0291,EIK_0359,EIK_0321,EIK_0041,侍|軍学の絆|勇将の絆|もののふ|豪傑|意気衝天,1-2-3,侍|豪傑|意気衝天,3-4-5,軍学の絆|勇将の絆,5-6-1,もののふ,魚鱗||等級3以下ON||6||EIK_0039|EIK_0041|EIK_0291|EIK_0321|EIK_0359|EIK_0365,6141,2107,347,190,103,76,75,0,0,0,0,9039,9039,ステータス計算済み,GRADE3_5_6_REBUILD_LINE3_RULE_SAME6_DEDUP_20260628
G3_REBUILD56_DEDUP_6_0002656,魚鱗,6,十河一存,小雀,山県昌景,塩屋秋貞,北条氏照,本多忠勝,EIK_0039,EIK_0365,EIK_0291,EIK_0359,EIK_0321,EIK_0181,侍|軍学の絆|勇将の絆|もののふ|豪傑|意気衝天,1-2-3,侍|豪傑|意気衝天,3-4-5,軍学の絆|勇将の絆,5-6-1,もののふ,魚鱗||等級3以下ON||6||EIK_0039|EIK_0181|EIK_0291|EIK_0321|EIK_0359|EIK_0365,6141,2107,341,183,105,76,75,0,0,0,0,9028,9028,ステータス計算済み,GRADE3_5_6_REBUILD_LINE3_RULE_SAME6_DEDUP_20260628
G3_REBUILD56_DEDUP_6_0002657,魚鱗,6,香宗我部親泰,伊奈忠次,小西行長,武田信繁,丹羽長秀,高坂昌信,EIK_0087,EIK_0043,EIK_0158,EIK_0059,EIK_0305,EIK_0284,薬師|知将の絆|立役者|技巧伝承|柔能制剛|摂理探究,1-2-3,技巧伝承|摂理探究,3-4-5,薬師|立役者,5-6-1,知将の絆|柔能制剛,魚鱗||等級3以下ON||6||EIK_0043|EIK_0059|EIK_0087|EIK_0158|EIK_0284|EIK_0305,6549,553,34,17,136,432,191,303,274,277,252,9018,9018,ステータス計算済み,GRADE3_5_6_REBUILD_LINE3_RULE_SAME6_DEDUP_20260628
G3_REBUILD56_DEDUP_6_0002658,魚鱗,6,支倉常長,三好義賢,香宗我部親泰,雨森弥兵衛,豊臣秀次,願証寺証恵,EIK_0038,EIK_0289,EIK_0087,EIK_0269,EIK_0091,EIK_0278,侍|立役者|技巧伝承|知勇兼備|柔能制剛|摂理探究,1-2-3,侍|技巧伝承,3-4-5,知勇兼備|柔能制剛,5-6-1,立役者|摂理探究,魚鱗||等級3以下ON||6||EIK_0038|EIK_0087|EIK_0091|EIK_0269|EIK_0278|EIK_0289,6402,966,169,91,209,269,189,173,201,167,173,9009,9009,ステータス計算済み,GRADE3_5_6_REBUILD_LINE3_RULE_SAME6_DEDUP_20260628
G3_REBUILD56_DEDUP_6_0002659,魚鱗,6,薄田兼相,山県昌景,柴田勝家,本庄繁長,小松姫,伊賀崎道順,EIK_0005,EIK_0291,EIK_0294,EIK_0153,EIK_0297,EIK_0076,侍|武芸の絆|剣豪の絆|豪傑|意気軒昂|日進月歩,1-2-3,侍|剣豪の絆|意気軒昂,3-4-5,武芸の絆|豪傑,5-6-1,日進月歩,魚鱗||等級3以下ON||6||EIK_0005|EIK_0076|EIK_0153|EIK_0291|EIK_0294|EIK_0297,6791,1040,631,132,320,0,91,0,0,0,0,9005,9005,ステータス計算済み,GRADE3_5_6_REBUILD_LINE3_RULE_SAME6_DEDUP_20260628
G3_REBUILD56_DEDUP_6_0002660,魚鱗,6,十河一存,小雀,山県昌景,塩屋秋貞,北条氏照,安藤守就,EIK_0039,EIK_0365,EIK_0291,EIK_0359,EIK_0321,EIK_0267,侍|軍学の絆|勇将の絆|もののふ|豪傑|意気衝天,1-2-3,侍|豪傑|意気衝天,3-4-5,軍学の絆|勇将の絆,5-6-1,もののふ,魚鱗||等級3以下ON||6||EIK_0039|EIK_0267|EIK_0291|EIK_0321|EIK_0359|EIK_0365,6096,2165,294,182,101,88,77,0,0,0,0,9003,9003,ステータス計算済み,GRADE3_5_6_REBUILD_LINE3_RULE_SAME6_DEDUP_20260628
G3_REBUILD56_DEDUP_6_0002661,魚鱗,6,十河一存,小雀,山県昌景,塩屋秋貞,北条氏照,稲葉一鉄,EIK_0039,EIK_0365,EIK_0291,EIK_0359,EIK_0321,EIK_0036,侍|軍学の絆|勇将の絆|もののふ|豪傑|意気衝天,1-2-3,侍|豪傑|意気衝天,3-4-5,軍学の絆|勇将の絆,5-6-1,もののふ,魚鱗||等級3以下ON||6||EIK_0036|EIK_0039|EIK_0291|EIK_0321|EIK_0359|EIK_0365,6118,2104,328,192,104,79,73,0,0,0,0,8998,8998,ステータス計算済み,GRADE3_5_6_REBUILD_LINE3_RULE_SAME6_DEDUP_20260628
G3_REBUILD56_DEDUP_6_0002662,魚鱗,6,十河一存,蛍,山県昌景,塩屋秋貞,北条氏照,氏家卜全,EIK_0039,EIK_0333,EIK_0291,EIK_0359,EIK_0321,EIK_0293,侍|軍学の絆|勇将の絆|もののふ|豪傑|意気衝天,1-2-3,豪傑|意気衝天,3-4-5,軍学の絆|勇将の絆,5-6-1,侍|もののふ,魚鱗||等級3以下ON||6||EIK_0039|EIK_0291|EIK_0293|EIK_0321|EIK_0333|EIK_0359,6094,2104,336,192,107,86,77,0,0,0,0,8996,8996,ステータス計算済み,GRADE3_5_6_REBUILD_LINE3_RULE_SAME6_DEDUP_20260628
G3_REBUILD56_DEDUP_6_0002663,魚鱗,6,薄田兼相,山県昌景,柴田勝家,本庄繁長,小松姫,関掃部,EIK_0005,EIK_0291,EIK_0294,EIK_0153,EIK_0297,EIK_0277,侍|武芸の絆|剣豪の絆|豪傑|意気軒昂|日進月歩,1-2-3,侍|剣豪の絆|意気軒昂,3-4-5,武芸の絆|豪傑,5-6-1,日進月歩,魚鱗||等級3以下ON||6||EIK_0005|EIK_0153|EIK_0277|EIK_0291|EIK_0294|EIK_0297,6720,1025,644,146,322,0,86,0,0,0,0,8943,8943,ステータス計算済み,GRADE3_5_6_REBUILD_LINE3_RULE_SAME6_DEDUP_20260628
G3_REBUILD56_DEDUP_6_0002664,魚鱗,6,十河一存,小松姫,山県昌景,塩屋秋貞,北条氏照,可児才蔵,EIK_0039,EIK_0297,EIK_0291,EIK_0359,EIK_0321,EIK_0362,侍|軍学の絆|勇将の絆|もののふ|豪傑|意気衝天,1-2-3,豪傑|意気衝天,3-4-5,軍学の絆|勇将の絆,5-6-1,侍|もののふ,魚鱗||等級3以下ON||6||EIK_0039|EIK_0291|EIK_0297|EIK_0321|EIK_0359|EIK_0362,6039,2107,343,188,105,80,78,0,0,0,0,8940,8940,ステータス計算済み,GRADE3_5_6_REBUILD_LINE3_RULE_SAME6_DEDUP_20260628
G3_REBUILD56_DEDUP_6_0002665,魚鱗,6,十河一存,小雀,山県昌景,塩屋秋貞,北条氏照,不破光治,EIK_0039,EIK_0365,EIK_0291,EIK_0359,EIK_0321,EIK_0317,侍|軍学の絆|勇将の絆|もののふ|豪傑|意気衝天,1-2-3,侍|豪傑|意気衝天,3-4-5,軍学の絆|勇将の絆,5-6-1,もののふ,魚鱗||等級3以下ON||6||EIK_0039|EIK_0291|EIK_0317|EIK_0321|EIK_0359|EIK_0365,6052,2131,305,185,102,85,76,0,0,0,0,8936,8936,ステータス計算済み,GRADE3_5_6_REBUILD_LINE3_RULE_SAME6_DEDUP_20260628
G3_REBUILD56_DEDUP_6_0002666,魚鱗,6,支倉常長,三好義賢,香宗我部親泰,高坂昌信,北条氏政,甲斐姫,EIK_0038,EIK_0289,EIK_0087,EIK_0284,EIK_0322,EIK_0112,侍|武士道の絆|知将の絆|立役者|技巧伝承|柔能制剛,1-2-3,侍|技巧伝承,3-4-5,知将の絆|柔能制剛,5-6-1,武士道の絆|立役者,魚鱗||等級3以下ON||6||EIK_0038|EIK_0087|EIK_0112|EIK_0284|EIK_0289|EIK_0322,6482,1102,56,104,185,279,212,128,136,124,124,8932,8932,ステータス計算済み,GRADE3_5_6_REBUILD_LINE3_RULE_SAME6_DEDUP_20260628
G3_REBUILD56_DEDUP_6_0002667,魚鱗,6,安宅冬康,願証寺証恵,支倉常長,三好義賢,香宗我部親泰,雨森弥兵衛,EIK_0035,EIK_0278,EIK_0038,EIK_0289,EIK_0087,EIK_0269,侍|立役者|技巧伝承|知勇兼備|柔能制剛|摂理探究,1-2-3,立役者|摂理探究,3-4-5,侍|技巧伝承,5-6-1,知勇兼備|柔能制剛,魚鱗||等級3以下ON||6||EIK_0035|EIK_0038|EIK_0087|EIK_0269|EIK_0278|EIK_0289,6514,913,172,97,191,223,177,148,175,146,148,8904,8904,ステータス計算済み,GRADE3_5_6_REBUILD_LINE3_RULE_SAME6_DEDUP_20260628
G3_REBUILD56_DEDUP_6_0002668,魚鱗,6,支倉常長,三好義賢,香宗我部親泰,山県昌景,高坂昌信,願証寺証恵,EIK_0038,EIK_0289,EIK_0087,EIK_0291,EIK_0284,EIK_0278,侍|立役者|技巧伝承|知勇兼備|柔能制剛|摂理探究,1-2-3,侍|技巧伝承,3-4-5,知勇兼備|柔能制剛,5-6-1,立役者|摂理探究,魚鱗||等級3以下ON||6||EIK_0038|EIK_0087|EIK_0278|EIK_0284|EIK_0289|EIK_0291,6395,920,179,88,188,257,183,168,179,172,170,8899,8899,ステータス計算済み,GRADE3_5_6_REBUILD_LINE3_RULE_SAME6_DEDUP_20260628
G3_REBUILD56_DEDUP_6_0002669,魚鱗,6,十河一存,小雀,山県昌景,塩屋秋貞,北条氏照,福島勝広,EIK_0039,EIK_0365,EIK_0291,EIK_0359,EIK_0321,EIK_0353,侍|軍学の絆|勇将の絆|もののふ|豪傑|意気衝天,1-2-3,侍|豪傑|意気衝天,3-4-5,軍学の絆|勇将の絆,5-6-1,もののふ,魚鱗||等級3以下ON||6||EIK_0039|EIK_0291|EIK_0321|EIK_0353|EIK_0359|EIK_0365,6065,2053,341,185,102,74,73,0,0,0,0,8893,8893,ステータス計算済み,GRADE3_5_6_REBUILD_LINE3_RULE_SAME6_DEDUP_20260628
G3_REBUILD56_DEDUP_6_0002670,魚鱗,6,十河一存,黒百合,山県昌景,塩屋秋貞,北条氏照,可児才蔵,EIK_0039,EIK_0032,EIK_0291,EIK_0359,EIK_0321,EIK_0362,侍|軍学の絆|勇将の絆|もののふ|豪傑|意気衝天,1-2-3,豪傑|意気衝天,3-4-5,軍学の絆|勇将の絆,5-6-1,侍|もののふ,魚鱗||等級3以下ON||6||EIK_0032|EIK_0039|EIK_0291|EIK_0321|EIK_0359|EIK_0362,6035,2101,316,181,103,81,75,0,0,0,0,8892,8892,ステータス計算済み,GRADE3_5_6_REBUILD_LINE3_RULE_SAME6_DEDUP_20260628
G3_REBUILD56_DEDUP_6_0002671,魚鱗,6,十河一存,小雀,山県昌景,塩屋秋貞,北条氏照,北条綱成,EIK_0039,EIK_0365,EIK_0291,EIK_0359,EIK_0321,EIK_0354,侍|軍学の絆|勇将の絆|もののふ|豪傑|意気衝天,1-2-3,侍|豪傑|意気衝天,3-4-5,軍学の絆|勇将の絆,5-6-1,もののふ,魚鱗||等級3以下ON||6||EIK_0039|EIK_0291|EIK_0321|EIK_0354|EIK_0359|EIK_0365,6065,2053,334,185,102,74,74,0,0,0,0,8887,8887,ステータス計算済み,GRADE3_5_6_REBUILD_LINE3_RULE_SAME6_DEDUP_20260628
G3_REBUILD56_DEDUP_6_0002672,魚鱗,6,支倉常長,三好義賢,香宗我部親泰,雨森弥兵衛,北条氏政,池田勝正,EIK_0038,EIK_0289,EIK_0087,EIK_0269,EIK_0322,EIK_0306,侍|武士道の絆|立役者|技巧伝承|知勇兼備|柔能制剛,1-2-3,侍|技巧伝承,3-4-5,知勇兼備|柔能制剛,5-6-1,武士道の絆|立役者,魚鱗||等級3以下ON||6||EIK_0038|EIK_0087|EIK_0269|EIK_0289|EIK_0306|EIK_0322,6067,1613,103,138,195,185,223,81,96,76,80,8857,8857,ステータス計算済み,GRADE3_5_6_REBUILD_LINE3_RULE_SAME6_DEDUP_20260628
G3_REBUILD56_DEDUP_6_0002673,魚鱗,6,支倉常長,願証寺証恵,海北綱親,山上道及,小山田信茂,石川昭光,EIK_0038,EIK_0278,EIK_0274,EIK_0063,EIK_0364,EIK_0348,侍|立役者|謀略家|勇猛果敢|雄材大略|摂理探究,1-2-3,立役者|摂理探究,3-4-5,謀略家|勇猛果敢,5-6-1,侍|雄材大略,魚鱗||等級3以下ON||6||EIK_0038|EIK_0063|EIK_0274|EIK_0278|EIK_0348|EIK_0364,6426,1046,303,48,64,282,68,152,149,139,158,8835,8835,ステータス計算済み,GRADE3_5_6_REBUILD_LINE3_RULE_SAME6_DEDUP_20260628
G3_REBUILD56_DEDUP_6_0002674,魚鱗,6,支倉常長,泉田重光,香宗我部親泰,雨森弥兵衛,豊臣秀次,七里頼周,EIK_0038,EIK_0369,EIK_0087,EIK_0269,EIK_0091,EIK_0152,侍|立役者|技巧伝承|知勇兼備|柔能制剛|摂理探究,1-2-3,侍|立役者,3-4-5,知勇兼備|柔能制剛,5-6-1,技巧伝承|摂理探究,魚鱗||等級3以下ON||6||EIK_0038|EIK_0087|EIK_0091|EIK_0152|EIK_0269|EIK_0369,6255,974,145,88,192,276,192,177,200,159,165,8823,8823,ステータス計算済み,GRADE3_5_6_REBUILD_LINE3_RULE_SAME6_DEDUP_20260628
G3_REBUILD56_DEDUP_6_0002675,魚鱗,6,十河一存,岡部元信,山県昌景,薄田兼相,柴田勝家,小松姫,EIK_0039,EIK_0272,EIK_0291,EIK_0005,EIK_0294,EIK_0297,侍|武芸の絆|剣豪の絆|もののふ|豪傑|意気軒昂,1-2-3,侍|もののふ,3-4-5,侍|剣豪の絆|意気軒昂,5-6-1,武芸の絆|豪傑,魚鱗||等級3以下ON||6||EIK_0005|EIK_0039|EIK_0272|EIK_0291|EIK_0294|EIK_0297,6713,971,687,126,240,0,85,0,0,0,0,8822,8822,ステータス計算済み,GRADE3_5_6_REBUILD_LINE3_RULE_SAME6_DEDUP_20260628
G3_REBUILD56_DEDUP_6_0002676,魚鱗,6,十河一存,小松姫,御子神典膳,柴田勝家,山県昌景,岡部元信,EIK_0039,EIK_0297,EIK_0045,EIK_0294,EIK_0291,EIK_0272,侍|武芸の絆|剣豪の絆|もののふ|豪傑|意気軒昂,1-2-3,武芸の絆|豪傑,3-4-5,剣豪の絆|意気軒昂,5-6-1,侍|もののふ,魚鱗||等級3以下ON||6||EIK_0039|EIK_0045|EIK_0272|EIK_0291|EIK_0294|EIK_0297,6678,975,699,117,250,0,95,0,0,0,0,8814,8814,ステータス計算済み,GRADE3_5_6_REBUILD_LINE3_RULE_SAME6_DEDUP_20260628
G3_REBUILD56_DEDUP_6_0002677,魚鱗,6,本庄繁長,岡部元信,山県昌景,薄田兼相,柴田勝家,小松姫,EIK_0153,EIK_0272,EIK_0291,EIK_0005,EIK_0294,EIK_0297,侍|武芸の絆|剣豪の絆|もののふ|豪傑|意気軒昂,1-2-3,侍|もののふ,3-4-5,侍|剣豪の絆|意気軒昂,5-6-1,武芸の絆|豪傑,魚鱗||等級3以下ON||6||EIK_0005|EIK_0153|EIK_0272|EIK_0291|EIK_0294|EIK_0297,6622,1043,663,129,238,0,86,0,0,0,0,8781,8781,ステータス計算済み,GRADE3_5_6_REBUILD_LINE3_RULE_SAME6_DEDUP_20260628
G3_REBUILD56_DEDUP_6_0002678,魚鱗,6,御子神典膳,小松姫,本庄繁長,岡部元信,山県昌景,柴田勝家,EIK_0045,EIK_0297,EIK_0153,EIK_0272,EIK_0291,EIK_0294,侍|武芸の絆|剣豪の絆|もののふ|豪傑|意気軒昂,1-2-3,武芸の絆|豪傑,3-4-5,侍|もののふ,5-6-1,剣豪の絆|意気軒昂,魚鱗||等級3以下ON||6||EIK_0045|EIK_0153|EIK_0272|EIK_0291|EIK_0294|EIK_0297,6587,1047,675,121,248,0,96,0,0,0,0,8774,8774,ステータス計算済み,GRADE3_5_6_REBUILD_LINE3_RULE_SAME6_DEDUP_20260628
G3_REBUILD56_DEDUP_6_0002679,魚鱗,6,支倉常長,三好義賢,香宗我部親泰,北条氏照,高坂昌信,願証寺証恵,EIK_0038,EIK_0289,EIK_0087,EIK_0321,EIK_0284,EIK_0278,侍|立役者|技巧伝承|知勇兼備|柔能制剛|摂理探究,1-2-3,侍|技巧伝承,3-4-5,知勇兼備|柔能制剛,5-6-1,立役者|摂理探究,魚鱗||等級3以下ON||6||EIK_0038|EIK_0087|EIK_0278|EIK_0284|EIK_0289|EIK_0321,6273,920,171,88,191,257,183,168,183,168,170,8772,8772,ステータス計算済み,GRADE3_5_6_REBUILD_LINE3_RULE_SAME6_DEDUP_20260628
G3_REBUILD56_DEDUP_6_0002680,魚鱗,6,薄田兼相,山県昌景,柴田勝家,本庄繁長,小松姫,津田監物,EIK_0005,EIK_0291,EIK_0294,EIK_0153,EIK_0297,EIK_0352,侍|武芸の絆|剣豪の絆|豪傑|意気軒昂|日進月歩,1-2-3,侍|剣豪の絆|意気軒昂,3-4-5,武芸の絆|豪傑,5-6-1,日進月歩,魚鱗||等級3以下ON||6||EIK_0005|EIK_0153|EIK_0291|EIK_0294|EIK_0297|EIK_0352,6612,1009,636,134,295,0,83,0,0,0,0,8769,8769,ステータス計算済み,GRADE3_5_6_REBUILD_LINE3_RULE_SAME6_DEDUP_20260628
G3_REBUILD56_DEDUP_6_0002681,魚鱗,6,支倉常長,斎藤朝信,香宗我部親泰,高坂昌信,豊臣秀次,七里頼周,EIK_0038,EIK_0037,EIK_0087,EIK_0284,EIK_0091,EIK_0152,侍|知将の絆|立役者|技巧伝承|柔能制剛|摂理探究,1-2-3,侍|立役者,3-4-5,知将の絆|柔能制剛,5-6-1,技巧伝承|摂理探究,魚鱗||等級3以下ON||6||EIK_0037|EIK_0038|EIK_0087|EIK_0091|EIK_0152|EIK_0284,6537,429,110,52,169,357,157,242,247,233,229,8762,8762,ステータス計算済み,GRADE3_5_6_REBUILD_LINE3_RULE_SAME6_DEDUP_20260628
G3_REBUILD56_DEDUP_6_0002682,魚鱗,6,十河一存,小雀,山県昌景,塩屋秋貞,北条氏照,可児才蔵,EIK_0039,EIK_0365,EIK_0291,EIK_0359,EIK_0321,EIK_0362,侍|軍学の絆|勇将の絆|もののふ|豪傑|意気衝天,1-2-3,侍|豪傑|意気衝天,3-4-5,軍学の絆|勇将の絆,5-6-1,侍|もののふ,魚鱗||等級3以下ON||6||EIK_0039|EIK_0291|EIK_0321|EIK_0359|EIK_0362|EIK_0365,5987,2033,299,182,101,75,73,0,0,0,0,8750,8750,ステータス計算済み,GRADE3_5_6_REBUILD_LINE3_RULE_SAME6_DEDUP_20260628
G3_REBUILD56_DEDUP_6_0002683,魚鱗,6,十河一存,氏家卜全,山県昌景,薄田兼相,柴田勝家,小松姫,EIK_0039,EIK_0293,EIK_0291,EIK_0005,EIK_0294,EIK_0297,侍|武芸の絆|剣豪の絆|もののふ|豪傑|意気軒昂,1-2-3,侍|もののふ,3-4-5,侍|剣豪の絆|意気軒昂,5-6-1,武芸の絆|豪傑,魚鱗||等級3以下ON||6||EIK_0005|EIK_0039|EIK_0291|EIK_0293|EIK_0294|EIK_0297,6606,971,711,122,244,0,87,0,0,0,0,8741,8741,ステータス計算済み,GRADE3_5_6_REBUILD_LINE3_RULE_SAME6_DEDUP_20260628
G3_REBUILD56_DEDUP_6_0002684,魚鱗,6,十河一存,小松姫,御子神典膳,柴田勝家,山県昌景,氏家卜全,EIK_0039,EIK_0297,EIK_0045,EIK_0294,EIK_0291,EIK_0293,侍|武芸の絆|剣豪の絆|もののふ|豪傑|意気軒昂,1-2-3,武芸の絆|豪傑,3-4-5,剣豪の絆|意気軒昂,5-6-1,侍|もののふ,魚鱗||等級3以下ON||6||EIK_0039|EIK_0045|EIK_0291|EIK_0293|EIK_0294|EIK_0297,6572,975,723,113,254,0,97,0,0,0,0,8734,8734,ステータス計算済み,GRADE3_5_6_REBUILD_LINE3_RULE_SAME6_DEDUP_20260628
G3_REBUILD56_DEDUP_6_0002685,魚鱗,6,十河一存,朝倉景連,山県昌景,薄田兼相,柴田勝家,小松姫,EIK_0039,EIK_0310,EIK_0291,EIK_0005,EIK_0294,EIK_0297,侍|武芸の絆|剣豪の絆|もののふ|豪傑|意気軒昂,1-2-3,もののふ,3-4-5,侍|剣豪の絆|意気軒昂,5-6-1,武芸の絆|豪傑,魚鱗||等級3以下ON||6||EIK_0005|EIK_0039|EIK_0291|EIK_0294|EIK_0297|EIK_0310,6689,961,646,119,234,0,84,0,0,0,0,8733,8733,ステータス計算済み,GRADE3_5_6_REBUILD_LINE3_RULE_SAME6_DEDUP_20260628
G3_REBUILD56_DEDUP_6_0002686,魚鱗,6,支倉常長,三好義賢,香宗我部親泰,雨森弥兵衛,北条氏政,伊達実元,EIK_0038,EIK_0289,EIK_0087,EIK_0269,EIK_0322,EIK_0329,侍|武士道の絆|立役者|技巧伝承|知勇兼備|柔能制剛,1-2-3,侍|技巧伝承,3-4-5,知勇兼備|柔能制剛,5-6-1,武士道の絆|立役者,魚鱗||等級3以下ON||6||EIK_0038|EIK_0087|EIK_0269|EIK_0289|EIK_0322|EIK_0329,5992,1577,100,134,193,180,220,79,96,74,76,8721,8721,ステータス計算済み,GRADE3_5_6_REBUILD_LINE3_RULE_SAME6_DEDUP_20260628
G3_REBUILD56_DEDUP_6_0002687,魚鱗,6,支倉常長,三好義賢,香宗我部親泰,雨森弥兵衛,北条氏政,上杉景勝,EIK_0038,EIK_0289,EIK_0087,EIK_0269,EIK_0322,EIK_0344,侍|武士道の絆|立役者|技巧伝承|知勇兼備|柔能制剛,1-2-3,侍|技巧伝承,3-4-5,知勇兼備|柔能制剛,5-6-1,武士道の絆|立役者,魚鱗||等級3以下ON||6||EIK_0038|EIK_0087|EIK_0269|EIK_0289|EIK_0322|EIK_0344,5992,1577,100,136,193,178,220,79,94,74,77,8720,8720,ステータス計算済み,GRADE3_5_6_REBUILD_LINE3_RULE_SAME6_DEDUP_20260628
G3_REBUILD56_DEDUP_6_0002688,魚鱗,6,香宗我部親泰,支倉常長,願証寺証恵,稲葉一鉄,小山田信茂,鈴木重朝,EIK_0087,EIK_0038,EIK_0278,EIK_0036,EIK_0364,EIK_0327,侍|立役者|謀略家|勇猛果敢|雄材大略|摂理探究,1-2-3,立役者|摂理探究,3-4-5,勇猛果敢|雄材大略,5-6-1,侍|謀略家,魚鱗||等級3以下ON||6||EIK_0036|EIK_0038|EIK_0087|EIK_0278|EIK_0327|EIK_0364,6377,1042,270,52,59,277,74,148,149,130,138,8716,8716,ステータス計算済み,GRADE3_5_6_REBUILD_LINE3_RULE_SAME6_DEDUP_20260628
G3_REBUILD56_DEDUP_6_0002689,魚鱗,6,十河一存,朝倉景紀,山県昌景,薄田兼相,柴田勝家,小松姫,EIK_0039,EIK_0307,EIK_0291,EIK_0005,EIK_0294,EIK_0297,侍|武芸の絆|剣豪の絆|もののふ|豪傑|意気軒昂,1-2-3,もののふ,3-4-5,侍|剣豪の絆|意気軒昂,5-6-1,武芸の絆|豪傑,魚鱗||等級3以下ON||6||EIK_0005|EIK_0039|EIK_0291|EIK_0294|EIK_0297|EIK_0307,6595,966,698,118,243,0,85,0,0,0,0,8705,8705,ステータス計算済み,GRADE3_5_6_REBUILD_LINE3_RULE_SAME6_DEDUP_20260628
G3_REBUILD56_DEDUP_6_0002690,魚鱗,6,本庄繁長,氏家卜全,山県昌景,薄田兼相,柴田勝家,小松姫,EIK_0153,EIK_0293,EIK_0291,EIK_0005,EIK_0294,EIK_0297,侍|武芸の絆|剣豪の絆|もののふ|豪傑|意気軒昂,1-2-3,侍|もののふ,3-4-5,侍|剣豪の絆|意気軒昂,5-6-1,武芸の絆|豪傑,魚鱗||等級3以下ON||6||EIK_0005|EIK_0153|EIK_0291|EIK_0293|EIK_0294|EIK_0297,6515,1043,687,125,242,0,88,0,0,0,0,8700,8700,ステータス計算済み,GRADE3_5_6_REBUILD_LINE3_RULE_SAME6_DEDUP_20260628
G3_REBUILD56_DEDUP_6_0002691,魚鱗,6,本庄繁長,朝倉景連,山県昌景,薄田兼相,柴田勝家,小松姫,EIK_0153,EIK_0310,EIK_0291,EIK_0005,EIK_0294,EIK_0297,侍|武芸の絆|剣豪の絆|もののふ|豪傑|意気軒昂,1-2-3,もののふ,3-4-5,侍|剣豪の絆|意気軒昂,5-6-1,武芸の絆|豪傑,魚鱗||等級3以下ON||6||EIK_0005|EIK_0153|EIK_0291|EIK_0294|EIK_0297|EIK_0310,6598,1034,622,124,233,0,85,0,0,0,0,8696,8696,ステータス計算済み,GRADE3_5_6_REBUILD_LINE3_RULE_SAME6_DEDUP_20260628
G3_REBUILD56_DEDUP_6_0002692,魚鱗,6,支倉常長,三好義賢,香宗我部親泰,高坂昌信,木下秀長,願証寺証恵,EIK_0038,EIK_0289,EIK_0087,EIK_0284,EIK_0106,EIK_0278,侍|知将の絆|立役者|技巧伝承|柔能制剛|摂理探究,1-2-3,侍|技巧伝承,3-4-5,知将の絆|柔能制剛,5-6-1,立役者|摂理探究,魚鱗||等級3以下ON||6||EIK_0038|EIK_0087|EIK_0106|EIK_0278|EIK_0284|EIK_0289,6430,419,139,48,181,341,150,243,254,246,242,8693,8693,ステータス計算済み,GRADE3_5_6_REBUILD_LINE3_RULE_SAME6_DEDUP_20260628
G3_REBUILD56_DEDUP_6_0002693,魚鱗,6,御子神典膳,小松姫,本庄繁長,氏家卜全,山県昌景,柴田勝家,EIK_0045,EIK_0297,EIK_0153,EIK_0293,EIK_0291,EIK_0294,侍|武芸の絆|剣豪の絆|もののふ|豪傑|意気軒昂,1-2-3,武芸の絆|豪傑,3-4-5,侍|もののふ,5-6-1,剣豪の絆|意気軒昂,魚鱗||等級3以下ON||6||EIK_0045|EIK_0153|EIK_0291|EIK_0293|EIK_0294|EIK_0297,6480,1047,699,117,251,0,98,0,0,0,0,8692,8692,ステータス計算済み,GRADE3_5_6_REBUILD_LINE3_RULE_SAME6_DEDUP_20260628
G3_REBUILD56_DEDUP_6_0002694,魚鱗,6,十河一存,朝倉景隆,山県昌景,薄田兼相,柴田勝家,小松姫,EIK_0039,EIK_0309,EIK_0291,EIK_0005,EIK_0294,EIK_0297,侍|武芸の絆|剣豪の絆|もののふ|豪傑|意気軒昂,1-2-3,もののふ,3-4-5,侍|剣豪の絆|意気軒昂,5-6-1,武芸の絆|豪傑,魚鱗||等級3以下ON||6||EIK_0005|EIK_0039|EIK_0291|EIK_0294|EIK_0297|EIK_0309,6602,976,652,122,237,0,84,0,0,0,0,8673,8673,ステータス計算済み,GRADE3_5_6_REBUILD_LINE3_RULE_SAME6_DEDUP_20260628
G3_REBUILD56_DEDUP_6_0002695,魚鱗,6,本庄繁長,朝倉景紀,山県昌景,薄田兼相,柴田勝家,小松姫,EIK_0153,EIK_0307,EIK_0291,EIK_0005,EIK_0294,EIK_0297,侍|武芸の絆|剣豪の絆|もののふ|豪傑|意気軒昂,1-2-3,もののふ,3-4-5,侍|剣豪の絆|意気軒昂,5-6-1,武芸の絆|豪傑,魚鱗||等級3以下ON||6||EIK_0005|EIK_0153|EIK_0291|EIK_0294|EIK_0297|EIK_0307,6504,1039,674,122,242,0,86,0,0,0,0,8667,8667,ステータス計算済み,GRADE3_5_6_REBUILD_LINE3_RULE_SAME6_DEDUP_20260628
G3_REBUILD56_DEDUP_6_0002696,魚鱗,6,十河一存,馬場信春,山県昌景,薄田兼相,柴田勝家,小松姫,EIK_0039,EIK_0315,EIK_0291,EIK_0005,EIK_0294,EIK_0297,侍|武芸の絆|剣豪の絆|もののふ|豪傑|意気軒昂,1-2-3,もののふ,3-4-5,侍|剣豪の絆|意気軒昂,5-6-1,武芸の絆|豪傑,魚鱗||等級3以下ON||6||EIK_0005|EIK_0039|EIK_0291|EIK_0294|EIK_0297|EIK_0315,6560,966,706,118,227,0,87,0,0,0,0,8664,8664,ステータス計算済み,GRADE3_5_6_REBUILD_LINE3_RULE_SAME6_DEDUP_20260628
G3_REBUILD56_DEDUP_6_0002697,魚鱗,6,本庄繁長,色部勝長,山県昌景,薄田兼相,柴田勝家,小松姫,EIK_0153,EIK_0298,EIK_0291,EIK_0005,EIK_0294,EIK_0297,侍|武芸の絆|剣豪の絆|もののふ|豪傑|意気軒昂,1-2-3,もののふ,3-4-5,侍|剣豪の絆|意気軒昂,5-6-1,武芸の絆|豪傑,魚鱗||等級3以下ON||6||EIK_0005|EIK_0153|EIK_0291|EIK_0294|EIK_0297|EIK_0298,6464,1029,717,123,232,0,84,0,0,0,0,8649,8649,ステータス計算済み,GRADE3_5_6_REBUILD_LINE3_RULE_SAME6_DEDUP_20260628
G3_REBUILD56_DEDUP_6_0002698,魚鱗,6,十河一存,佐久間信盛,山県昌景,薄田兼相,柴田勝家,小松姫,EIK_0039,EIK_0340,EIK_0291,EIK_0005,EIK_0294,EIK_0297,侍|武芸の絆|剣豪の絆|もののふ|豪傑|意気軒昂,1-2-3,もののふ,3-4-5,侍|剣豪の絆|意気軒昂,5-6-1,武芸の絆|豪傑,魚鱗||等級3以下ON||6||EIK_0005|EIK_0039|EIK_0291|EIK_0294|EIK_0297|EIK_0340,6576,966,655,123,236,0,84,0,0,0,0,8640,8640,ステータス計算済み,GRADE3_5_6_REBUILD_LINE3_RULE_SAME6_DEDUP_20260628
G3_REBUILD56_DEDUP_6_0002699,魚鱗,6,支倉常長,三好義賢,香宗我部親泰,高坂昌信,豊臣秀次,願証寺証恵,EIK_0038,EIK_0289,EIK_0087,EIK_0284,EIK_0091,EIK_0278,侍|知将の絆|立役者|技巧伝承|柔能制剛|摂理探究,1-2-3,侍|技巧伝承,3-4-5,知将の絆|柔能制剛,5-6-1,立役者|摂理探究,魚鱗||等級3以下ON||6||EIK_0038|EIK_0087|EIK_0091|EIK_0278|EIK_0284|EIK_0289,6451,414,122,51,172,339,150,230,245,230,231,8635,8635,ステータス計算済み,GRADE3_5_6_REBUILD_LINE3_RULE_SAME6_DEDUP_20260628
G3_REBUILD56_DEDUP_6_0002700,魚鱗,6,本庄繁長,朝倉景隆,山県昌景,薄田兼相,柴田勝家,小松姫,EIK_0153,EIK_0309,EIK_0291,EIK_0005,EIK_0294,EIK_0297,侍|武芸の絆|剣豪の絆|もののふ|豪傑|意気軒昂,1-2-3,もののふ,3-4-5,侍|剣豪の絆|意気軒昂,5-6-1,武芸の絆|豪傑,魚鱗||等級3以下ON||6||EIK_0005|EIK_0153|EIK_0291|EIK_0294|EIK_0297|EIK_0309,6511,1049,628,125,236,0,85,0,0,0,0,8634,8634,ステータス計算済み,GRADE3_5_6_REBUILD_LINE3_RULE_SAME6_DEDUP_20260628
G3_REBUILD56_DEDUP_6_0002701,魚鱗,6,支倉常長,三好義賢,香宗我部親泰,雨森弥兵衛,高坂昌信,願証寺証恵,EIK_0038,EIK_0289,EIK_0087,EIK_0269,EIK_0284,EIK_0278,侍|立役者|技巧伝承|知勇兼備|柔能制剛|摂理探究,1-2-3,侍|技巧伝承,3-4-5,知勇兼備|柔能制剛,5-6-1,立役者|摂理探究,魚鱗||等級3以下ON||6||EIK_0038|EIK_0087|EIK_0269|EIK_0278|EIK_0284|EIK_0289,6094,935,163,83,183,260,184,177,203,173,176,8631,8631,ステータス計算済み,GRADE3_5_6_REBUILD_LINE3_RULE_SAME6_DEDUP_20260628
G3_REBUILD56_DEDUP_6_0002702,魚鱗,6,十河一存,稲葉一鉄,山県昌景,薄田兼相,柴田勝家,小松姫,EIK_0039,EIK_0036,EIK_0291,EIK_0005,EIK_0294,EIK_0297,侍|武芸の絆|剣豪の絆|もののふ|豪傑|意気軒昂,1-2-3,もののふ,3-4-5,侍|剣豪の絆|意気軒昂,5-6-1,武芸の絆|豪傑,魚鱗||等級3以下ON||6||EIK_0005|EIK_0036|EIK_0039|EIK_0291|EIK_0294|EIK_0297,6533,955,700,122,238,0,81,0,0,0,0,8629,8629,ステータス計算済み,GRADE3_5_6_REBUILD_LINE3_RULE_SAME6_DEDUP_20260628
G3_REBUILD56_DEDUP_6_0002703,魚鱗,6,本庄繁長,本多忠勝,山県昌景,薄田兼相,柴田勝家,小松姫,EIK_0153,EIK_0181,EIK_0291,EIK_0005,EIK_0294,EIK_0297,侍|武芸の絆|剣豪の絆|もののふ|豪傑|意気軒昂,1-2-3,もののふ,3-4-5,侍|剣豪の絆|意気軒昂,5-6-1,武芸の絆|豪傑,魚鱗||等級3以下ON||6||EIK_0005|EIK_0153|EIK_0181|EIK_0291|EIK_0294|EIK_0297,6464,1029,694,119,239,0,84,0,0,0,0,8629,8629,ステータス計算済み,GRADE3_5_6_REBUILD_LINE3_RULE_SAME6_DEDUP_20260628
G3_REBUILD56_DEDUP_6_0002704,魚鱗,6,本庄繁長,馬場信春,山県昌景,薄田兼相,柴田勝家,小松姫,EIK_0153,EIK_0315,EIK_0291,EIK_0005,EIK_0294,EIK_0297,侍|武芸の絆|剣豪の絆|もののふ|豪傑|意気軒昂,1-2-3,もののふ,3-4-5,侍|剣豪の絆|意気軒昂,5-6-1,武芸の絆|豪傑,魚鱗||等級3以下ON||6||EIK_0005|EIK_0153|EIK_0291|EIK_0294|EIK_0297|EIK_0315,6469,1039,682,122,225,0,88,0,0,0,0,8625,8625,ステータス計算済み,GRADE3_5_6_REBUILD_LINE3_RULE_SAME6_DEDUP_20260628
G3_REBUILD56_DEDUP_6_0002705,魚鱗,6,香宗我部親泰,支倉常長,願証寺証恵,稲葉一鉄,小山田信茂,岡部正綱,EIK_0087,EIK_0038,EIK_0278,EIK_0036,EIK_0364,EIK_0273,侍|立役者|謀略家|勇猛果敢|雄材大略|摂理探究,1-2-3,立役者|摂理探究,3-4-5,勇猛果敢|雄材大略,5-6-1,侍|謀略家,魚鱗||等級3以下ON||6||EIK_0036|EIK_0038|EIK_0087|EIK_0273|EIK_0278|EIK_0364,6266,1061,273,51,58,277,73,148,149,130,138,8624,8624,ステータス計算済み,GRADE3_5_6_REBUILD_LINE3_RULE_SAME6_DEDUP_20260628
G3_REBUILD56_DEDUP_6_0002706,魚鱗,6,十河一存,蛍,山県昌景,塩屋秋貞,北条氏照,可児才蔵,EIK_0039,EIK_0333,EIK_0291,EIK_0359,EIK_0321,EIK_0362,侍|軍学の絆|勇将の絆|もののふ|豪傑|意気衝天,1-2-3,豪傑|意気衝天,3-4-5,軍学の絆|勇将の絆,5-6-1,侍|もののふ,魚鱗||等級3以下ON||6||EIK_0039|EIK_0291|EIK_0321|EIK_0333|EIK_0359|EIK_0362,5890,1994,300,182,102,75,72,0,0,0,0,8615,8615,ステータス計算済み,GRADE3_5_6_REBUILD_LINE3_RULE_SAME6_DEDUP_20260628
G3_REBUILD56_DEDUP_6_0002707,魚鱗,6,本庄繁長,佐久間信盛,山県昌景,薄田兼相,柴田勝家,小松姫,EIK_0153,EIK_0340,EIK_0291,EIK_0005,EIK_0294,EIK_0297,侍|武芸の絆|剣豪の絆|もののふ|豪傑|意気軒昂,1-2-3,もののふ,3-4-5,侍|剣豪の絆|意気軒昂,5-6-1,武芸の絆|豪傑,魚鱗||等級3以下ON||6||EIK_0005|EIK_0153|EIK_0291|EIK_0294|EIK_0297|EIK_0340,6485,1039,631,126,234,0,85,0,0,0,0,8600,8600,ステータス計算済み,GRADE3_5_6_REBUILD_LINE3_RULE_SAME6_DEDUP_20260628
G3_REBUILD56_DEDUP_6_0002708,魚鱗,6,支倉常長,三好義賢,香宗我部親泰,雨森弥兵衛,北条氏政,願証寺証恵,EIK_0038,EIK_0289,EIK_0087,EIK_0269,EIK_0322,EIK_0278,侍|立役者|技巧伝承|知勇兼備|柔能制剛|摂理探究,1-2-3,侍|技巧伝承,3-4-5,知勇兼備|柔能制剛,5-6-1,立役者|摂理探究,魚鱗||等級3以下ON||6||EIK_0038|EIK_0087|EIK_0269|EIK_0278|EIK_0289|EIK_0322,6191,926,172,88,192,233,175,148,178,141,147,8591,8591,ステータス計算済み,GRADE3_5_6_REBUILD_LINE3_RULE_SAME6_DEDUP_20260628
G3_REBUILD56_DEDUP_6_0002709,魚鱗,6,本庄繁長,稲葉一鉄,山県昌景,薄田兼相,柴田勝家,小松姫,EIK_0153,EIK_0036,EIK_0291,EIK_0005,EIK_0294,EIK_0297,侍|武芸の絆|剣豪の絆|もののふ|豪傑|意気軒昂,1-2-3,もののふ,3-4-5,侍|剣豪の絆|意気軒昂,5-6-1,武芸の絆|豪傑,魚鱗||等級3以下ON||6||EIK_0005|EIK_0036|EIK_0153|EIK_0291|EIK_0294|EIK_0297,6442,1027,676,125,236,0,82,0,0,0,0,8588,8588,ステータス計算済み,GRADE3_5_6_REBUILD_LINE3_RULE_SAME6_DEDUP_20260628
G3_REBUILD56_DEDUP_6_0002710,魚鱗,6,支倉常長,三好義賢,香宗我部親泰,雨森弥兵衛,遠山景任,願証寺証恵,EIK_0038,EIK_0289,EIK_0087,EIK_0269,EIK_0170,EIK_0278,侍|立役者|技巧伝承|知勇兼備|柔能制剛|摂理探究,1-2-3,侍|技巧伝承,3-4-5,知勇兼備|柔能制剛,5-6-1,立役者|摂理探究,魚鱗||等級3以下ON||6||EIK_0038|EIK_0087|EIK_0170|EIK_0269|EIK_0278|EIK_0289,6177,903,188,89,222,218,174,146,174,146,148,8585,8585,ステータス計算済み,GRADE3_5_6_REBUILD_LINE3_RULE_SAME6_DEDUP_20260628
G3_REBUILD56_DEDUP_6_0002711,魚鱗,6,十河一存,安藤守就,山県昌景,薄田兼相,柴田勝家,小松姫,EIK_0039,EIK_0267,EIK_0291,EIK_0005,EIK_0294,EIK_0297,侍|武芸の絆|剣豪の絆|もののふ|豪傑|意気軒昂,1-2-3,もののふ,3-4-5,侍|剣豪の絆|意気軒昂,5-6-1,武芸の絆|豪傑,魚鱗||等級3以下ON||6||EIK_0005|EIK_0039|EIK_0267|EIK_0291|EIK_0294|EIK_0297,6511,980,650,115,233,0,86,0,0,0,0,8575,8575,ステータス計算済み,GRADE3_5_6_REBUILD_LINE3_RULE_SAME6_DEDUP_20260628
G3_REBUILD56_DEDUP_6_0002712,魚鱗,6,支倉常長,三好義賢,香宗我部親泰,雨森弥兵衛,海北綱親,願証寺証恵,EIK_0038,EIK_0289,EIK_0087,EIK_0269,EIK_0274,EIK_0278,侍|立役者|技巧伝承|知勇兼備|柔能制剛|摂理探究,1-2-3,侍|技巧伝承,3-4-5,知勇兼備|柔能制剛,5-6-1,立役者|摂理探究,魚鱗||等級3以下ON||6||EIK_0038|EIK_0087|EIK_0269|EIK_0274|EIK_0278|EIK_0289,6188,910,179,86,188,234,167,145,173,139,156,8565,8565,ステータス計算済み,GRADE3_5_6_REBUILD_LINE3_RULE_SAME6_DEDUP_20260628
G3_REBUILD56_DEDUP_6_0002713,魚鱗,6,十河一存,不破光治,山県昌景,薄田兼相,柴田勝家,小松姫,EIK_0039,EIK_0317,EIK_0291,EIK_0005,EIK_0294,EIK_0297,侍|武芸の絆|剣豪の絆|もののふ|豪傑|意気軒昂,1-2-3,もののふ,3-4-5,侍|剣豪の絆|意気軒昂,5-6-1,武芸の絆|豪傑,魚鱗||等級3以下ON||6||EIK_0005|EIK_0039|EIK_0291|EIK_0294|EIK_0297|EIK_0317,6468,966,667,117,233,0,84,0,0,0,0,8535,8535,ステータス計算済み,GRADE3_5_6_REBUILD_LINE3_RULE_SAME6_DEDUP_20260628
G3_REBUILD56_DEDUP_6_0002714,魚鱗,6,安宅冬康,願証寺証恵,支倉常長,三好義賢,香宗我部親泰,高坂昌信,EIK_0035,EIK_0278,EIK_0038,EIK_0289,EIK_0087,EIK_0284,侍|知将の絆|立役者|技巧伝承|柔能制剛|摂理探究,1-2-3,立役者|摂理探究,3-4-5,侍|技巧伝承,5-6-1,知将の絆|柔能制剛,魚鱗||等級3以下ON||6||EIK_0035|EIK_0038|EIK_0087|EIK_0278|EIK_0284|EIK_0289,6563,391,124,56,158,284,141,200,213,204,201,8535,8535,ステータス計算済み,GRADE3_5_6_REBUILD_LINE3_RULE_SAME6_DEDUP_20260628
G3_REBUILD56_DEDUP_6_0002715,魚鱗,6,本庄繁長,安藤守就,山県昌景,薄田兼相,柴田勝家,小松姫,EIK_0153,EIK_0267,EIK_0291,EIK_0005,EIK_0294,EIK_0297,侍|武芸の絆|剣豪の絆|もののふ|豪傑|意気軒昂,1-2-3,もののふ,3-4-5,侍|剣豪の絆|意気軒昂,5-6-1,武芸の絆|豪傑,魚鱗||等級3以下ON||6||EIK_0005|EIK_0153|EIK_0267|EIK_0291|EIK_0294|EIK_0297,6419,1052,625,118,232,0,87,0,0,0,0,8533,8533,ステータス計算済み,GRADE3_5_6_REBUILD_LINE3_RULE_SAME6_DEDUP_20260628
G3_REBUILD56_DEDUP_6_0002716,魚鱗,6,本庄繁長,福島勝広,山県昌景,薄田兼相,柴田勝家,小松姫,EIK_0153,EIK_0353,EIK_0291,EIK_0005,EIK_0294,EIK_0297,侍|武芸の絆|剣豪の絆|もののふ|豪傑|意気軒昂,1-2-3,もののふ,3-4-5,侍|剣豪の絆|意気軒昂,5-6-1,武芸の絆|豪傑,魚鱗||等級3以下ON||6||EIK_0005|EIK_0153|EIK_0291|EIK_0294|EIK_0297|EIK_0353,6389,1007,696,121,232,0,83,0,0,0,0,8528,8528,ステータス計算済み,GRADE3_5_6_REBUILD_LINE3_RULE_SAME6_DEDUP_20260628
G3_REBUILD56_DEDUP_6_0002717,魚鱗,6,薄田兼相,山県昌景,柴田勝家,本庄繁長,小松姫,下間頼廉,EIK_0005,EIK_0291,EIK_0294,EIK_0153,EIK_0297,EIK_0360,侍|武芸の絆|剣豪の絆|豪傑|意気軒昂|日進月歩,1-2-3,侍|剣豪の絆|意気軒昂,3-4-5,武芸の絆|豪傑,5-6-1,日進月歩,魚鱗||等級3以下ON||6||EIK_0005|EIK_0153|EIK_0291|EIK_0294|EIK_0297|EIK_0360,6434,993,609,126,278,0,80,0,0,0,0,8520,8520,ステータス計算済み,GRADE3_5_6_REBUILD_LINE3_RULE_SAME6_DEDUP_20260628
G3_REBUILD56_DEDUP_6_0002718,魚鱗,6,本庄繁長,北条綱成,山県昌景,薄田兼相,柴田勝家,小松姫,EIK_0153,EIK_0354,EIK_0291,EIK_0005,EIK_0294,EIK_0297,侍|武芸の絆|剣豪の絆|もののふ|豪傑|意気軒昂,1-2-3,もののふ,3-4-5,侍|剣豪の絆|意気軒昂,5-6-1,武芸の絆|豪傑,魚鱗||等級3以下ON||6||EIK_0005|EIK_0153|EIK_0291|EIK_0294|EIK_0297|EIK_0354,6389,1007,685,121,232,0,84,0,0,0,0,8518,8518,ステータス計算済み,GRADE3_5_6_REBUILD_LINE3_RULE_SAME6_DEDUP_20260628
G3_REBUILD56_DEDUP_6_0002719,魚鱗,6,本庄繁長,不破光治,山県昌景,薄田兼相,柴田勝家,小松姫,EIK_0153,EIK_0317,EIK_0291,EIK_0005,EIK_0294,EIK_0297,侍|武芸の絆|剣豪の絆|もののふ|豪傑|意気軒昂,1-2-3,もののふ,3-4-5,侍|剣豪の絆|意気軒昂,5-6-1,武芸の絆|豪傑,魚鱗||等級3以下ON||6||EIK_0005|EIK_0153|EIK_0291|EIK_0294|EIK_0297|EIK_0317,6376,1039,642,121,232,0,85,0,0,0,0,8495,8495,ステータス計算済み,GRADE3_5_6_REBUILD_LINE3_RULE_SAME6_DEDUP_20260628
G3_REBUILD56_DEDUP_6_0002720,魚鱗,6,支倉常長,三好義賢,香宗我部親泰,塩屋秋貞,高坂昌信,願証寺証恵,EIK_0038,EIK_0289,EIK_0087,EIK_0359,EIK_0284,EIK_0278,侍|立役者|技巧伝承|知勇兼備|柔能制剛|摂理探究,1-2-3,侍|技巧伝承,3-4-5,知勇兼備|柔能制剛,5-6-1,立役者|摂理探究,魚鱗||等級3以下ON||6||EIK_0038|EIK_0087|EIK_0278|EIK_0284|EIK_0289|EIK_0359,6102,878,165,81,181,248,177,160,170,160,164,8486,8486,ステータス計算済み,GRADE3_5_6_REBUILD_LINE3_RULE_SAME6_DEDUP_20260628
G3_REBUILD56_DEDUP_6_0002721,魚鱗,6,支倉常長,三好義賢,香宗我部親泰,雨森弥兵衛,丹羽長秀,願証寺証恵,EIK_0038,EIK_0289,EIK_0087,EIK_0269,EIK_0305,EIK_0278,侍|立役者|技巧伝承|知勇兼備|柔能制剛|摂理探究,1-2-3,侍|技巧伝承,3-4-5,知勇兼備|柔能制剛,5-6-1,立役者|摂理探究,魚鱗||等級3以下ON||6||EIK_0038|EIK_0087|EIK_0269|EIK_0278|EIK_0289|EIK_0305,6081,916,162,85,184,250,171,153,176,146,149,8473,8473,ステータス計算済み,GRADE3_5_6_REBUILD_LINE3_RULE_SAME6_DEDUP_20260628
G3_REBUILD56_DEDUP_6_0002722,魚鱗,6,支倉常長,泉田重光,香宗我部親泰,高坂昌信,豊臣秀次,七里頼周,EIK_0038,EIK_0369,EIK_0087,EIK_0284,EIK_0091,EIK_0152,侍|知将の絆|立役者|技巧伝承|柔能制剛|摂理探究,1-2-3,侍|立役者,3-4-5,知将の絆|柔能制剛,5-6-1,技巧伝承|摂理探究,魚鱗||等級3以下ON||6||EIK_0038|EIK_0087|EIK_0091|EIK_0152|EIK_0284|EIK_0369,6304,416,104,50,159,347,152,234,243,221,222,8452,8452,ステータス計算済み,GRADE3_5_6_REBUILD_LINE3_RULE_SAME6_DEDUP_20260628
G3_REBUILD56_DEDUP_6_0002723,魚鱗,6,支倉常長,三好義賢,香宗我部親泰,高坂昌信,北条氏政,池田勝正,EIK_0038,EIK_0289,EIK_0087,EIK_0284,EIK_0322,EIK_0306,侍|武士道の絆|知将の絆|立役者|技巧伝承|柔能制剛,1-2-3,侍|技巧伝承,3-4-5,知将の絆|柔能制剛,5-6-1,武士道の絆|立役者,魚鱗||等級3以下ON||6||EIK_0038|EIK_0087|EIK_0284|EIK_0289|EIK_0306|EIK_0322,6115,1075,57,96,162,246,193,125,134,124,125,8452,8452,ステータス計算済み,GRADE3_5_6_REBUILD_LINE3_RULE_SAME6_DEDUP_20260628
G3_REBUILD56_DEDUP_6_0002724,魚鱗,6,十河一存,可児才蔵,山県昌景,薄田兼相,柴田勝家,小松姫,EIK_0039,EIK_0362,EIK_0291,EIK_0005,EIK_0294,EIK_0297,侍|武芸の絆|剣豪の絆|もののふ|豪傑|意気軒昂,1-2-3,侍|もののふ,3-4-5,侍|剣豪の絆|意気軒昂,5-6-1,武芸の絆|豪傑,魚鱗||等級3以下ON||6||EIK_0005|EIK_0039|EIK_0291|EIK_0294|EIK_0297|EIK_0362,6402,927,655,115,232,0,81,0,0,0,0,8412,8412,ステータス計算済み,GRADE3_5_6_REBUILD_LINE3_RULE_SAME6_DEDUP_20260628
G3_REBUILD56_DEDUP_6_0002725,魚鱗,6,十河一存,小松姫,御子神典膳,柴田勝家,山県昌景,可児才蔵,EIK_0039,EIK_0297,EIK_0045,EIK_0294,EIK_0291,EIK_0362,侍|武芸の絆|剣豪の絆|もののふ|豪傑|意気軒昂,1-2-3,武芸の絆|豪傑,3-4-5,剣豪の絆|意気軒昂,5-6-1,侍|もののふ,魚鱗||等級3以下ON||6||EIK_0039|EIK_0045|EIK_0291|EIK_0294|EIK_0297|EIK_0362,6368,930,667,107,240,0,92,0,0,0,0,8404,8404,ステータス計算済み,GRADE3_5_6_REBUILD_LINE3_RULE_SAME6_DEDUP_20260628
G3_REBUILD56_DEDUP_6_0002726,魚鱗,6,本庄繁長,可児才蔵,山県昌景,薄田兼相,柴田勝家,小松姫,EIK_0153,EIK_0362,EIK_0291,EIK_0005,EIK_0294,EIK_0297,侍|武芸の絆|剣豪の絆|もののふ|豪傑|意気軒昂,1-2-3,侍|もののふ,3-4-5,侍|剣豪の絆|意気軒昂,5-6-1,武芸の絆|豪傑,魚鱗||等級3以下ON||6||EIK_0005|EIK_0153|EIK_0291|EIK_0294|EIK_0297|EIK_0362,6311,999,631,119,229,0,82,0,0,0,0,8371,8371,ステータス計算済み,GRADE3_5_6_REBUILD_LINE3_RULE_SAME6_DEDUP_20260628
G3_REBUILD56_DEDUP_6_0002727,魚鱗,6,御子神典膳,小松姫,本庄繁長,可児才蔵,山県昌景,柴田勝家,EIK_0045,EIK_0297,EIK_0153,EIK_0362,EIK_0291,EIK_0294,侍|武芸の絆|剣豪の絆|もののふ|豪傑|意気軒昂,1-2-3,武芸の絆|豪傑,3-4-5,侍|もののふ,5-6-1,剣豪の絆|意気軒昂,魚鱗||等級3以下ON||6||EIK_0045|EIK_0153|EIK_0291|EIK_0294|EIK_0297|EIK_0362,6276,1003,643,111,239,0,93,0,0,0,0,8365,8365,ステータス計算済み,GRADE3_5_6_REBUILD_LINE3_RULE_SAME6_DEDUP_20260628
G3_REBUILD56_DEDUP_6_0002728,魚鱗,6,支倉常長,三好義賢,香宗我部親泰,高坂昌信,北条氏政,伊達実元,EIK_0038,EIK_0289,EIK_0087,EIK_0284,EIK_0322,EIK_0329,侍|武士道の絆|知将の絆|立役者|技巧伝承|柔能制剛,1-2-3,侍|技巧伝承,3-4-5,知将の絆|柔能制剛,5-6-1,武士道の絆|立役者,魚鱗||等級3以下ON||6||EIK_0038|EIK_0087|EIK_0284|EIK_0289|EIK_0322|EIK_0329,6040,1051,55,93,160,239,189,122,133,121,119,8322,8322,ステータス計算済み,GRADE3_5_6_REBUILD_LINE3_RULE_SAME6_DEDUP_20260628
G3_REBUILD56_DEDUP_6_0002729,魚鱗,6,支倉常長,三好義賢,香宗我部親泰,高坂昌信,北条氏政,上杉景勝,EIK_0038,EIK_0289,EIK_0087,EIK_0284,EIK_0322,EIK_0344,侍|武士道の絆|知将の絆|立役者|技巧伝承|柔能制剛,1-2-3,侍|技巧伝承,3-4-5,知将の絆|柔能制剛,5-6-1,武士道の絆|立役者,魚鱗||等級3以下ON||6||EIK_0038|EIK_0087|EIK_0284|EIK_0289|EIK_0322|EIK_0344,6040,1051,55,95,160,237,189,122,131,121,121,8322,8322,ステータス計算済み,GRADE3_5_6_REBUILD_LINE3_RULE_SAME6_DEDUP_20260628
G3_REBUILD56_DEDUP_6_0002730,魚鱗,6,支倉常長,三好義賢,香宗我部親泰,北条氏政,高坂昌信,願証寺証恵,EIK_0038,EIK_0289,EIK_0087,EIK_0322,EIK_0284,EIK_0278,侍|知将の絆|立役者|技巧伝承|柔能制剛|摂理探究,1-2-3,侍|技巧伝承,3-4-5,知将の絆|柔能制剛,5-6-1,立役者|摂理探究,魚鱗||等級3以下ON||6||EIK_0038|EIK_0087|EIK_0278|EIK_0284|EIK_0289|EIK_0322,6241,397,125,50,159,296,140,200,217,199,200,8224,8224,ステータス計算済み,GRADE3_5_6_REBUILD_LINE3_RULE_SAME6_DEDUP_20260628
G3_REBUILD56_DEDUP_6_0002731,魚鱗,6,支倉常長,三好義賢,香宗我部親泰,高坂昌信,遠山景任,願証寺証恵,EIK_0038,EIK_0289,EIK_0087,EIK_0284,EIK_0170,EIK_0278,侍|知将の絆|立役者|技巧伝承|柔能制剛|摂理探究,1-2-3,侍|技巧伝承,3-4-5,知将の絆|柔能制剛,5-6-1,立役者|摂理探究,魚鱗||等級3以下ON||6||EIK_0038|EIK_0087|EIK_0170|EIK_0278|EIK_0284|EIK_0289,6226,386,136,50,183,279,139,197,212,205,201,8214,8214,ステータス計算済み,GRADE3_5_6_REBUILD_LINE3_RULE_SAME6_DEDUP_20260628
G3_REBUILD56_DEDUP_6_0002732,魚鱗,6,支倉常長,三好義賢,香宗我部親泰,高坂昌信,海北綱親,願証寺証恵,EIK_0038,EIK_0289,EIK_0087,EIK_0284,EIK_0274,EIK_0278,侍|知将の絆|立役者|技巧伝承|柔能制剛|摂理探究,1-2-3,侍|技巧伝承,3-4-5,知将の絆|柔能制剛,5-6-1,立役者|摂理探究,魚鱗||等級3以下ON||6||EIK_0038|EIK_0087|EIK_0274|EIK_0278|EIK_0284|EIK_0289,6237,390,129,49,156,298,133,196,210,197,211,8206,8206,ステータス計算済み,GRADE3_5_6_REBUILD_LINE3_RULE_SAME6_DEDUP_20260628
G3_REBUILD56_DEDUP_6_0002733,魚鱗,6,願証寺証恵,支倉常長,北条氏政,新庄直頼,小山田信茂,稲葉一鉄,EIK_0278,EIK_0038,EIK_0322,EIK_0345,EIK_0364,EIK_0036,侍|立役者|謀略家|勇猛果敢|雄材大略|摂理探究,1-2-3,立役者|摂理探究,3-4-5,侍|謀略家,5-6-1,勇猛果敢|雄材大略,魚鱗||等級3以下ON||6||EIK_0036|EIK_0038|EIK_0278|EIK_0322|EIK_0345|EIK_0364,5982,1012,258,48,57,255,71,125,123,108,115,8154,8154,ステータス計算済み,GRADE3_5_6_REBUILD_LINE3_RULE_SAME6_DEDUP_20260628
G3_REBUILD56_DEDUP_6_0002734,魚鱗,6,支倉常長,三好義賢,香宗我部親泰,丹羽長秀,高坂昌信,願証寺証恵,EIK_0038,EIK_0289,EIK_0087,EIK_0305,EIK_0284,EIK_0278,侍|知将の絆|立役者|技巧伝承|柔能制剛|摂理探究,1-2-3,侍|技巧伝承,3-4-5,知将の絆|柔能制剛,5-6-1,立役者|摂理探究,魚鱗||等級3以下ON||6||EIK_0038|EIK_0087|EIK_0278|EIK_0284|EIK_0289|EIK_0305,6130,392,117,49,152,317,136,206,215,204,203,8121,8121,ステータス計算済み,GRADE3_5_6_REBUILD_LINE3_RULE_SAME6_DEDUP_20260628
G3_REBUILD56_DEDUP_6_0002735,魚鱗,6,願証寺証恵,支倉常長,北条氏政,内藤正成,小山田信茂,稲葉一鉄,EIK_0278,EIK_0038,EIK_0322,EIK_0370,EIK_0364,EIK_0036,侍|立役者|謀略家|勇猛果敢|雄材大略|摂理探究,1-2-3,立役者|摂理探究,3-4-5,侍|謀略家,5-6-1,勇猛果敢|雄材大略,魚鱗||等級3以下ON||6||EIK_0036|EIK_0038|EIK_0278|EIK_0322|EIK_0364|EIK_0370,5871,990,253,46,55,258,68,119,118,103,110,7991,7991,ステータス計算済み,GRADE3_5_6_REBUILD_LINE3_RULE_SAME6_DEDUP_20260628
