コスト構成,コスト計,能力,現行首位推定,参考下端での首位推定,首位推定減少,首位6柱の入替,TOP500共通件数,TOP500入替件数,注記
887333,32,腕力,971,965,6,1,0,500,参考下端は推定値であり実測下限の保証なし
886433,32,腕力,979,979,0,1,101,399,参考下端は推定値であり実測下限の保証なし
886333,31,腕力,947,940,7,1,0,500,参考下端は推定値であり実測下限の保証なし
885533,32,腕力,977,977,0,1,69,431,参考下端は推定値であり実測下限の保証なし
885443,32,腕力,979,979,0,1,207,293,参考下端は推定値であり実測下限の保証なし
885433,31,腕力,947,947,0,1,99,401,参考下端は推定値であり実測下限の保証なし
885333,30,腕力,915,908,7,1,0,500,参考下端は推定値であり実測下限の保証なし
884444,32,腕力,973,961,12,1,0,500,参考下端は推定値であり実測下限の保証なし
884443,31,腕力,948,941,7,1,174,326,参考下端は推定値であり実測下限の保証なし
884433,30,腕力,915,915,0,1,99,401,参考下端は推定値であり実測下限の保証なし
884333,29,腕力,883,877,6,1,0,500,参考下端は推定値であり実測下限の保証なし
883333,28,腕力,844,838,6,1,0,500,参考下端は推定値であり実測下限の保証なし
877433,32,腕力,972,972,0,1,116,384,参考下端は推定値であり実測下限の保証なし
877333,31,腕力,940,934,6,1,0,500,参考下端は推定値であり実測下限の保証なし
876533,32,腕力,979,979,0,1,125,375,参考下端は推定値であり実測下限の保証なし
876443,32,腕力,980,980,0,1,112,388,参考下端は推定値であり実測下限の保証なし
876433,31,腕力,948,948,0,1,111,389,参考下端は推定値であり実測下限の保証なし
876333,30,腕力,915,909,6,1,0,500,参考下端は推定値であり実測下限の保証なし
875543,32,腕力,979,979,0,1,112,388,参考下端は推定値であり実測下限の保証なし
875533,31,腕力,947,947,0,1,99,401,参考下端は推定値であり実測下限の保証なし
875444,32,腕力,980,973,7,0,255,245,参考下端は推定値であり実測下限の保証なし
875443,31,腕力,948,948,0,1,182,318,参考下端は推定値であり実測下限の保証なし
875433,30,腕力,915,915,0,1,103,397,参考下端は推定値であり実測下限の保証なし
875333,29,腕力,883,877,6,1,0,500,参考下端は推定値であり実測下限の保証なし
874444,31,腕力,942,929,13,1,0,500,参考下端は推定値であり実測下限の保証なし
874443,30,腕力,916,910,6,1,258,242,参考下端は推定値であり実測下限の保証なし
874433,29,腕力,884,884,0,1,134,366,参考下端は推定値であり実測下限の保証なし
874333,28,腕力,851,845,6,1,0,500,参考下端は推定値であり実測下限の保証なし
873333,27,腕力,812,806,6,1,0,500,参考下端は推定値であり実測下限の保証なし
866633,32,腕力,986,986,0,1,134,366,参考下端は推定値であり実測下限の保証なし
866543,32,腕力,986,986,0,1,144,356,参考下端は推定値であり実測下限の保証なし
866533,31,腕力,954,954,0,1,113,387,参考下端は推定値であり実測下限の保証なし
866444,32,腕力,988,981,7,0,126,374,参考下端は推定値であり実測下限の保証なし
866443,31,腕力,955,955,0,1,302,198,参考下端は推定値であり実測下限の保証なし
866433,30,腕力,923,923,0,1,112,388,参考下端は推定値であり実測下限の保証なし
866333,29,腕力,890,884,6,1,0,500,参考下端は推定値であり実測下限の保証なし
865553,32,腕力,985,985,0,1,180,320,参考下端は推定値であり実測下限の保証なし
865544,32,腕力,986,986,0,0,251,249,参考下端は推定値であり実測下限の保証なし
865543,31,腕力,954,954,0,1,176,324,参考下端は推定値であり実測下限の保証なし
865533,30,腕力,922,922,0,1,99,401,参考下端は推定値であり実測下限の保証なし
865444,31,腕力,955,949,6,0,197,303,参考下端は推定値であり実測下限の保証なし
865443,30,腕力,923,923,0,1,227,273,参考下端は推定値であり実測下限の保証なし
865433,29,腕力,890,890,0,1,108,392,参考下端は推定値であり実測下限の保証なし
865333,28,腕力,858,851,7,1,0,500,参考下端は推定値であり実測下限の保証なし
864444,30,腕力,917,903,14,1,0,500,参考下端は推定値であり実測下限の保証なし
864443,29,腕力,890,884,6,1,197,303,参考下端は推定値であり実測下限の保証なし
864433,28,腕力,858,858,0,1,137,363,参考下端は推定値であり実測下限の保証なし
864333,27,腕力,825,818,7,1,0,500,参考下端は推定値であり実測下限の保証なし
863333,26,腕力,786,779,7,1,0,500,参考下端は推定値であり実測下限の保証なし
855554,32,腕力,985,979,6,1,38,462,参考下端は推定値であり実測下限の保証なし
855553,31,腕力,953,947,6,1,40,460,参考下端は推定値であり実測下限の保証なし
855544,31,腕力,954,954,0,1,108,392,参考下端は推定値であり実測下限の保証なし
855543,30,腕力,922,922,0,1,158,342,参考下端は推定値であり実測下限の保証なし
855533,29,腕力,890,890,0,1,78,422,参考下端は推定値であり実測下限の保証なし
855444,30,腕力,923,916,7,0,118,382,参考下端は推定値であり実測下限の保証なし
855443,29,腕力,890,890,0,1,229,271,参考下端は推定値であり実測下限の保証なし
855433,28,腕力,858,858,0,1,104,396,参考下端は推定値であり実測下限の保証なし
855333,27,腕力,825,819,6,1,0,500,参考下端は推定値であり実測下限の保証なし
854444,29,腕力,884,871,13,1,0,500,参考下端は推定値であり実測下限の保証なし
854443,28,腕力,858,851,7,1,183,317,参考下端は推定値であり実測下限の保証なし
854433,27,腕力,825,825,0,1,124,376,参考下端は推定値であり実測下限の保証なし
854333,26,腕力,792,786,6,1,0,500,参考下端は推定値であり実測下限の保証なし
853333,25,腕力,753,746,7,1,0,500,参考下端は推定値であり実測下限の保証なし
844444,28,腕力,844,825,19,1,0,500,参考下端は推定値であり実測下限の保証なし
844443,27,腕力,818,805,13,1,0,500,参考下端は推定値であり実測下限の保証なし
844433,26,腕力,792,785,7,1,73,427,参考下端は推定値であり実測下限の保証なし
844333,25,腕力,759,752,7,1,0,500,参考下端は推定値であり実測下限の保証なし
843333,24,腕力,719,712,7,1,0,500,参考下端は推定値であり実測下限の保証なし
833333,23,腕力,679,666,13,1,0,500,参考下端は推定値であり実測下限の保証なし
777533,32,腕力,972,972,0,1,150,350,参考下端は推定値であり実測下限の保証なし
777443,32,腕力,973,973,0,1,397,103,参考下端は推定値であり実測下限の保証なし
777433,31,腕力,941,941,0,1,154,346,参考下端は推定値であり実測下限の保証なし
777333,30,腕力,909,903,6,1,0,500,参考下端は推定値であり実測下限の保証なし
776633,32,腕力,980,980,0,1,166,334,参考下端は推定値であり実測下限の保証なし
776543,32,腕力,980,980,0,1,167,333,参考下端は推定値であり実測下限の保証なし
776533,31,腕力,948,948,0,1,137,363,参考下端は推定値であり実測下限の保証なし
776444,32,腕力,981,975,6,0,177,323,参考下端は推定値であり実測下限の保証なし
776443,31,腕力,949,949,0,1,325,175,参考下端は推定値であり実測下限の保証なし
776433,30,腕力,916,916,0,1,140,360,参考下端は推定値であり実測下限の保証なし
776333,29,腕力,884,877,7,1,0,500,参考下端は推定値であり実測下限の保証なし
775553,32,腕力,979,979,0,1,188,312,参考下端は推定値であり実測下限の保証なし
775544,32,腕力,980,980,0,0,331,169,参考下端は推定値であり実測下限の保証なし
775543,31,腕力,948,948,0,1,221,279,参考下端は推定値であり実測下限の保証なし
775533,30,腕力,915,915,0,1,137,363,参考下端は推定値であり実測下限の保証なし
775444,31,腕力,949,942,7,0,170,330,参考下端は推定値であり実測下限の保証なし
775443,30,腕力,916,916,0,1,319,181,参考下端は推定値であり実測下限の保証なし
775433,29,腕力,884,884,0,1,139,361,参考下端は推定値であり実測下限の保証なし
775333,28,腕力,851,845,6,1,0,500,参考下端は推定値であり実測下限の保証なし
774444,30,腕力,910,897,13,1,0,500,参考下端は推定値であり実測下限の保証なし
774443,29,腕力,884,877,7,1,186,314,参考下端は推定値であり実測下限の保証なし
774433,28,腕力,851,851,0,1,153,347,参考下端は推定値であり実測下限の保証なし
774333,27,腕力,818,812,6,1,0,500,参考下端は推定値であり実測下限の保証なし
773333,26,腕力,779,772,7,1,0,500,参考下端は推定値であり実測下限の保証なし
766643,32,腕力,988,988,0,1,320,180,参考下端は推定値であり実測下限の保証なし
766633,31,腕力,955,955,0,1,126,374,参考下端は推定値であり実測下限の保証なし
766553,32,腕力,986,986,0,1,263,237,参考下端は推定値であり実測下限の保証なし
766544,32,腕力,988,988,0,0,409,91,参考下端は推定値であり実測下限の保証なし
766543,31,腕力,955,955,0,1,167,333,参考下端は推定値であり実測下限の保証なし
766533,30,腕力,923,923,0,1,149,351,参考下端は推定値であり実測下限の保証なし
766444,31,腕力,956,949,7,0,116,384,参考下端は推定値であり実測下限の保証なし
766443,30,腕力,923,923,0,1,368,132,参考下端は推定値であり実測下限の保証なし
766433,29,腕力,890,890,0,1,143,357,参考下端は推定値であり実測下限の保証なし
766333,28,腕力,858,851,7,1,0,500,参考下端は推定値であり実測下限の保証なし
765554,32,腕力,986,986,0,1,184,316,参考下端は推定値であり実測下限の保証なし
765553,31,腕力,954,954,0,1,196,304,参考下端は推定値であり実測下限の保証なし
765544,31,腕力,955,955,0,0,319,181,参考下端は推定値であり実測下限の保証なし
765543,30,腕力,923,923,0,1,192,308,参考下端は推定値であり実測下限の保証なし
765533,29,腕力,890,890,0,1,133,367,参考下端は推定値であり実測下限の保証なし
765444,30,腕力,923,917,6,0,181,319,参考下端は推定値であり実測下限の保証なし
765443,29,腕力,890,890,0,1,319,181,参考下端は推定値であり実測下限の保証なし
765433,28,腕力,858,858,0,1,133,367,参考下端は推定値であり実測下限の保証なし
765333,27,腕力,825,818,7,1,0,500,参考下端は推定値であり実測下限の保証なし
764444,29,腕力,884,871,13,1,0,500,参考下端は推定値であり実測下限の保証なし
764443,28,腕力,858,851,7,1,190,310,参考下端は推定値であり実測下限の保証なし
764433,27,腕力,825,825,0,1,155,345,参考下端は推定値であり実測下限の保証なし
764333,26,腕力,792,785,7,1,0,500,参考下端は推定値であり実測下限の保証なし
763333,25,腕力,752,745,7,1,0,500,参考下端は推定値であり実測下限の保証なし
755555,32,腕力,979,966,13,1,19,481,参考下端は推定値であり実測下限の保証なし
755554,31,腕力,954,948,6,1,38,462,参考下端は推定値であり実測下限の保証なし
755553,30,腕力,922,915,7,1,44,456,参考下端は推定値であり実測下限の保証なし
755544,30,腕力,923,923,0,1,116,384,参考下端は推定値であり実測下限の保証なし
755543,29,腕力,890,890,0,1,176,324,参考下端は推定値であり実測下限の保証なし
755533,28,腕力,858,858,0,1,80,420,参考下端は推定値であり実測下限の保証なし
755444,29,腕力,890,884,6,0,134,366,参考下端は推定値であり実測下限の保証なし
755443,28,腕力,858,858,0,1,282,218,参考下端は推定値であり実測下限の保証なし
755433,27,腕力,825,825,0,1,126,374,参考下端は推定値であり実測下限の保証なし
755333,26,腕力,792,786,6,1,0,500,参考下端は推定値であり実測下限の保証なし
754444,28,腕力,851,838,13,1,0,500,参考下端は推定値であり実測下限の保証なし
754443,27,腕力,825,818,7,1,185,315,参考下端は推定値であり実測下限の保証なし
754433,26,腕力,792,792,0,1,139,361,参考下端は推定値であり実測下限の保証なし
754333,25,腕力,759,752,7,1,0,500,参考下端は推定値であり実測下限の保証なし
753333,24,腕力,719,712,7,1,0,500,参考下端は推定値であり実測下限の保証なし
744444,27,腕力,811,791,20,1,0,500,参考下端は推定値であり実測下限の保証なし
744443,26,腕力,784,771,13,1,0,500,参考下端は推定値であり実測下限の保証なし
744433,25,腕力,758,751,7,1,79,421,参考下端は推定値であり実測下限の保証なし
744333,24,腕力,724,718,6,1,0,500,参考下端は推定値であり実測下限の保証なし
743333,23,腕力,684,678,6,1,0,500,参考下端は推定値であり実測下限の保証なし
733333,22,腕力,645,631,14,1,0,500,参考下端は推定値であり実測下限の保証なし
666653,32,腕力,994,994,0,1,59,441,参考下端は推定値であり実測下限の保証なし
666644,32,腕力,995,995,0,0,11,489,参考下端は推定値であり実測下限の保証なし
666643,31,腕力,962,962,0,1,52,448,参考下端は推定値であり実測下限の保証なし
666633,30,腕力,930,930,0,1,22,478,参考下端は推定値であり実測下限の保証なし
666554,32,腕力,994,994,0,0,192,308,参考下端は推定値であり実測下限の保証なし
666553,31,腕力,962,962,0,1,184,316,参考下端は推定値であり実測下限の保証なし
666544,31,腕力,962,962,0,0,126,374,参考下端は推定値であり実測下限の保証なし
666543,30,腕力,930,930,0,1,304,196,参考下端は推定値であり実測下限の保証なし
666533,29,腕力,897,897,0,1,115,385,参考下端は推定値であり実測下限の保証なし
666444,30,腕力,930,924,6,0,16,484,参考下端は推定値であり実測下限の保証なし
666443,29,腕力,897,897,0,1,120,380,参考下端は推定値であり実測下限の保証なし
666433,28,腕力,864,864,0,1,93,407,参考下端は推定値であり実測下限の保証なし
666333,27,腕力,831,825,6,1,18,482,参考下端は推定値であり実測下限の保証なし
665555,32,腕力,993,986,7,1,52,448,参考下端は推定値であり実測下限の保証なし
665554,31,腕力,962,962,0,1,139,361,参考下端は推定値であり実測下限の保証なし
665553,30,腕力,929,929,0,1,129,371,参考下端は推定値であり実測下限の保証なし
665544,30,腕力,930,930,0,0,203,297,参考下端は推定値であり実測下限の保証なし
665543,29,腕力,897,897,0,1,294,206,参考下端は推定値であり実測下限の保証なし
665533,28,腕力,864,864,0,1,137,363,参考下端は推定値であり実測下限の保証なし
665444,29,腕力,897,891,6,0,87,413,参考下端は推定値であり実測下限の保証なし
665443,28,腕力,864,864,0,1,305,195,参考下端は推定値であり実測下限の保証なし
665433,27,腕力,831,831,0,1,162,338,参考下端は推定値であり実測下限の保証なし
665333,26,腕力,798,792,6,1,0,500,参考下端は推定値であり実測下限の保証なし
664444,28,腕力,857,844,13,1,0,500,参考下端は推定値であり実測下限の保証なし
664443,27,腕力,831,824,7,1,84,416,参考下端は推定値であり実測下限の保証なし
664433,26,腕力,798,798,0,1,113,387,参考下端は推定値であり実測下限の保証なし
664333,25,腕力,764,758,6,1,0,500,参考下端は推定値であり実測下限の保証なし
663333,24,腕力,724,718,6,1,0,500,参考下端は推定値であり実測下限の保証なし
655555,31,腕力,954,941,13,1,19,481,参考下端は推定値であり実測下限の保証なし
655554,30,腕力,929,923,6,1,58,442,参考下端は推定値であり実測下限の保証なし
655553,29,腕力,897,890,7,1,59,441,参考下端は推定値であり実測下限の保証なし
655544,29,腕力,897,897,0,1,100,400,参考下端は推定値であり実測下限の保証なし
655543,28,腕力,864,864,0,1,147,353,参考下端は推定値であり実測下限の保証なし
655533,27,腕力,831,831,0,1,76,424,参考下端は推定値であり実測下限の保証なし
655444,28,腕力,864,858,6,0,81,419,参考下端は推定値であり実測下限の保証なし
655443,27,腕力,831,831,0,1,244,256,参考下端は推定値であり実測下限の保証なし
655433,26,腕力,798,798,0,1,128,372,参考下端は推定値であり実測下限の保証なし
655333,25,腕力,765,759,6,1,0,500,参考下端は推定値であり実測下限の保証なし
654444,27,腕力,824,811,13,1,0,500,参考下端は推定値であり実測下限の保証なし
654443,26,腕力,798,791,7,1,174,326,参考下端は推定値であり実測下限の保証なし
654433,25,腕力,764,764,0,1,143,357,参考下端は推定値であり実測下限の保証なし
654333,24,腕力,731,724,7,1,0,500,参考下端は推定値であり実測下限の保証なし
653333,23,腕力,691,684,7,1,0,500,参考下端は推定値であり実測下限の保証なし
644444,26,腕力,783,763,20,1,0,500,参考下端は推定値であり実測下限の保証なし
644443,25,腕力,757,743,14,1,0,500,参考下端は推定値であり実測下限の保証なし
644433,24,腕力,730,723,7,1,57,443,参考下端は推定値であり実測下限の保証なし
644333,23,腕力,696,690,6,1,7,493,参考下端は推定値であり実測下限の保証なし
643333,22,腕力,656,649,7,1,0,500,参考下端は推定値であり実測下限の保証なし
633333,21,腕力,616,603,13,1,0,500,参考下端は推定値であり実測下限の保証なし
555555,30,腕力,915,896,19,1,1,499,参考下端は推定値であり実測下限の保証なし
555554,29,腕力,890,877,13,1,17,483,参考下端は推定値であり実測下限の保証なし
555553,28,腕力,858,845,13,1,19,481,参考下端は推定値であり実測下限の保証なし
555544,28,腕力,864,858,6,1,34,466,参考下端は推定値であり実測下限の保証なし
555543,27,腕力,831,825,6,1,65,435,参考下端は推定値であり実測下限の保証なし
555533,26,腕力,799,792,7,1,27,473,参考下端は推定値であり実測下限の保証なし
555444,27,腕力,831,825,6,1,32,468,参考下端は推定値であり実測下限の保証なし
555443,26,腕力,798,798,0,1,97,403,参考下端は推定値であり実測下限の保証なし
555433,25,腕力,765,765,0,1,76,424,参考下端は推定値であり実測下限の保証なし
555333,24,腕力,732,726,6,1,7,493,参考下端は推定値であり実測下限の保証なし
554444,26,腕力,791,778,13,1,0,500,参考下端は推定値であり実測下限の保証なし
554443,25,腕力,764,758,6,1,81,419,参考下端は推定値であり実測下限の保証なし
554433,24,腕力,731,731,0,1,106,394,参考下端は推定値であり実測下限の保証なし
554333,23,腕力,698,691,7,1,0,500,参考下端は推定値であり実測下限の保証なし
553333,22,腕力,658,651,7,1,0,500,参考下端は推定値であり実測下限の保証なし
544444,25,腕力,750,730,20,1,0,500,参考下端は推定値であり実測下限の保証なし
544443,24,腕力,723,710,13,1,0,500,参考下端は推定値であり実測下限の保証なし
544433,23,腕力,696,690,6,1,57,443,参考下端は推定値であり実測下限の保証なし
544333,22,腕力,663,656,7,1,9,491,参考下端は推定値であり実測下限の保証なし
543333,21,腕力,623,616,7,1,0,500,参考下端は推定値であり実測下限の保証なし
533333,20,腕力,582,569,13,1,0,500,参考下端は推定値であり実測下限の保証なし
444444,24,腕力,702,675,27,1,0,500,参考下端は推定値であり実測下限の保証なし
444443,23,腕力,681,661,20,1,0,500,参考下端は推定値であり実測下限の保証なし
444433,22,腕力,654,641,13,1,0,500,参考下端は推定値であり実測下限の保証なし
444333,21,腕力,627,614,13,1,12,488,参考下端は推定値であり実測下限の保証なし
443333,20,腕力,587,580,7,1,0,500,参考下端は推定値であり実測下限の保証なし
433333,19,腕力,546,533,13,1,0,500,参考下端は推定値であり実測下限の保証なし
333333,18,腕力,499,479,20,1,0,500,参考下端は推定値であり実測下限の保証なし
887333,32,耐久力,914,889,25,1,150,350,参考下端は推定値であり実測下限の保証なし
886433,32,耐久力,934,908,26,1,166,334,参考下端は推定値であり実測下限の保証なし
886333,31,耐久力,889,864,25,1,109,391,参考下端は推定値であり実測下限の保証なし
885533,32,耐久力,895,876,19,1,216,284,参考下端は推定値であり実測下限の保証なし
885443,32,耐久力,921,902,19,1,33,467,参考下端は推定値であり実測下限の保証なし
885433,31,耐久力,889,870,19,1,144,356,参考下端は推定値であり実測下限の保証なし
885333,30,耐久力,844,825,19,1,244,256,参考下端は推定値であり実測下限の保証なし
884444,32,耐久力,915,883,32,1,0,500,参考下端は推定値であり実測下限の保証なし
884443,31,耐久力,890,864,26,1,0,500,参考下端は推定値であり実測下限の保証なし
884433,30,耐久力,857,832,25,1,0,500,参考下端は推定値であり実測下限の保証なし
884333,29,耐久力,825,799,26,1,183,317,参考下端は推定値であり実測下限の保証なし
883333,28,耐久力,774,754,20,1,88,412,参考下端は推定値であり実測下限の保証なし
877433,32,耐久力,921,896,25,1,263,237,参考下端は推定値であり実測下限の保証なし
877333,31,耐久力,876,851,25,1,276,224,参考下端は推定値であり実測下限の保証なし
876533,32,耐久力,915,896,19,1,292,208,参考下端は推定値であり実測下限の保証なし
876443,32,耐久力,928,903,25,1,0,500,参考下端は推定値であり実測下限の保証なし
876433,31,耐久力,896,870,26,1,292,208,参考下端は推定値であり実測下限の保証なし
876333,30,耐久力,851,825,26,1,225,275,参考下端は推定値であり実測下限の保証なし
875543,32,耐久力,902,883,19,1,278,222,参考下端は推定値であり実測下限の保証なし
875533,31,耐久力,857,838,19,1,286,214,参考下端は推定値であり実測下限の保証なし
875444,32,耐久力,909,883,26,1,18,482,参考下端は推定値であり実測下限の保証なし
875443,31,耐久力,883,864,19,1,36,464,参考下端は推定値であり実測下限の保証なし
875433,30,耐久力,851,832,19,1,301,199,参考下端は推定値であり実測下限の保証なし
875333,29,耐久力,806,786,20,1,294,206,参考下端は推定値であり実測下限の保証なし
874444,31,耐久力,877,845,32,1,0,500,参考下端は推定値であり実測下限の保証なし
874443,30,耐久力,851,825,26,1,0,500,参考下端は推定値であり実測下限の保証なし
874433,29,耐久力,819,793,26,1,0,500,参考下端は推定値であり実測下限の保証なし
874333,28,耐久力,786,760,26,1,292,208,参考下端は推定値であり実測下限の保証なし
873333,27,耐久力,734,715,19,1,251,249,参考下端は推定値であり実測下限の保証なし
866633,32,耐久力,935,909,26,1,319,181,参考下端は推定値であり実測下限の保証なし
866543,32,耐久力,935,915,20,1,343,157,参考下端は推定値であり実測下限の保証なし
866533,31,耐久力,890,870,20,1,287,213,参考下端は推定値であり実測下限の保証なし
866444,32,耐久力,929,897,32,1,24,476,参考下端は推定値であり実測下限の保証なし
866443,31,耐久力,903,877,26,1,0,500,参考下端は推定値であり実測下限の保証なし
866433,30,耐久力,871,845,26,1,280,220,参考下端は推定値であり実測下限の保証なし
866333,29,耐久力,825,799,26,1,343,157,参考下端は推定値であり実測下限の保証なし
865553,32,耐久力,876,857,19,1,113,387,参考下端は推定値であり実測下限の保証なし
865544,32,耐久力,903,877,26,1,27,473,参考下端は推定値であり実測下限の保証なし
865543,31,耐久力,877,857,20,1,255,245,参考下端は推定値であり実測下限の保証なし
865533,30,耐久力,832,812,20,1,291,209,参考下端は推定値であり実測下限の保証なし
865444,31,耐久力,884,858,26,1,23,477,参考下端は推定値であり実測下限の保証なし
865443,30,耐久力,858,838,20,1,0,500,参考下端は推定値であり実測下限の保証なし
865433,29,耐久力,825,806,19,1,272,228,参考下端は推定値であり実測下限の保証なし
865333,28,耐久力,780,760,20,1,343,157,参考下端は推定値であり実測下限の保証なし
864444,30,耐久力,851,818,33,1,0,500,参考下端は推定値であり実測下限の保証なし
864443,29,耐久力,825,799,26,1,0,500,参考下端は推定値であり実測下限の保証なし
864433,28,耐久力,792,766,26,1,0,500,参考下端は推定値であり実測下限の保証なし
864333,27,耐久力,759,733,26,1,308,192,参考下端は推定値であり実測下限の保証なし
863333,26,耐久力,707,687,20,1,205,295,参考下端は推定値であり実測下限の保証なし
855554,32,耐久力,851,825,26,1,12,488,参考下端は推定値であり実測下限の保証なし
855553,31,耐久力,812,793,19,1,8,492,参考下端は推定値であり実測下限の保証なし
855544,31,耐久力,838,812,26,1,12,488,参考下端は推定値であり実測下限の保証なし
855543,30,耐久力,812,793,19,1,100,400,参考下端は推定値であり実測下限の保証なし
855533,29,耐久力,767,748,19,1,113,387,参考下端は推定値であり実測下限の保証なし
855444,30,耐久力,825,799,26,1,10,490,参考下端は推定値であり実測下限の保証なし
855443,29,耐久力,799,780,19,1,18,482,参考下端は推定値であり実測下限の保証なし
855433,28,耐久力,767,747,20,1,280,220,参考下端は推定値であり実測下限の保証なし
855333,27,耐久力,721,702,19,1,261,239,参考下端は推定値であり実測下限の保証なし
854444,29,耐久力,805,779,26,1,0,500,参考下端は推定値であり実測下限の保証なし
854443,28,耐久力,779,759,20,1,6,494,参考下端は推定値であり実測下限の保証なし
854433,27,耐久力,746,727,19,1,12,488,参考下端は推定値であり実測下限の保証なし
854333,26,耐久力,713,694,19,1,276,224,参考下端は推定値であり実測下限の保証なし
853333,25,耐久力,661,648,13,1,278,222,参考下端は推定値であり実測下限の保証なし
844444,28,耐久力,765,732,33,1,0,500,参考下端は推定値であり実測下限の保証なし
844443,27,耐久力,745,719,26,1,0,500,参考下端は推定値であり実測下限の保証なし
844433,26,耐久力,712,686,26,1,0,500,参考下端は推定値であり実測下限の保証なし
844333,25,耐久力,679,653,26,1,0,500,参考下端は推定値であり実測下限の保証なし
843333,24,耐久力,640,620,20,1,226,274,参考下端は推定値であり実測下限の保証なし
833333,23,耐久力,587,574,13,1,224,276,参考下端は推定値であり実測下限の保証なし
777533,32,耐久力,889,864,25,1,13,487,参考下端は推定値であり実測下限の保証なし
777443,32,耐久力,903,870,33,1,0,500,参考下端は推定値であり実測下限の保証なし
777433,31,耐久力,870,838,32,1,13,487,参考下端は推定値であり実測下限の保証なし
777333,30,耐久力,825,793,32,1,7,493,参考下端は推定値であり実測下限の保証なし
776633,32,耐久力,922,890,32,1,255,245,参考下端は推定値であり実測下限の保証なし
776543,32,耐久力,922,896,26,0,276,224,参考下端は推定値であり実測下限の保証なし
776533,31,耐久力,877,851,26,1,291,209,参考下端は推定値であり実測下限の保証なし
776444,32,耐久力,916,877,39,1,13,487,参考下端は推定値であり実測下限の保証なし
776443,31,耐久力,890,858,32,1,55,445,参考下端は推定値であり実測下限の保証なし
776433,30,耐久力,858,825,33,1,323,177,参考下端は推定値であり実測下限の保証なし
776333,29,耐久力,812,780,32,1,274,226,参考下端は推定値であり実測下限の保証なし
775553,32,耐久力,864,838,26,1,99,401,参考下端は推定値であり実測下限の保証なし
775544,32,耐久力,890,857,33,1,56,444,参考下端は推定値であり実測下限の保証なし
775543,31,耐久力,864,838,26,0,274,226,参考下端は推定値であり実測下限の保証なし
775533,30,耐久力,819,793,26,1,250,250,参考下端は推定値であり実測下限の保証なし
775444,31,耐久力,871,838,33,1,17,483,参考下端は推定値であり実測下限の保証なし
775443,30,耐久力,845,819,26,1,50,450,参考下端は推定値であり実測下限の保証なし
775433,29,耐久力,812,786,26,1,291,209,参考下端は推定値であり実測下限の保証なし
775333,28,耐久力,767,741,26,1,235,265,参考下端は推定値であり実測下限の保証なし
774444,30,耐久力,838,799,39,1,2,498,参考下端は推定値であり実測下限の保証なし
774443,29,耐久力,812,779,33,1,17,483,参考下端は推定値であり実測下限の保証なし
774433,28,耐久力,779,746,33,1,31,469,参考下端は推定値であり実測下限の保証なし
774333,27,耐久力,746,713,33,1,297,203,参考下端は推定値であり実測下限の保証なし
773333,26,耐久力,694,668,26,0,246,254,参考下端は推定値であり実測下限の保証なし
766643,32,耐久力,942,910,32,0,325,175,参考下端は推定値であり実測下限の保証なし
766633,31,耐久力,897,864,33,1,305,195,参考下端は推定値であり実測下限の保証なし
766553,32,耐久力,903,877,26,0,340,160,参考下端は推定値であり実測下限の保証なし
766544,32,耐久力,923,890,33,1,81,419,参考下端は推定値であり実測下限の保証なし
766543,31,耐久力,897,871,26,0,383,117,参考下端は推定値であり実測下限の保証なし
766533,30,耐久力,851,825,26,1,367,133,参考下端は推定値であり実測下限の保証なし
766444,31,耐久力,890,851,39,1,12,488,参考下端は推定値であり実測下限の保証なし
766443,30,耐久力,864,831,33,1,52,448,参考下端は推定値であり実測下限の保証なし
766433,29,耐久力,831,799,32,1,367,133,参考下端は推定値であり実測下限の保証なし
766333,28,耐久力,786,753,33,1,329,171,参考下端は推定値であり実測下限の保証なし
765554,32,耐久力,877,844,33,1,144,356,参考下端は推定値であり実測下限の保証なし
765553,31,耐久力,838,812,26,1,153,347,参考下端は推定値であり実測下限の保証なし
765544,31,耐久力,864,832,32,1,85,415,参考下端は推定値であり実測下限の保証なし
765543,30,耐久力,838,812,26,0,382,118,参考下端は推定値であり実測下限の保証なし
765533,29,耐久力,793,767,26,1,315,185,参考下端は推定値であり実測下限の保証なし
765444,30,耐久力,844,812,32,1,12,488,参考下端は推定値であり実測下限の保証なし
765443,29,耐久力,818,792,26,1,42,458,参考下端は推定値であり実測下限の保証なし
765433,28,耐久力,786,759,27,1,359,141,参考下端は推定値であり実測下限の保証なし
765333,27,耐久力,740,713,27,1,314,186,参考下端は推定値であり実測下限の保証なし
764444,29,耐久力,811,772,39,1,0,500,参考下端は推定値であり実測下限の保証なし
764443,28,耐久力,785,752,33,1,6,494,参考下端は推定値であり実測下限の保証なし
764433,27,耐久力,752,719,33,1,26,474,参考下端は推定値であり実測下限の保証なし
764333,26,耐久力,719,686,33,1,303,197,参考下端は推定値であり実測下限の保証なし
763333,25,耐久力,666,640,26,0,295,205,参考下端は推定値であり実測下限の保証なし
755555,32,耐久力,812,780,32,1,0,500,参考下端は推定値であり実測下限の保証なし
755554,31,耐久力,812,780,32,1,15,485,参考下端は推定値であり実測下限の保証なし
755553,30,耐久力,774,748,26,1,23,477,参考下端は推定値であり実測下限の保証なし
755544,30,耐久力,799,767,32,1,29,471,参考下端は推定値であり実測下限の保証なし
755543,29,耐久力,773,747,26,1,153,347,参考下端は推定値であり実測下限の保証なし
755533,28,耐久力,728,702,26,1,126,374,参考下端は推定値であり実測下限の保証なし
755444,29,耐久力,786,753,33,1,16,484,参考下端は推定値であり実測下限の保証なし
755443,28,耐久力,759,733,26,1,38,462,参考下端は推定値であり実測下限の保証なし
755433,27,耐久力,727,700,27,1,305,195,参考下端は推定値であり実測下限の保証なし
755333,26,耐久力,681,655,26,1,285,215,参考下端は推定値であり実測下限の保証なし
754444,28,耐久力,765,732,33,1,2,498,参考下端は推定値であり実測下限の保証なし
754443,27,耐久力,739,712,27,1,15,485,参考下端は推定値であり実測下限の保証なし
754433,26,耐久力,706,679,27,1,49,451,参考下端は推定値であり実測下限の保証なし
754333,25,耐久力,673,646,27,1,312,188,参考下端は推定値であり実測下限の保証なし
753333,24,耐久力,620,600,20,0,246,254,参考下端は推定値であり実測下限の保証なし
744444,27,耐久力,724,684,40,1,0,500,参考下端は推定値であり実測下限の保証なし
744443,26,耐久力,704,671,33,1,0,500,参考下端は推定値であり実測下限の保証なし
744433,25,耐久力,671,638,33,1,9,491,参考下端は推定値であり実測下限の保証なし
744333,24,耐久力,638,605,33,1,6,494,参考下端は推定値であり実測下限の保証なし
743333,23,耐久力,598,571,27,0,289,211,参考下端は推定値であり実測下限の保証なし
733333,22,耐久力,545,525,20,0,242,258,参考下端は推定値であり実測下限の保証なし
666653,32,耐久力,903,884,19,1,114,386,参考下端は推定値であり実測下限の保証なし
666644,32,耐久力,910,877,33,1,42,458,参考下端は推定値であり実測下限の保証なし
666643,31,耐久力,884,858,26,1,109,391,参考下端は推定値であり実測下限の保証なし
666633,30,耐久力,838,812,26,1,95,405,参考下端は推定値であり実測下限の保証なし
666554,32,耐久力,916,884,32,0,223,277,参考下端は推定値であり実測下限の保証なし
666553,31,耐久力,877,851,26,0,215,285,参考下端は推定値であり実測下限の保証なし
666544,31,耐久力,897,864,33,1,104,396,参考下端は推定値であり実測下限の保証なし
666543,30,耐久力,871,844,27,0,348,152,参考下端は推定値であり実測下限の保証なし
666533,29,耐久力,825,799,26,1,314,186,参考下端は推定値であり実測下限の保証なし
666444,30,耐久力,864,825,39,1,22,478,参考下端は推定値であり実測下限の保証なし
666443,29,耐久力,838,805,33,1,79,421,参考下端は推定値であり実測下限の保証なし
666433,28,耐久力,805,772,33,1,374,126,参考下端は推定値であり実測下限の保証なし
666333,27,耐久力,759,726,33,1,247,253,参考下端は推定値であり実測下限の保証なし
665555,32,耐久力,851,819,32,1,7,493,参考下端は推定値であり実測下限の保証なし
665554,31,耐久力,851,819,32,1,103,397,参考下端は推定値であり実測下限の保証なし
665553,30,耐久力,812,786,26,1,146,354,参考下端は推定値であり実測下限の保証なし
665544,30,耐久力,838,805,33,1,82,418,参考下端は推定値であり実測下限の保証なし
665543,29,耐久力,812,786,26,0,349,151,参考下端は推定値であり実測下限の保証なし
665533,28,耐久力,766,740,26,1,334,166,参考下端は推定値であり実測下限の保証なし
665444,29,耐久力,818,785,33,1,18,482,参考下端は推定値であり実測下限の保証なし
665443,28,耐久力,792,765,27,1,73,427,参考下端は推定値であり実測下限の保証なし
665433,27,耐久力,759,732,27,1,378,122,参考下端は推定値であり実測下限の保証なし
665333,26,耐久力,712,686,26,1,299,201,参考下端は推定値であり実測下限の保証なし
664444,28,耐久力,784,744,40,1,3,497,参考下端は推定値であり実測下限の保証なし
664443,27,耐久力,758,724,34,1,18,482,参考下端は推定値であり実測下限の保証なし
664433,26,耐久力,724,691,33,1,37,463,参考下端は推定値であり実測下限の保証なし
664333,25,耐久力,691,658,33,1,290,210,参考下端は推定値であり実測下限の保証なし
663333,24,耐久力,638,611,27,0,294,206,参考下端は推定値であり実測下限の保証なし
655555,31,耐久力,786,754,32,1,0,500,参考下端は推定値であり実測下限の保証なし
655554,30,耐久力,786,754,32,1,17,483,参考下端は推定値であり実測下限の保証なし
655553,29,耐久力,747,721,26,1,21,479,参考下端は推定値であり実測下限の保証なし
655544,29,耐久力,772,740,32,1,31,469,参考下端は推定値であり実測下限の保証なし
655543,28,耐久力,746,720,26,1,152,348,参考下端は推定値であり実測下限の保証なし
655533,27,耐久力,700,674,26,1,126,374,参考下端は推定値であり実測下限の保証なし
655444,28,耐久力,759,726,33,1,18,482,参考下端は推定値であり実測下限の保証なし
655443,27,耐久力,732,706,26,1,15,485,参考下端は推定値であり実測下限の保証なし
655433,26,耐久力,699,673,26,1,323,177,参考下端は推定値であり実測下限の保証なし
655333,25,耐久力,653,627,26,1,334,166,参考下端は推定値であり実測下限の保証なし
654444,27,耐久力,738,704,34,1,3,497,参考下端は推定値であり実測下限の保証なし
654443,26,耐久力,711,684,27,1,14,486,参考下端は推定値であり実測下限の保証なし
654433,25,耐久力,678,651,27,1,23,477,参考下端は推定値であり実測下限の保証なし
654333,24,耐久力,645,618,27,1,284,216,参考下端は推定値であり実測下限の保証なし
653333,23,耐久力,591,571,20,0,301,199,参考下端は推定値であり実測下限の保証なし
644444,26,耐久力,696,656,40,1,0,500,参考下端は推定値であり実測下限の保証なし
644443,25,耐久力,676,643,33,1,0,500,参考下端は推定値であり実測下限の保証なし
644433,24,耐久力,643,609,34,1,6,494,参考下端は推定値であり実測下限の保証なし
644333,23,耐久力,609,576,33,1,3,497,参考下端は推定値であり実測下限の保証なし
643333,22,耐久力,569,542,27,0,271,229,参考下端は推定値であり実測下限の保証なし
633333,21,耐久力,515,495,20,0,271,229,参考下端は推定値であり実測下限の保証なし
555555,30,耐久力,715,683,32,1,0,500,参考下端は推定値であり実測下限の保証なし
555554,29,耐久力,721,689,32,1,0,500,参考下端は推定値であり実測下限の保証なし
555553,28,耐久力,682,656,26,1,0,500,参考下端は推定値であり実測下限の保証なし
555544,28,耐久力,707,674,33,1,5,495,参考下端は推定値であり実測下限の保証なし
555543,27,耐久力,681,655,26,1,17,483,参考下端は推定値であり実測下限の保証なし
555533,26,耐久力,635,609,26,1,14,486,参考下端は推定値であり実測下限の保証なし
555444,27,耐久力,693,660,33,1,6,494,参考下端は推定値であり実測下限の保証なし
555443,26,耐久力,666,640,26,1,20,480,参考下端は推定値であり実測下限の保証なし
555433,25,耐久力,633,607,26,1,130,370,参考下端は推定値であり実測下限の保証なし
555333,24,耐久力,587,561,26,1,123,377,参考下端は推定値であり実測下限の保証なし
554444,26,耐久力,678,645,33,1,1,499,参考下端は推定値であり実測下限の保証なし
554443,25,耐久力,651,625,26,1,9,491,参考下端は推定値であり実測下限の保証なし
554433,24,耐久力,618,591,27,1,39,461,参考下端は推定値であり実測下限の保証なし
554333,23,耐久力,585,558,27,1,284,216,参考下端は推定値であり実測下限の保証なし
553333,22,耐久力,532,512,20,0,273,227,参考下端は推定値であり実測下限の保証なし
544444,25,耐久力,649,616,33,1,0,500,参考下端は推定値であり実測下限の保証なし
544443,24,耐久力,629,603,26,1,0,500,参考下端は推定値であり実測下限の保証なし
544433,23,耐久力,596,569,27,1,9,491,参考下端は推定値であり実測下限の保証なし
544333,22,耐久力,562,536,26,1,33,467,参考下端は推定値であり実測下限の保証なし
543333,21,耐久力,522,502,20,0,282,218,参考下端は推定値であり実測下限の保証なし
533333,20,耐久力,469,455,14,0,219,281,参考下端は推定値であり実測下限の保証なし
444444,24,耐久力,607,567,40,1,0,500,参考下端は推定値であり実測下限の保証なし
444443,23,耐久力,587,553,34,1,0,500,参考下端は推定値であり実測下限の保証なし
444433,22,耐久力,560,526,34,1,0,500,参考下端は推定値であり実測下限の保証なし
444333,21,耐久力,526,492,34,1,5,495,参考下端は推定値であり実測下限の保証なし
443333,20,耐久力,486,459,27,1,6,494,参考下端は推定値であり実測下限の保証なし
433333,19,耐久力,445,425,20,0,217,283,参考下端は推定値であり実測下限の保証なし
333333,18,耐久力,391,371,20,1,149,351,参考下端は推定値であり実測下限の保証なし
887333,32,器用さ,876,857,19,1,32,468,参考下端は推定値であり実測下限の保証なし
886433,32,器用さ,903,883,20,1,72,428,参考下端は推定値であり実測下限の保証なし
886333,31,器用さ,857,844,13,1,13,487,参考下端は推定値であり実測下限の保証なし
885533,32,器用さ,889,864,25,1,75,425,参考下端は推定値であり実測下限の保証なし
885443,32,器用さ,903,870,33,1,153,347,参考下端は推定値であり実測下限の保証なし
885433,31,器用さ,864,838,26,1,48,452,参考下端は推定値であり実測下限の保証なし
885333,30,器用さ,819,799,20,1,30,470,参考下端は推定値であり実測下限の保証なし
884444,32,器用さ,890,864,26,1,28,472,参考下端は推定値であり実測下限の保証なし
884443,31,器用さ,864,838,26,1,80,420,参考下端は推定値であり実測下限の保証なし
884433,30,器用さ,832,806,26,1,42,458,参考下端は推定値であり実測下限の保証なし
884333,29,器用さ,793,773,20,1,18,482,参考下端は推定値であり実測下限の保証なし
883333,28,器用さ,741,728,13,1,2,498,参考下端は推定値であり実測下限の保証なし
877433,32,器用さ,890,864,26,1,41,459,参考下端は推定値であり実測下限の保証なし
877333,31,器用さ,844,825,19,1,15,485,参考下端は推定値であり実測下限の保証なし
876533,32,器用さ,928,909,19,1,150,350,参考下端は推定値であり実測下限の保証なし
876443,32,器用さ,942,916,26,1,219,281,参考下端は推定値であり実測下限の保証なし
876433,31,器用さ,903,884,19,1,116,384,参考下端は推定値であり実測下限の保証なし
876333,30,器用さ,858,845,13,1,37,463,参考下端は推定値であり実測下限の保証なし
875543,32,器用さ,935,903,32,0,274,226,参考下端は推定値であり実測下限の保証なし
875533,31,器用さ,890,864,26,1,115,385,参考下端は推定値であり実測下限の保証なし
875444,32,器用さ,929,897,32,1,133,367,参考下端は推定値であり実測下限の保証なし
875443,31,器用さ,903,871,32,1,249,251,参考下端は推定値であり実測下限の保証なし
875433,30,器用さ,864,838,26,1,145,355,参考下端は推定値であり実測下限の保証なし
875333,29,器用さ,819,799,20,1,37,463,参考下端は推定値であり実測下限の保証なし
874444,31,器用さ,890,864,26,1,49,451,参考下端は推定値であり実測下限の保証なし
874443,30,器用さ,864,838,26,1,121,379,参考下端は推定値であり実測下限の保証なし
874433,29,器用さ,831,805,26,1,94,406,参考下端は推定値であり実測下限の保証なし
874333,28,器用さ,792,772,20,1,33,467,参考下端は推定値であり実測下限の保証なし
873333,27,器用さ,740,727,13,1,10,490,参考下端は推定値であり実測下限の保証なし
866633,32,器用さ,949,942,7,1,75,425,参考下端は推定値であり実測下限の保証なし
866543,32,器用さ,955,936,19,0,323,177,参考下端は推定値であり実測下限の保証なし
866533,31,器用さ,910,897,13,1,140,360,参考下端は推定値であり実測下限の保証なし
866444,32,器用さ,949,930,19,1,106,394,参考下端は推定値であり実測下限の保証なし
866443,31,器用さ,923,903,20,1,205,295,参考下端は推定値であり実測下限の保証なし
866433,30,器用さ,884,871,13,1,111,389,参考下端は推定値であり実測下限の保証なし
866333,29,器用さ,838,831,7,1,34,466,参考下端は推定値であり実測下限の保証なし
865553,32,器用さ,928,909,19,1,60,440,参考下端は推定値であり実測下限の保証なし
865544,32,器用さ,949,916,33,1,181,319,参考下端は推定値であり実測下限の保証なし
865543,31,器用さ,916,890,26,0,282,218,参考下端は推定値であり実測下限の保証なし
865533,30,器用さ,871,851,20,1,103,397,参考下端は推定値であり実測下限の保証なし
865444,31,器用さ,910,884,26,1,112,388,参考下端は推定値であり実測下限の保証なし
865443,30,器用さ,884,858,26,1,216,284,参考下端は推定値であり実測下限の保証なし
865433,29,器用さ,844,825,19,1,110,390,参考下端は推定値であり実測下限の保証なし
865333,28,器用さ,799,786,13,1,30,470,参考下端は推定値であり実測下限の保証なし
864444,30,器用さ,871,851,20,1,45,455,参考下端は推定値であり実測下限の保証なし
864443,29,器用さ,844,825,19,1,114,386,参考下端は推定値であり実測下限の保証なし
864433,28,器用さ,811,792,19,1,72,428,参考下端は推定値であり実測下限の保証なし
864333,27,器用さ,772,759,13,1,22,478,参考下端は推定値であり実測下限の保証なし
863333,26,器用さ,719,712,7,1,4,496,参考下端は推定値であり実測下限の保証なし
855554,32,器用さ,909,883,26,1,2,498,参考下端は推定値であり実測下限の保証なし
855553,31,器用さ,870,851,19,1,2,498,参考下端は推定値であり実測下限の保証なし
855544,31,器用さ,897,864,33,1,45,455,参考下端は推定値であり実測下限の保証なし
855543,30,器用さ,864,838,26,1,53,447,参考下端は推定値であり実測下限の保証なし
855533,29,器用さ,819,799,20,1,19,481,参考下端は推定値であり実測下限の保証なし
855444,30,器用さ,871,838,33,1,100,400,参考下端は推定値であり実測下限の保証なし
855443,29,器用さ,844,812,32,1,169,331,参考下端は推定値であり実測下限の保証なし
855433,28,器用さ,805,779,26,1,88,412,参考下端は推定値であり実測下限の保証なし
855333,27,器用さ,759,740,19,1,36,464,参考下端は推定値であり実測下限の保証なし
854444,29,器用さ,831,805,26,1,46,454,参考下端は推定値であり実測下限の保証なし
854443,28,器用さ,805,778,27,1,107,393,参考下端は推定値であり実測下限の保証なし
854433,27,器用さ,772,745,27,1,68,432,参考下端は推定値であり実測下限の保証なし
854333,26,器用さ,732,712,20,1,24,476,参考下端は推定値であり実測下限の保証なし
853333,25,器用さ,679,666,13,1,5,495,参考下端は推定値であり実測下限の保証なし
844444,28,器用さ,791,764,27,1,11,489,参考下端は推定値であり実測下限の保証なし
844443,27,器用さ,764,744,20,1,30,470,参考下端は推定値であり実測下限の保証なし
844433,26,器用さ,731,711,20,1,35,465,参考下端は推定値であり実測下限の保証なし
844333,25,器用さ,698,678,20,1,23,477,参考下端は推定値であり実測下限の保証なし
843333,24,器用さ,651,638,13,1,4,496,参考下端は推定値であり実測下限の保証なし
833333,23,器用さ,598,591,7,1,0,500,参考下端は推定値であり実測下限の保証なし
777533,32,器用さ,870,844,26,1,0,500,参考下端は推定値であり実測下限の保証なし
777443,32,器用さ,884,851,33,1,0,500,参考下端は推定値であり実測下限の保証なし
777433,31,器用さ,845,819,26,1,0,500,参考下端は推定値であり実測下限の保証なし
777333,30,器用さ,799,780,19,1,0,500,参考下端は推定値であり実測下限の保証なし
776633,32,器用さ,923,910,13,1,41,459,参考下端は推定値であり実測下限の保証なし
776543,32,器用さ,929,903,26,1,107,393,参考下端は推定値であり実測下限の保証なし
776533,31,器用さ,884,864,20,1,36,464,参考下端は推定値であり実測下限の保証なし
776444,32,器用さ,923,897,26,1,40,460,参考下端は推定値であり実測下限の保証なし
776443,31,器用さ,897,871,26,1,68,432,参考下端は推定値であり実測下限の保証なし
776433,30,器用さ,858,838,20,1,24,476,参考下端は推定値であり実測下限の保証なし
776333,29,器用さ,812,799,13,1,15,485,参考下端は推定値であり実測下限の保証なし
775553,32,器用さ,903,877,26,1,25,475,参考下端は推定値であり実測下限の保証なし
775544,32,器用さ,923,884,39,1,61,439,参考下端は推定値であり実測下限の保証なし
775543,31,器用さ,890,858,32,1,87,413,参考下端は推定値であり実測下限の保証なし
775533,30,器用さ,845,819,26,1,40,460,参考下端は推定値であり実測下限の保証なし
775444,31,器用さ,884,851,33,1,32,468,参考下端は推定値であり実測下限の保証なし
775443,30,器用さ,858,825,33,1,49,451,参考下端は推定値であり実測下限の保証なし
775433,29,器用さ,818,792,26,1,26,474,参考下端は推定値であり実測下限の保証なし
775333,28,器用さ,772,753,19,1,10,490,参考下端は推定値であり実測下限の保証なし
774444,30,器用さ,844,818,26,1,18,482,参考下端は推定値であり実測下限の保証なし
774443,29,器用さ,818,792,26,1,30,470,参考下端は推定値であり実測下限の保証なし
774433,28,器用さ,785,759,26,1,16,484,参考下端は推定値であり実測下限の保証なし
774333,27,器用さ,745,726,19,1,6,494,参考下端は推定値であり実測下限の保証なし
773333,26,器用さ,693,679,14,1,1,499,参考下端は推定値であり実測下限の保証なし
766643,32,器用さ,982,969,13,0,120,380,参考下端は推定値であり実測下限の保証なし
766633,31,器用さ,936,930,6,1,55,445,参考下端は推定値であり実測下限の保証なし
766553,32,器用さ,968,949,19,0,225,275,参考下端は推定値であり実測下限の保証なし
766544,32,器用さ,975,949,26,1,207,293,参考下端は推定値であり実測下限の保証なし
766543,31,器用さ,943,923,20,0,326,174,参考下端は推定値であり実測下限の保証なし
766533,30,器用さ,897,884,13,1,136,364,参考下端は推定値であり実測下限の保証なし
766444,31,器用さ,937,917,20,1,113,387,参考下端は推定値であり実測下限の保証なし
766443,30,器用さ,910,891,19,1,211,289,参考下端は推定値であり実測下限の保証なし
766433,29,器用さ,871,858,13,1,120,380,参考下端は推定値であり実測下限の保証なし
766333,28,器用さ,825,818,7,1,49,451,参考下端は推定値であり実測下限の保証なし
765554,32,器用さ,955,929,26,1,85,415,参考下端は推定値であり実測下限の保証なし
765553,31,器用さ,916,897,19,1,86,414,参考下端は推定値であり実測下限の保証なし
765544,31,器用さ,936,903,33,1,187,313,参考下端は推定値であり実測下限の保証なし
765543,30,器用さ,903,877,26,0,271,229,参考下端は推定値であり実測下限の保証なし
765533,29,器用さ,858,838,20,1,112,388,参考下端は推定値であり実測下限の保証なし
765444,30,器用さ,897,871,26,1,128,372,参考下端は推定値であり実測下限の保証なし
765443,29,器用さ,871,844,27,1,216,284,参考下端は推定値であり実測下限の保証なし
765433,28,器用さ,831,811,20,1,129,371,参考下端は推定値であり実測下限の保証なし
765333,27,器用さ,785,772,13,1,41,459,参考下端は推定値であり実測下限の保証なし
764444,29,器用さ,857,837,20,1,56,444,参考下端は推定値であり実測下限の保証なし
764443,28,器用さ,831,811,20,1,117,383,参考下端は推定値であり実測下限の保証なし
764433,27,器用さ,798,778,20,1,78,422,参考下端は推定値であり実測下限の保証なし
764333,26,器用さ,758,744,14,1,25,475,参考下端は推定値であり実測下限の保証なし
763333,25,器用さ,704,698,6,1,7,493,参考下端は推定値であり実測下限の保証なし
755555,32,器用さ,903,877,26,1,1,499,参考下端は推定値であり実測下限の保証なし
755554,31,器用さ,897,871,26,1,10,490,参考下端は推定値であり実測下限の保証なし
755553,30,器用さ,858,838,20,1,6,494,参考下端は推定値であり実測下限の保証なし
755544,30,器用さ,884,851,33,1,60,440,参考下端は推定値であり実測下限の保証なし
755543,29,器用さ,851,825,26,1,83,417,参考下端は推定値であり実測下限の保証なし
755533,28,器用さ,805,786,19,1,33,467,参考下端は推定値であり実測下限の保証なし
755444,29,器用さ,858,825,33,1,104,396,参考下端は推定値であり実測下限の保証なし
755443,28,器用さ,831,798,33,1,197,303,参考下端は推定値であり実測下限の保証なし
755433,27,器用さ,792,765,27,1,121,379,参考下端は推定値であり実測下限の保証なし
755333,26,器用さ,745,726,19,1,35,465,参考下端は推定値であり実測下限の保証なし
754444,28,器用さ,817,791,26,1,55,445,参考下端は推定値であり実測下限の保証なし
754443,27,器用さ,791,764,27,1,117,383,参考下端は推定値であり実測下限の保証なし
754433,26,器用さ,758,731,27,1,79,421,参考下端は推定値であり実測下限の保証なし
754333,25,器用さ,718,698,20,1,35,465,参考下端は推定値であり実測下限の保証なし
753333,24,器用さ,665,651,14,1,8,492,参考下端は推定値であり実測下限の保証なし
744444,27,器用さ,777,750,27,1,17,483,参考下端は推定値であり実測下限の保証なし
744443,26,器用さ,750,730,20,1,42,458,参考下端は推定値であり実測下限の保証なし
744433,25,器用さ,716,696,20,1,45,455,参考下端は推定値であり実測下限の保証なし
744333,24,器用さ,683,663,20,1,24,476,参考下端は推定値であり実測下限の保証なし
743333,23,器用さ,636,623,13,1,5,495,参考下端は推定値であり実測下限の保証なし
733333,22,器用さ,582,576,6,1,2,498,参考下端は推定値であり実測下限の保証なし
666653,32,器用さ,982,969,13,1,0,500,参考下端は推定値であり実測下限の保証なし
666644,32,器用さ,990,970,20,1,0,500,参考下端は推定値であり実測下限の保証なし
666643,31,器用さ,957,943,14,1,0,500,参考下端は推定値であり実測下限の保証なし
666633,30,器用さ,910,904,6,1,0,500,参考下端は推定値であり実測下限の保証なし
666554,32,器用さ,989,969,20,0,83,417,参考下端は推定値であり実測下限の保証なし
666553,31,器用さ,949,936,13,0,86,414,参考下端は推定値であり実測下限の保証なし
666544,31,器用さ,957,937,20,1,98,402,参考下端は推定値であり実測下限の保証なし
666543,30,器用さ,924,910,14,0,182,318,参考下端は推定値であり実測下限の保証なし
666533,29,器用さ,877,871,6,1,68,432,参考下端は推定値であり実測下限の保証なし
666444,30,器用さ,917,904,13,1,49,451,参考下端は推定値であり実測下限の保証なし
666443,29,器用さ,891,877,14,1,116,384,参考下端は推定値であり実測下限の保証なし
666433,28,器用さ,851,844,7,1,80,420,参考下端は推定値であり実測下限の保証なし
666333,27,器用さ,804,804,0,1,31,469,参考下端は推定値であり実測下限の保証なし
665555,32,器用さ,942,929,13,1,10,490,参考下端は推定値であり実測下限の保証なし
665554,31,器用さ,936,917,19,1,70,430,参考下端は推定値であり実測下限の保証なし
665553,30,器用さ,897,884,13,1,69,431,参考下端は推定値であり実測下限の保証なし
665544,30,器用さ,917,891,26,1,154,346,参考下端は推定値であり実測下限の保証なし
665543,29,器用さ,884,864,20,0,249,251,参考下端は推定値であり実測下限の保証なし
665533,28,器用さ,838,825,13,1,105,395,参考下端は推定値であり実測下限の保証なし
665444,29,器用さ,877,857,20,1,107,393,参考下端は推定値であり実測下限の保証なし
665443,28,器用さ,851,831,20,1,206,294,参考下端は推定値であり実測下限の保証なし
665433,27,器用さ,811,798,13,1,105,395,参考下端は推定値であり実測下限の保証なし
665333,26,器用さ,764,758,6,1,38,462,参考下端は推定値であり実測下限の保証なし
664444,28,器用さ,837,824,13,1,48,452,参考下端は推定値であり実測下限の保証なし
664443,27,器用さ,810,797,13,1,99,401,参考下端は推定値であり実測下限の保証なし
664433,26,器用さ,777,763,14,1,78,422,参考下端は推定値であり実測下限の保証なし
664333,25,器用さ,737,730,7,1,25,475,参考下端は推定値であり実測下限の保証なし
663333,24,器用さ,683,683,0,1,7,493,参考下端は推定値であり実測下限の保証なし
655555,31,器用さ,884,864,20,1,0,500,参考下端は推定値であり実測下限の保証なし
655554,30,器用さ,877,858,19,1,0,500,参考下端は推定値であり実測下限の保証なし
655553,29,器用さ,838,825,13,1,0,500,参考下端は推定値であり実測下限の保証なし
655544,29,器用さ,864,838,26,1,41,459,参考下端は推定値であり実測下限の保証なし
655543,28,器用さ,831,811,20,1,57,443,参考下端は推定値であり実測下限の保証なし
655533,27,器用さ,785,772,13,1,18,482,参考下端は推定値であり実測下限の保証なし
655444,28,器用さ,837,811,26,1,92,408,参考下端は推定値であり実測下限の保証なし
655443,27,器用さ,811,784,27,1,176,324,参考下端は推定値であり実測下限の保証なし
655433,26,器用さ,771,751,20,1,87,413,参考下端は推定値であり実測下限の保証なし
655333,25,器用さ,724,711,13,1,31,469,参考下端は推定値であり実測下限の保証なし
654444,27,器用さ,797,777,20,1,34,466,参考下端は推定値であり実測下限の保証なし
654443,26,器用さ,770,750,20,1,94,406,参考下端は推定値であり実測下限の保証なし
654433,25,器用さ,737,716,21,1,52,448,参考下端は推定値であり実測下限の保証なし
654333,24,器用さ,696,683,13,1,20,480,参考下端は推定値であり実測下限の保証なし
653333,23,器用さ,643,636,7,1,2,498,参考下端は推定値であり実測下限の保証なし
644444,26,器用さ,756,735,21,1,7,493,参考下端は推定値であり実測下限の保証なし
644443,25,器用さ,729,715,14,1,28,472,参考下端は推定値であり実測下限の保証なし
644433,24,器用さ,695,681,14,1,38,462,参考下端は推定値であり実測下限の保証なし
644333,23,器用さ,661,648,13,1,14,486,参考下端は推定値であり実測下限の保証なし
643333,22,器用さ,614,607,7,1,2,498,参考下端は推定値であり実測下限の保証なし
633333,21,器用さ,560,560,0,1,0,500,参考下端は推定値であり実測下限の保証なし
555555,30,器用さ,819,793,26,1,0,500,参考下端は推定値であり実測下限の保証なし
555554,29,器用さ,818,792,26,1,0,500,参考下端は推定値であり実測下限の保証なし
555553,28,器用さ,779,759,20,1,0,500,参考下端は推定値であり実測下限の保証なし
555544,28,器用さ,805,778,27,1,0,500,参考下端は推定値であり実測下限の保証なし
555543,27,器用さ,772,752,20,1,0,500,参考下端は推定値であり実測下限の保証なし
555533,26,器用さ,726,712,14,1,0,500,参考下端は推定値であり実測下限の保証なし
555444,27,器用さ,784,758,26,1,21,479,参考下端は推定値であり実測下限の保証なし
555443,26,器用さ,758,731,27,1,29,471,参考下端は推定値であり実測下限の保証なし
555433,25,器用さ,718,698,20,1,14,486,参考下端は推定値であり実測下限の保証なし
555333,24,器用さ,671,658,13,1,5,495,参考下端は推定値であり実測下限の保証なし
554444,26,器用さ,757,730,27,1,41,459,参考下端は推定値であり実測下限の保証なし
554443,25,器用さ,730,703,27,1,94,406,参考下端は推定値であり実測下限の保証なし
554433,24,器用さ,696,670,26,1,68,432,参考下端は推定値であり実測下限の保証なし
554333,23,器用さ,656,636,20,1,21,479,参考下端は推定値であり実測下限の保証なし
553333,22,器用さ,603,589,14,1,4,496,参考下端は推定値であり実測下限の保証なし
544444,25,器用さ,715,688,27,1,7,493,参考下端は推定値であり実測下限の保証なし
544443,24,器用さ,688,668,20,1,29,471,参考下端は推定値であり実測下限の保証なし
544433,23,器用さ,654,634,20,1,38,462,参考下端は推定値であり実測下限の保証なし
544333,22,器用さ,621,600,21,1,12,488,参考下端は推定値であり実測下限の保証なし
543333,21,器用さ,573,560,13,1,2,498,参考下端は推定値であり実測下限の保証なし
533333,20,器用さ,519,513,6,1,0,500,参考下端は推定値であり実測下限の保証なし
444444,24,器用さ,666,639,27,1,0,500,参考下端は推定値であり実測下限の保証なし
444443,23,器用さ,646,625,21,1,3,497,参考下端は推定値であり実測下限の保証なし
444433,22,器用さ,612,598,14,1,8,492,参考下端は推定値であり実測下限の保証なし
444333,21,器用さ,578,564,14,1,9,491,参考下端は推定値であり実測下限の保証なし
443333,20,器用さ,537,523,14,1,1,499,参考下端は推定値であり実測下限の保証なし
433333,19,器用さ,489,482,7,1,0,500,参考下端は推定値であり実測下限の保証なし
333333,18,器用さ,435,435,0,1,0,500,参考下端は推定値であり実測下限の保証なし
887333,32,知力,994,994,0,1,26,474,参考下端は推定値であり実測下限の保証なし
886433,32,知力,1002,1002,0,1,0,500,参考下端は推定値であり実測下限の保証なし
886333,31,知力,969,969,0,1,39,461,参考下端は推定値であり実測下限の保証なし
885533,32,知力,1001,1001,0,1,0,500,参考下端は推定値であり実測下限の保証なし
885443,32,知力,1002,1002,0,1,0,500,参考下端は推定値であり実測下限の保証なし
885433,31,知力,969,969,0,1,0,500,参考下端は推定値であり実測下限の保証なし
885333,30,知力,936,936,0,1,32,468,参考下端は推定値であり実測下限の保証なし
884444,32,知力,1003,996,7,1,0,500,参考下端は推定値であり実測下限の保証なし
884443,31,知力,970,970,0,1,0,500,参考下端は推定値であり実測下限の保証なし
884433,30,知力,937,937,0,1,0,500,参考下端は推定値であり実測下限の保証なし
884333,29,知力,904,904,0,1,0,500,参考下端は推定値であり実測下限の保証なし
883333,28,知力,871,864,7,1,0,500,参考下端は推定値であり実測下限の保証なし
877433,32,知力,995,995,0,1,177,323,参考下端は推定値であり実測下限の保証なし
877333,31,知力,962,962,0,1,34,466,参考下端は推定値であり実測下限の保証なし
876533,32,知力,1002,1002,0,1,72,428,参考下端は推定値であり実測下限の保証なし
876443,32,知力,1003,1003,0,1,0,500,参考下端は推定値であり実測下限の保証なし
876433,31,知力,970,970,0,1,59,441,参考下端は推定値であり実測下限の保証なし
876333,30,知力,937,937,0,1,95,405,参考下端は推定値であり実測下限の保証なし
875543,32,知力,1002,1002,0,1,54,446,参考下端は推定値であり実測下限の保証なし
875533,31,知力,969,969,0,1,36,464,参考下端は推定値であり実測下限の保証なし
875444,32,知力,1003,1003,0,1,59,441,参考下端は推定値であり実測下限の保証なし
875443,31,知力,970,970,0,1,0,500,参考下端は推定値であり実測下限の保証なし
875433,30,知力,937,937,0,1,36,464,参考下端は推定値であり実測下限の保証なし
875333,29,知力,904,904,0,1,120,380,参考下端は推定値であり実測下限の保証なし
874444,31,知力,970,964,6,1,52,448,参考下端は推定値であり実測下限の保証なし
874443,30,知力,937,937,0,1,50,450,参考下端は推定値であり実測下限の保証なし
874433,29,知力,904,904,0,1,78,422,参考下端は推定値であり実測下限の保証なし
874333,28,知力,871,871,0,1,77,423,参考下端は推定値であり実測下限の保証なし
873333,27,知力,837,831,6,1,0,500,参考下端は推定値であり実測下限の保証なし
866633,32,知力,1009,1009,0,1,72,428,参考下端は推定値であり実測下限の保証なし
866543,32,知力,1009,1009,0,1,54,446,参考下端は推定値であり実測下限の保証なし
866533,31,知力,976,976,0,1,36,464,参考下端は推定値であり実測下限の保証なし
866444,32,知力,1010,1010,0,1,78,422,参考下端は推定値であり実測下限の保証なし
866443,31,知力,977,977,0,1,126,374,参考下端は推定値であり実測下限の保証なし
866433,30,知力,944,944,0,1,63,437,参考下端は推定値であり実測下限の保証なし
866333,29,知力,911,911,0,1,53,447,参考下端は推定値であり実測下限の保証なし
865553,32,知力,1008,1008,0,1,212,288,参考下端は推定値であり実測下限の保証なし
865544,32,知力,1009,1009,0,1,30,470,参考下端は推定値であり実測下限の保証なし
865543,31,知力,976,976,0,1,0,500,参考下端は推定値であり実測下限の保証なし
865533,30,知力,943,943,0,1,54,446,参考下端は推定値であり実測下限の保証なし
865444,31,知力,977,977,0,1,23,477,参考下端は推定値であり実測下限の保証なし
865443,30,知力,944,944,0,1,0,500,参考下端は推定値であり実測下限の保証なし
865433,29,知力,911,911,0,1,0,500,参考下端は推定値であり実測下限の保証なし
865333,28,知力,877,877,0,1,85,415,参考下端は推定値であり実測下限の保証なし
864444,30,知力,944,938,6,1,30,470,参考下端は推定値であり実測下限の保証なし
864443,29,知力,911,911,0,1,22,478,参考下端は推定値であり実測下限の保証なし
864433,28,知力,877,877,0,1,39,461,参考下端は推定値であり実測下限の保証なし
864333,27,知力,844,844,0,1,62,438,参考下端は推定値であり実測下限の保証なし
863333,26,知力,810,804,6,1,0,500,参考下端は推定値であり実測下限の保証なし
855554,32,知力,1008,1008,0,1,108,392,参考下端は推定値であり実測下限の保証なし
855553,31,知力,975,975,0,1,72,428,参考下端は推定値であり実測下限の保証なし
855544,31,知力,976,976,0,1,52,448,参考下端は推定値であり実測下限の保証なし
855543,30,知力,943,943,0,1,96,404,参考下端は推定値であり実測下限の保証なし
855533,29,知力,910,910,0,1,192,308,参考下端は推定値であり実測下限の保証なし
855444,30,知力,944,944,0,1,54,446,参考下端は推定値であり実測下限の保証なし
855443,29,知力,911,911,0,1,0,500,参考下端は推定値であり実測下限の保証なし
855433,28,知力,877,877,0,1,59,441,参考下端は推定値であり実測下限の保証なし
855333,27,知力,844,844,0,1,95,405,参考下端は推定値であり実測下限の保証なし
854444,29,知力,911,904,7,1,40,460,参考下端は推定値であり実測下限の保証なし
854443,28,知力,877,877,0,1,0,500,参考下端は推定値であり実測下限の保証なし
854433,27,知力,844,844,0,1,0,500,参考下端は推定値であり実測下限の保証なし
854333,26,知力,810,810,0,1,28,472,参考下端は推定値であり実測下限の保証なし
853333,25,知力,777,770,7,1,0,500,参考下端は推定値であり実測下限の保証なし
844444,28,知力,877,864,13,1,70,430,参考下端は推定値であり実測下限の保証なし
844443,27,知力,843,837,6,1,32,468,参考下端は推定値であり実測下限の保証なし
844433,26,知力,810,810,0,1,68,432,参考下端は推定値であり実測下限の保証なし
844333,25,知力,776,776,0,1,34,466,参考下端は推定値であり実測下限の保証なし
843333,24,知力,742,735,7,1,0,500,参考下端は推定値であり実測下限の保証なし
833333,23,知力,702,688,14,1,0,500,参考下端は推定値であり実測下限の保証なし
777533,32,知力,975,969,6,1,66,434,参考下端は推定値であり実測下限の保証なし
777443,32,知力,976,970,6,1,111,389,参考下端は推定値であり実測下限の保証なし
777433,31,知力,943,937,6,1,60,440,参考下端は推定値であり実測下限の保証なし
777333,30,知力,910,904,6,1,12,488,参考下端は推定値であり実測下限の保証なし
776633,32,知力,1003,1003,0,1,96,404,参考下端は推定値であり実測下限の保証なし
776543,32,知力,1003,1003,0,1,365,135,参考下端は推定値であり実測下限の保証なし
776533,31,知力,970,970,0,1,219,281,参考下端は推定値であり実測下限の保証なし
776444,32,知力,1004,1004,0,1,251,249,参考下端は推定値であり実測下限の保証なし
776443,31,知力,970,970,0,1,321,179,参考下端は推定値であり実測下限の保証なし
776433,30,知力,937,937,0,1,200,300,参考下端は推定値であり実測下限の保証なし
776333,29,知力,904,904,0,1,59,441,参考下端は推定値であり実測下限の保証なし
775553,32,知力,1002,1002,0,1,94,406,参考下端は推定値であり実測下限の保証なし
775544,32,知力,1003,1003,0,0,223,277,参考下端は推定値であり実測下限の保証なし
775543,31,知力,970,970,0,1,287,213,参考下端は推定値であり実測下限の保証なし
775533,30,知力,937,937,0,1,177,323,参考下端は推定値であり実測下限の保証なし
775444,31,知力,970,970,0,1,256,244,参考下端は推定値であり実測下限の保証なし
775443,30,知力,937,937,0,1,304,196,参考下端は推定値であり実測下限の保証なし
775433,29,知力,904,904,0,1,197,303,参考下端は推定値であり実測下限の保証なし
775333,28,知力,871,871,0,1,55,445,参考下端は推定値であり実測下限の保証なし
774444,30,知力,938,931,7,1,143,357,参考下端は推定値であり実測下限の保証なし
774443,29,知力,904,904,0,1,282,218,参考下端は推定値であり実測下限の保証なし
774433,28,知力,871,871,0,1,186,314,参考下端は推定値であり実測下限の保証なし
774333,27,知力,837,837,0,1,46,454,参考下端は推定値であり実測下限の保証なし
773333,26,知力,804,797,7,1,9,491,参考下端は推定値であり実測下限の保証なし
766643,32,知力,1010,1010,0,1,97,403,参考下端は推定値であり実測下限の保証なし
766633,31,知力,977,977,0,1,42,458,参考下端は推定値であり実測下限の保証なし
766553,32,知力,1009,1009,0,1,189,311,参考下端は推定値であり実測下限の保証なし
766544,32,知力,1010,1010,0,0,334,166,参考下端は推定値であり実測下限の保証なし
766543,31,知力,977,977,0,1,342,158,参考下端は推定値であり実測下限の保証なし
766533,30,知力,944,944,0,1,155,345,参考下端は推定値であり実測下限の保証なし
766444,31,知力,978,978,0,1,236,264,参考下端は推定値であり実測下限の保証なし
766443,30,知力,944,944,0,1,318,182,参考下端は推定値であり実測下限の保証なし
766433,29,知力,911,911,0,1,156,344,参考下端は推定値であり実測下限の保証なし
766333,28,知力,877,877,0,1,35,465,参考下端は推定値であり実測下限の保証なし
765554,32,知力,1009,1009,0,0,208,292,参考下端は推定値であり実測下限の保証なし
765553,31,知力,976,976,0,1,136,364,参考下端は推定値であり実測下限の保証なし
765544,31,知力,977,977,0,0,310,190,参考下端は推定値であり実測下限の保証なし
765543,30,知力,944,944,0,1,338,162,参考下端は推定値であり実測下限の保証なし
765533,29,知力,911,911,0,1,162,338,参考下端は推定値であり実測下限の保証なし
765444,30,知力,944,944,0,1,215,285,参考下端は推定値であり実測下限の保証なし
765443,29,知力,911,911,0,1,252,248,参考下端は推定値であり実測下限の保証なし
765433,28,知力,877,877,0,1,249,251,参考下端は推定値であり実測下限の保証なし
765333,27,知力,844,844,0,1,77,423,参考下端は推定値であり実測下限の保証なし
764444,29,知力,911,904,7,1,156,344,参考下端は推定値であり実測下限の保証なし
764443,28,知力,877,877,0,1,231,269,参考下端は推定値であり実測下限の保証なし
764433,27,知力,843,843,0,1,174,326,参考下端は推定値であり実測下限の保証なし
764333,26,知力,810,810,0,1,58,442,参考下端は推定値であり実測下限の保証なし
763333,25,知力,776,769,7,1,6,494,参考下端は推定値であり実測下限の保証なし
755555,32,知力,1002,995,7,1,4,496,参考下端は推定値であり実測下限の保証なし
755554,31,知力,976,976,0,0,57,443,参考下端は推定値であり実測下限の保証なし
755553,30,知力,943,943,0,1,66,434,参考下端は推定値であり実測下限の保証なし
755544,30,知力,944,944,0,0,248,252,参考下端は推定値であり実測下限の保証なし
755543,29,知力,911,911,0,1,284,216,参考下端は推定値であり実測下限の保証なし
755533,28,知力,877,877,0,1,114,386,参考下端は推定値であり実測下限の保証なし
755444,29,知力,911,911,0,1,276,224,参考下端は推定値であり実測下限の保証なし
755443,28,知力,877,877,0,1,252,248,参考下端は推定値であり実測下限の保証なし
755433,27,知力,844,844,0,1,249,251,参考下端は推定値であり実測下限の保証なし
755333,26,知力,810,810,0,1,38,462,参考下端は推定値であり実測下限の保証なし
754444,28,知力,877,870,7,1,162,338,参考下端は推定値であり実測下限の保証なし
754443,27,知力,843,843,0,1,197,303,参考下端は推定値であり実測下限の保証なし
754433,26,知力,810,810,0,1,156,344,参考下端は推定値であり実測下限の保証なし
754333,25,知力,776,776,0,1,68,432,参考下端は推定値であり実測下限の保証なし
753333,24,知力,742,735,7,1,3,497,参考下端は推定値であり実測下限の保証なし
744444,27,知力,843,829,14,1,81,419,参考下端は推定値であり実測下限の保証なし
744443,26,知力,809,802,7,1,168,332,参考下端は推定値であり実測下限の保証なし
744433,25,知力,775,775,0,1,149,351,参考下端は推定値であり実測下限の保証なし
744333,24,知力,741,741,0,1,57,443,参考下端は推定値であり実測下限の保証なし
743333,23,知力,707,700,7,1,0,500,参考下端は推定値であり実測下限の保証なし
733333,22,知力,666,652,14,1,0,500,参考下端は推定値であり実測下限の保証なし
666653,32,知力,1010,1010,0,1,0,500,参考下端は推定値であり実測下限の保証なし
666644,32,知力,1011,1011,0,1,0,500,参考下端は推定値であり実測下限の保証なし
666643,31,知力,978,978,0,1,0,500,参考下端は推定値であり実測下限の保証なし
666633,30,知力,944,944,0,1,0,500,参考下端は推定値であり実測下限の保証なし
666554,32,知力,1017,1017,0,0,67,433,参考下端は推定値であり実測下限の保証なし
666553,31,知力,984,984,0,1,82,418,参考下端は推定値であり実測下限の保証なし
666544,31,知力,984,984,0,0,167,333,参考下端は推定値であり実測下限の保証なし
666543,30,知力,951,951,0,1,199,301,参考下端は推定値であり実測下限の保証なし
666533,29,知力,917,917,0,1,77,423,参考下端は推定値であり実測下限の保証なし
666444,30,知力,951,951,0,1,61,439,参考下端は推定値であり実測下限の保証なし
666443,29,知力,918,918,0,1,158,342,参考下端は推定値であり実測下限の保証なし
666433,28,知力,884,884,0,1,57,443,参考下端は推定値であり実測下限の保証なし
666333,27,知力,850,850,0,1,17,483,参考下端は推定値であり実測下限の保証なし
665555,32,知力,1016,1016,0,0,24,476,参考下端は推定値であり実測下限の保証なし
665554,31,知力,984,984,0,0,120,380,参考下端は推定値であり実測下限の保証なし
665553,30,知力,950,950,0,1,104,396,参考下端は推定値であり実測下限の保証なし
665544,30,知力,951,951,0,0,330,170,参考下端は推定値であり実測下限の保証なし
665543,29,知力,917,917,0,1,429,71,参考下端は推定値であり実測下限の保証なし
665533,28,知力,884,884,0,1,117,383,参考下端は推定値であり実測下限の保証なし
665444,29,知力,918,918,0,1,276,224,参考下端は推定値であり実測下限の保証なし
665443,28,知力,884,884,0,1,252,248,参考下端は推定値であり実測下限の保証なし
665433,27,知力,850,850,0,1,249,251,参考下端は推定値であり実測下限の保証なし
665333,26,知力,816,816,0,1,42,458,参考下端は推定値であり実測下限の保証なし
664444,28,知力,884,877,7,1,142,358,参考下端は推定値であり実測下限の保証なし
664443,27,知力,850,850,0,1,229,271,参考下端は推定値であり実測下限の保証なし
664433,26,知力,816,816,0,1,180,320,参考下端は推定値であり実測下限の保証なし
664333,25,知力,782,782,0,1,47,453,参考下端は推定値であり実測下限の保証なし
663333,24,知力,748,741,7,1,9,491,参考下端は推定値であり実測下限の保証なし
655555,31,知力,976,970,6,1,10,490,参考下端は推定値であり実測下限の保証なし
655554,30,知力,950,950,0,0,52,448,参考下端は推定値であり実測下限の保証なし
655553,29,知力,917,917,0,1,86,414,参考下端は推定値であり実測下限の保証なし
655544,29,知力,917,917,0,0,309,191,参考下端は推定値であり実測下限の保証なし
655543,28,知力,884,884,0,1,328,172,参考下端は推定値であり実測下限の保証なし
655533,27,知力,850,850,0,1,81,419,参考下端は推定値であり実測下限の保証なし
655444,28,知力,884,884,0,1,248,252,参考下端は推定値であり実測下限の保証なし
655443,27,知力,850,850,0,1,252,248,参考下端は推定値であり実測下限の保証なし
655433,26,知力,816,816,0,1,249,251,参考下端は推定値であり実測下限の保証なし
655333,25,知力,783,783,0,1,56,444,参考下端は推定値であり実測下限の保証なし
654444,27,知力,850,843,7,1,164,336,参考下端は推定値であり実測下限の保証なし
654443,26,知力,816,816,0,1,110,390,参考下端は推定値であり実測下限の保証なし
654433,25,知力,782,782,0,1,156,344,参考下端は推定値であり実測下限の保証なし
654333,24,知力,748,748,0,1,90,410,参考下端は推定値であり実測下限の保証なし
653333,23,知力,714,707,7,1,0,500,参考下端は推定値であり実測下限の保証なし
644444,26,知力,815,801,14,1,92,408,参考下端は推定値であり実測下限の保証なし
644443,25,知力,780,774,6,1,140,360,参考下端は推定値であり実測下限の保証なし
644433,24,知力,746,746,0,1,165,335,参考下端は推定値であり実測下限の保証なし
644333,23,知力,712,712,0,1,70,430,参考下端は推定値であり実測下限の保証なし
643333,22,知力,678,671,7,1,0,500,参考下端は推定値であり実測下限の保証なし
633333,21,知力,637,623,14,1,0,500,参考下端は推定値であり実測下限の保証なし
555555,30,知力,937,924,13,1,0,500,参考下端は推定値であり実測下限の保証なし
555554,29,知力,911,904,7,1,11,489,参考下端は推定値であり実測下限の保証なし
555553,28,知力,877,871,6,1,13,487,参考下端は推定値であり実測下限の保証なし
555544,28,知力,884,884,0,0,41,459,参考下端は推定値であり実測下限の保証なし
555543,27,知力,850,850,0,1,75,425,参考下端は推定値であり実測下限の保証なし
555533,26,知力,817,817,0,1,47,453,参考下端は推定値であり実測下限の保証なし
555444,27,知力,850,850,0,1,208,292,参考下端は推定値であり実測下限の保証なし
555443,26,知力,816,816,0,1,304,196,参考下端は推定値であり実測下限の保証なし
555433,25,知力,783,783,0,1,156,344,参考下端は推定値であり実測下限の保証なし
555333,24,知力,749,749,0,1,24,476,参考下端は推定値であり実測下限の保証なし
554444,26,知力,816,809,7,1,156,344,参考下端は推定値であり実測下限の保証なし
554443,25,知力,782,782,0,1,237,263,参考下端は推定値であり実測下限の保証なし
554433,24,知力,748,748,0,1,174,326,参考下端は推定値であり実測下限の保証なし
554333,23,知力,714,714,0,1,58,442,参考下端は推定値であり実測下限の保証なし
553333,22,知力,680,673,7,1,3,497,参考下端は推定値であり実測下限の保証なし
544444,25,知力,780,767,13,1,94,406,参考下端は推定値であり実測下限の保証なし
544443,24,知力,746,739,7,1,157,343,参考下端は推定値であり実測下限の保証なし
544433,23,知力,712,712,0,1,165,335,参考下端は推定値であり実測下限の保証なし
544333,22,知力,678,678,0,1,85,415,参考下端は推定値であり実測下限の保証なし
543333,21,知力,643,637,6,1,0,500,参考下端は推定値であり実測下限の保証なし
533333,20,知力,602,589,13,1,0,500,参考下端は推定値であり実測下限の保証なし
444444,24,知力,745,724,21,1,47,453,参考下端は推定値であり実測下限の保証なし
444443,23,知力,710,696,14,1,94,406,参考下端は推定値であり実測下限の保証なし
444433,22,知力,676,669,7,1,88,412,参考下端は推定値であり実測下限の保証なし
444333,21,知力,641,641,0,1,35,465,参考下端は推定値であり実測下限の保証なし
443333,20,知力,607,600,7,1,0,500,参考下端は推定値であり実測下限の保証なし
433333,19,知力,565,552,13,1,0,500,参考下端は推定値であり実測下限の保証なし
333333,18,知力,524,503,21,1,0,500,参考下端は推定値であり実測下限の保証なし
887333,32,魅力,994,994,0,0,332,168,参考下端は推定値であり実測下限の保証なし
886433,32,魅力,1002,1002,0,0,444,56,参考下端は推定値であり実測下限の保証なし
886333,31,魅力,969,969,0,0,392,108,参考下端は推定値であり実測下限の保証なし
885533,32,魅力,1001,1001,0,1,168,332,参考下端は推定値であり実測下限の保証なし
885443,32,魅力,1002,1002,0,1,236,264,参考下端は推定値であり実測下限の保証なし
885433,31,魅力,969,969,0,1,276,224,参考下端は推定値であり実測下限の保証なし
885333,30,魅力,936,936,0,1,224,276,参考下端は推定値であり実測下限の保証なし
884444,32,魅力,1003,1003,0,0,171,329,参考下端は推定値であり実測下限の保証なし
884443,31,魅力,970,970,0,0,160,340,参考下端は推定値であり実測下限の保証なし
884433,30,魅力,937,937,0,0,388,112,参考下端は推定値であり実測下限の保証なし
884333,29,魅力,904,904,0,0,336,164,参考下端は推定値であり実測下限の保証なし
883333,28,魅力,871,871,0,0,420,80,参考下端は推定値であり実測下限の保証なし
877433,32,魅力,995,995,0,0,444,56,参考下端は推定値であり実測下限の保証なし
877333,31,魅力,962,962,0,0,336,164,参考下端は推定値であり実測下限の保証なし
876533,32,魅力,1002,1002,0,1,336,164,参考下端は推定値であり実測下限の保証なし
876443,32,魅力,1003,1003,0,0,356,144,参考下端は推定値であり実測下限の保証なし
876433,31,魅力,970,970,0,0,444,56,参考下端は推定値であり実測下限の保証なし
876333,30,魅力,937,937,0,0,500,0,参考下端は推定値であり実測下限の保証なし
875543,32,魅力,1002,1002,0,1,144,356,参考下端は推定値であり実測下限の保証なし
875533,31,魅力,969,969,0,1,168,332,参考下端は推定値であり実測下限の保証なし
875444,32,魅力,1003,1003,0,1,187,313,参考下端は推定値であり実測下限の保証なし
875443,31,魅力,970,970,0,1,236,264,参考下端は推定値であり実測下限の保証なし
875433,30,魅力,937,937,0,1,276,224,参考下端は推定値であり実測下限の保証なし
875333,29,魅力,904,904,0,1,332,168,参考下端は推定値であり実測下限の保証なし
874444,31,魅力,970,970,0,0,182,318,参考下端は推定値であり実測下限の保証なし
874443,30,魅力,937,937,0,0,300,200,参考下端は推定値であり実測下限の保証なし
874433,29,魅力,904,904,0,0,388,112,参考下端は推定値であり実測下限の保証なし
874333,28,魅力,871,871,0,0,444,56,参考下端は推定値であり実測下限の保証なし
873333,27,魅力,837,837,0,0,420,80,参考下端は推定値であり実測下限の保証なし
866633,32,魅力,1009,1009,0,0,500,0,参考下端は推定値であり実測下限の保証なし
866543,32,魅力,1009,1009,0,1,284,216,参考下端は推定値であり実測下限の保証なし
866533,31,魅力,976,976,0,1,336,164,参考下端は推定値であり実測下限の保証なし
866444,32,魅力,1010,1010,0,0,287,213,参考下端は推定値であり実測下限の保証なし
866443,31,魅力,977,977,0,0,356,144,参考下端は推定値であり実測下限の保証なし
866433,30,魅力,944,944,0,0,444,56,参考下端は推定値であり実測下限の保証なし
866333,29,魅力,911,911,0,0,500,0,参考下端は推定値であり実測下限の保証なし
865553,32,魅力,1008,1008,0,1,96,404,参考下端は推定値であり実測下限の保証なし
865544,32,魅力,1009,1009,0,1,135,365,参考下端は推定値であり実測下限の保証なし
865543,31,魅力,976,976,0,1,144,356,参考下端は推定値であり実測下限の保証なし
865533,30,魅力,943,943,0,1,168,332,参考下端は推定値であり実測下限の保証なし
865444,31,魅力,977,977,0,1,187,313,参考下端は推定値であり実測下限の保証なし
865443,30,魅力,944,944,0,1,236,264,参考下端は推定値であり実測下限の保証なし
865433,29,魅力,911,911,0,1,276,224,参考下端は推定値であり実測下限の保証なし
865333,28,魅力,877,877,0,1,332,168,参考下端は推定値であり実測下限の保証なし
864444,30,魅力,944,944,0,0,210,290,参考下端は推定値であり実測下限の保証なし
864443,29,魅力,911,911,0,0,300,200,参考下端は推定値であり実測下限の保証なし
864433,28,魅力,877,877,0,0,388,112,参考下端は推定値であり実測下限の保証なし
864333,27,魅力,844,844,0,0,444,56,参考下端は推定値であり実測下限の保証なし
863333,26,魅力,810,810,0,0,500,0,参考下端は推定値であり実測下限の保証なし
855554,32,魅力,1008,1008,0,1,103,397,参考下端は推定値であり実測下限の保証なし
855553,31,魅力,975,975,0,1,120,380,参考下端は推定値であり実測下限の保証なし
855544,31,魅力,976,976,0,1,60,440,参考下端は推定値であり実測下限の保証なし
855543,30,魅力,943,943,0,1,0,500,参考下端は推定値であり実測下限の保証なし
855533,29,魅力,910,910,0,1,112,388,参考下端は推定値であり実測下限の保証なし
855444,30,魅力,944,944,0,1,120,380,参考下端は推定値であり実測下限の保証なし
855443,29,魅力,911,911,0,1,0,500,参考下端は推定値であり実測下限の保証なし
855433,28,魅力,877,877,0,1,0,500,参考下端は推定値であり実測下限の保証なし
855333,27,魅力,844,844,0,1,168,332,参考下端は推定値であり実測下限の保証なし
854444,29,魅力,911,911,0,1,120,380,参考下端は推定値であり実測下限の保証なし
854443,28,魅力,877,877,0,1,140,360,参考下端は推定値であり実測下限の保証なし
854433,27,魅力,844,844,0,1,0,500,参考下端は推定値であり実測下限の保証なし
854333,26,魅力,810,810,0,1,108,392,参考下端は推定値であり実測下限の保証なし
853333,25,魅力,777,777,0,1,290,210,参考下端は推定値であり実測下限の保証なし
844444,28,魅力,877,877,0,1,107,393,参考下端は推定値であり実測下限の保証なし
844443,27,魅力,843,843,0,0,224,276,参考下端は推定値であり実測下限の保証なし
844433,26,魅力,810,810,0,0,332,168,参考下端は推定値であり実測下限の保証なし
844333,25,魅力,776,776,0,0,392,108,参考下端は推定値であり実測下限の保証なし
843333,24,魅力,742,742,0,0,430,70,参考下端は推定値であり実測下限の保証なし
833333,23,魅力,708,708,0,0,392,108,参考下端は推定値であり実測下限の保証なし
777533,32,魅力,995,995,0,1,340,160,参考下端は推定値であり実測下限の保証なし
777443,32,魅力,996,996,0,0,344,156,参考下端は推定値であり実測下限の保証なし
777433,31,魅力,963,963,0,0,362,138,参考下端は推定値であり実測下限の保証なし
777333,30,魅力,930,930,0,0,414,86,参考下端は推定値であり実測下限の保証なし
776633,32,魅力,1003,1003,0,0,500,0,参考下端は推定値であり実測下限の保証なし
776543,32,魅力,1003,1003,0,1,284,216,参考下端は推定値であり実測下限の保証なし
776533,31,魅力,970,970,0,1,336,164,参考下端は推定値であり実測下限の保証なし
776444,32,魅力,1004,1004,0,0,320,180,参考下端は推定値であり実測下限の保証なし
776443,31,魅力,970,970,0,0,356,144,参考下端は推定値であり実測下限の保証なし
776433,30,魅力,937,937,0,0,444,56,参考下端は推定値であり実測下限の保証なし
776333,29,魅力,904,904,0,0,500,0,参考下端は推定値であり実測下限の保証なし
775553,32,魅力,1002,1002,0,1,240,260,参考下端は推定値であり実測下限の保証なし
775544,32,魅力,1003,1003,0,1,244,256,参考下端は推定値であり実測下限の保証なし
775543,31,魅力,970,970,0,1,144,356,参考下端は推定値であり実測下限の保証なし
775533,30,魅力,937,937,0,1,168,332,参考下端は推定値であり実測下限の保証なし
775444,31,魅力,970,970,0,1,324,176,参考下端は推定値であり実測下限の保証なし
775443,30,魅力,937,937,0,1,236,264,参考下端は推定値であり実測下限の保証なし
775433,29,魅力,904,904,0,1,276,224,参考下端は推定値であり実測下限の保証なし
775333,28,魅力,871,871,0,1,332,168,参考下端は推定値であり実測下限の保証なし
774444,30,魅力,938,938,0,0,127,373,参考下端は推定値であり実測下限の保証なし
774443,29,魅力,904,904,0,0,300,200,参考下端は推定値であり実測下限の保証なし
774433,28,魅力,871,871,0,0,388,112,参考下端は推定値であり実測下限の保証なし
774333,27,魅力,837,837,0,0,444,56,参考下端は推定値であり実測下限の保証なし
773333,26,魅力,804,804,0,0,239,261,参考下端は推定値であり実測下限の保証なし
766643,32,魅力,1010,1010,0,0,428,72,参考下端は推定値であり実測下限の保証なし
766633,31,魅力,977,977,0,0,500,0,参考下端は推定値であり実測下限の保証なし
766553,32,魅力,1009,1009,0,1,192,308,参考下端は推定値であり実測下限の保証なし
766544,32,魅力,1010,1010,0,1,240,260,参考下端は推定値であり実測下限の保証なし
766543,31,魅力,977,977,0,1,284,216,参考下端は推定値であり実測下限の保証なし
766533,30,魅力,944,944,0,1,336,164,参考下端は推定値であり実測下限の保証なし
766444,31,魅力,978,978,0,0,287,213,参考下端は推定値であり実測下限の保証なし
766443,30,魅力,944,944,0,0,356,144,参考下端は推定値であり実測下限の保証なし
766433,29,魅力,911,911,0,0,444,56,参考下端は推定値であり実測下限の保証なし
766333,28,魅力,877,877,0,0,500,0,参考下端は推定値であり実測下限の保証なし
765554,32,魅力,1009,1009,0,1,81,419,参考下端は推定値であり実測下限の保証なし
765553,31,魅力,976,976,0,1,96,404,参考下端は推定値であり実測下限の保証なし
765544,31,魅力,977,977,0,1,135,365,参考下端は推定値であり実測下限の保証なし
765543,30,魅力,944,944,0,1,144,356,参考下端は推定値であり実測下限の保証なし
765533,29,魅力,911,911,0,1,168,332,参考下端は推定値であり実測下限の保証なし
765444,30,魅力,944,944,0,1,187,313,参考下端は推定値であり実測下限の保証なし
765443,29,魅力,911,911,0,1,236,264,参考下端は推定値であり実測下限の保証なし
765433,28,魅力,877,877,0,1,276,224,参考下端は推定値であり実測下限の保証なし
765333,27,魅力,844,844,0,1,332,168,参考下端は推定値であり実測下限の保証なし
764444,29,魅力,911,911,0,0,255,245,参考下端は推定値であり実測下限の保証なし
764443,28,魅力,877,877,0,0,300,200,参考下端は推定値であり実測下限の保証なし
764433,27,魅力,843,843,0,0,388,112,参考下端は推定値であり実測下限の保証なし
764333,26,魅力,810,810,0,0,444,56,参考下端は推定値であり実測下限の保証なし
763333,25,魅力,776,776,0,0,500,0,参考下端は推定値であり実測下限の保証なし
755555,32,魅力,1008,1002,6,1,5,495,参考下端は推定値であり実測下限の保証なし
755554,31,魅力,976,976,0,1,130,370,参考下端は推定値であり実測下限の保証なし
755553,30,魅力,943,943,0,1,136,364,参考下端は推定値であり実測下限の保証なし
755544,30,魅力,944,944,0,1,166,334,参考下端は推定値であり実測下限の保証なし
755543,29,魅力,911,911,0,1,0,500,参考下端は推定値であり実測下限の保証なし
755533,28,魅力,877,877,0,1,168,332,参考下端は推定値であり実測下限の保証なし
755444,29,魅力,911,911,0,1,176,324,参考下端は推定値であり実測下限の保証なし
755443,28,魅力,877,877,0,1,0,500,参考下端は推定値であり実測下限の保証なし
755433,27,魅力,844,844,0,1,0,500,参考下端は推定値であり実測下限の保証なし
755333,26,魅力,810,810,0,1,168,332,参考下端は推定値であり実測下限の保証なし
754444,28,魅力,877,877,0,1,254,246,参考下端は推定値であり実測下限の保証なし
754443,27,魅力,843,843,0,1,140,360,参考下端は推定値であり実測下限の保証なし
754433,26,魅力,810,810,0,1,0,500,参考下端は推定値であり実測下限の保証なし
754333,25,魅力,776,776,0,1,108,392,参考下端は推定値であり実測下限の保証なし
753333,24,魅力,742,742,0,1,290,210,参考下端は推定値であり実測下限の保証なし
744444,27,魅力,843,843,0,1,80,420,参考下端は推定値であり実測下限の保証なし
744443,26,魅力,809,809,0,0,256,244,参考下端は推定値であり実測下限の保証なし
744433,25,魅力,775,775,0,0,332,168,参考下端は推定値であり実測下限の保証なし
744333,24,魅力,741,741,0,0,392,108,参考下端は推定値であり実測下限の保証なし
743333,23,魅力,707,707,0,0,430,70,参考下端は推定値であり実測下限の保証なし
733333,22,魅力,673,673,0,0,192,308,参考下端は推定値であり実測下限の保証なし
666653,32,魅力,1017,1017,0,1,332,168,参考下端は推定値であり実測下限の保証なし
666644,32,魅力,1018,1018,0,0,358,142,参考下端は推定値であり実測下限の保証なし
666643,31,魅力,984,984,0,0,428,72,参考下端は推定値であり実測下限の保証なし
666633,30,魅力,951,951,0,0,500,0,参考下端は推定値であり実測下限の保証なし
666554,32,魅力,1017,1017,0,1,174,326,参考下端は推定値であり実測下限の保証なし
666553,31,魅力,984,984,0,1,192,308,参考下端は推定値であり実測下限の保証なし
666544,31,魅力,984,984,0,1,240,260,参考下端は推定値であり実測下限の保証なし
666543,30,魅力,951,951,0,1,284,216,参考下端は推定値であり実測下限の保証なし
666533,29,魅力,917,917,0,1,336,164,参考下端は推定値であり実測下限の保証なし
666444,30,魅力,951,951,0,0,287,213,参考下端は推定値であり実測下限の保証なし
666443,29,魅力,918,918,0,0,356,144,参考下端は推定値であり実測下限の保証なし
666433,28,魅力,884,884,0,0,444,56,参考下端は推定値であり実測下限の保証なし
666333,27,魅力,850,850,0,0,500,0,参考下端は推定値であり実測下限の保証なし
665555,32,魅力,1016,1016,0,1,105,395,参考下端は推定値であり実測下限の保証なし
665554,31,魅力,984,984,0,1,81,419,参考下端は推定値であり実測下限の保証なし
665553,30,魅力,950,950,0,1,96,404,参考下端は推定値であり実測下限の保証なし
665544,30,魅力,951,951,0,1,135,365,参考下端は推定値であり実測下限の保証なし
665543,29,魅力,917,917,0,1,144,356,参考下端は推定値であり実測下限の保証なし
665533,28,魅力,884,884,0,1,168,332,参考下端は推定値であり実測下限の保証なし
665444,29,魅力,918,918,0,1,187,313,参考下端は推定値であり実測下限の保証なし
665443,28,魅力,884,884,0,1,236,264,参考下端は推定値であり実測下限の保証なし
665433,27,魅力,850,850,0,1,276,224,参考下端は推定値であり実測下限の保証なし
665333,26,魅力,816,816,0,1,332,168,参考下端は推定値であり実測下限の保証なし
664444,28,魅力,884,884,0,0,255,245,参考下端は推定値であり実測下限の保証なし
664443,27,魅力,850,850,0,0,300,200,参考下端は推定値であり実測下限の保証なし
664433,26,魅力,816,816,0,0,388,112,参考下端は推定値であり実測下限の保証なし
664333,25,魅力,782,782,0,0,444,56,参考下端は推定値であり実測下限の保証なし
663333,24,魅力,748,748,0,0,500,0,参考下端は推定値であり実測下限の保証なし
655555,31,魅力,983,976,7,1,9,491,参考下端は推定値であり実測下限の保証なし
655554,30,魅力,950,950,0,1,142,358,参考下端は推定値であり実測下限の保証なし
655553,29,魅力,917,917,0,1,160,340,参考下端は推定値であり実測下限の保証なし
655544,29,魅力,917,917,0,1,102,398,参考下端は推定値であり実測下限の保証なし
655543,28,魅力,884,884,0,1,0,500,参考下端は推定値であり実測下限の保証なし
655533,27,魅力,850,850,0,1,112,388,参考下端は推定値であり実測下限の保証なし
655444,28,魅力,884,884,0,1,120,380,参考下端は推定値であり実測下限の保証なし
655443,27,魅力,850,850,0,1,0,500,参考下端は推定値であり実測下限の保証なし
655433,26,魅力,816,816,0,1,0,500,参考下端は推定値であり実測下限の保証なし
655333,25,魅力,783,783,0,1,168,332,参考下端は推定値であり実測下限の保証なし
654444,27,魅力,850,850,0,1,157,343,参考下端は推定値であり実測下限の保証なし
654443,26,魅力,816,816,0,1,140,360,参考下端は推定値であり実測下限の保証なし
654433,25,魅力,782,782,0,1,0,500,参考下端は推定値であり実測下限の保証なし
654333,24,魅力,748,748,0,1,108,392,参考下端は推定値であり実測下限の保証なし
653333,23,魅力,714,714,0,1,290,210,参考下端は推定値であり実測下限の保証なし
644444,26,魅力,815,815,0,1,83,417,参考下端は推定値であり実測下限の保証なし
644443,25,魅力,780,780,0,0,224,276,参考下端は推定値であり実測下限の保証なし
644433,24,魅力,746,746,0,0,332,168,参考下端は推定値であり実測下限の保証なし
644333,23,魅力,712,712,0,0,392,108,参考下端は推定値であり実測下限の保証なし
643333,22,魅力,678,678,0,0,430,70,参考下端は推定値であり実測下限の保証なし
633333,21,魅力,643,643,0,0,392,108,参考下端は推定値であり実測下限の保証なし
555555,30,魅力,950,937,13,1,3,497,参考下端は推定値であり実測下限の保証なし
555554,29,魅力,917,911,6,1,14,486,参考下端は推定値であり実測下限の保証なし
555553,28,魅力,884,877,7,1,14,486,参考下端は推定値であり実測下限の保証なし
555544,28,魅力,884,884,0,1,95,405,参考下端は推定値であり実測下限の保証なし
555543,27,魅力,850,850,0,1,0,500,参考下端は推定値であり実測下限の保証なし
555533,26,魅力,817,817,0,1,140,360,参考下端は推定値であり実測下限の保証なし
555444,27,魅力,850,850,0,1,105,395,参考下端は推定値であり実測下限の保証なし
555443,26,魅力,816,816,0,1,0,500,参考下端は推定値であり実測下限の保証なし
555433,25,魅力,783,783,0,1,0,500,参考下端は推定値であり実測下限の保証なし
555333,24,魅力,749,749,0,1,0,500,参考下端は推定値であり実測下限の保証なし
554444,26,魅力,816,816,0,1,165,335,参考下端は推定値であり実測下限の保証なし
554443,25,魅力,782,782,0,1,0,500,参考下端は推定値であり実測下限の保証なし
554433,24,魅力,748,748,0,1,0,500,参考下端は推定値であり実測下限の保証なし
554333,23,魅力,714,714,0,1,0,500,参考下端は推定値であり実測下限の保証なし
553333,22,魅力,680,680,0,1,150,350,参考下端は推定値であり実測下限の保証なし
544444,25,魅力,780,780,0,1,65,435,参考下端は推定値であり実測下限の保証なし
544443,24,魅力,746,746,0,1,109,391,参考下端は推定値であり実測下限の保証なし
544433,23,魅力,712,712,0,1,0,500,参考下端は推定値であり実測下限の保証なし
544333,22,魅力,678,678,0,1,0,500,参考下端は推定値であり実測下限の保証なし
543333,21,魅力,643,643,0,1,10,490,参考下端は推定値であり実測下限の保証なし
533333,20,魅力,609,609,0,1,224,276,参考下端は推定値であり実測下限の保証なし
444444,24,魅力,745,745,0,1,22,478,参考下端は推定値であり実測下限の保証なし
444443,23,魅力,710,710,0,1,105,395,参考下端は推定値であり実測下限の保証なし
444433,22,魅力,676,676,0,0,252,248,参考下端は推定値であり実測下限の保証なし
444333,21,魅力,641,641,0,0,388,112,参考下端は推定値であり実測下限の保証なし
443333,20,魅力,607,607,0,0,430,70,参考下端は推定値であり実測下限の保証なし
433333,19,魅力,572,572,0,0,336,164,参考下端は推定値であり実測下限の保証なし
333333,18,魅力,538,538,0,0,49,451,参考下端は推定値であり実測下限の保証なし
887333,32,土属性,962,942,20,1,29,471,参考下端は推定値であり実測下限の保証なし
886433,32,土属性,969,949,20,1,125,375,参考下端は推定値であり実測下限の保証なし
886333,31,土属性,917,897,20,1,15,485,参考下端は推定値であり実測下限の保証なし
885533,32,土属性,955,929,26,1,0,500,参考下端は推定値であり実測下限の保証なし
885443,32,土属性,989,956,33,0,347,153,参考下端は推定値であり実測下限の保証なし
885433,31,土属性,949,923,26,1,151,349,参考下端は推定値であり実測下限の保証なし
885333,30,土属性,897,871,26,1,30,470,参考下端は推定値であり実測下限の保証なし
884444,32,土属性,970,937,33,0,132,368,参考下端は推定値であり実測下限の保証なし
884443,31,土属性,957,924,33,0,326,174,参考下端は推定値であり実測下限の保証なし
884433,30,土属性,917,891,26,1,138,362,参考下端は推定値であり実測下限の保証なし
884333,29,土属性,871,851,20,1,27,473,参考下端は推定値であり実測下限の保証なし
883333,28,土属性,818,798,20,1,3,497,参考下端は推定値であり実測下限の保証なし
877433,32,土属性,975,956,19,1,173,327,参考下端は推定値であり実測下限の保証なし
877333,31,土属性,923,903,20,1,52,448,参考下端は推定値であり実測下限の保証なし
876533,32,土属性,962,943,19,1,122,378,参考下端は推定値であり実測下限の保証なし
876443,32,土属性,976,957,19,0,385,115,参考下端は推定値であり実測下限の保証なし
876433,31,土属性,937,924,13,1,122,378,参考下端は推定値であり実測下限の保証なし
876333,30,土属性,884,871,13,1,17,483,参考下端は推定値であり実測下限の保証なし
875543,32,土属性,969,949,20,1,0,500,参考下端は推定値であり実測下限の保証なし
875533,31,土属性,923,903,20,1,0,500,参考下端は推定値であり実測下限の保証なし
875444,32,土属性,983,957,26,0,343,157,参考下端は推定値であり実測下限の保証なし
875443,31,土属性,957,930,27,0,357,143,参考下端は推定値であり実測下限の保証なし
875433,30,土属性,917,897,20,1,154,346,参考下端は推定値であり実測下限の保証なし
875333,29,土属性,864,844,20,1,29,471,参考下端は推定値であり実測下限の保証なし
874444,31,土属性,937,911,26,0,162,338,参考下端は推定値であり実測下限の保証なし
874443,30,土属性,924,897,27,0,334,166,参考下端は推定値であり実測下限の保証なし
874433,29,土属性,884,864,20,1,128,372,参考下端は推定値であり実測下限の保証なし
874333,28,土属性,837,824,13,1,20,480,参考下端は推定値であり実測下限の保証なし
873333,27,土属性,784,771,13,1,3,497,参考下端は推定値であり実測下限の保証なし
866633,32,土属性,930,910,20,1,34,466,参考下端は推定値であり実測下限の保証なし
866543,32,土属性,963,943,20,0,221,279,参考下端は推定値であり実測下限の保証なし
866533,31,土属性,917,897,20,1,101,399,参考下端は推定値であり実測下限の保証なし
866444,32,土属性,957,937,20,0,194,306,参考下端は推定値であり実測下限の保証なし
866443,31,土属性,931,911,20,0,227,273,参考下端は推定値であり実測下限の保証なし
866433,30,土属性,891,877,14,1,82,418,参考下端は推定値であり実測下限の保証なし
866333,29,土属性,837,824,13,1,24,476,参考下端は推定値であり実測下限の保証なし
865553,32,土属性,923,897,26,1,0,500,参考下端は推定値であり実測下限の保証なし
865544,32,土属性,950,930,20,1,0,500,参考下端は推定値であり実測下限の保証なし
865543,31,土属性,924,904,20,1,0,500,参考下端は推定値であり実測下限の保証なし
865533,30,土属性,877,858,19,1,0,500,参考下端は推定値であり実測下限の保証なし
865444,31,土属性,937,911,26,0,329,171,参考下端は推定値であり実測下限の保証なし
865443,30,土属性,911,884,27,0,379,121,参考下端は推定値であり実測下限の保証なし
865433,29,土属性,871,851,20,1,124,376,参考下端は推定値であり実測下限の保証なし
865333,28,土属性,817,798,19,1,23,477,参考下端は推定値であり実測下限の保証なし
864444,30,土属性,891,864,27,0,192,308,参考下端は推定値であり実測下限の保証なし
864443,29,土属性,877,850,27,0,368,132,参考下端は推定値であり実測下限の保証なし
864433,28,土属性,837,817,20,1,138,362,参考下端は推定値であり実測下限の保証なし
864333,27,土属性,790,777,13,1,15,485,参考下端は推定値であり実測下限の保証なし
863333,26,土属性,737,723,14,1,0,500,参考下端は推定値であり実測下限の保証なし
855554,32,土属性,910,884,26,1,0,500,参考下端は推定値であり実測下限の保証なし
855553,31,土属性,877,844,33,1,0,500,参考下端は推定値であり実測下限の保証なし
855544,31,土属性,904,877,27,1,0,500,参考下端は推定値であり実測下限の保証なし
855543,30,土属性,877,851,26,1,0,500,参考下端は推定値であり実測下限の保証なし
855533,29,土属性,831,805,26,1,0,500,参考下端は推定値であり実測下限の保証なし
855444,30,土属性,897,871,26,1,15,485,参考下端は推定値であり実測下限の保証なし
855443,29,土属性,871,844,27,1,0,500,参考下端は推定値であり実測下限の保証なし
855433,28,土属性,831,811,20,1,0,500,参考下端は推定値であり実測下限の保証なし
855333,27,土属性,778,758,20,1,0,500,参考下端は推定値であり実測下限の保証なし
854444,29,土属性,871,837,34,0,186,314,参考下端は推定値であり実測下限の保証なし
854443,28,土属性,857,824,33,0,347,153,参考下端は推定値であり実測下限の保証なし
854433,27,土属性,817,790,27,1,142,358,参考下端は推定値であり実測下限の保証なし
854333,26,土属性,770,750,20,1,30,470,参考下端は推定値であり実測下限の保証なし
853333,25,土属性,716,696,20,1,3,497,参考下端は推定値であり実測下限の保証なし
844444,28,土属性,823,789,34,0,47,453,参考下端は推定値であり実測下限の保証なし
844443,27,土属性,810,776,34,0,247,253,参考下端は推定値であり実測下限の保証なし
844433,26,土属性,783,756,27,1,139,361,参考下端は推定値であり実測下限の保証なし
844333,25,土属性,735,715,20,1,15,485,参考下端は推定値であり実測下限の保証なし
843333,24,土属性,688,675,13,1,2,498,参考下端は推定値であり実測下限の保証なし
833333,23,土属性,634,621,13,1,0,500,参考下端は推定値であり実測下限の保証なし
777533,32,土属性,949,923,26,1,40,460,参考下端は推定値であり実測下限の保証なし
777443,32,土属性,963,937,26,1,84,416,参考下端は推定値であり実測下限の保証なし
777433,31,土属性,924,904,20,1,19,481,参考下端は推定値であり実測下限の保証なし
777333,30,土属性,871,851,20,1,4,496,参考下端は推定値であり実測下限の保証なし
776633,32,土属性,943,930,13,1,118,382,参考下端は推定値であり実測下限の保証なし
776543,32,土属性,970,950,20,0,362,138,参考下端は推定値であり実測下限の保証なし
776533,31,土属性,924,904,20,1,177,323,参考下端は推定値であり実測下限の保証なし
776444,32,土属性,964,944,20,0,240,260,参考下端は推定値であり実測下限の保証なし
776443,31,土属性,937,917,20,0,371,129,参考下端は推定値であり実測下限の保証なし
776433,30,土属性,897,884,13,1,170,330,参考下端は推定値であり実測下限の保証なし
776333,29,土属性,844,831,13,1,49,451,参考下端は推定値であり実測下限の保証なし
775553,32,土属性,930,903,27,1,4,496,参考下端は推定値であり実測下限の保証なし
775544,32,土属性,957,937,20,1,40,460,参考下端は推定値であり実測下限の保証なし
775543,31,土属性,930,910,20,1,11,489,参考下端は推定値であり実測下限の保証なし
775533,30,土属性,884,864,20,1,1,499,参考下端は推定値であり実測下限の保証なし
775444,31,土属性,944,917,27,0,241,259,参考下端は推定値であり実測下限の保証なし
775443,30,土属性,917,891,26,0,357,143,参考下端は推定値であり実測下限の保証なし
775433,29,土属性,877,857,20,1,173,327,参考下端は推定値であり実測下限の保証なし
775333,28,土属性,824,804,20,1,47,453,参考下端は推定値であり実測下限の保証なし
774444,30,土属性,897,871,26,0,98,402,参考下端は推定値であり実測下限の保証なし
774443,29,土属性,884,857,27,0,288,212,参考下端は推定値であり実測下限の保証なし
774433,28,土属性,844,824,20,1,160,340,参考下端は推定値であり実測下限の保証なし
774333,27,土属性,797,783,14,1,44,456,参考下端は推定値であり実測下限の保証なし
773333,26,土属性,743,730,13,1,9,491,参考下端は推定値であり実測下限の保証なし
766643,32,土属性,944,931,13,1,91,409,参考下端は推定値であり実測下限の保証なし
766633,31,土属性,897,884,13,1,58,442,参考下端は推定値であり実測下限の保証なし
766553,32,土属性,937,924,13,1,9,491,参考下端は推定値であり実測下限の保証なし
766544,32,土属性,957,944,13,0,215,285,参考下端は推定値であり実測下限の保証なし
766543,31,土属性,931,917,14,0,202,298,参考下端は推定値であり実測下限の保証なし
766533,30,土属性,884,871,13,1,93,407,参考下端は推定値であり実測下限の保証なし
766444,31,土属性,924,911,13,0,164,336,参考下端は推定値であり実測下限の保証なし
766443,30,土属性,897,884,13,0,236,264,参考下端は推定値であり実測下限の保証なし
766433,29,土属性,857,850,7,1,94,406,参考下端は推定値であり実測下限の保証なし
766333,28,土属性,804,797,7,1,26,474,参考下端は推定値であり実測下限の保証なし
765554,32,土属性,924,910,14,1,0,500,参考下端は推定値であり実測下限の保証なし
765553,31,土属性,891,871,20,1,0,500,参考下端は推定値であり実測下限の保証なし
765544,31,土属性,917,904,13,1,0,500,参考下端は推定値であり実測下限の保証なし
765543,30,土属性,891,877,14,1,0,500,参考下端は推定値であり実測下限の保証なし
765533,29,土属性,844,831,13,1,0,500,参考下端は推定値であり実測下限の保証なし
765444,30,土属性,904,884,20,0,283,217,参考下端は推定値であり実測下限の保証なし
765443,29,土属性,877,857,20,0,307,193,参考下端は推定値であり実測下限の保証なし
765433,28,土属性,837,824,13,1,143,357,参考下端は推定値であり実測下限の保証なし
765333,27,土属性,783,770,13,1,30,470,参考下端は推定値であり実測下限の保証なし
764444,29,土属性,857,837,20,0,159,341,参考下端は推定値であり実測下限の保証なし
764443,28,土属性,843,823,20,0,309,191,参考下端は推定値であり実測下限の保証なし
764433,27,土属性,803,789,14,1,146,354,参考下端は推定値であり実測下限の保証なし
764333,26,土属性,756,749,7,1,26,474,参考下端は推定値であり実測下限の保証なし
763333,25,土属性,702,695,7,1,2,498,参考下端は推定値であり実測下限の保証なし
755555,32,土属性,877,851,26,1,0,500,参考下端は推定値であり実測下限の保証なし
755554,31,土属性,877,858,19,1,1,499,参考下端は推定値であり実測下限の保証なし
755553,30,土属性,844,818,26,1,0,500,参考下端は推定値であり実測下限の保証なし
755544,30,土属性,871,851,20,1,0,500,参考下端は推定値であり実測下限の保証なし
755543,29,土属性,844,824,20,1,0,500,参考下端は推定値であり実測下限の保証なし
755533,28,土属性,798,778,20,1,0,500,参考下端は推定値であり実測下限の保証なし
755444,29,土属性,864,844,20,1,10,490,参考下端は推定値であり実測下限の保証なし
755443,28,土属性,837,817,20,1,14,486,参考下端は推定値であり実測下限の保証なし
755433,27,土属性,797,783,14,1,0,500,参考下端は推定値であり実測下限の保証なし
755333,26,土属性,743,730,13,1,0,500,参考下端は推定値であり実測下限の保証なし
754444,28,土属性,837,810,27,0,163,337,参考下端は推定値であり実測下限の保証なし
754443,27,土属性,823,796,27,0,282,218,参考下端は推定値であり実測下限の保証なし
754433,26,土属性,783,762,21,1,151,349,参考下端は推定値であり実測下限の保証なし
754333,25,土属性,735,722,13,1,36,464,参考下端は推定値であり実測下限の保証なし
753333,24,土属性,681,668,13,1,5,495,参考下端は推定値であり実測下限の保証なし
744444,27,土属性,788,761,27,0,39,461,参考下端は推定値であり実測下限の保証なし
744443,26,土属性,775,748,27,0,199,301,参考下端は推定値であり実測下限の保証なし
744433,25,土属性,748,727,21,1,139,361,参考下端は推定値であり実測下限の保証なし
744333,24,土属性,700,686,14,1,26,474,参考下端は推定値であり実測下限の保証なし
743333,23,土属性,652,646,6,1,1,499,参考下端は推定値であり実測下限の保証なし
733333,22,土属性,598,591,7,1,0,500,参考下端は推定値であり実測下限の保証なし
666653,32,土属性,904,884,20,1,34,466,参考下端は推定値であり実測下限の保証なし
666644,32,土属性,904,891,13,1,28,472,参考下端は推定値であり実測下限の保証なし
666643,31,土属性,877,864,13,1,32,468,参考下端は推定値であり実測下限の保証なし
666633,30,土属性,830,817,13,1,22,478,参考下端は推定値であり実測下限の保証なし
666554,32,土属性,917,904,13,1,0,500,参考下端は推定値であり実測下限の保証なし
666553,31,土属性,884,864,20,1,0,500,参考下端は推定値であり実測下限の保証なし
666544,31,土属性,904,884,20,1,104,396,参考下端は推定値であり実測下限の保証なし
666543,30,土属性,877,857,20,1,84,416,参考下端は推定値であり実測下限の保証なし
666533,29,土属性,830,810,20,1,48,452,参考下端は推定値であり実測下限の保証なし
666444,30,土属性,870,850,20,1,77,423,参考下端は推定値であり実測下限の保証なし
666443,29,土属性,843,823,20,1,100,400,参考下端は推定値であり実測下限の保証なし
666433,28,土属性,803,789,14,1,42,458,参考下端は推定値であり実測下限の保証なし
666333,27,土属性,749,735,14,1,6,494,参考下端は推定値であり実測下限の保証なし
665555,32,土属性,877,858,19,1,1,499,参考下端は推定値であり実測下限の保証なし
665554,31,土属性,877,864,13,1,0,500,参考下端は推定値であり実測下限の保証なし
665553,30,土属性,844,824,20,1,0,500,参考下端は推定値であり実測下限の保証なし
665544,30,土属性,871,857,14,1,14,486,参考下端は推定値であり実測下限の保証なし
665543,29,土属性,844,830,14,1,7,493,参考下端は推定値であり実測下限の保証なし
665533,28,土属性,797,783,14,1,0,500,参考下端は推定値であり実測下限の保証なし
665444,29,土属性,857,837,20,0,183,317,参考下端は推定値であり実測下限の保証なし
665443,28,土属性,830,810,20,0,225,275,参考下端は推定値であり実測下限の保証なし
665433,27,土属性,789,776,13,1,88,412,参考下端は推定値であり実測下限の保証なし
665333,26,土属性,735,722,13,1,28,472,参考下端は推定値であり実測下限の保証なし
664444,28,土属性,809,788,21,0,88,412,参考下端は推定値であり実測下限の保証なし
664443,27,土属性,795,775,20,0,200,300,参考下端は推定値であり実測下限の保証なし
664433,26,土属性,754,741,13,1,91,409,参考下端は推定値であり実測下限の保証なし
664333,25,土属性,707,700,7,1,13,487,参考下端は推定値であり実測下限の保証なし
663333,24,土属性,652,646,6,1,4,496,参考下端は推定値であり実測下限の保証なし
655555,31,土属性,831,805,26,1,0,500,参考下端は推定値であり実測下限の保証なし
655554,30,土属性,831,811,20,1,0,500,参考下端は推定値であり実測下限の保証なし
655553,29,土属性,798,771,27,1,0,500,参考下端は推定値であり実測下限の保証なし
655544,29,土属性,824,804,20,1,0,500,参考下端は推定値であり実測下限の保証なし
655543,28,土属性,797,777,20,1,0,500,参考下端は推定値であり実測下限の保証なし
655533,27,土属性,750,730,20,1,0,500,参考下端は推定値であり実測下限の保証なし
655444,28,土属性,816,796,20,1,14,486,参考下端は推定値であり実測下限の保証なし
655443,27,土属性,789,769,20,1,0,500,参考下端は推定値であり実測下限の保証なし
655433,26,土属性,749,735,14,1,0,500,参考下端は推定値であり実測下限の保証なし
655333,25,土属性,695,681,14,1,0,500,参考下端は推定値であり実測下限の保証なし
654444,27,土属性,788,761,27,0,191,309,参考下端は推定値であり実測下限の保証なし
654443,26,土属性,775,748,27,0,315,185,参考下端は推定値であり実測下限の保証なし
654433,25,土属性,734,714,20,1,146,354,参考下端は推定値であり実測下限の保証なし
654333,24,土属性,686,673,13,1,24,476,参考下端は推定値であり実測下限の保証なし
653333,23,土属性,632,618,14,1,2,498,参考下端は推定値であり実測下限の保証なし
644444,26,土属性,739,712,27,0,47,453,参考下端は推定値であり実測下限の保証なし
644443,25,土属性,726,698,28,0,251,249,参考下端は推定値であり実測下限の保証なし
644433,24,土属性,698,678,20,1,138,362,参考下端は推定値であり実測下限の保証なし
644333,23,土属性,650,637,13,1,29,471,参考下端は推定値であり実測下限の保証なし
643333,22,土属性,602,595,7,1,2,498,参考下端は推定値であり実測下限の保証なし
633333,21,土属性,548,541,7,1,0,500,参考下端は推定値であり実測下限の保証なし
555555,30,土属性,785,752,33,1,0,500,参考下端は推定値であり実測下限の保証なし
555554,29,土属性,784,758,26,1,0,500,参考下端は推定値であり実測下限の保証なし
555553,28,土属性,751,718,33,1,0,500,参考下端は推定値であり実測下限の保証なし
555544,28,土属性,777,750,27,1,0,500,参考下端は推定値であり実測下限の保証なし
555543,27,土属性,750,723,27,1,0,500,参考下端は推定値であり実測下限の保証なし
555533,26,土属性,703,676,27,1,0,500,参考下端は推定値であり実測下限の保証なし
555444,27,土属性,769,742,27,1,0,500,参考下端は推定値であり実測下限の保証なし
555443,26,土属性,742,715,27,1,0,500,参考下端は推定値であり実測下限の保証なし
555433,25,土属性,702,681,21,1,0,500,参考下端は推定値であり実測下限の保証なし
555333,24,土属性,648,627,21,1,0,500,参考下端は推定値であり実測下限の保証なし
554444,26,土属性,748,720,28,1,17,483,参考下端は推定値であり実測下限の保証なし
554443,25,土属性,734,707,27,1,8,492,参考下端は推定値であり実測下限の保証なし
554433,24,土属性,693,673,20,1,0,500,参考下端は推定値であり実測下限の保証なし
554333,23,土属性,646,632,14,1,0,500,参考下端は推定値であり実測下限の保証なし
553333,22,土属性,591,578,13,1,0,500,参考下端は推定値であり実測下限の保証なし
544444,25,土属性,719,685,34,0,45,455,参考下端は推定値であり実測下限の保証なし
544443,24,土属性,705,671,34,0,205,295,参考下端は推定値であり実測下限の保証なし
544433,23,土属性,678,650,28,1,142,358,参考下端は推定値であり実測下限の保証なし
544333,22,土属性,630,609,21,1,46,454,参考下端は推定値であり実測下限の保証なし
543333,21,土属性,582,568,14,1,4,496,参考下端は推定値であり実測下限の保証なし
533333,20,土属性,527,513,14,1,0,500,参考下端は推定値であり実測下限の保証なし
444444,24,土属性,662,627,35,1,6,494,参考下端は推定値であり実測下限の保証なし
444443,23,土属性,655,621,34,0,74,426,参考下端は推定値であり実測下限の保証なし
444433,22,土属性,627,600,27,1,128,372,参考下端は推定値であり実測下限の保証なし
444333,21,土属性,593,572,21,1,31,469,参考下端は推定値であり実測下限の保証なし
443333,20,土属性,545,531,14,1,2,498,参考下端は推定値であり実測下限の保証なし
433333,19,土属性,496,489,7,1,0,500,参考下端は推定値であり実測下限の保証なし
333333,18,土属性,441,427,14,1,0,500,参考下端は推定値であり実測下限の保証なし
887333,32,水属性,981,962,19,1,12,488,参考下端は推定値であり実測下限の保証なし
886433,32,水属性,975,949,26,1,57,443,参考下端は推定値であり実測下限の保証なし
886333,31,水属性,930,903,27,1,13,487,参考下端は推定値であり実測下限の保証なし
885533,32,水属性,975,949,26,1,67,433,参考下端は推定値であり実測下限の保証なし
885443,32,水属性,995,969,26,1,165,335,参考下端は推定値であり実測下限の保証なし
885433,31,水属性,962,936,26,1,55,445,参考下端は推定値であり実測下限の保証なし
885333,30,水属性,917,890,27,1,9,491,参考下端は推定値であり実測下限の保証なし
884444,32,水属性,996,970,26,1,8,492,参考下端は推定値であり実測下限の保証なし
884443,31,水属性,970,943,27,1,58,442,参考下端は推定値であり実測下限の保証なし
884433,30,水属性,937,910,27,1,47,453,参考下端は推定値であり実測下限の保証なし
884333,29,水属性,891,871,20,1,14,486,参考下端は推定値であり実測下限の保証なし
883333,28,水属性,844,825,19,1,0,500,参考下端は推定値であり実測下限の保証なし
877433,32,水属性,989,969,20,1,95,405,参考下端は推定値であり実測下限の保証なし
877333,31,水属性,943,923,20,1,21,479,参考下端は推定値であり実測下限の保証なし
876533,32,水属性,969,943,26,1,113,387,参考下端は推定値であり実測下限の保証なし
876443,32,水属性,976,957,19,1,243,257,参考下端は推定値であり実測下限の保証なし
876433,31,水属性,943,924,19,1,105,395,参考下端は推定値であり実測下限の保証なし
876333,30,水属性,897,877,20,1,21,479,参考下端は推定値であり実測下限の保証なし
875543,32,水属性,975,962,13,1,284,216,参考下端は推定値であり実測下限の保証なし
875533,31,水属性,943,923,20,1,112,388,参考下端は推定値であり実測下限の保証なし
875444,32,水属性,996,976,20,1,88,412,参考下端は推定値であり実測下限の保証なし
875443,31,水属性,963,943,20,1,248,252,参考下端は推定値であり実測下限の保証なし
875433,30,水属性,930,910,20,1,112,388,参考下端は推定値であり実測下限の保証なし
875333,29,水属性,884,864,20,1,16,484,参考下端は推定値であり実測下限の保証なし
874444,31,水属性,964,944,20,1,14,486,参考下端は推定値であり実測下限の保証なし
874443,30,水属性,937,917,20,1,88,412,参考下端は推定値であり実測下限の保証なし
874433,29,水属性,904,884,20,1,86,414,参考下端は推定値であり実測下限の保証なし
874333,28,水属性,857,844,13,1,23,477,参考下端は推定値であり実測下限の保証なし
873333,27,水属性,811,798,13,1,0,500,参考下端は推定値であり実測下限の保証なし
866633,32,水属性,910,884,26,1,103,397,参考下端は推定値であり実測下限の保証なし
866543,32,水属性,943,917,26,1,303,197,参考下端は推定値であり実測下限の保証なし
866533,31,水属性,910,877,33,1,110,390,参考下端は推定値であり実測下限の保証なし
866444,32,水属性,950,924,26,1,81,419,参考下端は推定値であり実測下限の保証なし
866443,31,水属性,917,891,26,1,236,264,参考下端は推定値であり実測下限の保証なし
866433,30,水属性,884,857,27,1,91,409,参考下端は推定値であり実測下限の保証なし
866333,29,水属性,837,811,26,1,18,482,参考下端は推定値であり実測下限の保証なし
865553,32,水属性,930,910,20,1,91,409,参考下端は推定値であり実測下限の保証なし
865544,32,水属性,957,937,20,1,205,295,参考下端は推定値であり実測下限の保証なし
865543,31,水属性,924,904,20,1,296,204,参考下端は推定値であり実測下限の保証なし
865533,30,水属性,891,864,27,1,103,397,参考下端は推定値であり実測下限の保証なし
865444,31,水属性,944,917,27,1,93,407,参考下端は推定値であり実測下限の保証なし
865443,30,水属性,911,884,27,1,262,238,参考下端は推定値であり実測下限の保証なし
865433,29,水属性,877,851,26,1,94,406,参考下端は推定値であり実測下限の保証なし
865333,28,水属性,831,804,27,1,19,481,参考下端は推定値であり実測下限の保証なし
864444,30,水属性,911,884,27,1,16,484,参考下端は推定値であり実測下限の保証なし
864443,29,水属性,884,857,27,1,90,410,参考下端は推定値であり実測下限の保証なし
864433,28,水属性,850,824,26,1,92,408,参考下端は推定値であり実測下限の保証なし
864333,27,水属性,804,783,21,1,22,478,参考下端は推定値であり実測下限の保証なし
863333,26,水属性,757,737,20,1,0,500,参考下端は推定値であり実測下限の保証なし
855554,32,水属性,923,910,13,1,0,500,参考下端は推定値であり実測下限の保証なし
855553,31,水属性,890,871,19,1,0,500,参考下端は推定値であり実測下限の保証なし
855544,31,水属性,924,910,14,1,62,438,参考下端は推定値であり実測下限の保証なし
855543,30,水属性,891,877,14,1,74,426,参考下端は推定値であり実測下限の保証なし
855533,29,水属性,858,838,20,1,23,477,参考下端は推定値であり実測下限の保証なし
855444,30,水属性,917,897,20,1,72,428,参考下端は推定値であり実測下限の保証なし
855443,29,水属性,884,864,20,1,246,254,参考下端は推定値であり実測下限の保証なし
855433,28,水属性,851,831,20,1,99,401,参考下端は推定値であり実測下限の保証なし
855333,27,水属性,804,784,20,1,15,485,参考下端は推定値であり実測下限の保証なし
854444,29,水属性,897,871,26,1,16,484,参考下端は推定値であり実測下限の保証なし
854443,28,水属性,871,844,27,1,86,414,参考下端は推定値であり実測下限の保証なし
854433,27,水属性,837,810,27,1,85,415,参考下端は推定値であり実測下限の保証なし
854333,26,水属性,790,770,20,1,16,484,参考下端は推定値であり実測下限の保証なし
853333,25,水属性,743,723,20,1,0,500,参考下端は推定値であり実測下限の保証なし
844444,28,水属性,857,830,27,1,0,500,参考下端は推定値であり実測下限の保証なし
844443,27,水属性,837,810,27,1,10,490,参考下端は推定値であり実測下限の保証なし
844433,26,水属性,810,783,27,1,33,467,参考下端は推定値であり実測下限の保証なし
844333,25,水属性,762,742,20,1,19,481,参考下端は推定値であり実測下限の保証なし
843333,24,水属性,715,702,13,1,0,500,参考下端は推定値であり実測下限の保証なし
833333,23,水属性,661,648,13,1,0,500,参考下端は推定値であり実測下限の保証なし
777533,32,水属性,962,930,32,1,18,482,参考下端は推定値であり実測下限の保証なし
777443,32,水属性,970,943,27,1,37,463,参考下端は推定値であり実測下限の保証なし
777433,31,水属性,937,910,27,1,12,488,参考下端は推定値であり実測下限の保証なし
777333,30,水属性,891,864,27,1,2,498,参考下端は推定値であり実測下限の保証なし
776633,32,水属性,937,904,33,0,128,372,参考下端は推定値であり実測下限の保証なし
776543,32,水属性,963,937,26,0,359,141,参考下端は推定値であり実測下限の保証なし
776533,31,水属性,930,897,33,0,134,366,参考下端は推定値であり実測下限の保証なし
776444,32,水属性,970,944,26,0,77,423,参考下端は推定値であり実測下限の保証なし
776443,31,水属性,937,911,26,0,271,229,参考下端は推定値であり実測下限の保証なし
776433,30,水属性,904,877,27,0,113,387,参考下端は推定値であり実測下限の保証なし
776333,29,水属性,857,831,26,1,30,470,参考下端は推定値であり実測下限の保証なし
775553,32,水属性,943,923,20,1,85,415,参考下端は推定値であり実測下限の保証なし
775544,32,水属性,970,950,20,0,152,348,参考下端は推定値であり実測下限の保証なし
775543,31,水属性,937,917,20,0,317,183,参考下端は推定値であり実測下限の保証なし
775533,30,水属性,904,877,27,0,119,381,参考下端は推定値であり実測下限の保証なし
775444,31,水属性,957,931,26,0,80,420,参考下端は推定値であり実測下限の保証なし
775443,30,水属性,924,897,27,0,248,252,参考下端は推定値であり実測下限の保証なし
775433,29,水属性,891,864,27,0,122,378,参考下端は推定値であり実測下限の保証なし
775333,28,水属性,844,817,27,1,26,474,参考下端は推定値であり実測下限の保証なし
774444,30,水属性,924,897,27,1,18,482,参考下端は推定値であり実測下限の保証なし
774443,29,水属性,897,871,26,0,84,416,参考下端は推定値であり実測下限の保証なし
774433,28,水属性,864,837,27,0,82,418,参考下端は推定値であり実測下限の保証なし
774333,27,水属性,817,797,20,1,20,480,参考下端は推定値であり実測下限の保証なし
773333,26,水属性,770,750,20,1,0,500,参考下端は推定値であり実測下限の保証なし
766643,32,水属性,911,891,20,0,251,249,参考下端は推定値であり実測下限の保証なし
766633,31,水属性,877,851,26,0,97,403,参考下端は推定値であり実測下限の保証なし
766553,32,水属性,924,897,27,0,282,218,参考下端は推定値であり実測下限の保証なし
766544,32,水属性,944,917,27,0,233,267,参考下端は推定値であり実測下限の保証なし
766543,31,水属性,911,884,27,0,341,159,参考下端は推定値であり実測下限の保証なし
766533,30,水属性,877,844,33,0,123,377,参考下端は推定値であり実測下限の保証なし
766444,31,水属性,917,891,26,0,83,417,参考下端は推定値であり実測下限の保証なし
766443,30,水属性,884,857,27,0,258,242,参考下端は推定値であり実測下限の保証なし
766433,29,水属性,850,824,26,0,113,387,参考下端は推定値であり実測下限の保証なし
766333,28,水属性,804,777,27,1,21,479,参考下端は推定値であり実測下限の保証なし
765554,32,水属性,930,917,13,1,89,411,参考下端は推定値であり実測下限の保証なし
765553,31,水属性,897,877,20,1,93,407,参考下端は推定値であり実測下限の保証なし
765544,31,水属性,924,904,20,0,200,300,参考下端は推定値であり実測下限の保証なし
765543,30,水属性,891,871,20,0,291,209,参考下端は推定値であり実測下限の保証なし
765533,29,水属性,857,831,26,0,114,386,参考下端は推定値であり実測下限の保証なし
765444,30,水属性,911,884,27,0,88,412,参考下端は推定値であり実測下限の保証なし
765443,29,水属性,877,850,27,0,253,247,参考下端は推定値であり実測下限の保証なし
765433,28,水属性,844,817,27,0,124,376,参考下端は推定値であり実測下限の保証なし
765333,27,水属性,797,770,27,1,20,480,参考下端は推定値であり実測下限の保証なし
764444,29,水属性,877,850,27,1,16,484,参考下端は推定値であり実測下限の保証なし
764443,28,水属性,850,823,27,0,94,406,参考下端は推定値であり実測下限の保証なし
764433,27,水属性,816,789,27,0,97,403,参考下端は推定値であり実測下限の保証なし
764333,26,水属性,769,749,20,1,21,479,参考下端は推定値であり実測下限の保証なし
763333,25,水属性,722,702,20,1,0,500,参考下端は推定値であり実測下限の保証なし
755555,32,水属性,890,871,19,1,0,500,参考下端は推定値であり実測下限の保証なし
755554,31,水属性,891,877,14,1,13,487,参考下端は推定値であり実測下限の保証なし
755553,30,水属性,858,838,20,1,8,492,参考下端は推定値であり実測下限の保証なし
755544,30,水属性,891,877,14,1,59,441,参考下端は推定値であり実測下限の保証なし
755543,29,水属性,857,844,13,1,80,420,参考下端は推定値であり実測下限の保証なし
755533,28,水属性,824,804,20,1,27,473,参考下端は推定値であり実測下限の保証なし
755444,29,水属性,884,864,20,0,70,430,参考下端は推定値であり実測下限の保証なし
755443,28,水属性,850,830,20,0,228,272,参考下端は推定値であり実測下限の保証なし
755433,27,水属性,817,797,20,0,109,391,参考下端は推定値であり実測下限の保証なし
755333,26,水属性,770,750,20,1,14,486,参考下端は推定値であり実測下限の保証なし
754444,28,水属性,864,837,27,1,17,483,参考下端は推定値であり実測下限の保証なし
754443,27,水属性,837,810,27,0,92,408,参考下端は推定値であり実測下限の保証なし
754433,26,水属性,803,776,27,0,96,404,参考下端は推定値であり実測下限の保証なし
754333,25,水属性,756,735,21,1,16,484,参考下端は推定値であり実測下限の保証なし
753333,24,水属性,708,688,20,1,0,500,参考下端は推定値であり実測下限の保証なし
744444,27,水属性,822,795,27,1,1,499,参考下端は推定値であり実測下限の保証なし
744443,26,水属性,802,775,27,1,8,492,参考下端は推定値であり実測下限の保証なし
744433,25,水属性,775,748,27,0,39,461,参考下端は推定値であり実測下限の保証なし
744333,24,水属性,727,707,20,1,14,486,参考下端は推定値であり実測下限の保証なし
743333,23,水属性,680,666,14,1,0,500,参考下端は推定値であり実測下限の保証なし
733333,22,水属性,625,612,13,1,0,500,参考下端は推定値であり実測下限の保証なし
666653,32,水属性,857,824,33,1,22,478,参考下端は推定値であり実測下限の保証なし
666644,32,水属性,863,836,27,1,20,480,参考下端は推定値であり実測下限の保証なし
666643,31,水属性,830,804,26,1,14,486,参考下端は推定値であり実測下限の保証なし
666633,30,水属性,797,763,34,1,6,494,参考下端は推定値であり実測下限の保証なし
666554,32,水属性,891,871,20,0,109,391,参考下端は推定値であり実測下限の保証なし
666553,31,水属性,857,831,26,0,119,381,参考下端は推定値であり実測下限の保証なし
666544,31,水属性,877,850,27,0,119,381,参考下端は推定値であり実測下限の保証なし
666543,30,水属性,844,817,27,0,270,230,参考下端は推定値であり実測下限の保証なし
666533,29,水属性,810,777,33,0,100,400,参考下端は推定値であり実測下限の保証なし
666444,30,水属性,850,823,27,0,45,455,参考下端は推定値であり実測下限の保証なし
666443,29,水属性,816,789,27,0,153,347,参考下端は推定値であり実測下限の保証なし
666433,28,水属性,783,756,27,0,109,391,参考下端は推定値であり実測下限の保証なし
666333,27,水属性,735,708,27,1,29,471,参考下端は推定値であり実測下限の保証なし
665555,32,水属性,871,844,27,1,24,476,参考下端は推定値であり実測下限の保証なし
665554,31,水属性,871,851,20,1,85,415,参考下端は推定値であり実測下限の保証なし
665553,30,水属性,837,811,26,1,95,405,参考下端は推定値であり実測下限の保証なし
665544,30,水属性,864,837,27,0,165,335,参考下端は推定値であり実測下限の保証なし
665543,29,水属性,830,804,26,0,346,154,参考下端は推定値であり実測下限の保証なし
665533,28,水属性,797,763,34,0,121,379,参考下端は推定値であり実測下限の保証なし
665444,29,水属性,850,816,34,0,82,418,参考下端は推定値であり実測下限の保証なし
665443,28,水属性,816,783,33,0,256,244,参考下端は推定値であり実測下限の保証なし
665433,27,水属性,783,749,34,0,117,383,参考下端は推定値であり実測下限の保証なし
665333,26,水属性,735,702,33,1,29,471,参考下端は推定値であり実測下限の保証なし
664444,28,水属性,816,782,34,1,19,481,参考下端は推定値であり実測下限の保証なし
664443,27,水属性,788,754,34,0,83,417,参考下端は推定値であり実測下限の保証なし
664433,26,水属性,754,720,34,0,89,411,参考下端は推定値であり実測下限の保証なし
664333,25,水属性,707,680,27,1,22,478,参考下端は推定値であり実測下限の保証なし
663333,24,水属性,659,632,27,1,0,500,参考下端は推定値であり実測下限の保証なし
655555,31,水属性,838,811,27,1,0,500,参考下端は推定値であり実測下限の保証なし
655554,30,水属性,837,817,20,1,9,491,参考下端は推定値であり実測下限の保証なし
655553,29,水属性,804,778,26,1,8,492,参考下端は推定値であり実測下限の保証なし
655544,29,水属性,837,817,20,1,61,439,参考下端は推定値であり実測下限の保証なし
655543,28,水属性,804,783,21,1,82,418,参考下端は推定値であり実測下限の保証なし
655533,27,水属性,770,743,27,1,29,471,参考下端は推定値であり実測下限の保証なし
655444,28,水属性,830,803,27,0,70,430,参考下端は推定値であり実測下限の保証なし
655443,27,水属性,796,769,27,0,244,256,参考下端は推定値であり実測下限の保証なし
655433,26,水属性,762,735,27,0,112,388,参考下端は推定値であり実測下限の保証なし
655333,25,水属性,715,688,27,1,15,485,参考下端は推定値であり実測下限の保証なし
654444,27,水属性,809,775,34,1,16,484,参考下端は推定値であり実測下限の保証なし
654443,26,水属性,782,748,34,0,96,404,参考下端は推定値であり実測下限の保証なし
654433,25,水属性,748,714,34,0,97,403,参考下端は推定値であり実測下限の保証なし
654333,24,水属性,700,673,27,1,20,480,参考下端は推定値であり実測下限の保証なし
653333,23,水属性,652,625,27,1,0,500,参考下端は推定値であり実測下限の保証なし
644444,26,水属性,767,732,35,1,1,499,参考下端は推定値であり実測下限の保証なし
644443,25,水属性,746,712,34,1,12,488,参考下端は推定値であり実測下限の保証なし
644433,24,水属性,719,685,34,0,39,461,参考下端は推定値であり実測下限の保証なし
644333,23,水属性,671,643,28,1,17,483,参考下端は推定値であり実測下限の保証なし
643333,22,水属性,623,602,21,1,0,500,参考下端は推定値であり実測下限の保証なし
633333,21,水属性,568,548,20,1,0,500,参考下端は推定値であり実測下限の保証なし
555555,30,水属性,792,765,27,1,0,500,参考下端は推定値であり実測下限の保証なし
555554,29,水属性,798,778,20,1,0,500,参考下端は推定値であり実測下限の保証なし
555553,28,水属性,764,738,26,1,0,500,参考下端は推定値であり実測下限の保証なし
555544,28,水属性,797,777,20,1,4,496,参考下端は推定値であり実測下限の保証なし
555543,27,水属性,763,743,20,1,0,500,参考下端は推定値であり実測下限の保証なし
555533,26,水属性,730,703,27,1,1,499,参考下端は推定値であり実測下限の保証なし
555444,27,水属性,796,776,20,1,24,476,参考下端は推定値であり実測下限の保証なし
555443,26,水属性,762,742,20,1,62,438,参考下端は推定値であり実測下限の保証なし
555433,25,水属性,729,708,21,1,20,480,参考下端は推定値であり実測下限の保証なし
555333,24,水属性,681,661,20,1,3,497,参考下端は推定値であり実測下限の保証なし
554444,26,水属性,782,754,28,1,15,485,参考下端は推定値であり実測下限の保証なし
554443,25,水属性,754,727,27,0,73,427,参考下端は推定値であり実測下限の保証なし
554433,24,水属性,720,693,27,0,86,414,参考下端は推定値であり実測下限の保証なし
554333,23,水属性,673,652,21,1,16,484,参考下端は推定値であり実測下限の保証なし
553333,22,水属性,625,605,20,1,0,500,参考下端は推定値であり実測下限の保証なし
544444,25,水属性,753,719,34,1,1,499,参考下端は推定値であり実測下限の保証なし
544443,24,水属性,732,698,34,1,12,488,参考下端は推定値であり実測下限の保証なし
544433,23,水属性,705,671,34,0,44,456,参考下端は推定値であり実測下限の保証なし
544333,22,水属性,657,630,27,1,15,485,参考下端は推定値であり実測下限の保証なし
543333,21,水属性,609,589,20,1,0,500,参考下端は推定値であり実測下限の保証なし
533333,20,水属性,554,534,20,1,0,500,参考下端は推定値であり実測下限の保証なし
444444,24,水属性,710,676,34,1,0,500,参考下端は推定値であり実測下限の保証なし
444443,23,水属性,690,655,35,1,0,500,参考下端は推定値であり実測下限の保証なし
444433,22,水属性,669,634,35,1,2,498,参考下端は推定値であり実測下限の保証なし
444333,21,水属性,627,600,27,1,7,493,参考下端は推定値であり実測下限の保証なし
443333,20,水属性,579,558,21,1,0,500,参考下端は推定値であり実測下限の保証なし
433333,19,水属性,524,510,14,1,0,500,参考下端は推定値であり実測下限の保証なし
333333,18,水属性,469,455,14,1,0,500,参考下端は推定値であり実測下限の保証なし
887333,32,火属性,916,897,19,0,83,417,参考下端は推定値であり実測下限の保証なし
886433,32,火属性,923,890,33,0,232,268,参考下端は推定値であり実測下限の保証なし
886333,31,火属性,884,858,26,0,74,426,参考下端は推定値であり実測下限の保証なし
885533,32,火属性,910,884,26,1,0,500,参考下端は推定値であり実測下限の保証なし
885443,32,火属性,923,884,39,0,281,219,参考下端は推定値であり実測下限の保証なし
885433,31,火属性,890,858,32,0,270,230,参考下端は推定値であり実測下限の保証なし
885333,30,火属性,851,825,26,0,82,418,参考下端は推定値であり実測下限の保証なし
884444,32,火属性,897,858,39,1,15,485,参考下端は推定値であり実測下限の保証なし
884443,31,火属性,884,844,40,0,95,405,参考下端は推定値であり実測下限の保証なし
884433,30,火属性,851,818,33,0,189,311,参考下端は推定値であり実測下限の保証なし
884333,29,火属性,818,792,26,0,101,399,参考下端は推定値であり実測下限の保証なし
883333,28,火属性,772,752,20,1,12,488,参考下端は推定値であり実測下限の保証なし
877433,32,火属性,956,930,26,0,228,272,参考下端は推定値であり実測下限の保証なし
877333,31,火属性,917,897,20,0,65,435,参考下端は推定値であり実測下限の保証なし
876533,32,火属性,962,936,26,0,224,276,参考下端は推定値であり実測下限の保証なし
876443,32,火属性,963,930,33,0,275,225,参考下端は推定値であり実測下限の保証なし
876433,31,火属性,930,904,26,0,246,254,参考下端は推定値であり実測下限の保証なし
876333,30,火属性,891,871,20,0,75,425,参考下端は推定値であり実測下限の保証なし
875543,32,火属性,956,930,26,1,0,500,参考下端は推定値であり実測下限の保証なし
875533,31,火属性,917,897,20,1,0,500,参考下端は推定値であり実測下限の保証なし
875444,32,火属性,950,917,33,0,96,404,参考下端は推定値であり実測下限の保証なし
875443,31,火属性,930,897,33,0,265,235,参考下端は推定値であり実測下限の保証なし
875433,30,火属性,897,871,26,0,249,251,参考下端は推定値であり実測下限の保証なし
875333,29,火属性,858,838,20,0,86,414,参考下端は推定値であり実測下限の保証なし
874444,31,火属性,904,871,33,1,21,479,参考下端は推定値であり実測下限の保証なし
874443,30,火属性,891,857,34,0,107,393,参考下端は推定値であり実測下限の保証なし
874433,29,火属性,857,831,26,0,198,302,参考下端は推定値であり実測下限の保証なし
874333,28,火属性,824,804,20,0,105,395,参考下端は推定値であり実測下限の保証なし
873333,27,火属性,778,764,14,1,14,486,参考下端は推定値であり実測下限の保証なし
866633,32,火属性,897,877,20,0,119,381,参考下端は推定値であり実測下限の保証なし
866543,32,火属性,937,904,33,0,397,103,参考下端は推定値であり実測下限の保証なし
866533,31,火属性,897,871,26,0,217,283,参考下端は推定値であり実測下限の保証なし
866444,32,火属性,917,884,33,0,96,404,参考下端は推定値であり実測下限の保証なし
866443,31,火属性,897,864,33,0,275,225,参考下端は推定値であり実測下限の保証なし
866433,30,火属性,864,837,27,0,235,265,参考下端は推定値であり実測下限の保証なし
866333,29,火属性,824,804,20,0,71,429,参考下端は推定値であり実測下限の保証なし
865553,32,火属性,936,910,26,1,0,500,参考下端は推定値であり実測下限の保証なし
865544,32,火属性,943,910,33,1,0,500,参考下端は推定値であり実測下限の保証なし
865543,31,火属性,924,891,33,1,0,500,参考下端は推定値であり実測下限の保証なし
865533,30,火属性,884,858,26,1,0,500,参考下端は推定値であり実測下限の保証なし
865444,31,火属性,917,877,40,0,106,394,参考下端は推定値であり実測下限の保証なし
865443,30,火属性,897,857,40,0,280,220,参考下端は推定値であり実測下限の保証なし
865433,29,火属性,864,831,33,0,240,260,参考下端は推定値であり実測下限の保証なし
865333,28,火属性,824,798,26,0,83,417,参考下端は推定値であり実測下限の保証なし
864444,30,火属性,871,830,41,1,25,475,参考下端は推定値であり実測下限の保証なし
864443,29,火属性,857,817,40,0,119,381,参考下端は推定値であり実測下限の保証なし
864433,28,火属性,824,790,34,0,194,306,参考下端は推定値であり実測下限の保証なし
864333,27,火属性,790,763,27,0,105,395,参考下端は推定値であり実測下限の保証なし
863333,26,火属性,743,723,20,1,13,487,参考下端は推定値であり実測下限の保証なし
855554,32,火属性,910,884,26,1,0,500,参考下端は推定値であり実測下限の保証なし
855553,31,火属性,884,858,26,1,0,500,参考下端は推定値であり実測下限の保証なし
855544,31,火属性,891,864,27,1,0,500,参考下端は推定値であり実測下限の保証なし
855543,30,火属性,871,844,27,1,0,500,参考下端は推定値であり実測下限の保証なし
855533,29,火属性,831,811,20,1,0,500,参考下端は推定値であり実測下限の保証なし
855444,30,火属性,871,837,34,1,0,500,参考下端は推定値であり実測下限の保証なし
855443,29,火属性,851,817,34,1,0,500,参考下端は推定値であり実測下限の保証なし
855433,28,火属性,817,791,26,1,0,500,参考下端は推定値であり実測下限の保証なし
855333,27,火属性,778,758,20,1,0,500,参考下端は推定値であり実測下限の保証なし
854444,29,火属性,837,797,40,1,19,481,参考下端は推定値であり実測下限の保証なし
854443,28,火属性,824,783,41,0,115,385,参考下端は推定値であり実測下限の保証なし
854433,27,火属性,790,757,33,0,196,304,参考下端は推定値であり実測下限の保証なし
854333,26,火属性,757,730,27,0,109,391,参考下端は推定値であり実測下限の保証なし
853333,25,火属性,710,690,20,1,13,487,参考下端は推定値であり実測下限の保証なし
844444,28,火属性,789,749,40,1,1,499,参考下端は推定値であり実測下限の保証なし
844443,27,火属性,776,735,41,1,13,487,参考下端は推定値であり実測下限の保証なし
844433,26,火属性,749,715,34,0,81,419,参考下端は推定値であり実測下限の保証なし
844333,25,火属性,715,688,27,0,91,409,参考下端は推定値であり実測下限の保証なし
843333,24,火属性,675,654,21,1,14,486,参考下端は推定値であり実測下限の保証なし
833333,23,火属性,627,607,20,1,1,499,参考下端は推定値であり実測下限の保証なし
777533,32,火属性,949,923,26,1,6,494,参考下端は推定値であり実測下限の保証なし
777443,32,火属性,950,917,33,1,2,498,参考下端は推定値であり実測下限の保証なし
777433,31,火属性,917,891,26,1,2,498,参考下端は推定値であり実測下限の保証なし
777333,30,火属性,877,858,19,1,3,497,参考下端は推定値であり実測下限の保証なし
776633,32,火属性,937,917,20,0,159,341,参考下端は推定値であり実測下限の保証なし
776543,32,火属性,976,943,33,0,380,120,参考下端は推定値であり実測下限の保証なし
776533,31,火属性,937,910,27,0,194,306,参考下端は推定値であり実測下限の保証なし
776444,32,火属性,957,924,33,0,106,394,参考下端は推定値であり実測下限の保証なし
776443,31,火属性,937,904,33,0,255,245,参考下端は推定値であり実測下限の保証なし
776433,30,火属性,904,877,27,0,213,287,参考下端は推定値であり実測下限の保証なし
776333,29,火属性,864,844,20,0,58,442,参考下端は推定値であり実測下限の保証なし
775553,32,火属性,943,923,20,1,0,500,参考下端は推定値であり実測下限の保証なし
775544,32,火属性,950,924,26,1,0,500,参考下端は推定値であり実測下限の保証なし
775543,31,火属性,930,904,26,1,0,500,参考下端は推定値であり実測下限の保証なし
775533,30,火属性,891,871,20,1,0,500,参考下端は推定値であり実測下限の保証なし
775444,31,火属性,924,891,33,0,96,404,参考下端は推定値であり実測下限の保証なし
775443,30,火属性,904,871,33,0,262,238,参考下端は推定値であり実測下限の保証なし
775433,29,火属性,871,844,27,0,242,258,参考下端は推定値であり実測下限の保証なし
775333,28,火属性,831,811,20,0,71,429,参考下端は推定値であり実測下限の保証なし
774444,30,火属性,877,844,33,1,25,475,参考下端は推定値であり実測下限の保証なし
774443,29,火属性,864,830,34,0,103,397,参考下端は推定値であり実測下限の保証なし
774433,28,火属性,830,804,26,0,169,331,参考下端は推定値であり実測下限の保証なし
774333,27,火属性,797,777,20,0,93,407,参考下端は推定値であり実測下限の保証なし
773333,26,火属性,750,737,13,1,12,488,参考下端は推定値であり実測下限の保証なし
766643,32,火属性,917,897,20,0,259,241,参考下端は推定値であり実測下限の保証なし
766633,31,火属性,877,864,13,0,100,400,参考下端は推定値であり実測下限の保証なし
766553,32,火属性,937,917,20,1,0,500,参考下端は推定値であり実測下限の保証なし
766544,32,火属性,937,911,26,0,250,250,参考下端は推定値であり実測下限の保証なし
766543,31,火属性,917,891,26,0,349,151,参考下端は推定値であり実測下限の保証なし
766533,30,火属性,877,857,20,0,207,293,参考下端は推定値であり実測下限の保証なし
766444,31,火属性,897,871,26,0,94,406,参考下端は推定値であり実測下限の保証なし
766443,30,火属性,877,850,27,0,254,246,参考下端は推定値であり実測下限の保証なし
766433,29,火属性,844,824,20,0,233,267,参考下端は推定値であり実測下限の保証なし
766333,28,火属性,804,790,14,0,67,433,参考下端は推定値であり実測下限の保証なし
765554,32,火属性,943,924,19,1,0,500,参考下端は推定値であり実測下限の保証なし
765553,31,火属性,917,897,20,1,0,500,参考下端は推定値であり実測下限の保証なし
765544,31,火属性,924,897,27,1,0,500,参考下端は推定値であり実測下限の保証なし
765543,30,火属性,904,877,27,1,0,500,参考下端は推定値であり実測下限の保証なし
765533,29,火属性,864,844,20,1,0,500,参考下端は推定値であり実測下限の保証なし
765444,30,火属性,897,864,33,0,93,407,参考下端は推定値であり実測下限の保証なし
765443,29,火属性,877,844,33,0,260,240,参考下端は推定値であり実測下限の保証なし
765433,28,火属性,844,817,27,0,244,256,参考下端は推定値であり実測下限の保証なし
765333,27,火属性,804,783,21,0,79,421,参考下端は推定値であり実測下限の保証なし
764444,29,火属性,850,816,34,1,26,474,参考下端は推定値であり実測下限の保証なし
764443,28,火属性,837,803,34,0,102,398,参考下端は推定値であり実測下限の保証なし
764433,27,火属性,803,776,27,0,179,321,参考下端は推定値であり実測下限の保証なし
764333,26,火属性,769,749,20,0,96,404,参考下端は推定値であり実測下限の保証なし
763333,25,火属性,722,708,14,1,11,489,参考下端は推定値であり実測下限の保証なし
755555,32,火属性,884,864,20,1,0,500,参考下端は推定値であり実測下限の保証なし
755554,31,火属性,891,871,20,1,0,500,参考下端は推定値であり実測下限の保証なし
755553,30,火属性,864,844,20,1,0,500,参考下端は推定値であり実測下限の保証なし
755544,30,火属性,871,851,20,1,0,500,参考下端は推定値であり実測下限の保証なし
755543,29,火属性,851,831,20,1,0,500,参考下端は推定値であり実測下限の保証なし
755533,28,火属性,811,798,13,1,0,500,参考下端は推定値であり実測下限の保証なし
755444,29,火属性,850,824,26,1,0,500,参考下端は推定値であり実測下限の保証なし
755443,28,火属性,830,804,26,1,0,500,参考下端は推定値であり実測下限の保証なし
755433,27,火属性,797,777,20,1,0,500,参考下端は推定値であり実測下限の保証なし
755333,26,火属性,757,743,14,1,0,500,参考下端は推定値であり実測下限の保証なし
754444,28,火属性,816,783,33,1,15,485,参考下端は推定値であり実測下限の保証なし
754443,27,火属性,803,769,34,0,109,391,参考下端は推定値であり実測下限の保証なし
754433,26,火属性,769,742,27,0,190,310,参考下端は推定値であり実測下限の保証なし
754333,25,火属性,735,715,20,0,117,383,参考下端は推定値であり実測下限の保証なし
753333,24,火属性,688,675,13,1,14,486,参考下端は推定値であり実測下限の保証なし
744444,27,火属性,768,734,34,1,0,500,参考下端は推定値であり実測下限の保証なし
744443,26,火属性,754,720,34,1,12,488,参考下端は推定値であり実測下限の保証なし
744433,25,火属性,727,700,27,0,77,423,参考下端は推定値であり実測下限の保証なし
744333,24,火属性,693,673,20,0,87,413,参考下端は推定値であり実測下限の保証なし
743333,23,火属性,652,639,13,1,15,485,参考下端は推定値であり実測下限の保証なし
733333,22,火属性,605,591,14,1,1,499,参考下端は推定値であり実測下限の保証なし
666653,32,火属性,864,844,20,1,18,482,参考下端は推定値であり実測下限の保証なし
666644,32,火属性,850,830,20,1,11,489,参考下端は推定値であり実測下限の保証なし
666643,31,火属性,830,810,20,1,13,487,参考下端は推定値であり実測下限の保証なし
666633,30,火属性,790,777,13,1,10,490,参考下端は推定値であり実測下限の保証なし
666554,32,火属性,897,877,20,1,8,492,参考下端は推定値であり実測下限の保証なし
666553,31,火属性,871,851,20,1,6,494,参考下端は推定値であり実測下限の保証なし
666544,31,火属性,871,844,27,0,170,330,参考下端は推定値であり実測下限の保証なし
666543,30,火属性,850,824,26,0,284,216,参考下端は推定値であり実測下限の保証なし
666533,29,火属性,810,790,20,0,124,376,参考下端は推定値であり実測下限の保証なし
666444,30,火属性,830,803,27,0,66,434,参考下端は推定値であり実測下限の保証なし
666443,29,火属性,810,783,27,0,199,301,参考下端は推定値であり実測下限の保証なし
666433,28,火属性,776,756,20,0,148,352,参考下端は推定値であり実測下限の保証なし
666333,27,火属性,735,722,13,0,33,467,参考下端は推定値であり実測下限の保証なし
665555,32,火属性,891,871,20,1,0,500,参考下端は推定値であり実測下限の保証なし
665554,31,火属性,877,857,20,1,0,500,参考下端は推定値であり実測下限の保証なし
665553,30,火属性,851,831,20,1,0,500,参考下端は推定値であり実測下限の保証なし
665544,30,火属性,857,830,27,1,0,500,参考下端は推定値であり実測下限の保証なし
665543,29,火属性,837,810,27,1,0,500,参考下端は推定値であり実測下限の保証なし
665533,28,火属性,797,777,20,1,0,500,参考下端は推定値であり実測下限の保証なし
665444,29,火属性,830,796,34,0,95,405,参考下端は推定値であり実測下限の保証なし
665443,28,火属性,810,776,34,0,284,216,参考下端は推定値であり実測下限の保証なし
665433,27,火属性,776,749,27,0,248,252,参考下端は推定値であり実測下限の保証なし
665333,26,火属性,735,715,20,0,72,428,参考下端は推定値であり実測下限の保証なし
664444,28,火属性,782,748,34,1,22,478,参考下端は推定値であり実測下限の保証なし
664443,27,火属性,768,734,34,0,99,401,参考下端は推定値であり実測下限の保証なし
664433,26,火属性,734,707,27,0,161,339,参考下端は推定値であり実測下限の保証なし
664333,25,火属性,700,680,20,0,90,410,参考下端は推定値であり実測下限の保証なし
663333,24,火属性,652,639,13,1,12,488,参考下端は推定値であり実測下限の保証なし
655555,31,火属性,851,825,26,1,0,500,参考下端は推定値であり実測下限の保証なし
655554,30,火属性,857,831,26,1,0,500,参考下端は推定値であり実測下限の保証なし
655553,29,火属性,831,804,27,1,0,500,参考下端は推定値であり実測下限の保証なし
655544,29,火属性,837,810,27,1,0,500,参考下端は推定値であり実測下限の保証なし
655543,28,火属性,817,790,27,1,0,500,参考下端は推定値であり実測下限の保証なし
655533,27,火属性,777,757,20,1,0,500,参考下端は推定値であり実測下限の保証なし
655444,28,火属性,816,783,33,1,0,500,参考下端は推定値であり実測下限の保証なし
655443,27,火属性,796,762,34,1,0,500,参考下端は推定値であり実測下限の保証なし
655433,26,火属性,762,735,27,1,0,500,参考下端は推定値であり実測下限の保証なし
655333,25,火属性,722,702,20,1,0,500,参考下端は推定値であり実測下限の保証なし
654444,27,火属性,782,741,41,1,26,474,参考下端は推定値であり実測下限の保証なし
654443,26,火属性,768,727,41,0,109,391,参考下端は推定値であり実測下限の保証なし
654433,25,火属性,734,700,34,0,193,307,参考下端は推定値であり実測下限の保証なし
654333,24,火属性,700,673,27,0,104,396,参考下端は推定値であり実測下限の保証なし
653333,23,火属性,652,632,20,1,12,488,参考下端は推定値であり実測下限の保証なし
644444,26,火属性,732,691,41,1,1,499,参考下端は推定値であり実測下限の保証なし
644443,25,火属性,719,678,41,1,17,483,参考下端は推定値であり実測下限の保証なし
644433,24,火属性,691,657,34,0,70,430,参考下端は推定値であり実測下限の保証なし
644333,23,火属性,657,630,27,0,77,423,参考下端は推定値であり実測下限の保証なし
643333,22,火属性,616,595,21,1,14,486,参考下端は推定値であり実測下限の保証なし
633333,21,火属性,568,548,20,1,1,499,参考下端は推定値であり実測下限の保証なし
555555,30,火属性,772,745,27,1,0,500,参考下端は推定値であり実測下限の保証なし
555554,29,火属性,784,758,26,1,0,500,参考下端は推定値であり実測下限の保証なし
555553,28,火属性,758,731,27,1,0,500,参考下端は推定値であり実測下限の保証なし
555544,28,火属性,783,757,26,1,0,500,参考下端は推定値であり実測下限の保証なし
555543,27,火属性,763,737,26,1,0,500,参考下端は推定値であり実測下限の保証なし
555533,26,火属性,723,703,20,1,0,500,参考下端は推定値であり実測下限の保証なし
555444,27,火属性,762,735,27,1,0,500,参考下端は推定値であり実測下限の保証なし
555443,26,火属性,742,715,27,1,0,500,参考下端は推定値であり実測下限の保証なし
555433,25,火属性,708,688,20,1,0,500,参考下端は推定値であり実測下限の保証なし
555333,24,火属性,668,654,14,1,0,500,参考下端は推定値であり実測下限の保証なし
554444,26,火属性,734,700,34,1,0,500,参考下端は推定値であり実測下限の保証なし
554443,25,火属性,720,686,34,1,0,500,参考下端は推定値であり実測下限の保証なし
554433,24,火属性,686,659,27,1,0,500,参考下端は推定値であり実測下限の保証なし
554333,23,火属性,652,632,20,1,0,500,参考下端は推定値であり実測下限の保証なし
553333,22,火属性,605,591,14,1,0,500,参考下端は推定値であり実測下限の保証なし
544444,25,火属性,698,657,41,1,0,500,参考下端は推定値であり実測下限の保証なし
544443,24,火属性,685,643,42,1,12,488,参考下端は推定値であり実測下限の保証なし
544433,23,火属性,657,623,34,0,81,419,参考下端は推定値であり実測下限の保証なし
544333,22,火属性,623,595,28,0,91,409,参考下端は推定値であり実測下限の保証なし
543333,21,火属性,582,561,21,1,17,483,参考下端は推定値であり実測下限の保証なし
533333,20,火属性,534,513,21,1,1,499,参考下端は推定値であり実測下限の保証なし
444444,24,火属性,641,600,41,1,0,500,参考下端は推定値であり実測下限の保証なし
444443,23,火属性,634,593,41,1,0,500,参考下端は推定値であり実測下限の保証なし
444433,22,火属性,607,572,35,1,8,492,参考下端は推定値であり実測下限の保証なし
444333,21,火属性,579,552,27,0,37,463,参考下端は推定値であり実測下限の保証なし
443333,20,火属性,538,517,21,1,11,489,参考下端は推定値であり実測下限の保証なし
433333,19,火属性,496,476,20,1,1,499,参考下端は推定値であり実測下限の保証なし
333333,18,火属性,441,427,14,1,0,500,参考下端は推定値であり実測下限の保証なし
887333,32,風属性,859,840,19,1,33,467,参考下端は推定値であり実測下限の保証なし
886433,32,風属性,872,847,25,0,201,299,参考下端は推定値であり実測下限の保証なし
886333,31,風属性,835,817,18,1,27,473,参考下端は推定値であり実測下限の保証なし
885533,32,風属性,853,828,25,0,143,357,参考下端は推定値であり実測下限の保証なし
885443,32,風属性,866,829,37,0,298,202,参考下端は推定値であり実測下限の保証なし
885433,31,風属性,835,805,30,0,187,313,参考下端は推定値であり実測下限の保証なし
885333,30,風属性,799,774,25,1,32,468,参考下端は推定値であり実測下限の保証なし
884444,32,風属性,842,805,37,1,63,437,参考下端は推定値であり実測下限の保証なし
884443,31,風属性,830,793,37,0,150,350,参考下端は推定値であり実測下限の保証なし
884433,30,風属性,805,774,31,0,165,335,参考下端は推定値であり実測下限の保証なし
884333,29,風属性,768,744,24,1,30,470,参考下端は推定値であり実測下限の保証なし
883333,28,風属性,731,713,18,1,3,497,参考下端は推定値であり実測下限の保証なし
877433,32,風属性,884,860,24,0,196,304,参考下端は推定値であり実測下限の保証なし
877333,31,風属性,847,829,18,1,54,446,参考下端は推定値であり実測下限の保証なし
876533,32,風属性,896,878,18,0,168,332,参考下端は推定値であり実測下限の保証なし
876443,32,風属性,897,873,24,0,316,184,参考下端は推定値であり実測下限の保証なし
876433,31,風属性,867,848,19,0,173,327,参考下端は推定値であり実測下限の保証なし
876333,30,風属性,830,817,13,1,32,468,参考下端は推定値であり実測下限の保証なし
875543,32,風属性,878,854,24,0,278,222,参考下端は推定値であり実測下限の保証なし
875533,31,風属性,847,829,18,0,135,365,参考下端は推定値であり実測下限の保証なし
875444,32,風属性,879,848,31,0,154,346,参考下端は推定値であり実測下限の保証なし
875443,31,風属性,861,830,31,0,283,217,参考下端は推定値であり実測下限の保証なし
875433,30,風属性,830,805,25,0,177,323,参考下端は推定値であり実測下限の保証なし
875333,29,風属性,793,774,19,1,26,474,参考下端は推定値であり実測下限の保証なし
874444,31,風属性,837,806,31,1,69,431,参考下端は推定値であり実測下限の保証なし
874443,30,風属性,824,793,31,0,145,355,参考下端は推定値であり実測下限の保証なし
874433,29,風属性,799,775,24,0,158,342,参考下端は推定値であり実測下限の保証なし
874333,28,風属性,762,744,18,1,32,468,参考下端は推定値であり実測下限の保証なし
873333,27,風属性,725,713,12,1,5,495,参考下端は推定値であり実測下限の保証なし
866633,32,風属性,891,879,12,1,3,497,参考下端は推定値であり実測下限の保証なし
866543,32,風属性,904,879,25,0,339,161,参考下端は推定値であり実測下限の保証なし
866533,31,風属性,873,854,19,0,175,325,参考下端は推定値であり実測下限の保証なし
866444,32,風属性,892,868,24,0,165,335,参考下端は推定値であり実測下限の保証なし
866443,31,風属性,874,849,25,0,321,179,参考下端は推定値であり実測下限の保証なし
866433,30,風属性,843,824,19,0,199,301,参考下端は推定値であり実測下限の保証なし
866333,29,風属性,806,793,13,1,49,451,参考下端は推定値であり実測下限の保証なし
865553,32,風属性,866,847,19,1,216,284,参考下端は推定値であり実測下限の保証なし
865544,32,風属性,879,854,25,0,235,265,参考下端は推定値であり実測下限の保証なし
865543,31,風属性,854,830,24,0,314,186,参考下端は推定値であり実測下限の保証なし
865533,30,風属性,824,805,19,0,164,336,参考下端は推定値であり実測下限の保証なし
865444,31,風属性,855,824,31,0,140,360,参考下端は推定値であり実測下限の保証なし
865443,30,風属性,837,806,31,0,292,208,参考下端は推定値であり実測下限の保証なし
865433,29,風属性,806,781,25,0,199,301,参考下端は推定値であり実測下限の保証なし
865333,28,風属性,768,750,18,1,26,474,参考下端は推定値であり実測下限の保証なし
864444,30,風属性,812,781,31,1,68,432,参考下端は推定値であり実測下限の保証なし
864443,29,風属性,800,768,32,0,190,310,参考下端は推定値であり実測下限の保証なし
864433,28,風属性,775,750,25,0,191,309,参考下端は推定値であり実測下限の保証なし
864333,27,風属性,737,718,19,1,35,465,参考下端は推定値であり実測下限の保証なし
863333,26,風属性,700,687,13,1,6,494,参考下端は推定値であり実測下限の保証なし
855554,32,風属性,835,817,18,1,89,411,参考下端は推定値であり実測下限の保証なし
855553,31,風属性,811,793,18,1,90,410,参考下端は推定値であり実測下限の保証なし
855544,31,風属性,824,799,25,1,176,324,参考下端は推定値であり実測下限の保証なし
855543,30,風属性,799,774,25,1,225,275,参考下端は推定値であり実測下限の保証なし
855533,29,風属性,768,750,18,1,109,391,参考下端は推定値であり実測下限の保証なし
855444,30,風属性,806,775,31,0,140,360,参考下端は推定値であり実測下限の保証なし
855443,29,風属性,787,756,31,0,277,223,参考下端は推定値であり実測下限の保証なし
855433,28,風属性,756,731,25,0,153,347,参考下端は推定値であり実測下限の保証なし
855333,27,風属性,719,700,19,1,33,467,参考下端は推定値であり実測下限の保証なし
854444,29,風属性,775,737,38,1,58,442,参考下端は推定値であり実測下限の保証なし
854443,28,風属性,762,725,37,0,145,355,参考下端は推定値であり実測下限の保証なし
854433,27,風属性,737,706,31,0,147,353,参考下端は推定値であり実測下限の保証なし
854333,26,風属性,700,675,25,1,26,474,参考下端は推定値であり実測下限の保証なし
853333,25,風属性,662,643,19,1,3,497,参考下端は推定値であり実測下限の保証なし
844444,28,風属性,730,693,37,1,18,482,参考下端は推定値であり実測下限の保証なし
844443,27,風属性,718,680,38,1,66,434,参考下端は推定値であり実測下限の保証なし
844433,26,風属性,699,667,32,0,96,404,参考下端は推定値であり実測下限の保証なし
844333,25,風属性,667,642,25,1,33,467,参考下端は推定値であり実測下限の保証なし
843333,24,風属性,630,611,19,1,5,495,参考下端は推定値であり実測下限の保証なし
833333,23,風属性,585,573,12,1,0,500,参考下端は推定値であり実測下限の保証なし
777533,32,風属性,890,866,24,1,3,497,参考下端は推定値であり実測下限の保証なし
777443,32,風属性,891,861,30,1,0,500,参考下端は推定値であり実測下限の保証なし
777433,31,風属性,861,836,25,1,0,500,参考下端は推定値であり実測下限の保証なし
777333,30,風属性,824,805,19,1,0,500,参考下端は推定値であり実測下限の保証なし
776633,32,風属性,922,910,12,0,155,345,参考下端は推定値であり実測下限の保証なし
776543,32,風属性,916,891,25,0,373,127,参考下端は推定値であり実測下限の保証なし
776533,31,風属性,885,867,18,0,179,321,参考下端は推定値であり実測下限の保証なし
776444,32,風属性,905,880,25,0,176,324,参考下端は推定値であり実測下限の保証なし
776443,31,風属性,886,861,25,0,302,198,参考下端は推定値であり実測下限の保証なし
776433,30,風属性,855,837,18,0,196,304,参考下端は推定値であり実測下限の保証なし
776333,29,風属性,818,806,12,1,57,443,参考下端は推定値であり実測下限の保証なし
775553,32,風属性,878,860,18,1,184,316,参考下端は推定値であり実測下限の保証なし
775544,32,風属性,891,867,24,0,223,277,参考下端は推定値であり実測下限の保証なし
775543,31,風属性,867,842,25,0,290,210,参考下端は推定値であり実測下限の保証なし
775533,30,風属性,836,817,19,0,141,359,参考下端は推定値であり実測下限の保証なし
775444,31,風属性,868,837,31,0,163,337,参考下端は推定値であり実測下限の保証なし
775443,30,風属性,849,818,31,0,295,205,参考下端は推定値であり実測下限の保証なし
775433,29,風属性,818,793,25,0,183,317,参考下端は推定値であり実測下限の保証なし
775333,28,風属性,781,762,19,1,59,441,参考下端は推定値であり実測下限の保証なし
774444,30,風属性,825,793,32,1,77,423,参考下端は推定値であり実測下限の保証なし
774443,29,風属性,812,781,31,0,163,337,参考下端は推定値であり実測下限の保証なし
774433,28,風属性,787,762,25,0,171,329,参考下端は推定値であり実測下限の保証なし
774333,27,風属性,750,731,19,1,50,450,参考下端は推定値であり実測下限の保証なし
773333,26,風属性,712,700,12,1,11,489,参考下端は推定値であり実測下限の保証なし
766643,32,風属性,917,905,12,1,14,486,参考下端は推定値であり実測下限の保証なし
766633,31,風属性,886,880,6,1,9,491,参考下端は推定値であり実測下限の保証なし
766553,32,風属性,916,904,12,0,250,250,参考下端は推定値であり実測下限の保証なし
766544,32,風属性,923,905,18,0,231,269,参考下端は推定値であり実測下限の保証なし
766543,31,風属性,899,880,19,0,358,142,参考下端は推定値であり実測下限の保証なし
766533,30,風属性,868,855,13,0,166,334,参考下端は推定値であり実測下限の保証なし
766444,31,風属性,887,868,19,0,136,364,参考下端は推定値であり実測下限の保証なし
766443,30,風属性,868,850,18,0,251,249,参考下端は推定値であり実測下限の保証なし
766433,29,風属性,837,825,12,0,183,317,参考下端は推定値であり実測下限の保証なし
766333,28,風属性,800,793,7,1,56,444,参考下端は推定値であり実測下限の保証なし
765554,32,風属性,885,873,12,1,200,300,参考下端は推定値であり実測下限の保証なし
765553,31,風属性,861,848,13,1,208,292,参考下端は推定値であり実測下限の保証なし
765544,31,風属性,874,855,19,0,239,261,参考下端は推定値であり実測下限の保証なし
765543,30,風属性,849,830,19,0,268,232,参考下端は推定値であり実測下限の保証なし
765533,29,風属性,818,806,12,0,146,354,参考下端は推定値であり実測下限の保証なし
765444,30,風属性,850,825,25,0,161,339,参考下端は推定値であり実測下限の保証なし
765443,29,風属性,831,806,25,0,303,197,参考下端は推定値であり実測下限の保証なし
765433,28,風属性,800,781,19,0,178,322,参考下端は推定値であり実測下限の保証なし
765333,27,風属性,762,750,12,1,37,463,参考下端は推定値であり実測下限の保証なし
764444,29,風属性,806,781,25,1,70,430,参考下端は推定値であり実測下限の保証なし
764443,28,風属性,793,768,25,0,153,347,参考下端は推定値であり実測下限の保証なし
764433,27,風属性,768,749,19,0,162,338,参考下端は推定値であり実測下限の保証なし
764333,26,風属性,730,718,12,1,37,463,参考下端は推定値であり実測下限の保証なし
763333,25,風属性,693,686,7,1,8,492,参考下端は推定値であり実測下限の保証なし
755555,32,風属性,841,835,6,1,13,487,参考下端は推定値であり実測下限の保証なし
755554,31,風属性,830,817,13,1,67,433,参考下端は推定値であり実測下限の保証なし
755553,30,風属性,805,793,12,1,72,428,参考下端は推定値であり実測下限の保証なし
755544,30,風属性,818,799,19,1,160,340,参考下端は推定値であり実測下限の保証なし
755543,29,風属性,793,775,18,1,202,298,参考下端は推定値であり実測下限の保証なし
755533,28,風属性,762,750,12,1,103,397,参考下端は推定値であり実測下限の保証なし
755444,29,風属性,800,775,25,0,129,371,参考下端は推定値であり実測下限の保証なし
755443,28,風属性,781,756,25,0,216,284,参考下端は推定値であり実測下限の保証なし
755433,27,風属性,750,731,19,0,143,357,参考下端は推定値であり実測下限の保証なし
755333,26,風属性,712,700,12,1,30,470,参考下端は推定値であり実測下限の保証なし
754444,28,風属性,768,737,31,1,59,441,参考下端は推定値であり実測下限の保証なし
754443,27,風属性,756,724,32,0,151,349,参考下端は推定値であり実測下限の保証なし
754433,26,風属性,730,705,25,0,146,354,参考下端は推定値であり実測下限の保証なし
754333,25,風属性,693,674,19,1,32,468,参考下端は推定値であり実測下限の保証なし
753333,24,風属性,655,642,13,1,5,495,参考下端は推定値であり実測下限の保証なし
744444,27,風属性,723,692,31,1,17,483,参考下端は推定値であり実測下限の保証なし
744443,26,風属性,711,679,32,1,51,449,参考下端は推定値であり実測下限の保証なし
744433,25,風属性,692,666,26,0,82,418,参考下端は推定値であり実測下限の保証なし
744333,24,風属性,660,641,19,1,34,466,参考下端は推定値であり実測下限の保証なし
743333,23,風属性,622,609,13,1,6,494,参考下端は推定値であり実測下限の保証なし
733333,22,風属性,577,571,6,1,1,499,参考下端は推定値であり実測下限の保証なし
666653,32,風属性,899,880,19,1,4,496,参考下端は推定値であり実測下限の保証なし
666644,32,風属性,893,875,18,1,9,491,参考下端は推定値であり実測下限の保証なし
666643,31,風属性,868,850,18,1,0,500,参考下端は推定値であり実測下限の保証なし
666633,30,風属性,837,825,12,1,2,498,参考下端は推定値であり実測下限の保証なし
666554,32,風属性,899,886,13,1,13,487,参考下端は推定値であり実測下限の保証なし
666553,31,風属性,874,861,13,1,12,488,参考下端は推定値であり実測下限の保証なし
666544,31,風属性,881,862,19,1,7,493,参考下端は推定値であり実測下限の保証なし
666543,30,風属性,856,837,19,1,4,496,参考下端は推定値であり実測下限の保証なし
666533,29,風属性,825,812,13,1,6,494,参考下端は推定値であり実測下限の保証なし
666444,30,風属性,844,825,19,1,5,495,参考下端は推定値であり実測下限の保証なし
666443,29,風属性,825,806,19,1,2,498,参考下端は推定値であり実測下限の保証なし
666433,28,風属性,793,781,12,1,2,498,参考下端は推定値であり実測下限の保証なし
666333,27,風属性,756,749,7,1,0,500,参考下端は推定値であり実測下限の保証なし
665555,32,風属性,873,867,6,1,55,445,参考下端は推定値であり実測下限の保証なし
665554,31,風属性,861,849,12,1,165,335,参考下端は推定値であり実測下限の保証なし
665553,30,風属性,837,824,13,1,170,330,参考下端は推定値であり実測下限の保証なし
665544,30,風属性,850,831,19,0,213,287,参考下端は推定値であり実測下限の保証なし
665543,29,風属性,825,806,19,0,281,219,参考下端は推定値であり実測下限の保証なし
665533,28,風属性,793,781,12,0,131,369,参考下端は推定値であり実測下限の保証なし
665444,29,風属性,825,800,25,0,150,350,参考下端は推定値であり実測下限の保証なし
665443,28,風属性,806,781,25,0,283,217,参考下端は推定値であり実測下限の保証なし
665433,27,風属性,774,756,18,0,170,330,参考下端は推定値であり実測下限の保証なし
665333,26,風属性,737,724,13,1,60,440,参考下端は推定値であり実測下限の保証なし
664444,28,風属性,781,755,26,1,65,435,参考下端は推定値であり実測下限の保証なし
664443,27,風属性,768,742,26,0,154,346,参考下端は推定値であり実測下限の保証なし
664433,26,風属性,742,723,19,0,164,336,参考下端は推定値であり実測下限の保証なし
664333,25,風属性,704,692,12,1,50,450,参考下端は推定値であり実測下限の保証なし
663333,24,風属性,666,660,6,1,12,488,参考下端は推定値であり実測下限の保証なし
655555,31,風属性,817,811,6,1,6,494,参考下端は推定値であり実測下限の保証なし
655554,30,風属性,806,793,13,1,73,427,参考下端は推定値であり実測下限の保証なし
655553,29,風属性,781,768,13,1,74,426,参考下端は推定値であり実測下限の保証なし
655544,29,風属性,793,775,18,1,163,337,参考下端は推定値であり実測下限の保証なし
655543,28,風属性,768,750,18,1,216,284,参考下端は推定値であり実測下限の保証なし
655533,27,風属性,737,725,12,1,108,392,参考下端は推定値であり実測下限の保証なし
655444,28,風属性,774,749,25,0,140,360,参考下端は推定値であり実測下限の保証なし
655443,27,風属性,756,730,26,0,234,266,参考下端は推定値であり実測下限の保証なし
655433,26,風属性,724,705,19,0,147,353,参考下端は推定値であり実測下限の保証なし
655333,25,風属性,686,674,12,1,34,466,参考下端は推定値であり実測下限の保証なし
654444,27,風属性,742,711,31,1,60,440,参考下端は推定値であり実測下限の保証なし
654443,26,風属性,730,698,32,0,167,333,参考下端は推定値であり実測下限の保証なし
654433,25,風属性,704,679,25,0,165,335,参考下端は推定値であり実測下限の保証なし
654333,24,風属性,666,647,19,1,35,465,参考下端は推定値であり実測下限の保証なし
653333,23,風属性,628,615,13,1,4,496,参考下端は推定値であり実測下限の保証なし
644444,26,風属性,697,665,32,1,18,482,参考下端は推定値であり実測下限の保証なし
644443,25,風属性,684,652,32,1,67,433,参考下端は推定値であり実測下限の保証なし
644433,24,風属性,665,640,25,0,87,413,参考下端は推定値であり実測下限の保証なし
644333,23,風属性,633,614,19,1,38,462,参考下端は推定値であり実測下限の保証なし
643333,22,風属性,595,582,13,1,4,496,参考下端は推定値であり実測下限の保証なし
633333,21,風属性,550,544,6,1,0,500,参考下端は推定値であり実測下限の保証なし
555555,30,風属性,744,731,13,1,1,499,参考下端は推定値であり実測下限の保証なし
555554,29,風属性,750,737,13,1,2,498,参考下端は推定値であり実測下限の保証なし
555553,28,風属性,725,713,12,1,0,500,参考下端は推定値であり実測下限の保証なし
555544,28,風属性,737,718,19,1,61,439,参考下端は推定値であり実測下限の保証なし
555543,27,風属性,712,693,19,1,95,405,参考下端は推定値であり実測下限の保証なし
555533,26,風属性,681,668,13,1,52,448,参考下端は推定値であり実測下限の保証なし
555444,27,風属性,718,693,25,1,101,399,参考下端は推定値であり実測下限の保証なし
555443,26,風属性,699,674,25,1,163,337,参考下端は推定値であり実測下限の保証なし
555433,25,風属性,667,648,19,1,112,388,参考下端は推定値であり実測下限の保証なし
555333,24,風属性,630,617,13,1,24,476,参考下端は推定値であり実測下限の保証なし
554444,26,風属性,692,660,32,1,49,451,参考下端は推定値であり実測下限の保証なし
554443,25,風属性,679,647,32,0,129,371,参考下端は推定値であり実測下限の保証なし
554433,24,風属性,654,628,26,0,141,359,参考下端は推定値であり実測下限の保証なし
554333,23,風属性,615,596,19,1,30,470,参考下端は推定値であり実測下限の保証なし
553333,22,風属性,577,565,12,1,6,494,参考下端は推定値であり実測下限の保証なし
544444,25,風属性,659,620,39,1,15,485,参考下端は推定値であり実測下限の保証なし
544443,24,風属性,646,608,38,1,62,438,参考下端は推定値であり実測下限の保証なし
544433,23,風属性,627,595,32,0,90,410,参考下端は推定値であり実測下限の保証なし
544333,22,風属性,595,569,26,1,28,472,参考下端は推定値であり実測下限の保証なし
543333,21,風属性,556,537,19,1,3,497,参考下端は推定値であり実測下限の保証なし
533333,20,風属性,512,499,13,1,1,499,参考下端は推定値であり実測下限の保証なし
444444,24,風属性,606,567,39,1,1,499,参考下端は推定値であり実測下限の保証なし
444443,23,風属性,599,561,38,1,16,484,参考下端は推定値であり実測下限の保証なし
444433,22,風属性,580,548,32,1,34,466,参考下端は推定値であり実測下限の保証なし
444333,21,風属性,554,528,26,1,21,479,参考下端は推定値であり実測下限の保証なし
443333,20,風属性,522,503,19,1,5,495,参考下端は推定値であり実測下限の保証なし
433333,19,風属性,477,464,13,1,0,500,参考下端は推定値であり実測下限の保証なし
333333,18,風属性,432,425,7,1,0,500,参考下端は推定値であり実測下限の保証なし
