コスト構成,コスト合計,能力,採用倍率％,基本倍率％,能力別補正差ポイント,基本倍率の根拠,編成実測の有無,推定値の保証
887333,32,生命力,180,180,0,基本倍率は未実測の推定,該当構成のゲーム実測なし,ゲーム実測以下の保証なし
887333,32,気合,180,180,0,基本倍率は未実測の推定,該当構成のゲーム実測なし,ゲーム実測以下の保証なし
887333,32,腕力,635,650,-15,基本倍率は未実測の推定,該当構成のゲーム実測なし,ゲーム実測以下の保証なし
887333,32,耐久力,635,650,-15,基本倍率は未実測の推定,該当構成のゲーム実測なし,ゲーム実測以下の保証なし
887333,32,器用さ,640,650,-10,基本倍率は未実測の推定,該当構成のゲーム実測なし,ゲーム実測以下の保証なし
887333,32,知力,650,650,0,基本倍率は未実測の推定,該当構成のゲーム実測なし,ゲーム実測以下の保証なし
887333,32,魅力,650,650,0,基本倍率は未実測の推定,該当構成のゲーム実測なし,ゲーム実測以下の保証なし
887333,32,土属性,650,650,0,基本倍率は未実測の推定,該当構成のゲーム実測なし,ゲーム実測以下の保証なし
887333,32,水属性,650,650,0,基本倍率は未実測の推定,該当構成のゲーム実測なし,ゲーム実測以下の保証なし
887333,32,火属性,650,650,0,基本倍率は未実測の推定,該当構成のゲーム実測なし,ゲーム実測以下の保証なし
887333,32,風属性,605,650,-45,基本倍率は未実測の推定,該当構成のゲーム実測なし,ゲーム実測以下の保証なし
886433,32,生命力,185,185,0,公開資料で基本倍率のみ照合,該当構成のゲーム実測なし,ゲーム実測以下の保証なし
886433,32,気合,185,185,0,公開資料で基本倍率のみ照合,該当構成のゲーム実測なし,ゲーム実測以下の保証なし
886433,32,腕力,640,655,-15,公開資料で基本倍率のみ照合,該当構成のゲーム実測なし,ゲーム実測以下の保証なし
886433,32,耐久力,640,655,-15,公開資料で基本倍率のみ照合,該当構成のゲーム実測なし,ゲーム実測以下の保証なし
886433,32,器用さ,645,655,-10,公開資料で基本倍率のみ照合,該当構成のゲーム実測なし,ゲーム実測以下の保証なし
886433,32,知力,655,655,0,公開資料で基本倍率のみ照合,該当構成のゲーム実測なし,ゲーム実測以下の保証なし
886433,32,魅力,655,655,0,公開資料で基本倍率のみ照合,該当構成のゲーム実測なし,ゲーム実測以下の保証なし
886433,32,土属性,655,655,0,公開資料で基本倍率のみ照合,該当構成のゲーム実測なし,ゲーム実測以下の保証なし
886433,32,水属性,655,655,0,公開資料で基本倍率のみ照合,該当構成のゲーム実測なし,ゲーム実測以下の保証なし
886433,32,火属性,655,655,0,公開資料で基本倍率のみ照合,該当構成のゲーム実測なし,ゲーム実測以下の保証なし
886433,32,風属性,610,655,-45,公開資料で基本倍率のみ照合,該当構成のゲーム実測なし,ゲーム実測以下の保証なし
886333,31,生命力,185,185,0,基本倍率は未実測の推定,該当構成のゲーム実測なし,ゲーム実測以下の保証なし
886333,31,気合,185,185,0,基本倍率は未実測の推定,該当構成のゲーム実測なし,ゲーム実測以下の保証なし
886333,31,腕力,640,655,-15,基本倍率は未実測の推定,該当構成のゲーム実測なし,ゲーム実測以下の保証なし
886333,31,耐久力,640,655,-15,基本倍率は未実測の推定,該当構成のゲーム実測なし,ゲーム実測以下の保証なし
886333,31,器用さ,645,655,-10,基本倍率は未実測の推定,該当構成のゲーム実測なし,ゲーム実測以下の保証なし
886333,31,知力,655,655,0,基本倍率は未実測の推定,該当構成のゲーム実測なし,ゲーム実測以下の保証なし
886333,31,魅力,655,655,0,基本倍率は未実測の推定,該当構成のゲーム実測なし,ゲーム実測以下の保証なし
886333,31,土属性,655,655,0,基本倍率は未実測の推定,該当構成のゲーム実測なし,ゲーム実測以下の保証なし
886333,31,水属性,655,655,0,基本倍率は未実測の推定,該当構成のゲーム実測なし,ゲーム実測以下の保証なし
886333,31,火属性,655,655,0,基本倍率は未実測の推定,該当構成のゲーム実測なし,ゲーム実測以下の保証なし
886333,31,風属性,610,655,-45,基本倍率は未実測の推定,該当構成のゲーム実測なし,ゲーム実測以下の保証なし
885533,32,生命力,180,180,0,基本倍率は未実測の推定,該当構成のゲーム実測なし,ゲーム実測以下の保証なし
885533,32,気合,180,180,0,基本倍率は未実測の推定,該当構成のゲーム実測なし,ゲーム実測以下の保証なし
885533,32,腕力,635,650,-15,基本倍率は未実測の推定,該当構成のゲーム実測なし,ゲーム実測以下の保証なし
885533,32,耐久力,635,650,-15,基本倍率は未実測の推定,該当構成のゲーム実測なし,ゲーム実測以下の保証なし
885533,32,器用さ,640,650,-10,基本倍率は未実測の推定,該当構成のゲーム実測なし,ゲーム実測以下の保証なし
885533,32,知力,650,650,0,基本倍率は未実測の推定,該当構成のゲーム実測なし,ゲーム実測以下の保証なし
885533,32,魅力,650,650,0,基本倍率は未実測の推定,該当構成のゲーム実測なし,ゲーム実測以下の保証なし
885533,32,土属性,650,650,0,基本倍率は未実測の推定,該当構成のゲーム実測なし,ゲーム実測以下の保証なし
885533,32,水属性,650,650,0,基本倍率は未実測の推定,該当構成のゲーム実測なし,ゲーム実測以下の保証なし
885533,32,火属性,650,650,0,基本倍率は未実測の推定,該当構成のゲーム実測なし,ゲーム実測以下の保証なし
885533,32,風属性,605,650,-45,基本倍率は未実測の推定,該当構成のゲーム実測なし,ゲーム実測以下の保証なし
885443,32,生命力,185,185,0,基本倍率は未実測の推定,該当構成のゲーム実測なし,ゲーム実測以下の保証なし
885443,32,気合,185,185,0,基本倍率は未実測の推定,該当構成のゲーム実測なし,ゲーム実測以下の保証なし
885443,32,腕力,640,655,-15,基本倍率は未実測の推定,該当構成のゲーム実測なし,ゲーム実測以下の保証なし
885443,32,耐久力,640,655,-15,基本倍率は未実測の推定,該当構成のゲーム実測なし,ゲーム実測以下の保証なし
885443,32,器用さ,645,655,-10,基本倍率は未実測の推定,該当構成のゲーム実測なし,ゲーム実測以下の保証なし
885443,32,知力,655,655,0,基本倍率は未実測の推定,該当構成のゲーム実測なし,ゲーム実測以下の保証なし
885443,32,魅力,655,655,0,基本倍率は未実測の推定,該当構成のゲーム実測なし,ゲーム実測以下の保証なし
885443,32,土属性,655,655,0,基本倍率は未実測の推定,該当構成のゲーム実測なし,ゲーム実測以下の保証なし
885443,32,水属性,655,655,0,基本倍率は未実測の推定,該当構成のゲーム実測なし,ゲーム実測以下の保証なし
885443,32,火属性,655,655,0,基本倍率は未実測の推定,該当構成のゲーム実測なし,ゲーム実測以下の保証なし
885443,32,風属性,610,655,-45,基本倍率は未実測の推定,該当構成のゲーム実測なし,ゲーム実測以下の保証なし
885433,31,生命力,185,185,0,基本倍率は未実測の推定,該当構成のゲーム実測なし,ゲーム実測以下の保証なし
885433,31,気合,185,185,0,基本倍率は未実測の推定,該当構成のゲーム実測なし,ゲーム実測以下の保証なし
885433,31,腕力,640,655,-15,基本倍率は未実測の推定,該当構成のゲーム実測なし,ゲーム実測以下の保証なし
885433,31,耐久力,640,655,-15,基本倍率は未実測の推定,該当構成のゲーム実測なし,ゲーム実測以下の保証なし
885433,31,器用さ,645,655,-10,基本倍率は未実測の推定,該当構成のゲーム実測なし,ゲーム実測以下の保証なし
885433,31,知力,655,655,0,基本倍率は未実測の推定,該当構成のゲーム実測なし,ゲーム実測以下の保証なし
885433,31,魅力,655,655,0,基本倍率は未実測の推定,該当構成のゲーム実測なし,ゲーム実測以下の保証なし
885433,31,土属性,655,655,0,基本倍率は未実測の推定,該当構成のゲーム実測なし,ゲーム実測以下の保証なし
885433,31,水属性,655,655,0,基本倍率は未実測の推定,該当構成のゲーム実測なし,ゲーム実測以下の保証なし
885433,31,火属性,655,655,0,基本倍率は未実測の推定,該当構成のゲーム実測なし,ゲーム実測以下の保証なし
885433,31,風属性,610,655,-45,基本倍率は未実測の推定,該当構成のゲーム実測なし,ゲーム実測以下の保証なし
885333,30,生命力,185,185,0,基本倍率は未実測の推定,該当構成のゲーム実測なし,ゲーム実測以下の保証なし
885333,30,気合,185,185,0,基本倍率は未実測の推定,該当構成のゲーム実測なし,ゲーム実測以下の保証なし
885333,30,腕力,640,655,-15,基本倍率は未実測の推定,該当構成のゲーム実測なし,ゲーム実測以下の保証なし
885333,30,耐久力,640,655,-15,基本倍率は未実測の推定,該当構成のゲーム実測なし,ゲーム実測以下の保証なし
885333,30,器用さ,645,655,-10,基本倍率は未実測の推定,該当構成のゲーム実測なし,ゲーム実測以下の保証なし
885333,30,知力,655,655,0,基本倍率は未実測の推定,該当構成のゲーム実測なし,ゲーム実測以下の保証なし
885333,30,魅力,655,655,0,基本倍率は未実測の推定,該当構成のゲーム実測なし,ゲーム実測以下の保証なし
885333,30,土属性,655,655,0,基本倍率は未実測の推定,該当構成のゲーム実測なし,ゲーム実測以下の保証なし
885333,30,水属性,655,655,0,基本倍率は未実測の推定,該当構成のゲーム実測なし,ゲーム実測以下の保証なし
885333,30,火属性,655,655,0,基本倍率は未実測の推定,該当構成のゲーム実測なし,ゲーム実測以下の保証なし
885333,30,風属性,610,655,-45,基本倍率は未実測の推定,該当構成のゲーム実測なし,ゲーム実測以下の保証なし
884444,32,生命力,190,190,0,公開資料で基本倍率のみ照合,該当構成のゲーム実測なし,ゲーム実測以下の保証なし
884444,32,気合,190,190,0,公開資料で基本倍率のみ照合,該当構成のゲーム実測なし,ゲーム実測以下の保証なし
884444,32,腕力,645,660,-15,公開資料で基本倍率のみ照合,該当構成のゲーム実測なし,ゲーム実測以下の保証なし
884444,32,耐久力,645,660,-15,公開資料で基本倍率のみ照合,該当構成のゲーム実測なし,ゲーム実測以下の保証なし
884444,32,器用さ,650,660,-10,公開資料で基本倍率のみ照合,該当構成のゲーム実測なし,ゲーム実測以下の保証なし
884444,32,知力,660,660,0,公開資料で基本倍率のみ照合,該当構成のゲーム実測なし,ゲーム実測以下の保証なし
884444,32,魅力,660,660,0,公開資料で基本倍率のみ照合,該当構成のゲーム実測なし,ゲーム実測以下の保証なし
884444,32,土属性,660,660,0,公開資料で基本倍率のみ照合,該当構成のゲーム実測なし,ゲーム実測以下の保証なし
884444,32,水属性,660,660,0,公開資料で基本倍率のみ照合,該当構成のゲーム実測なし,ゲーム実測以下の保証なし
884444,32,火属性,660,660,0,公開資料で基本倍率のみ照合,該当構成のゲーム実測なし,ゲーム実測以下の保証なし
884444,32,風属性,615,660,-45,公開資料で基本倍率のみ照合,該当構成のゲーム実測なし,ゲーム実測以下の保証なし
884443,31,生命力,190,190,0,基本倍率は未実測の推定,該当構成のゲーム実測なし,ゲーム実測以下の保証なし
884443,31,気合,190,190,0,基本倍率は未実測の推定,該当構成のゲーム実測なし,ゲーム実測以下の保証なし
884443,31,腕力,645,660,-15,基本倍率は未実測の推定,該当構成のゲーム実測なし,ゲーム実測以下の保証なし
884443,31,耐久力,645,660,-15,基本倍率は未実測の推定,該当構成のゲーム実測なし,ゲーム実測以下の保証なし
884443,31,器用さ,650,660,-10,基本倍率は未実測の推定,該当構成のゲーム実測なし,ゲーム実測以下の保証なし
884443,31,知力,660,660,0,基本倍率は未実測の推定,該当構成のゲーム実測なし,ゲーム実測以下の保証なし
884443,31,魅力,660,660,0,基本倍率は未実測の推定,該当構成のゲーム実測なし,ゲーム実測以下の保証なし
884443,31,土属性,660,660,0,基本倍率は未実測の推定,該当構成のゲーム実測なし,ゲーム実測以下の保証なし
884443,31,水属性,660,660,0,基本倍率は未実測の推定,該当構成のゲーム実測なし,ゲーム実測以下の保証なし
884443,31,火属性,660,660,0,基本倍率は未実測の推定,該当構成のゲーム実測なし,ゲーム実測以下の保証なし
884443,31,風属性,615,660,-45,基本倍率は未実測の推定,該当構成のゲーム実測なし,ゲーム実測以下の保証なし
884433,30,生命力,190,190,0,基本倍率は未実測の推定,該当構成のゲーム実測なし,ゲーム実測以下の保証なし
884433,30,気合,190,190,0,基本倍率は未実測の推定,該当構成のゲーム実測なし,ゲーム実測以下の保証なし
884433,30,腕力,645,660,-15,基本倍率は未実測の推定,該当構成のゲーム実測なし,ゲーム実測以下の保証なし
884433,30,耐久力,645,660,-15,基本倍率は未実測の推定,該当構成のゲーム実測なし,ゲーム実測以下の保証なし
884433,30,器用さ,650,660,-10,基本倍率は未実測の推定,該当構成のゲーム実測なし,ゲーム実測以下の保証なし
884433,30,知力,660,660,0,基本倍率は未実測の推定,該当構成のゲーム実測なし,ゲーム実測以下の保証なし
884433,30,魅力,660,660,0,基本倍率は未実測の推定,該当構成のゲーム実測なし,ゲーム実測以下の保証なし
884433,30,土属性,660,660,0,基本倍率は未実測の推定,該当構成のゲーム実測なし,ゲーム実測以下の保証なし
884433,30,水属性,660,660,0,基本倍率は未実測の推定,該当構成のゲーム実測なし,ゲーム実測以下の保証なし
884433,30,火属性,660,660,0,基本倍率は未実測の推定,該当構成のゲーム実測なし,ゲーム実測以下の保証なし
884433,30,風属性,615,660,-45,基本倍率は未実測の推定,該当構成のゲーム実測なし,ゲーム実測以下の保証なし
884333,29,生命力,190,190,0,基本倍率は未実測の推定,該当構成のゲーム実測なし,ゲーム実測以下の保証なし
884333,29,気合,190,190,0,基本倍率は未実測の推定,該当構成のゲーム実測なし,ゲーム実測以下の保証なし
884333,29,腕力,645,660,-15,基本倍率は未実測の推定,該当構成のゲーム実測なし,ゲーム実測以下の保証なし
884333,29,耐久力,645,660,-15,基本倍率は未実測の推定,該当構成のゲーム実測なし,ゲーム実測以下の保証なし
884333,29,器用さ,650,660,-10,基本倍率は未実測の推定,該当構成のゲーム実測なし,ゲーム実測以下の保証なし
884333,29,知力,660,660,0,基本倍率は未実測の推定,該当構成のゲーム実測なし,ゲーム実測以下の保証なし
884333,29,魅力,660,660,0,基本倍率は未実測の推定,該当構成のゲーム実測なし,ゲーム実測以下の保証なし
884333,29,土属性,660,660,0,基本倍率は未実測の推定,該当構成のゲーム実測なし,ゲーム実測以下の保証なし
884333,29,水属性,660,660,0,基本倍率は未実測の推定,該当構成のゲーム実測なし,ゲーム実測以下の保証なし
884333,29,火属性,660,660,0,基本倍率は未実測の推定,該当構成のゲーム実測なし,ゲーム実測以下の保証なし
884333,29,風属性,615,660,-45,基本倍率は未実測の推定,該当構成のゲーム実測なし,ゲーム実測以下の保証なし
883333,28,生命力,190,190,0,基本倍率は未実測の推定,該当構成のゲーム実測なし,ゲーム実測以下の保証なし
883333,28,気合,190,190,0,基本倍率は未実測の推定,該当構成のゲーム実測なし,ゲーム実測以下の保証なし
883333,28,腕力,645,660,-15,基本倍率は未実測の推定,該当構成のゲーム実測なし,ゲーム実測以下の保証なし
883333,28,耐久力,645,660,-15,基本倍率は未実測の推定,該当構成のゲーム実測なし,ゲーム実測以下の保証なし
883333,28,器用さ,650,660,-10,基本倍率は未実測の推定,該当構成のゲーム実測なし,ゲーム実測以下の保証なし
883333,28,知力,660,660,0,基本倍率は未実測の推定,該当構成のゲーム実測なし,ゲーム実測以下の保証なし
883333,28,魅力,660,660,0,基本倍率は未実測の推定,該当構成のゲーム実測なし,ゲーム実測以下の保証なし
883333,28,土属性,660,660,0,基本倍率は未実測の推定,該当構成のゲーム実測なし,ゲーム実測以下の保証なし
883333,28,水属性,660,660,0,基本倍率は未実測の推定,該当構成のゲーム実測なし,ゲーム実測以下の保証なし
883333,28,火属性,660,660,0,基本倍率は未実測の推定,該当構成のゲーム実測なし,ゲーム実測以下の保証なし
883333,28,風属性,615,660,-45,基本倍率は未実測の推定,該当構成のゲーム実測なし,ゲーム実測以下の保証なし
877433,32,生命力,185,185,0,基本倍率は未実測の推定,該当構成のゲーム実測なし,ゲーム実測以下の保証なし
877433,32,気合,185,185,0,基本倍率は未実測の推定,該当構成のゲーム実測なし,ゲーム実測以下の保証なし
877433,32,腕力,640,655,-15,基本倍率は未実測の推定,該当構成のゲーム実測なし,ゲーム実測以下の保証なし
877433,32,耐久力,640,655,-15,基本倍率は未実測の推定,該当構成のゲーム実測なし,ゲーム実測以下の保証なし
877433,32,器用さ,645,655,-10,基本倍率は未実測の推定,該当構成のゲーム実測なし,ゲーム実測以下の保証なし
877433,32,知力,655,655,0,基本倍率は未実測の推定,該当構成のゲーム実測なし,ゲーム実測以下の保証なし
877433,32,魅力,655,655,0,基本倍率は未実測の推定,該当構成のゲーム実測なし,ゲーム実測以下の保証なし
877433,32,土属性,655,655,0,基本倍率は未実測の推定,該当構成のゲーム実測なし,ゲーム実測以下の保証なし
877433,32,水属性,655,655,0,基本倍率は未実測の推定,該当構成のゲーム実測なし,ゲーム実測以下の保証なし
877433,32,火属性,655,655,0,基本倍率は未実測の推定,該当構成のゲーム実測なし,ゲーム実測以下の保証なし
877433,32,風属性,610,655,-45,基本倍率は未実測の推定,該当構成のゲーム実測なし,ゲーム実測以下の保証なし
877333,31,生命力,185,185,0,基本倍率は未実測の推定,該当構成のゲーム実測なし,ゲーム実測以下の保証なし
877333,31,気合,185,185,0,基本倍率は未実測の推定,該当構成のゲーム実測なし,ゲーム実測以下の保証なし
877333,31,腕力,640,655,-15,基本倍率は未実測の推定,該当構成のゲーム実測なし,ゲーム実測以下の保証なし
877333,31,耐久力,640,655,-15,基本倍率は未実測の推定,該当構成のゲーム実測なし,ゲーム実測以下の保証なし
877333,31,器用さ,645,655,-10,基本倍率は未実測の推定,該当構成のゲーム実測なし,ゲーム実測以下の保証なし
877333,31,知力,655,655,0,基本倍率は未実測の推定,該当構成のゲーム実測なし,ゲーム実測以下の保証なし
877333,31,魅力,655,655,0,基本倍率は未実測の推定,該当構成のゲーム実測なし,ゲーム実測以下の保証なし
877333,31,土属性,655,655,0,基本倍率は未実測の推定,該当構成のゲーム実測なし,ゲーム実測以下の保証なし
877333,31,水属性,655,655,0,基本倍率は未実測の推定,該当構成のゲーム実測なし,ゲーム実測以下の保証なし
877333,31,火属性,655,655,0,基本倍率は未実測の推定,該当構成のゲーム実測なし,ゲーム実測以下の保証なし
877333,31,風属性,610,655,-45,基本倍率は未実測の推定,該当構成のゲーム実測なし,ゲーム実測以下の保証なし
876533,32,生命力,185,185,0,基本倍率は未実測の推定,該当構成のゲーム実測なし,ゲーム実測以下の保証なし
876533,32,気合,185,185,0,基本倍率は未実測の推定,該当構成のゲーム実測なし,ゲーム実測以下の保証なし
876533,32,腕力,640,655,-15,基本倍率は未実測の推定,該当構成のゲーム実測なし,ゲーム実測以下の保証なし
876533,32,耐久力,640,655,-15,基本倍率は未実測の推定,該当構成のゲーム実測なし,ゲーム実測以下の保証なし
876533,32,器用さ,645,655,-10,基本倍率は未実測の推定,該当構成のゲーム実測なし,ゲーム実測以下の保証なし
876533,32,知力,655,655,0,基本倍率は未実測の推定,該当構成のゲーム実測なし,ゲーム実測以下の保証なし
876533,32,魅力,655,655,0,基本倍率は未実測の推定,該当構成のゲーム実測なし,ゲーム実測以下の保証なし
876533,32,土属性,655,655,0,基本倍率は未実測の推定,該当構成のゲーム実測なし,ゲーム実測以下の保証なし
876533,32,水属性,655,655,0,基本倍率は未実測の推定,該当構成のゲーム実測なし,ゲーム実測以下の保証なし
876533,32,火属性,655,655,0,基本倍率は未実測の推定,該当構成のゲーム実測なし,ゲーム実測以下の保証なし
876533,32,風属性,610,655,-45,基本倍率は未実測の推定,該当構成のゲーム実測なし,ゲーム実測以下の保証なし
876443,32,生命力,190,190,0,公開資料で基本倍率のみ照合,該当構成のゲーム実測なし,ゲーム実測以下の保証なし
876443,32,気合,190,190,0,公開資料で基本倍率のみ照合,該当構成のゲーム実測なし,ゲーム実測以下の保証なし
876443,32,腕力,645,660,-15,公開資料で基本倍率のみ照合,該当構成のゲーム実測なし,ゲーム実測以下の保証なし
876443,32,耐久力,645,660,-15,公開資料で基本倍率のみ照合,該当構成のゲーム実測なし,ゲーム実測以下の保証なし
876443,32,器用さ,650,660,-10,公開資料で基本倍率のみ照合,該当構成のゲーム実測なし,ゲーム実測以下の保証なし
876443,32,知力,660,660,0,公開資料で基本倍率のみ照合,該当構成のゲーム実測なし,ゲーム実測以下の保証なし
876443,32,魅力,660,660,0,公開資料で基本倍率のみ照合,該当構成のゲーム実測なし,ゲーム実測以下の保証なし
876443,32,土属性,660,660,0,公開資料で基本倍率のみ照合,該当構成のゲーム実測なし,ゲーム実測以下の保証なし
876443,32,水属性,660,660,0,公開資料で基本倍率のみ照合,該当構成のゲーム実測なし,ゲーム実測以下の保証なし
876443,32,火属性,660,660,0,公開資料で基本倍率のみ照合,該当構成のゲーム実測なし,ゲーム実測以下の保証なし
876443,32,風属性,615,660,-45,公開資料で基本倍率のみ照合,該当構成のゲーム実測なし,ゲーム実測以下の保証なし
876433,31,生命力,190,190,0,基本倍率は未実測の推定,該当構成のゲーム実測なし,ゲーム実測以下の保証なし
876433,31,気合,190,190,0,基本倍率は未実測の推定,該当構成のゲーム実測なし,ゲーム実測以下の保証なし
876433,31,腕力,645,660,-15,基本倍率は未実測の推定,該当構成のゲーム実測なし,ゲーム実測以下の保証なし
876433,31,耐久力,645,660,-15,基本倍率は未実測の推定,該当構成のゲーム実測なし,ゲーム実測以下の保証なし
876433,31,器用さ,650,660,-10,基本倍率は未実測の推定,該当構成のゲーム実測なし,ゲーム実測以下の保証なし
876433,31,知力,660,660,0,基本倍率は未実測の推定,該当構成のゲーム実測なし,ゲーム実測以下の保証なし
876433,31,魅力,660,660,0,基本倍率は未実測の推定,該当構成のゲーム実測なし,ゲーム実測以下の保証なし
876433,31,土属性,660,660,0,基本倍率は未実測の推定,該当構成のゲーム実測なし,ゲーム実測以下の保証なし
876433,31,水属性,660,660,0,基本倍率は未実測の推定,該当構成のゲーム実測なし,ゲーム実測以下の保証なし
876433,31,火属性,660,660,0,基本倍率は未実測の推定,該当構成のゲーム実測なし,ゲーム実測以下の保証なし
876433,31,風属性,615,660,-45,基本倍率は未実測の推定,該当構成のゲーム実測なし,ゲーム実測以下の保証なし
876333,30,生命力,190,190,0,基本倍率は未実測の推定,該当構成のゲーム実測なし,ゲーム実測以下の保証なし
876333,30,気合,190,190,0,基本倍率は未実測の推定,該当構成のゲーム実測なし,ゲーム実測以下の保証なし
876333,30,腕力,645,660,-15,基本倍率は未実測の推定,該当構成のゲーム実測なし,ゲーム実測以下の保証なし
876333,30,耐久力,645,660,-15,基本倍率は未実測の推定,該当構成のゲーム実測なし,ゲーム実測以下の保証なし
876333,30,器用さ,650,660,-10,基本倍率は未実測の推定,該当構成のゲーム実測なし,ゲーム実測以下の保証なし
876333,30,知力,660,660,0,基本倍率は未実測の推定,該当構成のゲーム実測なし,ゲーム実測以下の保証なし
876333,30,魅力,660,660,0,基本倍率は未実測の推定,該当構成のゲーム実測なし,ゲーム実測以下の保証なし
876333,30,土属性,660,660,0,基本倍率は未実測の推定,該当構成のゲーム実測なし,ゲーム実測以下の保証なし
876333,30,水属性,660,660,0,基本倍率は未実測の推定,該当構成のゲーム実測なし,ゲーム実測以下の保証なし
876333,30,火属性,660,660,0,基本倍率は未実測の推定,該当構成のゲーム実測なし,ゲーム実測以下の保証なし
876333,30,風属性,615,660,-45,基本倍率は未実測の推定,該当構成のゲーム実測なし,ゲーム実測以下の保証なし
875543,32,生命力,185,185,0,基本倍率は未実測の推定,該当構成のゲーム実測なし,ゲーム実測以下の保証なし
875543,32,気合,185,185,0,基本倍率は未実測の推定,該当構成のゲーム実測なし,ゲーム実測以下の保証なし
875543,32,腕力,640,655,-15,基本倍率は未実測の推定,該当構成のゲーム実測なし,ゲーム実測以下の保証なし
875543,32,耐久力,640,655,-15,基本倍率は未実測の推定,該当構成のゲーム実測なし,ゲーム実測以下の保証なし
875543,32,器用さ,645,655,-10,基本倍率は未実測の推定,該当構成のゲーム実測なし,ゲーム実測以下の保証なし
875543,32,知力,655,655,0,基本倍率は未実測の推定,該当構成のゲーム実測なし,ゲーム実測以下の保証なし
875543,32,魅力,655,655,0,基本倍率は未実測の推定,該当構成のゲーム実測なし,ゲーム実測以下の保証なし
875543,32,土属性,655,655,0,基本倍率は未実測の推定,該当構成のゲーム実測なし,ゲーム実測以下の保証なし
875543,32,水属性,655,655,0,基本倍率は未実測の推定,該当構成のゲーム実測なし,ゲーム実測以下の保証なし
875543,32,火属性,655,655,0,基本倍率は未実測の推定,該当構成のゲーム実測なし,ゲーム実測以下の保証なし
875543,32,風属性,610,655,-45,基本倍率は未実測の推定,該当構成のゲーム実測なし,ゲーム実測以下の保証なし
875533,31,生命力,185,185,0,基本倍率は未実測の推定,該当構成のゲーム実測なし,ゲーム実測以下の保証なし
875533,31,気合,185,185,0,基本倍率は未実測の推定,該当構成のゲーム実測なし,ゲーム実測以下の保証なし
875533,31,腕力,640,655,-15,基本倍率は未実測の推定,該当構成のゲーム実測なし,ゲーム実測以下の保証なし
875533,31,耐久力,640,655,-15,基本倍率は未実測の推定,該当構成のゲーム実測なし,ゲーム実測以下の保証なし
875533,31,器用さ,645,655,-10,基本倍率は未実測の推定,該当構成のゲーム実測なし,ゲーム実測以下の保証なし
875533,31,知力,655,655,0,基本倍率は未実測の推定,該当構成のゲーム実測なし,ゲーム実測以下の保証なし
875533,31,魅力,655,655,0,基本倍率は未実測の推定,該当構成のゲーム実測なし,ゲーム実測以下の保証なし
875533,31,土属性,655,655,0,基本倍率は未実測の推定,該当構成のゲーム実測なし,ゲーム実測以下の保証なし
875533,31,水属性,655,655,0,基本倍率は未実測の推定,該当構成のゲーム実測なし,ゲーム実測以下の保証なし
875533,31,火属性,655,655,0,基本倍率は未実測の推定,該当構成のゲーム実測なし,ゲーム実測以下の保証なし
875533,31,風属性,610,655,-45,基本倍率は未実測の推定,該当構成のゲーム実測なし,ゲーム実測以下の保証なし
875444,32,生命力,190,190,0,基本倍率は未実測の推定,該当構成のゲーム実測なし,ゲーム実測以下の保証なし
875444,32,気合,190,190,0,基本倍率は未実測の推定,該当構成のゲーム実測なし,ゲーム実測以下の保証なし
875444,32,腕力,645,660,-15,基本倍率は未実測の推定,該当構成のゲーム実測なし,ゲーム実測以下の保証なし
875444,32,耐久力,645,660,-15,基本倍率は未実測の推定,該当構成のゲーム実測なし,ゲーム実測以下の保証なし
875444,32,器用さ,650,660,-10,基本倍率は未実測の推定,該当構成のゲーム実測なし,ゲーム実測以下の保証なし
875444,32,知力,660,660,0,基本倍率は未実測の推定,該当構成のゲーム実測なし,ゲーム実測以下の保証なし
875444,32,魅力,660,660,0,基本倍率は未実測の推定,該当構成のゲーム実測なし,ゲーム実測以下の保証なし
875444,32,土属性,660,660,0,基本倍率は未実測の推定,該当構成のゲーム実測なし,ゲーム実測以下の保証なし
875444,32,水属性,660,660,0,基本倍率は未実測の推定,該当構成のゲーム実測なし,ゲーム実測以下の保証なし
875444,32,火属性,660,660,0,基本倍率は未実測の推定,該当構成のゲーム実測なし,ゲーム実測以下の保証なし
875444,32,風属性,615,660,-45,基本倍率は未実測の推定,該当構成のゲーム実測なし,ゲーム実測以下の保証なし
875443,31,生命力,190,190,0,基本倍率は未実測の推定,該当構成のゲーム実測なし,ゲーム実測以下の保証なし
875443,31,気合,190,190,0,基本倍率は未実測の推定,該当構成のゲーム実測なし,ゲーム実測以下の保証なし
875443,31,腕力,645,660,-15,基本倍率は未実測の推定,該当構成のゲーム実測なし,ゲーム実測以下の保証なし
875443,31,耐久力,645,660,-15,基本倍率は未実測の推定,該当構成のゲーム実測なし,ゲーム実測以下の保証なし
875443,31,器用さ,650,660,-10,基本倍率は未実測の推定,該当構成のゲーム実測なし,ゲーム実測以下の保証なし
875443,31,知力,660,660,0,基本倍率は未実測の推定,該当構成のゲーム実測なし,ゲーム実測以下の保証なし
875443,31,魅力,660,660,0,基本倍率は未実測の推定,該当構成のゲーム実測なし,ゲーム実測以下の保証なし
875443,31,土属性,660,660,0,基本倍率は未実測の推定,該当構成のゲーム実測なし,ゲーム実測以下の保証なし
875443,31,水属性,660,660,0,基本倍率は未実測の推定,該当構成のゲーム実測なし,ゲーム実測以下の保証なし
875443,31,火属性,660,660,0,基本倍率は未実測の推定,該当構成のゲーム実測なし,ゲーム実測以下の保証なし
875443,31,風属性,615,660,-45,基本倍率は未実測の推定,該当構成のゲーム実測なし,ゲーム実測以下の保証なし
875433,30,生命力,190,190,0,基本倍率は未実測の推定,該当構成のゲーム実測なし,ゲーム実測以下の保証なし
875433,30,気合,190,190,0,基本倍率は未実測の推定,該当構成のゲーム実測なし,ゲーム実測以下の保証なし
875433,30,腕力,645,660,-15,基本倍率は未実測の推定,該当構成のゲーム実測なし,ゲーム実測以下の保証なし
875433,30,耐久力,645,660,-15,基本倍率は未実測の推定,該当構成のゲーム実測なし,ゲーム実測以下の保証なし
875433,30,器用さ,650,660,-10,基本倍率は未実測の推定,該当構成のゲーム実測なし,ゲーム実測以下の保証なし
875433,30,知力,660,660,0,基本倍率は未実測の推定,該当構成のゲーム実測なし,ゲーム実測以下の保証なし
875433,30,魅力,660,660,0,基本倍率は未実測の推定,該当構成のゲーム実測なし,ゲーム実測以下の保証なし
875433,30,土属性,660,660,0,基本倍率は未実測の推定,該当構成のゲーム実測なし,ゲーム実測以下の保証なし
875433,30,水属性,660,660,0,基本倍率は未実測の推定,該当構成のゲーム実測なし,ゲーム実測以下の保証なし
875433,30,火属性,660,660,0,基本倍率は未実測の推定,該当構成のゲーム実測なし,ゲーム実測以下の保証なし
875433,30,風属性,615,660,-45,基本倍率は未実測の推定,該当構成のゲーム実測なし,ゲーム実測以下の保証なし
875333,29,生命力,190,190,0,基本倍率は未実測の推定,該当構成のゲーム実測なし,ゲーム実測以下の保証なし
875333,29,気合,190,190,0,基本倍率は未実測の推定,該当構成のゲーム実測なし,ゲーム実測以下の保証なし
875333,29,腕力,645,660,-15,基本倍率は未実測の推定,該当構成のゲーム実測なし,ゲーム実測以下の保証なし
875333,29,耐久力,645,660,-15,基本倍率は未実測の推定,該当構成のゲーム実測なし,ゲーム実測以下の保証なし
875333,29,器用さ,650,660,-10,基本倍率は未実測の推定,該当構成のゲーム実測なし,ゲーム実測以下の保証なし
875333,29,知力,660,660,0,基本倍率は未実測の推定,該当構成のゲーム実測なし,ゲーム実測以下の保証なし
875333,29,魅力,660,660,0,基本倍率は未実測の推定,該当構成のゲーム実測なし,ゲーム実測以下の保証なし
875333,29,土属性,660,660,0,基本倍率は未実測の推定,該当構成のゲーム実測なし,ゲーム実測以下の保証なし
875333,29,水属性,660,660,0,基本倍率は未実測の推定,該当構成のゲーム実測なし,ゲーム実測以下の保証なし
875333,29,火属性,660,660,0,基本倍率は未実測の推定,該当構成のゲーム実測なし,ゲーム実測以下の保証なし
875333,29,風属性,615,660,-45,基本倍率は未実測の推定,該当構成のゲーム実測なし,ゲーム実測以下の保証なし
874444,31,生命力,195,195,0,基本倍率は未実測の推定,該当構成のゲーム実測なし,ゲーム実測以下の保証なし
874444,31,気合,195,195,0,基本倍率は未実測の推定,該当構成のゲーム実測なし,ゲーム実測以下の保証なし
874444,31,腕力,650,665,-15,基本倍率は未実測の推定,該当構成のゲーム実測なし,ゲーム実測以下の保証なし
874444,31,耐久力,650,665,-15,基本倍率は未実測の推定,該当構成のゲーム実測なし,ゲーム実測以下の保証なし
874444,31,器用さ,655,665,-10,基本倍率は未実測の推定,該当構成のゲーム実測なし,ゲーム実測以下の保証なし
874444,31,知力,665,665,0,基本倍率は未実測の推定,該当構成のゲーム実測なし,ゲーム実測以下の保証なし
874444,31,魅力,665,665,0,基本倍率は未実測の推定,該当構成のゲーム実測なし,ゲーム実測以下の保証なし
874444,31,土属性,665,665,0,基本倍率は未実測の推定,該当構成のゲーム実測なし,ゲーム実測以下の保証なし
874444,31,水属性,665,665,0,基本倍率は未実測の推定,該当構成のゲーム実測なし,ゲーム実測以下の保証なし
874444,31,火属性,665,665,0,基本倍率は未実測の推定,該当構成のゲーム実測なし,ゲーム実測以下の保証なし
874444,31,風属性,620,665,-45,基本倍率は未実測の推定,該当構成のゲーム実測なし,ゲーム実測以下の保証なし
874443,30,生命力,195,195,0,基本倍率は未実測の推定,該当構成のゲーム実測なし,ゲーム実測以下の保証なし
874443,30,気合,195,195,0,基本倍率は未実測の推定,該当構成のゲーム実測なし,ゲーム実測以下の保証なし
874443,30,腕力,650,665,-15,基本倍率は未実測の推定,該当構成のゲーム実測なし,ゲーム実測以下の保証なし
874443,30,耐久力,650,665,-15,基本倍率は未実測の推定,該当構成のゲーム実測なし,ゲーム実測以下の保証なし
874443,30,器用さ,655,665,-10,基本倍率は未実測の推定,該当構成のゲーム実測なし,ゲーム実測以下の保証なし
874443,30,知力,665,665,0,基本倍率は未実測の推定,該当構成のゲーム実測なし,ゲーム実測以下の保証なし
874443,30,魅力,665,665,0,基本倍率は未実測の推定,該当構成のゲーム実測なし,ゲーム実測以下の保証なし
874443,30,土属性,665,665,0,基本倍率は未実測の推定,該当構成のゲーム実測なし,ゲーム実測以下の保証なし
874443,30,水属性,665,665,0,基本倍率は未実測の推定,該当構成のゲーム実測なし,ゲーム実測以下の保証なし
874443,30,火属性,665,665,0,基本倍率は未実測の推定,該当構成のゲーム実測なし,ゲーム実測以下の保証なし
874443,30,風属性,620,665,-45,基本倍率は未実測の推定,該当構成のゲーム実測なし,ゲーム実測以下の保証なし
874433,29,生命力,195,195,0,基本倍率は未実測の推定,該当構成のゲーム実測なし,ゲーム実測以下の保証なし
874433,29,気合,195,195,0,基本倍率は未実測の推定,該当構成のゲーム実測なし,ゲーム実測以下の保証なし
874433,29,腕力,650,665,-15,基本倍率は未実測の推定,該当構成のゲーム実測なし,ゲーム実測以下の保証なし
874433,29,耐久力,650,665,-15,基本倍率は未実測の推定,該当構成のゲーム実測なし,ゲーム実測以下の保証なし
874433,29,器用さ,655,665,-10,基本倍率は未実測の推定,該当構成のゲーム実測なし,ゲーム実測以下の保証なし
874433,29,知力,665,665,0,基本倍率は未実測の推定,該当構成のゲーム実測なし,ゲーム実測以下の保証なし
874433,29,魅力,665,665,0,基本倍率は未実測の推定,該当構成のゲーム実測なし,ゲーム実測以下の保証なし
874433,29,土属性,665,665,0,基本倍率は未実測の推定,該当構成のゲーム実測なし,ゲーム実測以下の保証なし
874433,29,水属性,665,665,0,基本倍率は未実測の推定,該当構成のゲーム実測なし,ゲーム実測以下の保証なし
874433,29,火属性,665,665,0,基本倍率は未実測の推定,該当構成のゲーム実測なし,ゲーム実測以下の保証なし
874433,29,風属性,620,665,-45,基本倍率は未実測の推定,該当構成のゲーム実測なし,ゲーム実測以下の保証なし
874333,28,生命力,195,195,0,基本倍率は未実測の推定,該当構成のゲーム実測なし,ゲーム実測以下の保証なし
874333,28,気合,195,195,0,基本倍率は未実測の推定,該当構成のゲーム実測なし,ゲーム実測以下の保証なし
874333,28,腕力,650,665,-15,基本倍率は未実測の推定,該当構成のゲーム実測なし,ゲーム実測以下の保証なし
874333,28,耐久力,650,665,-15,基本倍率は未実測の推定,該当構成のゲーム実測なし,ゲーム実測以下の保証なし
874333,28,器用さ,655,665,-10,基本倍率は未実測の推定,該当構成のゲーム実測なし,ゲーム実測以下の保証なし
874333,28,知力,665,665,0,基本倍率は未実測の推定,該当構成のゲーム実測なし,ゲーム実測以下の保証なし
874333,28,魅力,665,665,0,基本倍率は未実測の推定,該当構成のゲーム実測なし,ゲーム実測以下の保証なし
874333,28,土属性,665,665,0,基本倍率は未実測の推定,該当構成のゲーム実測なし,ゲーム実測以下の保証なし
874333,28,水属性,665,665,0,基本倍率は未実測の推定,該当構成のゲーム実測なし,ゲーム実測以下の保証なし
874333,28,火属性,665,665,0,基本倍率は未実測の推定,該当構成のゲーム実測なし,ゲーム実測以下の保証なし
874333,28,風属性,620,665,-45,基本倍率は未実測の推定,該当構成のゲーム実測なし,ゲーム実測以下の保証なし
873333,27,生命力,195,195,0,基本倍率は未実測の推定,該当構成のゲーム実測なし,ゲーム実測以下の保証なし
873333,27,気合,195,195,0,基本倍率は未実測の推定,該当構成のゲーム実測なし,ゲーム実測以下の保証なし
873333,27,腕力,650,665,-15,基本倍率は未実測の推定,該当構成のゲーム実測なし,ゲーム実測以下の保証なし
873333,27,耐久力,650,665,-15,基本倍率は未実測の推定,該当構成のゲーム実測なし,ゲーム実測以下の保証なし
873333,27,器用さ,655,665,-10,基本倍率は未実測の推定,該当構成のゲーム実測なし,ゲーム実測以下の保証なし
873333,27,知力,665,665,0,基本倍率は未実測の推定,該当構成のゲーム実測なし,ゲーム実測以下の保証なし
873333,27,魅力,665,665,0,基本倍率は未実測の推定,該当構成のゲーム実測なし,ゲーム実測以下の保証なし
873333,27,土属性,665,665,0,基本倍率は未実測の推定,該当構成のゲーム実測なし,ゲーム実測以下の保証なし
873333,27,水属性,665,665,0,基本倍率は未実測の推定,該当構成のゲーム実測なし,ゲーム実測以下の保証なし
873333,27,火属性,665,665,0,基本倍率は未実測の推定,該当構成のゲーム実測なし,ゲーム実測以下の保証なし
873333,27,風属性,620,665,-45,基本倍率は未実測の推定,該当構成のゲーム実測なし,ゲーム実測以下の保証なし
866633,32,生命力,190,190,0,公開資料で基本倍率のみ照合,該当構成のゲーム実測なし,ゲーム実測以下の保証なし
866633,32,気合,190,190,0,公開資料で基本倍率のみ照合,該当構成のゲーム実測なし,ゲーム実測以下の保証なし
866633,32,腕力,645,660,-15,公開資料で基本倍率のみ照合,該当構成のゲーム実測なし,ゲーム実測以下の保証なし
866633,32,耐久力,645,660,-15,公開資料で基本倍率のみ照合,該当構成のゲーム実測なし,ゲーム実測以下の保証なし
866633,32,器用さ,650,660,-10,公開資料で基本倍率のみ照合,該当構成のゲーム実測なし,ゲーム実測以下の保証なし
866633,32,知力,660,660,0,公開資料で基本倍率のみ照合,該当構成のゲーム実測なし,ゲーム実測以下の保証なし
866633,32,魅力,660,660,0,公開資料で基本倍率のみ照合,該当構成のゲーム実測なし,ゲーム実測以下の保証なし
866633,32,土属性,660,660,0,公開資料で基本倍率のみ照合,該当構成のゲーム実測なし,ゲーム実測以下の保証なし
866633,32,水属性,660,660,0,公開資料で基本倍率のみ照合,該当構成のゲーム実測なし,ゲーム実測以下の保証なし
866633,32,火属性,660,660,0,公開資料で基本倍率のみ照合,該当構成のゲーム実測なし,ゲーム実測以下の保証なし
866633,32,風属性,615,660,-45,公開資料で基本倍率のみ照合,該当構成のゲーム実測なし,ゲーム実測以下の保証なし
866543,32,生命力,190,190,0,公開資料で基本倍率のみ照合,該当構成のゲーム実測なし,ゲーム実測以下の保証なし
866543,32,気合,190,190,0,公開資料で基本倍率のみ照合,該当構成のゲーム実測なし,ゲーム実測以下の保証なし
866543,32,腕力,645,660,-15,公開資料で基本倍率のみ照合,該当構成のゲーム実測なし,ゲーム実測以下の保証なし
866543,32,耐久力,645,660,-15,公開資料で基本倍率のみ照合,該当構成のゲーム実測なし,ゲーム実測以下の保証なし
866543,32,器用さ,650,660,-10,公開資料で基本倍率のみ照合,該当構成のゲーム実測なし,ゲーム実測以下の保証なし
866543,32,知力,660,660,0,公開資料で基本倍率のみ照合,該当構成のゲーム実測なし,ゲーム実測以下の保証なし
866543,32,魅力,660,660,0,公開資料で基本倍率のみ照合,該当構成のゲーム実測なし,ゲーム実測以下の保証なし
866543,32,土属性,660,660,0,公開資料で基本倍率のみ照合,該当構成のゲーム実測なし,ゲーム実測以下の保証なし
866543,32,水属性,660,660,0,公開資料で基本倍率のみ照合,該当構成のゲーム実測なし,ゲーム実測以下の保証なし
866543,32,火属性,660,660,0,公開資料で基本倍率のみ照合,該当構成のゲーム実測なし,ゲーム実測以下の保証なし
866543,32,風属性,615,660,-45,公開資料で基本倍率のみ照合,該当構成のゲーム実測なし,ゲーム実測以下の保証なし
866533,31,生命力,190,190,0,基本倍率は未実測の推定,該当構成のゲーム実測なし,ゲーム実測以下の保証なし
866533,31,気合,190,190,0,基本倍率は未実測の推定,該当構成のゲーム実測なし,ゲーム実測以下の保証なし
866533,31,腕力,645,660,-15,基本倍率は未実測の推定,該当構成のゲーム実測なし,ゲーム実測以下の保証なし
866533,31,耐久力,645,660,-15,基本倍率は未実測の推定,該当構成のゲーム実測なし,ゲーム実測以下の保証なし
866533,31,器用さ,650,660,-10,基本倍率は未実測の推定,該当構成のゲーム実測なし,ゲーム実測以下の保証なし
866533,31,知力,660,660,0,基本倍率は未実測の推定,該当構成のゲーム実測なし,ゲーム実測以下の保証なし
866533,31,魅力,660,660,0,基本倍率は未実測の推定,該当構成のゲーム実測なし,ゲーム実測以下の保証なし
866533,31,土属性,660,660,0,基本倍率は未実測の推定,該当構成のゲーム実測なし,ゲーム実測以下の保証なし
866533,31,水属性,660,660,0,基本倍率は未実測の推定,該当構成のゲーム実測なし,ゲーム実測以下の保証なし
866533,31,火属性,660,660,0,基本倍率は未実測の推定,該当構成のゲーム実測なし,ゲーム実測以下の保証なし
866533,31,風属性,615,660,-45,基本倍率は未実測の推定,該当構成のゲーム実測なし,ゲーム実測以下の保証なし
866444,32,生命力,195,195,0,公開資料で基本倍率のみ照合,該当構成のゲーム実測なし,ゲーム実測以下の保証なし
866444,32,気合,195,195,0,公開資料で基本倍率のみ照合,該当構成のゲーム実測なし,ゲーム実測以下の保証なし
866444,32,腕力,650,665,-15,公開資料で基本倍率のみ照合,該当構成のゲーム実測なし,ゲーム実測以下の保証なし
866444,32,耐久力,650,665,-15,公開資料で基本倍率のみ照合,該当構成のゲーム実測なし,ゲーム実測以下の保証なし
866444,32,器用さ,655,665,-10,公開資料で基本倍率のみ照合,該当構成のゲーム実測なし,ゲーム実測以下の保証なし
866444,32,知力,665,665,0,公開資料で基本倍率のみ照合,該当構成のゲーム実測なし,ゲーム実測以下の保証なし
866444,32,魅力,665,665,0,公開資料で基本倍率のみ照合,該当構成のゲーム実測なし,ゲーム実測以下の保証なし
866444,32,土属性,665,665,0,公開資料で基本倍率のみ照合,該当構成のゲーム実測なし,ゲーム実測以下の保証なし
866444,32,水属性,665,665,0,公開資料で基本倍率のみ照合,該当構成のゲーム実測なし,ゲーム実測以下の保証なし
866444,32,火属性,665,665,0,公開資料で基本倍率のみ照合,該当構成のゲーム実測なし,ゲーム実測以下の保証なし
866444,32,風属性,620,665,-45,公開資料で基本倍率のみ照合,該当構成のゲーム実測なし,ゲーム実測以下の保証なし
866443,31,生命力,195,195,0,基本倍率は未実測の推定,該当構成のゲーム実測なし,ゲーム実測以下の保証なし
866443,31,気合,195,195,0,基本倍率は未実測の推定,該当構成のゲーム実測なし,ゲーム実測以下の保証なし
866443,31,腕力,650,665,-15,基本倍率は未実測の推定,該当構成のゲーム実測なし,ゲーム実測以下の保証なし
866443,31,耐久力,650,665,-15,基本倍率は未実測の推定,該当構成のゲーム実測なし,ゲーム実測以下の保証なし
866443,31,器用さ,655,665,-10,基本倍率は未実測の推定,該当構成のゲーム実測なし,ゲーム実測以下の保証なし
866443,31,知力,665,665,0,基本倍率は未実測の推定,該当構成のゲーム実測なし,ゲーム実測以下の保証なし
866443,31,魅力,665,665,0,基本倍率は未実測の推定,該当構成のゲーム実測なし,ゲーム実測以下の保証なし
866443,31,土属性,665,665,0,基本倍率は未実測の推定,該当構成のゲーム実測なし,ゲーム実測以下の保証なし
866443,31,水属性,665,665,0,基本倍率は未実測の推定,該当構成のゲーム実測なし,ゲーム実測以下の保証なし
866443,31,火属性,665,665,0,基本倍率は未実測の推定,該当構成のゲーム実測なし,ゲーム実測以下の保証なし
866443,31,風属性,620,665,-45,基本倍率は未実測の推定,該当構成のゲーム実測なし,ゲーム実測以下の保証なし
866433,30,生命力,195,195,0,基本倍率は未実測の推定,該当構成のゲーム実測なし,ゲーム実測以下の保証なし
866433,30,気合,195,195,0,基本倍率は未実測の推定,該当構成のゲーム実測なし,ゲーム実測以下の保証なし
866433,30,腕力,650,665,-15,基本倍率は未実測の推定,該当構成のゲーム実測なし,ゲーム実測以下の保証なし
866433,30,耐久力,650,665,-15,基本倍率は未実測の推定,該当構成のゲーム実測なし,ゲーム実測以下の保証なし
866433,30,器用さ,655,665,-10,基本倍率は未実測の推定,該当構成のゲーム実測なし,ゲーム実測以下の保証なし
866433,30,知力,665,665,0,基本倍率は未実測の推定,該当構成のゲーム実測なし,ゲーム実測以下の保証なし
866433,30,魅力,665,665,0,基本倍率は未実測の推定,該当構成のゲーム実測なし,ゲーム実測以下の保証なし
866433,30,土属性,665,665,0,基本倍率は未実測の推定,該当構成のゲーム実測なし,ゲーム実測以下の保証なし
866433,30,水属性,665,665,0,基本倍率は未実測の推定,該当構成のゲーム実測なし,ゲーム実測以下の保証なし
866433,30,火属性,665,665,0,基本倍率は未実測の推定,該当構成のゲーム実測なし,ゲーム実測以下の保証なし
866433,30,風属性,620,665,-45,基本倍率は未実測の推定,該当構成のゲーム実測なし,ゲーム実測以下の保証なし
866333,29,生命力,195,195,0,基本倍率は未実測の推定,該当構成のゲーム実測なし,ゲーム実測以下の保証なし
866333,29,気合,195,195,0,基本倍率は未実測の推定,該当構成のゲーム実測なし,ゲーム実測以下の保証なし
866333,29,腕力,650,665,-15,基本倍率は未実測の推定,該当構成のゲーム実測なし,ゲーム実測以下の保証なし
866333,29,耐久力,650,665,-15,基本倍率は未実測の推定,該当構成のゲーム実測なし,ゲーム実測以下の保証なし
866333,29,器用さ,655,665,-10,基本倍率は未実測の推定,該当構成のゲーム実測なし,ゲーム実測以下の保証なし
866333,29,知力,665,665,0,基本倍率は未実測の推定,該当構成のゲーム実測なし,ゲーム実測以下の保証なし
866333,29,魅力,665,665,0,基本倍率は未実測の推定,該当構成のゲーム実測なし,ゲーム実測以下の保証なし
866333,29,土属性,665,665,0,基本倍率は未実測の推定,該当構成のゲーム実測なし,ゲーム実測以下の保証なし
866333,29,水属性,665,665,0,基本倍率は未実測の推定,該当構成のゲーム実測なし,ゲーム実測以下の保証なし
866333,29,火属性,665,665,0,基本倍率は未実測の推定,該当構成のゲーム実測なし,ゲーム実測以下の保証なし
866333,29,風属性,620,665,-45,基本倍率は未実測の推定,該当構成のゲーム実測なし,ゲーム実測以下の保証なし
865553,32,生命力,185,185,0,基本倍率は未実測の推定,該当構成のゲーム実測なし,ゲーム実測以下の保証なし
865553,32,気合,185,185,0,基本倍率は未実測の推定,該当構成のゲーム実測なし,ゲーム実測以下の保証なし
865553,32,腕力,640,655,-15,基本倍率は未実測の推定,該当構成のゲーム実測なし,ゲーム実測以下の保証なし
865553,32,耐久力,640,655,-15,基本倍率は未実測の推定,該当構成のゲーム実測なし,ゲーム実測以下の保証なし
865553,32,器用さ,645,655,-10,基本倍率は未実測の推定,該当構成のゲーム実測なし,ゲーム実測以下の保証なし
865553,32,知力,655,655,0,基本倍率は未実測の推定,該当構成のゲーム実測なし,ゲーム実測以下の保証なし
865553,32,魅力,655,655,0,基本倍率は未実測の推定,該当構成のゲーム実測なし,ゲーム実測以下の保証なし
865553,32,土属性,655,655,0,基本倍率は未実測の推定,該当構成のゲーム実測なし,ゲーム実測以下の保証なし
865553,32,水属性,655,655,0,基本倍率は未実測の推定,該当構成のゲーム実測なし,ゲーム実測以下の保証なし
865553,32,火属性,655,655,0,基本倍率は未実測の推定,該当構成のゲーム実測なし,ゲーム実測以下の保証なし
865553,32,風属性,610,655,-45,基本倍率は未実測の推定,該当構成のゲーム実測なし,ゲーム実測以下の保証なし
865544,32,生命力,190,190,0,公開資料で基本倍率のみ照合,該当構成のゲーム実測なし,ゲーム実測以下の保証なし
865544,32,気合,190,190,0,公開資料で基本倍率のみ照合,該当構成のゲーム実測なし,ゲーム実測以下の保証なし
865544,32,腕力,645,660,-15,公開資料で基本倍率のみ照合,該当構成のゲーム実測なし,ゲーム実測以下の保証なし
865544,32,耐久力,645,660,-15,公開資料で基本倍率のみ照合,該当構成のゲーム実測なし,ゲーム実測以下の保証なし
865544,32,器用さ,650,660,-10,公開資料で基本倍率のみ照合,該当構成のゲーム実測なし,ゲーム実測以下の保証なし
865544,32,知力,660,660,0,公開資料で基本倍率のみ照合,該当構成のゲーム実測なし,ゲーム実測以下の保証なし
865544,32,魅力,660,660,0,公開資料で基本倍率のみ照合,該当構成のゲーム実測なし,ゲーム実測以下の保証なし
865544,32,土属性,660,660,0,公開資料で基本倍率のみ照合,該当構成のゲーム実測なし,ゲーム実測以下の保証なし
865544,32,水属性,660,660,0,公開資料で基本倍率のみ照合,該当構成のゲーム実測なし,ゲーム実測以下の保証なし
865544,32,火属性,660,660,0,公開資料で基本倍率のみ照合,該当構成のゲーム実測なし,ゲーム実測以下の保証なし
865544,32,風属性,615,660,-45,公開資料で基本倍率のみ照合,該当構成のゲーム実測なし,ゲーム実測以下の保証なし
865543,31,生命力,190,190,0,基本倍率は未実測の推定,該当構成のゲーム実測なし,ゲーム実測以下の保証なし
865543,31,気合,190,190,0,基本倍率は未実測の推定,該当構成のゲーム実測なし,ゲーム実測以下の保証なし
865543,31,腕力,645,660,-15,基本倍率は未実測の推定,該当構成のゲーム実測なし,ゲーム実測以下の保証なし
865543,31,耐久力,645,660,-15,基本倍率は未実測の推定,該当構成のゲーム実測なし,ゲーム実測以下の保証なし
865543,31,器用さ,650,660,-10,基本倍率は未実測の推定,該当構成のゲーム実測なし,ゲーム実測以下の保証なし
865543,31,知力,660,660,0,基本倍率は未実測の推定,該当構成のゲーム実測なし,ゲーム実測以下の保証なし
865543,31,魅力,660,660,0,基本倍率は未実測の推定,該当構成のゲーム実測なし,ゲーム実測以下の保証なし
865543,31,土属性,660,660,0,基本倍率は未実測の推定,該当構成のゲーム実測なし,ゲーム実測以下の保証なし
865543,31,水属性,660,660,0,基本倍率は未実測の推定,該当構成のゲーム実測なし,ゲーム実測以下の保証なし
865543,31,火属性,660,660,0,基本倍率は未実測の推定,該当構成のゲーム実測なし,ゲーム実測以下の保証なし
865543,31,風属性,615,660,-45,基本倍率は未実測の推定,該当構成のゲーム実測なし,ゲーム実測以下の保証なし
865533,30,生命力,190,190,0,基本倍率は未実測の推定,該当構成のゲーム実測なし,ゲーム実測以下の保証なし
865533,30,気合,190,190,0,基本倍率は未実測の推定,該当構成のゲーム実測なし,ゲーム実測以下の保証なし
865533,30,腕力,645,660,-15,基本倍率は未実測の推定,該当構成のゲーム実測なし,ゲーム実測以下の保証なし
865533,30,耐久力,645,660,-15,基本倍率は未実測の推定,該当構成のゲーム実測なし,ゲーム実測以下の保証なし
865533,30,器用さ,650,660,-10,基本倍率は未実測の推定,該当構成のゲーム実測なし,ゲーム実測以下の保証なし
865533,30,知力,660,660,0,基本倍率は未実測の推定,該当構成のゲーム実測なし,ゲーム実測以下の保証なし
865533,30,魅力,660,660,0,基本倍率は未実測の推定,該当構成のゲーム実測なし,ゲーム実測以下の保証なし
865533,30,土属性,660,660,0,基本倍率は未実測の推定,該当構成のゲーム実測なし,ゲーム実測以下の保証なし
865533,30,水属性,660,660,0,基本倍率は未実測の推定,該当構成のゲーム実測なし,ゲーム実測以下の保証なし
865533,30,火属性,660,660,0,基本倍率は未実測の推定,該当構成のゲーム実測なし,ゲーム実測以下の保証なし
865533,30,風属性,615,660,-45,基本倍率は未実測の推定,該当構成のゲーム実測なし,ゲーム実測以下の保証なし
865444,31,生命力,195,195,0,基本倍率は未実測の推定,該当構成のゲーム実測なし,ゲーム実測以下の保証なし
865444,31,気合,195,195,0,基本倍率は未実測の推定,該当構成のゲーム実測なし,ゲーム実測以下の保証なし
865444,31,腕力,650,665,-15,基本倍率は未実測の推定,該当構成のゲーム実測なし,ゲーム実測以下の保証なし
865444,31,耐久力,650,665,-15,基本倍率は未実測の推定,該当構成のゲーム実測なし,ゲーム実測以下の保証なし
865444,31,器用さ,655,665,-10,基本倍率は未実測の推定,該当構成のゲーム実測なし,ゲーム実測以下の保証なし
865444,31,知力,665,665,0,基本倍率は未実測の推定,該当構成のゲーム実測なし,ゲーム実測以下の保証なし
865444,31,魅力,665,665,0,基本倍率は未実測の推定,該当構成のゲーム実測なし,ゲーム実測以下の保証なし
865444,31,土属性,665,665,0,基本倍率は未実測の推定,該当構成のゲーム実測なし,ゲーム実測以下の保証なし
865444,31,水属性,665,665,0,基本倍率は未実測の推定,該当構成のゲーム実測なし,ゲーム実測以下の保証なし
865444,31,火属性,665,665,0,基本倍率は未実測の推定,該当構成のゲーム実測なし,ゲーム実測以下の保証なし
865444,31,風属性,620,665,-45,基本倍率は未実測の推定,該当構成のゲーム実測なし,ゲーム実測以下の保証なし
865443,30,生命力,195,195,0,基本倍率は未実測の推定,該当構成のゲーム実測なし,ゲーム実測以下の保証なし
865443,30,気合,195,195,0,基本倍率は未実測の推定,該当構成のゲーム実測なし,ゲーム実測以下の保証なし
865443,30,腕力,650,665,-15,基本倍率は未実測の推定,該当構成のゲーム実測なし,ゲーム実測以下の保証なし
865443,30,耐久力,650,665,-15,基本倍率は未実測の推定,該当構成のゲーム実測なし,ゲーム実測以下の保証なし
865443,30,器用さ,655,665,-10,基本倍率は未実測の推定,該当構成のゲーム実測なし,ゲーム実測以下の保証なし
865443,30,知力,665,665,0,基本倍率は未実測の推定,該当構成のゲーム実測なし,ゲーム実測以下の保証なし
865443,30,魅力,665,665,0,基本倍率は未実測の推定,該当構成のゲーム実測なし,ゲーム実測以下の保証なし
865443,30,土属性,665,665,0,基本倍率は未実測の推定,該当構成のゲーム実測なし,ゲーム実測以下の保証なし
865443,30,水属性,665,665,0,基本倍率は未実測の推定,該当構成のゲーム実測なし,ゲーム実測以下の保証なし
865443,30,火属性,665,665,0,基本倍率は未実測の推定,該当構成のゲーム実測なし,ゲーム実測以下の保証なし
865443,30,風属性,620,665,-45,基本倍率は未実測の推定,該当構成のゲーム実測なし,ゲーム実測以下の保証なし
865433,29,生命力,195,195,0,基本倍率は未実測の推定,該当構成のゲーム実測なし,ゲーム実測以下の保証なし
865433,29,気合,195,195,0,基本倍率は未実測の推定,該当構成のゲーム実測なし,ゲーム実測以下の保証なし
865433,29,腕力,650,665,-15,基本倍率は未実測の推定,該当構成のゲーム実測なし,ゲーム実測以下の保証なし
865433,29,耐久力,650,665,-15,基本倍率は未実測の推定,該当構成のゲーム実測なし,ゲーム実測以下の保証なし
865433,29,器用さ,655,665,-10,基本倍率は未実測の推定,該当構成のゲーム実測なし,ゲーム実測以下の保証なし
865433,29,知力,665,665,0,基本倍率は未実測の推定,該当構成のゲーム実測なし,ゲーム実測以下の保証なし
865433,29,魅力,665,665,0,基本倍率は未実測の推定,該当構成のゲーム実測なし,ゲーム実測以下の保証なし
865433,29,土属性,665,665,0,基本倍率は未実測の推定,該当構成のゲーム実測なし,ゲーム実測以下の保証なし
865433,29,水属性,665,665,0,基本倍率は未実測の推定,該当構成のゲーム実測なし,ゲーム実測以下の保証なし
865433,29,火属性,665,665,0,基本倍率は未実測の推定,該当構成のゲーム実測なし,ゲーム実測以下の保証なし
865433,29,風属性,620,665,-45,基本倍率は未実測の推定,該当構成のゲーム実測なし,ゲーム実測以下の保証なし
865333,28,生命力,195,195,0,基本倍率は未実測の推定,該当構成のゲーム実測なし,ゲーム実測以下の保証なし
865333,28,気合,195,195,0,基本倍率は未実測の推定,該当構成のゲーム実測なし,ゲーム実測以下の保証なし
865333,28,腕力,650,665,-15,基本倍率は未実測の推定,該当構成のゲーム実測なし,ゲーム実測以下の保証なし
865333,28,耐久力,650,665,-15,基本倍率は未実測の推定,該当構成のゲーム実測なし,ゲーム実測以下の保証なし
865333,28,器用さ,655,665,-10,基本倍率は未実測の推定,該当構成のゲーム実測なし,ゲーム実測以下の保証なし
865333,28,知力,665,665,0,基本倍率は未実測の推定,該当構成のゲーム実測なし,ゲーム実測以下の保証なし
865333,28,魅力,665,665,0,基本倍率は未実測の推定,該当構成のゲーム実測なし,ゲーム実測以下の保証なし
865333,28,土属性,665,665,0,基本倍率は未実測の推定,該当構成のゲーム実測なし,ゲーム実測以下の保証なし
865333,28,水属性,665,665,0,基本倍率は未実測の推定,該当構成のゲーム実測なし,ゲーム実測以下の保証なし
865333,28,火属性,665,665,0,基本倍率は未実測の推定,該当構成のゲーム実測なし,ゲーム実測以下の保証なし
865333,28,風属性,620,665,-45,基本倍率は未実測の推定,該当構成のゲーム実測なし,ゲーム実測以下の保証なし
864444,30,生命力,200,200,0,基本倍率は未実測の推定,該当構成のゲーム実測なし,ゲーム実測以下の保証なし
864444,30,気合,200,200,0,基本倍率は未実測の推定,該当構成のゲーム実測なし,ゲーム実測以下の保証なし
864444,30,腕力,655,670,-15,基本倍率は未実測の推定,該当構成のゲーム実測なし,ゲーム実測以下の保証なし
864444,30,耐久力,655,670,-15,基本倍率は未実測の推定,該当構成のゲーム実測なし,ゲーム実測以下の保証なし
864444,30,器用さ,660,670,-10,基本倍率は未実測の推定,該当構成のゲーム実測なし,ゲーム実測以下の保証なし
864444,30,知力,670,670,0,基本倍率は未実測の推定,該当構成のゲーム実測なし,ゲーム実測以下の保証なし
864444,30,魅力,670,670,0,基本倍率は未実測の推定,該当構成のゲーム実測なし,ゲーム実測以下の保証なし
864444,30,土属性,670,670,0,基本倍率は未実測の推定,該当構成のゲーム実測なし,ゲーム実測以下の保証なし
864444,30,水属性,670,670,0,基本倍率は未実測の推定,該当構成のゲーム実測なし,ゲーム実測以下の保証なし
864444,30,火属性,670,670,0,基本倍率は未実測の推定,該当構成のゲーム実測なし,ゲーム実測以下の保証なし
864444,30,風属性,625,670,-45,基本倍率は未実測の推定,該当構成のゲーム実測なし,ゲーム実測以下の保証なし
864443,29,生命力,200,200,0,基本倍率は未実測の推定,該当構成のゲーム実測なし,ゲーム実測以下の保証なし
864443,29,気合,200,200,0,基本倍率は未実測の推定,該当構成のゲーム実測なし,ゲーム実測以下の保証なし
864443,29,腕力,655,670,-15,基本倍率は未実測の推定,該当構成のゲーム実測なし,ゲーム実測以下の保証なし
864443,29,耐久力,655,670,-15,基本倍率は未実測の推定,該当構成のゲーム実測なし,ゲーム実測以下の保証なし
864443,29,器用さ,660,670,-10,基本倍率は未実測の推定,該当構成のゲーム実測なし,ゲーム実測以下の保証なし
864443,29,知力,670,670,0,基本倍率は未実測の推定,該当構成のゲーム実測なし,ゲーム実測以下の保証なし
864443,29,魅力,670,670,0,基本倍率は未実測の推定,該当構成のゲーム実測なし,ゲーム実測以下の保証なし
864443,29,土属性,670,670,0,基本倍率は未実測の推定,該当構成のゲーム実測なし,ゲーム実測以下の保証なし
864443,29,水属性,670,670,0,基本倍率は未実測の推定,該当構成のゲーム実測なし,ゲーム実測以下の保証なし
864443,29,火属性,670,670,0,基本倍率は未実測の推定,該当構成のゲーム実測なし,ゲーム実測以下の保証なし
864443,29,風属性,625,670,-45,基本倍率は未実測の推定,該当構成のゲーム実測なし,ゲーム実測以下の保証なし
864433,28,生命力,200,200,0,基本倍率は未実測の推定,該当構成のゲーム実測なし,ゲーム実測以下の保証なし
864433,28,気合,200,200,0,基本倍率は未実測の推定,該当構成のゲーム実測なし,ゲーム実測以下の保証なし
864433,28,腕力,655,670,-15,基本倍率は未実測の推定,該当構成のゲーム実測なし,ゲーム実測以下の保証なし
864433,28,耐久力,655,670,-15,基本倍率は未実測の推定,該当構成のゲーム実測なし,ゲーム実測以下の保証なし
864433,28,器用さ,660,670,-10,基本倍率は未実測の推定,該当構成のゲーム実測なし,ゲーム実測以下の保証なし
864433,28,知力,670,670,0,基本倍率は未実測の推定,該当構成のゲーム実測なし,ゲーム実測以下の保証なし
864433,28,魅力,670,670,0,基本倍率は未実測の推定,該当構成のゲーム実測なし,ゲーム実測以下の保証なし
864433,28,土属性,670,670,0,基本倍率は未実測の推定,該当構成のゲーム実測なし,ゲーム実測以下の保証なし
864433,28,水属性,670,670,0,基本倍率は未実測の推定,該当構成のゲーム実測なし,ゲーム実測以下の保証なし
864433,28,火属性,670,670,0,基本倍率は未実測の推定,該当構成のゲーム実測なし,ゲーム実測以下の保証なし
864433,28,風属性,625,670,-45,基本倍率は未実測の推定,該当構成のゲーム実測なし,ゲーム実測以下の保証なし
864333,27,生命力,200,200,0,基本倍率は未実測の推定,該当構成のゲーム実測なし,ゲーム実測以下の保証なし
864333,27,気合,200,200,0,基本倍率は未実測の推定,該当構成のゲーム実測なし,ゲーム実測以下の保証なし
864333,27,腕力,655,670,-15,基本倍率は未実測の推定,該当構成のゲーム実測なし,ゲーム実測以下の保証なし
864333,27,耐久力,655,670,-15,基本倍率は未実測の推定,該当構成のゲーム実測なし,ゲーム実測以下の保証なし
864333,27,器用さ,660,670,-10,基本倍率は未実測の推定,該当構成のゲーム実測なし,ゲーム実測以下の保証なし
864333,27,知力,670,670,0,基本倍率は未実測の推定,該当構成のゲーム実測なし,ゲーム実測以下の保証なし
864333,27,魅力,670,670,0,基本倍率は未実測の推定,該当構成のゲーム実測なし,ゲーム実測以下の保証なし
864333,27,土属性,670,670,0,基本倍率は未実測の推定,該当構成のゲーム実測なし,ゲーム実測以下の保証なし
864333,27,水属性,670,670,0,基本倍率は未実測の推定,該当構成のゲーム実測なし,ゲーム実測以下の保証なし
864333,27,火属性,670,670,0,基本倍率は未実測の推定,該当構成のゲーム実測なし,ゲーム実測以下の保証なし
864333,27,風属性,625,670,-45,基本倍率は未実測の推定,該当構成のゲーム実測なし,ゲーム実測以下の保証なし
863333,26,生命力,200,200,0,基本倍率は未実測の推定,該当構成のゲーム実測なし,ゲーム実測以下の保証なし
863333,26,気合,200,200,0,基本倍率は未実測の推定,該当構成のゲーム実測なし,ゲーム実測以下の保証なし
863333,26,腕力,655,670,-15,基本倍率は未実測の推定,該当構成のゲーム実測なし,ゲーム実測以下の保証なし
863333,26,耐久力,655,670,-15,基本倍率は未実測の推定,該当構成のゲーム実測なし,ゲーム実測以下の保証なし
863333,26,器用さ,660,670,-10,基本倍率は未実測の推定,該当構成のゲーム実測なし,ゲーム実測以下の保証なし
863333,26,知力,670,670,0,基本倍率は未実測の推定,該当構成のゲーム実測なし,ゲーム実測以下の保証なし
863333,26,魅力,670,670,0,基本倍率は未実測の推定,該当構成のゲーム実測なし,ゲーム実測以下の保証なし
863333,26,土属性,670,670,0,基本倍率は未実測の推定,該当構成のゲーム実測なし,ゲーム実測以下の保証なし
863333,26,水属性,670,670,0,基本倍率は未実測の推定,該当構成のゲーム実測なし,ゲーム実測以下の保証なし
863333,26,火属性,670,670,0,基本倍率は未実測の推定,該当構成のゲーム実測なし,ゲーム実測以下の保証なし
863333,26,風属性,625,670,-45,基本倍率は未実測の推定,該当構成のゲーム実測なし,ゲーム実測以下の保証なし
855554,32,生命力,185,185,0,基本倍率は未実測の推定,該当構成のゲーム実測なし,ゲーム実測以下の保証なし
855554,32,気合,185,185,0,基本倍率は未実測の推定,該当構成のゲーム実測なし,ゲーム実測以下の保証なし
855554,32,腕力,640,655,-15,基本倍率は未実測の推定,該当構成のゲーム実測なし,ゲーム実測以下の保証なし
855554,32,耐久力,640,655,-15,基本倍率は未実測の推定,該当構成のゲーム実測なし,ゲーム実測以下の保証なし
855554,32,器用さ,645,655,-10,基本倍率は未実測の推定,該当構成のゲーム実測なし,ゲーム実測以下の保証なし
855554,32,知力,655,655,0,基本倍率は未実測の推定,該当構成のゲーム実測なし,ゲーム実測以下の保証なし
855554,32,魅力,655,655,0,基本倍率は未実測の推定,該当構成のゲーム実測なし,ゲーム実測以下の保証なし
855554,32,土属性,655,655,0,基本倍率は未実測の推定,該当構成のゲーム実測なし,ゲーム実測以下の保証なし
855554,32,水属性,655,655,0,基本倍率は未実測の推定,該当構成のゲーム実測なし,ゲーム実測以下の保証なし
855554,32,火属性,655,655,0,基本倍率は未実測の推定,該当構成のゲーム実測なし,ゲーム実測以下の保証なし
855554,32,風属性,610,655,-45,基本倍率は未実測の推定,該当構成のゲーム実測なし,ゲーム実測以下の保証なし
855553,31,生命力,185,185,0,基本倍率は未実測の推定,該当構成のゲーム実測なし,ゲーム実測以下の保証なし
855553,31,気合,185,185,0,基本倍率は未実測の推定,該当構成のゲーム実測なし,ゲーム実測以下の保証なし
855553,31,腕力,640,655,-15,基本倍率は未実測の推定,該当構成のゲーム実測なし,ゲーム実測以下の保証なし
855553,31,耐久力,640,655,-15,基本倍率は未実測の推定,該当構成のゲーム実測なし,ゲーム実測以下の保証なし
855553,31,器用さ,645,655,-10,基本倍率は未実測の推定,該当構成のゲーム実測なし,ゲーム実測以下の保証なし
855553,31,知力,655,655,0,基本倍率は未実測の推定,該当構成のゲーム実測なし,ゲーム実測以下の保証なし
855553,31,魅力,655,655,0,基本倍率は未実測の推定,該当構成のゲーム実測なし,ゲーム実測以下の保証なし
855553,31,土属性,655,655,0,基本倍率は未実測の推定,該当構成のゲーム実測なし,ゲーム実測以下の保証なし
855553,31,水属性,655,655,0,基本倍率は未実測の推定,該当構成のゲーム実測なし,ゲーム実測以下の保証なし
855553,31,火属性,655,655,0,基本倍率は未実測の推定,該当構成のゲーム実測なし,ゲーム実測以下の保証なし
855553,31,風属性,610,655,-45,基本倍率は未実測の推定,該当構成のゲーム実測なし,ゲーム実測以下の保証なし
855544,31,生命力,190,190,0,基本倍率は未実測の推定,該当構成のゲーム実測なし,ゲーム実測以下の保証なし
855544,31,気合,190,190,0,基本倍率は未実測の推定,該当構成のゲーム実測なし,ゲーム実測以下の保証なし
855544,31,腕力,645,660,-15,基本倍率は未実測の推定,該当構成のゲーム実測なし,ゲーム実測以下の保証なし
855544,31,耐久力,645,660,-15,基本倍率は未実測の推定,該当構成のゲーム実測なし,ゲーム実測以下の保証なし
855544,31,器用さ,650,660,-10,基本倍率は未実測の推定,該当構成のゲーム実測なし,ゲーム実測以下の保証なし
855544,31,知力,660,660,0,基本倍率は未実測の推定,該当構成のゲーム実測なし,ゲーム実測以下の保証なし
855544,31,魅力,660,660,0,基本倍率は未実測の推定,該当構成のゲーム実測なし,ゲーム実測以下の保証なし
855544,31,土属性,660,660,0,基本倍率は未実測の推定,該当構成のゲーム実測なし,ゲーム実測以下の保証なし
855544,31,水属性,660,660,0,基本倍率は未実測の推定,該当構成のゲーム実測なし,ゲーム実測以下の保証なし
855544,31,火属性,660,660,0,基本倍率は未実測の推定,該当構成のゲーム実測なし,ゲーム実測以下の保証なし
855544,31,風属性,615,660,-45,基本倍率は未実測の推定,該当構成のゲーム実測なし,ゲーム実測以下の保証なし
855543,30,生命力,190,190,0,基本倍率は未実測の推定,該当構成のゲーム実測なし,ゲーム実測以下の保証なし
855543,30,気合,190,190,0,基本倍率は未実測の推定,該当構成のゲーム実測なし,ゲーム実測以下の保証なし
855543,30,腕力,645,660,-15,基本倍率は未実測の推定,該当構成のゲーム実測なし,ゲーム実測以下の保証なし
855543,30,耐久力,645,660,-15,基本倍率は未実測の推定,該当構成のゲーム実測なし,ゲーム実測以下の保証なし
855543,30,器用さ,650,660,-10,基本倍率は未実測の推定,該当構成のゲーム実測なし,ゲーム実測以下の保証なし
855543,30,知力,660,660,0,基本倍率は未実測の推定,該当構成のゲーム実測なし,ゲーム実測以下の保証なし
855543,30,魅力,660,660,0,基本倍率は未実測の推定,該当構成のゲーム実測なし,ゲーム実測以下の保証なし
855543,30,土属性,660,660,0,基本倍率は未実測の推定,該当構成のゲーム実測なし,ゲーム実測以下の保証なし
855543,30,水属性,660,660,0,基本倍率は未実測の推定,該当構成のゲーム実測なし,ゲーム実測以下の保証なし
855543,30,火属性,660,660,0,基本倍率は未実測の推定,該当構成のゲーム実測なし,ゲーム実測以下の保証なし
855543,30,風属性,615,660,-45,基本倍率は未実測の推定,該当構成のゲーム実測なし,ゲーム実測以下の保証なし
855533,29,生命力,190,190,0,基本倍率は未実測の推定,該当構成のゲーム実測なし,ゲーム実測以下の保証なし
855533,29,気合,190,190,0,基本倍率は未実測の推定,該当構成のゲーム実測なし,ゲーム実測以下の保証なし
855533,29,腕力,645,660,-15,基本倍率は未実測の推定,該当構成のゲーム実測なし,ゲーム実測以下の保証なし
855533,29,耐久力,645,660,-15,基本倍率は未実測の推定,該当構成のゲーム実測なし,ゲーム実測以下の保証なし
855533,29,器用さ,650,660,-10,基本倍率は未実測の推定,該当構成のゲーム実測なし,ゲーム実測以下の保証なし
855533,29,知力,660,660,0,基本倍率は未実測の推定,該当構成のゲーム実測なし,ゲーム実測以下の保証なし
855533,29,魅力,660,660,0,基本倍率は未実測の推定,該当構成のゲーム実測なし,ゲーム実測以下の保証なし
855533,29,土属性,660,660,0,基本倍率は未実測の推定,該当構成のゲーム実測なし,ゲーム実測以下の保証なし
855533,29,水属性,660,660,0,基本倍率は未実測の推定,該当構成のゲーム実測なし,ゲーム実測以下の保証なし
855533,29,火属性,660,660,0,基本倍率は未実測の推定,該当構成のゲーム実測なし,ゲーム実測以下の保証なし
855533,29,風属性,615,660,-45,基本倍率は未実測の推定,該当構成のゲーム実測なし,ゲーム実測以下の保証なし
855444,30,生命力,195,195,0,基本倍率は未実測の推定,該当構成のゲーム実測なし,ゲーム実測以下の保証なし
855444,30,気合,195,195,0,基本倍率は未実測の推定,該当構成のゲーム実測なし,ゲーム実測以下の保証なし
855444,30,腕力,650,665,-15,基本倍率は未実測の推定,該当構成のゲーム実測なし,ゲーム実測以下の保証なし
855444,30,耐久力,650,665,-15,基本倍率は未実測の推定,該当構成のゲーム実測なし,ゲーム実測以下の保証なし
855444,30,器用さ,655,665,-10,基本倍率は未実測の推定,該当構成のゲーム実測なし,ゲーム実測以下の保証なし
855444,30,知力,665,665,0,基本倍率は未実測の推定,該当構成のゲーム実測なし,ゲーム実測以下の保証なし
855444,30,魅力,665,665,0,基本倍率は未実測の推定,該当構成のゲーム実測なし,ゲーム実測以下の保証なし
855444,30,土属性,665,665,0,基本倍率は未実測の推定,該当構成のゲーム実測なし,ゲーム実測以下の保証なし
855444,30,水属性,665,665,0,基本倍率は未実測の推定,該当構成のゲーム実測なし,ゲーム実測以下の保証なし
855444,30,火属性,665,665,0,基本倍率は未実測の推定,該当構成のゲーム実測なし,ゲーム実測以下の保証なし
855444,30,風属性,620,665,-45,基本倍率は未実測の推定,該当構成のゲーム実測なし,ゲーム実測以下の保証なし
855443,29,生命力,195,195,0,基本倍率は未実測の推定,該当構成のゲーム実測なし,ゲーム実測以下の保証なし
855443,29,気合,195,195,0,基本倍率は未実測の推定,該当構成のゲーム実測なし,ゲーム実測以下の保証なし
855443,29,腕力,650,665,-15,基本倍率は未実測の推定,該当構成のゲーム実測なし,ゲーム実測以下の保証なし
855443,29,耐久力,650,665,-15,基本倍率は未実測の推定,該当構成のゲーム実測なし,ゲーム実測以下の保証なし
855443,29,器用さ,655,665,-10,基本倍率は未実測の推定,該当構成のゲーム実測なし,ゲーム実測以下の保証なし
855443,29,知力,665,665,0,基本倍率は未実測の推定,該当構成のゲーム実測なし,ゲーム実測以下の保証なし
855443,29,魅力,665,665,0,基本倍率は未実測の推定,該当構成のゲーム実測なし,ゲーム実測以下の保証なし
855443,29,土属性,665,665,0,基本倍率は未実測の推定,該当構成のゲーム実測なし,ゲーム実測以下の保証なし
855443,29,水属性,665,665,0,基本倍率は未実測の推定,該当構成のゲーム実測なし,ゲーム実測以下の保証なし
855443,29,火属性,665,665,0,基本倍率は未実測の推定,該当構成のゲーム実測なし,ゲーム実測以下の保証なし
855443,29,風属性,620,665,-45,基本倍率は未実測の推定,該当構成のゲーム実測なし,ゲーム実測以下の保証なし
855433,28,生命力,195,195,0,基本倍率は未実測の推定,該当構成のゲーム実測なし,ゲーム実測以下の保証なし
855433,28,気合,195,195,0,基本倍率は未実測の推定,該当構成のゲーム実測なし,ゲーム実測以下の保証なし
855433,28,腕力,650,665,-15,基本倍率は未実測の推定,該当構成のゲーム実測なし,ゲーム実測以下の保証なし
855433,28,耐久力,650,665,-15,基本倍率は未実測の推定,該当構成のゲーム実測なし,ゲーム実測以下の保証なし
855433,28,器用さ,655,665,-10,基本倍率は未実測の推定,該当構成のゲーム実測なし,ゲーム実測以下の保証なし
855433,28,知力,665,665,0,基本倍率は未実測の推定,該当構成のゲーム実測なし,ゲーム実測以下の保証なし
855433,28,魅力,665,665,0,基本倍率は未実測の推定,該当構成のゲーム実測なし,ゲーム実測以下の保証なし
855433,28,土属性,665,665,0,基本倍率は未実測の推定,該当構成のゲーム実測なし,ゲーム実測以下の保証なし
855433,28,水属性,665,665,0,基本倍率は未実測の推定,該当構成のゲーム実測なし,ゲーム実測以下の保証なし
855433,28,火属性,665,665,0,基本倍率は未実測の推定,該当構成のゲーム実測なし,ゲーム実測以下の保証なし
855433,28,風属性,620,665,-45,基本倍率は未実測の推定,該当構成のゲーム実測なし,ゲーム実測以下の保証なし
855333,27,生命力,195,195,0,基本倍率は未実測の推定,該当構成のゲーム実測なし,ゲーム実測以下の保証なし
855333,27,気合,195,195,0,基本倍率は未実測の推定,該当構成のゲーム実測なし,ゲーム実測以下の保証なし
855333,27,腕力,650,665,-15,基本倍率は未実測の推定,該当構成のゲーム実測なし,ゲーム実測以下の保証なし
855333,27,耐久力,650,665,-15,基本倍率は未実測の推定,該当構成のゲーム実測なし,ゲーム実測以下の保証なし
855333,27,器用さ,655,665,-10,基本倍率は未実測の推定,該当構成のゲーム実測なし,ゲーム実測以下の保証なし
855333,27,知力,665,665,0,基本倍率は未実測の推定,該当構成のゲーム実測なし,ゲーム実測以下の保証なし
855333,27,魅力,665,665,0,基本倍率は未実測の推定,該当構成のゲーム実測なし,ゲーム実測以下の保証なし
855333,27,土属性,665,665,0,基本倍率は未実測の推定,該当構成のゲーム実測なし,ゲーム実測以下の保証なし
855333,27,水属性,665,665,0,基本倍率は未実測の推定,該当構成のゲーム実測なし,ゲーム実測以下の保証なし
855333,27,火属性,665,665,0,基本倍率は未実測の推定,該当構成のゲーム実測なし,ゲーム実測以下の保証なし
855333,27,風属性,620,665,-45,基本倍率は未実測の推定,該当構成のゲーム実測なし,ゲーム実測以下の保証なし
854444,29,生命力,200,200,0,基本倍率は未実測の推定,該当構成のゲーム実測なし,ゲーム実測以下の保証なし
854444,29,気合,200,200,0,基本倍率は未実測の推定,該当構成のゲーム実測なし,ゲーム実測以下の保証なし
854444,29,腕力,655,670,-15,基本倍率は未実測の推定,該当構成のゲーム実測なし,ゲーム実測以下の保証なし
854444,29,耐久力,655,670,-15,基本倍率は未実測の推定,該当構成のゲーム実測なし,ゲーム実測以下の保証なし
854444,29,器用さ,660,670,-10,基本倍率は未実測の推定,該当構成のゲーム実測なし,ゲーム実測以下の保証なし
854444,29,知力,670,670,0,基本倍率は未実測の推定,該当構成のゲーム実測なし,ゲーム実測以下の保証なし
854444,29,魅力,670,670,0,基本倍率は未実測の推定,該当構成のゲーム実測なし,ゲーム実測以下の保証なし
854444,29,土属性,670,670,0,基本倍率は未実測の推定,該当構成のゲーム実測なし,ゲーム実測以下の保証なし
854444,29,水属性,670,670,0,基本倍率は未実測の推定,該当構成のゲーム実測なし,ゲーム実測以下の保証なし
854444,29,火属性,670,670,0,基本倍率は未実測の推定,該当構成のゲーム実測なし,ゲーム実測以下の保証なし
854444,29,風属性,625,670,-45,基本倍率は未実測の推定,該当構成のゲーム実測なし,ゲーム実測以下の保証なし
854443,28,生命力,200,200,0,基本倍率は未実測の推定,該当構成のゲーム実測なし,ゲーム実測以下の保証なし
854443,28,気合,200,200,0,基本倍率は未実測の推定,該当構成のゲーム実測なし,ゲーム実測以下の保証なし
854443,28,腕力,655,670,-15,基本倍率は未実測の推定,該当構成のゲーム実測なし,ゲーム実測以下の保証なし
854443,28,耐久力,655,670,-15,基本倍率は未実測の推定,該当構成のゲーム実測なし,ゲーム実測以下の保証なし
854443,28,器用さ,660,670,-10,基本倍率は未実測の推定,該当構成のゲーム実測なし,ゲーム実測以下の保証なし
854443,28,知力,670,670,0,基本倍率は未実測の推定,該当構成のゲーム実測なし,ゲーム実測以下の保証なし
854443,28,魅力,670,670,0,基本倍率は未実測の推定,該当構成のゲーム実測なし,ゲーム実測以下の保証なし
854443,28,土属性,670,670,0,基本倍率は未実測の推定,該当構成のゲーム実測なし,ゲーム実測以下の保証なし
854443,28,水属性,670,670,0,基本倍率は未実測の推定,該当構成のゲーム実測なし,ゲーム実測以下の保証なし
854443,28,火属性,670,670,0,基本倍率は未実測の推定,該当構成のゲーム実測なし,ゲーム実測以下の保証なし
854443,28,風属性,625,670,-45,基本倍率は未実測の推定,該当構成のゲーム実測なし,ゲーム実測以下の保証なし
854433,27,生命力,200,200,0,基本倍率は未実測の推定,該当構成のゲーム実測なし,ゲーム実測以下の保証なし
854433,27,気合,200,200,0,基本倍率は未実測の推定,該当構成のゲーム実測なし,ゲーム実測以下の保証なし
854433,27,腕力,655,670,-15,基本倍率は未実測の推定,該当構成のゲーム実測なし,ゲーム実測以下の保証なし
854433,27,耐久力,655,670,-15,基本倍率は未実測の推定,該当構成のゲーム実測なし,ゲーム実測以下の保証なし
854433,27,器用さ,660,670,-10,基本倍率は未実測の推定,該当構成のゲーム実測なし,ゲーム実測以下の保証なし
854433,27,知力,670,670,0,基本倍率は未実測の推定,該当構成のゲーム実測なし,ゲーム実測以下の保証なし
854433,27,魅力,670,670,0,基本倍率は未実測の推定,該当構成のゲーム実測なし,ゲーム実測以下の保証なし
854433,27,土属性,670,670,0,基本倍率は未実測の推定,該当構成のゲーム実測なし,ゲーム実測以下の保証なし
854433,27,水属性,670,670,0,基本倍率は未実測の推定,該当構成のゲーム実測なし,ゲーム実測以下の保証なし
854433,27,火属性,670,670,0,基本倍率は未実測の推定,該当構成のゲーム実測なし,ゲーム実測以下の保証なし
854433,27,風属性,625,670,-45,基本倍率は未実測の推定,該当構成のゲーム実測なし,ゲーム実測以下の保証なし
854333,26,生命力,200,200,0,基本倍率は未実測の推定,該当構成のゲーム実測なし,ゲーム実測以下の保証なし
854333,26,気合,200,200,0,基本倍率は未実測の推定,該当構成のゲーム実測なし,ゲーム実測以下の保証なし
854333,26,腕力,655,670,-15,基本倍率は未実測の推定,該当構成のゲーム実測なし,ゲーム実測以下の保証なし
854333,26,耐久力,655,670,-15,基本倍率は未実測の推定,該当構成のゲーム実測なし,ゲーム実測以下の保証なし
854333,26,器用さ,660,670,-10,基本倍率は未実測の推定,該当構成のゲーム実測なし,ゲーム実測以下の保証なし
854333,26,知力,670,670,0,基本倍率は未実測の推定,該当構成のゲーム実測なし,ゲーム実測以下の保証なし
854333,26,魅力,670,670,0,基本倍率は未実測の推定,該当構成のゲーム実測なし,ゲーム実測以下の保証なし
854333,26,土属性,670,670,0,基本倍率は未実測の推定,該当構成のゲーム実測なし,ゲーム実測以下の保証なし
854333,26,水属性,670,670,0,基本倍率は未実測の推定,該当構成のゲーム実測なし,ゲーム実測以下の保証なし
854333,26,火属性,670,670,0,基本倍率は未実測の推定,該当構成のゲーム実測なし,ゲーム実測以下の保証なし
854333,26,風属性,625,670,-45,基本倍率は未実測の推定,該当構成のゲーム実測なし,ゲーム実測以下の保証なし
853333,25,生命力,200,200,0,基本倍率は未実測の推定,該当構成のゲーム実測なし,ゲーム実測以下の保証なし
853333,25,気合,200,200,0,基本倍率は未実測の推定,該当構成のゲーム実測なし,ゲーム実測以下の保証なし
853333,25,腕力,655,670,-15,基本倍率は未実測の推定,該当構成のゲーム実測なし,ゲーム実測以下の保証なし
853333,25,耐久力,655,670,-15,基本倍率は未実測の推定,該当構成のゲーム実測なし,ゲーム実測以下の保証なし
853333,25,器用さ,660,670,-10,基本倍率は未実測の推定,該当構成のゲーム実測なし,ゲーム実測以下の保証なし
853333,25,知力,670,670,0,基本倍率は未実測の推定,該当構成のゲーム実測なし,ゲーム実測以下の保証なし
853333,25,魅力,670,670,0,基本倍率は未実測の推定,該当構成のゲーム実測なし,ゲーム実測以下の保証なし
853333,25,土属性,670,670,0,基本倍率は未実測の推定,該当構成のゲーム実測なし,ゲーム実測以下の保証なし
853333,25,水属性,670,670,0,基本倍率は未実測の推定,該当構成のゲーム実測なし,ゲーム実測以下の保証なし
853333,25,火属性,670,670,0,基本倍率は未実測の推定,該当構成のゲーム実測なし,ゲーム実測以下の保証なし
853333,25,風属性,625,670,-45,基本倍率は未実測の推定,該当構成のゲーム実測なし,ゲーム実測以下の保証なし
844444,28,生命力,205,205,0,基本倍率は未実測の推定,該当構成のゲーム実測なし,ゲーム実測以下の保証なし
844444,28,気合,205,205,0,基本倍率は未実測の推定,該当構成のゲーム実測なし,ゲーム実測以下の保証なし
844444,28,腕力,660,675,-15,基本倍率は未実測の推定,該当構成のゲーム実測なし,ゲーム実測以下の保証なし
844444,28,耐久力,660,675,-15,基本倍率は未実測の推定,該当構成のゲーム実測なし,ゲーム実測以下の保証なし
844444,28,器用さ,665,675,-10,基本倍率は未実測の推定,該当構成のゲーム実測なし,ゲーム実測以下の保証なし
844444,28,知力,675,675,0,基本倍率は未実測の推定,該当構成のゲーム実測なし,ゲーム実測以下の保証なし
844444,28,魅力,675,675,0,基本倍率は未実測の推定,該当構成のゲーム実測なし,ゲーム実測以下の保証なし
844444,28,土属性,675,675,0,基本倍率は未実測の推定,該当構成のゲーム実測なし,ゲーム実測以下の保証なし
844444,28,水属性,675,675,0,基本倍率は未実測の推定,該当構成のゲーム実測なし,ゲーム実測以下の保証なし
844444,28,火属性,675,675,0,基本倍率は未実測の推定,該当構成のゲーム実測なし,ゲーム実測以下の保証なし
844444,28,風属性,630,675,-45,基本倍率は未実測の推定,該当構成のゲーム実測なし,ゲーム実測以下の保証なし
844443,27,生命力,205,205,0,基本倍率は未実測の推定,該当構成のゲーム実測なし,ゲーム実測以下の保証なし
844443,27,気合,205,205,0,基本倍率は未実測の推定,該当構成のゲーム実測なし,ゲーム実測以下の保証なし
844443,27,腕力,660,675,-15,基本倍率は未実測の推定,該当構成のゲーム実測なし,ゲーム実測以下の保証なし
844443,27,耐久力,660,675,-15,基本倍率は未実測の推定,該当構成のゲーム実測なし,ゲーム実測以下の保証なし
844443,27,器用さ,665,675,-10,基本倍率は未実測の推定,該当構成のゲーム実測なし,ゲーム実測以下の保証なし
844443,27,知力,675,675,0,基本倍率は未実測の推定,該当構成のゲーム実測なし,ゲーム実測以下の保証なし
844443,27,魅力,675,675,0,基本倍率は未実測の推定,該当構成のゲーム実測なし,ゲーム実測以下の保証なし
844443,27,土属性,675,675,0,基本倍率は未実測の推定,該当構成のゲーム実測なし,ゲーム実測以下の保証なし
844443,27,水属性,675,675,0,基本倍率は未実測の推定,該当構成のゲーム実測なし,ゲーム実測以下の保証なし
844443,27,火属性,675,675,0,基本倍率は未実測の推定,該当構成のゲーム実測なし,ゲーム実測以下の保証なし
844443,27,風属性,630,675,-45,基本倍率は未実測の推定,該当構成のゲーム実測なし,ゲーム実測以下の保証なし
844433,26,生命力,205,205,0,基本倍率は未実測の推定,該当構成のゲーム実測なし,ゲーム実測以下の保証なし
844433,26,気合,205,205,0,基本倍率は未実測の推定,該当構成のゲーム実測なし,ゲーム実測以下の保証なし
844433,26,腕力,660,675,-15,基本倍率は未実測の推定,該当構成のゲーム実測なし,ゲーム実測以下の保証なし
844433,26,耐久力,660,675,-15,基本倍率は未実測の推定,該当構成のゲーム実測なし,ゲーム実測以下の保証なし
844433,26,器用さ,665,675,-10,基本倍率は未実測の推定,該当構成のゲーム実測なし,ゲーム実測以下の保証なし
844433,26,知力,675,675,0,基本倍率は未実測の推定,該当構成のゲーム実測なし,ゲーム実測以下の保証なし
844433,26,魅力,675,675,0,基本倍率は未実測の推定,該当構成のゲーム実測なし,ゲーム実測以下の保証なし
844433,26,土属性,675,675,0,基本倍率は未実測の推定,該当構成のゲーム実測なし,ゲーム実測以下の保証なし
844433,26,水属性,675,675,0,基本倍率は未実測の推定,該当構成のゲーム実測なし,ゲーム実測以下の保証なし
844433,26,火属性,675,675,0,基本倍率は未実測の推定,該当構成のゲーム実測なし,ゲーム実測以下の保証なし
844433,26,風属性,630,675,-45,基本倍率は未実測の推定,該当構成のゲーム実測なし,ゲーム実測以下の保証なし
844333,25,生命力,205,205,0,基本倍率は未実測の推定,該当構成のゲーム実測なし,ゲーム実測以下の保証なし
844333,25,気合,205,205,0,基本倍率は未実測の推定,該当構成のゲーム実測なし,ゲーム実測以下の保証なし
844333,25,腕力,660,675,-15,基本倍率は未実測の推定,該当構成のゲーム実測なし,ゲーム実測以下の保証なし
844333,25,耐久力,660,675,-15,基本倍率は未実測の推定,該当構成のゲーム実測なし,ゲーム実測以下の保証なし
844333,25,器用さ,665,675,-10,基本倍率は未実測の推定,該当構成のゲーム実測なし,ゲーム実測以下の保証なし
844333,25,知力,675,675,0,基本倍率は未実測の推定,該当構成のゲーム実測なし,ゲーム実測以下の保証なし
844333,25,魅力,675,675,0,基本倍率は未実測の推定,該当構成のゲーム実測なし,ゲーム実測以下の保証なし
844333,25,土属性,675,675,0,基本倍率は未実測の推定,該当構成のゲーム実測なし,ゲーム実測以下の保証なし
844333,25,水属性,675,675,0,基本倍率は未実測の推定,該当構成のゲーム実測なし,ゲーム実測以下の保証なし
844333,25,火属性,675,675,0,基本倍率は未実測の推定,該当構成のゲーム実測なし,ゲーム実測以下の保証なし
844333,25,風属性,630,675,-45,基本倍率は未実測の推定,該当構成のゲーム実測なし,ゲーム実測以下の保証なし
843333,24,生命力,205,205,0,基本倍率は未実測の推定,該当構成のゲーム実測なし,ゲーム実測以下の保証なし
843333,24,気合,205,205,0,基本倍率は未実測の推定,該当構成のゲーム実測なし,ゲーム実測以下の保証なし
843333,24,腕力,660,675,-15,基本倍率は未実測の推定,該当構成のゲーム実測なし,ゲーム実測以下の保証なし
843333,24,耐久力,660,675,-15,基本倍率は未実測の推定,該当構成のゲーム実測なし,ゲーム実測以下の保証なし
843333,24,器用さ,665,675,-10,基本倍率は未実測の推定,該当構成のゲーム実測なし,ゲーム実測以下の保証なし
843333,24,知力,675,675,0,基本倍率は未実測の推定,該当構成のゲーム実測なし,ゲーム実測以下の保証なし
843333,24,魅力,675,675,0,基本倍率は未実測の推定,該当構成のゲーム実測なし,ゲーム実測以下の保証なし
843333,24,土属性,675,675,0,基本倍率は未実測の推定,該当構成のゲーム実測なし,ゲーム実測以下の保証なし
843333,24,水属性,675,675,0,基本倍率は未実測の推定,該当構成のゲーム実測なし,ゲーム実測以下の保証なし
843333,24,火属性,675,675,0,基本倍率は未実測の推定,該当構成のゲーム実測なし,ゲーム実測以下の保証なし
843333,24,風属性,630,675,-45,基本倍率は未実測の推定,該当構成のゲーム実測なし,ゲーム実測以下の保証なし
833333,23,生命力,205,205,0,基本倍率は未実測の推定,該当構成のゲーム実測なし,ゲーム実測以下の保証なし
833333,23,気合,205,205,0,基本倍率は未実測の推定,該当構成のゲーム実測なし,ゲーム実測以下の保証なし
833333,23,腕力,660,675,-15,基本倍率は未実測の推定,該当構成のゲーム実測なし,ゲーム実測以下の保証なし
833333,23,耐久力,660,675,-15,基本倍率は未実測の推定,該当構成のゲーム実測なし,ゲーム実測以下の保証なし
833333,23,器用さ,665,675,-10,基本倍率は未実測の推定,該当構成のゲーム実測なし,ゲーム実測以下の保証なし
833333,23,知力,675,675,0,基本倍率は未実測の推定,該当構成のゲーム実測なし,ゲーム実測以下の保証なし
833333,23,魅力,675,675,0,基本倍率は未実測の推定,該当構成のゲーム実測なし,ゲーム実測以下の保証なし
833333,23,土属性,675,675,0,基本倍率は未実測の推定,該当構成のゲーム実測なし,ゲーム実測以下の保証なし
833333,23,水属性,675,675,0,基本倍率は未実測の推定,該当構成のゲーム実測なし,ゲーム実測以下の保証なし
833333,23,火属性,675,675,0,基本倍率は未実測の推定,該当構成のゲーム実測なし,ゲーム実測以下の保証なし
833333,23,風属性,630,675,-45,基本倍率は未実測の推定,該当構成のゲーム実測なし,ゲーム実測以下の保証なし
777533,32,生命力,185,185,0,基本倍率は未実測の推定,該当構成のゲーム実測なし,ゲーム実測以下の保証なし
777533,32,気合,185,185,0,基本倍率は未実測の推定,該当構成のゲーム実測なし,ゲーム実測以下の保証なし
777533,32,腕力,640,655,-15,基本倍率は未実測の推定,該当構成のゲーム実測なし,ゲーム実測以下の保証なし
777533,32,耐久力,640,655,-15,基本倍率は未実測の推定,該当構成のゲーム実測なし,ゲーム実測以下の保証なし
777533,32,器用さ,645,655,-10,基本倍率は未実測の推定,該当構成のゲーム実測なし,ゲーム実測以下の保証なし
777533,32,知力,655,655,0,基本倍率は未実測の推定,該当構成のゲーム実測なし,ゲーム実測以下の保証なし
777533,32,魅力,655,655,0,基本倍率は未実測の推定,該当構成のゲーム実測なし,ゲーム実測以下の保証なし
777533,32,土属性,655,655,0,基本倍率は未実測の推定,該当構成のゲーム実測なし,ゲーム実測以下の保証なし
777533,32,水属性,655,655,0,基本倍率は未実測の推定,該当構成のゲーム実測なし,ゲーム実測以下の保証なし
777533,32,火属性,655,655,0,基本倍率は未実測の推定,該当構成のゲーム実測なし,ゲーム実測以下の保証なし
777533,32,風属性,610,655,-45,基本倍率は未実測の推定,該当構成のゲーム実測なし,ゲーム実測以下の保証なし
777443,32,生命力,190,190,0,基本倍率は未実測の推定,該当構成のゲーム実測なし,ゲーム実測以下の保証なし
777443,32,気合,190,190,0,基本倍率は未実測の推定,該当構成のゲーム実測なし,ゲーム実測以下の保証なし
777443,32,腕力,645,660,-15,基本倍率は未実測の推定,該当構成のゲーム実測なし,ゲーム実測以下の保証なし
777443,32,耐久力,645,660,-15,基本倍率は未実測の推定,該当構成のゲーム実測なし,ゲーム実測以下の保証なし
777443,32,器用さ,650,660,-10,基本倍率は未実測の推定,該当構成のゲーム実測なし,ゲーム実測以下の保証なし
777443,32,知力,660,660,0,基本倍率は未実測の推定,該当構成のゲーム実測なし,ゲーム実測以下の保証なし
777443,32,魅力,660,660,0,基本倍率は未実測の推定,該当構成のゲーム実測なし,ゲーム実測以下の保証なし
777443,32,土属性,660,660,0,基本倍率は未実測の推定,該当構成のゲーム実測なし,ゲーム実測以下の保証なし
777443,32,水属性,660,660,0,基本倍率は未実測の推定,該当構成のゲーム実測なし,ゲーム実測以下の保証なし
777443,32,火属性,660,660,0,基本倍率は未実測の推定,該当構成のゲーム実測なし,ゲーム実測以下の保証なし
777443,32,風属性,615,660,-45,基本倍率は未実測の推定,該当構成のゲーム実測なし,ゲーム実測以下の保証なし
777433,31,生命力,190,190,0,基本倍率は未実測の推定,該当構成のゲーム実測なし,ゲーム実測以下の保証なし
777433,31,気合,190,190,0,基本倍率は未実測の推定,該当構成のゲーム実測なし,ゲーム実測以下の保証なし
777433,31,腕力,645,660,-15,基本倍率は未実測の推定,該当構成のゲーム実測なし,ゲーム実測以下の保証なし
777433,31,耐久力,645,660,-15,基本倍率は未実測の推定,該当構成のゲーム実測なし,ゲーム実測以下の保証なし
777433,31,器用さ,650,660,-10,基本倍率は未実測の推定,該当構成のゲーム実測なし,ゲーム実測以下の保証なし
777433,31,知力,660,660,0,基本倍率は未実測の推定,該当構成のゲーム実測なし,ゲーム実測以下の保証なし
777433,31,魅力,660,660,0,基本倍率は未実測の推定,該当構成のゲーム実測なし,ゲーム実測以下の保証なし
777433,31,土属性,660,660,0,基本倍率は未実測の推定,該当構成のゲーム実測なし,ゲーム実測以下の保証なし
777433,31,水属性,660,660,0,基本倍率は未実測の推定,該当構成のゲーム実測なし,ゲーム実測以下の保証なし
777433,31,火属性,660,660,0,基本倍率は未実測の推定,該当構成のゲーム実測なし,ゲーム実測以下の保証なし
777433,31,風属性,615,660,-45,基本倍率は未実測の推定,該当構成のゲーム実測なし,ゲーム実測以下の保証なし
777333,30,生命力,190,190,0,基本倍率は未実測の推定,該当構成のゲーム実測なし,ゲーム実測以下の保証なし
777333,30,気合,190,190,0,基本倍率は未実測の推定,該当構成のゲーム実測なし,ゲーム実測以下の保証なし
777333,30,腕力,645,660,-15,基本倍率は未実測の推定,該当構成のゲーム実測なし,ゲーム実測以下の保証なし
777333,30,耐久力,645,660,-15,基本倍率は未実測の推定,該当構成のゲーム実測なし,ゲーム実測以下の保証なし
777333,30,器用さ,650,660,-10,基本倍率は未実測の推定,該当構成のゲーム実測なし,ゲーム実測以下の保証なし
777333,30,知力,660,660,0,基本倍率は未実測の推定,該当構成のゲーム実測なし,ゲーム実測以下の保証なし
777333,30,魅力,660,660,0,基本倍率は未実測の推定,該当構成のゲーム実測なし,ゲーム実測以下の保証なし
777333,30,土属性,660,660,0,基本倍率は未実測の推定,該当構成のゲーム実測なし,ゲーム実測以下の保証なし
777333,30,水属性,660,660,0,基本倍率は未実測の推定,該当構成のゲーム実測なし,ゲーム実測以下の保証なし
777333,30,火属性,660,660,0,基本倍率は未実測の推定,該当構成のゲーム実測なし,ゲーム実測以下の保証なし
777333,30,風属性,615,660,-45,基本倍率は未実測の推定,該当構成のゲーム実測なし,ゲーム実測以下の保証なし
776633,32,生命力,190,190,0,基本倍率は未実測の推定,該当構成のゲーム実測なし,ゲーム実測以下の保証なし
776633,32,気合,190,190,0,基本倍率は未実測の推定,該当構成のゲーム実測なし,ゲーム実測以下の保証なし
776633,32,腕力,645,660,-15,基本倍率は未実測の推定,該当構成のゲーム実測なし,ゲーム実測以下の保証なし
776633,32,耐久力,645,660,-15,基本倍率は未実測の推定,該当構成のゲーム実測なし,ゲーム実測以下の保証なし
776633,32,器用さ,650,660,-10,基本倍率は未実測の推定,該当構成のゲーム実測なし,ゲーム実測以下の保証なし
776633,32,知力,660,660,0,基本倍率は未実測の推定,該当構成のゲーム実測なし,ゲーム実測以下の保証なし
776633,32,魅力,660,660,0,基本倍率は未実測の推定,該当構成のゲーム実測なし,ゲーム実測以下の保証なし
776633,32,土属性,660,660,0,基本倍率は未実測の推定,該当構成のゲーム実測なし,ゲーム実測以下の保証なし
776633,32,水属性,660,660,0,基本倍率は未実測の推定,該当構成のゲーム実測なし,ゲーム実測以下の保証なし
776633,32,火属性,660,660,0,基本倍率は未実測の推定,該当構成のゲーム実測なし,ゲーム実測以下の保証なし
776633,32,風属性,615,660,-45,基本倍率は未実測の推定,該当構成のゲーム実測なし,ゲーム実測以下の保証なし
776543,32,生命力,190,190,0,基本倍率は未実測の推定,該当構成のゲーム実測なし,ゲーム実測以下の保証なし
776543,32,気合,190,190,0,基本倍率は未実測の推定,該当構成のゲーム実測なし,ゲーム実測以下の保証なし
776543,32,腕力,645,660,-15,基本倍率は未実測の推定,該当構成のゲーム実測なし,ゲーム実測以下の保証なし
776543,32,耐久力,645,660,-15,基本倍率は未実測の推定,該当構成のゲーム実測なし,ゲーム実測以下の保証なし
776543,32,器用さ,650,660,-10,基本倍率は未実測の推定,該当構成のゲーム実測なし,ゲーム実測以下の保証なし
776543,32,知力,660,660,0,基本倍率は未実測の推定,該当構成のゲーム実測なし,ゲーム実測以下の保証なし
776543,32,魅力,660,660,0,基本倍率は未実測の推定,該当構成のゲーム実測なし,ゲーム実測以下の保証なし
776543,32,土属性,660,660,0,基本倍率は未実測の推定,該当構成のゲーム実測なし,ゲーム実測以下の保証なし
776543,32,水属性,660,660,0,基本倍率は未実測の推定,該当構成のゲーム実測なし,ゲーム実測以下の保証なし
776543,32,火属性,660,660,0,基本倍率は未実測の推定,該当構成のゲーム実測なし,ゲーム実測以下の保証なし
776543,32,風属性,615,660,-45,基本倍率は未実測の推定,該当構成のゲーム実測なし,ゲーム実測以下の保証なし
776533,31,生命力,190,190,0,基本倍率は未実測の推定,該当構成のゲーム実測なし,ゲーム実測以下の保証なし
776533,31,気合,190,190,0,基本倍率は未実測の推定,該当構成のゲーム実測なし,ゲーム実測以下の保証なし
776533,31,腕力,645,660,-15,基本倍率は未実測の推定,該当構成のゲーム実測なし,ゲーム実測以下の保証なし
776533,31,耐久力,645,660,-15,基本倍率は未実測の推定,該当構成のゲーム実測なし,ゲーム実測以下の保証なし
776533,31,器用さ,650,660,-10,基本倍率は未実測の推定,該当構成のゲーム実測なし,ゲーム実測以下の保証なし
776533,31,知力,660,660,0,基本倍率は未実測の推定,該当構成のゲーム実測なし,ゲーム実測以下の保証なし
776533,31,魅力,660,660,0,基本倍率は未実測の推定,該当構成のゲーム実測なし,ゲーム実測以下の保証なし
776533,31,土属性,660,660,0,基本倍率は未実測の推定,該当構成のゲーム実測なし,ゲーム実測以下の保証なし
776533,31,水属性,660,660,0,基本倍率は未実測の推定,該当構成のゲーム実測なし,ゲーム実測以下の保証なし
776533,31,火属性,660,660,0,基本倍率は未実測の推定,該当構成のゲーム実測なし,ゲーム実測以下の保証なし
776533,31,風属性,615,660,-45,基本倍率は未実測の推定,該当構成のゲーム実測なし,ゲーム実測以下の保証なし
776444,32,生命力,195,195,0,基本倍率は未実測の推定,該当構成のゲーム実測なし,ゲーム実測以下の保証なし
776444,32,気合,195,195,0,基本倍率は未実測の推定,該当構成のゲーム実測なし,ゲーム実測以下の保証なし
776444,32,腕力,650,665,-15,基本倍率は未実測の推定,該当構成のゲーム実測なし,ゲーム実測以下の保証なし
776444,32,耐久力,650,665,-15,基本倍率は未実測の推定,該当構成のゲーム実測なし,ゲーム実測以下の保証なし
776444,32,器用さ,655,665,-10,基本倍率は未実測の推定,該当構成のゲーム実測なし,ゲーム実測以下の保証なし
776444,32,知力,665,665,0,基本倍率は未実測の推定,該当構成のゲーム実測なし,ゲーム実測以下の保証なし
776444,32,魅力,665,665,0,基本倍率は未実測の推定,該当構成のゲーム実測なし,ゲーム実測以下の保証なし
776444,32,土属性,665,665,0,基本倍率は未実測の推定,該当構成のゲーム実測なし,ゲーム実測以下の保証なし
776444,32,水属性,665,665,0,基本倍率は未実測の推定,該当構成のゲーム実測なし,ゲーム実測以下の保証なし
776444,32,火属性,665,665,0,基本倍率は未実測の推定,該当構成のゲーム実測なし,ゲーム実測以下の保証なし
776444,32,風属性,620,665,-45,基本倍率は未実測の推定,該当構成のゲーム実測なし,ゲーム実測以下の保証なし
776443,31,生命力,195,195,0,基本倍率は未実測の推定,該当構成のゲーム実測なし,ゲーム実測以下の保証なし
776443,31,気合,195,195,0,基本倍率は未実測の推定,該当構成のゲーム実測なし,ゲーム実測以下の保証なし
776443,31,腕力,650,665,-15,基本倍率は未実測の推定,該当構成のゲーム実測なし,ゲーム実測以下の保証なし
776443,31,耐久力,650,665,-15,基本倍率は未実測の推定,該当構成のゲーム実測なし,ゲーム実測以下の保証なし
776443,31,器用さ,655,665,-10,基本倍率は未実測の推定,該当構成のゲーム実測なし,ゲーム実測以下の保証なし
776443,31,知力,665,665,0,基本倍率は未実測の推定,該当構成のゲーム実測なし,ゲーム実測以下の保証なし
776443,31,魅力,665,665,0,基本倍率は未実測の推定,該当構成のゲーム実測なし,ゲーム実測以下の保証なし
776443,31,土属性,665,665,0,基本倍率は未実測の推定,該当構成のゲーム実測なし,ゲーム実測以下の保証なし
776443,31,水属性,665,665,0,基本倍率は未実測の推定,該当構成のゲーム実測なし,ゲーム実測以下の保証なし
776443,31,火属性,665,665,0,基本倍率は未実測の推定,該当構成のゲーム実測なし,ゲーム実測以下の保証なし
776443,31,風属性,620,665,-45,基本倍率は未実測の推定,該当構成のゲーム実測なし,ゲーム実測以下の保証なし
776433,30,生命力,195,195,0,基本倍率は未実測の推定,該当構成のゲーム実測なし,ゲーム実測以下の保証なし
776433,30,気合,195,195,0,基本倍率は未実測の推定,該当構成のゲーム実測なし,ゲーム実測以下の保証なし
776433,30,腕力,650,665,-15,基本倍率は未実測の推定,該当構成のゲーム実測なし,ゲーム実測以下の保証なし
776433,30,耐久力,650,665,-15,基本倍率は未実測の推定,該当構成のゲーム実測なし,ゲーム実測以下の保証なし
776433,30,器用さ,655,665,-10,基本倍率は未実測の推定,該当構成のゲーム実測なし,ゲーム実測以下の保証なし
776433,30,知力,665,665,0,基本倍率は未実測の推定,該当構成のゲーム実測なし,ゲーム実測以下の保証なし
776433,30,魅力,665,665,0,基本倍率は未実測の推定,該当構成のゲーム実測なし,ゲーム実測以下の保証なし
776433,30,土属性,665,665,0,基本倍率は未実測の推定,該当構成のゲーム実測なし,ゲーム実測以下の保証なし
776433,30,水属性,665,665,0,基本倍率は未実測の推定,該当構成のゲーム実測なし,ゲーム実測以下の保証なし
776433,30,火属性,665,665,0,基本倍率は未実測の推定,該当構成のゲーム実測なし,ゲーム実測以下の保証なし
776433,30,風属性,620,665,-45,基本倍率は未実測の推定,該当構成のゲーム実測なし,ゲーム実測以下の保証なし
776333,29,生命力,195,195,0,基本倍率は未実測の推定,該当構成のゲーム実測なし,ゲーム実測以下の保証なし
776333,29,気合,195,195,0,基本倍率は未実測の推定,該当構成のゲーム実測なし,ゲーム実測以下の保証なし
776333,29,腕力,650,665,-15,基本倍率は未実測の推定,該当構成のゲーム実測なし,ゲーム実測以下の保証なし
776333,29,耐久力,650,665,-15,基本倍率は未実測の推定,該当構成のゲーム実測なし,ゲーム実測以下の保証なし
776333,29,器用さ,655,665,-10,基本倍率は未実測の推定,該当構成のゲーム実測なし,ゲーム実測以下の保証なし
776333,29,知力,665,665,0,基本倍率は未実測の推定,該当構成のゲーム実測なし,ゲーム実測以下の保証なし
776333,29,魅力,665,665,0,基本倍率は未実測の推定,該当構成のゲーム実測なし,ゲーム実測以下の保証なし
776333,29,土属性,665,665,0,基本倍率は未実測の推定,該当構成のゲーム実測なし,ゲーム実測以下の保証なし
776333,29,水属性,665,665,0,基本倍率は未実測の推定,該当構成のゲーム実測なし,ゲーム実測以下の保証なし
776333,29,火属性,665,665,0,基本倍率は未実測の推定,該当構成のゲーム実測なし,ゲーム実測以下の保証なし
776333,29,風属性,620,665,-45,基本倍率は未実測の推定,該当構成のゲーム実測なし,ゲーム実測以下の保証なし
775553,32,生命力,185,185,0,基本倍率は未実測の推定,該当構成のゲーム実測なし,ゲーム実測以下の保証なし
775553,32,気合,185,185,0,基本倍率は未実測の推定,該当構成のゲーム実測なし,ゲーム実測以下の保証なし
775553,32,腕力,640,655,-15,基本倍率は未実測の推定,該当構成のゲーム実測なし,ゲーム実測以下の保証なし
775553,32,耐久力,640,655,-15,基本倍率は未実測の推定,該当構成のゲーム実測なし,ゲーム実測以下の保証なし
775553,32,器用さ,645,655,-10,基本倍率は未実測の推定,該当構成のゲーム実測なし,ゲーム実測以下の保証なし
775553,32,知力,655,655,0,基本倍率は未実測の推定,該当構成のゲーム実測なし,ゲーム実測以下の保証なし
775553,32,魅力,655,655,0,基本倍率は未実測の推定,該当構成のゲーム実測なし,ゲーム実測以下の保証なし
775553,32,土属性,655,655,0,基本倍率は未実測の推定,該当構成のゲーム実測なし,ゲーム実測以下の保証なし
775553,32,水属性,655,655,0,基本倍率は未実測の推定,該当構成のゲーム実測なし,ゲーム実測以下の保証なし
775553,32,火属性,655,655,0,基本倍率は未実測の推定,該当構成のゲーム実測なし,ゲーム実測以下の保証なし
775553,32,風属性,610,655,-45,基本倍率は未実測の推定,該当構成のゲーム実測なし,ゲーム実測以下の保証なし
775544,32,生命力,190,190,0,基本倍率は未実測の推定,該当構成のゲーム実測なし,ゲーム実測以下の保証なし
775544,32,気合,190,190,0,基本倍率は未実測の推定,該当構成のゲーム実測なし,ゲーム実測以下の保証なし
775544,32,腕力,645,660,-15,基本倍率は未実測の推定,該当構成のゲーム実測なし,ゲーム実測以下の保証なし
775544,32,耐久力,645,660,-15,基本倍率は未実測の推定,該当構成のゲーム実測なし,ゲーム実測以下の保証なし
775544,32,器用さ,650,660,-10,基本倍率は未実測の推定,該当構成のゲーム実測なし,ゲーム実測以下の保証なし
775544,32,知力,660,660,0,基本倍率は未実測の推定,該当構成のゲーム実測なし,ゲーム実測以下の保証なし
775544,32,魅力,660,660,0,基本倍率は未実測の推定,該当構成のゲーム実測なし,ゲーム実測以下の保証なし
775544,32,土属性,660,660,0,基本倍率は未実測の推定,該当構成のゲーム実測なし,ゲーム実測以下の保証なし
775544,32,水属性,660,660,0,基本倍率は未実測の推定,該当構成のゲーム実測なし,ゲーム実測以下の保証なし
775544,32,火属性,660,660,0,基本倍率は未実測の推定,該当構成のゲーム実測なし,ゲーム実測以下の保証なし
775544,32,風属性,615,660,-45,基本倍率は未実測の推定,該当構成のゲーム実測なし,ゲーム実測以下の保証なし
775543,31,生命力,190,190,0,基本倍率は未実測の推定,該当構成のゲーム実測なし,ゲーム実測以下の保証なし
775543,31,気合,190,190,0,基本倍率は未実測の推定,該当構成のゲーム実測なし,ゲーム実測以下の保証なし
775543,31,腕力,645,660,-15,基本倍率は未実測の推定,該当構成のゲーム実測なし,ゲーム実測以下の保証なし
775543,31,耐久力,645,660,-15,基本倍率は未実測の推定,該当構成のゲーム実測なし,ゲーム実測以下の保証なし
775543,31,器用さ,650,660,-10,基本倍率は未実測の推定,該当構成のゲーム実測なし,ゲーム実測以下の保証なし
775543,31,知力,660,660,0,基本倍率は未実測の推定,該当構成のゲーム実測なし,ゲーム実測以下の保証なし
775543,31,魅力,660,660,0,基本倍率は未実測の推定,該当構成のゲーム実測なし,ゲーム実測以下の保証なし
775543,31,土属性,660,660,0,基本倍率は未実測の推定,該当構成のゲーム実測なし,ゲーム実測以下の保証なし
775543,31,水属性,660,660,0,基本倍率は未実測の推定,該当構成のゲーム実測なし,ゲーム実測以下の保証なし
775543,31,火属性,660,660,0,基本倍率は未実測の推定,該当構成のゲーム実測なし,ゲーム実測以下の保証なし
775543,31,風属性,615,660,-45,基本倍率は未実測の推定,該当構成のゲーム実測なし,ゲーム実測以下の保証なし
775533,30,生命力,190,190,0,基本倍率は未実測の推定,該当構成のゲーム実測なし,ゲーム実測以下の保証なし
775533,30,気合,190,190,0,基本倍率は未実測の推定,該当構成のゲーム実測なし,ゲーム実測以下の保証なし
775533,30,腕力,645,660,-15,基本倍率は未実測の推定,該当構成のゲーム実測なし,ゲーム実測以下の保証なし
775533,30,耐久力,645,660,-15,基本倍率は未実測の推定,該当構成のゲーム実測なし,ゲーム実測以下の保証なし
775533,30,器用さ,650,660,-10,基本倍率は未実測の推定,該当構成のゲーム実測なし,ゲーム実測以下の保証なし
775533,30,知力,660,660,0,基本倍率は未実測の推定,該当構成のゲーム実測なし,ゲーム実測以下の保証なし
775533,30,魅力,660,660,0,基本倍率は未実測の推定,該当構成のゲーム実測なし,ゲーム実測以下の保証なし
775533,30,土属性,660,660,0,基本倍率は未実測の推定,該当構成のゲーム実測なし,ゲーム実測以下の保証なし
775533,30,水属性,660,660,0,基本倍率は未実測の推定,該当構成のゲーム実測なし,ゲーム実測以下の保証なし
775533,30,火属性,660,660,0,基本倍率は未実測の推定,該当構成のゲーム実測なし,ゲーム実測以下の保証なし
775533,30,風属性,615,660,-45,基本倍率は未実測の推定,該当構成のゲーム実測なし,ゲーム実測以下の保証なし
775444,31,生命力,195,195,0,基本倍率は未実測の推定,該当構成のゲーム実測なし,ゲーム実測以下の保証なし
775444,31,気合,195,195,0,基本倍率は未実測の推定,該当構成のゲーム実測なし,ゲーム実測以下の保証なし
775444,31,腕力,650,665,-15,基本倍率は未実測の推定,該当構成のゲーム実測なし,ゲーム実測以下の保証なし
775444,31,耐久力,650,665,-15,基本倍率は未実測の推定,該当構成のゲーム実測なし,ゲーム実測以下の保証なし
775444,31,器用さ,655,665,-10,基本倍率は未実測の推定,該当構成のゲーム実測なし,ゲーム実測以下の保証なし
775444,31,知力,665,665,0,基本倍率は未実測の推定,該当構成のゲーム実測なし,ゲーム実測以下の保証なし
775444,31,魅力,665,665,0,基本倍率は未実測の推定,該当構成のゲーム実測なし,ゲーム実測以下の保証なし
775444,31,土属性,665,665,0,基本倍率は未実測の推定,該当構成のゲーム実測なし,ゲーム実測以下の保証なし
775444,31,水属性,665,665,0,基本倍率は未実測の推定,該当構成のゲーム実測なし,ゲーム実測以下の保証なし
775444,31,火属性,665,665,0,基本倍率は未実測の推定,該当構成のゲーム実測なし,ゲーム実測以下の保証なし
775444,31,風属性,620,665,-45,基本倍率は未実測の推定,該当構成のゲーム実測なし,ゲーム実測以下の保証なし
775443,30,生命力,195,195,0,基本倍率は未実測の推定,該当構成のゲーム実測なし,ゲーム実測以下の保証なし
775443,30,気合,195,195,0,基本倍率は未実測の推定,該当構成のゲーム実測なし,ゲーム実測以下の保証なし
775443,30,腕力,650,665,-15,基本倍率は未実測の推定,該当構成のゲーム実測なし,ゲーム実測以下の保証なし
775443,30,耐久力,650,665,-15,基本倍率は未実測の推定,該当構成のゲーム実測なし,ゲーム実測以下の保証なし
775443,30,器用さ,655,665,-10,基本倍率は未実測の推定,該当構成のゲーム実測なし,ゲーム実測以下の保証なし
775443,30,知力,665,665,0,基本倍率は未実測の推定,該当構成のゲーム実測なし,ゲーム実測以下の保証なし
775443,30,魅力,665,665,0,基本倍率は未実測の推定,該当構成のゲーム実測なし,ゲーム実測以下の保証なし
775443,30,土属性,665,665,0,基本倍率は未実測の推定,該当構成のゲーム実測なし,ゲーム実測以下の保証なし
775443,30,水属性,665,665,0,基本倍率は未実測の推定,該当構成のゲーム実測なし,ゲーム実測以下の保証なし
775443,30,火属性,665,665,0,基本倍率は未実測の推定,該当構成のゲーム実測なし,ゲーム実測以下の保証なし
775443,30,風属性,620,665,-45,基本倍率は未実測の推定,該当構成のゲーム実測なし,ゲーム実測以下の保証なし
775433,29,生命力,195,195,0,基本倍率は未実測の推定,該当構成のゲーム実測なし,ゲーム実測以下の保証なし
775433,29,気合,195,195,0,基本倍率は未実測の推定,該当構成のゲーム実測なし,ゲーム実測以下の保証なし
775433,29,腕力,650,665,-15,基本倍率は未実測の推定,該当構成のゲーム実測なし,ゲーム実測以下の保証なし
775433,29,耐久力,650,665,-15,基本倍率は未実測の推定,該当構成のゲーム実測なし,ゲーム実測以下の保証なし
775433,29,器用さ,655,665,-10,基本倍率は未実測の推定,該当構成のゲーム実測なし,ゲーム実測以下の保証なし
775433,29,知力,665,665,0,基本倍率は未実測の推定,該当構成のゲーム実測なし,ゲーム実測以下の保証なし
775433,29,魅力,665,665,0,基本倍率は未実測の推定,該当構成のゲーム実測なし,ゲーム実測以下の保証なし
775433,29,土属性,665,665,0,基本倍率は未実測の推定,該当構成のゲーム実測なし,ゲーム実測以下の保証なし
775433,29,水属性,665,665,0,基本倍率は未実測の推定,該当構成のゲーム実測なし,ゲーム実測以下の保証なし
775433,29,火属性,665,665,0,基本倍率は未実測の推定,該当構成のゲーム実測なし,ゲーム実測以下の保証なし
775433,29,風属性,620,665,-45,基本倍率は未実測の推定,該当構成のゲーム実測なし,ゲーム実測以下の保証なし
775333,28,生命力,195,195,0,基本倍率は未実測の推定,該当構成のゲーム実測なし,ゲーム実測以下の保証なし
775333,28,気合,195,195,0,基本倍率は未実測の推定,該当構成のゲーム実測なし,ゲーム実測以下の保証なし
775333,28,腕力,650,665,-15,基本倍率は未実測の推定,該当構成のゲーム実測なし,ゲーム実測以下の保証なし
775333,28,耐久力,650,665,-15,基本倍率は未実測の推定,該当構成のゲーム実測なし,ゲーム実測以下の保証なし
775333,28,器用さ,655,665,-10,基本倍率は未実測の推定,該当構成のゲーム実測なし,ゲーム実測以下の保証なし
775333,28,知力,665,665,0,基本倍率は未実測の推定,該当構成のゲーム実測なし,ゲーム実測以下の保証なし
775333,28,魅力,665,665,0,基本倍率は未実測の推定,該当構成のゲーム実測なし,ゲーム実測以下の保証なし
775333,28,土属性,665,665,0,基本倍率は未実測の推定,該当構成のゲーム実測なし,ゲーム実測以下の保証なし
775333,28,水属性,665,665,0,基本倍率は未実測の推定,該当構成のゲーム実測なし,ゲーム実測以下の保証なし
775333,28,火属性,665,665,0,基本倍率は未実測の推定,該当構成のゲーム実測なし,ゲーム実測以下の保証なし
775333,28,風属性,620,665,-45,基本倍率は未実測の推定,該当構成のゲーム実測なし,ゲーム実測以下の保証なし
774444,30,生命力,200,200,0,基本倍率は未実測の推定,該当構成のゲーム実測なし,ゲーム実測以下の保証なし
774444,30,気合,200,200,0,基本倍率は未実測の推定,該当構成のゲーム実測なし,ゲーム実測以下の保証なし
774444,30,腕力,655,670,-15,基本倍率は未実測の推定,該当構成のゲーム実測なし,ゲーム実測以下の保証なし
774444,30,耐久力,655,670,-15,基本倍率は未実測の推定,該当構成のゲーム実測なし,ゲーム実測以下の保証なし
774444,30,器用さ,660,670,-10,基本倍率は未実測の推定,該当構成のゲーム実測なし,ゲーム実測以下の保証なし
774444,30,知力,670,670,0,基本倍率は未実測の推定,該当構成のゲーム実測なし,ゲーム実測以下の保証なし
774444,30,魅力,670,670,0,基本倍率は未実測の推定,該当構成のゲーム実測なし,ゲーム実測以下の保証なし
774444,30,土属性,670,670,0,基本倍率は未実測の推定,該当構成のゲーム実測なし,ゲーム実測以下の保証なし
774444,30,水属性,670,670,0,基本倍率は未実測の推定,該当構成のゲーム実測なし,ゲーム実測以下の保証なし
774444,30,火属性,670,670,0,基本倍率は未実測の推定,該当構成のゲーム実測なし,ゲーム実測以下の保証なし
774444,30,風属性,625,670,-45,基本倍率は未実測の推定,該当構成のゲーム実測なし,ゲーム実測以下の保証なし
774443,29,生命力,200,200,0,基本倍率は未実測の推定,該当構成のゲーム実測なし,ゲーム実測以下の保証なし
774443,29,気合,200,200,0,基本倍率は未実測の推定,該当構成のゲーム実測なし,ゲーム実測以下の保証なし
774443,29,腕力,655,670,-15,基本倍率は未実測の推定,該当構成のゲーム実測なし,ゲーム実測以下の保証なし
774443,29,耐久力,655,670,-15,基本倍率は未実測の推定,該当構成のゲーム実測なし,ゲーム実測以下の保証なし
774443,29,器用さ,660,670,-10,基本倍率は未実測の推定,該当構成のゲーム実測なし,ゲーム実測以下の保証なし
774443,29,知力,670,670,0,基本倍率は未実測の推定,該当構成のゲーム実測なし,ゲーム実測以下の保証なし
774443,29,魅力,670,670,0,基本倍率は未実測の推定,該当構成のゲーム実測なし,ゲーム実測以下の保証なし
774443,29,土属性,670,670,0,基本倍率は未実測の推定,該当構成のゲーム実測なし,ゲーム実測以下の保証なし
774443,29,水属性,670,670,0,基本倍率は未実測の推定,該当構成のゲーム実測なし,ゲーム実測以下の保証なし
774443,29,火属性,670,670,0,基本倍率は未実測の推定,該当構成のゲーム実測なし,ゲーム実測以下の保証なし
774443,29,風属性,625,670,-45,基本倍率は未実測の推定,該当構成のゲーム実測なし,ゲーム実測以下の保証なし
774433,28,生命力,200,200,0,基本倍率は未実測の推定,該当構成のゲーム実測なし,ゲーム実測以下の保証なし
774433,28,気合,200,200,0,基本倍率は未実測の推定,該当構成のゲーム実測なし,ゲーム実測以下の保証なし
774433,28,腕力,655,670,-15,基本倍率は未実測の推定,該当構成のゲーム実測なし,ゲーム実測以下の保証なし
774433,28,耐久力,655,670,-15,基本倍率は未実測の推定,該当構成のゲーム実測なし,ゲーム実測以下の保証なし
774433,28,器用さ,660,670,-10,基本倍率は未実測の推定,該当構成のゲーム実測なし,ゲーム実測以下の保証なし
774433,28,知力,670,670,0,基本倍率は未実測の推定,該当構成のゲーム実測なし,ゲーム実測以下の保証なし
774433,28,魅力,670,670,0,基本倍率は未実測の推定,該当構成のゲーム実測なし,ゲーム実測以下の保証なし
774433,28,土属性,670,670,0,基本倍率は未実測の推定,該当構成のゲーム実測なし,ゲーム実測以下の保証なし
774433,28,水属性,670,670,0,基本倍率は未実測の推定,該当構成のゲーム実測なし,ゲーム実測以下の保証なし
774433,28,火属性,670,670,0,基本倍率は未実測の推定,該当構成のゲーム実測なし,ゲーム実測以下の保証なし
774433,28,風属性,625,670,-45,基本倍率は未実測の推定,該当構成のゲーム実測なし,ゲーム実測以下の保証なし
774333,27,生命力,200,200,0,基本倍率は未実測の推定,該当構成のゲーム実測なし,ゲーム実測以下の保証なし
774333,27,気合,200,200,0,基本倍率は未実測の推定,該当構成のゲーム実測なし,ゲーム実測以下の保証なし
774333,27,腕力,655,670,-15,基本倍率は未実測の推定,該当構成のゲーム実測なし,ゲーム実測以下の保証なし
774333,27,耐久力,655,670,-15,基本倍率は未実測の推定,該当構成のゲーム実測なし,ゲーム実測以下の保証なし
774333,27,器用さ,660,670,-10,基本倍率は未実測の推定,該当構成のゲーム実測なし,ゲーム実測以下の保証なし
774333,27,知力,670,670,0,基本倍率は未実測の推定,該当構成のゲーム実測なし,ゲーム実測以下の保証なし
774333,27,魅力,670,670,0,基本倍率は未実測の推定,該当構成のゲーム実測なし,ゲーム実測以下の保証なし
774333,27,土属性,670,670,0,基本倍率は未実測の推定,該当構成のゲーム実測なし,ゲーム実測以下の保証なし
774333,27,水属性,670,670,0,基本倍率は未実測の推定,該当構成のゲーム実測なし,ゲーム実測以下の保証なし
774333,27,火属性,670,670,0,基本倍率は未実測の推定,該当構成のゲーム実測なし,ゲーム実測以下の保証なし
774333,27,風属性,625,670,-45,基本倍率は未実測の推定,該当構成のゲーム実測なし,ゲーム実測以下の保証なし
773333,26,生命力,200,200,0,基本倍率は未実測の推定,該当構成のゲーム実測なし,ゲーム実測以下の保証なし
773333,26,気合,200,200,0,基本倍率は未実測の推定,該当構成のゲーム実測なし,ゲーム実測以下の保証なし
773333,26,腕力,655,670,-15,基本倍率は未実測の推定,該当構成のゲーム実測なし,ゲーム実測以下の保証なし
773333,26,耐久力,655,670,-15,基本倍率は未実測の推定,該当構成のゲーム実測なし,ゲーム実測以下の保証なし
773333,26,器用さ,660,670,-10,基本倍率は未実測の推定,該当構成のゲーム実測なし,ゲーム実測以下の保証なし
773333,26,知力,670,670,0,基本倍率は未実測の推定,該当構成のゲーム実測なし,ゲーム実測以下の保証なし
773333,26,魅力,670,670,0,基本倍率は未実測の推定,該当構成のゲーム実測なし,ゲーム実測以下の保証なし
773333,26,土属性,670,670,0,基本倍率は未実測の推定,該当構成のゲーム実測なし,ゲーム実測以下の保証なし
773333,26,水属性,670,670,0,基本倍率は未実測の推定,該当構成のゲーム実測なし,ゲーム実測以下の保証なし
773333,26,火属性,670,670,0,基本倍率は未実測の推定,該当構成のゲーム実測なし,ゲーム実測以下の保証なし
773333,26,風属性,625,670,-45,基本倍率は未実測の推定,該当構成のゲーム実測なし,ゲーム実測以下の保証なし
766643,32,生命力,195,195,0,基本倍率は未実測の推定,該当構成のゲーム実測なし,ゲーム実測以下の保証なし
766643,32,気合,195,195,0,基本倍率は未実測の推定,該当構成のゲーム実測なし,ゲーム実測以下の保証なし
766643,32,腕力,650,665,-15,基本倍率は未実測の推定,該当構成のゲーム実測なし,ゲーム実測以下の保証なし
766643,32,耐久力,650,665,-15,基本倍率は未実測の推定,該当構成のゲーム実測なし,ゲーム実測以下の保証なし
766643,32,器用さ,655,665,-10,基本倍率は未実測の推定,該当構成のゲーム実測なし,ゲーム実測以下の保証なし
766643,32,知力,665,665,0,基本倍率は未実測の推定,該当構成のゲーム実測なし,ゲーム実測以下の保証なし
766643,32,魅力,665,665,0,基本倍率は未実測の推定,該当構成のゲーム実測なし,ゲーム実測以下の保証なし
766643,32,土属性,665,665,0,基本倍率は未実測の推定,該当構成のゲーム実測なし,ゲーム実測以下の保証なし
766643,32,水属性,665,665,0,基本倍率は未実測の推定,該当構成のゲーム実測なし,ゲーム実測以下の保証なし
766643,32,火属性,665,665,0,基本倍率は未実測の推定,該当構成のゲーム実測なし,ゲーム実測以下の保証なし
766643,32,風属性,620,665,-45,基本倍率は未実測の推定,該当構成のゲーム実測なし,ゲーム実測以下の保証なし
766633,31,生命力,195,195,0,基本倍率は未実測の推定,該当構成のゲーム実測なし,ゲーム実測以下の保証なし
766633,31,気合,195,195,0,基本倍率は未実測の推定,該当構成のゲーム実測なし,ゲーム実測以下の保証なし
766633,31,腕力,650,665,-15,基本倍率は未実測の推定,該当構成のゲーム実測なし,ゲーム実測以下の保証なし
766633,31,耐久力,650,665,-15,基本倍率は未実測の推定,該当構成のゲーム実測なし,ゲーム実測以下の保証なし
766633,31,器用さ,655,665,-10,基本倍率は未実測の推定,該当構成のゲーム実測なし,ゲーム実測以下の保証なし
766633,31,知力,665,665,0,基本倍率は未実測の推定,該当構成のゲーム実測なし,ゲーム実測以下の保証なし
766633,31,魅力,665,665,0,基本倍率は未実測の推定,該当構成のゲーム実測なし,ゲーム実測以下の保証なし
766633,31,土属性,665,665,0,基本倍率は未実測の推定,該当構成のゲーム実測なし,ゲーム実測以下の保証なし
766633,31,水属性,665,665,0,基本倍率は未実測の推定,該当構成のゲーム実測なし,ゲーム実測以下の保証なし
766633,31,火属性,665,665,0,基本倍率は未実測の推定,該当構成のゲーム実測なし,ゲーム実測以下の保証なし
766633,31,風属性,620,665,-45,基本倍率は未実測の推定,該当構成のゲーム実測なし,ゲーム実測以下の保証なし
766553,32,生命力,190,190,0,基本倍率は未実測の推定,該当構成のゲーム実測なし,ゲーム実測以下の保証なし
766553,32,気合,190,190,0,基本倍率は未実測の推定,該当構成のゲーム実測なし,ゲーム実測以下の保証なし
766553,32,腕力,645,660,-15,基本倍率は未実測の推定,該当構成のゲーム実測なし,ゲーム実測以下の保証なし
766553,32,耐久力,645,660,-15,基本倍率は未実測の推定,該当構成のゲーム実測なし,ゲーム実測以下の保証なし
766553,32,器用さ,650,660,-10,基本倍率は未実測の推定,該当構成のゲーム実測なし,ゲーム実測以下の保証なし
766553,32,知力,660,660,0,基本倍率は未実測の推定,該当構成のゲーム実測なし,ゲーム実測以下の保証なし
766553,32,魅力,660,660,0,基本倍率は未実測の推定,該当構成のゲーム実測なし,ゲーム実測以下の保証なし
766553,32,土属性,660,660,0,基本倍率は未実測の推定,該当構成のゲーム実測なし,ゲーム実測以下の保証なし
766553,32,水属性,660,660,0,基本倍率は未実測の推定,該当構成のゲーム実測なし,ゲーム実測以下の保証なし
766553,32,火属性,660,660,0,基本倍率は未実測の推定,該当構成のゲーム実測なし,ゲーム実測以下の保証なし
766553,32,風属性,615,660,-45,基本倍率は未実測の推定,該当構成のゲーム実測なし,ゲーム実測以下の保証なし
766544,32,生命力,195,195,0,公開資料で基本倍率のみ照合,該当構成のゲーム実測なし,ゲーム実測以下の保証なし
766544,32,気合,195,195,0,公開資料で基本倍率のみ照合,該当構成のゲーム実測なし,ゲーム実測以下の保証なし
766544,32,腕力,650,665,-15,公開資料で基本倍率のみ照合,該当構成のゲーム実測なし,ゲーム実測以下の保証なし
766544,32,耐久力,650,665,-15,公開資料で基本倍率のみ照合,該当構成のゲーム実測なし,ゲーム実測以下の保証なし
766544,32,器用さ,655,665,-10,公開資料で基本倍率のみ照合,該当構成のゲーム実測なし,ゲーム実測以下の保証なし
766544,32,知力,665,665,0,公開資料で基本倍率のみ照合,該当構成のゲーム実測なし,ゲーム実測以下の保証なし
766544,32,魅力,665,665,0,公開資料で基本倍率のみ照合,該当構成のゲーム実測なし,ゲーム実測以下の保証なし
766544,32,土属性,665,665,0,公開資料で基本倍率のみ照合,該当構成のゲーム実測なし,ゲーム実測以下の保証なし
766544,32,水属性,665,665,0,公開資料で基本倍率のみ照合,該当構成のゲーム実測なし,ゲーム実測以下の保証なし
766544,32,火属性,665,665,0,公開資料で基本倍率のみ照合,該当構成のゲーム実測なし,ゲーム実測以下の保証なし
766544,32,風属性,620,665,-45,公開資料で基本倍率のみ照合,該当構成のゲーム実測なし,ゲーム実測以下の保証なし
766543,31,生命力,195,195,0,基本倍率は未実測の推定,該当構成のゲーム実測なし,ゲーム実測以下の保証なし
766543,31,気合,195,195,0,基本倍率は未実測の推定,該当構成のゲーム実測なし,ゲーム実測以下の保証なし
766543,31,腕力,650,665,-15,基本倍率は未実測の推定,該当構成のゲーム実測なし,ゲーム実測以下の保証なし
766543,31,耐久力,650,665,-15,基本倍率は未実測の推定,該当構成のゲーム実測なし,ゲーム実測以下の保証なし
766543,31,器用さ,655,665,-10,基本倍率は未実測の推定,該当構成のゲーム実測なし,ゲーム実測以下の保証なし
766543,31,知力,665,665,0,基本倍率は未実測の推定,該当構成のゲーム実測なし,ゲーム実測以下の保証なし
766543,31,魅力,665,665,0,基本倍率は未実測の推定,該当構成のゲーム実測なし,ゲーム実測以下の保証なし
766543,31,土属性,665,665,0,基本倍率は未実測の推定,該当構成のゲーム実測なし,ゲーム実測以下の保証なし
766543,31,水属性,665,665,0,基本倍率は未実測の推定,該当構成のゲーム実測なし,ゲーム実測以下の保証なし
766543,31,火属性,665,665,0,基本倍率は未実測の推定,該当構成のゲーム実測なし,ゲーム実測以下の保証なし
766543,31,風属性,620,665,-45,基本倍率は未実測の推定,該当構成のゲーム実測なし,ゲーム実測以下の保証なし
766533,30,生命力,195,195,0,基本倍率は未実測の推定,該当構成のゲーム実測なし,ゲーム実測以下の保証なし
766533,30,気合,195,195,0,基本倍率は未実測の推定,該当構成のゲーム実測なし,ゲーム実測以下の保証なし
766533,30,腕力,650,665,-15,基本倍率は未実測の推定,該当構成のゲーム実測なし,ゲーム実測以下の保証なし
766533,30,耐久力,650,665,-15,基本倍率は未実測の推定,該当構成のゲーム実測なし,ゲーム実測以下の保証なし
766533,30,器用さ,655,665,-10,基本倍率は未実測の推定,該当構成のゲーム実測なし,ゲーム実測以下の保証なし
766533,30,知力,665,665,0,基本倍率は未実測の推定,該当構成のゲーム実測なし,ゲーム実測以下の保証なし
766533,30,魅力,665,665,0,基本倍率は未実測の推定,該当構成のゲーム実測なし,ゲーム実測以下の保証なし
766533,30,土属性,665,665,0,基本倍率は未実測の推定,該当構成のゲーム実測なし,ゲーム実測以下の保証なし
766533,30,水属性,665,665,0,基本倍率は未実測の推定,該当構成のゲーム実測なし,ゲーム実測以下の保証なし
766533,30,火属性,665,665,0,基本倍率は未実測の推定,該当構成のゲーム実測なし,ゲーム実測以下の保証なし
766533,30,風属性,620,665,-45,基本倍率は未実測の推定,該当構成のゲーム実測なし,ゲーム実測以下の保証なし
766444,31,生命力,200,200,0,基本倍率は未実測の推定,該当構成のゲーム実測なし,ゲーム実測以下の保証なし
766444,31,気合,200,200,0,基本倍率は未実測の推定,該当構成のゲーム実測なし,ゲーム実測以下の保証なし
766444,31,腕力,655,670,-15,基本倍率は未実測の推定,該当構成のゲーム実測なし,ゲーム実測以下の保証なし
766444,31,耐久力,655,670,-15,基本倍率は未実測の推定,該当構成のゲーム実測なし,ゲーム実測以下の保証なし
766444,31,器用さ,660,670,-10,基本倍率は未実測の推定,該当構成のゲーム実測なし,ゲーム実測以下の保証なし
766444,31,知力,670,670,0,基本倍率は未実測の推定,該当構成のゲーム実測なし,ゲーム実測以下の保証なし
766444,31,魅力,670,670,0,基本倍率は未実測の推定,該当構成のゲーム実測なし,ゲーム実測以下の保証なし
766444,31,土属性,670,670,0,基本倍率は未実測の推定,該当構成のゲーム実測なし,ゲーム実測以下の保証なし
766444,31,水属性,670,670,0,基本倍率は未実測の推定,該当構成のゲーム実測なし,ゲーム実測以下の保証なし
766444,31,火属性,670,670,0,基本倍率は未実測の推定,該当構成のゲーム実測なし,ゲーム実測以下の保証なし
766444,31,風属性,625,670,-45,基本倍率は未実測の推定,該当構成のゲーム実測なし,ゲーム実測以下の保証なし
766443,30,生命力,200,200,0,基本倍率は未実測の推定,該当構成のゲーム実測なし,ゲーム実測以下の保証なし
766443,30,気合,200,200,0,基本倍率は未実測の推定,該当構成のゲーム実測なし,ゲーム実測以下の保証なし
766443,30,腕力,655,670,-15,基本倍率は未実測の推定,該当構成のゲーム実測なし,ゲーム実測以下の保証なし
766443,30,耐久力,655,670,-15,基本倍率は未実測の推定,該当構成のゲーム実測なし,ゲーム実測以下の保証なし
766443,30,器用さ,660,670,-10,基本倍率は未実測の推定,該当構成のゲーム実測なし,ゲーム実測以下の保証なし
766443,30,知力,670,670,0,基本倍率は未実測の推定,該当構成のゲーム実測なし,ゲーム実測以下の保証なし
766443,30,魅力,670,670,0,基本倍率は未実測の推定,該当構成のゲーム実測なし,ゲーム実測以下の保証なし
766443,30,土属性,670,670,0,基本倍率は未実測の推定,該当構成のゲーム実測なし,ゲーム実測以下の保証なし
766443,30,水属性,670,670,0,基本倍率は未実測の推定,該当構成のゲーム実測なし,ゲーム実測以下の保証なし
766443,30,火属性,670,670,0,基本倍率は未実測の推定,該当構成のゲーム実測なし,ゲーム実測以下の保証なし
766443,30,風属性,625,670,-45,基本倍率は未実測の推定,該当構成のゲーム実測なし,ゲーム実測以下の保証なし
766433,29,生命力,200,200,0,基本倍率は未実測の推定,該当構成のゲーム実測なし,ゲーム実測以下の保証なし
766433,29,気合,200,200,0,基本倍率は未実測の推定,該当構成のゲーム実測なし,ゲーム実測以下の保証なし
766433,29,腕力,655,670,-15,基本倍率は未実測の推定,該当構成のゲーム実測なし,ゲーム実測以下の保証なし
766433,29,耐久力,655,670,-15,基本倍率は未実測の推定,該当構成のゲーム実測なし,ゲーム実測以下の保証なし
766433,29,器用さ,660,670,-10,基本倍率は未実測の推定,該当構成のゲーム実測なし,ゲーム実測以下の保証なし
766433,29,知力,670,670,0,基本倍率は未実測の推定,該当構成のゲーム実測なし,ゲーム実測以下の保証なし
766433,29,魅力,670,670,0,基本倍率は未実測の推定,該当構成のゲーム実測なし,ゲーム実測以下の保証なし
766433,29,土属性,670,670,0,基本倍率は未実測の推定,該当構成のゲーム実測なし,ゲーム実測以下の保証なし
766433,29,水属性,670,670,0,基本倍率は未実測の推定,該当構成のゲーム実測なし,ゲーム実測以下の保証なし
766433,29,火属性,670,670,0,基本倍率は未実測の推定,該当構成のゲーム実測なし,ゲーム実測以下の保証なし
766433,29,風属性,625,670,-45,基本倍率は未実測の推定,該当構成のゲーム実測なし,ゲーム実測以下の保証なし
766333,28,生命力,200,200,0,基本倍率は未実測の推定,該当構成のゲーム実測なし,ゲーム実測以下の保証なし
766333,28,気合,200,200,0,基本倍率は未実測の推定,該当構成のゲーム実測なし,ゲーム実測以下の保証なし
766333,28,腕力,655,670,-15,基本倍率は未実測の推定,該当構成のゲーム実測なし,ゲーム実測以下の保証なし
766333,28,耐久力,655,670,-15,基本倍率は未実測の推定,該当構成のゲーム実測なし,ゲーム実測以下の保証なし
766333,28,器用さ,660,670,-10,基本倍率は未実測の推定,該当構成のゲーム実測なし,ゲーム実測以下の保証なし
766333,28,知力,670,670,0,基本倍率は未実測の推定,該当構成のゲーム実測なし,ゲーム実測以下の保証なし
766333,28,魅力,670,670,0,基本倍率は未実測の推定,該当構成のゲーム実測なし,ゲーム実測以下の保証なし
766333,28,土属性,670,670,0,基本倍率は未実測の推定,該当構成のゲーム実測なし,ゲーム実測以下の保証なし
766333,28,水属性,670,670,0,基本倍率は未実測の推定,該当構成のゲーム実測なし,ゲーム実測以下の保証なし
766333,28,火属性,670,670,0,基本倍率は未実測の推定,該当構成のゲーム実測なし,ゲーム実測以下の保証なし
766333,28,風属性,625,670,-45,基本倍率は未実測の推定,該当構成のゲーム実測なし,ゲーム実測以下の保証なし
765554,32,生命力,190,190,0,基本倍率は未実測の推定,該当構成のゲーム実測なし,ゲーム実測以下の保証なし
765554,32,気合,190,190,0,基本倍率は未実測の推定,該当構成のゲーム実測なし,ゲーム実測以下の保証なし
765554,32,腕力,645,660,-15,基本倍率は未実測の推定,該当構成のゲーム実測なし,ゲーム実測以下の保証なし
765554,32,耐久力,645,660,-15,基本倍率は未実測の推定,該当構成のゲーム実測なし,ゲーム実測以下の保証なし
765554,32,器用さ,650,660,-10,基本倍率は未実測の推定,該当構成のゲーム実測なし,ゲーム実測以下の保証なし
765554,32,知力,660,660,0,基本倍率は未実測の推定,該当構成のゲーム実測なし,ゲーム実測以下の保証なし
765554,32,魅力,660,660,0,基本倍率は未実測の推定,該当構成のゲーム実測なし,ゲーム実測以下の保証なし
765554,32,土属性,660,660,0,基本倍率は未実測の推定,該当構成のゲーム実測なし,ゲーム実測以下の保証なし
765554,32,水属性,660,660,0,基本倍率は未実測の推定,該当構成のゲーム実測なし,ゲーム実測以下の保証なし
765554,32,火属性,660,660,0,基本倍率は未実測の推定,該当構成のゲーム実測なし,ゲーム実測以下の保証なし
765554,32,風属性,615,660,-45,基本倍率は未実測の推定,該当構成のゲーム実測なし,ゲーム実測以下の保証なし
765553,31,生命力,190,190,0,基本倍率は未実測の推定,該当構成のゲーム実測なし,ゲーム実測以下の保証なし
765553,31,気合,190,190,0,基本倍率は未実測の推定,該当構成のゲーム実測なし,ゲーム実測以下の保証なし
765553,31,腕力,645,660,-15,基本倍率は未実測の推定,該当構成のゲーム実測なし,ゲーム実測以下の保証なし
765553,31,耐久力,645,660,-15,基本倍率は未実測の推定,該当構成のゲーム実測なし,ゲーム実測以下の保証なし
765553,31,器用さ,650,660,-10,基本倍率は未実測の推定,該当構成のゲーム実測なし,ゲーム実測以下の保証なし
765553,31,知力,660,660,0,基本倍率は未実測の推定,該当構成のゲーム実測なし,ゲーム実測以下の保証なし
765553,31,魅力,660,660,0,基本倍率は未実測の推定,該当構成のゲーム実測なし,ゲーム実測以下の保証なし
765553,31,土属性,660,660,0,基本倍率は未実測の推定,該当構成のゲーム実測なし,ゲーム実測以下の保証なし
765553,31,水属性,660,660,0,基本倍率は未実測の推定,該当構成のゲーム実測なし,ゲーム実測以下の保証なし
765553,31,火属性,660,660,0,基本倍率は未実測の推定,該当構成のゲーム実測なし,ゲーム実測以下の保証なし
765553,31,風属性,615,660,-45,基本倍率は未実測の推定,該当構成のゲーム実測なし,ゲーム実測以下の保証なし
765544,31,生命力,195,195,0,基本倍率は未実測の推定,該当構成のゲーム実測なし,ゲーム実測以下の保証なし
765544,31,気合,195,195,0,基本倍率は未実測の推定,該当構成のゲーム実測なし,ゲーム実測以下の保証なし
765544,31,腕力,650,665,-15,基本倍率は未実測の推定,該当構成のゲーム実測なし,ゲーム実測以下の保証なし
765544,31,耐久力,650,665,-15,基本倍率は未実測の推定,該当構成のゲーム実測なし,ゲーム実測以下の保証なし
765544,31,器用さ,655,665,-10,基本倍率は未実測の推定,該当構成のゲーム実測なし,ゲーム実測以下の保証なし
765544,31,知力,665,665,0,基本倍率は未実測の推定,該当構成のゲーム実測なし,ゲーム実測以下の保証なし
765544,31,魅力,665,665,0,基本倍率は未実測の推定,該当構成のゲーム実測なし,ゲーム実測以下の保証なし
765544,31,土属性,665,665,0,基本倍率は未実測の推定,該当構成のゲーム実測なし,ゲーム実測以下の保証なし
765544,31,水属性,665,665,0,基本倍率は未実測の推定,該当構成のゲーム実測なし,ゲーム実測以下の保証なし
765544,31,火属性,665,665,0,基本倍率は未実測の推定,該当構成のゲーム実測なし,ゲーム実測以下の保証なし
765544,31,風属性,620,665,-45,基本倍率は未実測の推定,該当構成のゲーム実測なし,ゲーム実測以下の保証なし
765543,30,生命力,195,195,0,基本倍率は未実測の推定,該当構成のゲーム実測なし,ゲーム実測以下の保証なし
765543,30,気合,195,195,0,基本倍率は未実測の推定,該当構成のゲーム実測なし,ゲーム実測以下の保証なし
765543,30,腕力,650,665,-15,基本倍率は未実測の推定,該当構成のゲーム実測なし,ゲーム実測以下の保証なし
765543,30,耐久力,650,665,-15,基本倍率は未実測の推定,該当構成のゲーム実測なし,ゲーム実測以下の保証なし
765543,30,器用さ,655,665,-10,基本倍率は未実測の推定,該当構成のゲーム実測なし,ゲーム実測以下の保証なし
765543,30,知力,665,665,0,基本倍率は未実測の推定,該当構成のゲーム実測なし,ゲーム実測以下の保証なし
765543,30,魅力,665,665,0,基本倍率は未実測の推定,該当構成のゲーム実測なし,ゲーム実測以下の保証なし
765543,30,土属性,665,665,0,基本倍率は未実測の推定,該当構成のゲーム実測なし,ゲーム実測以下の保証なし
765543,30,水属性,665,665,0,基本倍率は未実測の推定,該当構成のゲーム実測なし,ゲーム実測以下の保証なし
765543,30,火属性,665,665,0,基本倍率は未実測の推定,該当構成のゲーム実測なし,ゲーム実測以下の保証なし
765543,30,風属性,620,665,-45,基本倍率は未実測の推定,該当構成のゲーム実測なし,ゲーム実測以下の保証なし
765533,29,生命力,195,195,0,基本倍率は未実測の推定,該当構成のゲーム実測なし,ゲーム実測以下の保証なし
765533,29,気合,195,195,0,基本倍率は未実測の推定,該当構成のゲーム実測なし,ゲーム実測以下の保証なし
765533,29,腕力,650,665,-15,基本倍率は未実測の推定,該当構成のゲーム実測なし,ゲーム実測以下の保証なし
765533,29,耐久力,650,665,-15,基本倍率は未実測の推定,該当構成のゲーム実測なし,ゲーム実測以下の保証なし
765533,29,器用さ,655,665,-10,基本倍率は未実測の推定,該当構成のゲーム実測なし,ゲーム実測以下の保証なし
765533,29,知力,665,665,0,基本倍率は未実測の推定,該当構成のゲーム実測なし,ゲーム実測以下の保証なし
765533,29,魅力,665,665,0,基本倍率は未実測の推定,該当構成のゲーム実測なし,ゲーム実測以下の保証なし
765533,29,土属性,665,665,0,基本倍率は未実測の推定,該当構成のゲーム実測なし,ゲーム実測以下の保証なし
765533,29,水属性,665,665,0,基本倍率は未実測の推定,該当構成のゲーム実測なし,ゲーム実測以下の保証なし
765533,29,火属性,665,665,0,基本倍率は未実測の推定,該当構成のゲーム実測なし,ゲーム実測以下の保証なし
765533,29,風属性,620,665,-45,基本倍率は未実測の推定,該当構成のゲーム実測なし,ゲーム実測以下の保証なし
765444,30,生命力,200,200,0,基本倍率は未実測の推定,該当構成のゲーム実測なし,ゲーム実測以下の保証なし
765444,30,気合,200,200,0,基本倍率は未実測の推定,該当構成のゲーム実測なし,ゲーム実測以下の保証なし
765444,30,腕力,655,670,-15,基本倍率は未実測の推定,該当構成のゲーム実測なし,ゲーム実測以下の保証なし
765444,30,耐久力,655,670,-15,基本倍率は未実測の推定,該当構成のゲーム実測なし,ゲーム実測以下の保証なし
765444,30,器用さ,660,670,-10,基本倍率は未実測の推定,該当構成のゲーム実測なし,ゲーム実測以下の保証なし
765444,30,知力,670,670,0,基本倍率は未実測の推定,該当構成のゲーム実測なし,ゲーム実測以下の保証なし
765444,30,魅力,670,670,0,基本倍率は未実測の推定,該当構成のゲーム実測なし,ゲーム実測以下の保証なし
765444,30,土属性,670,670,0,基本倍率は未実測の推定,該当構成のゲーム実測なし,ゲーム実測以下の保証なし
765444,30,水属性,670,670,0,基本倍率は未実測の推定,該当構成のゲーム実測なし,ゲーム実測以下の保証なし
765444,30,火属性,670,670,0,基本倍率は未実測の推定,該当構成のゲーム実測なし,ゲーム実測以下の保証なし
765444,30,風属性,625,670,-45,基本倍率は未実測の推定,該当構成のゲーム実測なし,ゲーム実測以下の保証なし
765443,29,生命力,200,200,0,基本倍率は未実測の推定,該当構成のゲーム実測なし,ゲーム実測以下の保証なし
765443,29,気合,200,200,0,基本倍率は未実測の推定,該当構成のゲーム実測なし,ゲーム実測以下の保証なし
765443,29,腕力,655,670,-15,基本倍率は未実測の推定,該当構成のゲーム実測なし,ゲーム実測以下の保証なし
765443,29,耐久力,655,670,-15,基本倍率は未実測の推定,該当構成のゲーム実測なし,ゲーム実測以下の保証なし
765443,29,器用さ,660,670,-10,基本倍率は未実測の推定,該当構成のゲーム実測なし,ゲーム実測以下の保証なし
765443,29,知力,670,670,0,基本倍率は未実測の推定,該当構成のゲーム実測なし,ゲーム実測以下の保証なし
765443,29,魅力,670,670,0,基本倍率は未実測の推定,該当構成のゲーム実測なし,ゲーム実測以下の保証なし
765443,29,土属性,670,670,0,基本倍率は未実測の推定,該当構成のゲーム実測なし,ゲーム実測以下の保証なし
765443,29,水属性,670,670,0,基本倍率は未実測の推定,該当構成のゲーム実測なし,ゲーム実測以下の保証なし
765443,29,火属性,670,670,0,基本倍率は未実測の推定,該当構成のゲーム実測なし,ゲーム実測以下の保証なし
765443,29,風属性,625,670,-45,基本倍率は未実測の推定,該当構成のゲーム実測なし,ゲーム実測以下の保証なし
765433,28,生命力,200,200,0,基本倍率は未実測の推定,該当構成のゲーム実測なし,ゲーム実測以下の保証なし
765433,28,気合,200,200,0,基本倍率は未実測の推定,該当構成のゲーム実測なし,ゲーム実測以下の保証なし
765433,28,腕力,655,670,-15,基本倍率は未実測の推定,該当構成のゲーム実測なし,ゲーム実測以下の保証なし
765433,28,耐久力,655,670,-15,基本倍率は未実測の推定,該当構成のゲーム実測なし,ゲーム実測以下の保証なし
765433,28,器用さ,660,670,-10,基本倍率は未実測の推定,該当構成のゲーム実測なし,ゲーム実測以下の保証なし
765433,28,知力,670,670,0,基本倍率は未実測の推定,該当構成のゲーム実測なし,ゲーム実測以下の保証なし
765433,28,魅力,670,670,0,基本倍率は未実測の推定,該当構成のゲーム実測なし,ゲーム実測以下の保証なし
765433,28,土属性,670,670,0,基本倍率は未実測の推定,該当構成のゲーム実測なし,ゲーム実測以下の保証なし
765433,28,水属性,670,670,0,基本倍率は未実測の推定,該当構成のゲーム実測なし,ゲーム実測以下の保証なし
765433,28,火属性,670,670,0,基本倍率は未実測の推定,該当構成のゲーム実測なし,ゲーム実測以下の保証なし
765433,28,風属性,625,670,-45,基本倍率は未実測の推定,該当構成のゲーム実測なし,ゲーム実測以下の保証なし
765333,27,生命力,200,200,0,基本倍率は未実測の推定,該当構成のゲーム実測なし,ゲーム実測以下の保証なし
765333,27,気合,200,200,0,基本倍率は未実測の推定,該当構成のゲーム実測なし,ゲーム実測以下の保証なし
765333,27,腕力,655,670,-15,基本倍率は未実測の推定,該当構成のゲーム実測なし,ゲーム実測以下の保証なし
765333,27,耐久力,655,670,-15,基本倍率は未実測の推定,該当構成のゲーム実測なし,ゲーム実測以下の保証なし
765333,27,器用さ,660,670,-10,基本倍率は未実測の推定,該当構成のゲーム実測なし,ゲーム実測以下の保証なし
765333,27,知力,670,670,0,基本倍率は未実測の推定,該当構成のゲーム実測なし,ゲーム実測以下の保証なし
765333,27,魅力,670,670,0,基本倍率は未実測の推定,該当構成のゲーム実測なし,ゲーム実測以下の保証なし
765333,27,土属性,670,670,0,基本倍率は未実測の推定,該当構成のゲーム実測なし,ゲーム実測以下の保証なし
765333,27,水属性,670,670,0,基本倍率は未実測の推定,該当構成のゲーム実測なし,ゲーム実測以下の保証なし
765333,27,火属性,670,670,0,基本倍率は未実測の推定,該当構成のゲーム実測なし,ゲーム実測以下の保証なし
765333,27,風属性,625,670,-45,基本倍率は未実測の推定,該当構成のゲーム実測なし,ゲーム実測以下の保証なし
764444,29,生命力,205,205,0,基本倍率は未実測の推定,該当構成のゲーム実測なし,ゲーム実測以下の保証なし
764444,29,気合,205,205,0,基本倍率は未実測の推定,該当構成のゲーム実測なし,ゲーム実測以下の保証なし
764444,29,腕力,660,675,-15,基本倍率は未実測の推定,該当構成のゲーム実測なし,ゲーム実測以下の保証なし
764444,29,耐久力,660,675,-15,基本倍率は未実測の推定,該当構成のゲーム実測なし,ゲーム実測以下の保証なし
764444,29,器用さ,665,675,-10,基本倍率は未実測の推定,該当構成のゲーム実測なし,ゲーム実測以下の保証なし
764444,29,知力,675,675,0,基本倍率は未実測の推定,該当構成のゲーム実測なし,ゲーム実測以下の保証なし
764444,29,魅力,675,675,0,基本倍率は未実測の推定,該当構成のゲーム実測なし,ゲーム実測以下の保証なし
764444,29,土属性,675,675,0,基本倍率は未実測の推定,該当構成のゲーム実測なし,ゲーム実測以下の保証なし
764444,29,水属性,675,675,0,基本倍率は未実測の推定,該当構成のゲーム実測なし,ゲーム実測以下の保証なし
764444,29,火属性,675,675,0,基本倍率は未実測の推定,該当構成のゲーム実測なし,ゲーム実測以下の保証なし
764444,29,風属性,630,675,-45,基本倍率は未実測の推定,該当構成のゲーム実測なし,ゲーム実測以下の保証なし
764443,28,生命力,205,205,0,基本倍率は未実測の推定,該当構成のゲーム実測なし,ゲーム実測以下の保証なし
764443,28,気合,205,205,0,基本倍率は未実測の推定,該当構成のゲーム実測なし,ゲーム実測以下の保証なし
764443,28,腕力,660,675,-15,基本倍率は未実測の推定,該当構成のゲーム実測なし,ゲーム実測以下の保証なし
764443,28,耐久力,660,675,-15,基本倍率は未実測の推定,該当構成のゲーム実測なし,ゲーム実測以下の保証なし
764443,28,器用さ,665,675,-10,基本倍率は未実測の推定,該当構成のゲーム実測なし,ゲーム実測以下の保証なし
764443,28,知力,675,675,0,基本倍率は未実測の推定,該当構成のゲーム実測なし,ゲーム実測以下の保証なし
764443,28,魅力,675,675,0,基本倍率は未実測の推定,該当構成のゲーム実測なし,ゲーム実測以下の保証なし
764443,28,土属性,675,675,0,基本倍率は未実測の推定,該当構成のゲーム実測なし,ゲーム実測以下の保証なし
764443,28,水属性,675,675,0,基本倍率は未実測の推定,該当構成のゲーム実測なし,ゲーム実測以下の保証なし
764443,28,火属性,675,675,0,基本倍率は未実測の推定,該当構成のゲーム実測なし,ゲーム実測以下の保証なし
764443,28,風属性,630,675,-45,基本倍率は未実測の推定,該当構成のゲーム実測なし,ゲーム実測以下の保証なし
764433,27,生命力,205,205,0,基本倍率は未実測の推定,該当構成のゲーム実測なし,ゲーム実測以下の保証なし
764433,27,気合,205,205,0,基本倍率は未実測の推定,該当構成のゲーム実測なし,ゲーム実測以下の保証なし
764433,27,腕力,660,675,-15,基本倍率は未実測の推定,該当構成のゲーム実測なし,ゲーム実測以下の保証なし
764433,27,耐久力,660,675,-15,基本倍率は未実測の推定,該当構成のゲーム実測なし,ゲーム実測以下の保証なし
764433,27,器用さ,665,675,-10,基本倍率は未実測の推定,該当構成のゲーム実測なし,ゲーム実測以下の保証なし
764433,27,知力,675,675,0,基本倍率は未実測の推定,該当構成のゲーム実測なし,ゲーム実測以下の保証なし
764433,27,魅力,675,675,0,基本倍率は未実測の推定,該当構成のゲーム実測なし,ゲーム実測以下の保証なし
764433,27,土属性,675,675,0,基本倍率は未実測の推定,該当構成のゲーム実測なし,ゲーム実測以下の保証なし
764433,27,水属性,675,675,0,基本倍率は未実測の推定,該当構成のゲーム実測なし,ゲーム実測以下の保証なし
764433,27,火属性,675,675,0,基本倍率は未実測の推定,該当構成のゲーム実測なし,ゲーム実測以下の保証なし
764433,27,風属性,630,675,-45,基本倍率は未実測の推定,該当構成のゲーム実測なし,ゲーム実測以下の保証なし
764333,26,生命力,205,205,0,基本倍率は未実測の推定,該当構成のゲーム実測なし,ゲーム実測以下の保証なし
764333,26,気合,205,205,0,基本倍率は未実測の推定,該当構成のゲーム実測なし,ゲーム実測以下の保証なし
764333,26,腕力,660,675,-15,基本倍率は未実測の推定,該当構成のゲーム実測なし,ゲーム実測以下の保証なし
764333,26,耐久力,660,675,-15,基本倍率は未実測の推定,該当構成のゲーム実測なし,ゲーム実測以下の保証なし
764333,26,器用さ,665,675,-10,基本倍率は未実測の推定,該当構成のゲーム実測なし,ゲーム実測以下の保証なし
764333,26,知力,675,675,0,基本倍率は未実測の推定,該当構成のゲーム実測なし,ゲーム実測以下の保証なし
764333,26,魅力,675,675,0,基本倍率は未実測の推定,該当構成のゲーム実測なし,ゲーム実測以下の保証なし
764333,26,土属性,675,675,0,基本倍率は未実測の推定,該当構成のゲーム実測なし,ゲーム実測以下の保証なし
764333,26,水属性,675,675,0,基本倍率は未実測の推定,該当構成のゲーム実測なし,ゲーム実測以下の保証なし
764333,26,火属性,675,675,0,基本倍率は未実測の推定,該当構成のゲーム実測なし,ゲーム実測以下の保証なし
764333,26,風属性,630,675,-45,基本倍率は未実測の推定,該当構成のゲーム実測なし,ゲーム実測以下の保証なし
763333,25,生命力,205,205,0,基本倍率は未実測の推定,該当構成のゲーム実測なし,ゲーム実測以下の保証なし
763333,25,気合,205,205,0,基本倍率は未実測の推定,該当構成のゲーム実測なし,ゲーム実測以下の保証なし
763333,25,腕力,660,675,-15,基本倍率は未実測の推定,該当構成のゲーム実測なし,ゲーム実測以下の保証なし
763333,25,耐久力,660,675,-15,基本倍率は未実測の推定,該当構成のゲーム実測なし,ゲーム実測以下の保証なし
763333,25,器用さ,665,675,-10,基本倍率は未実測の推定,該当構成のゲーム実測なし,ゲーム実測以下の保証なし
763333,25,知力,675,675,0,基本倍率は未実測の推定,該当構成のゲーム実測なし,ゲーム実測以下の保証なし
763333,25,魅力,675,675,0,基本倍率は未実測の推定,該当構成のゲーム実測なし,ゲーム実測以下の保証なし
763333,25,土属性,675,675,0,基本倍率は未実測の推定,該当構成のゲーム実測なし,ゲーム実測以下の保証なし
763333,25,水属性,675,675,0,基本倍率は未実測の推定,該当構成のゲーム実測なし,ゲーム実測以下の保証なし
763333,25,火属性,675,675,0,基本倍率は未実測の推定,該当構成のゲーム実測なし,ゲーム実測以下の保証なし
763333,25,風属性,630,675,-45,基本倍率は未実測の推定,該当構成のゲーム実測なし,ゲーム実測以下の保証なし
755555,32,生命力,185,185,0,基本倍率は未実測の推定,該当構成のゲーム実測なし,ゲーム実測以下の保証なし
755555,32,気合,185,185,0,基本倍率は未実測の推定,該当構成のゲーム実測なし,ゲーム実測以下の保証なし
755555,32,腕力,640,655,-15,基本倍率は未実測の推定,該当構成のゲーム実測なし,ゲーム実測以下の保証なし
755555,32,耐久力,640,655,-15,基本倍率は未実測の推定,該当構成のゲーム実測なし,ゲーム実測以下の保証なし
755555,32,器用さ,645,655,-10,基本倍率は未実測の推定,該当構成のゲーム実測なし,ゲーム実測以下の保証なし
755555,32,知力,655,655,0,基本倍率は未実測の推定,該当構成のゲーム実測なし,ゲーム実測以下の保証なし
755555,32,魅力,655,655,0,基本倍率は未実測の推定,該当構成のゲーム実測なし,ゲーム実測以下の保証なし
755555,32,土属性,655,655,0,基本倍率は未実測の推定,該当構成のゲーム実測なし,ゲーム実測以下の保証なし
755555,32,水属性,655,655,0,基本倍率は未実測の推定,該当構成のゲーム実測なし,ゲーム実測以下の保証なし
755555,32,火属性,655,655,0,基本倍率は未実測の推定,該当構成のゲーム実測なし,ゲーム実測以下の保証なし
755555,32,風属性,610,655,-45,基本倍率は未実測の推定,該当構成のゲーム実測なし,ゲーム実測以下の保証なし
755554,31,生命力,190,190,0,基本倍率は未実測の推定,該当構成のゲーム実測なし,ゲーム実測以下の保証なし
755554,31,気合,190,190,0,基本倍率は未実測の推定,該当構成のゲーム実測なし,ゲーム実測以下の保証なし
755554,31,腕力,645,660,-15,基本倍率は未実測の推定,該当構成のゲーム実測なし,ゲーム実測以下の保証なし
755554,31,耐久力,645,660,-15,基本倍率は未実測の推定,該当構成のゲーム実測なし,ゲーム実測以下の保証なし
755554,31,器用さ,650,660,-10,基本倍率は未実測の推定,該当構成のゲーム実測なし,ゲーム実測以下の保証なし
755554,31,知力,660,660,0,基本倍率は未実測の推定,該当構成のゲーム実測なし,ゲーム実測以下の保証なし
755554,31,魅力,660,660,0,基本倍率は未実測の推定,該当構成のゲーム実測なし,ゲーム実測以下の保証なし
755554,31,土属性,660,660,0,基本倍率は未実測の推定,該当構成のゲーム実測なし,ゲーム実測以下の保証なし
755554,31,水属性,660,660,0,基本倍率は未実測の推定,該当構成のゲーム実測なし,ゲーム実測以下の保証なし
755554,31,火属性,660,660,0,基本倍率は未実測の推定,該当構成のゲーム実測なし,ゲーム実測以下の保証なし
755554,31,風属性,615,660,-45,基本倍率は未実測の推定,該当構成のゲーム実測なし,ゲーム実測以下の保証なし
755553,30,生命力,190,190,0,基本倍率は未実測の推定,該当構成のゲーム実測なし,ゲーム実測以下の保証なし
755553,30,気合,190,190,0,基本倍率は未実測の推定,該当構成のゲーム実測なし,ゲーム実測以下の保証なし
755553,30,腕力,645,660,-15,基本倍率は未実測の推定,該当構成のゲーム実測なし,ゲーム実測以下の保証なし
755553,30,耐久力,645,660,-15,基本倍率は未実測の推定,該当構成のゲーム実測なし,ゲーム実測以下の保証なし
755553,30,器用さ,650,660,-10,基本倍率は未実測の推定,該当構成のゲーム実測なし,ゲーム実測以下の保証なし
755553,30,知力,660,660,0,基本倍率は未実測の推定,該当構成のゲーム実測なし,ゲーム実測以下の保証なし
755553,30,魅力,660,660,0,基本倍率は未実測の推定,該当構成のゲーム実測なし,ゲーム実測以下の保証なし
755553,30,土属性,660,660,0,基本倍率は未実測の推定,該当構成のゲーム実測なし,ゲーム実測以下の保証なし
755553,30,水属性,660,660,0,基本倍率は未実測の推定,該当構成のゲーム実測なし,ゲーム実測以下の保証なし
755553,30,火属性,660,660,0,基本倍率は未実測の推定,該当構成のゲーム実測なし,ゲーム実測以下の保証なし
755553,30,風属性,615,660,-45,基本倍率は未実測の推定,該当構成のゲーム実測なし,ゲーム実測以下の保証なし
755544,30,生命力,195,195,0,基本倍率は未実測の推定,該当構成のゲーム実測なし,ゲーム実測以下の保証なし
755544,30,気合,195,195,0,基本倍率は未実測の推定,該当構成のゲーム実測なし,ゲーム実測以下の保証なし
755544,30,腕力,650,665,-15,基本倍率は未実測の推定,該当構成のゲーム実測なし,ゲーム実測以下の保証なし
755544,30,耐久力,650,665,-15,基本倍率は未実測の推定,該当構成のゲーム実測なし,ゲーム実測以下の保証なし
755544,30,器用さ,655,665,-10,基本倍率は未実測の推定,該当構成のゲーム実測なし,ゲーム実測以下の保証なし
755544,30,知力,665,665,0,基本倍率は未実測の推定,該当構成のゲーム実測なし,ゲーム実測以下の保証なし
755544,30,魅力,665,665,0,基本倍率は未実測の推定,該当構成のゲーム実測なし,ゲーム実測以下の保証なし
755544,30,土属性,665,665,0,基本倍率は未実測の推定,該当構成のゲーム実測なし,ゲーム実測以下の保証なし
755544,30,水属性,665,665,0,基本倍率は未実測の推定,該当構成のゲーム実測なし,ゲーム実測以下の保証なし
755544,30,火属性,665,665,0,基本倍率は未実測の推定,該当構成のゲーム実測なし,ゲーム実測以下の保証なし
755544,30,風属性,620,665,-45,基本倍率は未実測の推定,該当構成のゲーム実測なし,ゲーム実測以下の保証なし
755543,29,生命力,195,195,0,基本倍率は未実測の推定,該当構成のゲーム実測なし,ゲーム実測以下の保証なし
755543,29,気合,195,195,0,基本倍率は未実測の推定,該当構成のゲーム実測なし,ゲーム実測以下の保証なし
755543,29,腕力,650,665,-15,基本倍率は未実測の推定,該当構成のゲーム実測なし,ゲーム実測以下の保証なし
755543,29,耐久力,650,665,-15,基本倍率は未実測の推定,該当構成のゲーム実測なし,ゲーム実測以下の保証なし
755543,29,器用さ,655,665,-10,基本倍率は未実測の推定,該当構成のゲーム実測なし,ゲーム実測以下の保証なし
755543,29,知力,665,665,0,基本倍率は未実測の推定,該当構成のゲーム実測なし,ゲーム実測以下の保証なし
755543,29,魅力,665,665,0,基本倍率は未実測の推定,該当構成のゲーム実測なし,ゲーム実測以下の保証なし
755543,29,土属性,665,665,0,基本倍率は未実測の推定,該当構成のゲーム実測なし,ゲーム実測以下の保証なし
755543,29,水属性,665,665,0,基本倍率は未実測の推定,該当構成のゲーム実測なし,ゲーム実測以下の保証なし
755543,29,火属性,665,665,0,基本倍率は未実測の推定,該当構成のゲーム実測なし,ゲーム実測以下の保証なし
755543,29,風属性,620,665,-45,基本倍率は未実測の推定,該当構成のゲーム実測なし,ゲーム実測以下の保証なし
755533,28,生命力,195,195,0,基本倍率は未実測の推定,該当構成のゲーム実測なし,ゲーム実測以下の保証なし
755533,28,気合,195,195,0,基本倍率は未実測の推定,該当構成のゲーム実測なし,ゲーム実測以下の保証なし
755533,28,腕力,650,665,-15,基本倍率は未実測の推定,該当構成のゲーム実測なし,ゲーム実測以下の保証なし
755533,28,耐久力,650,665,-15,基本倍率は未実測の推定,該当構成のゲーム実測なし,ゲーム実測以下の保証なし
755533,28,器用さ,655,665,-10,基本倍率は未実測の推定,該当構成のゲーム実測なし,ゲーム実測以下の保証なし
755533,28,知力,665,665,0,基本倍率は未実測の推定,該当構成のゲーム実測なし,ゲーム実測以下の保証なし
755533,28,魅力,665,665,0,基本倍率は未実測の推定,該当構成のゲーム実測なし,ゲーム実測以下の保証なし
755533,28,土属性,665,665,0,基本倍率は未実測の推定,該当構成のゲーム実測なし,ゲーム実測以下の保証なし
755533,28,水属性,665,665,0,基本倍率は未実測の推定,該当構成のゲーム実測なし,ゲーム実測以下の保証なし
755533,28,火属性,665,665,0,基本倍率は未実測の推定,該当構成のゲーム実測なし,ゲーム実測以下の保証なし
755533,28,風属性,620,665,-45,基本倍率は未実測の推定,該当構成のゲーム実測なし,ゲーム実測以下の保証なし
755444,29,生命力,200,200,0,基本倍率は未実測の推定,該当構成のゲーム実測なし,ゲーム実測以下の保証なし
755444,29,気合,200,200,0,基本倍率は未実測の推定,該当構成のゲーム実測なし,ゲーム実測以下の保証なし
755444,29,腕力,655,670,-15,基本倍率は未実測の推定,該当構成のゲーム実測なし,ゲーム実測以下の保証なし
755444,29,耐久力,655,670,-15,基本倍率は未実測の推定,該当構成のゲーム実測なし,ゲーム実測以下の保証なし
755444,29,器用さ,660,670,-10,基本倍率は未実測の推定,該当構成のゲーム実測なし,ゲーム実測以下の保証なし
755444,29,知力,670,670,0,基本倍率は未実測の推定,該当構成のゲーム実測なし,ゲーム実測以下の保証なし
755444,29,魅力,670,670,0,基本倍率は未実測の推定,該当構成のゲーム実測なし,ゲーム実測以下の保証なし
755444,29,土属性,670,670,0,基本倍率は未実測の推定,該当構成のゲーム実測なし,ゲーム実測以下の保証なし
755444,29,水属性,670,670,0,基本倍率は未実測の推定,該当構成のゲーム実測なし,ゲーム実測以下の保証なし
755444,29,火属性,670,670,0,基本倍率は未実測の推定,該当構成のゲーム実測なし,ゲーム実測以下の保証なし
755444,29,風属性,625,670,-45,基本倍率は未実測の推定,該当構成のゲーム実測なし,ゲーム実測以下の保証なし
755443,28,生命力,200,200,0,基本倍率は未実測の推定,該当構成のゲーム実測なし,ゲーム実測以下の保証なし
755443,28,気合,200,200,0,基本倍率は未実測の推定,該当構成のゲーム実測なし,ゲーム実測以下の保証なし
755443,28,腕力,655,670,-15,基本倍率は未実測の推定,該当構成のゲーム実測なし,ゲーム実測以下の保証なし
755443,28,耐久力,655,670,-15,基本倍率は未実測の推定,該当構成のゲーム実測なし,ゲーム実測以下の保証なし
755443,28,器用さ,660,670,-10,基本倍率は未実測の推定,該当構成のゲーム実測なし,ゲーム実測以下の保証なし
755443,28,知力,670,670,0,基本倍率は未実測の推定,該当構成のゲーム実測なし,ゲーム実測以下の保証なし
755443,28,魅力,670,670,0,基本倍率は未実測の推定,該当構成のゲーム実測なし,ゲーム実測以下の保証なし
755443,28,土属性,670,670,0,基本倍率は未実測の推定,該当構成のゲーム実測なし,ゲーム実測以下の保証なし
755443,28,水属性,670,670,0,基本倍率は未実測の推定,該当構成のゲーム実測なし,ゲーム実測以下の保証なし
755443,28,火属性,670,670,0,基本倍率は未実測の推定,該当構成のゲーム実測なし,ゲーム実測以下の保証なし
755443,28,風属性,625,670,-45,基本倍率は未実測の推定,該当構成のゲーム実測なし,ゲーム実測以下の保証なし
755433,27,生命力,200,200,0,基本倍率は未実測の推定,該当構成のゲーム実測なし,ゲーム実測以下の保証なし
755433,27,気合,200,200,0,基本倍率は未実測の推定,該当構成のゲーム実測なし,ゲーム実測以下の保証なし
755433,27,腕力,655,670,-15,基本倍率は未実測の推定,該当構成のゲーム実測なし,ゲーム実測以下の保証なし
755433,27,耐久力,655,670,-15,基本倍率は未実測の推定,該当構成のゲーム実測なし,ゲーム実測以下の保証なし
755433,27,器用さ,660,670,-10,基本倍率は未実測の推定,該当構成のゲーム実測なし,ゲーム実測以下の保証なし
755433,27,知力,670,670,0,基本倍率は未実測の推定,該当構成のゲーム実測なし,ゲーム実測以下の保証なし
755433,27,魅力,670,670,0,基本倍率は未実測の推定,該当構成のゲーム実測なし,ゲーム実測以下の保証なし
755433,27,土属性,670,670,0,基本倍率は未実測の推定,該当構成のゲーム実測なし,ゲーム実測以下の保証なし
755433,27,水属性,670,670,0,基本倍率は未実測の推定,該当構成のゲーム実測なし,ゲーム実測以下の保証なし
755433,27,火属性,670,670,0,基本倍率は未実測の推定,該当構成のゲーム実測なし,ゲーム実測以下の保証なし
755433,27,風属性,625,670,-45,基本倍率は未実測の推定,該当構成のゲーム実測なし,ゲーム実測以下の保証なし
755333,26,生命力,200,200,0,基本倍率は未実測の推定,該当構成のゲーム実測なし,ゲーム実測以下の保証なし
755333,26,気合,200,200,0,基本倍率は未実測の推定,該当構成のゲーム実測なし,ゲーム実測以下の保証なし
755333,26,腕力,655,670,-15,基本倍率は未実測の推定,該当構成のゲーム実測なし,ゲーム実測以下の保証なし
755333,26,耐久力,655,670,-15,基本倍率は未実測の推定,該当構成のゲーム実測なし,ゲーム実測以下の保証なし
755333,26,器用さ,660,670,-10,基本倍率は未実測の推定,該当構成のゲーム実測なし,ゲーム実測以下の保証なし
755333,26,知力,670,670,0,基本倍率は未実測の推定,該当構成のゲーム実測なし,ゲーム実測以下の保証なし
755333,26,魅力,670,670,0,基本倍率は未実測の推定,該当構成のゲーム実測なし,ゲーム実測以下の保証なし
755333,26,土属性,670,670,0,基本倍率は未実測の推定,該当構成のゲーム実測なし,ゲーム実測以下の保証なし
755333,26,水属性,670,670,0,基本倍率は未実測の推定,該当構成のゲーム実測なし,ゲーム実測以下の保証なし
755333,26,火属性,670,670,0,基本倍率は未実測の推定,該当構成のゲーム実測なし,ゲーム実測以下の保証なし
755333,26,風属性,625,670,-45,基本倍率は未実測の推定,該当構成のゲーム実測なし,ゲーム実測以下の保証なし
754444,28,生命力,205,205,0,基本倍率は未実測の推定,該当構成のゲーム実測なし,ゲーム実測以下の保証なし
754444,28,気合,205,205,0,基本倍率は未実測の推定,該当構成のゲーム実測なし,ゲーム実測以下の保証なし
754444,28,腕力,660,675,-15,基本倍率は未実測の推定,該当構成のゲーム実測なし,ゲーム実測以下の保証なし
754444,28,耐久力,660,675,-15,基本倍率は未実測の推定,該当構成のゲーム実測なし,ゲーム実測以下の保証なし
754444,28,器用さ,665,675,-10,基本倍率は未実測の推定,該当構成のゲーム実測なし,ゲーム実測以下の保証なし
754444,28,知力,675,675,0,基本倍率は未実測の推定,該当構成のゲーム実測なし,ゲーム実測以下の保証なし
754444,28,魅力,675,675,0,基本倍率は未実測の推定,該当構成のゲーム実測なし,ゲーム実測以下の保証なし
754444,28,土属性,675,675,0,基本倍率は未実測の推定,該当構成のゲーム実測なし,ゲーム実測以下の保証なし
754444,28,水属性,675,675,0,基本倍率は未実測の推定,該当構成のゲーム実測なし,ゲーム実測以下の保証なし
754444,28,火属性,675,675,0,基本倍率は未実測の推定,該当構成のゲーム実測なし,ゲーム実測以下の保証なし
754444,28,風属性,630,675,-45,基本倍率は未実測の推定,該当構成のゲーム実測なし,ゲーム実測以下の保証なし
754443,27,生命力,205,205,0,基本倍率は未実測の推定,該当構成のゲーム実測なし,ゲーム実測以下の保証なし
754443,27,気合,205,205,0,基本倍率は未実測の推定,該当構成のゲーム実測なし,ゲーム実測以下の保証なし
754443,27,腕力,660,675,-15,基本倍率は未実測の推定,該当構成のゲーム実測なし,ゲーム実測以下の保証なし
754443,27,耐久力,660,675,-15,基本倍率は未実測の推定,該当構成のゲーム実測なし,ゲーム実測以下の保証なし
754443,27,器用さ,665,675,-10,基本倍率は未実測の推定,該当構成のゲーム実測なし,ゲーム実測以下の保証なし
754443,27,知力,675,675,0,基本倍率は未実測の推定,該当構成のゲーム実測なし,ゲーム実測以下の保証なし
754443,27,魅力,675,675,0,基本倍率は未実測の推定,該当構成のゲーム実測なし,ゲーム実測以下の保証なし
754443,27,土属性,675,675,0,基本倍率は未実測の推定,該当構成のゲーム実測なし,ゲーム実測以下の保証なし
754443,27,水属性,675,675,0,基本倍率は未実測の推定,該当構成のゲーム実測なし,ゲーム実測以下の保証なし
754443,27,火属性,675,675,0,基本倍率は未実測の推定,該当構成のゲーム実測なし,ゲーム実測以下の保証なし
754443,27,風属性,630,675,-45,基本倍率は未実測の推定,該当構成のゲーム実測なし,ゲーム実測以下の保証なし
754433,26,生命力,205,205,0,基本倍率は未実測の推定,該当構成のゲーム実測なし,ゲーム実測以下の保証なし
754433,26,気合,205,205,0,基本倍率は未実測の推定,該当構成のゲーム実測なし,ゲーム実測以下の保証なし
754433,26,腕力,660,675,-15,基本倍率は未実測の推定,該当構成のゲーム実測なし,ゲーム実測以下の保証なし
754433,26,耐久力,660,675,-15,基本倍率は未実測の推定,該当構成のゲーム実測なし,ゲーム実測以下の保証なし
754433,26,器用さ,665,675,-10,基本倍率は未実測の推定,該当構成のゲーム実測なし,ゲーム実測以下の保証なし
754433,26,知力,675,675,0,基本倍率は未実測の推定,該当構成のゲーム実測なし,ゲーム実測以下の保証なし
754433,26,魅力,675,675,0,基本倍率は未実測の推定,該当構成のゲーム実測なし,ゲーム実測以下の保証なし
754433,26,土属性,675,675,0,基本倍率は未実測の推定,該当構成のゲーム実測なし,ゲーム実測以下の保証なし
754433,26,水属性,675,675,0,基本倍率は未実測の推定,該当構成のゲーム実測なし,ゲーム実測以下の保証なし
754433,26,火属性,675,675,0,基本倍率は未実測の推定,該当構成のゲーム実測なし,ゲーム実測以下の保証なし
754433,26,風属性,630,675,-45,基本倍率は未実測の推定,該当構成のゲーム実測なし,ゲーム実測以下の保証なし
754333,25,生命力,205,205,0,基本倍率は未実測の推定,該当構成のゲーム実測なし,ゲーム実測以下の保証なし
754333,25,気合,205,205,0,基本倍率は未実測の推定,該当構成のゲーム実測なし,ゲーム実測以下の保証なし
754333,25,腕力,660,675,-15,基本倍率は未実測の推定,該当構成のゲーム実測なし,ゲーム実測以下の保証なし
754333,25,耐久力,660,675,-15,基本倍率は未実測の推定,該当構成のゲーム実測なし,ゲーム実測以下の保証なし
754333,25,器用さ,665,675,-10,基本倍率は未実測の推定,該当構成のゲーム実測なし,ゲーム実測以下の保証なし
754333,25,知力,675,675,0,基本倍率は未実測の推定,該当構成のゲーム実測なし,ゲーム実測以下の保証なし
754333,25,魅力,675,675,0,基本倍率は未実測の推定,該当構成のゲーム実測なし,ゲーム実測以下の保証なし
754333,25,土属性,675,675,0,基本倍率は未実測の推定,該当構成のゲーム実測なし,ゲーム実測以下の保証なし
754333,25,水属性,675,675,0,基本倍率は未実測の推定,該当構成のゲーム実測なし,ゲーム実測以下の保証なし
754333,25,火属性,675,675,0,基本倍率は未実測の推定,該当構成のゲーム実測なし,ゲーム実測以下の保証なし
754333,25,風属性,630,675,-45,基本倍率は未実測の推定,該当構成のゲーム実測なし,ゲーム実測以下の保証なし
753333,24,生命力,205,205,0,基本倍率は未実測の推定,該当構成のゲーム実測なし,ゲーム実測以下の保証なし
753333,24,気合,205,205,0,基本倍率は未実測の推定,該当構成のゲーム実測なし,ゲーム実測以下の保証なし
753333,24,腕力,660,675,-15,基本倍率は未実測の推定,該当構成のゲーム実測なし,ゲーム実測以下の保証なし
753333,24,耐久力,660,675,-15,基本倍率は未実測の推定,該当構成のゲーム実測なし,ゲーム実測以下の保証なし
753333,24,器用さ,665,675,-10,基本倍率は未実測の推定,該当構成のゲーム実測なし,ゲーム実測以下の保証なし
753333,24,知力,675,675,0,基本倍率は未実測の推定,該当構成のゲーム実測なし,ゲーム実測以下の保証なし
753333,24,魅力,675,675,0,基本倍率は未実測の推定,該当構成のゲーム実測なし,ゲーム実測以下の保証なし
753333,24,土属性,675,675,0,基本倍率は未実測の推定,該当構成のゲーム実測なし,ゲーム実測以下の保証なし
753333,24,水属性,675,675,0,基本倍率は未実測の推定,該当構成のゲーム実測なし,ゲーム実測以下の保証なし
753333,24,火属性,675,675,0,基本倍率は未実測の推定,該当構成のゲーム実測なし,ゲーム実測以下の保証なし
753333,24,風属性,630,675,-45,基本倍率は未実測の推定,該当構成のゲーム実測なし,ゲーム実測以下の保証なし
744444,27,生命力,210,210,0,基本倍率は未実測の推定,該当構成のゲーム実測なし,ゲーム実測以下の保証なし
744444,27,気合,210,210,0,基本倍率は未実測の推定,該当構成のゲーム実測なし,ゲーム実測以下の保証なし
744444,27,腕力,665,680,-15,基本倍率は未実測の推定,該当構成のゲーム実測なし,ゲーム実測以下の保証なし
744444,27,耐久力,665,680,-15,基本倍率は未実測の推定,該当構成のゲーム実測なし,ゲーム実測以下の保証なし
744444,27,器用さ,670,680,-10,基本倍率は未実測の推定,該当構成のゲーム実測なし,ゲーム実測以下の保証なし
744444,27,知力,680,680,0,基本倍率は未実測の推定,該当構成のゲーム実測なし,ゲーム実測以下の保証なし
744444,27,魅力,680,680,0,基本倍率は未実測の推定,該当構成のゲーム実測なし,ゲーム実測以下の保証なし
744444,27,土属性,680,680,0,基本倍率は未実測の推定,該当構成のゲーム実測なし,ゲーム実測以下の保証なし
744444,27,水属性,680,680,0,基本倍率は未実測の推定,該当構成のゲーム実測なし,ゲーム実測以下の保証なし
744444,27,火属性,680,680,0,基本倍率は未実測の推定,該当構成のゲーム実測なし,ゲーム実測以下の保証なし
744444,27,風属性,635,680,-45,基本倍率は未実測の推定,該当構成のゲーム実測なし,ゲーム実測以下の保証なし
744443,26,生命力,210,210,0,基本倍率は未実測の推定,該当構成のゲーム実測なし,ゲーム実測以下の保証なし
744443,26,気合,210,210,0,基本倍率は未実測の推定,該当構成のゲーム実測なし,ゲーム実測以下の保証なし
744443,26,腕力,665,680,-15,基本倍率は未実測の推定,該当構成のゲーム実測なし,ゲーム実測以下の保証なし
744443,26,耐久力,665,680,-15,基本倍率は未実測の推定,該当構成のゲーム実測なし,ゲーム実測以下の保証なし
744443,26,器用さ,670,680,-10,基本倍率は未実測の推定,該当構成のゲーム実測なし,ゲーム実測以下の保証なし
744443,26,知力,680,680,0,基本倍率は未実測の推定,該当構成のゲーム実測なし,ゲーム実測以下の保証なし
744443,26,魅力,680,680,0,基本倍率は未実測の推定,該当構成のゲーム実測なし,ゲーム実測以下の保証なし
744443,26,土属性,680,680,0,基本倍率は未実測の推定,該当構成のゲーム実測なし,ゲーム実測以下の保証なし
744443,26,水属性,680,680,0,基本倍率は未実測の推定,該当構成のゲーム実測なし,ゲーム実測以下の保証なし
744443,26,火属性,680,680,0,基本倍率は未実測の推定,該当構成のゲーム実測なし,ゲーム実測以下の保証なし
744443,26,風属性,635,680,-45,基本倍率は未実測の推定,該当構成のゲーム実測なし,ゲーム実測以下の保証なし
744433,25,生命力,210,210,0,基本倍率は未実測の推定,該当構成のゲーム実測なし,ゲーム実測以下の保証なし
744433,25,気合,210,210,0,基本倍率は未実測の推定,該当構成のゲーム実測なし,ゲーム実測以下の保証なし
744433,25,腕力,665,680,-15,基本倍率は未実測の推定,該当構成のゲーム実測なし,ゲーム実測以下の保証なし
744433,25,耐久力,665,680,-15,基本倍率は未実測の推定,該当構成のゲーム実測なし,ゲーム実測以下の保証なし
744433,25,器用さ,670,680,-10,基本倍率は未実測の推定,該当構成のゲーム実測なし,ゲーム実測以下の保証なし
744433,25,知力,680,680,0,基本倍率は未実測の推定,該当構成のゲーム実測なし,ゲーム実測以下の保証なし
744433,25,魅力,680,680,0,基本倍率は未実測の推定,該当構成のゲーム実測なし,ゲーム実測以下の保証なし
744433,25,土属性,680,680,0,基本倍率は未実測の推定,該当構成のゲーム実測なし,ゲーム実測以下の保証なし
744433,25,水属性,680,680,0,基本倍率は未実測の推定,該当構成のゲーム実測なし,ゲーム実測以下の保証なし
744433,25,火属性,680,680,0,基本倍率は未実測の推定,該当構成のゲーム実測なし,ゲーム実測以下の保証なし
744433,25,風属性,635,680,-45,基本倍率は未実測の推定,該当構成のゲーム実測なし,ゲーム実測以下の保証なし
744333,24,生命力,210,210,0,基本倍率は未実測の推定,該当構成のゲーム実測なし,ゲーム実測以下の保証なし
744333,24,気合,210,210,0,基本倍率は未実測の推定,該当構成のゲーム実測なし,ゲーム実測以下の保証なし
744333,24,腕力,665,680,-15,基本倍率は未実測の推定,該当構成のゲーム実測なし,ゲーム実測以下の保証なし
744333,24,耐久力,665,680,-15,基本倍率は未実測の推定,該当構成のゲーム実測なし,ゲーム実測以下の保証なし
744333,24,器用さ,670,680,-10,基本倍率は未実測の推定,該当構成のゲーム実測なし,ゲーム実測以下の保証なし
744333,24,知力,680,680,0,基本倍率は未実測の推定,該当構成のゲーム実測なし,ゲーム実測以下の保証なし
744333,24,魅力,680,680,0,基本倍率は未実測の推定,該当構成のゲーム実測なし,ゲーム実測以下の保証なし
744333,24,土属性,680,680,0,基本倍率は未実測の推定,該当構成のゲーム実測なし,ゲーム実測以下の保証なし
744333,24,水属性,680,680,0,基本倍率は未実測の推定,該当構成のゲーム実測なし,ゲーム実測以下の保証なし
744333,24,火属性,680,680,0,基本倍率は未実測の推定,該当構成のゲーム実測なし,ゲーム実測以下の保証なし
744333,24,風属性,635,680,-45,基本倍率は未実測の推定,該当構成のゲーム実測なし,ゲーム実測以下の保証なし
743333,23,生命力,210,210,0,基本倍率は未実測の推定,該当構成のゲーム実測なし,ゲーム実測以下の保証なし
743333,23,気合,210,210,0,基本倍率は未実測の推定,該当構成のゲーム実測なし,ゲーム実測以下の保証なし
743333,23,腕力,665,680,-15,基本倍率は未実測の推定,該当構成のゲーム実測なし,ゲーム実測以下の保証なし
743333,23,耐久力,665,680,-15,基本倍率は未実測の推定,該当構成のゲーム実測なし,ゲーム実測以下の保証なし
743333,23,器用さ,670,680,-10,基本倍率は未実測の推定,該当構成のゲーム実測なし,ゲーム実測以下の保証なし
743333,23,知力,680,680,0,基本倍率は未実測の推定,該当構成のゲーム実測なし,ゲーム実測以下の保証なし
743333,23,魅力,680,680,0,基本倍率は未実測の推定,該当構成のゲーム実測なし,ゲーム実測以下の保証なし
743333,23,土属性,680,680,0,基本倍率は未実測の推定,該当構成のゲーム実測なし,ゲーム実測以下の保証なし
743333,23,水属性,680,680,0,基本倍率は未実測の推定,該当構成のゲーム実測なし,ゲーム実測以下の保証なし
743333,23,火属性,680,680,0,基本倍率は未実測の推定,該当構成のゲーム実測なし,ゲーム実測以下の保証なし
743333,23,風属性,635,680,-45,基本倍率は未実測の推定,該当構成のゲーム実測なし,ゲーム実測以下の保証なし
733333,22,生命力,210,210,0,基本倍率は未実測の推定,該当構成のゲーム実測なし,ゲーム実測以下の保証なし
733333,22,気合,210,210,0,基本倍率は未実測の推定,該当構成のゲーム実測なし,ゲーム実測以下の保証なし
733333,22,腕力,665,680,-15,基本倍率は未実測の推定,該当構成のゲーム実測なし,ゲーム実測以下の保証なし
733333,22,耐久力,665,680,-15,基本倍率は未実測の推定,該当構成のゲーム実測なし,ゲーム実測以下の保証なし
733333,22,器用さ,670,680,-10,基本倍率は未実測の推定,該当構成のゲーム実測なし,ゲーム実測以下の保証なし
733333,22,知力,680,680,0,基本倍率は未実測の推定,該当構成のゲーム実測なし,ゲーム実測以下の保証なし
733333,22,魅力,680,680,0,基本倍率は未実測の推定,該当構成のゲーム実測なし,ゲーム実測以下の保証なし
733333,22,土属性,680,680,0,基本倍率は未実測の推定,該当構成のゲーム実測なし,ゲーム実測以下の保証なし
733333,22,水属性,680,680,0,基本倍率は未実測の推定,該当構成のゲーム実測なし,ゲーム実測以下の保証なし
733333,22,火属性,680,680,0,基本倍率は未実測の推定,該当構成のゲーム実測なし,ゲーム実測以下の保証なし
733333,22,風属性,635,680,-45,基本倍率は未実測の推定,該当構成のゲーム実測なし,ゲーム実測以下の保証なし
666653,32,生命力,195,195,0,基本倍率は未実測の推定,該当構成のゲーム実測なし,ゲーム実測以下の保証なし
666653,32,気合,195,195,0,基本倍率は未実測の推定,該当構成のゲーム実測なし,ゲーム実測以下の保証なし
666653,32,腕力,650,665,-15,基本倍率は未実測の推定,該当構成のゲーム実測なし,ゲーム実測以下の保証なし
666653,32,耐久力,650,665,-15,基本倍率は未実測の推定,該当構成のゲーム実測なし,ゲーム実測以下の保証なし
666653,32,器用さ,655,665,-10,基本倍率は未実測の推定,該当構成のゲーム実測なし,ゲーム実測以下の保証なし
666653,32,知力,665,665,0,基本倍率は未実測の推定,該当構成のゲーム実測なし,ゲーム実測以下の保証なし
666653,32,魅力,665,665,0,基本倍率は未実測の推定,該当構成のゲーム実測なし,ゲーム実測以下の保証なし
666653,32,土属性,665,665,0,基本倍率は未実測の推定,該当構成のゲーム実測なし,ゲーム実測以下の保証なし
666653,32,水属性,665,665,0,基本倍率は未実測の推定,該当構成のゲーム実測なし,ゲーム実測以下の保証なし
666653,32,火属性,665,665,0,基本倍率は未実測の推定,該当構成のゲーム実測なし,ゲーム実測以下の保証なし
666653,32,風属性,620,665,-45,基本倍率は未実測の推定,該当構成のゲーム実測なし,ゲーム実測以下の保証なし
666644,32,生命力,200,200,0,公開資料で基本倍率のみ照合,同一6柱で11能力のゲーム実測あり（1組のみ）,ゲーム実測以下の保証なし
666644,32,気合,199,200,-1,公開資料で基本倍率のみ照合,同一6柱で11能力のゲーム実測あり（1組のみ）,ゲーム実測以下の保証なし
666644,32,腕力,655,670,-15,公開資料で基本倍率のみ照合,同一6柱で11能力のゲーム実測あり（1組のみ）,ゲーム実測以下の保証なし
666644,32,耐久力,655,670,-15,公開資料で基本倍率のみ照合,同一6柱で11能力のゲーム実測あり（1組のみ）,ゲーム実測以下の保証なし
666644,32,器用さ,660,670,-10,公開資料で基本倍率のみ照合,同一6柱で11能力のゲーム実測あり（1組のみ）,ゲーム実測以下の保証なし
666644,32,知力,670,670,0,公開資料で基本倍率のみ照合,同一6柱で11能力のゲーム実測あり（1組のみ）,ゲーム実測以下の保証なし
666644,32,魅力,670,670,0,公開資料で基本倍率のみ照合,同一6柱で11能力のゲーム実測あり（1組のみ）,ゲーム実測以下の保証なし
666644,32,土属性,670,670,0,公開資料で基本倍率のみ照合,同一6柱で11能力のゲーム実測あり（1組のみ）,ゲーム実測以下の保証なし
666644,32,水属性,669,670,-1,公開資料で基本倍率のみ照合,同一6柱で11能力のゲーム実測あり（1組のみ）,ゲーム実測以下の保証なし
666644,32,火属性,670,670,0,公開資料で基本倍率のみ照合,同一6柱で11能力のゲーム実測あり（1組のみ）,ゲーム実測以下の保証なし
666644,32,風属性,625,670,-45,公開資料で基本倍率のみ照合,同一6柱で11能力のゲーム実測あり（1組のみ）,ゲーム実測以下の保証なし
666643,31,生命力,200,200,0,基本倍率は未実測の推定,該当構成のゲーム実測なし,ゲーム実測以下の保証なし
666643,31,気合,200,200,0,基本倍率は未実測の推定,該当構成のゲーム実測なし,ゲーム実測以下の保証なし
666643,31,腕力,655,670,-15,基本倍率は未実測の推定,該当構成のゲーム実測なし,ゲーム実測以下の保証なし
666643,31,耐久力,655,670,-15,基本倍率は未実測の推定,該当構成のゲーム実測なし,ゲーム実測以下の保証なし
666643,31,器用さ,660,670,-10,基本倍率は未実測の推定,該当構成のゲーム実測なし,ゲーム実測以下の保証なし
666643,31,知力,670,670,0,基本倍率は未実測の推定,該当構成のゲーム実測なし,ゲーム実測以下の保証なし
666643,31,魅力,670,670,0,基本倍率は未実測の推定,該当構成のゲーム実測なし,ゲーム実測以下の保証なし
666643,31,土属性,670,670,0,基本倍率は未実測の推定,該当構成のゲーム実測なし,ゲーム実測以下の保証なし
666643,31,水属性,670,670,0,基本倍率は未実測の推定,該当構成のゲーム実測なし,ゲーム実測以下の保証なし
666643,31,火属性,670,670,0,基本倍率は未実測の推定,該当構成のゲーム実測なし,ゲーム実測以下の保証なし
666643,31,風属性,625,670,-45,基本倍率は未実測の推定,該当構成のゲーム実測なし,ゲーム実測以下の保証なし
666633,30,生命力,200,200,0,基本倍率は未実測の推定,該当構成のゲーム実測なし,ゲーム実測以下の保証なし
666633,30,気合,200,200,0,基本倍率は未実測の推定,該当構成のゲーム実測なし,ゲーム実測以下の保証なし
666633,30,腕力,655,670,-15,基本倍率は未実測の推定,該当構成のゲーム実測なし,ゲーム実測以下の保証なし
666633,30,耐久力,655,670,-15,基本倍率は未実測の推定,該当構成のゲーム実測なし,ゲーム実測以下の保証なし
666633,30,器用さ,660,670,-10,基本倍率は未実測の推定,該当構成のゲーム実測なし,ゲーム実測以下の保証なし
666633,30,知力,670,670,0,基本倍率は未実測の推定,該当構成のゲーム実測なし,ゲーム実測以下の保証なし
666633,30,魅力,670,670,0,基本倍率は未実測の推定,該当構成のゲーム実測なし,ゲーム実測以下の保証なし
666633,30,土属性,670,670,0,基本倍率は未実測の推定,該当構成のゲーム実測なし,ゲーム実測以下の保証なし
666633,30,水属性,670,670,0,基本倍率は未実測の推定,該当構成のゲーム実測なし,ゲーム実測以下の保証なし
666633,30,火属性,670,670,0,基本倍率は未実測の推定,該当構成のゲーム実測なし,ゲーム実測以下の保証なし
666633,30,風属性,625,670,-45,基本倍率は未実測の推定,該当構成のゲーム実測なし,ゲーム実測以下の保証なし
666554,32,生命力,195,195,0,基本倍率は未実測の推定,該当構成のゲーム実測なし,ゲーム実測以下の保証なし
666554,32,気合,195,195,0,基本倍率は未実測の推定,該当構成のゲーム実測なし,ゲーム実測以下の保証なし
666554,32,腕力,650,665,-15,基本倍率は未実測の推定,該当構成のゲーム実測なし,ゲーム実測以下の保証なし
666554,32,耐久力,650,665,-15,基本倍率は未実測の推定,該当構成のゲーム実測なし,ゲーム実測以下の保証なし
666554,32,器用さ,655,665,-10,基本倍率は未実測の推定,該当構成のゲーム実測なし,ゲーム実測以下の保証なし
666554,32,知力,665,665,0,基本倍率は未実測の推定,該当構成のゲーム実測なし,ゲーム実測以下の保証なし
666554,32,魅力,665,665,0,基本倍率は未実測の推定,該当構成のゲーム実測なし,ゲーム実測以下の保証なし
666554,32,土属性,665,665,0,基本倍率は未実測の推定,該当構成のゲーム実測なし,ゲーム実測以下の保証なし
666554,32,水属性,665,665,0,基本倍率は未実測の推定,該当構成のゲーム実測なし,ゲーム実測以下の保証なし
666554,32,火属性,665,665,0,基本倍率は未実測の推定,該当構成のゲーム実測なし,ゲーム実測以下の保証なし
666554,32,風属性,620,665,-45,基本倍率は未実測の推定,該当構成のゲーム実測なし,ゲーム実測以下の保証なし
666553,31,生命力,195,195,0,基本倍率は未実測の推定,該当構成のゲーム実測なし,ゲーム実測以下の保証なし
666553,31,気合,195,195,0,基本倍率は未実測の推定,該当構成のゲーム実測なし,ゲーム実測以下の保証なし
666553,31,腕力,650,665,-15,基本倍率は未実測の推定,該当構成のゲーム実測なし,ゲーム実測以下の保証なし
666553,31,耐久力,650,665,-15,基本倍率は未実測の推定,該当構成のゲーム実測なし,ゲーム実測以下の保証なし
666553,31,器用さ,655,665,-10,基本倍率は未実測の推定,該当構成のゲーム実測なし,ゲーム実測以下の保証なし
666553,31,知力,665,665,0,基本倍率は未実測の推定,該当構成のゲーム実測なし,ゲーム実測以下の保証なし
666553,31,魅力,665,665,0,基本倍率は未実測の推定,該当構成のゲーム実測なし,ゲーム実測以下の保証なし
666553,31,土属性,665,665,0,基本倍率は未実測の推定,該当構成のゲーム実測なし,ゲーム実測以下の保証なし
666553,31,水属性,665,665,0,基本倍率は未実測の推定,該当構成のゲーム実測なし,ゲーム実測以下の保証なし
666553,31,火属性,665,665,0,基本倍率は未実測の推定,該当構成のゲーム実測なし,ゲーム実測以下の保証なし
666553,31,風属性,620,665,-45,基本倍率は未実測の推定,該当構成のゲーム実測なし,ゲーム実測以下の保証なし
666544,31,生命力,200,200,0,基本倍率は未実測の推定,該当構成のゲーム実測なし,ゲーム実測以下の保証なし
666544,31,気合,200,200,0,基本倍率は未実測の推定,該当構成のゲーム実測なし,ゲーム実測以下の保証なし
666544,31,腕力,655,670,-15,基本倍率は未実測の推定,該当構成のゲーム実測なし,ゲーム実測以下の保証なし
666544,31,耐久力,655,670,-15,基本倍率は未実測の推定,該当構成のゲーム実測なし,ゲーム実測以下の保証なし
666544,31,器用さ,660,670,-10,基本倍率は未実測の推定,該当構成のゲーム実測なし,ゲーム実測以下の保証なし
666544,31,知力,670,670,0,基本倍率は未実測の推定,該当構成のゲーム実測なし,ゲーム実測以下の保証なし
666544,31,魅力,670,670,0,基本倍率は未実測の推定,該当構成のゲーム実測なし,ゲーム実測以下の保証なし
666544,31,土属性,670,670,0,基本倍率は未実測の推定,該当構成のゲーム実測なし,ゲーム実測以下の保証なし
666544,31,水属性,670,670,0,基本倍率は未実測の推定,該当構成のゲーム実測なし,ゲーム実測以下の保証なし
666544,31,火属性,670,670,0,基本倍率は未実測の推定,該当構成のゲーム実測なし,ゲーム実測以下の保証なし
666544,31,風属性,625,670,-45,基本倍率は未実測の推定,該当構成のゲーム実測なし,ゲーム実測以下の保証なし
666543,30,生命力,200,200,0,基本倍率は未実測の推定,該当構成のゲーム実測なし,ゲーム実測以下の保証なし
666543,30,気合,200,200,0,基本倍率は未実測の推定,該当構成のゲーム実測なし,ゲーム実測以下の保証なし
666543,30,腕力,655,670,-15,基本倍率は未実測の推定,該当構成のゲーム実測なし,ゲーム実測以下の保証なし
666543,30,耐久力,655,670,-15,基本倍率は未実測の推定,該当構成のゲーム実測なし,ゲーム実測以下の保証なし
666543,30,器用さ,660,670,-10,基本倍率は未実測の推定,該当構成のゲーム実測なし,ゲーム実測以下の保証なし
666543,30,知力,670,670,0,基本倍率は未実測の推定,該当構成のゲーム実測なし,ゲーム実測以下の保証なし
666543,30,魅力,670,670,0,基本倍率は未実測の推定,該当構成のゲーム実測なし,ゲーム実測以下の保証なし
666543,30,土属性,670,670,0,基本倍率は未実測の推定,該当構成のゲーム実測なし,ゲーム実測以下の保証なし
666543,30,水属性,670,670,0,基本倍率は未実測の推定,該当構成のゲーム実測なし,ゲーム実測以下の保証なし
666543,30,火属性,670,670,0,基本倍率は未実測の推定,該当構成のゲーム実測なし,ゲーム実測以下の保証なし
666543,30,風属性,625,670,-45,基本倍率は未実測の推定,該当構成のゲーム実測なし,ゲーム実測以下の保証なし
666533,29,生命力,200,200,0,基本倍率は未実測の推定,該当構成のゲーム実測なし,ゲーム実測以下の保証なし
666533,29,気合,200,200,0,基本倍率は未実測の推定,該当構成のゲーム実測なし,ゲーム実測以下の保証なし
666533,29,腕力,655,670,-15,基本倍率は未実測の推定,該当構成のゲーム実測なし,ゲーム実測以下の保証なし
666533,29,耐久力,655,670,-15,基本倍率は未実測の推定,該当構成のゲーム実測なし,ゲーム実測以下の保証なし
666533,29,器用さ,660,670,-10,基本倍率は未実測の推定,該当構成のゲーム実測なし,ゲーム実測以下の保証なし
666533,29,知力,670,670,0,基本倍率は未実測の推定,該当構成のゲーム実測なし,ゲーム実測以下の保証なし
666533,29,魅力,670,670,0,基本倍率は未実測の推定,該当構成のゲーム実測なし,ゲーム実測以下の保証なし
666533,29,土属性,670,670,0,基本倍率は未実測の推定,該当構成のゲーム実測なし,ゲーム実測以下の保証なし
666533,29,水属性,670,670,0,基本倍率は未実測の推定,該当構成のゲーム実測なし,ゲーム実測以下の保証なし
666533,29,火属性,670,670,0,基本倍率は未実測の推定,該当構成のゲーム実測なし,ゲーム実測以下の保証なし
666533,29,風属性,625,670,-45,基本倍率は未実測の推定,該当構成のゲーム実測なし,ゲーム実測以下の保証なし
666444,30,生命力,205,205,0,基本倍率は未実測の推定,該当構成のゲーム実測なし,ゲーム実測以下の保証なし
666444,30,気合,205,205,0,基本倍率は未実測の推定,該当構成のゲーム実測なし,ゲーム実測以下の保証なし
666444,30,腕力,660,675,-15,基本倍率は未実測の推定,該当構成のゲーム実測なし,ゲーム実測以下の保証なし
666444,30,耐久力,660,675,-15,基本倍率は未実測の推定,該当構成のゲーム実測なし,ゲーム実測以下の保証なし
666444,30,器用さ,665,675,-10,基本倍率は未実測の推定,該当構成のゲーム実測なし,ゲーム実測以下の保証なし
666444,30,知力,675,675,0,基本倍率は未実測の推定,該当構成のゲーム実測なし,ゲーム実測以下の保証なし
666444,30,魅力,675,675,0,基本倍率は未実測の推定,該当構成のゲーム実測なし,ゲーム実測以下の保証なし
666444,30,土属性,675,675,0,基本倍率は未実測の推定,該当構成のゲーム実測なし,ゲーム実測以下の保証なし
666444,30,水属性,675,675,0,基本倍率は未実測の推定,該当構成のゲーム実測なし,ゲーム実測以下の保証なし
666444,30,火属性,675,675,0,基本倍率は未実測の推定,該当構成のゲーム実測なし,ゲーム実測以下の保証なし
666444,30,風属性,630,675,-45,基本倍率は未実測の推定,該当構成のゲーム実測なし,ゲーム実測以下の保証なし
666443,29,生命力,205,205,0,基本倍率は未実測の推定,該当構成のゲーム実測なし,ゲーム実測以下の保証なし
666443,29,気合,205,205,0,基本倍率は未実測の推定,該当構成のゲーム実測なし,ゲーム実測以下の保証なし
666443,29,腕力,660,675,-15,基本倍率は未実測の推定,該当構成のゲーム実測なし,ゲーム実測以下の保証なし
666443,29,耐久力,660,675,-15,基本倍率は未実測の推定,該当構成のゲーム実測なし,ゲーム実測以下の保証なし
666443,29,器用さ,665,675,-10,基本倍率は未実測の推定,該当構成のゲーム実測なし,ゲーム実測以下の保証なし
666443,29,知力,675,675,0,基本倍率は未実測の推定,該当構成のゲーム実測なし,ゲーム実測以下の保証なし
666443,29,魅力,675,675,0,基本倍率は未実測の推定,該当構成のゲーム実測なし,ゲーム実測以下の保証なし
666443,29,土属性,675,675,0,基本倍率は未実測の推定,該当構成のゲーム実測なし,ゲーム実測以下の保証なし
666443,29,水属性,675,675,0,基本倍率は未実測の推定,該当構成のゲーム実測なし,ゲーム実測以下の保証なし
666443,29,火属性,675,675,0,基本倍率は未実測の推定,該当構成のゲーム実測なし,ゲーム実測以下の保証なし
666443,29,風属性,630,675,-45,基本倍率は未実測の推定,該当構成のゲーム実測なし,ゲーム実測以下の保証なし
666433,28,生命力,205,205,0,基本倍率は未実測の推定,該当構成のゲーム実測なし,ゲーム実測以下の保証なし
666433,28,気合,205,205,0,基本倍率は未実測の推定,該当構成のゲーム実測なし,ゲーム実測以下の保証なし
666433,28,腕力,660,675,-15,基本倍率は未実測の推定,該当構成のゲーム実測なし,ゲーム実測以下の保証なし
666433,28,耐久力,660,675,-15,基本倍率は未実測の推定,該当構成のゲーム実測なし,ゲーム実測以下の保証なし
666433,28,器用さ,665,675,-10,基本倍率は未実測の推定,該当構成のゲーム実測なし,ゲーム実測以下の保証なし
666433,28,知力,675,675,0,基本倍率は未実測の推定,該当構成のゲーム実測なし,ゲーム実測以下の保証なし
666433,28,魅力,675,675,0,基本倍率は未実測の推定,該当構成のゲーム実測なし,ゲーム実測以下の保証なし
666433,28,土属性,675,675,0,基本倍率は未実測の推定,該当構成のゲーム実測なし,ゲーム実測以下の保証なし
666433,28,水属性,675,675,0,基本倍率は未実測の推定,該当構成のゲーム実測なし,ゲーム実測以下の保証なし
666433,28,火属性,675,675,0,基本倍率は未実測の推定,該当構成のゲーム実測なし,ゲーム実測以下の保証なし
666433,28,風属性,630,675,-45,基本倍率は未実測の推定,該当構成のゲーム実測なし,ゲーム実測以下の保証なし
666333,27,生命力,205,205,0,基本倍率は未実測の推定,該当構成のゲーム実測なし,ゲーム実測以下の保証なし
666333,27,気合,205,205,0,基本倍率は未実測の推定,該当構成のゲーム実測なし,ゲーム実測以下の保証なし
666333,27,腕力,660,675,-15,基本倍率は未実測の推定,該当構成のゲーム実測なし,ゲーム実測以下の保証なし
666333,27,耐久力,660,675,-15,基本倍率は未実測の推定,該当構成のゲーム実測なし,ゲーム実測以下の保証なし
666333,27,器用さ,665,675,-10,基本倍率は未実測の推定,該当構成のゲーム実測なし,ゲーム実測以下の保証なし
666333,27,知力,675,675,0,基本倍率は未実測の推定,該当構成のゲーム実測なし,ゲーム実測以下の保証なし
666333,27,魅力,675,675,0,基本倍率は未実測の推定,該当構成のゲーム実測なし,ゲーム実測以下の保証なし
666333,27,土属性,675,675,0,基本倍率は未実測の推定,該当構成のゲーム実測なし,ゲーム実測以下の保証なし
666333,27,水属性,675,675,0,基本倍率は未実測の推定,該当構成のゲーム実測なし,ゲーム実測以下の保証なし
666333,27,火属性,675,675,0,基本倍率は未実測の推定,該当構成のゲーム実測なし,ゲーム実測以下の保証なし
666333,27,風属性,630,675,-45,基本倍率は未実測の推定,該当構成のゲーム実測なし,ゲーム実測以下の保証なし
665555,32,生命力,190,190,0,公開資料で基本倍率のみ照合,該当構成のゲーム実測なし,ゲーム実測以下の保証なし
665555,32,気合,190,190,0,公開資料で基本倍率のみ照合,該当構成のゲーム実測なし,ゲーム実測以下の保証なし
665555,32,腕力,645,660,-15,公開資料で基本倍率のみ照合,該当構成のゲーム実測なし,ゲーム実測以下の保証なし
665555,32,耐久力,645,660,-15,公開資料で基本倍率のみ照合,該当構成のゲーム実測なし,ゲーム実測以下の保証なし
665555,32,器用さ,650,660,-10,公開資料で基本倍率のみ照合,該当構成のゲーム実測なし,ゲーム実測以下の保証なし
665555,32,知力,660,660,0,公開資料で基本倍率のみ照合,該当構成のゲーム実測なし,ゲーム実測以下の保証なし
665555,32,魅力,660,660,0,公開資料で基本倍率のみ照合,該当構成のゲーム実測なし,ゲーム実測以下の保証なし
665555,32,土属性,660,660,0,公開資料で基本倍率のみ照合,該当構成のゲーム実測なし,ゲーム実測以下の保証なし
665555,32,水属性,660,660,0,公開資料で基本倍率のみ照合,該当構成のゲーム実測なし,ゲーム実測以下の保証なし
665555,32,火属性,660,660,0,公開資料で基本倍率のみ照合,該当構成のゲーム実測なし,ゲーム実測以下の保証なし
665555,32,風属性,615,660,-45,公開資料で基本倍率のみ照合,該当構成のゲーム実測なし,ゲーム実測以下の保証なし
665554,31,生命力,195,195,0,基本倍率は未実測の推定,該当構成のゲーム実測なし,ゲーム実測以下の保証なし
665554,31,気合,195,195,0,基本倍率は未実測の推定,該当構成のゲーム実測なし,ゲーム実測以下の保証なし
665554,31,腕力,650,665,-15,基本倍率は未実測の推定,該当構成のゲーム実測なし,ゲーム実測以下の保証なし
665554,31,耐久力,650,665,-15,基本倍率は未実測の推定,該当構成のゲーム実測なし,ゲーム実測以下の保証なし
665554,31,器用さ,655,665,-10,基本倍率は未実測の推定,該当構成のゲーム実測なし,ゲーム実測以下の保証なし
665554,31,知力,665,665,0,基本倍率は未実測の推定,該当構成のゲーム実測なし,ゲーム実測以下の保証なし
665554,31,魅力,665,665,0,基本倍率は未実測の推定,該当構成のゲーム実測なし,ゲーム実測以下の保証なし
665554,31,土属性,665,665,0,基本倍率は未実測の推定,該当構成のゲーム実測なし,ゲーム実測以下の保証なし
665554,31,水属性,665,665,0,基本倍率は未実測の推定,該当構成のゲーム実測なし,ゲーム実測以下の保証なし
665554,31,火属性,665,665,0,基本倍率は未実測の推定,該当構成のゲーム実測なし,ゲーム実測以下の保証なし
665554,31,風属性,620,665,-45,基本倍率は未実測の推定,該当構成のゲーム実測なし,ゲーム実測以下の保証なし
665553,30,生命力,195,195,0,基本倍率は未実測の推定,該当構成のゲーム実測なし,ゲーム実測以下の保証なし
665553,30,気合,195,195,0,基本倍率は未実測の推定,該当構成のゲーム実測なし,ゲーム実測以下の保証なし
665553,30,腕力,650,665,-15,基本倍率は未実測の推定,該当構成のゲーム実測なし,ゲーム実測以下の保証なし
665553,30,耐久力,650,665,-15,基本倍率は未実測の推定,該当構成のゲーム実測なし,ゲーム実測以下の保証なし
665553,30,器用さ,655,665,-10,基本倍率は未実測の推定,該当構成のゲーム実測なし,ゲーム実測以下の保証なし
665553,30,知力,665,665,0,基本倍率は未実測の推定,該当構成のゲーム実測なし,ゲーム実測以下の保証なし
665553,30,魅力,665,665,0,基本倍率は未実測の推定,該当構成のゲーム実測なし,ゲーム実測以下の保証なし
665553,30,土属性,665,665,0,基本倍率は未実測の推定,該当構成のゲーム実測なし,ゲーム実測以下の保証なし
665553,30,水属性,665,665,0,基本倍率は未実測の推定,該当構成のゲーム実測なし,ゲーム実測以下の保証なし
665553,30,火属性,665,665,0,基本倍率は未実測の推定,該当構成のゲーム実測なし,ゲーム実測以下の保証なし
665553,30,風属性,620,665,-45,基本倍率は未実測の推定,該当構成のゲーム実測なし,ゲーム実測以下の保証なし
665544,30,生命力,200,200,0,基本倍率は未実測の推定,該当構成のゲーム実測なし,ゲーム実測以下の保証なし
665544,30,気合,200,200,0,基本倍率は未実測の推定,該当構成のゲーム実測なし,ゲーム実測以下の保証なし
665544,30,腕力,655,670,-15,基本倍率は未実測の推定,該当構成のゲーム実測なし,ゲーム実測以下の保証なし
665544,30,耐久力,655,670,-15,基本倍率は未実測の推定,該当構成のゲーム実測なし,ゲーム実測以下の保証なし
665544,30,器用さ,660,670,-10,基本倍率は未実測の推定,該当構成のゲーム実測なし,ゲーム実測以下の保証なし
665544,30,知力,670,670,0,基本倍率は未実測の推定,該当構成のゲーム実測なし,ゲーム実測以下の保証なし
665544,30,魅力,670,670,0,基本倍率は未実測の推定,該当構成のゲーム実測なし,ゲーム実測以下の保証なし
665544,30,土属性,670,670,0,基本倍率は未実測の推定,該当構成のゲーム実測なし,ゲーム実測以下の保証なし
665544,30,水属性,670,670,0,基本倍率は未実測の推定,該当構成のゲーム実測なし,ゲーム実測以下の保証なし
665544,30,火属性,670,670,0,基本倍率は未実測の推定,該当構成のゲーム実測なし,ゲーム実測以下の保証なし
665544,30,風属性,625,670,-45,基本倍率は未実測の推定,該当構成のゲーム実測なし,ゲーム実測以下の保証なし
665543,29,生命力,200,200,0,基本倍率は未実測の推定,該当構成のゲーム実測なし,ゲーム実測以下の保証なし
665543,29,気合,200,200,0,基本倍率は未実測の推定,該当構成のゲーム実測なし,ゲーム実測以下の保証なし
665543,29,腕力,655,670,-15,基本倍率は未実測の推定,該当構成のゲーム実測なし,ゲーム実測以下の保証なし
665543,29,耐久力,655,670,-15,基本倍率は未実測の推定,該当構成のゲーム実測なし,ゲーム実測以下の保証なし
665543,29,器用さ,660,670,-10,基本倍率は未実測の推定,該当構成のゲーム実測なし,ゲーム実測以下の保証なし
665543,29,知力,670,670,0,基本倍率は未実測の推定,該当構成のゲーム実測なし,ゲーム実測以下の保証なし
665543,29,魅力,670,670,0,基本倍率は未実測の推定,該当構成のゲーム実測なし,ゲーム実測以下の保証なし
665543,29,土属性,670,670,0,基本倍率は未実測の推定,該当構成のゲーム実測なし,ゲーム実測以下の保証なし
665543,29,水属性,670,670,0,基本倍率は未実測の推定,該当構成のゲーム実測なし,ゲーム実測以下の保証なし
665543,29,火属性,670,670,0,基本倍率は未実測の推定,該当構成のゲーム実測なし,ゲーム実測以下の保証なし
665543,29,風属性,625,670,-45,基本倍率は未実測の推定,該当構成のゲーム実測なし,ゲーム実測以下の保証なし
665533,28,生命力,200,200,0,基本倍率は未実測の推定,該当構成のゲーム実測なし,ゲーム実測以下の保証なし
665533,28,気合,200,200,0,基本倍率は未実測の推定,該当構成のゲーム実測なし,ゲーム実測以下の保証なし
665533,28,腕力,655,670,-15,基本倍率は未実測の推定,該当構成のゲーム実測なし,ゲーム実測以下の保証なし
665533,28,耐久力,655,670,-15,基本倍率は未実測の推定,該当構成のゲーム実測なし,ゲーム実測以下の保証なし
665533,28,器用さ,660,670,-10,基本倍率は未実測の推定,該当構成のゲーム実測なし,ゲーム実測以下の保証なし
665533,28,知力,670,670,0,基本倍率は未実測の推定,該当構成のゲーム実測なし,ゲーム実測以下の保証なし
665533,28,魅力,670,670,0,基本倍率は未実測の推定,該当構成のゲーム実測なし,ゲーム実測以下の保証なし
665533,28,土属性,670,670,0,基本倍率は未実測の推定,該当構成のゲーム実測なし,ゲーム実測以下の保証なし
665533,28,水属性,670,670,0,基本倍率は未実測の推定,該当構成のゲーム実測なし,ゲーム実測以下の保証なし
665533,28,火属性,670,670,0,基本倍率は未実測の推定,該当構成のゲーム実測なし,ゲーム実測以下の保証なし
665533,28,風属性,625,670,-45,基本倍率は未実測の推定,該当構成のゲーム実測なし,ゲーム実測以下の保証なし
665444,29,生命力,205,205,0,基本倍率は未実測の推定,該当構成のゲーム実測なし,ゲーム実測以下の保証なし
665444,29,気合,205,205,0,基本倍率は未実測の推定,該当構成のゲーム実測なし,ゲーム実測以下の保証なし
665444,29,腕力,660,675,-15,基本倍率は未実測の推定,該当構成のゲーム実測なし,ゲーム実測以下の保証なし
665444,29,耐久力,660,675,-15,基本倍率は未実測の推定,該当構成のゲーム実測なし,ゲーム実測以下の保証なし
665444,29,器用さ,665,675,-10,基本倍率は未実測の推定,該当構成のゲーム実測なし,ゲーム実測以下の保証なし
665444,29,知力,675,675,0,基本倍率は未実測の推定,該当構成のゲーム実測なし,ゲーム実測以下の保証なし
665444,29,魅力,675,675,0,基本倍率は未実測の推定,該当構成のゲーム実測なし,ゲーム実測以下の保証なし
665444,29,土属性,675,675,0,基本倍率は未実測の推定,該当構成のゲーム実測なし,ゲーム実測以下の保証なし
665444,29,水属性,675,675,0,基本倍率は未実測の推定,該当構成のゲーム実測なし,ゲーム実測以下の保証なし
665444,29,火属性,675,675,0,基本倍率は未実測の推定,該当構成のゲーム実測なし,ゲーム実測以下の保証なし
665444,29,風属性,630,675,-45,基本倍率は未実測の推定,該当構成のゲーム実測なし,ゲーム実測以下の保証なし
665443,28,生命力,205,205,0,基本倍率は未実測の推定,該当構成のゲーム実測なし,ゲーム実測以下の保証なし
665443,28,気合,205,205,0,基本倍率は未実測の推定,該当構成のゲーム実測なし,ゲーム実測以下の保証なし
665443,28,腕力,660,675,-15,基本倍率は未実測の推定,該当構成のゲーム実測なし,ゲーム実測以下の保証なし
665443,28,耐久力,660,675,-15,基本倍率は未実測の推定,該当構成のゲーム実測なし,ゲーム実測以下の保証なし
665443,28,器用さ,665,675,-10,基本倍率は未実測の推定,該当構成のゲーム実測なし,ゲーム実測以下の保証なし
665443,28,知力,675,675,0,基本倍率は未実測の推定,該当構成のゲーム実測なし,ゲーム実測以下の保証なし
665443,28,魅力,675,675,0,基本倍率は未実測の推定,該当構成のゲーム実測なし,ゲーム実測以下の保証なし
665443,28,土属性,675,675,0,基本倍率は未実測の推定,該当構成のゲーム実測なし,ゲーム実測以下の保証なし
665443,28,水属性,675,675,0,基本倍率は未実測の推定,該当構成のゲーム実測なし,ゲーム実測以下の保証なし
665443,28,火属性,675,675,0,基本倍率は未実測の推定,該当構成のゲーム実測なし,ゲーム実測以下の保証なし
665443,28,風属性,630,675,-45,基本倍率は未実測の推定,該当構成のゲーム実測なし,ゲーム実測以下の保証なし
665433,27,生命力,205,205,0,基本倍率は未実測の推定,該当構成のゲーム実測なし,ゲーム実測以下の保証なし
665433,27,気合,205,205,0,基本倍率は未実測の推定,該当構成のゲーム実測なし,ゲーム実測以下の保証なし
665433,27,腕力,660,675,-15,基本倍率は未実測の推定,該当構成のゲーム実測なし,ゲーム実測以下の保証なし
665433,27,耐久力,660,675,-15,基本倍率は未実測の推定,該当構成のゲーム実測なし,ゲーム実測以下の保証なし
665433,27,器用さ,665,675,-10,基本倍率は未実測の推定,該当構成のゲーム実測なし,ゲーム実測以下の保証なし
665433,27,知力,675,675,0,基本倍率は未実測の推定,該当構成のゲーム実測なし,ゲーム実測以下の保証なし
665433,27,魅力,675,675,0,基本倍率は未実測の推定,該当構成のゲーム実測なし,ゲーム実測以下の保証なし
665433,27,土属性,675,675,0,基本倍率は未実測の推定,該当構成のゲーム実測なし,ゲーム実測以下の保証なし
665433,27,水属性,675,675,0,基本倍率は未実測の推定,該当構成のゲーム実測なし,ゲーム実測以下の保証なし
665433,27,火属性,675,675,0,基本倍率は未実測の推定,該当構成のゲーム実測なし,ゲーム実測以下の保証なし
665433,27,風属性,630,675,-45,基本倍率は未実測の推定,該当構成のゲーム実測なし,ゲーム実測以下の保証なし
665333,26,生命力,205,205,0,基本倍率は未実測の推定,該当構成のゲーム実測なし,ゲーム実測以下の保証なし
665333,26,気合,205,205,0,基本倍率は未実測の推定,該当構成のゲーム実測なし,ゲーム実測以下の保証なし
665333,26,腕力,660,675,-15,基本倍率は未実測の推定,該当構成のゲーム実測なし,ゲーム実測以下の保証なし
665333,26,耐久力,660,675,-15,基本倍率は未実測の推定,該当構成のゲーム実測なし,ゲーム実測以下の保証なし
665333,26,器用さ,665,675,-10,基本倍率は未実測の推定,該当構成のゲーム実測なし,ゲーム実測以下の保証なし
665333,26,知力,675,675,0,基本倍率は未実測の推定,該当構成のゲーム実測なし,ゲーム実測以下の保証なし
665333,26,魅力,675,675,0,基本倍率は未実測の推定,該当構成のゲーム実測なし,ゲーム実測以下の保証なし
665333,26,土属性,675,675,0,基本倍率は未実測の推定,該当構成のゲーム実測なし,ゲーム実測以下の保証なし
665333,26,水属性,675,675,0,基本倍率は未実測の推定,該当構成のゲーム実測なし,ゲーム実測以下の保証なし
665333,26,火属性,675,675,0,基本倍率は未実測の推定,該当構成のゲーム実測なし,ゲーム実測以下の保証なし
665333,26,風属性,630,675,-45,基本倍率は未実測の推定,該当構成のゲーム実測なし,ゲーム実測以下の保証なし
664444,28,生命力,210,210,0,基本倍率は未実測の推定,該当構成のゲーム実測なし,ゲーム実測以下の保証なし
664444,28,気合,210,210,0,基本倍率は未実測の推定,該当構成のゲーム実測なし,ゲーム実測以下の保証なし
664444,28,腕力,665,680,-15,基本倍率は未実測の推定,該当構成のゲーム実測なし,ゲーム実測以下の保証なし
664444,28,耐久力,665,680,-15,基本倍率は未実測の推定,該当構成のゲーム実測なし,ゲーム実測以下の保証なし
664444,28,器用さ,670,680,-10,基本倍率は未実測の推定,該当構成のゲーム実測なし,ゲーム実測以下の保証なし
664444,28,知力,680,680,0,基本倍率は未実測の推定,該当構成のゲーム実測なし,ゲーム実測以下の保証なし
664444,28,魅力,680,680,0,基本倍率は未実測の推定,該当構成のゲーム実測なし,ゲーム実測以下の保証なし
664444,28,土属性,680,680,0,基本倍率は未実測の推定,該当構成のゲーム実測なし,ゲーム実測以下の保証なし
664444,28,水属性,680,680,0,基本倍率は未実測の推定,該当構成のゲーム実測なし,ゲーム実測以下の保証なし
664444,28,火属性,680,680,0,基本倍率は未実測の推定,該当構成のゲーム実測なし,ゲーム実測以下の保証なし
664444,28,風属性,635,680,-45,基本倍率は未実測の推定,該当構成のゲーム実測なし,ゲーム実測以下の保証なし
664443,27,生命力,210,210,0,基本倍率は未実測の推定,該当構成のゲーム実測なし,ゲーム実測以下の保証なし
664443,27,気合,210,210,0,基本倍率は未実測の推定,該当構成のゲーム実測なし,ゲーム実測以下の保証なし
664443,27,腕力,665,680,-15,基本倍率は未実測の推定,該当構成のゲーム実測なし,ゲーム実測以下の保証なし
664443,27,耐久力,665,680,-15,基本倍率は未実測の推定,該当構成のゲーム実測なし,ゲーム実測以下の保証なし
664443,27,器用さ,670,680,-10,基本倍率は未実測の推定,該当構成のゲーム実測なし,ゲーム実測以下の保証なし
664443,27,知力,680,680,0,基本倍率は未実測の推定,該当構成のゲーム実測なし,ゲーム実測以下の保証なし
664443,27,魅力,680,680,0,基本倍率は未実測の推定,該当構成のゲーム実測なし,ゲーム実測以下の保証なし
664443,27,土属性,680,680,0,基本倍率は未実測の推定,該当構成のゲーム実測なし,ゲーム実測以下の保証なし
664443,27,水属性,680,680,0,基本倍率は未実測の推定,該当構成のゲーム実測なし,ゲーム実測以下の保証なし
664443,27,火属性,680,680,0,基本倍率は未実測の推定,該当構成のゲーム実測なし,ゲーム実測以下の保証なし
664443,27,風属性,635,680,-45,基本倍率は未実測の推定,該当構成のゲーム実測なし,ゲーム実測以下の保証なし
664433,26,生命力,210,210,0,基本倍率は未実測の推定,該当構成のゲーム実測なし,ゲーム実測以下の保証なし
664433,26,気合,210,210,0,基本倍率は未実測の推定,該当構成のゲーム実測なし,ゲーム実測以下の保証なし
664433,26,腕力,665,680,-15,基本倍率は未実測の推定,該当構成のゲーム実測なし,ゲーム実測以下の保証なし
664433,26,耐久力,665,680,-15,基本倍率は未実測の推定,該当構成のゲーム実測なし,ゲーム実測以下の保証なし
664433,26,器用さ,670,680,-10,基本倍率は未実測の推定,該当構成のゲーム実測なし,ゲーム実測以下の保証なし
664433,26,知力,680,680,0,基本倍率は未実測の推定,該当構成のゲーム実測なし,ゲーム実測以下の保証なし
664433,26,魅力,680,680,0,基本倍率は未実測の推定,該当構成のゲーム実測なし,ゲーム実測以下の保証なし
664433,26,土属性,680,680,0,基本倍率は未実測の推定,該当構成のゲーム実測なし,ゲーム実測以下の保証なし
664433,26,水属性,680,680,0,基本倍率は未実測の推定,該当構成のゲーム実測なし,ゲーム実測以下の保証なし
664433,26,火属性,680,680,0,基本倍率は未実測の推定,該当構成のゲーム実測なし,ゲーム実測以下の保証なし
664433,26,風属性,635,680,-45,基本倍率は未実測の推定,該当構成のゲーム実測なし,ゲーム実測以下の保証なし
664333,25,生命力,210,210,0,基本倍率は未実測の推定,該当構成のゲーム実測なし,ゲーム実測以下の保証なし
664333,25,気合,210,210,0,基本倍率は未実測の推定,該当構成のゲーム実測なし,ゲーム実測以下の保証なし
664333,25,腕力,665,680,-15,基本倍率は未実測の推定,該当構成のゲーム実測なし,ゲーム実測以下の保証なし
664333,25,耐久力,665,680,-15,基本倍率は未実測の推定,該当構成のゲーム実測なし,ゲーム実測以下の保証なし
664333,25,器用さ,670,680,-10,基本倍率は未実測の推定,該当構成のゲーム実測なし,ゲーム実測以下の保証なし
664333,25,知力,680,680,0,基本倍率は未実測の推定,該当構成のゲーム実測なし,ゲーム実測以下の保証なし
664333,25,魅力,680,680,0,基本倍率は未実測の推定,該当構成のゲーム実測なし,ゲーム実測以下の保証なし
664333,25,土属性,680,680,0,基本倍率は未実測の推定,該当構成のゲーム実測なし,ゲーム実測以下の保証なし
664333,25,水属性,680,680,0,基本倍率は未実測の推定,該当構成のゲーム実測なし,ゲーム実測以下の保証なし
664333,25,火属性,680,680,0,基本倍率は未実測の推定,該当構成のゲーム実測なし,ゲーム実測以下の保証なし
664333,25,風属性,635,680,-45,基本倍率は未実測の推定,該当構成のゲーム実測なし,ゲーム実測以下の保証なし
663333,24,生命力,210,210,0,基本倍率は未実測の推定,該当構成のゲーム実測なし,ゲーム実測以下の保証なし
663333,24,気合,210,210,0,基本倍率は未実測の推定,該当構成のゲーム実測なし,ゲーム実測以下の保証なし
663333,24,腕力,665,680,-15,基本倍率は未実測の推定,該当構成のゲーム実測なし,ゲーム実測以下の保証なし
663333,24,耐久力,665,680,-15,基本倍率は未実測の推定,該当構成のゲーム実測なし,ゲーム実測以下の保証なし
663333,24,器用さ,670,680,-10,基本倍率は未実測の推定,該当構成のゲーム実測なし,ゲーム実測以下の保証なし
663333,24,知力,680,680,0,基本倍率は未実測の推定,該当構成のゲーム実測なし,ゲーム実測以下の保証なし
663333,24,魅力,680,680,0,基本倍率は未実測の推定,該当構成のゲーム実測なし,ゲーム実測以下の保証なし
663333,24,土属性,680,680,0,基本倍率は未実測の推定,該当構成のゲーム実測なし,ゲーム実測以下の保証なし
663333,24,水属性,680,680,0,基本倍率は未実測の推定,該当構成のゲーム実測なし,ゲーム実測以下の保証なし
663333,24,火属性,680,680,0,基本倍率は未実測の推定,該当構成のゲーム実測なし,ゲーム実測以下の保証なし
663333,24,風属性,635,680,-45,基本倍率は未実測の推定,該当構成のゲーム実測なし,ゲーム実測以下の保証なし
655555,31,生命力,190,190,0,基本倍率は未実測の推定,該当構成のゲーム実測なし,ゲーム実測以下の保証なし
655555,31,気合,190,190,0,基本倍率は未実測の推定,該当構成のゲーム実測なし,ゲーム実測以下の保証なし
655555,31,腕力,645,660,-15,基本倍率は未実測の推定,該当構成のゲーム実測なし,ゲーム実測以下の保証なし
655555,31,耐久力,645,660,-15,基本倍率は未実測の推定,該当構成のゲーム実測なし,ゲーム実測以下の保証なし
655555,31,器用さ,650,660,-10,基本倍率は未実測の推定,該当構成のゲーム実測なし,ゲーム実測以下の保証なし
655555,31,知力,660,660,0,基本倍率は未実測の推定,該当構成のゲーム実測なし,ゲーム実測以下の保証なし
655555,31,魅力,660,660,0,基本倍率は未実測の推定,該当構成のゲーム実測なし,ゲーム実測以下の保証なし
655555,31,土属性,660,660,0,基本倍率は未実測の推定,該当構成のゲーム実測なし,ゲーム実測以下の保証なし
655555,31,水属性,660,660,0,基本倍率は未実測の推定,該当構成のゲーム実測なし,ゲーム実測以下の保証なし
655555,31,火属性,660,660,0,基本倍率は未実測の推定,該当構成のゲーム実測なし,ゲーム実測以下の保証なし
655555,31,風属性,615,660,-45,基本倍率は未実測の推定,該当構成のゲーム実測なし,ゲーム実測以下の保証なし
655554,30,生命力,195,195,0,基本倍率は未実測の推定,該当構成のゲーム実測なし,ゲーム実測以下の保証なし
655554,30,気合,195,195,0,基本倍率は未実測の推定,該当構成のゲーム実測なし,ゲーム実測以下の保証なし
655554,30,腕力,650,665,-15,基本倍率は未実測の推定,該当構成のゲーム実測なし,ゲーム実測以下の保証なし
655554,30,耐久力,650,665,-15,基本倍率は未実測の推定,該当構成のゲーム実測なし,ゲーム実測以下の保証なし
655554,30,器用さ,655,665,-10,基本倍率は未実測の推定,該当構成のゲーム実測なし,ゲーム実測以下の保証なし
655554,30,知力,665,665,0,基本倍率は未実測の推定,該当構成のゲーム実測なし,ゲーム実測以下の保証なし
655554,30,魅力,665,665,0,基本倍率は未実測の推定,該当構成のゲーム実測なし,ゲーム実測以下の保証なし
655554,30,土属性,665,665,0,基本倍率は未実測の推定,該当構成のゲーム実測なし,ゲーム実測以下の保証なし
655554,30,水属性,665,665,0,基本倍率は未実測の推定,該当構成のゲーム実測なし,ゲーム実測以下の保証なし
655554,30,火属性,665,665,0,基本倍率は未実測の推定,該当構成のゲーム実測なし,ゲーム実測以下の保証なし
655554,30,風属性,620,665,-45,基本倍率は未実測の推定,該当構成のゲーム実測なし,ゲーム実測以下の保証なし
655553,29,生命力,195,195,0,基本倍率は未実測の推定,該当構成のゲーム実測なし,ゲーム実測以下の保証なし
655553,29,気合,195,195,0,基本倍率は未実測の推定,該当構成のゲーム実測なし,ゲーム実測以下の保証なし
655553,29,腕力,650,665,-15,基本倍率は未実測の推定,該当構成のゲーム実測なし,ゲーム実測以下の保証なし
655553,29,耐久力,650,665,-15,基本倍率は未実測の推定,該当構成のゲーム実測なし,ゲーム実測以下の保証なし
655553,29,器用さ,655,665,-10,基本倍率は未実測の推定,該当構成のゲーム実測なし,ゲーム実測以下の保証なし
655553,29,知力,665,665,0,基本倍率は未実測の推定,該当構成のゲーム実測なし,ゲーム実測以下の保証なし
655553,29,魅力,665,665,0,基本倍率は未実測の推定,該当構成のゲーム実測なし,ゲーム実測以下の保証なし
655553,29,土属性,665,665,0,基本倍率は未実測の推定,該当構成のゲーム実測なし,ゲーム実測以下の保証なし
655553,29,水属性,665,665,0,基本倍率は未実測の推定,該当構成のゲーム実測なし,ゲーム実測以下の保証なし
655553,29,火属性,665,665,0,基本倍率は未実測の推定,該当構成のゲーム実測なし,ゲーム実測以下の保証なし
655553,29,風属性,620,665,-45,基本倍率は未実測の推定,該当構成のゲーム実測なし,ゲーム実測以下の保証なし
655544,29,生命力,200,200,0,基本倍率は未実測の推定,該当構成のゲーム実測なし,ゲーム実測以下の保証なし
655544,29,気合,200,200,0,基本倍率は未実測の推定,該当構成のゲーム実測なし,ゲーム実測以下の保証なし
655544,29,腕力,655,670,-15,基本倍率は未実測の推定,該当構成のゲーム実測なし,ゲーム実測以下の保証なし
655544,29,耐久力,655,670,-15,基本倍率は未実測の推定,該当構成のゲーム実測なし,ゲーム実測以下の保証なし
655544,29,器用さ,660,670,-10,基本倍率は未実測の推定,該当構成のゲーム実測なし,ゲーム実測以下の保証なし
655544,29,知力,670,670,0,基本倍率は未実測の推定,該当構成のゲーム実測なし,ゲーム実測以下の保証なし
655544,29,魅力,670,670,0,基本倍率は未実測の推定,該当構成のゲーム実測なし,ゲーム実測以下の保証なし
655544,29,土属性,670,670,0,基本倍率は未実測の推定,該当構成のゲーム実測なし,ゲーム実測以下の保証なし
655544,29,水属性,670,670,0,基本倍率は未実測の推定,該当構成のゲーム実測なし,ゲーム実測以下の保証なし
655544,29,火属性,670,670,0,基本倍率は未実測の推定,該当構成のゲーム実測なし,ゲーム実測以下の保証なし
655544,29,風属性,625,670,-45,基本倍率は未実測の推定,該当構成のゲーム実測なし,ゲーム実測以下の保証なし
655543,28,生命力,200,200,0,基本倍率は未実測の推定,該当構成のゲーム実測なし,ゲーム実測以下の保証なし
655543,28,気合,200,200,0,基本倍率は未実測の推定,該当構成のゲーム実測なし,ゲーム実測以下の保証なし
655543,28,腕力,655,670,-15,基本倍率は未実測の推定,該当構成のゲーム実測なし,ゲーム実測以下の保証なし
655543,28,耐久力,655,670,-15,基本倍率は未実測の推定,該当構成のゲーム実測なし,ゲーム実測以下の保証なし
655543,28,器用さ,660,670,-10,基本倍率は未実測の推定,該当構成のゲーム実測なし,ゲーム実測以下の保証なし
655543,28,知力,670,670,0,基本倍率は未実測の推定,該当構成のゲーム実測なし,ゲーム実測以下の保証なし
655543,28,魅力,670,670,0,基本倍率は未実測の推定,該当構成のゲーム実測なし,ゲーム実測以下の保証なし
655543,28,土属性,670,670,0,基本倍率は未実測の推定,該当構成のゲーム実測なし,ゲーム実測以下の保証なし
655543,28,水属性,670,670,0,基本倍率は未実測の推定,該当構成のゲーム実測なし,ゲーム実測以下の保証なし
655543,28,火属性,670,670,0,基本倍率は未実測の推定,該当構成のゲーム実測なし,ゲーム実測以下の保証なし
655543,28,風属性,625,670,-45,基本倍率は未実測の推定,該当構成のゲーム実測なし,ゲーム実測以下の保証なし
655533,27,生命力,200,200,0,基本倍率は未実測の推定,該当構成のゲーム実測なし,ゲーム実測以下の保証なし
655533,27,気合,200,200,0,基本倍率は未実測の推定,該当構成のゲーム実測なし,ゲーム実測以下の保証なし
655533,27,腕力,655,670,-15,基本倍率は未実測の推定,該当構成のゲーム実測なし,ゲーム実測以下の保証なし
655533,27,耐久力,655,670,-15,基本倍率は未実測の推定,該当構成のゲーム実測なし,ゲーム実測以下の保証なし
655533,27,器用さ,660,670,-10,基本倍率は未実測の推定,該当構成のゲーム実測なし,ゲーム実測以下の保証なし
655533,27,知力,670,670,0,基本倍率は未実測の推定,該当構成のゲーム実測なし,ゲーム実測以下の保証なし
655533,27,魅力,670,670,0,基本倍率は未実測の推定,該当構成のゲーム実測なし,ゲーム実測以下の保証なし
655533,27,土属性,670,670,0,基本倍率は未実測の推定,該当構成のゲーム実測なし,ゲーム実測以下の保証なし
655533,27,水属性,670,670,0,基本倍率は未実測の推定,該当構成のゲーム実測なし,ゲーム実測以下の保証なし
655533,27,火属性,670,670,0,基本倍率は未実測の推定,該当構成のゲーム実測なし,ゲーム実測以下の保証なし
655533,27,風属性,625,670,-45,基本倍率は未実測の推定,該当構成のゲーム実測なし,ゲーム実測以下の保証なし
655444,28,生命力,205,205,0,基本倍率は未実測の推定,該当構成のゲーム実測なし,ゲーム実測以下の保証なし
655444,28,気合,205,205,0,基本倍率は未実測の推定,該当構成のゲーム実測なし,ゲーム実測以下の保証なし
655444,28,腕力,660,675,-15,基本倍率は未実測の推定,該当構成のゲーム実測なし,ゲーム実測以下の保証なし
655444,28,耐久力,660,675,-15,基本倍率は未実測の推定,該当構成のゲーム実測なし,ゲーム実測以下の保証なし
655444,28,器用さ,665,675,-10,基本倍率は未実測の推定,該当構成のゲーム実測なし,ゲーム実測以下の保証なし
655444,28,知力,675,675,0,基本倍率は未実測の推定,該当構成のゲーム実測なし,ゲーム実測以下の保証なし
655444,28,魅力,675,675,0,基本倍率は未実測の推定,該当構成のゲーム実測なし,ゲーム実測以下の保証なし
655444,28,土属性,675,675,0,基本倍率は未実測の推定,該当構成のゲーム実測なし,ゲーム実測以下の保証なし
655444,28,水属性,675,675,0,基本倍率は未実測の推定,該当構成のゲーム実測なし,ゲーム実測以下の保証なし
655444,28,火属性,675,675,0,基本倍率は未実測の推定,該当構成のゲーム実測なし,ゲーム実測以下の保証なし
655444,28,風属性,630,675,-45,基本倍率は未実測の推定,該当構成のゲーム実測なし,ゲーム実測以下の保証なし
655443,27,生命力,205,205,0,基本倍率は未実測の推定,該当構成のゲーム実測なし,ゲーム実測以下の保証なし
655443,27,気合,205,205,0,基本倍率は未実測の推定,該当構成のゲーム実測なし,ゲーム実測以下の保証なし
655443,27,腕力,660,675,-15,基本倍率は未実測の推定,該当構成のゲーム実測なし,ゲーム実測以下の保証なし
655443,27,耐久力,660,675,-15,基本倍率は未実測の推定,該当構成のゲーム実測なし,ゲーム実測以下の保証なし
655443,27,器用さ,665,675,-10,基本倍率は未実測の推定,該当構成のゲーム実測なし,ゲーム実測以下の保証なし
655443,27,知力,675,675,0,基本倍率は未実測の推定,該当構成のゲーム実測なし,ゲーム実測以下の保証なし
655443,27,魅力,675,675,0,基本倍率は未実測の推定,該当構成のゲーム実測なし,ゲーム実測以下の保証なし
655443,27,土属性,675,675,0,基本倍率は未実測の推定,該当構成のゲーム実測なし,ゲーム実測以下の保証なし
655443,27,水属性,675,675,0,基本倍率は未実測の推定,該当構成のゲーム実測なし,ゲーム実測以下の保証なし
655443,27,火属性,675,675,0,基本倍率は未実測の推定,該当構成のゲーム実測なし,ゲーム実測以下の保証なし
655443,27,風属性,630,675,-45,基本倍率は未実測の推定,該当構成のゲーム実測なし,ゲーム実測以下の保証なし
655433,26,生命力,205,205,0,基本倍率は未実測の推定,該当構成のゲーム実測なし,ゲーム実測以下の保証なし
655433,26,気合,205,205,0,基本倍率は未実測の推定,該当構成のゲーム実測なし,ゲーム実測以下の保証なし
655433,26,腕力,660,675,-15,基本倍率は未実測の推定,該当構成のゲーム実測なし,ゲーム実測以下の保証なし
655433,26,耐久力,660,675,-15,基本倍率は未実測の推定,該当構成のゲーム実測なし,ゲーム実測以下の保証なし
655433,26,器用さ,665,675,-10,基本倍率は未実測の推定,該当構成のゲーム実測なし,ゲーム実測以下の保証なし
655433,26,知力,675,675,0,基本倍率は未実測の推定,該当構成のゲーム実測なし,ゲーム実測以下の保証なし
655433,26,魅力,675,675,0,基本倍率は未実測の推定,該当構成のゲーム実測なし,ゲーム実測以下の保証なし
655433,26,土属性,675,675,0,基本倍率は未実測の推定,該当構成のゲーム実測なし,ゲーム実測以下の保証なし
655433,26,水属性,675,675,0,基本倍率は未実測の推定,該当構成のゲーム実測なし,ゲーム実測以下の保証なし
655433,26,火属性,675,675,0,基本倍率は未実測の推定,該当構成のゲーム実測なし,ゲーム実測以下の保証なし
655433,26,風属性,630,675,-45,基本倍率は未実測の推定,該当構成のゲーム実測なし,ゲーム実測以下の保証なし
655333,25,生命力,205,205,0,基本倍率は未実測の推定,該当構成のゲーム実測なし,ゲーム実測以下の保証なし
655333,25,気合,205,205,0,基本倍率は未実測の推定,該当構成のゲーム実測なし,ゲーム実測以下の保証なし
655333,25,腕力,660,675,-15,基本倍率は未実測の推定,該当構成のゲーム実測なし,ゲーム実測以下の保証なし
655333,25,耐久力,660,675,-15,基本倍率は未実測の推定,該当構成のゲーム実測なし,ゲーム実測以下の保証なし
655333,25,器用さ,665,675,-10,基本倍率は未実測の推定,該当構成のゲーム実測なし,ゲーム実測以下の保証なし
655333,25,知力,675,675,0,基本倍率は未実測の推定,該当構成のゲーム実測なし,ゲーム実測以下の保証なし
655333,25,魅力,675,675,0,基本倍率は未実測の推定,該当構成のゲーム実測なし,ゲーム実測以下の保証なし
655333,25,土属性,675,675,0,基本倍率は未実測の推定,該当構成のゲーム実測なし,ゲーム実測以下の保証なし
655333,25,水属性,675,675,0,基本倍率は未実測の推定,該当構成のゲーム実測なし,ゲーム実測以下の保証なし
655333,25,火属性,675,675,0,基本倍率は未実測の推定,該当構成のゲーム実測なし,ゲーム実測以下の保証なし
655333,25,風属性,630,675,-45,基本倍率は未実測の推定,該当構成のゲーム実測なし,ゲーム実測以下の保証なし
654444,27,生命力,210,210,0,基本倍率は未実測の推定,該当構成のゲーム実測なし,ゲーム実測以下の保証なし
654444,27,気合,210,210,0,基本倍率は未実測の推定,該当構成のゲーム実測なし,ゲーム実測以下の保証なし
654444,27,腕力,665,680,-15,基本倍率は未実測の推定,該当構成のゲーム実測なし,ゲーム実測以下の保証なし
654444,27,耐久力,665,680,-15,基本倍率は未実測の推定,該当構成のゲーム実測なし,ゲーム実測以下の保証なし
654444,27,器用さ,670,680,-10,基本倍率は未実測の推定,該当構成のゲーム実測なし,ゲーム実測以下の保証なし
654444,27,知力,680,680,0,基本倍率は未実測の推定,該当構成のゲーム実測なし,ゲーム実測以下の保証なし
654444,27,魅力,680,680,0,基本倍率は未実測の推定,該当構成のゲーム実測なし,ゲーム実測以下の保証なし
654444,27,土属性,680,680,0,基本倍率は未実測の推定,該当構成のゲーム実測なし,ゲーム実測以下の保証なし
654444,27,水属性,680,680,0,基本倍率は未実測の推定,該当構成のゲーム実測なし,ゲーム実測以下の保証なし
654444,27,火属性,680,680,0,基本倍率は未実測の推定,該当構成のゲーム実測なし,ゲーム実測以下の保証なし
654444,27,風属性,635,680,-45,基本倍率は未実測の推定,該当構成のゲーム実測なし,ゲーム実測以下の保証なし
654443,26,生命力,210,210,0,基本倍率は未実測の推定,該当構成のゲーム実測なし,ゲーム実測以下の保証なし
654443,26,気合,210,210,0,基本倍率は未実測の推定,該当構成のゲーム実測なし,ゲーム実測以下の保証なし
654443,26,腕力,665,680,-15,基本倍率は未実測の推定,該当構成のゲーム実測なし,ゲーム実測以下の保証なし
654443,26,耐久力,665,680,-15,基本倍率は未実測の推定,該当構成のゲーム実測なし,ゲーム実測以下の保証なし
654443,26,器用さ,670,680,-10,基本倍率は未実測の推定,該当構成のゲーム実測なし,ゲーム実測以下の保証なし
654443,26,知力,680,680,0,基本倍率は未実測の推定,該当構成のゲーム実測なし,ゲーム実測以下の保証なし
654443,26,魅力,680,680,0,基本倍率は未実測の推定,該当構成のゲーム実測なし,ゲーム実測以下の保証なし
654443,26,土属性,680,680,0,基本倍率は未実測の推定,該当構成のゲーム実測なし,ゲーム実測以下の保証なし
654443,26,水属性,680,680,0,基本倍率は未実測の推定,該当構成のゲーム実測なし,ゲーム実測以下の保証なし
654443,26,火属性,680,680,0,基本倍率は未実測の推定,該当構成のゲーム実測なし,ゲーム実測以下の保証なし
654443,26,風属性,635,680,-45,基本倍率は未実測の推定,該当構成のゲーム実測なし,ゲーム実測以下の保証なし
654433,25,生命力,210,210,0,基本倍率は未実測の推定,該当構成のゲーム実測なし,ゲーム実測以下の保証なし
654433,25,気合,210,210,0,基本倍率は未実測の推定,該当構成のゲーム実測なし,ゲーム実測以下の保証なし
654433,25,腕力,665,680,-15,基本倍率は未実測の推定,該当構成のゲーム実測なし,ゲーム実測以下の保証なし
654433,25,耐久力,665,680,-15,基本倍率は未実測の推定,該当構成のゲーム実測なし,ゲーム実測以下の保証なし
654433,25,器用さ,670,680,-10,基本倍率は未実測の推定,該当構成のゲーム実測なし,ゲーム実測以下の保証なし
654433,25,知力,680,680,0,基本倍率は未実測の推定,該当構成のゲーム実測なし,ゲーム実測以下の保証なし
654433,25,魅力,680,680,0,基本倍率は未実測の推定,該当構成のゲーム実測なし,ゲーム実測以下の保証なし
654433,25,土属性,680,680,0,基本倍率は未実測の推定,該当構成のゲーム実測なし,ゲーム実測以下の保証なし
654433,25,水属性,680,680,0,基本倍率は未実測の推定,該当構成のゲーム実測なし,ゲーム実測以下の保証なし
654433,25,火属性,680,680,0,基本倍率は未実測の推定,該当構成のゲーム実測なし,ゲーム実測以下の保証なし
654433,25,風属性,635,680,-45,基本倍率は未実測の推定,該当構成のゲーム実測なし,ゲーム実測以下の保証なし
654333,24,生命力,210,210,0,基本倍率は未実測の推定,該当構成のゲーム実測なし,ゲーム実測以下の保証なし
654333,24,気合,210,210,0,基本倍率は未実測の推定,該当構成のゲーム実測なし,ゲーム実測以下の保証なし
654333,24,腕力,665,680,-15,基本倍率は未実測の推定,該当構成のゲーム実測なし,ゲーム実測以下の保証なし
654333,24,耐久力,665,680,-15,基本倍率は未実測の推定,該当構成のゲーム実測なし,ゲーム実測以下の保証なし
654333,24,器用さ,670,680,-10,基本倍率は未実測の推定,該当構成のゲーム実測なし,ゲーム実測以下の保証なし
654333,24,知力,680,680,0,基本倍率は未実測の推定,該当構成のゲーム実測なし,ゲーム実測以下の保証なし
654333,24,魅力,680,680,0,基本倍率は未実測の推定,該当構成のゲーム実測なし,ゲーム実測以下の保証なし
654333,24,土属性,680,680,0,基本倍率は未実測の推定,該当構成のゲーム実測なし,ゲーム実測以下の保証なし
654333,24,水属性,680,680,0,基本倍率は未実測の推定,該当構成のゲーム実測なし,ゲーム実測以下の保証なし
654333,24,火属性,680,680,0,基本倍率は未実測の推定,該当構成のゲーム実測なし,ゲーム実測以下の保証なし
654333,24,風属性,635,680,-45,基本倍率は未実測の推定,該当構成のゲーム実測なし,ゲーム実測以下の保証なし
653333,23,生命力,210,210,0,基本倍率は未実測の推定,該当構成のゲーム実測なし,ゲーム実測以下の保証なし
653333,23,気合,210,210,0,基本倍率は未実測の推定,該当構成のゲーム実測なし,ゲーム実測以下の保証なし
653333,23,腕力,665,680,-15,基本倍率は未実測の推定,該当構成のゲーム実測なし,ゲーム実測以下の保証なし
653333,23,耐久力,665,680,-15,基本倍率は未実測の推定,該当構成のゲーム実測なし,ゲーム実測以下の保証なし
653333,23,器用さ,670,680,-10,基本倍率は未実測の推定,該当構成のゲーム実測なし,ゲーム実測以下の保証なし
653333,23,知力,680,680,0,基本倍率は未実測の推定,該当構成のゲーム実測なし,ゲーム実測以下の保証なし
653333,23,魅力,680,680,0,基本倍率は未実測の推定,該当構成のゲーム実測なし,ゲーム実測以下の保証なし
653333,23,土属性,680,680,0,基本倍率は未実測の推定,該当構成のゲーム実測なし,ゲーム実測以下の保証なし
653333,23,水属性,680,680,0,基本倍率は未実測の推定,該当構成のゲーム実測なし,ゲーム実測以下の保証なし
653333,23,火属性,680,680,0,基本倍率は未実測の推定,該当構成のゲーム実測なし,ゲーム実測以下の保証なし
653333,23,風属性,635,680,-45,基本倍率は未実測の推定,該当構成のゲーム実測なし,ゲーム実測以下の保証なし
644444,26,生命力,215,215,0,基本倍率は未実測の推定,該当構成のゲーム実測なし,ゲーム実測以下の保証なし
644444,26,気合,215,215,0,基本倍率は未実測の推定,該当構成のゲーム実測なし,ゲーム実測以下の保証なし
644444,26,腕力,670,685,-15,基本倍率は未実測の推定,該当構成のゲーム実測なし,ゲーム実測以下の保証なし
644444,26,耐久力,670,685,-15,基本倍率は未実測の推定,該当構成のゲーム実測なし,ゲーム実測以下の保証なし
644444,26,器用さ,675,685,-10,基本倍率は未実測の推定,該当構成のゲーム実測なし,ゲーム実測以下の保証なし
644444,26,知力,685,685,0,基本倍率は未実測の推定,該当構成のゲーム実測なし,ゲーム実測以下の保証なし
644444,26,魅力,685,685,0,基本倍率は未実測の推定,該当構成のゲーム実測なし,ゲーム実測以下の保証なし
644444,26,土属性,685,685,0,基本倍率は未実測の推定,該当構成のゲーム実測なし,ゲーム実測以下の保証なし
644444,26,水属性,685,685,0,基本倍率は未実測の推定,該当構成のゲーム実測なし,ゲーム実測以下の保証なし
644444,26,火属性,685,685,0,基本倍率は未実測の推定,該当構成のゲーム実測なし,ゲーム実測以下の保証なし
644444,26,風属性,640,685,-45,基本倍率は未実測の推定,該当構成のゲーム実測なし,ゲーム実測以下の保証なし
644443,25,生命力,215,215,0,基本倍率は未実測の推定,該当構成のゲーム実測なし,ゲーム実測以下の保証なし
644443,25,気合,215,215,0,基本倍率は未実測の推定,該当構成のゲーム実測なし,ゲーム実測以下の保証なし
644443,25,腕力,670,685,-15,基本倍率は未実測の推定,該当構成のゲーム実測なし,ゲーム実測以下の保証なし
644443,25,耐久力,670,685,-15,基本倍率は未実測の推定,該当構成のゲーム実測なし,ゲーム実測以下の保証なし
644443,25,器用さ,675,685,-10,基本倍率は未実測の推定,該当構成のゲーム実測なし,ゲーム実測以下の保証なし
644443,25,知力,685,685,0,基本倍率は未実測の推定,該当構成のゲーム実測なし,ゲーム実測以下の保証なし
644443,25,魅力,685,685,0,基本倍率は未実測の推定,該当構成のゲーム実測なし,ゲーム実測以下の保証なし
644443,25,土属性,685,685,0,基本倍率は未実測の推定,該当構成のゲーム実測なし,ゲーム実測以下の保証なし
644443,25,水属性,685,685,0,基本倍率は未実測の推定,該当構成のゲーム実測なし,ゲーム実測以下の保証なし
644443,25,火属性,685,685,0,基本倍率は未実測の推定,該当構成のゲーム実測なし,ゲーム実測以下の保証なし
644443,25,風属性,640,685,-45,基本倍率は未実測の推定,該当構成のゲーム実測なし,ゲーム実測以下の保証なし
644433,24,生命力,215,215,0,基本倍率は未実測の推定,該当構成のゲーム実測なし,ゲーム実測以下の保証なし
644433,24,気合,215,215,0,基本倍率は未実測の推定,該当構成のゲーム実測なし,ゲーム実測以下の保証なし
644433,24,腕力,670,685,-15,基本倍率は未実測の推定,該当構成のゲーム実測なし,ゲーム実測以下の保証なし
644433,24,耐久力,670,685,-15,基本倍率は未実測の推定,該当構成のゲーム実測なし,ゲーム実測以下の保証なし
644433,24,器用さ,675,685,-10,基本倍率は未実測の推定,該当構成のゲーム実測なし,ゲーム実測以下の保証なし
644433,24,知力,685,685,0,基本倍率は未実測の推定,該当構成のゲーム実測なし,ゲーム実測以下の保証なし
644433,24,魅力,685,685,0,基本倍率は未実測の推定,該当構成のゲーム実測なし,ゲーム実測以下の保証なし
644433,24,土属性,685,685,0,基本倍率は未実測の推定,該当構成のゲーム実測なし,ゲーム実測以下の保証なし
644433,24,水属性,685,685,0,基本倍率は未実測の推定,該当構成のゲーム実測なし,ゲーム実測以下の保証なし
644433,24,火属性,685,685,0,基本倍率は未実測の推定,該当構成のゲーム実測なし,ゲーム実測以下の保証なし
644433,24,風属性,640,685,-45,基本倍率は未実測の推定,該当構成のゲーム実測なし,ゲーム実測以下の保証なし
644333,23,生命力,215,215,0,基本倍率は未実測の推定,該当構成のゲーム実測なし,ゲーム実測以下の保証なし
644333,23,気合,215,215,0,基本倍率は未実測の推定,該当構成のゲーム実測なし,ゲーム実測以下の保証なし
644333,23,腕力,670,685,-15,基本倍率は未実測の推定,該当構成のゲーム実測なし,ゲーム実測以下の保証なし
644333,23,耐久力,670,685,-15,基本倍率は未実測の推定,該当構成のゲーム実測なし,ゲーム実測以下の保証なし
644333,23,器用さ,675,685,-10,基本倍率は未実測の推定,該当構成のゲーム実測なし,ゲーム実測以下の保証なし
644333,23,知力,685,685,0,基本倍率は未実測の推定,該当構成のゲーム実測なし,ゲーム実測以下の保証なし
644333,23,魅力,685,685,0,基本倍率は未実測の推定,該当構成のゲーム実測なし,ゲーム実測以下の保証なし
644333,23,土属性,685,685,0,基本倍率は未実測の推定,該当構成のゲーム実測なし,ゲーム実測以下の保証なし
644333,23,水属性,685,685,0,基本倍率は未実測の推定,該当構成のゲーム実測なし,ゲーム実測以下の保証なし
644333,23,火属性,685,685,0,基本倍率は未実測の推定,該当構成のゲーム実測なし,ゲーム実測以下の保証なし
644333,23,風属性,640,685,-45,基本倍率は未実測の推定,該当構成のゲーム実測なし,ゲーム実測以下の保証なし
643333,22,生命力,215,215,0,基本倍率は未実測の推定,該当構成のゲーム実測なし,ゲーム実測以下の保証なし
643333,22,気合,215,215,0,基本倍率は未実測の推定,該当構成のゲーム実測なし,ゲーム実測以下の保証なし
643333,22,腕力,670,685,-15,基本倍率は未実測の推定,該当構成のゲーム実測なし,ゲーム実測以下の保証なし
643333,22,耐久力,670,685,-15,基本倍率は未実測の推定,該当構成のゲーム実測なし,ゲーム実測以下の保証なし
643333,22,器用さ,675,685,-10,基本倍率は未実測の推定,該当構成のゲーム実測なし,ゲーム実測以下の保証なし
643333,22,知力,685,685,0,基本倍率は未実測の推定,該当構成のゲーム実測なし,ゲーム実測以下の保証なし
643333,22,魅力,685,685,0,基本倍率は未実測の推定,該当構成のゲーム実測なし,ゲーム実測以下の保証なし
643333,22,土属性,685,685,0,基本倍率は未実測の推定,該当構成のゲーム実測なし,ゲーム実測以下の保証なし
643333,22,水属性,685,685,0,基本倍率は未実測の推定,該当構成のゲーム実測なし,ゲーム実測以下の保証なし
643333,22,火属性,685,685,0,基本倍率は未実測の推定,該当構成のゲーム実測なし,ゲーム実測以下の保証なし
643333,22,風属性,640,685,-45,基本倍率は未実測の推定,該当構成のゲーム実測なし,ゲーム実測以下の保証なし
633333,21,生命力,215,215,0,基本倍率は未実測の推定,該当構成のゲーム実測なし,ゲーム実測以下の保証なし
633333,21,気合,215,215,0,基本倍率は未実測の推定,該当構成のゲーム実測なし,ゲーム実測以下の保証なし
633333,21,腕力,670,685,-15,基本倍率は未実測の推定,該当構成のゲーム実測なし,ゲーム実測以下の保証なし
633333,21,耐久力,670,685,-15,基本倍率は未実測の推定,該当構成のゲーム実測なし,ゲーム実測以下の保証なし
633333,21,器用さ,675,685,-10,基本倍率は未実測の推定,該当構成のゲーム実測なし,ゲーム実測以下の保証なし
633333,21,知力,685,685,0,基本倍率は未実測の推定,該当構成のゲーム実測なし,ゲーム実測以下の保証なし
633333,21,魅力,685,685,0,基本倍率は未実測の推定,該当構成のゲーム実測なし,ゲーム実測以下の保証なし
633333,21,土属性,685,685,0,基本倍率は未実測の推定,該当構成のゲーム実測なし,ゲーム実測以下の保証なし
633333,21,水属性,685,685,0,基本倍率は未実測の推定,該当構成のゲーム実測なし,ゲーム実測以下の保証なし
633333,21,火属性,685,685,0,基本倍率は未実測の推定,該当構成のゲーム実測なし,ゲーム実測以下の保証なし
633333,21,風属性,640,685,-45,基本倍率は未実測の推定,該当構成のゲーム実測なし,ゲーム実測以下の保証なし
555555,30,生命力,190,190,0,基本倍率は未実測の推定,該当構成のゲーム実測なし,ゲーム実測以下の保証なし
555555,30,気合,190,190,0,基本倍率は未実測の推定,該当構成のゲーム実測なし,ゲーム実測以下の保証なし
555555,30,腕力,645,660,-15,基本倍率は未実測の推定,該当構成のゲーム実測なし,ゲーム実測以下の保証なし
555555,30,耐久力,645,660,-15,基本倍率は未実測の推定,該当構成のゲーム実測なし,ゲーム実測以下の保証なし
555555,30,器用さ,650,660,-10,基本倍率は未実測の推定,該当構成のゲーム実測なし,ゲーム実測以下の保証なし
555555,30,知力,660,660,0,基本倍率は未実測の推定,該当構成のゲーム実測なし,ゲーム実測以下の保証なし
555555,30,魅力,660,660,0,基本倍率は未実測の推定,該当構成のゲーム実測なし,ゲーム実測以下の保証なし
555555,30,土属性,660,660,0,基本倍率は未実測の推定,該当構成のゲーム実測なし,ゲーム実測以下の保証なし
555555,30,水属性,660,660,0,基本倍率は未実測の推定,該当構成のゲーム実測なし,ゲーム実測以下の保証なし
555555,30,火属性,660,660,0,基本倍率は未実測の推定,該当構成のゲーム実測なし,ゲーム実測以下の保証なし
555555,30,風属性,615,660,-45,基本倍率は未実測の推定,該当構成のゲーム実測なし,ゲーム実測以下の保証なし
555554,29,生命力,195,195,0,基本倍率は未実測の推定,該当構成のゲーム実測なし,ゲーム実測以下の保証なし
555554,29,気合,195,195,0,基本倍率は未実測の推定,該当構成のゲーム実測なし,ゲーム実測以下の保証なし
555554,29,腕力,650,665,-15,基本倍率は未実測の推定,該当構成のゲーム実測なし,ゲーム実測以下の保証なし
555554,29,耐久力,650,665,-15,基本倍率は未実測の推定,該当構成のゲーム実測なし,ゲーム実測以下の保証なし
555554,29,器用さ,655,665,-10,基本倍率は未実測の推定,該当構成のゲーム実測なし,ゲーム実測以下の保証なし
555554,29,知力,665,665,0,基本倍率は未実測の推定,該当構成のゲーム実測なし,ゲーム実測以下の保証なし
555554,29,魅力,665,665,0,基本倍率は未実測の推定,該当構成のゲーム実測なし,ゲーム実測以下の保証なし
555554,29,土属性,665,665,0,基本倍率は未実測の推定,該当構成のゲーム実測なし,ゲーム実測以下の保証なし
555554,29,水属性,665,665,0,基本倍率は未実測の推定,該当構成のゲーム実測なし,ゲーム実測以下の保証なし
555554,29,火属性,665,665,0,基本倍率は未実測の推定,該当構成のゲーム実測なし,ゲーム実測以下の保証なし
555554,29,風属性,620,665,-45,基本倍率は未実測の推定,該当構成のゲーム実測なし,ゲーム実測以下の保証なし
555553,28,生命力,195,195,0,基本倍率は未実測の推定,該当構成のゲーム実測なし,ゲーム実測以下の保証なし
555553,28,気合,195,195,0,基本倍率は未実測の推定,該当構成のゲーム実測なし,ゲーム実測以下の保証なし
555553,28,腕力,650,665,-15,基本倍率は未実測の推定,該当構成のゲーム実測なし,ゲーム実測以下の保証なし
555553,28,耐久力,650,665,-15,基本倍率は未実測の推定,該当構成のゲーム実測なし,ゲーム実測以下の保証なし
555553,28,器用さ,655,665,-10,基本倍率は未実測の推定,該当構成のゲーム実測なし,ゲーム実測以下の保証なし
555553,28,知力,665,665,0,基本倍率は未実測の推定,該当構成のゲーム実測なし,ゲーム実測以下の保証なし
555553,28,魅力,665,665,0,基本倍率は未実測の推定,該当構成のゲーム実測なし,ゲーム実測以下の保証なし
555553,28,土属性,665,665,0,基本倍率は未実測の推定,該当構成のゲーム実測なし,ゲーム実測以下の保証なし
555553,28,水属性,665,665,0,基本倍率は未実測の推定,該当構成のゲーム実測なし,ゲーム実測以下の保証なし
555553,28,火属性,665,665,0,基本倍率は未実測の推定,該当構成のゲーム実測なし,ゲーム実測以下の保証なし
555553,28,風属性,620,665,-45,基本倍率は未実測の推定,該当構成のゲーム実測なし,ゲーム実測以下の保証なし
555544,28,生命力,200,200,0,基本倍率は未実測の推定,該当構成のゲーム実測なし,ゲーム実測以下の保証なし
555544,28,気合,200,200,0,基本倍率は未実測の推定,該当構成のゲーム実測なし,ゲーム実測以下の保証なし
555544,28,腕力,655,670,-15,基本倍率は未実測の推定,該当構成のゲーム実測なし,ゲーム実測以下の保証なし
555544,28,耐久力,655,670,-15,基本倍率は未実測の推定,該当構成のゲーム実測なし,ゲーム実測以下の保証なし
555544,28,器用さ,660,670,-10,基本倍率は未実測の推定,該当構成のゲーム実測なし,ゲーム実測以下の保証なし
555544,28,知力,670,670,0,基本倍率は未実測の推定,該当構成のゲーム実測なし,ゲーム実測以下の保証なし
555544,28,魅力,670,670,0,基本倍率は未実測の推定,該当構成のゲーム実測なし,ゲーム実測以下の保証なし
555544,28,土属性,670,670,0,基本倍率は未実測の推定,該当構成のゲーム実測なし,ゲーム実測以下の保証なし
555544,28,水属性,670,670,0,基本倍率は未実測の推定,該当構成のゲーム実測なし,ゲーム実測以下の保証なし
555544,28,火属性,670,670,0,基本倍率は未実測の推定,該当構成のゲーム実測なし,ゲーム実測以下の保証なし
555544,28,風属性,625,670,-45,基本倍率は未実測の推定,該当構成のゲーム実測なし,ゲーム実測以下の保証なし
555543,27,生命力,200,200,0,基本倍率は未実測の推定,該当構成のゲーム実測なし,ゲーム実測以下の保証なし
555543,27,気合,200,200,0,基本倍率は未実測の推定,該当構成のゲーム実測なし,ゲーム実測以下の保証なし
555543,27,腕力,655,670,-15,基本倍率は未実測の推定,該当構成のゲーム実測なし,ゲーム実測以下の保証なし
555543,27,耐久力,655,670,-15,基本倍率は未実測の推定,該当構成のゲーム実測なし,ゲーム実測以下の保証なし
555543,27,器用さ,660,670,-10,基本倍率は未実測の推定,該当構成のゲーム実測なし,ゲーム実測以下の保証なし
555543,27,知力,670,670,0,基本倍率は未実測の推定,該当構成のゲーム実測なし,ゲーム実測以下の保証なし
555543,27,魅力,670,670,0,基本倍率は未実測の推定,該当構成のゲーム実測なし,ゲーム実測以下の保証なし
555543,27,土属性,670,670,0,基本倍率は未実測の推定,該当構成のゲーム実測なし,ゲーム実測以下の保証なし
555543,27,水属性,670,670,0,基本倍率は未実測の推定,該当構成のゲーム実測なし,ゲーム実測以下の保証なし
555543,27,火属性,670,670,0,基本倍率は未実測の推定,該当構成のゲーム実測なし,ゲーム実測以下の保証なし
555543,27,風属性,625,670,-45,基本倍率は未実測の推定,該当構成のゲーム実測なし,ゲーム実測以下の保証なし
555533,26,生命力,200,200,0,基本倍率は未実測の推定,該当構成のゲーム実測なし,ゲーム実測以下の保証なし
555533,26,気合,200,200,0,基本倍率は未実測の推定,該当構成のゲーム実測なし,ゲーム実測以下の保証なし
555533,26,腕力,655,670,-15,基本倍率は未実測の推定,該当構成のゲーム実測なし,ゲーム実測以下の保証なし
555533,26,耐久力,655,670,-15,基本倍率は未実測の推定,該当構成のゲーム実測なし,ゲーム実測以下の保証なし
555533,26,器用さ,660,670,-10,基本倍率は未実測の推定,該当構成のゲーム実測なし,ゲーム実測以下の保証なし
555533,26,知力,670,670,0,基本倍率は未実測の推定,該当構成のゲーム実測なし,ゲーム実測以下の保証なし
555533,26,魅力,670,670,0,基本倍率は未実測の推定,該当構成のゲーム実測なし,ゲーム実測以下の保証なし
555533,26,土属性,670,670,0,基本倍率は未実測の推定,該当構成のゲーム実測なし,ゲーム実測以下の保証なし
555533,26,水属性,670,670,0,基本倍率は未実測の推定,該当構成のゲーム実測なし,ゲーム実測以下の保証なし
555533,26,火属性,670,670,0,基本倍率は未実測の推定,該当構成のゲーム実測なし,ゲーム実測以下の保証なし
555533,26,風属性,625,670,-45,基本倍率は未実測の推定,該当構成のゲーム実測なし,ゲーム実測以下の保証なし
555444,27,生命力,205,205,0,基本倍率は未実測の推定,該当構成のゲーム実測なし,ゲーム実測以下の保証なし
555444,27,気合,205,205,0,基本倍率は未実測の推定,該当構成のゲーム実測なし,ゲーム実測以下の保証なし
555444,27,腕力,660,675,-15,基本倍率は未実測の推定,該当構成のゲーム実測なし,ゲーム実測以下の保証なし
555444,27,耐久力,660,675,-15,基本倍率は未実測の推定,該当構成のゲーム実測なし,ゲーム実測以下の保証なし
555444,27,器用さ,665,675,-10,基本倍率は未実測の推定,該当構成のゲーム実測なし,ゲーム実測以下の保証なし
555444,27,知力,675,675,0,基本倍率は未実測の推定,該当構成のゲーム実測なし,ゲーム実測以下の保証なし
555444,27,魅力,675,675,0,基本倍率は未実測の推定,該当構成のゲーム実測なし,ゲーム実測以下の保証なし
555444,27,土属性,675,675,0,基本倍率は未実測の推定,該当構成のゲーム実測なし,ゲーム実測以下の保証なし
555444,27,水属性,675,675,0,基本倍率は未実測の推定,該当構成のゲーム実測なし,ゲーム実測以下の保証なし
555444,27,火属性,675,675,0,基本倍率は未実測の推定,該当構成のゲーム実測なし,ゲーム実測以下の保証なし
555444,27,風属性,630,675,-45,基本倍率は未実測の推定,該当構成のゲーム実測なし,ゲーム実測以下の保証なし
555443,26,生命力,205,205,0,基本倍率は未実測の推定,該当構成のゲーム実測なし,ゲーム実測以下の保証なし
555443,26,気合,205,205,0,基本倍率は未実測の推定,該当構成のゲーム実測なし,ゲーム実測以下の保証なし
555443,26,腕力,660,675,-15,基本倍率は未実測の推定,該当構成のゲーム実測なし,ゲーム実測以下の保証なし
555443,26,耐久力,660,675,-15,基本倍率は未実測の推定,該当構成のゲーム実測なし,ゲーム実測以下の保証なし
555443,26,器用さ,665,675,-10,基本倍率は未実測の推定,該当構成のゲーム実測なし,ゲーム実測以下の保証なし
555443,26,知力,675,675,0,基本倍率は未実測の推定,該当構成のゲーム実測なし,ゲーム実測以下の保証なし
555443,26,魅力,675,675,0,基本倍率は未実測の推定,該当構成のゲーム実測なし,ゲーム実測以下の保証なし
555443,26,土属性,675,675,0,基本倍率は未実測の推定,該当構成のゲーム実測なし,ゲーム実測以下の保証なし
555443,26,水属性,675,675,0,基本倍率は未実測の推定,該当構成のゲーム実測なし,ゲーム実測以下の保証なし
555443,26,火属性,675,675,0,基本倍率は未実測の推定,該当構成のゲーム実測なし,ゲーム実測以下の保証なし
555443,26,風属性,630,675,-45,基本倍率は未実測の推定,該当構成のゲーム実測なし,ゲーム実測以下の保証なし
555433,25,生命力,205,205,0,基本倍率は未実測の推定,該当構成のゲーム実測なし,ゲーム実測以下の保証なし
555433,25,気合,205,205,0,基本倍率は未実測の推定,該当構成のゲーム実測なし,ゲーム実測以下の保証なし
555433,25,腕力,660,675,-15,基本倍率は未実測の推定,該当構成のゲーム実測なし,ゲーム実測以下の保証なし
555433,25,耐久力,660,675,-15,基本倍率は未実測の推定,該当構成のゲーム実測なし,ゲーム実測以下の保証なし
555433,25,器用さ,665,675,-10,基本倍率は未実測の推定,該当構成のゲーム実測なし,ゲーム実測以下の保証なし
555433,25,知力,675,675,0,基本倍率は未実測の推定,該当構成のゲーム実測なし,ゲーム実測以下の保証なし
555433,25,魅力,675,675,0,基本倍率は未実測の推定,該当構成のゲーム実測なし,ゲーム実測以下の保証なし
555433,25,土属性,675,675,0,基本倍率は未実測の推定,該当構成のゲーム実測なし,ゲーム実測以下の保証なし
555433,25,水属性,675,675,0,基本倍率は未実測の推定,該当構成のゲーム実測なし,ゲーム実測以下の保証なし
555433,25,火属性,675,675,0,基本倍率は未実測の推定,該当構成のゲーム実測なし,ゲーム実測以下の保証なし
555433,25,風属性,630,675,-45,基本倍率は未実測の推定,該当構成のゲーム実測なし,ゲーム実測以下の保証なし
555333,24,生命力,205,205,0,基本倍率は未実測の推定,該当構成のゲーム実測なし,ゲーム実測以下の保証なし
555333,24,気合,205,205,0,基本倍率は未実測の推定,該当構成のゲーム実測なし,ゲーム実測以下の保証なし
555333,24,腕力,660,675,-15,基本倍率は未実測の推定,該当構成のゲーム実測なし,ゲーム実測以下の保証なし
555333,24,耐久力,660,675,-15,基本倍率は未実測の推定,該当構成のゲーム実測なし,ゲーム実測以下の保証なし
555333,24,器用さ,665,675,-10,基本倍率は未実測の推定,該当構成のゲーム実測なし,ゲーム実測以下の保証なし
555333,24,知力,675,675,0,基本倍率は未実測の推定,該当構成のゲーム実測なし,ゲーム実測以下の保証なし
555333,24,魅力,675,675,0,基本倍率は未実測の推定,該当構成のゲーム実測なし,ゲーム実測以下の保証なし
555333,24,土属性,675,675,0,基本倍率は未実測の推定,該当構成のゲーム実測なし,ゲーム実測以下の保証なし
555333,24,水属性,675,675,0,基本倍率は未実測の推定,該当構成のゲーム実測なし,ゲーム実測以下の保証なし
555333,24,火属性,675,675,0,基本倍率は未実測の推定,該当構成のゲーム実測なし,ゲーム実測以下の保証なし
555333,24,風属性,630,675,-45,基本倍率は未実測の推定,該当構成のゲーム実測なし,ゲーム実測以下の保証なし
554444,26,生命力,210,210,0,基本倍率は未実測の推定,該当構成のゲーム実測なし,ゲーム実測以下の保証なし
554444,26,気合,210,210,0,基本倍率は未実測の推定,該当構成のゲーム実測なし,ゲーム実測以下の保証なし
554444,26,腕力,665,680,-15,基本倍率は未実測の推定,該当構成のゲーム実測なし,ゲーム実測以下の保証なし
554444,26,耐久力,665,680,-15,基本倍率は未実測の推定,該当構成のゲーム実測なし,ゲーム実測以下の保証なし
554444,26,器用さ,670,680,-10,基本倍率は未実測の推定,該当構成のゲーム実測なし,ゲーム実測以下の保証なし
554444,26,知力,680,680,0,基本倍率は未実測の推定,該当構成のゲーム実測なし,ゲーム実測以下の保証なし
554444,26,魅力,680,680,0,基本倍率は未実測の推定,該当構成のゲーム実測なし,ゲーム実測以下の保証なし
554444,26,土属性,680,680,0,基本倍率は未実測の推定,該当構成のゲーム実測なし,ゲーム実測以下の保証なし
554444,26,水属性,680,680,0,基本倍率は未実測の推定,該当構成のゲーム実測なし,ゲーム実測以下の保証なし
554444,26,火属性,680,680,0,基本倍率は未実測の推定,該当構成のゲーム実測なし,ゲーム実測以下の保証なし
554444,26,風属性,635,680,-45,基本倍率は未実測の推定,該当構成のゲーム実測なし,ゲーム実測以下の保証なし
554443,25,生命力,210,210,0,基本倍率は未実測の推定,該当構成のゲーム実測なし,ゲーム実測以下の保証なし
554443,25,気合,210,210,0,基本倍率は未実測の推定,該当構成のゲーム実測なし,ゲーム実測以下の保証なし
554443,25,腕力,665,680,-15,基本倍率は未実測の推定,該当構成のゲーム実測なし,ゲーム実測以下の保証なし
554443,25,耐久力,665,680,-15,基本倍率は未実測の推定,該当構成のゲーム実測なし,ゲーム実測以下の保証なし
554443,25,器用さ,670,680,-10,基本倍率は未実測の推定,該当構成のゲーム実測なし,ゲーム実測以下の保証なし
554443,25,知力,680,680,0,基本倍率は未実測の推定,該当構成のゲーム実測なし,ゲーム実測以下の保証なし
554443,25,魅力,680,680,0,基本倍率は未実測の推定,該当構成のゲーム実測なし,ゲーム実測以下の保証なし
554443,25,土属性,680,680,0,基本倍率は未実測の推定,該当構成のゲーム実測なし,ゲーム実測以下の保証なし
554443,25,水属性,680,680,0,基本倍率は未実測の推定,該当構成のゲーム実測なし,ゲーム実測以下の保証なし
554443,25,火属性,680,680,0,基本倍率は未実測の推定,該当構成のゲーム実測なし,ゲーム実測以下の保証なし
554443,25,風属性,635,680,-45,基本倍率は未実測の推定,該当構成のゲーム実測なし,ゲーム実測以下の保証なし
554433,24,生命力,210,210,0,基本倍率は未実測の推定,該当構成のゲーム実測なし,ゲーム実測以下の保証なし
554433,24,気合,210,210,0,基本倍率は未実測の推定,該当構成のゲーム実測なし,ゲーム実測以下の保証なし
554433,24,腕力,665,680,-15,基本倍率は未実測の推定,該当構成のゲーム実測なし,ゲーム実測以下の保証なし
554433,24,耐久力,665,680,-15,基本倍率は未実測の推定,該当構成のゲーム実測なし,ゲーム実測以下の保証なし
554433,24,器用さ,670,680,-10,基本倍率は未実測の推定,該当構成のゲーム実測なし,ゲーム実測以下の保証なし
554433,24,知力,680,680,0,基本倍率は未実測の推定,該当構成のゲーム実測なし,ゲーム実測以下の保証なし
554433,24,魅力,680,680,0,基本倍率は未実測の推定,該当構成のゲーム実測なし,ゲーム実測以下の保証なし
554433,24,土属性,680,680,0,基本倍率は未実測の推定,該当構成のゲーム実測なし,ゲーム実測以下の保証なし
554433,24,水属性,680,680,0,基本倍率は未実測の推定,該当構成のゲーム実測なし,ゲーム実測以下の保証なし
554433,24,火属性,680,680,0,基本倍率は未実測の推定,該当構成のゲーム実測なし,ゲーム実測以下の保証なし
554433,24,風属性,635,680,-45,基本倍率は未実測の推定,該当構成のゲーム実測なし,ゲーム実測以下の保証なし
554333,23,生命力,210,210,0,基本倍率は未実測の推定,該当構成のゲーム実測なし,ゲーム実測以下の保証なし
554333,23,気合,210,210,0,基本倍率は未実測の推定,該当構成のゲーム実測なし,ゲーム実測以下の保証なし
554333,23,腕力,665,680,-15,基本倍率は未実測の推定,該当構成のゲーム実測なし,ゲーム実測以下の保証なし
554333,23,耐久力,665,680,-15,基本倍率は未実測の推定,該当構成のゲーム実測なし,ゲーム実測以下の保証なし
554333,23,器用さ,670,680,-10,基本倍率は未実測の推定,該当構成のゲーム実測なし,ゲーム実測以下の保証なし
554333,23,知力,680,680,0,基本倍率は未実測の推定,該当構成のゲーム実測なし,ゲーム実測以下の保証なし
554333,23,魅力,680,680,0,基本倍率は未実測の推定,該当構成のゲーム実測なし,ゲーム実測以下の保証なし
554333,23,土属性,680,680,0,基本倍率は未実測の推定,該当構成のゲーム実測なし,ゲーム実測以下の保証なし
554333,23,水属性,680,680,0,基本倍率は未実測の推定,該当構成のゲーム実測なし,ゲーム実測以下の保証なし
554333,23,火属性,680,680,0,基本倍率は未実測の推定,該当構成のゲーム実測なし,ゲーム実測以下の保証なし
554333,23,風属性,635,680,-45,基本倍率は未実測の推定,該当構成のゲーム実測なし,ゲーム実測以下の保証なし
553333,22,生命力,210,210,0,基本倍率は未実測の推定,該当構成のゲーム実測なし,ゲーム実測以下の保証なし
553333,22,気合,210,210,0,基本倍率は未実測の推定,該当構成のゲーム実測なし,ゲーム実測以下の保証なし
553333,22,腕力,665,680,-15,基本倍率は未実測の推定,該当構成のゲーム実測なし,ゲーム実測以下の保証なし
553333,22,耐久力,665,680,-15,基本倍率は未実測の推定,該当構成のゲーム実測なし,ゲーム実測以下の保証なし
553333,22,器用さ,670,680,-10,基本倍率は未実測の推定,該当構成のゲーム実測なし,ゲーム実測以下の保証なし
553333,22,知力,680,680,0,基本倍率は未実測の推定,該当構成のゲーム実測なし,ゲーム実測以下の保証なし
553333,22,魅力,680,680,0,基本倍率は未実測の推定,該当構成のゲーム実測なし,ゲーム実測以下の保証なし
553333,22,土属性,680,680,0,基本倍率は未実測の推定,該当構成のゲーム実測なし,ゲーム実測以下の保証なし
553333,22,水属性,680,680,0,基本倍率は未実測の推定,該当構成のゲーム実測なし,ゲーム実測以下の保証なし
553333,22,火属性,680,680,0,基本倍率は未実測の推定,該当構成のゲーム実測なし,ゲーム実測以下の保証なし
553333,22,風属性,635,680,-45,基本倍率は未実測の推定,該当構成のゲーム実測なし,ゲーム実測以下の保証なし
544444,25,生命力,215,215,0,基本倍率は未実測の推定,該当構成のゲーム実測なし,ゲーム実測以下の保証なし
544444,25,気合,215,215,0,基本倍率は未実測の推定,該当構成のゲーム実測なし,ゲーム実測以下の保証なし
544444,25,腕力,670,685,-15,基本倍率は未実測の推定,該当構成のゲーム実測なし,ゲーム実測以下の保証なし
544444,25,耐久力,670,685,-15,基本倍率は未実測の推定,該当構成のゲーム実測なし,ゲーム実測以下の保証なし
544444,25,器用さ,675,685,-10,基本倍率は未実測の推定,該当構成のゲーム実測なし,ゲーム実測以下の保証なし
544444,25,知力,685,685,0,基本倍率は未実測の推定,該当構成のゲーム実測なし,ゲーム実測以下の保証なし
544444,25,魅力,685,685,0,基本倍率は未実測の推定,該当構成のゲーム実測なし,ゲーム実測以下の保証なし
544444,25,土属性,685,685,0,基本倍率は未実測の推定,該当構成のゲーム実測なし,ゲーム実測以下の保証なし
544444,25,水属性,685,685,0,基本倍率は未実測の推定,該当構成のゲーム実測なし,ゲーム実測以下の保証なし
544444,25,火属性,685,685,0,基本倍率は未実測の推定,該当構成のゲーム実測なし,ゲーム実測以下の保証なし
544444,25,風属性,640,685,-45,基本倍率は未実測の推定,該当構成のゲーム実測なし,ゲーム実測以下の保証なし
544443,24,生命力,215,215,0,基本倍率は未実測の推定,該当構成のゲーム実測なし,ゲーム実測以下の保証なし
544443,24,気合,215,215,0,基本倍率は未実測の推定,該当構成のゲーム実測なし,ゲーム実測以下の保証なし
544443,24,腕力,670,685,-15,基本倍率は未実測の推定,該当構成のゲーム実測なし,ゲーム実測以下の保証なし
544443,24,耐久力,670,685,-15,基本倍率は未実測の推定,該当構成のゲーム実測なし,ゲーム実測以下の保証なし
544443,24,器用さ,675,685,-10,基本倍率は未実測の推定,該当構成のゲーム実測なし,ゲーム実測以下の保証なし
544443,24,知力,685,685,0,基本倍率は未実測の推定,該当構成のゲーム実測なし,ゲーム実測以下の保証なし
544443,24,魅力,685,685,0,基本倍率は未実測の推定,該当構成のゲーム実測なし,ゲーム実測以下の保証なし
544443,24,土属性,685,685,0,基本倍率は未実測の推定,該当構成のゲーム実測なし,ゲーム実測以下の保証なし
544443,24,水属性,685,685,0,基本倍率は未実測の推定,該当構成のゲーム実測なし,ゲーム実測以下の保証なし
544443,24,火属性,685,685,0,基本倍率は未実測の推定,該当構成のゲーム実測なし,ゲーム実測以下の保証なし
544443,24,風属性,640,685,-45,基本倍率は未実測の推定,該当構成のゲーム実測なし,ゲーム実測以下の保証なし
544433,23,生命力,215,215,0,基本倍率は未実測の推定,該当構成のゲーム実測なし,ゲーム実測以下の保証なし
544433,23,気合,215,215,0,基本倍率は未実測の推定,該当構成のゲーム実測なし,ゲーム実測以下の保証なし
544433,23,腕力,670,685,-15,基本倍率は未実測の推定,該当構成のゲーム実測なし,ゲーム実測以下の保証なし
544433,23,耐久力,670,685,-15,基本倍率は未実測の推定,該当構成のゲーム実測なし,ゲーム実測以下の保証なし
544433,23,器用さ,675,685,-10,基本倍率は未実測の推定,該当構成のゲーム実測なし,ゲーム実測以下の保証なし
544433,23,知力,685,685,0,基本倍率は未実測の推定,該当構成のゲーム実測なし,ゲーム実測以下の保証なし
544433,23,魅力,685,685,0,基本倍率は未実測の推定,該当構成のゲーム実測なし,ゲーム実測以下の保証なし
544433,23,土属性,685,685,0,基本倍率は未実測の推定,該当構成のゲーム実測なし,ゲーム実測以下の保証なし
544433,23,水属性,685,685,0,基本倍率は未実測の推定,該当構成のゲーム実測なし,ゲーム実測以下の保証なし
544433,23,火属性,685,685,0,基本倍率は未実測の推定,該当構成のゲーム実測なし,ゲーム実測以下の保証なし
544433,23,風属性,640,685,-45,基本倍率は未実測の推定,該当構成のゲーム実測なし,ゲーム実測以下の保証なし
544333,22,生命力,215,215,0,基本倍率は未実測の推定,該当構成のゲーム実測なし,ゲーム実測以下の保証なし
544333,22,気合,215,215,0,基本倍率は未実測の推定,該当構成のゲーム実測なし,ゲーム実測以下の保証なし
544333,22,腕力,670,685,-15,基本倍率は未実測の推定,該当構成のゲーム実測なし,ゲーム実測以下の保証なし
544333,22,耐久力,670,685,-15,基本倍率は未実測の推定,該当構成のゲーム実測なし,ゲーム実測以下の保証なし
544333,22,器用さ,675,685,-10,基本倍率は未実測の推定,該当構成のゲーム実測なし,ゲーム実測以下の保証なし
544333,22,知力,685,685,0,基本倍率は未実測の推定,該当構成のゲーム実測なし,ゲーム実測以下の保証なし
544333,22,魅力,685,685,0,基本倍率は未実測の推定,該当構成のゲーム実測なし,ゲーム実測以下の保証なし
544333,22,土属性,685,685,0,基本倍率は未実測の推定,該当構成のゲーム実測なし,ゲーム実測以下の保証なし
544333,22,水属性,685,685,0,基本倍率は未実測の推定,該当構成のゲーム実測なし,ゲーム実測以下の保証なし
544333,22,火属性,685,685,0,基本倍率は未実測の推定,該当構成のゲーム実測なし,ゲーム実測以下の保証なし
544333,22,風属性,640,685,-45,基本倍率は未実測の推定,該当構成のゲーム実測なし,ゲーム実測以下の保証なし
543333,21,生命力,215,215,0,基本倍率は未実測の推定,該当構成のゲーム実測なし,ゲーム実測以下の保証なし
543333,21,気合,215,215,0,基本倍率は未実測の推定,該当構成のゲーム実測なし,ゲーム実測以下の保証なし
543333,21,腕力,670,685,-15,基本倍率は未実測の推定,該当構成のゲーム実測なし,ゲーム実測以下の保証なし
543333,21,耐久力,670,685,-15,基本倍率は未実測の推定,該当構成のゲーム実測なし,ゲーム実測以下の保証なし
543333,21,器用さ,675,685,-10,基本倍率は未実測の推定,該当構成のゲーム実測なし,ゲーム実測以下の保証なし
543333,21,知力,685,685,0,基本倍率は未実測の推定,該当構成のゲーム実測なし,ゲーム実測以下の保証なし
543333,21,魅力,685,685,0,基本倍率は未実測の推定,該当構成のゲーム実測なし,ゲーム実測以下の保証なし
543333,21,土属性,685,685,0,基本倍率は未実測の推定,該当構成のゲーム実測なし,ゲーム実測以下の保証なし
543333,21,水属性,685,685,0,基本倍率は未実測の推定,該当構成のゲーム実測なし,ゲーム実測以下の保証なし
543333,21,火属性,685,685,0,基本倍率は未実測の推定,該当構成のゲーム実測なし,ゲーム実測以下の保証なし
543333,21,風属性,640,685,-45,基本倍率は未実測の推定,該当構成のゲーム実測なし,ゲーム実測以下の保証なし
533333,20,生命力,215,215,0,基本倍率は未実測の推定,該当構成のゲーム実測なし,ゲーム実測以下の保証なし
533333,20,気合,215,215,0,基本倍率は未実測の推定,該当構成のゲーム実測なし,ゲーム実測以下の保証なし
533333,20,腕力,670,685,-15,基本倍率は未実測の推定,該当構成のゲーム実測なし,ゲーム実測以下の保証なし
533333,20,耐久力,670,685,-15,基本倍率は未実測の推定,該当構成のゲーム実測なし,ゲーム実測以下の保証なし
533333,20,器用さ,675,685,-10,基本倍率は未実測の推定,該当構成のゲーム実測なし,ゲーム実測以下の保証なし
533333,20,知力,685,685,0,基本倍率は未実測の推定,該当構成のゲーム実測なし,ゲーム実測以下の保証なし
533333,20,魅力,685,685,0,基本倍率は未実測の推定,該当構成のゲーム実測なし,ゲーム実測以下の保証なし
533333,20,土属性,685,685,0,基本倍率は未実測の推定,該当構成のゲーム実測なし,ゲーム実測以下の保証なし
533333,20,水属性,685,685,0,基本倍率は未実測の推定,該当構成のゲーム実測なし,ゲーム実測以下の保証なし
533333,20,火属性,685,685,0,基本倍率は未実測の推定,該当構成のゲーム実測なし,ゲーム実測以下の保証なし
533333,20,風属性,640,685,-45,基本倍率は未実測の推定,該当構成のゲーム実測なし,ゲーム実測以下の保証なし
444444,24,生命力,220,220,0,基本倍率は未実測の推定,該当構成のゲーム実測なし,ゲーム実測以下の保証なし
444444,24,気合,220,220,0,基本倍率は未実測の推定,該当構成のゲーム実測なし,ゲーム実測以下の保証なし
444444,24,腕力,675,690,-15,基本倍率は未実測の推定,該当構成のゲーム実測なし,ゲーム実測以下の保証なし
444444,24,耐久力,675,690,-15,基本倍率は未実測の推定,該当構成のゲーム実測なし,ゲーム実測以下の保証なし
444444,24,器用さ,680,690,-10,基本倍率は未実測の推定,該当構成のゲーム実測なし,ゲーム実測以下の保証なし
444444,24,知力,690,690,0,基本倍率は未実測の推定,該当構成のゲーム実測なし,ゲーム実測以下の保証なし
444444,24,魅力,690,690,0,基本倍率は未実測の推定,該当構成のゲーム実測なし,ゲーム実測以下の保証なし
444444,24,土属性,690,690,0,基本倍率は未実測の推定,該当構成のゲーム実測なし,ゲーム実測以下の保証なし
444444,24,水属性,690,690,0,基本倍率は未実測の推定,該当構成のゲーム実測なし,ゲーム実測以下の保証なし
444444,24,火属性,690,690,0,基本倍率は未実測の推定,該当構成のゲーム実測なし,ゲーム実測以下の保証なし
444444,24,風属性,645,690,-45,基本倍率は未実測の推定,該当構成のゲーム実測なし,ゲーム実測以下の保証なし
444443,23,生命力,220,220,0,基本倍率は未実測の推定,該当構成のゲーム実測なし,ゲーム実測以下の保証なし
444443,23,気合,220,220,0,基本倍率は未実測の推定,該当構成のゲーム実測なし,ゲーム実測以下の保証なし
444443,23,腕力,675,690,-15,基本倍率は未実測の推定,該当構成のゲーム実測なし,ゲーム実測以下の保証なし
444443,23,耐久力,675,690,-15,基本倍率は未実測の推定,該当構成のゲーム実測なし,ゲーム実測以下の保証なし
444443,23,器用さ,680,690,-10,基本倍率は未実測の推定,該当構成のゲーム実測なし,ゲーム実測以下の保証なし
444443,23,知力,690,690,0,基本倍率は未実測の推定,該当構成のゲーム実測なし,ゲーム実測以下の保証なし
444443,23,魅力,690,690,0,基本倍率は未実測の推定,該当構成のゲーム実測なし,ゲーム実測以下の保証なし
444443,23,土属性,690,690,0,基本倍率は未実測の推定,該当構成のゲーム実測なし,ゲーム実測以下の保証なし
444443,23,水属性,690,690,0,基本倍率は未実測の推定,該当構成のゲーム実測なし,ゲーム実測以下の保証なし
444443,23,火属性,690,690,0,基本倍率は未実測の推定,該当構成のゲーム実測なし,ゲーム実測以下の保証なし
444443,23,風属性,645,690,-45,基本倍率は未実測の推定,該当構成のゲーム実測なし,ゲーム実測以下の保証なし
444433,22,生命力,220,220,0,基本倍率は未実測の推定,該当構成のゲーム実測なし,ゲーム実測以下の保証なし
444433,22,気合,220,220,0,基本倍率は未実測の推定,該当構成のゲーム実測なし,ゲーム実測以下の保証なし
444433,22,腕力,675,690,-15,基本倍率は未実測の推定,該当構成のゲーム実測なし,ゲーム実測以下の保証なし
444433,22,耐久力,675,690,-15,基本倍率は未実測の推定,該当構成のゲーム実測なし,ゲーム実測以下の保証なし
444433,22,器用さ,680,690,-10,基本倍率は未実測の推定,該当構成のゲーム実測なし,ゲーム実測以下の保証なし
444433,22,知力,690,690,0,基本倍率は未実測の推定,該当構成のゲーム実測なし,ゲーム実測以下の保証なし
444433,22,魅力,690,690,0,基本倍率は未実測の推定,該当構成のゲーム実測なし,ゲーム実測以下の保証なし
444433,22,土属性,690,690,0,基本倍率は未実測の推定,該当構成のゲーム実測なし,ゲーム実測以下の保証なし
444433,22,水属性,690,690,0,基本倍率は未実測の推定,該当構成のゲーム実測なし,ゲーム実測以下の保証なし
444433,22,火属性,690,690,0,基本倍率は未実測の推定,該当構成のゲーム実測なし,ゲーム実測以下の保証なし
444433,22,風属性,645,690,-45,基本倍率は未実測の推定,該当構成のゲーム実測なし,ゲーム実測以下の保証なし
444333,21,生命力,220,220,0,基本倍率は未実測の推定,該当構成のゲーム実測なし,ゲーム実測以下の保証なし
444333,21,気合,220,220,0,基本倍率は未実測の推定,該当構成のゲーム実測なし,ゲーム実測以下の保証なし
444333,21,腕力,675,690,-15,基本倍率は未実測の推定,該当構成のゲーム実測なし,ゲーム実測以下の保証なし
444333,21,耐久力,675,690,-15,基本倍率は未実測の推定,該当構成のゲーム実測なし,ゲーム実測以下の保証なし
444333,21,器用さ,680,690,-10,基本倍率は未実測の推定,該当構成のゲーム実測なし,ゲーム実測以下の保証なし
444333,21,知力,690,690,0,基本倍率は未実測の推定,該当構成のゲーム実測なし,ゲーム実測以下の保証なし
444333,21,魅力,690,690,0,基本倍率は未実測の推定,該当構成のゲーム実測なし,ゲーム実測以下の保証なし
444333,21,土属性,690,690,0,基本倍率は未実測の推定,該当構成のゲーム実測なし,ゲーム実測以下の保証なし
444333,21,水属性,690,690,0,基本倍率は未実測の推定,該当構成のゲーム実測なし,ゲーム実測以下の保証なし
444333,21,火属性,690,690,0,基本倍率は未実測の推定,該当構成のゲーム実測なし,ゲーム実測以下の保証なし
444333,21,風属性,645,690,-45,基本倍率は未実測の推定,該当構成のゲーム実測なし,ゲーム実測以下の保証なし
443333,20,生命力,220,220,0,基本倍率は未実測の推定,該当構成のゲーム実測なし,ゲーム実測以下の保証なし
443333,20,気合,220,220,0,基本倍率は未実測の推定,該当構成のゲーム実測なし,ゲーム実測以下の保証なし
443333,20,腕力,675,690,-15,基本倍率は未実測の推定,該当構成のゲーム実測なし,ゲーム実測以下の保証なし
443333,20,耐久力,675,690,-15,基本倍率は未実測の推定,該当構成のゲーム実測なし,ゲーム実測以下の保証なし
443333,20,器用さ,680,690,-10,基本倍率は未実測の推定,該当構成のゲーム実測なし,ゲーム実測以下の保証なし
443333,20,知力,690,690,0,基本倍率は未実測の推定,該当構成のゲーム実測なし,ゲーム実測以下の保証なし
443333,20,魅力,690,690,0,基本倍率は未実測の推定,該当構成のゲーム実測なし,ゲーム実測以下の保証なし
443333,20,土属性,690,690,0,基本倍率は未実測の推定,該当構成のゲーム実測なし,ゲーム実測以下の保証なし
443333,20,水属性,690,690,0,基本倍率は未実測の推定,該当構成のゲーム実測なし,ゲーム実測以下の保証なし
443333,20,火属性,690,690,0,基本倍率は未実測の推定,該当構成のゲーム実測なし,ゲーム実測以下の保証なし
443333,20,風属性,645,690,-45,基本倍率は未実測の推定,該当構成のゲーム実測なし,ゲーム実測以下の保証なし
433333,19,生命力,220,220,0,基本倍率は未実測の推定,該当構成のゲーム実測なし,ゲーム実測以下の保証なし
433333,19,気合,220,220,0,基本倍率は未実測の推定,該当構成のゲーム実測なし,ゲーム実測以下の保証なし
433333,19,腕力,675,690,-15,基本倍率は未実測の推定,該当構成のゲーム実測なし,ゲーム実測以下の保証なし
433333,19,耐久力,675,690,-15,基本倍率は未実測の推定,該当構成のゲーム実測なし,ゲーム実測以下の保証なし
433333,19,器用さ,680,690,-10,基本倍率は未実測の推定,該当構成のゲーム実測なし,ゲーム実測以下の保証なし
433333,19,知力,690,690,0,基本倍率は未実測の推定,該当構成のゲーム実測なし,ゲーム実測以下の保証なし
433333,19,魅力,690,690,0,基本倍率は未実測の推定,該当構成のゲーム実測なし,ゲーム実測以下の保証なし
433333,19,土属性,690,690,0,基本倍率は未実測の推定,該当構成のゲーム実測なし,ゲーム実測以下の保証なし
433333,19,水属性,690,690,0,基本倍率は未実測の推定,該当構成のゲーム実測なし,ゲーム実測以下の保証なし
433333,19,火属性,690,690,0,基本倍率は未実測の推定,該当構成のゲーム実測なし,ゲーム実測以下の保証なし
433333,19,風属性,645,690,-45,基本倍率は未実測の推定,該当構成のゲーム実測なし,ゲーム実測以下の保証なし
333333,18,生命力,220,220,0,基本倍率は未実測の推定,該当構成のゲーム実測なし,ゲーム実測以下の保証なし
333333,18,気合,220,220,0,基本倍率は未実測の推定,該当構成のゲーム実測なし,ゲーム実測以下の保証なし
333333,18,腕力,675,690,-15,基本倍率は未実測の推定,該当構成のゲーム実測なし,ゲーム実測以下の保証なし
333333,18,耐久力,675,690,-15,基本倍率は未実測の推定,該当構成のゲーム実測なし,ゲーム実測以下の保証なし
333333,18,器用さ,680,690,-10,基本倍率は未実測の推定,該当構成のゲーム実測なし,ゲーム実測以下の保証なし
333333,18,知力,690,690,0,基本倍率は未実測の推定,該当構成のゲーム実測なし,ゲーム実測以下の保証なし
333333,18,魅力,690,690,0,基本倍率は未実測の推定,該当構成のゲーム実測なし,ゲーム実測以下の保証なし
333333,18,土属性,690,690,0,基本倍率は未実測の推定,該当構成のゲーム実測なし,ゲーム実測以下の保証なし
333333,18,水属性,690,690,0,基本倍率は未実測の推定,該当構成のゲーム実測なし,ゲーム実測以下の保証なし
333333,18,火属性,690,690,0,基本倍率は未実測の推定,該当構成のゲーム実測なし,ゲーム実測以下の保証なし
333333,18,風属性,645,690,-45,基本倍率は未実測の推定,該当構成のゲーム実測なし,ゲーム実測以下の保証なし
