コスト構成,コスト合計,能力,採用倍率％,1柱だけ元能力+1での上昇最小値,1柱だけ元能力+1での上昇最大値,6柱とも元能力+1での上昇最小値,6柱とも元能力+1での上昇最大値,検査した各構成の上位件数,注記
887333,32,生命力,180,2,2,11,11,500,仮定誤差の感度。ゲーム実測との一致・推定誤差の分布を保証しない
886433,32,生命力,185,2,2,11,11,500,仮定誤差の感度。ゲーム実測との一致・推定誤差の分布を保証しない
886333,31,生命力,185,2,2,11,11,500,仮定誤差の感度。ゲーム実測との一致・推定誤差の分布を保証しない
885533,32,生命力,180,1,1,10,10,500,仮定誤差の感度。ゲーム実測との一致・推定誤差の分布を保証しない
885443,32,生命力,185,1,1,11,11,500,仮定誤差の感度。ゲーム実測との一致・推定誤差の分布を保証しない
885433,31,生命力,185,2,2,12,12,500,仮定誤差の感度。ゲーム実測との一致・推定誤差の分布を保証しない
885333,30,生命力,185,2,2,11,11,500,仮定誤差の感度。ゲーム実測との一致・推定誤差の分布を保証しない
884444,32,生命力,190,1,1,11,11,500,仮定誤差の感度。ゲーム実測との一致・推定誤差の分布を保証しない
884443,31,生命力,190,2,2,12,12,500,仮定誤差の感度。ゲーム実測との一致・推定誤差の分布を保証しない
884433,30,生命力,190,2,2,11,11,500,仮定誤差の感度。ゲーム実測との一致・推定誤差の分布を保証しない
884333,29,生命力,190,2,2,12,12,500,仮定誤差の感度。ゲーム実測との一致・推定誤差の分布を保証しない
883333,28,生命力,190,2,2,11,11,500,仮定誤差の感度。ゲーム実測との一致・推定誤差の分布を保証しない
877433,32,生命力,185,1,1,11,11,500,仮定誤差の感度。ゲーム実測との一致・推定誤差の分布を保証しない
877333,31,生命力,185,2,2,12,12,500,仮定誤差の感度。ゲーム実測との一致・推定誤差の分布を保証しない
876533,32,生命力,185,1,1,11,11,500,仮定誤差の感度。ゲーム実測との一致・推定誤差の分布を保証しない
876443,32,生命力,190,1,1,11,11,500,仮定誤差の感度。ゲーム実測との一致・推定誤差の分布を保証しない
876433,31,生命力,190,2,2,12,12,500,仮定誤差の感度。ゲーム実測との一致・推定誤差の分布を保証しない
876333,30,生命力,190,2,2,11,11,500,仮定誤差の感度。ゲーム実測との一致・推定誤差の分布を保証しない
875543,32,生命力,185,2,2,11,11,500,仮定誤差の感度。ゲーム実測との一致・推定誤差の分布を保証しない
875533,31,生命力,185,2,2,11,11,500,仮定誤差の感度。ゲーム実測との一致・推定誤差の分布を保証しない
875444,32,生命力,190,2,2,11,11,500,仮定誤差の感度。ゲーム実測との一致・推定誤差の分布を保証しない
875443,31,生命力,190,2,2,12,12,500,仮定誤差の感度。ゲーム実測との一致・推定誤差の分布を保証しない
875433,30,生命力,190,2,2,11,11,500,仮定誤差の感度。ゲーム実測との一致・推定誤差の分布を保証しない
875333,29,生命力,190,2,2,11,11,500,仮定誤差の感度。ゲーム実測との一致・推定誤差の分布を保証しない
874444,31,生命力,195,2,2,12,12,500,仮定誤差の感度。ゲーム実測との一致・推定誤差の分布を保証しない
874443,30,生命力,195,2,2,12,12,500,仮定誤差の感度。ゲーム実測との一致・推定誤差の分布を保証しない
874433,29,生命力,195,2,2,11,11,500,仮定誤差の感度。ゲーム実測との一致・推定誤差の分布を保証しない
874333,28,生命力,195,2,2,12,12,500,仮定誤差の感度。ゲーム実測との一致・推定誤差の分布を保証しない
873333,27,生命力,195,2,2,12,12,500,仮定誤差の感度。ゲーム実測との一致・推定誤差の分布を保証しない
866633,32,生命力,190,2,2,12,12,500,仮定誤差の感度。ゲーム実測との一致・推定誤差の分布を保証しない
866543,32,生命力,190,1,1,11,11,500,仮定誤差の感度。ゲーム実測との一致・推定誤差の分布を保証しない
866533,31,生命力,190,2,2,12,12,500,仮定誤差の感度。ゲーム実測との一致・推定誤差の分布を保証しない
866444,32,生命力,195,1,1,11,11,500,仮定誤差の感度。ゲーム実測との一致・推定誤差の分布を保証しない
866443,31,生命力,195,2,2,12,12,500,仮定誤差の感度。ゲーム実測との一致・推定誤差の分布を保証しない
866433,30,生命力,195,2,2,12,12,500,仮定誤差の感度。ゲーム実測との一致・推定誤差の分布を保証しない
866333,29,生命力,195,2,2,12,12,500,仮定誤差の感度。ゲーム実測との一致・推定誤差の分布を保証しない
865553,32,生命力,185,2,2,11,11,500,仮定誤差の感度。ゲーム実測との一致・推定誤差の分布を保証しない
865544,32,生命力,190,2,2,11,11,500,仮定誤差の感度。ゲーム実測との一致・推定誤差の分布を保証しない
865543,31,生命力,190,2,2,12,12,500,仮定誤差の感度。ゲーム実測との一致・推定誤差の分布を保証しない
865533,30,生命力,190,2,2,11,11,500,仮定誤差の感度。ゲーム実測との一致・推定誤差の分布を保証しない
865444,31,生命力,195,2,2,12,12,500,仮定誤差の感度。ゲーム実測との一致・推定誤差の分布を保証しない
865443,30,生命力,195,2,2,12,12,500,仮定誤差の感度。ゲーム実測との一致・推定誤差の分布を保証しない
865433,29,生命力,195,2,2,11,11,500,仮定誤差の感度。ゲーム実測との一致・推定誤差の分布を保証しない
865333,28,生命力,195,2,2,12,12,500,仮定誤差の感度。ゲーム実測との一致・推定誤差の分布を保証しない
864444,30,生命力,200,2,2,12,12,500,仮定誤差の感度。ゲーム実測との一致・推定誤差の分布を保証しない
864443,29,生命力,200,2,2,12,12,500,仮定誤差の感度。ゲーム実測との一致・推定誤差の分布を保証しない
864433,28,生命力,200,2,2,12,12,500,仮定誤差の感度。ゲーム実測との一致・推定誤差の分布を保証しない
864333,27,生命力,200,2,2,12,12,500,仮定誤差の感度。ゲーム実測との一致・推定誤差の分布を保証しない
863333,26,生命力,200,2,2,12,12,500,仮定誤差の感度。ゲーム実測との一致・推定誤差の分布を保証しない
855554,32,生命力,185,2,2,12,12,500,仮定誤差の感度。ゲーム実測との一致・推定誤差の分布を保証しない
855553,31,生命力,185,2,2,11,11,500,仮定誤差の感度。ゲーム実測との一致・推定誤差の分布を保証しない
855544,31,生命力,190,2,2,11,11,500,仮定誤差の感度。ゲーム実測との一致・推定誤差の分布を保証しない
855543,30,生命力,190,2,2,12,12,500,仮定誤差の感度。ゲーム実測との一致・推定誤差の分布を保証しない
855533,29,生命力,190,2,2,11,11,500,仮定誤差の感度。ゲーム実測との一致・推定誤差の分布を保証しない
855444,30,生命力,195,2,2,12,12,500,仮定誤差の感度。ゲーム実測との一致・推定誤差の分布を保証しない
855443,29,生命力,195,2,2,11,11,500,仮定誤差の感度。ゲーム実測との一致・推定誤差の分布を保証しない
855433,28,生命力,195,2,2,12,12,500,仮定誤差の感度。ゲーム実測との一致・推定誤差の分布を保証しない
855333,27,生命力,195,2,2,12,12,500,仮定誤差の感度。ゲーム実測との一致・推定誤差の分布を保証しない
854444,29,生命力,200,2,2,12,12,500,仮定誤差の感度。ゲーム実測との一致・推定誤差の分布を保証しない
854443,28,生命力,200,2,2,12,12,500,仮定誤差の感度。ゲーム実測との一致・推定誤差の分布を保証しない
854433,27,生命力,200,2,2,12,12,500,仮定誤差の感度。ゲーム実測との一致・推定誤差の分布を保証しない
854333,26,生命力,200,2,2,12,12,500,仮定誤差の感度。ゲーム実測との一致・推定誤差の分布を保証しない
853333,25,生命力,200,2,2,12,12,500,仮定誤差の感度。ゲーム実測との一致・推定誤差の分布を保証しない
844444,28,生命力,205,2,2,12,12,500,仮定誤差の感度。ゲーム実測との一致・推定誤差の分布を保証しない
844443,27,生命力,205,2,2,12,12,500,仮定誤差の感度。ゲーム実測との一致・推定誤差の分布を保証しない
844433,26,生命力,205,2,2,13,13,500,仮定誤差の感度。ゲーム実測との一致・推定誤差の分布を保証しない
844333,25,生命力,205,2,2,12,12,500,仮定誤差の感度。ゲーム実測との一致・推定誤差の分布を保証しない
843333,24,生命力,205,2,2,12,12,500,仮定誤差の感度。ゲーム実測との一致・推定誤差の分布を保証しない
833333,23,生命力,205,2,2,12,12,500,仮定誤差の感度。ゲーム実測との一致・推定誤差の分布を保証しない
777533,32,生命力,185,2,2,11,11,500,仮定誤差の感度。ゲーム実測との一致・推定誤差の分布を保証しない
777443,32,生命力,190,2,2,11,11,500,仮定誤差の感度。ゲーム実測との一致・推定誤差の分布を保証しない
777433,31,生命力,190,2,2,12,12,500,仮定誤差の感度。ゲーム実測との一致・推定誤差の分布を保証しない
777333,30,生命力,190,2,2,11,11,500,仮定誤差の感度。ゲーム実測との一致・推定誤差の分布を保証しない
776633,32,生命力,190,1,1,11,11,500,仮定誤差の感度。ゲーム実測との一致・推定誤差の分布を保証しない
776543,32,生命力,190,2,2,11,11,500,仮定誤差の感度。ゲーム実測との一致・推定誤差の分布を保証しない
776533,31,生命力,190,2,2,12,12,500,仮定誤差の感度。ゲーム実測との一致・推定誤差の分布を保証しない
776444,32,生命力,195,2,2,11,11,500,仮定誤差の感度。ゲーム実測との一致・推定誤差の分布を保証しない
776443,31,生命力,195,2,2,12,12,500,仮定誤差の感度。ゲーム実測との一致・推定誤差の分布を保証しない
776433,30,生命力,195,2,2,12,12,500,仮定誤差の感度。ゲーム実測との一致・推定誤差の分布を保証しない
776333,29,生命力,195,2,2,11,11,500,仮定誤差の感度。ゲーム実測との一致・推定誤差の分布を保証しない
775553,32,生命力,185,2,2,12,12,500,仮定誤差の感度。ゲーム実測との一致・推定誤差の分布を保証しない
775544,32,生命力,190,2,2,12,12,500,仮定誤差の感度。ゲーム実測との一致・推定誤差の分布を保証しない
775543,31,生命力,190,2,2,11,11,500,仮定誤差の感度。ゲーム実測との一致・推定誤差の分布を保証しない
775533,30,生命力,190,2,2,12,12,500,仮定誤差の感度。ゲーム実測との一致・推定誤差の分布を保証しない
775444,31,生命力,195,2,2,12,12,500,仮定誤差の感度。ゲーム実測との一致・推定誤差の分布を保証しない
775443,30,生命力,195,2,2,12,12,500,仮定誤差の感度。ゲーム実測との一致・推定誤差の分布を保証しない
775433,29,生命力,195,2,2,11,11,500,仮定誤差の感度。ゲーム実測との一致・推定誤差の分布を保証しない
775333,28,生命力,195,2,2,12,12,500,仮定誤差の感度。ゲーム実測との一致・推定誤差の分布を保証しない
774444,30,生命力,200,2,2,12,12,500,仮定誤差の感度。ゲーム実測との一致・推定誤差の分布を保証しない
774443,29,生命力,200,2,2,12,12,500,仮定誤差の感度。ゲーム実測との一致・推定誤差の分布を保証しない
774433,28,生命力,200,2,2,12,12,500,仮定誤差の感度。ゲーム実測との一致・推定誤差の分布を保証しない
774333,27,生命力,200,2,2,12,12,500,仮定誤差の感度。ゲーム実測との一致・推定誤差の分布を保証しない
773333,26,生命力,200,2,2,12,12,500,仮定誤差の感度。ゲーム実測との一致・推定誤差の分布を保証しない
766643,32,生命力,195,1,1,11,11,500,仮定誤差の感度。ゲーム実測との一致・推定誤差の分布を保証しない
766633,31,生命力,195,2,2,12,12,500,仮定誤差の感度。ゲーム実測との一致・推定誤差の分布を保証しない
766553,32,生命力,190,2,2,11,11,500,仮定誤差の感度。ゲーム実測との一致・推定誤差の分布を保証しない
766544,32,生命力,195,2,2,11,11,500,仮定誤差の感度。ゲーム実測との一致・推定誤差の分布を保証しない
766543,31,生命力,195,2,2,12,12,500,仮定誤差の感度。ゲーム実測との一致・推定誤差の分布を保証しない
766533,30,生命力,195,2,2,12,12,500,仮定誤差の感度。ゲーム実測との一致・推定誤差の分布を保証しない
766444,31,生命力,200,2,2,12,12,500,仮定誤差の感度。ゲーム実測との一致・推定誤差の分布を保証しない
766443,30,生命力,200,2,2,12,12,500,仮定誤差の感度。ゲーム実測との一致・推定誤差の分布を保証しない
766433,29,生命力,200,2,2,12,12,500,仮定誤差の感度。ゲーム実測との一致・推定誤差の分布を保証しない
766333,28,生命力,200,2,2,12,12,500,仮定誤差の感度。ゲーム実測との一致・推定誤差の分布を保証しない
765554,32,生命力,190,2,2,12,12,500,仮定誤差の感度。ゲーム実測との一致・推定誤差の分布を保証しない
765553,31,生命力,190,2,2,11,11,500,仮定誤差の感度。ゲーム実測との一致・推定誤差の分布を保証しない
765544,31,生命力,195,2,2,12,12,500,仮定誤差の感度。ゲーム実測との一致・推定誤差の分布を保証しない
765543,30,生命力,195,2,2,12,12,500,仮定誤差の感度。ゲーム実測との一致・推定誤差の分布を保証しない
765533,29,生命力,195,2,2,11,11,500,仮定誤差の感度。ゲーム実測との一致・推定誤差の分布を保証しない
765444,30,生命力,200,2,2,12,12,500,仮定誤差の感度。ゲーム実測との一致・推定誤差の分布を保証しない
765443,29,生命力,200,2,2,12,12,500,仮定誤差の感度。ゲーム実測との一致・推定誤差の分布を保証しない
765433,28,生命力,200,2,2,12,12,500,仮定誤差の感度。ゲーム実測との一致・推定誤差の分布を保証しない
765333,27,生命力,200,2,2,12,12,500,仮定誤差の感度。ゲーム実測との一致・推定誤差の分布を保証しない
764444,29,生命力,205,2,2,13,13,500,仮定誤差の感度。ゲーム実測との一致・推定誤差の分布を保証しない
764443,28,生命力,205,2,2,12,12,500,仮定誤差の感度。ゲーム実測との一致・推定誤差の分布を保証しない
764433,27,生命力,205,2,2,12,12,500,仮定誤差の感度。ゲーム実測との一致・推定誤差の分布を保証しない
764333,26,生命力,205,2,2,13,13,500,仮定誤差の感度。ゲーム実測との一致・推定誤差の分布を保証しない
763333,25,生命力,205,2,2,12,12,500,仮定誤差の感度。ゲーム実測との一致・推定誤差の分布を保証しない
755555,32,生命力,185,2,2,11,11,500,仮定誤差の感度。ゲーム実測との一致・推定誤差の分布を保証しない
755554,31,生命力,190,2,2,11,11,500,仮定誤差の感度。ゲーム実測との一致・推定誤差の分布を保証しない
755553,30,生命力,190,2,2,11,11,500,仮定誤差の感度。ゲーム実測との一致・推定誤差の分布を保証しない
755544,30,生命力,195,2,2,11,11,500,仮定誤差の感度。ゲーム実測との一致・推定誤差の分布を保証しない
755543,29,生命力,195,2,2,12,12,500,仮定誤差の感度。ゲーム実測との一致・推定誤差の分布を保証しない
755533,28,生命力,195,2,2,12,12,500,仮定誤差の感度。ゲーム実測との一致・推定誤差の分布を保証しない
755444,29,生命力,200,2,2,12,12,500,仮定誤差の感度。ゲーム実測との一致・推定誤差の分布を保証しない
755443,28,生命力,200,2,2,12,12,500,仮定誤差の感度。ゲーム実測との一致・推定誤差の分布を保証しない
755433,27,生命力,200,2,2,12,12,500,仮定誤差の感度。ゲーム実測との一致・推定誤差の分布を保証しない
755333,26,生命力,200,2,2,12,12,500,仮定誤差の感度。ゲーム実測との一致・推定誤差の分布を保証しない
754444,28,生命力,205,2,2,12,12,500,仮定誤差の感度。ゲーム実測との一致・推定誤差の分布を保証しない
754443,27,生命力,205,2,2,12,12,500,仮定誤差の感度。ゲーム実測との一致・推定誤差の分布を保証しない
754433,26,生命力,205,2,2,13,13,500,仮定誤差の感度。ゲーム実測との一致・推定誤差の分布を保証しない
754333,25,生命力,205,2,2,12,12,500,仮定誤差の感度。ゲーム実測との一致・推定誤差の分布を保証しない
753333,24,生命力,205,2,2,12,12,500,仮定誤差の感度。ゲーム実測との一致・推定誤差の分布を保証しない
744444,27,生命力,210,2,2,12,12,500,仮定誤差の感度。ゲーム実測との一致・推定誤差の分布を保証しない
744443,26,生命力,210,2,2,13,13,500,仮定誤差の感度。ゲーム実測との一致・推定誤差の分布を保証しない
744433,25,生命力,210,3,3,13,13,500,仮定誤差の感度。ゲーム実測との一致・推定誤差の分布を保証しない
744333,24,生命力,210,2,2,12,12,500,仮定誤差の感度。ゲーム実測との一致・推定誤差の分布を保証しない
743333,23,生命力,210,2,2,13,13,500,仮定誤差の感度。ゲーム実測との一致・推定誤差の分布を保証しない
733333,22,生命力,210,2,2,12,12,500,仮定誤差の感度。ゲーム実測との一致・推定誤差の分布を保証しない
666653,32,生命力,195,1,1,11,11,500,仮定誤差の感度。ゲーム実測との一致・推定誤差の分布を保証しない
666644,32,生命力,200,2,2,12,12,500,仮定誤差の感度。ゲーム実測との一致・推定誤差の分布を保証しない
666643,31,生命力,200,2,2,12,12,500,仮定誤差の感度。ゲーム実測との一致・推定誤差の分布を保証しない
666633,30,生命力,200,2,2,12,12,500,仮定誤差の感度。ゲーム実測との一致・推定誤差の分布を保証しない
666554,32,生命力,195,2,2,11,11,500,仮定誤差の感度。ゲーム実測との一致・推定誤差の分布を保証しない
666553,31,生命力,195,2,2,12,12,500,仮定誤差の感度。ゲーム実測との一致・推定誤差の分布を保証しない
666544,31,生命力,200,2,2,12,12,500,仮定誤差の感度。ゲーム実測との一致・推定誤差の分布を保証しない
666543,30,生命力,200,2,2,12,12,500,仮定誤差の感度。ゲーム実測との一致・推定誤差の分布を保証しない
666533,29,生命力,200,2,2,12,12,500,仮定誤差の感度。ゲーム実測との一致・推定誤差の分布を保証しない
666444,30,生命力,205,2,2,12,12,500,仮定誤差の感度。ゲーム実測との一致・推定誤差の分布を保証しない
666443,29,生命力,205,3,3,13,13,500,仮定誤差の感度。ゲーム実測との一致・推定誤差の分布を保証しない
666433,28,生命力,205,2,2,12,12,500,仮定誤差の感度。ゲーム実測との一致・推定誤差の分布を保証しない
666333,27,生命力,205,2,2,12,12,500,仮定誤差の感度。ゲーム実測との一致・推定誤差の分布を保証しない
665555,32,生命力,190,2,2,12,12,500,仮定誤差の感度。ゲーム実測との一致・推定誤差の分布を保証しない
665554,31,生命力,195,2,2,12,12,500,仮定誤差の感度。ゲーム実測との一致・推定誤差の分布を保証しない
665553,30,生命力,195,2,2,12,12,500,仮定誤差の感度。ゲーム実測との一致・推定誤差の分布を保証しない
665544,30,生命力,200,2,2,12,12,500,仮定誤差の感度。ゲーム実測との一致・推定誤差の分布を保証しない
665543,29,生命力,200,2,2,12,12,500,仮定誤差の感度。ゲーム実測との一致・推定誤差の分布を保証しない
665533,28,生命力,200,2,2,12,12,500,仮定誤差の感度。ゲーム実測との一致・推定誤差の分布を保証しない
665444,29,生命力,205,2,2,13,13,500,仮定誤差の感度。ゲーム実測との一致・推定誤差の分布を保証しない
665443,28,生命力,205,2,2,12,12,500,仮定誤差の感度。ゲーム実測との一致・推定誤差の分布を保証しない
665433,27,生命力,205,2,2,12,12,500,仮定誤差の感度。ゲーム実測との一致・推定誤差の分布を保証しない
665333,26,生命力,205,2,2,13,13,500,仮定誤差の感度。ゲーム実測との一致・推定誤差の分布を保証しない
664444,28,生命力,210,2,2,12,12,500,仮定誤差の感度。ゲーム実測との一致・推定誤差の分布を保証しない
664443,27,生命力,210,2,2,13,13,500,仮定誤差の感度。ゲーム実測との一致・推定誤差の分布を保証しない
664433,26,生命力,210,2,2,13,13,500,仮定誤差の感度。ゲーム実測との一致・推定誤差の分布を保証しない
664333,25,生命力,210,2,2,12,12,500,仮定誤差の感度。ゲーム実測との一致・推定誤差の分布を保証しない
663333,24,生命力,210,2,2,13,13,500,仮定誤差の感度。ゲーム実測との一致・推定誤差の分布を保証しない
655555,31,生命力,190,2,2,11,11,500,仮定誤差の感度。ゲーム実測との一致・推定誤差の分布を保証しない
655554,30,生命力,195,2,2,11,11,500,仮定誤差の感度。ゲーム実測との一致・推定誤差の分布を保証しない
655553,29,生命力,195,2,2,12,12,500,仮定誤差の感度。ゲーム実測との一致・推定誤差の分布を保証しない
655544,29,生命力,200,2,2,12,12,500,仮定誤差の感度。ゲーム実測との一致・推定誤差の分布を保証しない
655543,28,生命力,200,2,2,12,12,500,仮定誤差の感度。ゲーム実測との一致・推定誤差の分布を保証しない
655533,27,生命力,200,2,2,12,12,500,仮定誤差の感度。ゲーム実測との一致・推定誤差の分布を保証しない
655444,28,生命力,205,2,2,12,12,500,仮定誤差の感度。ゲーム実測との一致・推定誤差の分布を保証しない
655443,27,生命力,205,2,2,12,12,500,仮定誤差の感度。ゲーム実測との一致・推定誤差の分布を保証しない
655433,26,生命力,205,2,2,13,13,500,仮定誤差の感度。ゲーム実測との一致・推定誤差の分布を保証しない
655333,25,生命力,205,2,2,12,12,500,仮定誤差の感度。ゲーム実測との一致・推定誤差の分布を保証しない
654444,27,生命力,210,2,2,12,12,500,仮定誤差の感度。ゲーム実測との一致・推定誤差の分布を保証しない
654443,26,生命力,210,2,2,13,13,500,仮定誤差の感度。ゲーム実測との一致・推定誤差の分布を保証しない
654433,25,生命力,210,3,3,13,13,500,仮定誤差の感度。ゲーム実測との一致・推定誤差の分布を保証しない
654333,24,生命力,210,2,2,12,12,500,仮定誤差の感度。ゲーム実測との一致・推定誤差の分布を保証しない
653333,23,生命力,210,2,2,13,13,500,仮定誤差の感度。ゲーム実測との一致・推定誤差の分布を保証しない
644444,26,生命力,215,2,2,13,13,500,仮定誤差の感度。ゲーム実測との一致・推定誤差の分布を保証しない
644443,25,生命力,215,2,2,13,13,500,仮定誤差の感度。ゲーム実測との一致・推定誤差の分布を保証しない
644433,24,生命力,215,2,2,13,13,500,仮定誤差の感度。ゲーム実測との一致・推定誤差の分布を保証しない
644333,23,生命力,215,2,2,13,13,500,仮定誤差の感度。ゲーム実測との一致・推定誤差の分布を保証しない
643333,22,生命力,215,2,2,13,13,500,仮定誤差の感度。ゲーム実測との一致・推定誤差の分布を保証しない
633333,21,生命力,215,2,2,13,13,500,仮定誤差の感度。ゲーム実測との一致・推定誤差の分布を保証しない
555555,30,生命力,190,2,2,11,11,500,仮定誤差の感度。ゲーム実測との一致・推定誤差の分布を保証しない
555554,29,生命力,195,2,2,12,12,500,仮定誤差の感度。ゲーム実測との一致・推定誤差の分布を保証しない
555553,28,生命力,195,2,2,12,12,500,仮定誤差の感度。ゲーム実測との一致・推定誤差の分布を保証しない
555544,28,生命力,200,2,2,12,12,500,仮定誤差の感度。ゲーム実測との一致・推定誤差の分布を保証しない
555543,27,生命力,200,2,2,12,12,500,仮定誤差の感度。ゲーム実測との一致・推定誤差の分布を保証しない
555533,26,生命力,200,2,2,12,12,500,仮定誤差の感度。ゲーム実測との一致・推定誤差の分布を保証しない
555444,27,生命力,205,2,2,13,13,500,仮定誤差の感度。ゲーム実測との一致・推定誤差の分布を保証しない
555443,26,生命力,205,2,2,12,12,500,仮定誤差の感度。ゲーム実測との一致・推定誤差の分布を保証しない
555433,25,生命力,205,2,2,12,12,500,仮定誤差の感度。ゲーム実測との一致・推定誤差の分布を保証しない
555333,24,生命力,205,2,2,12,12,500,仮定誤差の感度。ゲーム実測との一致・推定誤差の分布を保証しない
554444,26,生命力,210,2,2,12,12,500,仮定誤差の感度。ゲーム実測との一致・推定誤差の分布を保証しない
554443,25,生命力,210,2,2,13,13,500,仮定誤差の感度。ゲーム実測との一致・推定誤差の分布を保証しない
554433,24,生命力,210,2,2,12,12,500,仮定誤差の感度。ゲーム実測との一致・推定誤差の分布を保証しない
554333,23,生命力,210,2,2,13,13,500,仮定誤差の感度。ゲーム実測との一致・推定誤差の分布を保証しない
553333,22,生命力,210,2,2,13,13,500,仮定誤差の感度。ゲーム実測との一致・推定誤差の分布を保証しない
544444,25,生命力,215,3,3,13,13,500,仮定誤差の感度。ゲーム実測との一致・推定誤差の分布を保証しない
544443,24,生命力,215,2,2,12,12,500,仮定誤差の感度。ゲーム実測との一致・推定誤差の分布を保証しない
544433,23,生命力,215,2,2,13,13,500,仮定誤差の感度。ゲーム実測との一致・推定誤差の分布を保証しない
544333,22,生命力,215,2,2,13,13,500,仮定誤差の感度。ゲーム実測との一致・推定誤差の分布を保証しない
543333,21,生命力,215,2,2,13,13,500,仮定誤差の感度。ゲーム実測との一致・推定誤差の分布を保証しない
533333,20,生命力,215,2,2,13,13,500,仮定誤差の感度。ゲーム実測との一致・推定誤差の分布を保証しない
444444,24,生命力,220,2,2,13,13,500,仮定誤差の感度。ゲーム実測との一致・推定誤差の分布を保証しない
444443,23,生命力,220,3,3,14,14,500,仮定誤差の感度。ゲーム実測との一致・推定誤差の分布を保証しない
444433,22,生命力,220,2,2,13,13,500,仮定誤差の感度。ゲーム実測との一致・推定誤差の分布を保証しない
444333,21,生命力,220,2,2,13,13,500,仮定誤差の感度。ゲーム実測との一致・推定誤差の分布を保証しない
443333,20,生命力,220,2,2,13,13,500,仮定誤差の感度。ゲーム実測との一致・推定誤差の分布を保証しない
433333,19,生命力,220,2,2,13,13,500,仮定誤差の感度。ゲーム実測との一致・推定誤差の分布を保証しない
333333,18,生命力,220,3,3,14,14,500,仮定誤差の感度。ゲーム実測との一致・推定誤差の分布を保証しない
887333,32,気合,180,2,2,11,11,500,仮定誤差の感度。ゲーム実測との一致・推定誤差の分布を保証しない
886433,32,気合,185,2,2,11,11,500,仮定誤差の感度。ゲーム実測との一致・推定誤差の分布を保証しない
886333,31,気合,185,2,2,11,11,500,仮定誤差の感度。ゲーム実測との一致・推定誤差の分布を保証しない
885533,32,気合,180,1,1,10,10,500,仮定誤差の感度。ゲーム実測との一致・推定誤差の分布を保証しない
885443,32,気合,185,1,1,11,11,500,仮定誤差の感度。ゲーム実測との一致・推定誤差の分布を保証しない
885433,31,気合,185,2,2,11,11,500,仮定誤差の感度。ゲーム実測との一致・推定誤差の分布を保証しない
885333,30,気合,185,2,2,12,12,500,仮定誤差の感度。ゲーム実測との一致・推定誤差の分布を保証しない
884444,32,気合,190,1,1,11,11,500,仮定誤差の感度。ゲーム実測との一致・推定誤差の分布を保証しない
884443,31,気合,190,2,2,11,11,500,仮定誤差の感度。ゲーム実測との一致・推定誤差の分布を保証しない
884433,30,気合,190,2,2,12,12,500,仮定誤差の感度。ゲーム実測との一致・推定誤差の分布を保証しない
884333,29,気合,190,2,2,12,12,500,仮定誤差の感度。ゲーム実測との一致・推定誤差の分布を保証しない
883333,28,気合,190,2,2,11,11,500,仮定誤差の感度。ゲーム実測との一致・推定誤差の分布を保証しない
877433,32,気合,185,2,2,11,11,500,仮定誤差の感度。ゲーム実測との一致・推定誤差の分布を保証しない
877333,31,気合,185,2,2,11,11,500,仮定誤差の感度。ゲーム実測との一致・推定誤差の分布を保証しない
876533,32,気合,185,2,2,11,11,500,仮定誤差の感度。ゲーム実測との一致・推定誤差の分布を保証しない
876443,32,気合,190,2,2,11,11,500,仮定誤差の感度。ゲーム実測との一致・推定誤差の分布を保証しない
876433,31,気合,190,2,2,11,11,500,仮定誤差の感度。ゲーム実測との一致・推定誤差の分布を保証しない
876333,30,気合,190,2,2,12,12,500,仮定誤差の感度。ゲーム実測との一致・推定誤差の分布を保証しない
875543,32,気合,185,2,2,11,11,500,仮定誤差の感度。ゲーム実測との一致・推定誤差の分布を保証しない
875533,31,気合,185,2,2,11,11,500,仮定誤差の感度。ゲーム実測との一致・推定誤差の分布を保証しない
875444,32,気合,190,2,2,11,11,500,仮定誤差の感度。ゲーム実測との一致・推定誤差の分布を保証しない
875443,31,気合,190,2,2,11,11,500,仮定誤差の感度。ゲーム実測との一致・推定誤差の分布を保証しない
875433,30,気合,190,2,2,12,12,500,仮定誤差の感度。ゲーム実測との一致・推定誤差の分布を保証しない
875333,29,気合,190,2,2,11,11,500,仮定誤差の感度。ゲーム実測との一致・推定誤差の分布を保証しない
874444,31,気合,195,2,2,11,11,500,仮定誤差の感度。ゲーム実測との一致・推定誤差の分布を保証しない
874443,30,気合,195,2,2,12,12,500,仮定誤差の感度。ゲーム実測との一致・推定誤差の分布を保証しない
874433,29,気合,195,2,2,12,12,500,仮定誤差の感度。ゲーム実測との一致・推定誤差の分布を保証しない
874333,28,気合,195,2,2,12,12,500,仮定誤差の感度。ゲーム実測との一致・推定誤差の分布を保証しない
873333,27,気合,195,2,2,12,12,500,仮定誤差の感度。ゲーム実測との一致・推定誤差の分布を保証しない
866633,32,気合,190,1,1,11,11,500,仮定誤差の感度。ゲーム実測との一致・推定誤差の分布を保証しない
866543,32,気合,190,2,2,11,11,500,仮定誤差の感度。ゲーム実測との一致・推定誤差の分布を保証しない
866533,31,気合,190,2,2,11,11,500,仮定誤差の感度。ゲーム実測との一致・推定誤差の分布を保証しない
866444,32,気合,195,2,2,11,11,500,仮定誤差の感度。ゲーム実測との一致・推定誤差の分布を保証しない
866443,31,気合,195,2,2,11,11,500,仮定誤差の感度。ゲーム実測との一致・推定誤差の分布を保証しない
866433,30,気合,195,2,2,12,12,500,仮定誤差の感度。ゲーム実測との一致・推定誤差の分布を保証しない
866333,29,気合,195,2,2,12,12,500,仮定誤差の感度。ゲーム実測との一致・推定誤差の分布を保証しない
865553,32,気合,185,2,2,11,11,500,仮定誤差の感度。ゲーム実測との一致・推定誤差の分布を保証しない
865544,32,気合,190,2,2,11,11,500,仮定誤差の感度。ゲーム実測との一致・推定誤差の分布を保証しない
865543,31,気合,190,2,2,11,11,500,仮定誤差の感度。ゲーム実測との一致・推定誤差の分布を保証しない
865533,30,気合,190,2,2,12,12,500,仮定誤差の感度。ゲーム実測との一致・推定誤差の分布を保証しない
865444,31,気合,195,2,2,11,11,500,仮定誤差の感度。ゲーム実測との一致・推定誤差の分布を保証しない
865443,30,気合,195,2,2,12,12,500,仮定誤差の感度。ゲーム実測との一致・推定誤差の分布を保証しない
865433,29,気合,195,2,2,12,12,500,仮定誤差の感度。ゲーム実測との一致・推定誤差の分布を保証しない
865333,28,気合,195,2,2,12,12,500,仮定誤差の感度。ゲーム実測との一致・推定誤差の分布を保証しない
864444,30,気合,200,2,2,12,12,500,仮定誤差の感度。ゲーム実測との一致・推定誤差の分布を保証しない
864443,29,気合,200,2,2,12,12,500,仮定誤差の感度。ゲーム実測との一致・推定誤差の分布を保証しない
864433,28,気合,200,2,2,12,12,500,仮定誤差の感度。ゲーム実測との一致・推定誤差の分布を保証しない
864333,27,気合,200,2,2,12,12,500,仮定誤差の感度。ゲーム実測との一致・推定誤差の分布を保証しない
863333,26,気合,200,2,2,12,12,500,仮定誤差の感度。ゲーム実測との一致・推定誤差の分布を保証しない
855554,32,気合,185,2,2,11,11,500,仮定誤差の感度。ゲーム実測との一致・推定誤差の分布を保証しない
855553,31,気合,185,2,2,12,12,500,仮定誤差の感度。ゲーム実測との一致・推定誤差の分布を保証しない
855544,31,気合,190,2,2,12,12,500,仮定誤差の感度。ゲーム実測との一致・推定誤差の分布を保証しない
855543,30,気合,190,2,2,12,12,500,仮定誤差の感度。ゲーム実測との一致・推定誤差の分布を保証しない
855533,29,気合,190,2,2,11,11,500,仮定誤差の感度。ゲーム実測との一致・推定誤差の分布を保証しない
855444,30,気合,195,2,2,12,12,500,仮定誤差の感度。ゲーム実測との一致・推定誤差の分布を保証しない
855443,29,気合,195,2,2,12,12,500,仮定誤差の感度。ゲーム実測との一致・推定誤差の分布を保証しない
855433,28,気合,195,2,2,12,12,500,仮定誤差の感度。ゲーム実測との一致・推定誤差の分布を保証しない
855333,27,気合,195,2,2,12,12,500,仮定誤差の感度。ゲーム実測との一致・推定誤差の分布を保証しない
854444,29,気合,200,2,2,12,12,500,仮定誤差の感度。ゲーム実測との一致・推定誤差の分布を保証しない
854443,28,気合,200,2,2,12,12,500,仮定誤差の感度。ゲーム実測との一致・推定誤差の分布を保証しない
854433,27,気合,200,2,2,12,12,500,仮定誤差の感度。ゲーム実測との一致・推定誤差の分布を保証しない
854333,26,気合,200,2,2,12,12,500,仮定誤差の感度。ゲーム実測との一致・推定誤差の分布を保証しない
853333,25,気合,200,2,2,12,12,500,仮定誤差の感度。ゲーム実測との一致・推定誤差の分布を保証しない
844444,28,気合,205,2,2,12,12,500,仮定誤差の感度。ゲーム実測との一致・推定誤差の分布を保証しない
844443,27,気合,205,2,2,12,12,500,仮定誤差の感度。ゲーム実測との一致・推定誤差の分布を保証しない
844433,26,気合,205,3,3,13,13,500,仮定誤差の感度。ゲーム実測との一致・推定誤差の分布を保証しない
844333,25,気合,205,2,2,13,13,500,仮定誤差の感度。ゲーム実測との一致・推定誤差の分布を保証しない
843333,24,気合,205,2,2,12,12,500,仮定誤差の感度。ゲーム実測との一致・推定誤差の分布を保証しない
833333,23,気合,205,2,2,12,12,500,仮定誤差の感度。ゲーム実測との一致・推定誤差の分布を保証しない
777533,32,気合,185,2,2,11,11,500,仮定誤差の感度。ゲーム実測との一致・推定誤差の分布を保証しない
777443,32,気合,190,2,2,11,11,500,仮定誤差の感度。ゲーム実測との一致・推定誤差の分布を保証しない
777433,31,気合,190,2,2,12,12,500,仮定誤差の感度。ゲーム実測との一致・推定誤差の分布を保証しない
777333,30,気合,190,2,2,12,12,500,仮定誤差の感度。ゲーム実測との一致・推定誤差の分布を保証しない
776633,32,気合,190,2,2,11,11,500,仮定誤差の感度。ゲーム実測との一致・推定誤差の分布を保証しない
776543,32,気合,190,2,2,11,11,500,仮定誤差の感度。ゲーム実測との一致・推定誤差の分布を保証しない
776533,31,気合,190,2,2,12,12,500,仮定誤差の感度。ゲーム実測との一致・推定誤差の分布を保証しない
776444,32,気合,195,2,2,11,11,500,仮定誤差の感度。ゲーム実測との一致・推定誤差の分布を保証しない
776443,31,気合,195,2,2,12,12,500,仮定誤差の感度。ゲーム実測との一致・推定誤差の分布を保証しない
776433,30,気合,195,2,2,12,12,500,仮定誤差の感度。ゲーム実測との一致・推定誤差の分布を保証しない
776333,29,気合,195,2,2,12,12,500,仮定誤差の感度。ゲーム実測との一致・推定誤差の分布を保証しない
775553,32,気合,185,2,2,11,11,500,仮定誤差の感度。ゲーム実測との一致・推定誤差の分布を保証しない
775544,32,気合,190,2,2,11,11,500,仮定誤差の感度。ゲーム実測との一致・推定誤差の分布を保証しない
775543,31,気合,190,2,2,12,12,500,仮定誤差の感度。ゲーム実測との一致・推定誤差の分布を保証しない
775533,30,気合,190,1,1,11,11,500,仮定誤差の感度。ゲーム実測との一致・推定誤差の分布を保証しない
775444,31,気合,195,2,2,12,12,500,仮定誤差の感度。ゲーム実測との一致・推定誤差の分布を保証しない
775443,30,気合,195,2,2,12,12,500,仮定誤差の感度。ゲーム実測との一致・推定誤差の分布を保証しない
775433,29,気合,195,2,2,12,12,500,仮定誤差の感度。ゲーム実測との一致・推定誤差の分布を保証しない
775333,28,気合,195,2,2,12,12,500,仮定誤差の感度。ゲーム実測との一致・推定誤差の分布を保証しない
774444,30,気合,200,2,2,12,12,500,仮定誤差の感度。ゲーム実測との一致・推定誤差の分布を保証しない
774443,29,気合,200,2,2,12,12,500,仮定誤差の感度。ゲーム実測との一致・推定誤差の分布を保証しない
774433,28,気合,200,2,2,12,12,500,仮定誤差の感度。ゲーム実測との一致・推定誤差の分布を保証しない
774333,27,気合,200,2,2,12,12,500,仮定誤差の感度。ゲーム実測との一致・推定誤差の分布を保証しない
773333,26,気合,200,2,2,12,12,500,仮定誤差の感度。ゲーム実測との一致・推定誤差の分布を保証しない
766643,32,気合,195,2,2,11,11,500,仮定誤差の感度。ゲーム実測との一致・推定誤差の分布を保証しない
766633,31,気合,195,2,2,11,11,500,仮定誤差の感度。ゲーム実測との一致・推定誤差の分布を保証しない
766553,32,気合,190,2,2,11,11,500,仮定誤差の感度。ゲーム実測との一致・推定誤差の分布を保証しない
766544,32,気合,195,2,2,11,11,500,仮定誤差の感度。ゲーム実測との一致・推定誤差の分布を保証しない
766543,31,気合,195,2,2,12,12,500,仮定誤差の感度。ゲーム実測との一致・推定誤差の分布を保証しない
766533,30,気合,195,2,2,12,12,500,仮定誤差の感度。ゲーム実測との一致・推定誤差の分布を保証しない
766444,31,気合,200,2,2,12,12,500,仮定誤差の感度。ゲーム実測との一致・推定誤差の分布を保証しない
766443,30,気合,200,2,2,12,12,500,仮定誤差の感度。ゲーム実測との一致・推定誤差の分布を保証しない
766433,29,気合,200,2,2,12,12,500,仮定誤差の感度。ゲーム実測との一致・推定誤差の分布を保証しない
766333,28,気合,200,2,2,12,12,500,仮定誤差の感度。ゲーム実測との一致・推定誤差の分布を保証しない
765554,32,気合,190,2,2,11,11,500,仮定誤差の感度。ゲーム実測との一致・推定誤差の分布を保証しない
765553,31,気合,190,2,2,12,12,500,仮定誤差の感度。ゲーム実測との一致・推定誤差の分布を保証しない
765544,31,気合,195,2,2,12,12,500,仮定誤差の感度。ゲーム実測との一致・推定誤差の分布を保証しない
765543,30,気合,195,2,2,12,12,500,仮定誤差の感度。ゲーム実測との一致・推定誤差の分布を保証しない
765533,29,気合,195,2,2,12,12,500,仮定誤差の感度。ゲーム実測との一致・推定誤差の分布を保証しない
765444,30,気合,200,2,2,12,12,500,仮定誤差の感度。ゲーム実測との一致・推定誤差の分布を保証しない
765443,29,気合,200,2,2,12,12,500,仮定誤差の感度。ゲーム実測との一致・推定誤差の分布を保証しない
765433,28,気合,200,2,2,12,12,500,仮定誤差の感度。ゲーム実測との一致・推定誤差の分布を保証しない
765333,27,気合,200,2,2,12,12,500,仮定誤差の感度。ゲーム実測との一致・推定誤差の分布を保証しない
764444,29,気合,205,2,2,12,12,500,仮定誤差の感度。ゲーム実測との一致・推定誤差の分布を保証しない
764443,28,気合,205,2,2,12,12,500,仮定誤差の感度。ゲーム実測との一致・推定誤差の分布を保証しない
764433,27,気合,205,2,2,12,12,500,仮定誤差の感度。ゲーム実測との一致・推定誤差の分布を保証しない
764333,26,気合,205,2,2,13,13,500,仮定誤差の感度。ゲーム実測との一致・推定誤差の分布を保証しない
763333,25,気合,205,2,2,13,13,500,仮定誤差の感度。ゲーム実測との一致・推定誤差の分布を保証しない
755555,32,気合,185,2,2,11,11,500,仮定誤差の感度。ゲーム実測との一致・推定誤差の分布を保証しない
755554,31,気合,190,2,2,12,12,500,仮定誤差の感度。ゲーム実測との一致・推定誤差の分布を保証しない
755553,30,気合,190,2,2,11,11,500,仮定誤差の感度。ゲーム実測との一致・推定誤差の分布を保証しない
755544,30,気合,195,2,2,12,12,500,仮定誤差の感度。ゲーム実測との一致・推定誤差の分布を保証しない
755543,29,気合,195,2,2,12,12,500,仮定誤差の感度。ゲーム実測との一致・推定誤差の分布を保証しない
755533,28,気合,195,2,2,12,12,500,仮定誤差の感度。ゲーム実測との一致・推定誤差の分布を保証しない
755444,29,気合,200,2,2,12,12,500,仮定誤差の感度。ゲーム実測との一致・推定誤差の分布を保証しない
755443,28,気合,200,2,2,12,12,500,仮定誤差の感度。ゲーム実測との一致・推定誤差の分布を保証しない
755433,27,気合,200,2,2,12,12,500,仮定誤差の感度。ゲーム実測との一致・推定誤差の分布を保証しない
755333,26,気合,200,2,2,12,12,500,仮定誤差の感度。ゲーム実測との一致・推定誤差の分布を保証しない
754444,28,気合,205,2,2,12,12,500,仮定誤差の感度。ゲーム実測との一致・推定誤差の分布を保証しない
754443,27,気合,205,2,2,12,12,500,仮定誤差の感度。ゲーム実測との一致・推定誤差の分布を保証しない
754433,26,気合,205,2,2,13,13,500,仮定誤差の感度。ゲーム実測との一致・推定誤差の分布を保証しない
754333,25,気合,205,2,2,13,13,500,仮定誤差の感度。ゲーム実測との一致・推定誤差の分布を保証しない
753333,24,気合,205,2,2,12,12,500,仮定誤差の感度。ゲーム実測との一致・推定誤差の分布を保証しない
744444,27,気合,210,2,2,12,12,500,仮定誤差の感度。ゲーム実測との一致・推定誤差の分布を保証しない
744443,26,気合,210,2,2,13,13,500,仮定誤差の感度。ゲーム実測との一致・推定誤差の分布を保証しない
744433,25,気合,210,2,2,13,13,500,仮定誤差の感度。ゲーム実測との一致・推定誤差の分布を保証しない
744333,24,気合,210,2,2,12,12,500,仮定誤差の感度。ゲーム実測との一致・推定誤差の分布を保証しない
743333,23,気合,210,2,2,13,13,500,仮定誤差の感度。ゲーム実測との一致・推定誤差の分布を保証しない
733333,22,気合,210,2,2,13,13,500,仮定誤差の感度。ゲーム実測との一致・推定誤差の分布を保証しない
666653,32,気合,195,2,2,11,11,500,仮定誤差の感度。ゲーム実測との一致・推定誤差の分布を保証しない
666644,32,気合,199,2,2,12,12,500,仮定誤差の感度。ゲーム実測との一致・推定誤差の分布を保証しない
666643,31,気合,200,2,2,12,12,500,仮定誤差の感度。ゲーム実測との一致・推定誤差の分布を保証しない
666633,30,気合,200,2,2,12,12,500,仮定誤差の感度。ゲーム実測との一致・推定誤差の分布を保証しない
666554,32,気合,195,2,2,11,11,500,仮定誤差の感度。ゲーム実測との一致・推定誤差の分布を保証しない
666553,31,気合,195,2,2,12,12,500,仮定誤差の感度。ゲーム実測との一致・推定誤差の分布を保証しない
666544,31,気合,200,2,2,12,12,500,仮定誤差の感度。ゲーム実測との一致・推定誤差の分布を保証しない
666543,30,気合,200,2,2,12,12,500,仮定誤差の感度。ゲーム実測との一致・推定誤差の分布を保証しない
666533,29,気合,200,2,2,12,12,500,仮定誤差の感度。ゲーム実測との一致・推定誤差の分布を保証しない
666444,30,気合,205,2,2,12,12,500,仮定誤差の感度。ゲーム実測との一致・推定誤差の分布を保証しない
666443,29,気合,205,2,2,12,12,500,仮定誤差の感度。ゲーム実測との一致・推定誤差の分布を保証しない
666433,28,気合,205,2,2,12,12,500,仮定誤差の感度。ゲーム実測との一致・推定誤差の分布を保証しない
666333,27,気合,205,2,2,12,12,500,仮定誤差の感度。ゲーム実測との一致・推定誤差の分布を保証しない
665555,32,気合,190,2,2,11,11,500,仮定誤差の感度。ゲーム実測との一致・推定誤差の分布を保証しない
665554,31,気合,195,2,2,12,12,500,仮定誤差の感度。ゲーム実測との一致・推定誤差の分布を保証しない
665553,30,気合,195,2,2,12,12,500,仮定誤差の感度。ゲーム実測との一致・推定誤差の分布を保証しない
665544,30,気合,200,2,2,12,12,500,仮定誤差の感度。ゲーム実測との一致・推定誤差の分布を保証しない
665543,29,気合,200,2,2,12,12,500,仮定誤差の感度。ゲーム実測との一致・推定誤差の分布を保証しない
665533,28,気合,200,2,2,12,12,500,仮定誤差の感度。ゲーム実測との一致・推定誤差の分布を保証しない
665444,29,気合,205,2,2,12,12,500,仮定誤差の感度。ゲーム実測との一致・推定誤差の分布を保証しない
665443,28,気合,205,2,2,12,12,500,仮定誤差の感度。ゲーム実測との一致・推定誤差の分布を保証しない
665433,27,気合,205,2,2,12,12,500,仮定誤差の感度。ゲーム実測との一致・推定誤差の分布を保証しない
665333,26,気合,205,2,2,13,13,500,仮定誤差の感度。ゲーム実測との一致・推定誤差の分布を保証しない
664444,28,気合,210,2,2,13,13,500,仮定誤差の感度。ゲーム実測との一致・推定誤差の分布を保証しない
664443,27,気合,210,2,2,12,12,500,仮定誤差の感度。ゲーム実測との一致・推定誤差の分布を保証しない
664433,26,気合,210,2,2,13,13,500,仮定誤差の感度。ゲーム実測との一致・推定誤差の分布を保証しない
664333,25,気合,210,2,2,13,13,500,仮定誤差の感度。ゲーム実測との一致・推定誤差の分布を保証しない
663333,24,気合,210,2,2,12,12,500,仮定誤差の感度。ゲーム実測との一致・推定誤差の分布を保証しない
655555,31,気合,190,2,2,12,12,500,仮定誤差の感度。ゲーム実測との一致・推定誤差の分布を保証しない
655554,30,気合,195,2,2,12,12,500,仮定誤差の感度。ゲーム実測との一致・推定誤差の分布を保証しない
655553,29,気合,195,2,2,12,12,500,仮定誤差の感度。ゲーム実測との一致・推定誤差の分布を保証しない
655544,29,気合,200,2,2,12,12,500,仮定誤差の感度。ゲーム実測との一致・推定誤差の分布を保証しない
655543,28,気合,200,2,2,12,12,500,仮定誤差の感度。ゲーム実測との一致・推定誤差の分布を保証しない
655533,27,気合,200,2,2,12,12,500,仮定誤差の感度。ゲーム実測との一致・推定誤差の分布を保証しない
655444,28,気合,205,2,2,12,12,500,仮定誤差の感度。ゲーム実測との一致・推定誤差の分布を保証しない
655443,27,気合,205,2,2,12,12,500,仮定誤差の感度。ゲーム実測との一致・推定誤差の分布を保証しない
655433,26,気合,205,2,2,13,13,500,仮定誤差の感度。ゲーム実測との一致・推定誤差の分布を保証しない
655333,25,気合,205,2,2,13,13,500,仮定誤差の感度。ゲーム実測との一致・推定誤差の分布を保証しない
654444,27,気合,210,2,2,12,12,500,仮定誤差の感度。ゲーム実測との一致・推定誤差の分布を保証しない
654443,26,気合,210,2,2,13,13,500,仮定誤差の感度。ゲーム実測との一致・推定誤差の分布を保証しない
654433,25,気合,210,2,2,13,13,500,仮定誤差の感度。ゲーム実測との一致・推定誤差の分布を保証しない
654333,24,気合,210,2,2,12,12,500,仮定誤差の感度。ゲーム実測との一致・推定誤差の分布を保証しない
653333,23,気合,210,2,2,13,13,500,仮定誤差の感度。ゲーム実測との一致・推定誤差の分布を保証しない
644444,26,気合,215,2,2,13,13,500,仮定誤差の感度。ゲーム実測との一致・推定誤差の分布を保証しない
644443,25,気合,215,2,2,13,13,500,仮定誤差の感度。ゲーム実測との一致・推定誤差の分布を保証しない
644433,24,気合,215,2,2,13,13,500,仮定誤差の感度。ゲーム実測との一致・推定誤差の分布を保証しない
644333,23,気合,215,2,2,13,13,500,仮定誤差の感度。ゲーム実測との一致・推定誤差の分布を保証しない
643333,22,気合,215,2,2,13,13,500,仮定誤差の感度。ゲーム実測との一致・推定誤差の分布を保証しない
633333,21,気合,215,2,2,13,13,500,仮定誤差の感度。ゲーム実測との一致・推定誤差の分布を保証しない
555555,30,気合,190,2,2,11,11,500,仮定誤差の感度。ゲーム実測との一致・推定誤差の分布を保証しない
555554,29,気合,195,2,2,12,12,500,仮定誤差の感度。ゲーム実測との一致・推定誤差の分布を保証しない
555553,28,気合,195,2,2,12,12,500,仮定誤差の感度。ゲーム実測との一致・推定誤差の分布を保証しない
555544,28,気合,200,2,2,12,12,500,仮定誤差の感度。ゲーム実測との一致・推定誤差の分布を保証しない
555543,27,気合,200,2,2,12,12,500,仮定誤差の感度。ゲーム実測との一致・推定誤差の分布を保証しない
555533,26,気合,200,2,2,12,12,500,仮定誤差の感度。ゲーム実測との一致・推定誤差の分布を保証しない
555444,27,気合,205,3,3,13,13,500,仮定誤差の感度。ゲーム実測との一致・推定誤差の分布を保証しない
555443,26,気合,205,2,2,13,13,500,仮定誤差の感度。ゲーム実測との一致・推定誤差の分布を保証しない
555433,25,気合,205,2,2,12,12,500,仮定誤差の感度。ゲーム実測との一致・推定誤差の分布を保証しない
555333,24,気合,205,2,2,12,12,500,仮定誤差の感度。ゲーム実測との一致・推定誤差の分布を保証しない
554444,26,気合,210,2,2,13,13,500,仮定誤差の感度。ゲーム実測との一致・推定誤差の分布を保証しない
554443,25,気合,210,2,2,12,12,500,仮定誤差の感度。ゲーム実測との一致・推定誤差の分布を保証しない
554433,24,気合,210,2,2,12,12,500,仮定誤差の感度。ゲーム実測との一致・推定誤差の分布を保証しない
554333,23,気合,210,2,2,13,13,500,仮定誤差の感度。ゲーム実測との一致・推定誤差の分布を保証しない
553333,22,気合,210,2,2,13,13,500,仮定誤差の感度。ゲーム実測との一致・推定誤差の分布を保証しない
544444,25,気合,215,3,3,13,13,500,仮定誤差の感度。ゲーム実測との一致・推定誤差の分布を保証しない
544443,24,気合,215,2,2,13,13,500,仮定誤差の感度。ゲーム実測との一致・推定誤差の分布を保証しない
544433,23,気合,215,2,2,12,12,500,仮定誤差の感度。ゲーム実測との一致・推定誤差の分布を保証しない
544333,22,気合,215,2,2,13,13,500,仮定誤差の感度。ゲーム実測との一致・推定誤差の分布を保証しない
543333,21,気合,215,2,2,13,13,500,仮定誤差の感度。ゲーム実測との一致・推定誤差の分布を保証しない
533333,20,気合,215,2,2,13,13,500,仮定誤差の感度。ゲーム実測との一致・推定誤差の分布を保証しない
444444,24,気合,220,2,2,13,13,500,仮定誤差の感度。ゲーム実測との一致・推定誤差の分布を保証しない
444443,23,気合,220,2,2,13,13,500,仮定誤差の感度。ゲーム実測との一致・推定誤差の分布を保証しない
444433,22,気合,220,3,3,14,14,500,仮定誤差の感度。ゲーム実測との一致・推定誤差の分布を保証しない
444333,21,気合,220,2,2,13,13,500,仮定誤差の感度。ゲーム実測との一致・推定誤差の分布を保証しない
443333,20,気合,220,2,2,13,13,500,仮定誤差の感度。ゲーム実測との一致・推定誤差の分布を保証しない
433333,19,気合,220,2,2,13,13,500,仮定誤差の感度。ゲーム実測との一致・推定誤差の分布を保証しない
333333,18,気合,220,2,2,13,13,500,仮定誤差の感度。ゲーム実測との一致・推定誤差の分布を保証しない
887333,32,腕力,635,6,6,38,38,500,仮定誤差の感度。ゲーム実測との一致・推定誤差の分布を保証しない
886433,32,腕力,640,6,6,38,38,500,仮定誤差の感度。ゲーム実測との一致・推定誤差の分布を保証しない
886333,31,腕力,640,6,7,38,39,500,仮定誤差の感度。ゲーム実測との一致・推定誤差の分布を保証しない
885533,32,腕力,635,7,7,39,39,500,仮定誤差の感度。ゲーム実測との一致・推定誤差の分布を保証しない
885443,32,腕力,640,6,6,38,38,500,仮定誤差の感度。ゲーム実測との一致・推定誤差の分布を保証しない
885433,31,腕力,640,6,6,38,38,500,仮定誤差の感度。ゲーム実測との一致・推定誤差の分布を保証しない
885333,30,腕力,640,6,7,38,39,500,仮定誤差の感度。ゲーム実測との一致・推定誤差の分布を保証しない
884444,32,腕力,645,6,7,38,39,500,仮定誤差の感度。ゲーム実測との一致・推定誤差の分布を保証しない
884443,31,腕力,645,6,7,38,39,500,仮定誤差の感度。ゲーム実測との一致・推定誤差の分布を保証しない
884433,30,腕力,645,6,7,39,39,500,仮定誤差の感度。ゲーム実測との一致・推定誤差の分布を保証しない
884333,29,腕力,645,6,7,38,39,500,仮定誤差の感度。ゲーム実測との一致・推定誤差の分布を保証しない
883333,28,腕力,645,6,7,38,39,500,仮定誤差の感度。ゲーム実測との一致・推定誤差の分布を保証しない
877433,32,腕力,640,7,7,39,39,500,仮定誤差の感度。ゲーム実測との一致・推定誤差の分布を保証しない
877333,31,腕力,640,6,7,38,39,500,仮定誤差の感度。ゲーム実測との一致・推定誤差の分布を保証しない
876533,32,腕力,640,6,6,38,38,500,仮定誤差の感度。ゲーム実測との一致・推定誤差の分布を保証しない
876443,32,腕力,645,6,6,39,39,500,仮定誤差の感度。ゲーム実測との一致・推定誤差の分布を保証しない
876433,31,腕力,645,6,6,38,38,500,仮定誤差の感度。ゲーム実測との一致・推定誤差の分布を保証しない
876333,30,腕力,645,6,7,39,39,500,仮定誤差の感度。ゲーム実測との一致・推定誤差の分布を保証しない
875543,32,腕力,640,6,6,38,38,500,仮定誤差の感度。ゲーム実測との一致・推定誤差の分布を保証しない
875533,31,腕力,640,6,6,38,38,500,仮定誤差の感度。ゲーム実測との一致・推定誤差の分布を保証しない
875444,32,腕力,645,6,7,39,39,500,仮定誤差の感度。ゲーム実測との一致・推定誤差の分布を保証しない
875443,31,腕力,645,6,6,38,38,500,仮定誤差の感度。ゲーム実測との一致・推定誤差の分布を保証しない
875433,30,腕力,645,7,7,39,39,500,仮定誤差の感度。ゲーム実測との一致・推定誤差の分布を保証しない
875333,29,腕力,645,6,7,38,39,500,仮定誤差の感度。ゲーム実測との一致・推定誤差の分布を保証しない
874444,31,腕力,650,6,7,39,39,500,仮定誤差の感度。ゲーム実測との一致・推定誤差の分布を保証しない
874443,30,腕力,650,6,7,39,39,500,仮定誤差の感度。ゲーム実測との一致・推定誤差の分布を保証しない
874433,29,腕力,650,6,6,39,39,500,仮定誤差の感度。ゲーム実測との一致・推定誤差の分布を保証しない
874333,28,腕力,650,6,7,39,39,500,仮定誤差の感度。ゲーム実測との一致・推定誤差の分布を保証しない
873333,27,腕力,650,6,7,39,39,500,仮定誤差の感度。ゲーム実測との一致・推定誤差の分布を保証しない
866633,32,腕力,645,6,7,39,39,500,仮定誤差の感度。ゲーム実測との一致・推定誤差の分布を保証しない
866543,32,腕力,645,7,7,39,39,500,仮定誤差の感度。ゲーム実測との一致・推定誤差の分布を保証しない
866533,31,腕力,645,7,7,39,39,500,仮定誤差の感度。ゲーム実測との一致・推定誤差の分布を保証しない
866444,32,腕力,650,6,7,39,39,500,仮定誤差の感度。ゲーム実測との一致・推定誤差の分布を保証しない
866443,31,腕力,650,7,7,39,39,500,仮定誤差の感度。ゲーム実測との一致・推定誤差の分布を保証しない
866433,30,腕力,650,6,6,39,39,500,仮定誤差の感度。ゲーム実測との一致・推定誤差の分布を保証しない
866333,29,腕力,650,6,7,39,39,500,仮定誤差の感度。ゲーム実測との一致・推定誤差の分布を保証しない
865553,32,腕力,640,7,7,39,39,500,仮定誤差の感度。ゲーム実測との一致・推定誤差の分布を保証しない
865544,32,腕力,645,7,7,39,39,500,仮定誤差の感度。ゲーム実測との一致・推定誤差の分布を保証しない
865543,31,腕力,645,7,7,39,39,500,仮定誤差の感度。ゲーム実測との一致・推定誤差の分布を保証しない
865533,30,腕力,645,6,6,39,39,500,仮定誤差の感度。ゲーム実測との一致・推定誤差の分布を保証しない
865444,31,腕力,650,6,7,39,39,500,仮定誤差の感度。ゲーム実測との一致・推定誤差の分布を保証しない
865443,30,腕力,650,6,6,39,39,500,仮定誤差の感度。ゲーム実測との一致・推定誤差の分布を保証しない
865433,29,腕力,650,7,7,39,39,500,仮定誤差の感度。ゲーム実測との一致・推定誤差の分布を保証しない
865333,28,腕力,650,6,7,39,39,500,仮定誤差の感度。ゲーム実測との一致・推定誤差の分布を保証しない
864444,30,腕力,655,6,7,39,40,500,仮定誤差の感度。ゲーム実測との一致・推定誤差の分布を保証しない
864443,29,腕力,655,6,7,39,40,500,仮定誤差の感度。ゲーム実測との一致・推定誤差の分布を保証しない
864433,28,腕力,655,6,7,39,39,500,仮定誤差の感度。ゲーム実測との一致・推定誤差の分布を保証しない
864333,27,腕力,655,6,7,39,40,500,仮定誤差の感度。ゲーム実測との一致・推定誤差の分布を保証しない
863333,26,腕力,655,6,7,39,40,500,仮定誤差の感度。ゲーム実測との一致・推定誤差の分布を保証しない
855554,32,腕力,640,6,7,38,39,500,仮定誤差の感度。ゲーム実測との一致・推定誤差の分布を保証しない
855553,31,腕力,640,6,7,38,39,500,仮定誤差の感度。ゲーム実測との一致・推定誤差の分布を保証しない
855544,31,腕力,645,6,7,38,39,500,仮定誤差の感度。ゲーム実測との一致・推定誤差の分布を保証しない
855543,30,腕力,645,6,7,39,39,500,仮定誤差の感度。ゲーム実測との一致・推定誤差の分布を保証しない
855533,29,腕力,645,6,7,38,39,500,仮定誤差の感度。ゲーム実測との一致・推定誤差の分布を保証しない
855444,30,腕力,650,6,7,39,39,500,仮定誤差の感度。ゲーム実測との一致・推定誤差の分布を保証しない
855443,29,腕力,650,7,7,39,39,500,仮定誤差の感度。ゲーム実測との一致・推定誤差の分布を保証しない
855433,28,腕力,650,6,6,39,39,500,仮定誤差の感度。ゲーム実測との一致・推定誤差の分布を保証しない
855333,27,腕力,650,6,7,39,39,500,仮定誤差の感度。ゲーム実測との一致・推定誤差の分布を保証しない
854444,29,腕力,655,6,7,39,40,500,仮定誤差の感度。ゲーム実測との一致・推定誤差の分布を保証しない
854443,28,腕力,655,6,7,39,39,500,仮定誤差の感度。ゲーム実測との一致・推定誤差の分布を保証しない
854433,27,腕力,655,6,7,39,40,500,仮定誤差の感度。ゲーム実測との一致・推定誤差の分布を保証しない
854333,26,腕力,655,6,7,39,39,500,仮定誤差の感度。ゲーム実測との一致・推定誤差の分布を保証しない
853333,25,腕力,655,6,7,39,40,500,仮定誤差の感度。ゲーム実測との一致・推定誤差の分布を保証しない
844444,28,腕力,660,6,7,39,40,500,仮定誤差の感度。ゲーム実測との一致・推定誤差の分布を保証しない
844443,27,腕力,660,6,7,39,40,500,仮定誤差の感度。ゲーム実測との一致・推定誤差の分布を保証しない
844433,26,腕力,660,6,7,39,40,500,仮定誤差の感度。ゲーム実測との一致・推定誤差の分布を保証しない
844333,25,腕力,660,6,7,39,40,500,仮定誤差の感度。ゲーム実測との一致・推定誤差の分布を保証しない
843333,24,腕力,660,6,7,39,40,500,仮定誤差の感度。ゲーム実測との一致・推定誤差の分布を保証しない
833333,23,腕力,660,6,7,39,40,500,仮定誤差の感度。ゲーム実測との一致・推定誤差の分布を保証しない
777533,32,腕力,640,7,7,39,39,500,仮定誤差の感度。ゲーム実測との一致・推定誤差の分布を保証しない
777443,32,腕力,645,7,7,39,39,500,仮定誤差の感度。ゲーム実測との一致・推定誤差の分布を保証しない
777433,31,腕力,645,7,7,39,39,500,仮定誤差の感度。ゲーム実測との一致・推定誤差の分布を保証しない
777333,30,腕力,645,6,6,38,39,500,仮定誤差の感度。ゲーム実測との一致・推定誤差の分布を保証しない
776633,32,腕力,645,6,6,39,39,500,仮定誤差の感度。ゲーム実測との一致・推定誤差の分布を保証しない
776543,32,腕力,645,6,6,39,39,500,仮定誤差の感度。ゲーム実測との一致・推定誤差の分布を保証しない
776533,31,腕力,645,6,6,38,38,500,仮定誤差の感度。ゲーム実測との一致・推定誤差の分布を保証しない
776444,32,腕力,650,6,7,39,39,500,仮定誤差の感度。ゲーム実測との一致・推定誤差の分布を保証しない
776443,31,腕力,650,6,6,39,39,500,仮定誤差の感度。ゲーム実測との一致・推定誤差の分布を保証しない
776433,30,腕力,650,7,7,39,39,500,仮定誤差の感度。ゲーム実測との一致・推定誤差の分布を保証しない
776333,29,腕力,650,6,7,39,39,500,仮定誤差の感度。ゲーム実測との一致・推定誤差の分布を保証しない
775553,32,腕力,640,6,7,38,39,500,仮定誤差の感度。ゲーム実測との一致・推定誤差の分布を保証しない
775544,32,腕力,645,6,6,39,39,500,仮定誤差の感度。ゲーム実測との一致・推定誤差の分布を保証しない
775543,31,腕力,645,6,6,38,38,500,仮定誤差の感度。ゲーム実測との一致・推定誤差の分布を保証しない
775533,30,腕力,645,7,7,39,39,500,仮定誤差の感度。ゲーム実測との一致・推定誤差の分布を保証しない
775444,31,腕力,650,6,7,39,39,500,仮定誤差の感度。ゲーム実測との一致・推定誤差の分布を保証しない
775443,30,腕力,650,7,7,39,39,500,仮定誤差の感度。ゲーム実測との一致・推定誤差の分布を保証しない
775433,29,腕力,650,6,6,39,39,500,仮定誤差の感度。ゲーム実測との一致・推定誤差の分布を保証しない
775333,28,腕力,650,6,7,39,39,500,仮定誤差の感度。ゲーム実測との一致・推定誤差の分布を保証しない
774444,30,腕力,655,6,7,39,40,500,仮定誤差の感度。ゲーム実測との一致・推定誤差の分布を保証しない
774443,29,腕力,655,6,7,39,40,500,仮定誤差の感度。ゲーム実測との一致・推定誤差の分布を保証しない
774433,28,腕力,655,7,7,39,40,500,仮定誤差の感度。ゲーム実測との一致・推定誤差の分布を保証しない
774333,27,腕力,655,6,7,39,40,500,仮定誤差の感度。ゲーム実測との一致・推定誤差の分布を保証しない
773333,26,腕力,655,6,7,39,40,500,仮定誤差の感度。ゲーム実測との一致・推定誤差の分布を保証しない
766643,32,腕力,650,6,7,39,39,500,仮定誤差の感度。ゲーム実測との一致・推定誤差の分布を保証しない
766633,31,腕力,650,6,7,39,39,500,仮定誤差の感度。ゲーム実測との一致・推定誤差の分布を保証しない
766553,32,腕力,645,7,7,39,39,500,仮定誤差の感度。ゲーム実測との一致・推定誤差の分布を保証しない
766544,32,腕力,650,6,6,39,39,500,仮定誤差の感度。ゲーム実測との一致・推定誤差の分布を保証しない
766543,31,腕力,650,7,7,39,39,500,仮定誤差の感度。ゲーム実測との一致・推定誤差の分布を保証しない
766533,30,腕力,650,6,6,39,39,500,仮定誤差の感度。ゲーム実測との一致・推定誤差の分布を保証しない
766444,31,腕力,655,6,7,39,40,500,仮定誤差の感度。ゲーム実測との一致・推定誤差の分布を保証しない
766443,30,腕力,655,6,7,39,39,500,仮定誤差の感度。ゲーム実測との一致・推定誤差の分布を保証しない
766433,29,腕力,655,6,7,39,40,500,仮定誤差の感度。ゲーム実測との一致・推定誤差の分布を保証しない
766333,28,腕力,655,6,7,39,40,500,仮定誤差の感度。ゲーム実測との一致・推定誤差の分布を保証しない
765554,32,腕力,645,6,7,39,39,500,仮定誤差の感度。ゲーム実測との一致・推定誤差の分布を保証しない
765553,31,腕力,645,6,7,38,39,500,仮定誤差の感度。ゲーム実測との一致・推定誤差の分布を保証しない
765544,31,腕力,650,7,7,39,39,500,仮定誤差の感度。ゲーム実測との一致・推定誤差の分布を保証しない
765543,30,腕力,650,6,6,39,39,500,仮定誤差の感度。ゲーム実測との一致・推定誤差の分布を保証しない
765533,29,腕力,650,7,7,39,39,500,仮定誤差の感度。ゲーム実測との一致・推定誤差の分布を保証しない
765444,30,腕力,655,6,7,39,39,500,仮定誤差の感度。ゲーム実測との一致・推定誤差の分布を保証しない
765443,29,腕力,655,7,7,40,40,500,仮定誤差の感度。ゲーム実測との一致・推定誤差の分布を保証しない
765433,28,腕力,655,6,6,39,39,500,仮定誤差の感度。ゲーム実測との一致・推定誤差の分布を保証しない
765333,27,腕力,655,6,7,39,40,500,仮定誤差の感度。ゲーム実測との一致・推定誤差の分布を保証しない
764444,29,腕力,660,6,7,39,40,500,仮定誤差の感度。ゲーム実測との一致・推定誤差の分布を保証しない
764443,28,腕力,660,6,7,39,40,500,仮定誤差の感度。ゲーム実測との一致・推定誤差の分布を保証しない
764433,27,腕力,660,6,7,39,40,500,仮定誤差の感度。ゲーム実測との一致・推定誤差の分布を保証しない
764333,26,腕力,660,6,7,39,40,500,仮定誤差の感度。ゲーム実測との一致・推定誤差の分布を保証しない
763333,25,腕力,660,6,7,39,40,500,仮定誤差の感度。ゲーム実測との一致・推定誤差の分布を保証しない
755555,32,腕力,640,6,7,38,39,500,仮定誤差の感度。ゲーム実測との一致・推定誤差の分布を保証しない
755554,31,腕力,645,6,7,38,39,500,仮定誤差の感度。ゲーム実測との一致・推定誤差の分布を保証しない
755553,30,腕力,645,6,7,39,39,500,仮定誤差の感度。ゲーム実測との一致・推定誤差の分布を保証しない
755544,30,腕力,650,6,7,39,39,500,仮定誤差の感度。ゲーム実測との一致・推定誤差の分布を保証しない
755543,29,腕力,650,6,7,39,39,500,仮定誤差の感度。ゲーム実測との一致・推定誤差の分布を保証しない
755533,28,腕力,650,6,7,39,39,500,仮定誤差の感度。ゲーム実測との一致・推定誤差の分布を保証しない
755444,29,腕力,655,6,7,39,40,500,仮定誤差の感度。ゲーム実測との一致・推定誤差の分布を保証しない
755443,28,腕力,655,6,7,39,39,500,仮定誤差の感度。ゲーム実測との一致・推定誤差の分布を保証しない
755433,27,腕力,655,6,7,39,40,500,仮定誤差の感度。ゲーム実測との一致・推定誤差の分布を保証しない
755333,26,腕力,655,6,7,39,39,500,仮定誤差の感度。ゲーム実測との一致・推定誤差の分布を保証しない
754444,28,腕力,660,6,7,39,40,500,仮定誤差の感度。ゲーム実測との一致・推定誤差の分布を保証しない
754443,27,腕力,660,6,7,39,40,500,仮定誤差の感度。ゲーム実測との一致・推定誤差の分布を保証しない
754433,26,腕力,660,6,7,39,40,500,仮定誤差の感度。ゲーム実測との一致・推定誤差の分布を保証しない
754333,25,腕力,660,6,7,39,40,500,仮定誤差の感度。ゲーム実測との一致・推定誤差の分布を保証しない
753333,24,腕力,660,6,7,39,40,500,仮定誤差の感度。ゲーム実測との一致・推定誤差の分布を保証しない
744444,27,腕力,665,6,7,39,40,500,仮定誤差の感度。ゲーム実測との一致・推定誤差の分布を保証しない
744443,26,腕力,665,6,7,39,40,500,仮定誤差の感度。ゲーム実測との一致・推定誤差の分布を保証しない
744433,25,腕力,665,6,7,40,40,500,仮定誤差の感度。ゲーム実測との一致・推定誤差の分布を保証しない
744333,24,腕力,665,6,7,40,40,500,仮定誤差の感度。ゲーム実測との一致・推定誤差の分布を保証しない
743333,23,腕力,665,6,7,40,40,500,仮定誤差の感度。ゲーム実測との一致・推定誤差の分布を保証しない
733333,22,腕力,665,6,7,39,40,500,仮定誤差の感度。ゲーム実測との一致・推定誤差の分布を保証しない
666653,32,腕力,650,6,7,39,39,500,仮定誤差の感度。ゲーム実測との一致・推定誤差の分布を保証しない
666644,32,腕力,655,6,7,39,40,500,仮定誤差の感度。ゲーム実測との一致・推定誤差の分布を保証しない
666643,31,腕力,655,6,7,39,40,500,仮定誤差の感度。ゲーム実測との一致・推定誤差の分布を保証しない
666633,30,腕力,655,6,7,39,40,500,仮定誤差の感度。ゲーム実測との一致・推定誤差の分布を保証しない
666554,32,腕力,650,6,7,39,39,500,仮定誤差の感度。ゲーム実測との一致・推定誤差の分布を保証しない
666553,31,腕力,650,6,7,39,39,500,仮定誤差の感度。ゲーム実測との一致・推定誤差の分布を保証しない
666544,31,腕力,655,6,7,39,40,500,仮定誤差の感度。ゲーム実測との一致・推定誤差の分布を保証しない
666543,30,腕力,655,6,7,39,39,500,仮定誤差の感度。ゲーム実測との一致・推定誤差の分布を保証しない
666533,29,腕力,655,6,7,39,40,500,仮定誤差の感度。ゲーム実測との一致・推定誤差の分布を保証しない
666444,30,腕力,660,6,7,39,40,500,仮定誤差の感度。ゲーム実測との一致・推定誤差の分布を保証しない
666443,29,腕力,660,6,7,39,40,500,仮定誤差の感度。ゲーム実測との一致・推定誤差の分布を保証しない
666433,28,腕力,660,6,7,39,40,500,仮定誤差の感度。ゲーム実測との一致・推定誤差の分布を保証しない
666333,27,腕力,660,6,7,39,40,500,仮定誤差の感度。ゲーム実測との一致・推定誤差の分布を保証しない
665555,32,腕力,645,6,7,39,39,500,仮定誤差の感度。ゲーム実測との一致・推定誤差の分布を保証しない
665554,31,腕力,650,6,7,39,39,500,仮定誤差の感度。ゲーム実測との一致・推定誤差の分布を保証しない
665553,30,腕力,650,6,7,39,39,500,仮定誤差の感度。ゲーム実測との一致・推定誤差の分布を保証しない
665544,30,腕力,655,6,7,39,39,500,仮定誤差の感度。ゲーム実測との一致・推定誤差の分布を保証しない
665543,29,腕力,655,6,7,39,40,500,仮定誤差の感度。ゲーム実測との一致・推定誤差の分布を保証しない
665533,28,腕力,655,6,7,39,39,500,仮定誤差の感度。ゲーム実測との一致・推定誤差の分布を保証しない
665444,29,腕力,660,6,7,39,40,500,仮定誤差の感度。ゲーム実測との一致・推定誤差の分布を保証しない
665443,28,腕力,660,6,7,39,40,500,仮定誤差の感度。ゲーム実測との一致・推定誤差の分布を保証しない
665433,27,腕力,660,6,7,39,40,500,仮定誤差の感度。ゲーム実測との一致・推定誤差の分布を保証しない
665333,26,腕力,660,6,7,39,40,500,仮定誤差の感度。ゲーム実測との一致・推定誤差の分布を保証しない
664444,28,腕力,665,6,7,40,40,500,仮定誤差の感度。ゲーム実測との一致・推定誤差の分布を保証しない
664443,27,腕力,665,6,7,40,40,500,仮定誤差の感度。ゲーム実測との一致・推定誤差の分布を保証しない
664433,26,腕力,665,6,7,39,40,500,仮定誤差の感度。ゲーム実測との一致・推定誤差の分布を保証しない
664333,25,腕力,665,6,7,40,40,500,仮定誤差の感度。ゲーム実測との一致・推定誤差の分布を保証しない
663333,24,腕力,665,6,7,40,40,500,仮定誤差の感度。ゲーム実測との一致・推定誤差の分布を保証しない
655555,31,腕力,645,6,7,38,39,500,仮定誤差の感度。ゲーム実測との一致・推定誤差の分布を保証しない
655554,30,腕力,650,6,7,39,39,500,仮定誤差の感度。ゲーム実測との一致・推定誤差の分布を保証しない
655553,29,腕力,650,6,7,39,39,500,仮定誤差の感度。ゲーム実測との一致・推定誤差の分布を保証しない
655544,29,腕力,655,6,7,39,40,500,仮定誤差の感度。ゲーム実測との一致・推定誤差の分布を保証しない
655543,28,腕力,655,6,7,39,39,500,仮定誤差の感度。ゲーム実測との一致・推定誤差の分布を保証しない
655533,27,腕力,655,6,7,39,40,500,仮定誤差の感度。ゲーム実測との一致・推定誤差の分布を保証しない
655444,28,腕力,660,6,7,39,40,500,仮定誤差の感度。ゲーム実測との一致・推定誤差の分布を保証しない
655443,27,腕力,660,6,7,39,40,500,仮定誤差の感度。ゲーム実測との一致・推定誤差の分布を保証しない
655433,26,腕力,660,6,7,39,40,500,仮定誤差の感度。ゲーム実測との一致・推定誤差の分布を保証しない
655333,25,腕力,660,6,7,39,40,500,仮定誤差の感度。ゲーム実測との一致・推定誤差の分布を保証しない
654444,27,腕力,665,6,7,40,40,500,仮定誤差の感度。ゲーム実測との一致・推定誤差の分布を保証しない
654443,26,腕力,665,6,7,39,40,500,仮定誤差の感度。ゲーム実測との一致・推定誤差の分布を保証しない
654433,25,腕力,665,6,7,40,40,500,仮定誤差の感度。ゲーム実測との一致・推定誤差の分布を保証しない
654333,24,腕力,665,6,7,40,40,500,仮定誤差の感度。ゲーム実測との一致・推定誤差の分布を保証しない
653333,23,腕力,665,6,7,40,40,500,仮定誤差の感度。ゲーム実測との一致・推定誤差の分布を保証しない
644444,26,腕力,670,6,7,40,41,500,仮定誤差の感度。ゲーム実測との一致・推定誤差の分布を保証しない
644443,25,腕力,670,6,7,40,40,500,仮定誤差の感度。ゲーム実測との一致・推定誤差の分布を保証しない
644433,24,腕力,670,6,7,40,41,500,仮定誤差の感度。ゲーム実測との一致・推定誤差の分布を保証しない
644333,23,腕力,670,6,7,40,41,500,仮定誤差の感度。ゲーム実測との一致・推定誤差の分布を保証しない
643333,22,腕力,670,6,7,40,41,500,仮定誤差の感度。ゲーム実測との一致・推定誤差の分布を保証しない
633333,21,腕力,670,6,7,40,41,500,仮定誤差の感度。ゲーム実測との一致・推定誤差の分布を保証しない
555555,30,腕力,645,6,7,38,39,500,仮定誤差の感度。ゲーム実測との一致・推定誤差の分布を保証しない
555554,29,腕力,650,6,7,39,39,500,仮定誤差の感度。ゲーム実測との一致・推定誤差の分布を保証しない
555553,28,腕力,650,6,7,39,39,500,仮定誤差の感度。ゲーム実測との一致・推定誤差の分布を保証しない
555544,28,腕力,655,6,7,39,40,500,仮定誤差の感度。ゲーム実測との一致・推定誤差の分布を保証しない
555543,27,腕力,655,6,7,39,40,500,仮定誤差の感度。ゲーム実測との一致・推定誤差の分布を保証しない
555533,26,腕力,655,6,7,39,39,500,仮定誤差の感度。ゲーム実測との一致・推定誤差の分布を保証しない
555444,27,腕力,660,6,7,39,40,500,仮定誤差の感度。ゲーム実測との一致・推定誤差の分布を保証しない
555443,26,腕力,660,6,7,39,40,500,仮定誤差の感度。ゲーム実測との一致・推定誤差の分布を保証しない
555433,25,腕力,660,6,7,39,40,500,仮定誤差の感度。ゲーム実測との一致・推定誤差の分布を保証しない
555333,24,腕力,660,6,7,39,40,500,仮定誤差の感度。ゲーム実測との一致・推定誤差の分布を保証しない
554444,26,腕力,665,6,7,39,40,500,仮定誤差の感度。ゲーム実測との一致・推定誤差の分布を保証しない
554443,25,腕力,665,6,7,40,40,500,仮定誤差の感度。ゲーム実測との一致・推定誤差の分布を保証しない
554433,24,腕力,665,6,7,40,40,500,仮定誤差の感度。ゲーム実測との一致・推定誤差の分布を保証しない
554333,23,腕力,665,6,7,40,40,500,仮定誤差の感度。ゲーム実測との一致・推定誤差の分布を保証しない
553333,22,腕力,665,6,7,39,40,500,仮定誤差の感度。ゲーム実測との一致・推定誤差の分布を保証しない
544444,25,腕力,670,6,7,40,41,500,仮定誤差の感度。ゲーム実測との一致・推定誤差の分布を保証しない
544443,24,腕力,670,6,7,40,41,500,仮定誤差の感度。ゲーム実測との一致・推定誤差の分布を保証しない
544433,23,腕力,670,6,7,40,41,500,仮定誤差の感度。ゲーム実測との一致・推定誤差の分布を保証しない
544333,22,腕力,670,6,7,40,41,500,仮定誤差の感度。ゲーム実測との一致・推定誤差の分布を保証しない
543333,21,腕力,670,6,7,40,40,500,仮定誤差の感度。ゲーム実測との一致・推定誤差の分布を保証しない
533333,20,腕力,670,6,7,40,41,500,仮定誤差の感度。ゲーム実測との一致・推定誤差の分布を保証しない
444444,24,腕力,675,6,7,40,41,500,仮定誤差の感度。ゲーム実測との一致・推定誤差の分布を保証しない
444443,23,腕力,675,6,7,40,41,500,仮定誤差の感度。ゲーム実測との一致・推定誤差の分布を保証しない
444433,22,腕力,675,6,7,40,41,500,仮定誤差の感度。ゲーム実測との一致・推定誤差の分布を保証しない
444333,21,腕力,675,6,7,40,41,500,仮定誤差の感度。ゲーム実測との一致・推定誤差の分布を保証しない
443333,20,腕力,675,6,7,40,41,500,仮定誤差の感度。ゲーム実測との一致・推定誤差の分布を保証しない
433333,19,腕力,675,6,7,40,41,500,仮定誤差の感度。ゲーム実測との一致・推定誤差の分布を保証しない
333333,18,腕力,675,6,7,40,41,500,仮定誤差の感度。ゲーム実測との一致・推定誤差の分布を保証しない
887333,32,耐久力,635,6,7,38,38,500,仮定誤差の感度。ゲーム実測との一致・推定誤差の分布を保証しない
886433,32,耐久力,640,6,7,38,39,500,仮定誤差の感度。ゲーム実測との一致・推定誤差の分布を保証しない
886333,31,耐久力,640,6,7,38,39,500,仮定誤差の感度。ゲーム実測との一致・推定誤差の分布を保証しない
885533,32,耐久力,635,6,7,38,38,500,仮定誤差の感度。ゲーム実測との一致・推定誤差の分布を保証しない
885443,32,耐久力,640,6,7,38,39,500,仮定誤差の感度。ゲーム実測との一致・推定誤差の分布を保証しない
885433,31,耐久力,640,6,7,38,39,500,仮定誤差の感度。ゲーム実測との一致・推定誤差の分布を保証しない
885333,30,耐久力,640,6,7,38,39,500,仮定誤差の感度。ゲーム実測との一致・推定誤差の分布を保証しない
884444,32,耐久力,645,6,7,38,39,500,仮定誤差の感度。ゲーム実測との一致・推定誤差の分布を保証しない
884443,31,耐久力,645,6,7,38,39,500,仮定誤差の感度。ゲーム実測との一致・推定誤差の分布を保証しない
884433,30,耐久力,645,6,7,39,39,500,仮定誤差の感度。ゲーム実測との一致・推定誤差の分布を保証しない
884333,29,耐久力,645,6,7,38,39,500,仮定誤差の感度。ゲーム実測との一致・推定誤差の分布を保証しない
883333,28,耐久力,645,6,7,38,39,500,仮定誤差の感度。ゲーム実測との一致・推定誤差の分布を保証しない
877433,32,耐久力,640,6,7,38,39,500,仮定誤差の感度。ゲーム実測との一致・推定誤差の分布を保証しない
877333,31,耐久力,640,6,7,38,39,500,仮定誤差の感度。ゲーム実測との一致・推定誤差の分布を保証しない
876533,32,耐久力,640,6,7,38,39,500,仮定誤差の感度。ゲーム実測との一致・推定誤差の分布を保証しない
876443,32,耐久力,645,6,7,39,39,500,仮定誤差の感度。ゲーム実測との一致・推定誤差の分布を保証しない
876433,31,耐久力,645,6,7,38,39,500,仮定誤差の感度。ゲーム実測との一致・推定誤差の分布を保証しない
876333,30,耐久力,645,6,7,39,39,500,仮定誤差の感度。ゲーム実測との一致・推定誤差の分布を保証しない
875543,32,耐久力,640,6,7,38,39,500,仮定誤差の感度。ゲーム実測との一致・推定誤差の分布を保証しない
875533,31,耐久力,640,6,7,38,39,500,仮定誤差の感度。ゲーム実測との一致・推定誤差の分布を保証しない
875444,32,耐久力,645,6,7,38,39,500,仮定誤差の感度。ゲーム実測との一致・推定誤差の分布を保証しない
875443,31,耐久力,645,6,7,38,39,500,仮定誤差の感度。ゲーム実測との一致・推定誤差の分布を保証しない
875433,30,耐久力,645,6,7,38,39,500,仮定誤差の感度。ゲーム実測との一致・推定誤差の分布を保証しない
875333,29,耐久力,645,6,7,38,39,500,仮定誤差の感度。ゲーム実測との一致・推定誤差の分布を保証しない
874444,31,耐久力,650,6,7,39,39,500,仮定誤差の感度。ゲーム実測との一致・推定誤差の分布を保証しない
874443,30,耐久力,650,6,7,39,39,500,仮定誤差の感度。ゲーム実測との一致・推定誤差の分布を保証しない
874433,29,耐久力,650,6,7,39,39,500,仮定誤差の感度。ゲーム実測との一致・推定誤差の分布を保証しない
874333,28,耐久力,650,6,7,39,39,500,仮定誤差の感度。ゲーム実測との一致・推定誤差の分布を保証しない
873333,27,耐久力,650,6,7,39,39,500,仮定誤差の感度。ゲーム実測との一致・推定誤差の分布を保証しない
866633,32,耐久力,645,6,7,38,39,500,仮定誤差の感度。ゲーム実測との一致・推定誤差の分布を保証しない
866543,32,耐久力,645,6,7,38,39,500,仮定誤差の感度。ゲーム実測との一致・推定誤差の分布を保証しない
866533,31,耐久力,645,6,7,38,39,500,仮定誤差の感度。ゲーム実測との一致・推定誤差の分布を保証しない
866444,32,耐久力,650,6,7,39,39,500,仮定誤差の感度。ゲーム実測との一致・推定誤差の分布を保証しない
866443,31,耐久力,650,6,7,39,39,500,仮定誤差の感度。ゲーム実測との一致・推定誤差の分布を保証しない
866433,30,耐久力,650,6,7,39,39,500,仮定誤差の感度。ゲーム実測との一致・推定誤差の分布を保証しない
866333,29,耐久力,650,6,7,39,39,500,仮定誤差の感度。ゲーム実測との一致・推定誤差の分布を保証しない
865553,32,耐久力,640,6,7,38,39,500,仮定誤差の感度。ゲーム実測との一致・推定誤差の分布を保証しない
865544,32,耐久力,645,6,7,38,39,500,仮定誤差の感度。ゲーム実測との一致・推定誤差の分布を保証しない
865543,31,耐久力,645,6,7,38,39,500,仮定誤差の感度。ゲーム実測との一致・推定誤差の分布を保証しない
865533,30,耐久力,645,6,7,38,39,500,仮定誤差の感度。ゲーム実測との一致・推定誤差の分布を保証しない
865444,31,耐久力,650,6,7,39,39,500,仮定誤差の感度。ゲーム実測との一致・推定誤差の分布を保証しない
865443,30,耐久力,650,6,7,39,39,500,仮定誤差の感度。ゲーム実測との一致・推定誤差の分布を保証しない
865433,29,耐久力,650,6,7,39,39,500,仮定誤差の感度。ゲーム実測との一致・推定誤差の分布を保証しない
865333,28,耐久力,650,6,7,39,39,500,仮定誤差の感度。ゲーム実測との一致・推定誤差の分布を保証しない
864444,30,耐久力,655,6,7,39,40,500,仮定誤差の感度。ゲーム実測との一致・推定誤差の分布を保証しない
864443,29,耐久力,655,6,7,39,40,500,仮定誤差の感度。ゲーム実測との一致・推定誤差の分布を保証しない
864433,28,耐久力,655,6,7,39,39,500,仮定誤差の感度。ゲーム実測との一致・推定誤差の分布を保証しない
864333,27,耐久力,655,6,7,39,40,500,仮定誤差の感度。ゲーム実測との一致・推定誤差の分布を保証しない
863333,26,耐久力,655,6,7,39,40,500,仮定誤差の感度。ゲーム実測との一致・推定誤差の分布を保証しない
855554,32,耐久力,640,6,7,38,39,500,仮定誤差の感度。ゲーム実測との一致・推定誤差の分布を保証しない
855553,31,耐久力,640,6,7,38,39,500,仮定誤差の感度。ゲーム実測との一致・推定誤差の分布を保証しない
855544,31,耐久力,645,6,7,38,39,500,仮定誤差の感度。ゲーム実測との一致・推定誤差の分布を保証しない
855543,30,耐久力,645,6,7,38,39,500,仮定誤差の感度。ゲーム実測との一致・推定誤差の分布を保証しない
855533,29,耐久力,645,6,7,38,39,500,仮定誤差の感度。ゲーム実測との一致・推定誤差の分布を保証しない
855444,30,耐久力,650,6,7,39,39,500,仮定誤差の感度。ゲーム実測との一致・推定誤差の分布を保証しない
855443,29,耐久力,650,6,7,39,39,500,仮定誤差の感度。ゲーム実測との一致・推定誤差の分布を保証しない
855433,28,耐久力,650,6,7,39,39,500,仮定誤差の感度。ゲーム実測との一致・推定誤差の分布を保証しない
855333,27,耐久力,650,6,7,39,39,500,仮定誤差の感度。ゲーム実測との一致・推定誤差の分布を保証しない
854444,29,耐久力,655,6,7,39,39,500,仮定誤差の感度。ゲーム実測との一致・推定誤差の分布を保証しない
854443,28,耐久力,655,6,7,39,40,500,仮定誤差の感度。ゲーム実測との一致・推定誤差の分布を保証しない
854433,27,耐久力,655,6,7,39,40,500,仮定誤差の感度。ゲーム実測との一致・推定誤差の分布を保証しない
854333,26,耐久力,655,6,7,39,40,500,仮定誤差の感度。ゲーム実測との一致・推定誤差の分布を保証しない
853333,25,耐久力,655,6,7,39,39,500,仮定誤差の感度。ゲーム実測との一致・推定誤差の分布を保証しない
844444,28,耐久力,660,6,7,39,40,500,仮定誤差の感度。ゲーム実測との一致・推定誤差の分布を保証しない
844443,27,耐久力,660,6,7,39,40,500,仮定誤差の感度。ゲーム実測との一致・推定誤差の分布を保証しない
844433,26,耐久力,660,6,7,39,40,500,仮定誤差の感度。ゲーム実測との一致・推定誤差の分布を保証しない
844333,25,耐久力,660,6,7,39,40,500,仮定誤差の感度。ゲーム実測との一致・推定誤差の分布を保証しない
843333,24,耐久力,660,6,7,39,40,500,仮定誤差の感度。ゲーム実測との一致・推定誤差の分布を保証しない
833333,23,耐久力,660,6,7,39,40,500,仮定誤差の感度。ゲーム実測との一致・推定誤差の分布を保証しない
777533,32,耐久力,640,6,7,38,39,500,仮定誤差の感度。ゲーム実測との一致・推定誤差の分布を保証しない
777443,32,耐久力,645,6,7,38,39,500,仮定誤差の感度。ゲーム実測との一致・推定誤差の分布を保証しない
777433,31,耐久力,645,6,7,39,39,500,仮定誤差の感度。ゲーム実測との一致・推定誤差の分布を保証しない
777333,30,耐久力,645,6,7,38,39,500,仮定誤差の感度。ゲーム実測との一致・推定誤差の分布を保証しない
776633,32,耐久力,645,6,7,38,39,500,仮定誤差の感度。ゲーム実測との一致・推定誤差の分布を保証しない
776543,32,耐久力,645,6,7,38,39,500,仮定誤差の感度。ゲーム実測との一致・推定誤差の分布を保証しない
776533,31,耐久力,645,6,7,38,39,500,仮定誤差の感度。ゲーム実測との一致・推定誤差の分布を保証しない
776444,32,耐久力,650,6,7,39,39,500,仮定誤差の感度。ゲーム実測との一致・推定誤差の分布を保証しない
776443,31,耐久力,650,6,7,39,39,500,仮定誤差の感度。ゲーム実測との一致・推定誤差の分布を保証しない
776433,30,耐久力,650,6,7,39,39,500,仮定誤差の感度。ゲーム実測との一致・推定誤差の分布を保証しない
776333,29,耐久力,650,6,7,39,39,500,仮定誤差の感度。ゲーム実測との一致・推定誤差の分布を保証しない
775553,32,耐久力,640,6,7,38,39,500,仮定誤差の感度。ゲーム実測との一致・推定誤差の分布を保証しない
775544,32,耐久力,645,6,7,38,39,500,仮定誤差の感度。ゲーム実測との一致・推定誤差の分布を保証しない
775543,31,耐久力,645,6,7,38,39,500,仮定誤差の感度。ゲーム実測との一致・推定誤差の分布を保証しない
775533,30,耐久力,645,6,7,38,39,500,仮定誤差の感度。ゲーム実測との一致・推定誤差の分布を保証しない
775444,31,耐久力,650,6,7,39,39,500,仮定誤差の感度。ゲーム実測との一致・推定誤差の分布を保証しない
775443,30,耐久力,650,6,7,39,39,500,仮定誤差の感度。ゲーム実測との一致・推定誤差の分布を保証しない
775433,29,耐久力,650,6,7,39,39,500,仮定誤差の感度。ゲーム実測との一致・推定誤差の分布を保証しない
775333,28,耐久力,650,6,7,39,39,500,仮定誤差の感度。ゲーム実測との一致・推定誤差の分布を保証しない
774444,30,耐久力,655,6,7,39,40,500,仮定誤差の感度。ゲーム実測との一致・推定誤差の分布を保証しない
774443,29,耐久力,655,6,7,39,39,500,仮定誤差の感度。ゲーム実測との一致・推定誤差の分布を保証しない
774433,28,耐久力,655,6,7,39,40,500,仮定誤差の感度。ゲーム実測との一致・推定誤差の分布を保証しない
774333,27,耐久力,655,6,7,39,40,500,仮定誤差の感度。ゲーム実測との一致・推定誤差の分布を保証しない
773333,26,耐久力,655,6,7,39,40,500,仮定誤差の感度。ゲーム実測との一致・推定誤差の分布を保証しない
766643,32,耐久力,650,6,7,39,39,500,仮定誤差の感度。ゲーム実測との一致・推定誤差の分布を保証しない
766633,31,耐久力,650,6,7,39,39,500,仮定誤差の感度。ゲーム実測との一致・推定誤差の分布を保証しない
766553,32,耐久力,645,6,7,38,39,500,仮定誤差の感度。ゲーム実測との一致・推定誤差の分布を保証しない
766544,32,耐久力,650,6,7,39,39,500,仮定誤差の感度。ゲーム実測との一致・推定誤差の分布を保証しない
766543,31,耐久力,650,6,7,39,39,500,仮定誤差の感度。ゲーム実測との一致・推定誤差の分布を保証しない
766533,30,耐久力,650,6,7,39,39,500,仮定誤差の感度。ゲーム実測との一致・推定誤差の分布を保証しない
766444,31,耐久力,655,6,7,39,40,500,仮定誤差の感度。ゲーム実測との一致・推定誤差の分布を保証しない
766443,30,耐久力,655,6,7,39,40,500,仮定誤差の感度。ゲーム実測との一致・推定誤差の分布を保証しない
766433,29,耐久力,655,6,7,39,40,500,仮定誤差の感度。ゲーム実測との一致・推定誤差の分布を保証しない
766333,28,耐久力,655,6,7,39,40,500,仮定誤差の感度。ゲーム実測との一致・推定誤差の分布を保証しない
765554,32,耐久力,645,6,7,38,39,500,仮定誤差の感度。ゲーム実測との一致・推定誤差の分布を保証しない
765553,31,耐久力,645,6,7,38,39,500,仮定誤差の感度。ゲーム実測との一致・推定誤差の分布を保証しない
765544,31,耐久力,650,6,7,39,39,500,仮定誤差の感度。ゲーム実測との一致・推定誤差の分布を保証しない
765543,30,耐久力,650,6,7,39,39,500,仮定誤差の感度。ゲーム実測との一致・推定誤差の分布を保証しない
765533,29,耐久力,650,6,7,39,39,500,仮定誤差の感度。ゲーム実測との一致・推定誤差の分布を保証しない
765444,30,耐久力,655,6,7,39,40,500,仮定誤差の感度。ゲーム実測との一致・推定誤差の分布を保証しない
765443,29,耐久力,655,6,7,39,40,500,仮定誤差の感度。ゲーム実測との一致・推定誤差の分布を保証しない
765433,28,耐久力,655,6,7,39,40,500,仮定誤差の感度。ゲーム実測との一致・推定誤差の分布を保証しない
765333,27,耐久力,655,6,7,39,39,500,仮定誤差の感度。ゲーム実測との一致・推定誤差の分布を保証しない
764444,29,耐久力,660,6,7,39,40,500,仮定誤差の感度。ゲーム実測との一致・推定誤差の分布を保証しない
764443,28,耐久力,660,6,7,39,40,500,仮定誤差の感度。ゲーム実測との一致・推定誤差の分布を保証しない
764433,27,耐久力,660,6,7,39,40,500,仮定誤差の感度。ゲーム実測との一致・推定誤差の分布を保証しない
764333,26,耐久力,660,6,7,39,40,500,仮定誤差の感度。ゲーム実測との一致・推定誤差の分布を保証しない
763333,25,耐久力,660,6,7,39,40,500,仮定誤差の感度。ゲーム実測との一致・推定誤差の分布を保証しない
755555,32,耐久力,640,6,7,38,39,500,仮定誤差の感度。ゲーム実測との一致・推定誤差の分布を保証しない
755554,31,耐久力,645,6,7,38,39,500,仮定誤差の感度。ゲーム実測との一致・推定誤差の分布を保証しない
755553,30,耐久力,645,6,7,38,39,500,仮定誤差の感度。ゲーム実測との一致・推定誤差の分布を保証しない
755544,30,耐久力,650,6,7,39,39,500,仮定誤差の感度。ゲーム実測との一致・推定誤差の分布を保証しない
755543,29,耐久力,650,6,7,39,39,500,仮定誤差の感度。ゲーム実測との一致・推定誤差の分布を保証しない
755533,28,耐久力,650,6,7,39,39,500,仮定誤差の感度。ゲーム実測との一致・推定誤差の分布を保証しない
755444,29,耐久力,655,6,7,39,40,500,仮定誤差の感度。ゲーム実測との一致・推定誤差の分布を保証しない
755443,28,耐久力,655,6,7,39,40,500,仮定誤差の感度。ゲーム実測との一致・推定誤差の分布を保証しない
755433,27,耐久力,655,6,7,39,40,500,仮定誤差の感度。ゲーム実測との一致・推定誤差の分布を保証しない
755333,26,耐久力,655,6,7,39,39,500,仮定誤差の感度。ゲーム実測との一致・推定誤差の分布を保証しない
754444,28,耐久力,660,6,7,39,40,500,仮定誤差の感度。ゲーム実測との一致・推定誤差の分布を保証しない
754443,27,耐久力,660,6,7,39,40,500,仮定誤差の感度。ゲーム実測との一致・推定誤差の分布を保証しない
754433,26,耐久力,660,6,7,39,40,500,仮定誤差の感度。ゲーム実測との一致・推定誤差の分布を保証しない
754333,25,耐久力,660,6,7,39,40,500,仮定誤差の感度。ゲーム実測との一致・推定誤差の分布を保証しない
753333,24,耐久力,660,6,7,39,40,500,仮定誤差の感度。ゲーム実測との一致・推定誤差の分布を保証しない
744444,27,耐久力,665,6,7,40,40,500,仮定誤差の感度。ゲーム実測との一致・推定誤差の分布を保証しない
744443,26,耐久力,665,6,7,40,40,500,仮定誤差の感度。ゲーム実測との一致・推定誤差の分布を保証しない
744433,25,耐久力,665,6,7,39,40,500,仮定誤差の感度。ゲーム実測との一致・推定誤差の分布を保証しない
744333,24,耐久力,665,6,7,40,40,500,仮定誤差の感度。ゲーム実測との一致・推定誤差の分布を保証しない
743333,23,耐久力,665,6,7,40,40,500,仮定誤差の感度。ゲーム実測との一致・推定誤差の分布を保証しない
733333,22,耐久力,665,6,7,39,40,500,仮定誤差の感度。ゲーム実測との一致・推定誤差の分布を保証しない
666653,32,耐久力,650,6,7,39,39,500,仮定誤差の感度。ゲーム実測との一致・推定誤差の分布を保証しない
666644,32,耐久力,655,6,7,39,40,500,仮定誤差の感度。ゲーム実測との一致・推定誤差の分布を保証しない
666643,31,耐久力,655,6,7,39,40,500,仮定誤差の感度。ゲーム実測との一致・推定誤差の分布を保証しない
666633,30,耐久力,655,6,7,39,40,500,仮定誤差の感度。ゲーム実測との一致・推定誤差の分布を保証しない
666554,32,耐久力,650,6,7,39,39,500,仮定誤差の感度。ゲーム実測との一致・推定誤差の分布を保証しない
666553,31,耐久力,650,6,7,39,39,500,仮定誤差の感度。ゲーム実測との一致・推定誤差の分布を保証しない
666544,31,耐久力,655,6,7,39,40,500,仮定誤差の感度。ゲーム実測との一致・推定誤差の分布を保証しない
666543,30,耐久力,655,6,7,39,40,500,仮定誤差の感度。ゲーム実測との一致・推定誤差の分布を保証しない
666533,29,耐久力,655,6,7,39,40,500,仮定誤差の感度。ゲーム実測との一致・推定誤差の分布を保証しない
666444,30,耐久力,660,6,7,39,40,500,仮定誤差の感度。ゲーム実測との一致・推定誤差の分布を保証しない
666443,29,耐久力,660,6,7,39,40,500,仮定誤差の感度。ゲーム実測との一致・推定誤差の分布を保証しない
666433,28,耐久力,660,6,7,39,40,500,仮定誤差の感度。ゲーム実測との一致・推定誤差の分布を保証しない
666333,27,耐久力,660,6,7,39,40,500,仮定誤差の感度。ゲーム実測との一致・推定誤差の分布を保証しない
665555,32,耐久力,645,6,7,38,39,500,仮定誤差の感度。ゲーム実測との一致・推定誤差の分布を保証しない
665554,31,耐久力,650,6,7,39,39,500,仮定誤差の感度。ゲーム実測との一致・推定誤差の分布を保証しない
665553,30,耐久力,650,6,7,39,39,500,仮定誤差の感度。ゲーム実測との一致・推定誤差の分布を保証しない
665544,30,耐久力,655,6,7,39,40,500,仮定誤差の感度。ゲーム実測との一致・推定誤差の分布を保証しない
665543,29,耐久力,655,6,7,39,39,500,仮定誤差の感度。ゲーム実測との一致・推定誤差の分布を保証しない
665533,28,耐久力,655,6,7,39,40,500,仮定誤差の感度。ゲーム実測との一致・推定誤差の分布を保証しない
665444,29,耐久力,660,6,7,39,40,500,仮定誤差の感度。ゲーム実測との一致・推定誤差の分布を保証しない
665443,28,耐久力,660,6,7,39,40,500,仮定誤差の感度。ゲーム実測との一致・推定誤差の分布を保証しない
665433,27,耐久力,660,6,7,39,40,500,仮定誤差の感度。ゲーム実測との一致・推定誤差の分布を保証しない
665333,26,耐久力,660,6,7,39,40,500,仮定誤差の感度。ゲーム実測との一致・推定誤差の分布を保証しない
664444,28,耐久力,665,6,7,39,40,500,仮定誤差の感度。ゲーム実測との一致・推定誤差の分布を保証しない
664443,27,耐久力,665,6,7,40,40,500,仮定誤差の感度。ゲーム実測との一致・推定誤差の分布を保証しない
664433,26,耐久力,665,6,7,40,40,500,仮定誤差の感度。ゲーム実測との一致・推定誤差の分布を保証しない
664333,25,耐久力,665,6,7,39,40,500,仮定誤差の感度。ゲーム実測との一致・推定誤差の分布を保証しない
663333,24,耐久力,665,6,7,40,40,500,仮定誤差の感度。ゲーム実測との一致・推定誤差の分布を保証しない
655555,31,耐久力,645,6,7,38,39,500,仮定誤差の感度。ゲーム実測との一致・推定誤差の分布を保証しない
655554,30,耐久力,650,6,7,39,39,500,仮定誤差の感度。ゲーム実測との一致・推定誤差の分布を保証しない
655553,29,耐久力,650,6,7,39,39,500,仮定誤差の感度。ゲーム実測との一致・推定誤差の分布を保証しない
655544,29,耐久力,655,6,7,39,40,500,仮定誤差の感度。ゲーム実測との一致・推定誤差の分布を保証しない
655543,28,耐久力,655,6,7,39,40,500,仮定誤差の感度。ゲーム実測との一致・推定誤差の分布を保証しない
655533,27,耐久力,655,6,7,39,40,500,仮定誤差の感度。ゲーム実測との一致・推定誤差の分布を保証しない
655444,28,耐久力,660,6,7,39,40,500,仮定誤差の感度。ゲーム実測との一致・推定誤差の分布を保証しない
655443,27,耐久力,660,6,7,39,40,500,仮定誤差の感度。ゲーム実測との一致・推定誤差の分布を保証しない
655433,26,耐久力,660,6,7,39,40,500,仮定誤差の感度。ゲーム実測との一致・推定誤差の分布を保証しない
655333,25,耐久力,660,6,7,39,40,500,仮定誤差の感度。ゲーム実測との一致・推定誤差の分布を保証しない
654444,27,耐久力,665,6,7,40,40,500,仮定誤差の感度。ゲーム実測との一致・推定誤差の分布を保証しない
654443,26,耐久力,665,6,7,40,40,500,仮定誤差の感度。ゲーム実測との一致・推定誤差の分布を保証しない
654433,25,耐久力,665,6,7,39,40,500,仮定誤差の感度。ゲーム実測との一致・推定誤差の分布を保証しない
654333,24,耐久力,665,6,7,39,40,500,仮定誤差の感度。ゲーム実測との一致・推定誤差の分布を保証しない
653333,23,耐久力,665,6,7,40,40,500,仮定誤差の感度。ゲーム実測との一致・推定誤差の分布を保証しない
644444,26,耐久力,670,6,7,40,41,500,仮定誤差の感度。ゲーム実測との一致・推定誤差の分布を保証しない
644443,25,耐久力,670,6,7,40,41,500,仮定誤差の感度。ゲーム実測との一致・推定誤差の分布を保証しない
644433,24,耐久力,670,6,7,40,41,500,仮定誤差の感度。ゲーム実測との一致・推定誤差の分布を保証しない
644333,23,耐久力,670,6,7,40,40,500,仮定誤差の感度。ゲーム実測との一致・推定誤差の分布を保証しない
643333,22,耐久力,670,6,7,40,41,500,仮定誤差の感度。ゲーム実測との一致・推定誤差の分布を保証しない
633333,21,耐久力,670,6,7,40,41,500,仮定誤差の感度。ゲーム実測との一致・推定誤差の分布を保証しない
555555,30,耐久力,645,6,7,38,39,500,仮定誤差の感度。ゲーム実測との一致・推定誤差の分布を保証しない
555554,29,耐久力,650,6,7,39,39,500,仮定誤差の感度。ゲーム実測との一致・推定誤差の分布を保証しない
555553,28,耐久力,650,6,7,39,39,500,仮定誤差の感度。ゲーム実測との一致・推定誤差の分布を保証しない
555544,28,耐久力,655,6,7,39,40,500,仮定誤差の感度。ゲーム実測との一致・推定誤差の分布を保証しない
555543,27,耐久力,655,6,7,39,39,500,仮定誤差の感度。ゲーム実測との一致・推定誤差の分布を保証しない
555533,26,耐久力,655,6,7,39,40,500,仮定誤差の感度。ゲーム実測との一致・推定誤差の分布を保証しない
555444,27,耐久力,660,6,7,39,40,500,仮定誤差の感度。ゲーム実測との一致・推定誤差の分布を保証しない
555443,26,耐久力,660,6,7,39,40,500,仮定誤差の感度。ゲーム実測との一致・推定誤差の分布を保証しない
555433,25,耐久力,660,6,7,39,40,500,仮定誤差の感度。ゲーム実測との一致・推定誤差の分布を保証しない
555333,24,耐久力,660,6,7,39,40,500,仮定誤差の感度。ゲーム実測との一致・推定誤差の分布を保証しない
554444,26,耐久力,665,6,7,39,40,500,仮定誤差の感度。ゲーム実測との一致・推定誤差の分布を保証しない
554443,25,耐久力,665,6,7,39,40,500,仮定誤差の感度。ゲーム実測との一致・推定誤差の分布を保証しない
554433,24,耐久力,665,6,7,40,40,500,仮定誤差の感度。ゲーム実測との一致・推定誤差の分布を保証しない
554333,23,耐久力,665,6,7,40,40,500,仮定誤差の感度。ゲーム実測との一致・推定誤差の分布を保証しない
553333,22,耐久力,665,6,7,39,40,500,仮定誤差の感度。ゲーム実測との一致・推定誤差の分布を保証しない
544444,25,耐久力,670,6,7,40,41,500,仮定誤差の感度。ゲーム実測との一致・推定誤差の分布を保証しない
544443,24,耐久力,670,6,7,40,41,500,仮定誤差の感度。ゲーム実測との一致・推定誤差の分布を保証しない
544433,23,耐久力,670,6,7,40,41,500,仮定誤差の感度。ゲーム実測との一致・推定誤差の分布を保証しない
544333,22,耐久力,670,6,7,40,41,500,仮定誤差の感度。ゲーム実測との一致・推定誤差の分布を保証しない
543333,21,耐久力,670,6,7,40,41,500,仮定誤差の感度。ゲーム実測との一致・推定誤差の分布を保証しない
533333,20,耐久力,670,6,7,40,41,500,仮定誤差の感度。ゲーム実測との一致・推定誤差の分布を保証しない
444444,24,耐久力,675,6,7,40,41,500,仮定誤差の感度。ゲーム実測との一致・推定誤差の分布を保証しない
444443,23,耐久力,675,6,7,40,41,500,仮定誤差の感度。ゲーム実測との一致・推定誤差の分布を保証しない
444433,22,耐久力,675,6,7,40,41,500,仮定誤差の感度。ゲーム実測との一致・推定誤差の分布を保証しない
444333,21,耐久力,675,6,7,40,41,500,仮定誤差の感度。ゲーム実測との一致・推定誤差の分布を保証しない
443333,20,耐久力,675,6,7,40,41,500,仮定誤差の感度。ゲーム実測との一致・推定誤差の分布を保証しない
433333,19,耐久力,675,6,7,40,41,500,仮定誤差の感度。ゲーム実測との一致・推定誤差の分布を保証しない
333333,18,耐久力,675,6,7,40,41,500,仮定誤差の感度。ゲーム実測との一致・推定誤差の分布を保証しない
887333,32,器用さ,640,6,7,38,39,500,仮定誤差の感度。ゲーム実測との一致・推定誤差の分布を保証しない
886433,32,器用さ,645,6,7,38,39,500,仮定誤差の感度。ゲーム実測との一致・推定誤差の分布を保証しない
886333,31,器用さ,645,6,7,39,39,500,仮定誤差の感度。ゲーム実測との一致・推定誤差の分布を保証しない
885533,32,器用さ,640,6,7,38,39,500,仮定誤差の感度。ゲーム実測との一致・推定誤差の分布を保証しない
885443,32,器用さ,645,6,7,38,39,500,仮定誤差の感度。ゲーム実測との一致・推定誤差の分布を保証しない
885433,31,器用さ,645,6,7,39,39,500,仮定誤差の感度。ゲーム実測との一致・推定誤差の分布を保証しない
885333,30,器用さ,645,6,7,38,39,500,仮定誤差の感度。ゲーム実測との一致・推定誤差の分布を保証しない
884444,32,器用さ,650,6,7,39,39,500,仮定誤差の感度。ゲーム実測との一致・推定誤差の分布を保証しない
884443,31,器用さ,650,6,7,39,39,500,仮定誤差の感度。ゲーム実測との一致・推定誤差の分布を保証しない
884433,30,器用さ,650,6,7,39,39,500,仮定誤差の感度。ゲーム実測との一致・推定誤差の分布を保証しない
884333,29,器用さ,650,6,7,39,39,500,仮定誤差の感度。ゲーム実測との一致・推定誤差の分布を保証しない
883333,28,器用さ,650,6,7,39,39,500,仮定誤差の感度。ゲーム実測との一致・推定誤差の分布を保証しない
877433,32,器用さ,645,6,7,38,39,500,仮定誤差の感度。ゲーム実測との一致・推定誤差の分布を保証しない
877333,31,器用さ,645,6,7,38,39,500,仮定誤差の感度。ゲーム実測との一致・推定誤差の分布を保証しない
876533,32,器用さ,645,6,7,38,39,500,仮定誤差の感度。ゲーム実測との一致・推定誤差の分布を保証しない
876443,32,器用さ,650,6,7,39,39,500,仮定誤差の感度。ゲーム実測との一致・推定誤差の分布を保証しない
876433,31,器用さ,650,6,7,39,39,500,仮定誤差の感度。ゲーム実測との一致・推定誤差の分布を保証しない
876333,30,器用さ,650,6,7,39,39,500,仮定誤差の感度。ゲーム実測との一致・推定誤差の分布を保証しない
875543,32,器用さ,645,6,7,38,39,500,仮定誤差の感度。ゲーム実測との一致・推定誤差の分布を保証しない
875533,31,器用さ,645,6,7,38,39,500,仮定誤差の感度。ゲーム実測との一致・推定誤差の分布を保証しない
875444,32,器用さ,650,6,7,39,39,500,仮定誤差の感度。ゲーム実測との一致・推定誤差の分布を保証しない
875443,31,器用さ,650,6,7,39,39,500,仮定誤差の感度。ゲーム実測との一致・推定誤差の分布を保証しない
875433,30,器用さ,650,6,7,39,39,500,仮定誤差の感度。ゲーム実測との一致・推定誤差の分布を保証しない
875333,29,器用さ,650,6,7,39,39,500,仮定誤差の感度。ゲーム実測との一致・推定誤差の分布を保証しない
874444,31,器用さ,655,6,7,39,40,500,仮定誤差の感度。ゲーム実測との一致・推定誤差の分布を保証しない
874443,30,器用さ,655,6,7,39,40,500,仮定誤差の感度。ゲーム実測との一致・推定誤差の分布を保証しない
874433,29,器用さ,655,6,7,39,40,500,仮定誤差の感度。ゲーム実測との一致・推定誤差の分布を保証しない
874333,28,器用さ,655,6,7,39,40,500,仮定誤差の感度。ゲーム実測との一致・推定誤差の分布を保証しない
873333,27,器用さ,655,6,7,39,40,500,仮定誤差の感度。ゲーム実測との一致・推定誤差の分布を保証しない
866633,32,器用さ,650,6,7,39,39,500,仮定誤差の感度。ゲーム実測との一致・推定誤差の分布を保証しない
866543,32,器用さ,650,6,7,39,39,500,仮定誤差の感度。ゲーム実測との一致・推定誤差の分布を保証しない
866533,31,器用さ,650,6,7,39,39,500,仮定誤差の感度。ゲーム実測との一致・推定誤差の分布を保証しない
866444,32,器用さ,655,6,7,39,40,500,仮定誤差の感度。ゲーム実測との一致・推定誤差の分布を保証しない
866443,31,器用さ,655,6,7,39,40,500,仮定誤差の感度。ゲーム実測との一致・推定誤差の分布を保証しない
866433,30,器用さ,655,6,7,39,40,500,仮定誤差の感度。ゲーム実測との一致・推定誤差の分布を保証しない
866333,29,器用さ,655,6,7,39,40,500,仮定誤差の感度。ゲーム実測との一致・推定誤差の分布を保証しない
865553,32,器用さ,645,6,7,38,39,500,仮定誤差の感度。ゲーム実測との一致・推定誤差の分布を保証しない
865544,32,器用さ,650,6,7,39,39,500,仮定誤差の感度。ゲーム実測との一致・推定誤差の分布を保証しない
865543,31,器用さ,650,6,7,39,39,500,仮定誤差の感度。ゲーム実測との一致・推定誤差の分布を保証しない
865533,30,器用さ,650,6,7,39,39,500,仮定誤差の感度。ゲーム実測との一致・推定誤差の分布を保証しない
865444,31,器用さ,655,6,7,39,40,500,仮定誤差の感度。ゲーム実測との一致・推定誤差の分布を保証しない
865443,30,器用さ,655,6,7,39,40,500,仮定誤差の感度。ゲーム実測との一致・推定誤差の分布を保証しない
865433,29,器用さ,655,6,7,39,40,500,仮定誤差の感度。ゲーム実測との一致・推定誤差の分布を保証しない
865333,28,器用さ,655,6,7,39,39,500,仮定誤差の感度。ゲーム実測との一致・推定誤差の分布を保証しない
864444,30,器用さ,660,6,7,39,40,500,仮定誤差の感度。ゲーム実測との一致・推定誤差の分布を保証しない
864443,29,器用さ,660,6,7,39,40,500,仮定誤差の感度。ゲーム実測との一致・推定誤差の分布を保証しない
864433,28,器用さ,660,6,7,39,40,500,仮定誤差の感度。ゲーム実測との一致・推定誤差の分布を保証しない
864333,27,器用さ,660,6,7,39,40,500,仮定誤差の感度。ゲーム実測との一致・推定誤差の分布を保証しない
863333,26,器用さ,660,6,7,39,40,500,仮定誤差の感度。ゲーム実測との一致・推定誤差の分布を保証しない
855554,32,器用さ,645,6,7,38,39,500,仮定誤差の感度。ゲーム実測との一致・推定誤差の分布を保証しない
855553,31,器用さ,645,6,7,39,39,500,仮定誤差の感度。ゲーム実測との一致・推定誤差の分布を保証しない
855544,31,器用さ,650,6,7,39,39,500,仮定誤差の感度。ゲーム実測との一致・推定誤差の分布を保証しない
855543,30,器用さ,650,6,7,39,39,500,仮定誤差の感度。ゲーム実測との一致・推定誤差の分布を保証しない
855533,29,器用さ,650,6,7,39,39,500,仮定誤差の感度。ゲーム実測との一致・推定誤差の分布を保証しない
855444,30,器用さ,655,6,7,39,40,500,仮定誤差の感度。ゲーム実測との一致・推定誤差の分布を保証しない
855443,29,器用さ,655,6,7,39,40,500,仮定誤差の感度。ゲーム実測との一致・推定誤差の分布を保証しない
855433,28,器用さ,655,6,7,39,40,500,仮定誤差の感度。ゲーム実測との一致・推定誤差の分布を保証しない
855333,27,器用さ,655,6,7,39,40,500,仮定誤差の感度。ゲーム実測との一致・推定誤差の分布を保証しない
854444,29,器用さ,660,6,7,39,40,500,仮定誤差の感度。ゲーム実測との一致・推定誤差の分布を保証しない
854443,28,器用さ,660,6,7,39,40,500,仮定誤差の感度。ゲーム実測との一致・推定誤差の分布を保証しない
854433,27,器用さ,660,6,7,39,40,500,仮定誤差の感度。ゲーム実測との一致・推定誤差の分布を保証しない
854333,26,器用さ,660,6,7,39,40,500,仮定誤差の感度。ゲーム実測との一致・推定誤差の分布を保証しない
853333,25,器用さ,660,6,7,39,40,500,仮定誤差の感度。ゲーム実測との一致・推定誤差の分布を保証しない
844444,28,器用さ,665,6,7,39,40,500,仮定誤差の感度。ゲーム実測との一致・推定誤差の分布を保証しない
844443,27,器用さ,665,6,7,40,40,500,仮定誤差の感度。ゲーム実測との一致・推定誤差の分布を保証しない
844433,26,器用さ,665,6,7,40,40,500,仮定誤差の感度。ゲーム実測との一致・推定誤差の分布を保証しない
844333,25,器用さ,665,6,7,40,40,500,仮定誤差の感度。ゲーム実測との一致・推定誤差の分布を保証しない
843333,24,器用さ,665,6,7,39,40,500,仮定誤差の感度。ゲーム実測との一致・推定誤差の分布を保証しない
833333,23,器用さ,665,6,7,40,40,500,仮定誤差の感度。ゲーム実測との一致・推定誤差の分布を保証しない
777533,32,器用さ,645,6,7,39,39,500,仮定誤差の感度。ゲーム実測との一致・推定誤差の分布を保証しない
777443,32,器用さ,650,6,7,39,39,500,仮定誤差の感度。ゲーム実測との一致・推定誤差の分布を保証しない
777433,31,器用さ,650,6,7,39,39,500,仮定誤差の感度。ゲーム実測との一致・推定誤差の分布を保証しない
777333,30,器用さ,650,6,7,39,39,500,仮定誤差の感度。ゲーム実測との一致・推定誤差の分布を保証しない
776633,32,器用さ,650,6,7,39,39,500,仮定誤差の感度。ゲーム実測との一致・推定誤差の分布を保証しない
776543,32,器用さ,650,6,7,39,39,500,仮定誤差の感度。ゲーム実測との一致・推定誤差の分布を保証しない
776533,31,器用さ,650,6,7,39,39,500,仮定誤差の感度。ゲーム実測との一致・推定誤差の分布を保証しない
776444,32,器用さ,655,6,7,39,40,500,仮定誤差の感度。ゲーム実測との一致・推定誤差の分布を保証しない
776443,31,器用さ,655,6,7,39,40,500,仮定誤差の感度。ゲーム実測との一致・推定誤差の分布を保証しない
776433,30,器用さ,655,6,7,39,40,500,仮定誤差の感度。ゲーム実測との一致・推定誤差の分布を保証しない
776333,29,器用さ,655,6,7,39,39,500,仮定誤差の感度。ゲーム実測との一致・推定誤差の分布を保証しない
775553,32,器用さ,645,6,7,38,39,500,仮定誤差の感度。ゲーム実測との一致・推定誤差の分布を保証しない
775544,32,器用さ,650,6,7,39,39,500,仮定誤差の感度。ゲーム実測との一致・推定誤差の分布を保証しない
775543,31,器用さ,650,6,7,39,39,500,仮定誤差の感度。ゲーム実測との一致・推定誤差の分布を保証しない
775533,30,器用さ,650,6,7,39,39,500,仮定誤差の感度。ゲーム実測との一致・推定誤差の分布を保証しない
775444,31,器用さ,655,6,7,39,40,500,仮定誤差の感度。ゲーム実測との一致・推定誤差の分布を保証しない
775443,30,器用さ,655,6,7,39,40,500,仮定誤差の感度。ゲーム実測との一致・推定誤差の分布を保証しない
775433,29,器用さ,655,6,7,39,40,500,仮定誤差の感度。ゲーム実測との一致・推定誤差の分布を保証しない
775333,28,器用さ,655,6,7,39,40,500,仮定誤差の感度。ゲーム実測との一致・推定誤差の分布を保証しない
774444,30,器用さ,660,6,7,39,40,500,仮定誤差の感度。ゲーム実測との一致・推定誤差の分布を保証しない
774443,29,器用さ,660,6,7,39,40,500,仮定誤差の感度。ゲーム実測との一致・推定誤差の分布を保証しない
774433,28,器用さ,660,6,7,39,40,500,仮定誤差の感度。ゲーム実測との一致・推定誤差の分布を保証しない
774333,27,器用さ,660,6,7,39,40,500,仮定誤差の感度。ゲーム実測との一致・推定誤差の分布を保証しない
773333,26,器用さ,660,6,7,39,40,500,仮定誤差の感度。ゲーム実測との一致・推定誤差の分布を保証しない
766643,32,器用さ,655,6,7,39,40,500,仮定誤差の感度。ゲーム実測との一致・推定誤差の分布を保証しない
766633,31,器用さ,655,6,7,39,40,500,仮定誤差の感度。ゲーム実測との一致・推定誤差の分布を保証しない
766553,32,器用さ,650,6,7,39,39,500,仮定誤差の感度。ゲーム実測との一致・推定誤差の分布を保証しない
766544,32,器用さ,655,6,7,39,40,500,仮定誤差の感度。ゲーム実測との一致・推定誤差の分布を保証しない
766543,31,器用さ,655,6,7,39,39,500,仮定誤差の感度。ゲーム実測との一致・推定誤差の分布を保証しない
766533,30,器用さ,655,6,7,39,40,500,仮定誤差の感度。ゲーム実測との一致・推定誤差の分布を保証しない
766444,31,器用さ,660,6,7,39,40,500,仮定誤差の感度。ゲーム実測との一致・推定誤差の分布を保証しない
766443,30,器用さ,660,6,7,39,40,500,仮定誤差の感度。ゲーム実測との一致・推定誤差の分布を保証しない
766433,29,器用さ,660,6,7,39,40,500,仮定誤差の感度。ゲーム実測との一致・推定誤差の分布を保証しない
766333,28,器用さ,660,6,7,39,40,500,仮定誤差の感度。ゲーム実測との一致・推定誤差の分布を保証しない
765554,32,器用さ,650,6,7,39,39,500,仮定誤差の感度。ゲーム実測との一致・推定誤差の分布を保証しない
765553,31,器用さ,650,6,7,39,39,500,仮定誤差の感度。ゲーム実測との一致・推定誤差の分布を保証しない
765544,31,器用さ,655,6,7,39,40,500,仮定誤差の感度。ゲーム実測との一致・推定誤差の分布を保証しない
765543,30,器用さ,655,6,7,39,40,500,仮定誤差の感度。ゲーム実測との一致・推定誤差の分布を保証しない
765533,29,器用さ,655,6,7,39,40,500,仮定誤差の感度。ゲーム実測との一致・推定誤差の分布を保証しない
765444,30,器用さ,660,6,7,39,40,500,仮定誤差の感度。ゲーム実測との一致・推定誤差の分布を保証しない
765443,29,器用さ,660,6,7,39,40,500,仮定誤差の感度。ゲーム実測との一致・推定誤差の分布を保証しない
765433,28,器用さ,660,6,7,39,40,500,仮定誤差の感度。ゲーム実測との一致・推定誤差の分布を保証しない
765333,27,器用さ,660,6,7,39,40,500,仮定誤差の感度。ゲーム実測との一致・推定誤差の分布を保証しない
764444,29,器用さ,665,6,7,40,40,500,仮定誤差の感度。ゲーム実測との一致・推定誤差の分布を保証しない
764443,28,器用さ,665,6,7,40,40,500,仮定誤差の感度。ゲーム実測との一致・推定誤差の分布を保証しない
764433,27,器用さ,665,6,7,39,40,500,仮定誤差の感度。ゲーム実測との一致・推定誤差の分布を保証しない
764333,26,器用さ,665,6,7,40,40,500,仮定誤差の感度。ゲーム実測との一致・推定誤差の分布を保証しない
763333,25,器用さ,665,6,7,40,40,500,仮定誤差の感度。ゲーム実測との一致・推定誤差の分布を保証しない
755555,32,器用さ,645,6,7,38,39,500,仮定誤差の感度。ゲーム実測との一致・推定誤差の分布を保証しない
755554,31,器用さ,650,6,7,39,39,500,仮定誤差の感度。ゲーム実測との一致・推定誤差の分布を保証しない
755553,30,器用さ,650,6,7,39,39,500,仮定誤差の感度。ゲーム実測との一致・推定誤差の分布を保証しない
755544,30,器用さ,655,6,7,39,40,500,仮定誤差の感度。ゲーム実測との一致・推定誤差の分布を保証しない
755543,29,器用さ,655,6,7,39,40,500,仮定誤差の感度。ゲーム実測との一致・推定誤差の分布を保証しない
755533,28,器用さ,655,6,7,39,40,500,仮定誤差の感度。ゲーム実測との一致・推定誤差の分布を保証しない
755444,29,器用さ,660,6,7,39,40,500,仮定誤差の感度。ゲーム実測との一致・推定誤差の分布を保証しない
755443,28,器用さ,660,6,7,39,40,500,仮定誤差の感度。ゲーム実測との一致・推定誤差の分布を保証しない
755433,27,器用さ,660,6,7,39,40,500,仮定誤差の感度。ゲーム実測との一致・推定誤差の分布を保証しない
755333,26,器用さ,660,6,7,39,40,500,仮定誤差の感度。ゲーム実測との一致・推定誤差の分布を保証しない
754444,28,器用さ,665,6,7,39,40,500,仮定誤差の感度。ゲーム実測との一致・推定誤差の分布を保証しない
754443,27,器用さ,665,6,7,39,40,500,仮定誤差の感度。ゲーム実測との一致・推定誤差の分布を保証しない
754433,26,器用さ,665,6,7,40,40,500,仮定誤差の感度。ゲーム実測との一致・推定誤差の分布を保証しない
754333,25,器用さ,665,6,7,40,40,500,仮定誤差の感度。ゲーム実測との一致・推定誤差の分布を保証しない
753333,24,器用さ,665,6,7,39,40,500,仮定誤差の感度。ゲーム実測との一致・推定誤差の分布を保証しない
744444,27,器用さ,670,6,7,40,41,500,仮定誤差の感度。ゲーム実測との一致・推定誤差の分布を保証しない
744443,26,器用さ,670,6,7,40,41,500,仮定誤差の感度。ゲーム実測との一致・推定誤差の分布を保証しない
744433,25,器用さ,670,6,7,40,41,500,仮定誤差の感度。ゲーム実測との一致・推定誤差の分布を保証しない
744333,24,器用さ,670,6,7,40,40,500,仮定誤差の感度。ゲーム実測との一致・推定誤差の分布を保証しない
743333,23,器用さ,670,6,7,40,41,500,仮定誤差の感度。ゲーム実測との一致・推定誤差の分布を保証しない
733333,22,器用さ,670,6,7,40,41,500,仮定誤差の感度。ゲーム実測との一致・推定誤差の分布を保証しない
666653,32,器用さ,655,6,7,39,40,500,仮定誤差の感度。ゲーム実測との一致・推定誤差の分布を保証しない
666644,32,器用さ,660,6,7,39,40,500,仮定誤差の感度。ゲーム実測との一致・推定誤差の分布を保証しない
666643,31,器用さ,660,6,7,39,40,500,仮定誤差の感度。ゲーム実測との一致・推定誤差の分布を保証しない
666633,30,器用さ,660,6,7,39,40,500,仮定誤差の感度。ゲーム実測との一致・推定誤差の分布を保証しない
666554,32,器用さ,655,6,7,39,40,500,仮定誤差の感度。ゲーム実測との一致・推定誤差の分布を保証しない
666553,31,器用さ,655,6,7,39,40,500,仮定誤差の感度。ゲーム実測との一致・推定誤差の分布を保証しない
666544,31,器用さ,660,6,7,39,40,500,仮定誤差の感度。ゲーム実測との一致・推定誤差の分布を保証しない
666543,30,器用さ,660,6,7,39,40,500,仮定誤差の感度。ゲーム実測との一致・推定誤差の分布を保証しない
666533,29,器用さ,660,6,7,39,40,500,仮定誤差の感度。ゲーム実測との一致・推定誤差の分布を保証しない
666444,30,器用さ,665,6,7,39,40,500,仮定誤差の感度。ゲーム実測との一致・推定誤差の分布を保証しない
666443,29,器用さ,665,6,7,40,40,500,仮定誤差の感度。ゲーム実測との一致・推定誤差の分布を保証しない
666433,28,器用さ,665,6,7,40,40,500,仮定誤差の感度。ゲーム実測との一致・推定誤差の分布を保証しない
666333,27,器用さ,665,6,7,39,40,500,仮定誤差の感度。ゲーム実測との一致・推定誤差の分布を保証しない
665555,32,器用さ,650,6,7,39,39,500,仮定誤差の感度。ゲーム実測との一致・推定誤差の分布を保証しない
665554,31,器用さ,655,6,7,39,40,500,仮定誤差の感度。ゲーム実測との一致・推定誤差の分布を保証しない
665553,30,器用さ,655,6,7,39,40,500,仮定誤差の感度。ゲーム実測との一致・推定誤差の分布を保証しない
665544,30,器用さ,660,6,7,39,40,500,仮定誤差の感度。ゲーム実測との一致・推定誤差の分布を保証しない
665543,29,器用さ,660,6,7,39,40,500,仮定誤差の感度。ゲーム実測との一致・推定誤差の分布を保証しない
665533,28,器用さ,660,6,7,39,40,500,仮定誤差の感度。ゲーム実測との一致・推定誤差の分布を保証しない
665444,29,器用さ,665,6,7,40,40,500,仮定誤差の感度。ゲーム実測との一致・推定誤差の分布を保証しない
665443,28,器用さ,665,6,7,40,40,500,仮定誤差の感度。ゲーム実測との一致・推定誤差の分布を保証しない
665433,27,器用さ,665,6,7,39,40,500,仮定誤差の感度。ゲーム実測との一致・推定誤差の分布を保証しない
665333,26,器用さ,665,6,7,40,40,500,仮定誤差の感度。ゲーム実測との一致・推定誤差の分布を保証しない
664444,28,器用さ,670,6,7,40,41,500,仮定誤差の感度。ゲーム実測との一致・推定誤差の分布を保証しない
664443,27,器用さ,670,6,7,40,40,500,仮定誤差の感度。ゲーム実測との一致・推定誤差の分布を保証しない
664433,26,器用さ,670,6,7,40,41,500,仮定誤差の感度。ゲーム実測との一致・推定誤差の分布を保証しない
664333,25,器用さ,670,6,7,40,41,500,仮定誤差の感度。ゲーム実測との一致・推定誤差の分布を保証しない
663333,24,器用さ,670,6,7,40,40,500,仮定誤差の感度。ゲーム実測との一致・推定誤差の分布を保証しない
655555,31,器用さ,650,6,7,39,39,500,仮定誤差の感度。ゲーム実測との一致・推定誤差の分布を保証しない
655554,30,器用さ,655,6,7,39,40,500,仮定誤差の感度。ゲーム実測との一致・推定誤差の分布を保証しない
655553,29,器用さ,655,6,7,39,40,500,仮定誤差の感度。ゲーム実測との一致・推定誤差の分布を保証しない
655544,29,器用さ,660,6,7,39,40,500,仮定誤差の感度。ゲーム実測との一致・推定誤差の分布を保証しない
655543,28,器用さ,660,6,7,39,40,500,仮定誤差の感度。ゲーム実測との一致・推定誤差の分布を保証しない
655533,27,器用さ,660,6,7,39,40,500,仮定誤差の感度。ゲーム実測との一致・推定誤差の分布を保証しない
655444,28,器用さ,665,6,7,40,40,500,仮定誤差の感度。ゲーム実測との一致・推定誤差の分布を保証しない
655443,27,器用さ,665,6,7,39,40,500,仮定誤差の感度。ゲーム実測との一致・推定誤差の分布を保証しない
655433,26,器用さ,665,6,7,40,40,500,仮定誤差の感度。ゲーム実測との一致・推定誤差の分布を保証しない
655333,25,器用さ,665,6,7,40,40,500,仮定誤差の感度。ゲーム実測との一致・推定誤差の分布を保証しない
654444,27,器用さ,670,6,7,40,41,500,仮定誤差の感度。ゲーム実測との一致・推定誤差の分布を保証しない
654443,26,器用さ,670,6,7,40,41,500,仮定誤差の感度。ゲーム実測との一致・推定誤差の分布を保証しない
654433,25,器用さ,670,6,7,40,41,500,仮定誤差の感度。ゲーム実測との一致・推定誤差の分布を保証しない
654333,24,器用さ,670,6,7,40,41,500,仮定誤差の感度。ゲーム実測との一致・推定誤差の分布を保証しない
653333,23,器用さ,670,6,7,40,41,500,仮定誤差の感度。ゲーム実測との一致・推定誤差の分布を保証しない
644444,26,器用さ,675,6,7,40,41,500,仮定誤差の感度。ゲーム実測との一致・推定誤差の分布を保証しない
644443,25,器用さ,675,6,7,40,41,500,仮定誤差の感度。ゲーム実測との一致・推定誤差の分布を保証しない
644433,24,器用さ,675,6,7,40,41,500,仮定誤差の感度。ゲーム実測との一致・推定誤差の分布を保証しない
644333,23,器用さ,675,6,7,40,41,500,仮定誤差の感度。ゲーム実測との一致・推定誤差の分布を保証しない
643333,22,器用さ,675,6,7,40,41,500,仮定誤差の感度。ゲーム実測との一致・推定誤差の分布を保証しない
633333,21,器用さ,675,6,7,40,41,500,仮定誤差の感度。ゲーム実測との一致・推定誤差の分布を保証しない
555555,30,器用さ,650,6,7,39,39,500,仮定誤差の感度。ゲーム実測との一致・推定誤差の分布を保証しない
555554,29,器用さ,655,6,7,39,40,500,仮定誤差の感度。ゲーム実測との一致・推定誤差の分布を保証しない
555553,28,器用さ,655,6,7,39,40,500,仮定誤差の感度。ゲーム実測との一致・推定誤差の分布を保証しない
555544,28,器用さ,660,6,7,39,40,500,仮定誤差の感度。ゲーム実測との一致・推定誤差の分布を保証しない
555543,27,器用さ,660,6,7,39,40,500,仮定誤差の感度。ゲーム実測との一致・推定誤差の分布を保証しない
555533,26,器用さ,660,6,7,39,40,500,仮定誤差の感度。ゲーム実測との一致・推定誤差の分布を保証しない
555444,27,器用さ,665,6,7,39,40,500,仮定誤差の感度。ゲーム実測との一致・推定誤差の分布を保証しない
555443,26,器用さ,665,6,7,40,40,500,仮定誤差の感度。ゲーム実測との一致・推定誤差の分布を保証しない
555433,25,器用さ,665,6,7,40,40,500,仮定誤差の感度。ゲーム実測との一致・推定誤差の分布を保証しない
555333,24,器用さ,665,6,7,39,40,500,仮定誤差の感度。ゲーム実測との一致・推定誤差の分布を保証しない
554444,26,器用さ,670,6,7,40,40,500,仮定誤差の感度。ゲーム実測との一致・推定誤差の分布を保証しない
554443,25,器用さ,670,6,7,40,41,500,仮定誤差の感度。ゲーム実測との一致・推定誤差の分布を保証しない
554433,24,器用さ,670,6,7,40,41,500,仮定誤差の感度。ゲーム実測との一致・推定誤差の分布を保証しない
554333,23,器用さ,670,6,7,40,41,500,仮定誤差の感度。ゲーム実測との一致・推定誤差の分布を保証しない
553333,22,器用さ,670,6,7,40,41,500,仮定誤差の感度。ゲーム実測との一致・推定誤差の分布を保証しない
544444,25,器用さ,675,6,7,40,41,500,仮定誤差の感度。ゲーム実測との一致・推定誤差の分布を保証しない
544443,24,器用さ,675,6,7,40,41,500,仮定誤差の感度。ゲーム実測との一致・推定誤差の分布を保証しない
544433,23,器用さ,675,6,7,40,41,500,仮定誤差の感度。ゲーム実測との一致・推定誤差の分布を保証しない
544333,22,器用さ,675,6,7,40,41,500,仮定誤差の感度。ゲーム実測との一致・推定誤差の分布を保証しない
543333,21,器用さ,675,6,7,40,41,500,仮定誤差の感度。ゲーム実測との一致・推定誤差の分布を保証しない
533333,20,器用さ,675,6,7,40,41,500,仮定誤差の感度。ゲーム実測との一致・推定誤差の分布を保証しない
444444,24,器用さ,680,6,7,40,41,500,仮定誤差の感度。ゲーム実測との一致・推定誤差の分布を保証しない
444443,23,器用さ,680,6,7,40,41,500,仮定誤差の感度。ゲーム実測との一致・推定誤差の分布を保証しない
444433,22,器用さ,680,6,7,40,41,500,仮定誤差の感度。ゲーム実測との一致・推定誤差の分布を保証しない
444333,21,器用さ,680,6,7,40,41,500,仮定誤差の感度。ゲーム実測との一致・推定誤差の分布を保証しない
443333,20,器用さ,680,6,7,40,41,500,仮定誤差の感度。ゲーム実測との一致・推定誤差の分布を保証しない
433333,19,器用さ,680,6,7,40,41,500,仮定誤差の感度。ゲーム実測との一致・推定誤差の分布を保証しない
333333,18,器用さ,680,6,7,40,41,500,仮定誤差の感度。ゲーム実測との一致・推定誤差の分布を保証しない
887333,32,知力,650,7,7,39,39,500,仮定誤差の感度。ゲーム実測との一致・推定誤差の分布を保証しない
886433,32,知力,655,6,6,39,39,500,仮定誤差の感度。ゲーム実測との一致・推定誤差の分布を保証しない
886333,31,知力,655,6,6,39,39,500,仮定誤差の感度。ゲーム実測との一致・推定誤差の分布を保証しない
885533,32,知力,650,6,6,39,39,500,仮定誤差の感度。ゲーム実測との一致・推定誤差の分布を保証しない
885443,32,知力,655,6,6,39,39,500,仮定誤差の感度。ゲーム実測との一致・推定誤差の分布を保証しない
885433,31,知力,655,6,6,39,39,500,仮定誤差の感度。ゲーム実測との一致・推定誤差の分布を保証しない
885333,30,知力,655,7,7,39,39,500,仮定誤差の感度。ゲーム実測との一致・推定誤差の分布を保証しない
884444,32,知力,660,6,6,39,39,500,仮定誤差の感度。ゲーム実測との一致・推定誤差の分布を保証しない
884443,31,知力,660,6,6,39,39,500,仮定誤差の感度。ゲーム実測との一致・推定誤差の分布を保証しない
884433,30,知力,660,6,6,39,39,500,仮定誤差の感度。ゲーム実測との一致・推定誤差の分布を保証しない
884333,29,知力,660,6,6,39,39,500,仮定誤差の感度。ゲーム実測との一致・推定誤差の分布を保証しない
883333,28,知力,660,6,7,39,40,500,仮定誤差の感度。ゲーム実測との一致・推定誤差の分布を保証しない
877433,32,知力,655,7,7,39,39,500,仮定誤差の感度。ゲーム実測との一致・推定誤差の分布を保証しない
877333,31,知力,655,6,7,39,40,500,仮定誤差の感度。ゲーム実測との一致・推定誤差の分布を保証しない
876533,32,知力,655,6,6,39,39,500,仮定誤差の感度。ゲーム実測との一致・推定誤差の分布を保証しない
876443,32,知力,660,6,6,39,39,500,仮定誤差の感度。ゲーム実測との一致・推定誤差の分布を保証しない
876433,31,知力,660,6,6,39,39,500,仮定誤差の感度。ゲーム実測との一致・推定誤差の分布を保証しない
876333,30,知力,660,6,7,39,40,500,仮定誤差の感度。ゲーム実測との一致・推定誤差の分布を保証しない
875543,32,知力,655,6,6,39,39,500,仮定誤差の感度。ゲーム実測との一致・推定誤差の分布を保証しない
875533,31,知力,655,6,6,39,39,500,仮定誤差の感度。ゲーム実測との一致・推定誤差の分布を保証しない
875444,32,知力,660,6,6,39,39,500,仮定誤差の感度。ゲーム実測との一致・推定誤差の分布を保証しない
875443,31,知力,660,6,6,39,39,500,仮定誤差の感度。ゲーム実測との一致・推定誤差の分布を保証しない
875433,30,知力,660,6,6,39,39,500,仮定誤差の感度。ゲーム実測との一致・推定誤差の分布を保証しない
875333,29,知力,660,6,7,39,40,500,仮定誤差の感度。ゲーム実測との一致・推定誤差の分布を保証しない
874444,31,知力,665,7,7,40,40,500,仮定誤差の感度。ゲーム実測との一致・推定誤差の分布を保証しない
874443,30,知力,665,7,7,40,40,500,仮定誤差の感度。ゲーム実測との一致・推定誤差の分布を保証しない
874433,29,知力,665,7,7,40,40,500,仮定誤差の感度。ゲーム実測との一致・推定誤差の分布を保証しない
874333,28,知力,665,6,6,40,40,500,仮定誤差の感度。ゲーム実測との一致・推定誤差の分布を保証しない
873333,27,知力,665,6,7,40,40,500,仮定誤差の感度。ゲーム実測との一致・推定誤差の分布を保証しない
866633,32,知力,660,6,7,39,40,500,仮定誤差の感度。ゲーム実測との一致・推定誤差の分布を保証しない
866543,32,知力,660,7,7,40,40,500,仮定誤差の感度。ゲーム実測との一致・推定誤差の分布を保証しない
866533,31,知力,660,7,7,40,40,500,仮定誤差の感度。ゲーム実測との一致・推定誤差の分布を保証しない
866444,32,知力,665,7,7,40,40,500,仮定誤差の感度。ゲーム実測との一致・推定誤差の分布を保証しない
866443,31,知力,665,7,7,40,40,500,仮定誤差の感度。ゲーム実測との一致・推定誤差の分布を保証しない
866433,30,知力,665,6,6,40,40,500,仮定誤差の感度。ゲーム実測との一致・推定誤差の分布を保証しない
866333,29,知力,665,6,7,39,40,500,仮定誤差の感度。ゲーム実測との一致・推定誤差の分布を保証しない
865553,32,知力,655,7,7,40,40,500,仮定誤差の感度。ゲーム実測との一致・推定誤差の分布を保証しない
865544,32,知力,660,7,7,40,40,500,仮定誤差の感度。ゲーム実測との一致・推定誤差の分布を保証しない
865543,31,知力,660,7,7,40,40,500,仮定誤差の感度。ゲーム実測との一致・推定誤差の分布を保証しない
865533,30,知力,660,7,7,40,40,500,仮定誤差の感度。ゲーム実測との一致・推定誤差の分布を保証しない
865444,31,知力,665,7,7,40,40,500,仮定誤差の感度。ゲーム実測との一致・推定誤差の分布を保証しない
865443,30,知力,665,6,6,40,40,500,仮定誤差の感度。ゲーム実測との一致・推定誤差の分布を保証しない
865433,29,知力,665,6,6,39,39,500,仮定誤差の感度。ゲーム実測との一致・推定誤差の分布を保証しない
865333,28,知力,665,7,7,40,40,500,仮定誤差の感度。ゲーム実測との一致・推定誤差の分布を保証しない
864444,30,知力,670,7,7,40,40,500,仮定誤差の感度。ゲーム実測との一致・推定誤差の分布を保証しない
864443,29,知力,670,6,6,40,40,500,仮定誤差の感度。ゲーム実測との一致・推定誤差の分布を保証しない
864433,28,知力,670,7,7,40,40,500,仮定誤差の感度。ゲーム実測との一致・推定誤差の分布を保証しない
864333,27,知力,670,6,6,40,40,500,仮定誤差の感度。ゲーム実測との一致・推定誤差の分布を保証しない
863333,26,知力,670,6,7,40,40,500,仮定誤差の感度。ゲーム実測との一致・推定誤差の分布を保証しない
855554,32,知力,655,6,7,39,40,500,仮定誤差の感度。ゲーム実測との一致・推定誤差の分布を保証しない
855553,31,知力,655,6,7,39,40,500,仮定誤差の感度。ゲーム実測との一致・推定誤差の分布を保証しない
855544,31,知力,660,7,7,40,40,500,仮定誤差の感度。ゲーム実測との一致・推定誤差の分布を保証しない
855543,30,知力,660,7,7,40,40,500,仮定誤差の感度。ゲーム実測との一致・推定誤差の分布を保証しない
855533,29,知力,660,6,7,39,40,500,仮定誤差の感度。ゲーム実測との一致・推定誤差の分布を保証しない
855444,30,知力,665,6,6,40,40,500,仮定誤差の感度。ゲーム実測との一致・推定誤差の分布を保証しない
855443,29,知力,665,6,6,39,39,500,仮定誤差の感度。ゲーム実測との一致・推定誤差の分布を保証しない
855433,28,知力,665,7,7,40,40,500,仮定誤差の感度。ゲーム実測との一致・推定誤差の分布を保証しない
855333,27,知力,665,7,7,40,40,500,仮定誤差の感度。ゲーム実測との一致・推定誤差の分布を保証しない
854444,29,知力,670,6,6,40,40,500,仮定誤差の感度。ゲーム実測との一致・推定誤差の分布を保証しない
854443,28,知力,670,7,7,40,40,500,仮定誤差の感度。ゲーム実測との一致・推定誤差の分布を保証しない
854433,27,知力,670,6,6,40,40,500,仮定誤差の感度。ゲーム実測との一致・推定誤差の分布を保証しない
854333,26,知力,670,7,7,40,40,500,仮定誤差の感度。ゲーム実測との一致・推定誤差の分布を保証しない
853333,25,知力,670,6,7,40,40,500,仮定誤差の感度。ゲーム実測との一致・推定誤差の分布を保証しない
844444,28,知力,675,7,7,41,41,500,仮定誤差の感度。ゲーム実測との一致・推定誤差の分布を保証しない
844443,27,知力,675,7,7,41,41,500,仮定誤差の感度。ゲーム実測との一致・推定誤差の分布を保証しない
844433,26,知力,675,6,6,40,40,500,仮定誤差の感度。ゲーム実測との一致・推定誤差の分布を保証しない
844333,25,知力,675,7,7,40,40,500,仮定誤差の感度。ゲーム実測との一致・推定誤差の分布を保証しない
843333,24,知力,675,7,7,41,41,500,仮定誤差の感度。ゲーム実測との一致・推定誤差の分布を保証しない
833333,23,知力,675,6,7,40,41,500,仮定誤差の感度。ゲーム実測との一致・推定誤差の分布を保証しない
777533,32,知力,655,6,7,39,40,500,仮定誤差の感度。ゲーム実測との一致・推定誤差の分布を保証しない
777443,32,知力,660,6,7,39,40,500,仮定誤差の感度。ゲーム実測との一致・推定誤差の分布を保証しない
777433,31,知力,660,6,7,39,40,500,仮定誤差の感度。ゲーム実測との一致・推定誤差の分布を保証しない
777333,30,知力,660,6,7,39,40,500,仮定誤差の感度。ゲーム実測との一致・推定誤差の分布を保証しない
776633,32,知力,660,6,7,39,40,500,仮定誤差の感度。ゲーム実測との一致・推定誤差の分布を保証しない
776543,32,知力,660,6,7,39,40,500,仮定誤差の感度。ゲーム実測との一致・推定誤差の分布を保証しない
776533,31,知力,660,6,7,39,40,500,仮定誤差の感度。ゲーム実測との一致・推定誤差の分布を保証しない
776444,32,知力,665,6,7,40,40,500,仮定誤差の感度。ゲーム実測との一致・推定誤差の分布を保証しない
776443,31,知力,665,6,7,40,40,500,仮定誤差の感度。ゲーム実測との一致・推定誤差の分布を保証しない
776433,30,知力,665,6,7,39,40,500,仮定誤差の感度。ゲーム実測との一致・推定誤差の分布を保証しない
776333,29,知力,665,6,7,40,40,500,仮定誤差の感度。ゲーム実測との一致・推定誤差の分布を保証しない
775553,32,知力,655,6,7,39,39,500,仮定誤差の感度。ゲーム実測との一致・推定誤差の分布を保証しない
775544,32,知力,660,6,7,39,40,500,仮定誤差の感度。ゲーム実測との一致・推定誤差の分布を保証しない
775543,31,知力,660,6,7,39,40,500,仮定誤差の感度。ゲーム実測との一致・推定誤差の分布を保証しない
775533,30,知力,660,6,7,39,40,500,仮定誤差の感度。ゲーム実測との一致・推定誤差の分布を保証しない
775444,31,知力,665,6,7,40,40,500,仮定誤差の感度。ゲーム実測との一致・推定誤差の分布を保証しない
775443,30,知力,665,6,7,39,40,500,仮定誤差の感度。ゲーム実測との一致・推定誤差の分布を保証しない
775433,29,知力,665,7,7,40,40,500,仮定誤差の感度。ゲーム実測との一致・推定誤差の分布を保証しない
775333,28,知力,665,6,7,40,40,500,仮定誤差の感度。ゲーム実測との一致・推定誤差の分布を保証しない
774444,30,知力,670,6,7,40,41,500,仮定誤差の感度。ゲーム実測との一致・推定誤差の分布を保証しない
774443,29,知力,670,6,7,40,41,500,仮定誤差の感度。ゲーム実測との一致・推定誤差の分布を保証しない
774433,28,知力,670,6,7,40,40,500,仮定誤差の感度。ゲーム実測との一致・推定誤差の分布を保証しない
774333,27,知力,670,6,7,40,41,500,仮定誤差の感度。ゲーム実測との一致・推定誤差の分布を保証しない
773333,26,知力,670,6,7,40,41,500,仮定誤差の感度。ゲーム実測との一致・推定誤差の分布を保証しない
766643,32,知力,665,6,7,40,40,500,仮定誤差の感度。ゲーム実測との一致・推定誤差の分布を保証しない
766633,31,知力,665,6,7,40,40,500,仮定誤差の感度。ゲーム実測との一致・推定誤差の分布を保証しない
766553,32,知力,660,6,7,39,40,500,仮定誤差の感度。ゲーム実測との一致・推定誤差の分布を保証しない
766544,32,知力,665,7,7,40,40,500,仮定誤差の感度。ゲーム実測との一致・推定誤差の分布を保証しない
766543,31,知力,665,7,7,40,40,500,仮定誤差の感度。ゲーム実測との一致・推定誤差の分布を保証しない
766533,30,知力,665,6,7,40,40,500,仮定誤差の感度。ゲーム実測との一致・推定誤差の分布を保証しない
766444,31,知力,670,6,7,40,40,500,仮定誤差の感度。ゲーム実測との一致・推定誤差の分布を保証しない
766443,30,知力,670,7,7,40,40,500,仮定誤差の感度。ゲーム実測との一致・推定誤差の分布を保証しない
766433,29,知力,670,6,7,40,40,500,仮定誤差の感度。ゲーム実測との一致・推定誤差の分布を保証しない
766333,28,知力,670,6,7,40,40,500,仮定誤差の感度。ゲーム実測との一致・推定誤差の分布を保証しない
765554,32,知力,660,6,7,39,40,500,仮定誤差の感度。ゲーム実測との一致・推定誤差の分布を保証しない
765553,31,知力,660,6,7,39,40,500,仮定誤差の感度。ゲーム実測との一致・推定誤差の分布を保証しない
765544,31,知力,665,7,7,40,40,500,仮定誤差の感度。ゲーム実測との一致・推定誤差の分布を保証しない
765543,30,知力,665,6,6,40,40,500,仮定誤差の感度。ゲーム実測との一致・推定誤差の分布を保証しない
765533,29,知力,665,6,7,39,40,500,仮定誤差の感度。ゲーム実測との一致・推定誤差の分布を保証しない
765444,30,知力,670,7,7,40,40,500,仮定誤差の感度。ゲーム実測との一致・推定誤差の分布を保証しない
765443,29,知力,670,6,6,40,40,500,仮定誤差の感度。ゲーム実測との一致・推定誤差の分布を保証しない
765433,28,知力,670,7,7,40,40,500,仮定誤差の感度。ゲーム実測との一致・推定誤差の分布を保証しない
765333,27,知力,670,6,7,40,40,500,仮定誤差の感度。ゲーム実測との一致・推定誤差の分布を保証しない
764444,29,知力,675,7,7,40,41,500,仮定誤差の感度。ゲーム実測との一致・推定誤差の分布を保証しない
764443,28,知力,675,7,7,41,41,500,仮定誤差の感度。ゲーム実測との一致・推定誤差の分布を保証しない
764433,27,知力,675,7,7,41,41,500,仮定誤差の感度。ゲーム実測との一致・推定誤差の分布を保証しない
764333,26,知力,675,6,7,40,40,500,仮定誤差の感度。ゲーム実測との一致・推定誤差の分布を保証しない
763333,25,知力,675,6,7,40,41,500,仮定誤差の感度。ゲーム実測との一致・推定誤差の分布を保証しない
755555,32,知力,655,6,7,39,40,500,仮定誤差の感度。ゲーム実測との一致・推定誤差の分布を保証しない
755554,31,知力,660,6,7,39,40,500,仮定誤差の感度。ゲーム実測との一致・推定誤差の分布を保証しない
755553,30,知力,660,6,7,39,40,500,仮定誤差の感度。ゲーム実測との一致・推定誤差の分布を保証しない
755544,30,知力,665,6,7,40,40,500,仮定誤差の感度。ゲーム実測との一致・推定誤差の分布を保証しない
755543,29,知力,665,6,7,39,40,500,仮定誤差の感度。ゲーム実測との一致・推定誤差の分布を保証しない
755533,28,知力,665,6,7,40,40,500,仮定誤差の感度。ゲーム実測との一致・推定誤差の分布を保証しない
755444,29,知力,670,6,7,40,40,500,仮定誤差の感度。ゲーム実測との一致・推定誤差の分布を保証しない
755443,28,知力,670,7,7,40,40,500,仮定誤差の感度。ゲーム実測との一致・推定誤差の分布を保証しない
755433,27,知力,670,6,6,40,40,500,仮定誤差の感度。ゲーム実測との一致・推定誤差の分布を保証しない
755333,26,知力,670,6,7,40,40,500,仮定誤差の感度。ゲーム実測との一致・推定誤差の分布を保証しない
754444,28,知力,675,7,7,41,41,500,仮定誤差の感度。ゲーム実測との一致・推定誤差の分布を保証しない
754443,27,知力,675,7,7,41,41,500,仮定誤差の感度。ゲーム実測との一致・推定誤差の分布を保証しない
754433,26,知力,675,6,6,40,40,500,仮定誤差の感度。ゲーム実測との一致・推定誤差の分布を保証しない
754333,25,知力,675,7,7,40,41,500,仮定誤差の感度。ゲーム実測との一致・推定誤差の分布を保証しない
753333,24,知力,675,6,7,40,41,500,仮定誤差の感度。ゲーム実測との一致・推定誤差の分布を保証しない
744444,27,知力,680,7,7,41,41,500,仮定誤差の感度。ゲーム実測との一致・推定誤差の分布を保証しない
744443,26,知力,680,7,7,41,41,500,仮定誤差の感度。ゲーム実測との一致・推定誤差の分布を保証しない
744433,25,知力,680,7,7,41,41,500,仮定誤差の感度。ゲーム実測との一致・推定誤差の分布を保証しない
744333,24,知力,680,7,7,41,41,500,仮定誤差の感度。ゲーム実測との一致・推定誤差の分布を保証しない
743333,23,知力,680,7,7,41,41,500,仮定誤差の感度。ゲーム実測との一致・推定誤差の分布を保証しない
733333,22,知力,680,6,7,40,41,500,仮定誤差の感度。ゲーム実測との一致・推定誤差の分布を保証しない
666653,32,知力,665,6,7,40,40,500,仮定誤差の感度。ゲーム実測との一致・推定誤差の分布を保証しない
666644,32,知力,670,6,7,40,40,500,仮定誤差の感度。ゲーム実測との一致・推定誤差の分布を保証しない
666643,31,知力,670,6,7,40,40,500,仮定誤差の感度。ゲーム実測との一致・推定誤差の分布を保証しない
666633,30,知力,670,6,7,40,40,500,仮定誤差の感度。ゲーム実測との一致・推定誤差の分布を保証しない
666554,32,知力,665,7,7,40,40,500,仮定誤差の感度。ゲーム実測との一致・推定誤差の分布を保証しない
666553,31,知力,665,6,7,40,40,500,仮定誤差の感度。ゲーム実測との一致・推定誤差の分布を保証しない
666544,31,知力,670,6,7,40,41,500,仮定誤差の感度。ゲーム実測との一致・推定誤差の分布を保証しない
666543,30,知力,670,7,7,40,40,500,仮定誤差の感度。ゲーム実測との一致・推定誤差の分布を保証しない
666533,29,知力,670,6,7,40,41,500,仮定誤差の感度。ゲーム実測との一致・推定誤差の分布を保証しない
666444,30,知力,675,6,7,40,41,500,仮定誤差の感度。ゲーム実測との一致・推定誤差の分布を保証しない
666443,29,知力,675,6,7,40,40,500,仮定誤差の感度。ゲーム実測との一致・推定誤差の分布を保証しない
666433,28,知力,675,7,7,40,41,500,仮定誤差の感度。ゲーム実測との一致・推定誤差の分布を保証しない
666333,27,知力,675,6,7,40,41,500,仮定誤差の感度。ゲーム実測との一致・推定誤差の分布を保証しない
665555,32,知力,660,6,7,39,40,500,仮定誤差の感度。ゲーム実測との一致・推定誤差の分布を保証しない
665554,31,知力,665,6,7,40,40,500,仮定誤差の感度。ゲーム実測との一致・推定誤差の分布を保証しない
665553,30,知力,665,6,7,40,40,500,仮定誤差の感度。ゲーム実測との一致・推定誤差の分布を保証しない
665544,30,知力,670,7,7,40,40,500,仮定誤差の感度。ゲーム実測との一致・推定誤差の分布を保証しない
665543,29,知力,670,7,7,41,41,500,仮定誤差の感度。ゲーム実測との一致・推定誤差の分布を保証しない
665533,28,知力,670,7,7,40,40,500,仮定誤差の感度。ゲーム実測との一致・推定誤差の分布を保証しない
665444,29,知力,675,6,7,40,40,500,仮定誤差の感度。ゲーム実測との一致・推定誤差の分布を保証しない
665443,28,知力,675,7,7,40,40,500,仮定誤差の感度。ゲーム実測との一致・推定誤差の分布を保証しない
665433,27,知力,675,7,7,41,41,500,仮定誤差の感度。ゲーム実測との一致・推定誤差の分布を保証しない
665333,26,知力,675,6,7,40,41,500,仮定誤差の感度。ゲーム実測との一致・推定誤差の分布を保証しない
664444,28,知力,680,6,7,40,41,500,仮定誤差の感度。ゲーム実測との一致・推定誤差の分布を保証しない
664443,27,知力,680,6,7,40,41,500,仮定誤差の感度。ゲーム実測との一致・推定誤差の分布を保証しない
664433,26,知力,680,6,7,40,41,500,仮定誤差の感度。ゲーム実測との一致・推定誤差の分布を保証しない
664333,25,知力,680,6,7,40,41,500,仮定誤差の感度。ゲーム実測との一致・推定誤差の分布を保証しない
663333,24,知力,680,6,7,40,41,500,仮定誤差の感度。ゲーム実測との一致・推定誤差の分布を保証しない
655555,31,知力,660,6,7,39,40,500,仮定誤差の感度。ゲーム実測との一致・推定誤差の分布を保証しない
655554,30,知力,665,6,7,40,40,500,仮定誤差の感度。ゲーム実測との一致・推定誤差の分布を保証しない
655553,29,知力,665,6,7,39,40,500,仮定誤差の感度。ゲーム実測との一致・推定誤差の分布を保証しない
655544,29,知力,670,6,7,40,41,500,仮定誤差の感度。ゲーム実測との一致・推定誤差の分布を保証しない
655543,28,知力,670,7,7,40,40,500,仮定誤差の感度。ゲーム実測との一致・推定誤差の分布を保証しない
655533,27,知力,670,6,7,40,41,500,仮定誤差の感度。ゲーム実測との一致・推定誤差の分布を保証しない
655444,28,知力,675,7,7,40,40,500,仮定誤差の感度。ゲーム実測との一致・推定誤差の分布を保証しない
655443,27,知力,675,7,7,41,41,500,仮定誤差の感度。ゲーム実測との一致・推定誤差の分布を保証しない
655433,26,知力,675,7,7,41,41,500,仮定誤差の感度。ゲーム実測との一致・推定誤差の分布を保証しない
655333,25,知力,675,6,7,40,40,500,仮定誤差の感度。ゲーム実測との一致・推定誤差の分布を保証しない
654444,27,知力,680,6,7,40,41,500,仮定誤差の感度。ゲーム実測との一致・推定誤差の分布を保証しない
654443,26,知力,680,6,6,40,40,500,仮定誤差の感度。ゲーム実測との一致・推定誤差の分布を保証しない
654433,25,知力,680,6,6,40,40,500,仮定誤差の感度。ゲーム実測との一致・推定誤差の分布を保証しない
654333,24,知力,680,6,7,40,41,500,仮定誤差の感度。ゲーム実測との一致・推定誤差の分布を保証しない
653333,23,知力,680,6,7,40,41,500,仮定誤差の感度。ゲーム実測との一致・推定誤差の分布を保証しない
644444,26,知力,685,7,7,41,41,500,仮定誤差の感度。ゲーム実測との一致・推定誤差の分布を保証しない
644443,25,知力,685,6,7,41,42,500,仮定誤差の感度。ゲーム実測との一致・推定誤差の分布を保証しない
644433,24,知力,685,7,7,41,41,500,仮定誤差の感度。ゲーム実測との一致・推定誤差の分布を保証しない
644333,23,知力,685,7,7,41,41,500,仮定誤差の感度。ゲーム実測との一致・推定誤差の分布を保証しない
643333,22,知力,685,7,7,41,41,500,仮定誤差の感度。ゲーム実測との一致・推定誤差の分布を保証しない
633333,21,知力,685,6,7,41,41,500,仮定誤差の感度。ゲーム実測との一致・推定誤差の分布を保証しない
555555,30,知力,660,6,7,39,40,500,仮定誤差の感度。ゲーム実測との一致・推定誤差の分布を保証しない
555554,29,知力,665,6,7,39,40,500,仮定誤差の感度。ゲーム実測との一致・推定誤差の分布を保証しない
555553,28,知力,665,6,7,40,40,500,仮定誤差の感度。ゲーム実測との一致・推定誤差の分布を保証しない
555544,28,知力,670,6,7,40,40,500,仮定誤差の感度。ゲーム実測との一致・推定誤差の分布を保証しない
555543,27,知力,670,6,7,40,41,500,仮定誤差の感度。ゲーム実測との一致・推定誤差の分布を保証しない
555533,26,知力,670,6,7,40,40,500,仮定誤差の感度。ゲーム実測との一致・推定誤差の分布を保証しない
555444,27,知力,675,7,7,41,41,500,仮定誤差の感度。ゲーム実測との一致・推定誤差の分布を保証しない
555443,26,知力,675,6,7,40,41,500,仮定誤差の感度。ゲーム実測との一致・推定誤差の分布を保証しない
555433,25,知力,675,6,7,40,40,500,仮定誤差の感度。ゲーム実測との一致・推定誤差の分布を保証しない
555333,24,知力,675,7,7,40,41,500,仮定誤差の感度。ゲーム実測との一致・推定誤差の分布を保証しない
554444,26,知力,680,6,7,40,41,500,仮定誤差の感度。ゲーム実測との一致・推定誤差の分布を保証しない
554443,25,知力,680,6,6,40,40,500,仮定誤差の感度。ゲーム実測との一致・推定誤差の分布を保証しない
554433,24,知力,680,6,6,40,40,500,仮定誤差の感度。ゲーム実測との一致・推定誤差の分布を保証しない
554333,23,知力,680,6,7,40,41,500,仮定誤差の感度。ゲーム実測との一致・推定誤差の分布を保証しない
553333,22,知力,680,6,7,40,41,500,仮定誤差の感度。ゲーム実測との一致・推定誤差の分布を保証しない
544444,25,知力,685,6,7,41,42,500,仮定誤差の感度。ゲーム実測との一致・推定誤差の分布を保証しない
544443,24,知力,685,7,7,41,41,500,仮定誤差の感度。ゲーム実測との一致・推定誤差の分布を保証しない
544433,23,知力,685,7,7,41,41,500,仮定誤差の感度。ゲーム実測との一致・推定誤差の分布を保証しない
544333,22,知力,685,7,7,41,41,500,仮定誤差の感度。ゲーム実測との一致・推定誤差の分布を保証しない
543333,21,知力,685,6,7,41,42,500,仮定誤差の感度。ゲーム実測との一致・推定誤差の分布を保証しない
533333,20,知力,685,6,7,41,42,500,仮定誤差の感度。ゲーム実測との一致・推定誤差の分布を保証しない
444444,24,知力,690,7,7,41,42,500,仮定誤差の感度。ゲーム実測との一致・推定誤差の分布を保証しない
444443,23,知力,690,7,7,42,42,500,仮定誤差の感度。ゲーム実測との一致・推定誤差の分布を保証しない
444433,22,知力,690,7,7,41,41,500,仮定誤差の感度。ゲーム実測との一致・推定誤差の分布を保証しない
444333,21,知力,690,7,7,42,42,500,仮定誤差の感度。ゲーム実測との一致・推定誤差の分布を保証しない
443333,20,知力,690,7,7,41,41,500,仮定誤差の感度。ゲーム実測との一致・推定誤差の分布を保証しない
433333,19,知力,690,6,7,41,42,500,仮定誤差の感度。ゲーム実測との一致・推定誤差の分布を保証しない
333333,18,知力,690,7,7,41,42,500,仮定誤差の感度。ゲーム実測との一致・推定誤差の分布を保証しない
887333,32,魅力,650,7,7,39,39,500,仮定誤差の感度。ゲーム実測との一致・推定誤差の分布を保証しない
886433,32,魅力,655,6,6,39,39,500,仮定誤差の感度。ゲーム実測との一致・推定誤差の分布を保証しない
886333,31,魅力,655,6,6,39,39,500,仮定誤差の感度。ゲーム実測との一致・推定誤差の分布を保証しない
885533,32,魅力,650,6,6,39,39,500,仮定誤差の感度。ゲーム実測との一致・推定誤差の分布を保証しない
885443,32,魅力,655,6,6,39,39,500,仮定誤差の感度。ゲーム実測との一致・推定誤差の分布を保証しない
885433,31,魅力,655,6,6,39,39,500,仮定誤差の感度。ゲーム実測との一致・推定誤差の分布を保証しない
885333,30,魅力,655,7,7,39,39,500,仮定誤差の感度。ゲーム実測との一致・推定誤差の分布を保証しない
884444,32,魅力,660,6,6,39,39,500,仮定誤差の感度。ゲーム実測との一致・推定誤差の分布を保証しない
884443,31,魅力,660,6,6,39,39,500,仮定誤差の感度。ゲーム実測との一致・推定誤差の分布を保証しない
884433,30,魅力,660,6,6,39,39,500,仮定誤差の感度。ゲーム実測との一致・推定誤差の分布を保証しない
884333,29,魅力,660,6,6,39,39,500,仮定誤差の感度。ゲーム実測との一致・推定誤差の分布を保証しない
883333,28,魅力,660,6,6,39,39,500,仮定誤差の感度。ゲーム実測との一致・推定誤差の分布を保証しない
877433,32,魅力,655,7,7,39,39,500,仮定誤差の感度。ゲーム実測との一致・推定誤差の分布を保証しない
877333,31,魅力,655,7,7,40,40,500,仮定誤差の感度。ゲーム実測との一致・推定誤差の分布を保証しない
876533,32,魅力,655,6,6,39,39,500,仮定誤差の感度。ゲーム実測との一致・推定誤差の分布を保証しない
876443,32,魅力,660,6,6,39,39,500,仮定誤差の感度。ゲーム実測との一致・推定誤差の分布を保証しない
876433,31,魅力,660,6,6,39,39,500,仮定誤差の感度。ゲーム実測との一致・推定誤差の分布を保証しない
876333,30,魅力,660,6,6,39,39,500,仮定誤差の感度。ゲーム実測との一致・推定誤差の分布を保証しない
875543,32,魅力,655,6,6,39,39,500,仮定誤差の感度。ゲーム実測との一致・推定誤差の分布を保証しない
875533,31,魅力,655,6,6,39,39,500,仮定誤差の感度。ゲーム実測との一致・推定誤差の分布を保証しない
875444,32,魅力,660,6,6,39,39,500,仮定誤差の感度。ゲーム実測との一致・推定誤差の分布を保証しない
875443,31,魅力,660,6,6,39,39,500,仮定誤差の感度。ゲーム実測との一致・推定誤差の分布を保証しない
875433,30,魅力,660,6,6,39,39,500,仮定誤差の感度。ゲーム実測との一致・推定誤差の分布を保証しない
875333,29,魅力,660,6,6,39,39,500,仮定誤差の感度。ゲーム実測との一致・推定誤差の分布を保証しない
874444,31,魅力,665,7,7,40,40,500,仮定誤差の感度。ゲーム実測との一致・推定誤差の分布を保証しない
874443,30,魅力,665,7,7,40,40,500,仮定誤差の感度。ゲーム実測との一致・推定誤差の分布を保証しない
874433,29,魅力,665,7,7,40,40,500,仮定誤差の感度。ゲーム実測との一致・推定誤差の分布を保証しない
874333,28,魅力,665,6,6,40,40,500,仮定誤差の感度。ゲーム実測との一致・推定誤差の分布を保証しない
873333,27,魅力,665,7,7,40,40,500,仮定誤差の感度。ゲーム実測との一致・推定誤差の分布を保証しない
866633,32,魅力,660,7,7,40,40,500,仮定誤差の感度。ゲーム実測との一致・推定誤差の分布を保証しない
866543,32,魅力,660,7,7,40,40,500,仮定誤差の感度。ゲーム実測との一致・推定誤差の分布を保証しない
866533,31,魅力,660,7,7,40,40,500,仮定誤差の感度。ゲーム実測との一致・推定誤差の分布を保証しない
866444,32,魅力,665,7,7,40,40,500,仮定誤差の感度。ゲーム実測との一致・推定誤差の分布を保証しない
866443,31,魅力,665,7,7,40,40,500,仮定誤差の感度。ゲーム実測との一致・推定誤差の分布を保証しない
866433,30,魅力,665,6,6,40,40,500,仮定誤差の感度。ゲーム実測との一致・推定誤差の分布を保証しない
866333,29,魅力,665,6,6,39,39,500,仮定誤差の感度。ゲーム実測との一致・推定誤差の分布を保証しない
865553,32,魅力,655,7,7,40,40,500,仮定誤差の感度。ゲーム実測との一致・推定誤差の分布を保証しない
865544,32,魅力,660,7,7,40,40,500,仮定誤差の感度。ゲーム実測との一致・推定誤差の分布を保証しない
865543,31,魅力,660,7,7,40,40,500,仮定誤差の感度。ゲーム実測との一致・推定誤差の分布を保証しない
865533,30,魅力,660,7,7,40,40,500,仮定誤差の感度。ゲーム実測との一致・推定誤差の分布を保証しない
865444,31,魅力,665,7,7,40,40,500,仮定誤差の感度。ゲーム実測との一致・推定誤差の分布を保証しない
865443,30,魅力,665,6,6,40,40,500,仮定誤差の感度。ゲーム実測との一致・推定誤差の分布を保証しない
865433,29,魅力,665,6,6,39,39,500,仮定誤差の感度。ゲーム実測との一致・推定誤差の分布を保証しない
865333,28,魅力,665,7,7,40,40,500,仮定誤差の感度。ゲーム実測との一致・推定誤差の分布を保証しない
864444,30,魅力,670,7,7,40,40,500,仮定誤差の感度。ゲーム実測との一致・推定誤差の分布を保証しない
864443,29,魅力,670,6,6,40,40,500,仮定誤差の感度。ゲーム実測との一致・推定誤差の分布を保証しない
864433,28,魅力,670,7,7,40,40,500,仮定誤差の感度。ゲーム実測との一致・推定誤差の分布を保証しない
864333,27,魅力,670,6,6,40,40,500,仮定誤差の感度。ゲーム実測との一致・推定誤差の分布を保証しない
863333,26,魅力,670,7,7,40,40,500,仮定誤差の感度。ゲーム実測との一致・推定誤差の分布を保証しない
855554,32,魅力,655,7,7,40,40,500,仮定誤差の感度。ゲーム実測との一致・推定誤差の分布を保証しない
855553,31,魅力,655,7,7,40,40,500,仮定誤差の感度。ゲーム実測との一致・推定誤差の分布を保証しない
855544,31,魅力,660,7,7,40,40,500,仮定誤差の感度。ゲーム実測との一致・推定誤差の分布を保証しない
855543,30,魅力,660,7,7,40,40,500,仮定誤差の感度。ゲーム実測との一致・推定誤差の分布を保証しない
855533,29,魅力,660,7,7,40,40,500,仮定誤差の感度。ゲーム実測との一致・推定誤差の分布を保証しない
855444,30,魅力,665,6,6,40,40,500,仮定誤差の感度。ゲーム実測との一致・推定誤差の分布を保証しない
855443,29,魅力,665,6,6,39,39,500,仮定誤差の感度。ゲーム実測との一致・推定誤差の分布を保証しない
855433,28,魅力,665,7,7,40,40,500,仮定誤差の感度。ゲーム実測との一致・推定誤差の分布を保証しない
855333,27,魅力,665,7,7,40,40,500,仮定誤差の感度。ゲーム実測との一致・推定誤差の分布を保証しない
854444,29,魅力,670,6,6,40,40,500,仮定誤差の感度。ゲーム実測との一致・推定誤差の分布を保証しない
854443,28,魅力,670,7,7,40,40,500,仮定誤差の感度。ゲーム実測との一致・推定誤差の分布を保証しない
854433,27,魅力,670,6,6,40,40,500,仮定誤差の感度。ゲーム実測との一致・推定誤差の分布を保証しない
854333,26,魅力,670,7,7,40,40,500,仮定誤差の感度。ゲーム実測との一致・推定誤差の分布を保証しない
853333,25,魅力,670,6,6,40,40,500,仮定誤差の感度。ゲーム実測との一致・推定誤差の分布を保証しない
844444,28,魅力,675,7,7,41,41,500,仮定誤差の感度。ゲーム実測との一致・推定誤差の分布を保証しない
844443,27,魅力,675,7,7,41,41,500,仮定誤差の感度。ゲーム実測との一致・推定誤差の分布を保証しない
844433,26,魅力,675,6,6,40,40,500,仮定誤差の感度。ゲーム実測との一致・推定誤差の分布を保証しない
844333,25,魅力,675,7,7,40,40,500,仮定誤差の感度。ゲーム実測との一致・推定誤差の分布を保証しない
843333,24,魅力,675,7,7,41,41,500,仮定誤差の感度。ゲーム実測との一致・推定誤差の分布を保証しない
833333,23,魅力,675,7,7,41,41,500,仮定誤差の感度。ゲーム実測との一致・推定誤差の分布を保証しない
777533,32,魅力,655,6,7,39,39,500,仮定誤差の感度。ゲーム実測との一致・推定誤差の分布を保証しない
777443,32,魅力,660,6,7,39,40,500,仮定誤差の感度。ゲーム実測との一致・推定誤差の分布を保証しない
777433,31,魅力,660,6,7,39,40,500,仮定誤差の感度。ゲーム実測との一致・推定誤差の分布を保証しない
777333,30,魅力,660,6,7,39,40,500,仮定誤差の感度。ゲーム実測との一致・推定誤差の分布を保証しない
776633,32,魅力,660,6,6,39,39,500,仮定誤差の感度。ゲーム実測との一致・推定誤差の分布を保証しない
776543,32,魅力,660,6,6,39,39,500,仮定誤差の感度。ゲーム実測との一致・推定誤差の分布を保証しない
776533,31,魅力,660,6,6,39,39,500,仮定誤差の感度。ゲーム実測との一致・推定誤差の分布を保証しない
776444,32,魅力,665,6,6,40,40,500,仮定誤差の感度。ゲーム実測との一致・推定誤差の分布を保証しない
776443,31,魅力,665,7,7,40,40,500,仮定誤差の感度。ゲーム実測との一致・推定誤差の分布を保証しない
776433,30,魅力,665,7,7,40,40,500,仮定誤差の感度。ゲーム実測との一致・推定誤差の分布を保証しない
776333,29,魅力,665,7,7,40,40,500,仮定誤差の感度。ゲーム実測との一致・推定誤差の分布を保証しない
775553,32,魅力,655,6,7,39,39,500,仮定誤差の感度。ゲーム実測との一致・推定誤差の分布を保証しない
775544,32,魅力,660,6,6,39,39,500,仮定誤差の感度。ゲーム実測との一致・推定誤差の分布を保証しない
775543,31,魅力,660,6,6,39,39,500,仮定誤差の感度。ゲーム実測との一致・推定誤差の分布を保証しない
775533,30,魅力,660,6,6,39,39,500,仮定誤差の感度。ゲーム実測との一致・推定誤差の分布を保証しない
775444,31,魅力,665,7,7,40,40,500,仮定誤差の感度。ゲーム実測との一致・推定誤差の分布を保証しない
775443,30,魅力,665,7,7,40,40,500,仮定誤差の感度。ゲーム実測との一致・推定誤差の分布を保証しない
775433,29,魅力,665,7,7,40,40,500,仮定誤差の感度。ゲーム実測との一致・推定誤差の分布を保証しない
775333,28,魅力,665,6,6,40,40,500,仮定誤差の感度。ゲーム実測との一致・推定誤差の分布を保証しない
774444,30,魅力,670,6,7,40,40,500,仮定誤差の感度。ゲーム実測との一致・推定誤差の分布を保証しない
774443,29,魅力,670,7,7,40,40,500,仮定誤差の感度。ゲーム実測との一致・推定誤差の分布を保証しない
774433,28,魅力,670,6,6,40,40,500,仮定誤差の感度。ゲーム実測との一致・推定誤差の分布を保証しない
774333,27,魅力,670,7,7,40,40,500,仮定誤差の感度。ゲーム実測との一致・推定誤差の分布を保証しない
773333,26,魅力,670,6,7,40,40,500,仮定誤差の感度。ゲーム実測との一致・推定誤差の分布を保証しない
766643,32,魅力,665,7,7,40,40,500,仮定誤差の感度。ゲーム実測との一致・推定誤差の分布を保証しない
766633,31,魅力,665,7,7,40,40,500,仮定誤差の感度。ゲーム実測との一致・推定誤差の分布を保証しない
766553,32,魅力,660,7,7,40,40,500,仮定誤差の感度。ゲーム実測との一致・推定誤差の分布を保証しない
766544,32,魅力,665,7,7,40,40,500,仮定誤差の感度。ゲーム実測との一致・推定誤差の分布を保証しない
766543,31,魅力,665,7,7,40,40,500,仮定誤差の感度。ゲーム実測との一致・推定誤差の分布を保証しない
766533,30,魅力,665,6,6,40,40,500,仮定誤差の感度。ゲーム実測との一致・推定誤差の分布を保証しない
766444,31,魅力,670,6,6,40,40,500,仮定誤差の感度。ゲーム実測との一致・推定誤差の分布を保証しない
766443,30,魅力,670,7,7,40,40,500,仮定誤差の感度。ゲーム実測との一致・推定誤差の分布を保証しない
766433,29,魅力,670,6,6,40,40,500,仮定誤差の感度。ゲーム実測との一致・推定誤差の分布を保証しない
766333,28,魅力,670,7,7,40,40,500,仮定誤差の感度。ゲーム実測との一致・推定誤差の分布を保証しない
765554,32,魅力,660,7,7,40,40,500,仮定誤差の感度。ゲーム実測との一致・推定誤差の分布を保証しない
765553,31,魅力,660,7,7,40,40,500,仮定誤差の感度。ゲーム実測との一致・推定誤差の分布を保証しない
765544,31,魅力,665,7,7,40,40,500,仮定誤差の感度。ゲーム実測との一致・推定誤差の分布を保証しない
765543,30,魅力,665,6,6,40,40,500,仮定誤差の感度。ゲーム実測との一致・推定誤差の分布を保証しない
765533,29,魅力,665,6,6,39,39,500,仮定誤差の感度。ゲーム実測との一致・推定誤差の分布を保証しない
765444,30,魅力,670,7,7,40,40,500,仮定誤差の感度。ゲーム実測との一致・推定誤差の分布を保証しない
765443,29,魅力,670,6,6,40,40,500,仮定誤差の感度。ゲーム実測との一致・推定誤差の分布を保証しない
765433,28,魅力,670,7,7,40,40,500,仮定誤差の感度。ゲーム実測との一致・推定誤差の分布を保証しない
765333,27,魅力,670,6,6,40,40,500,仮定誤差の感度。ゲーム実測との一致・推定誤差の分布を保証しない
764444,29,魅力,675,7,7,40,40,500,仮定誤差の感度。ゲーム実測との一致・推定誤差の分布を保証しない
764443,28,魅力,675,7,7,41,41,500,仮定誤差の感度。ゲーム実測との一致・推定誤差の分布を保証しない
764433,27,魅力,675,7,7,41,41,500,仮定誤差の感度。ゲーム実測との一致・推定誤差の分布を保証しない
764333,26,魅力,675,6,6,40,40,500,仮定誤差の感度。ゲーム実測との一致・推定誤差の分布を保証しない
763333,25,魅力,675,7,7,40,40,500,仮定誤差の感度。ゲーム実測との一致・推定誤差の分布を保証しない
755555,32,魅力,655,6,7,39,40,500,仮定誤差の感度。ゲーム実測との一致・推定誤差の分布を保証しない
755554,31,魅力,660,6,7,39,40,500,仮定誤差の感度。ゲーム実測との一致・推定誤差の分布を保証しない
755553,30,魅力,660,6,7,39,40,500,仮定誤差の感度。ゲーム実測との一致・推定誤差の分布を保証しない
755544,30,魅力,665,6,6,40,40,500,仮定誤差の感度。ゲーム実測との一致・推定誤差の分布を保証しない
755543,29,魅力,665,6,6,39,39,500,仮定誤差の感度。ゲーム実測との一致・推定誤差の分布を保証しない
755533,28,魅力,665,7,7,40,40,500,仮定誤差の感度。ゲーム実測との一致・推定誤差の分布を保証しない
755444,29,魅力,670,6,6,40,40,500,仮定誤差の感度。ゲーム実測との一致・推定誤差の分布を保証しない
755443,28,魅力,670,7,7,40,40,500,仮定誤差の感度。ゲーム実測との一致・推定誤差の分布を保証しない
755433,27,魅力,670,6,6,40,40,500,仮定誤差の感度。ゲーム実測との一致・推定誤差の分布を保証しない
755333,26,魅力,670,7,7,40,40,500,仮定誤差の感度。ゲーム実測との一致・推定誤差の分布を保証しない
754444,28,魅力,675,7,7,41,41,500,仮定誤差の感度。ゲーム実測との一致・推定誤差の分布を保証しない
754443,27,魅力,675,7,7,41,41,500,仮定誤差の感度。ゲーム実測との一致・推定誤差の分布を保証しない
754433,26,魅力,675,6,6,40,40,500,仮定誤差の感度。ゲーム実測との一致・推定誤差の分布を保証しない
754333,25,魅力,675,7,7,40,40,500,仮定誤差の感度。ゲーム実測との一致・推定誤差の分布を保証しない
753333,24,魅力,675,7,7,41,41,500,仮定誤差の感度。ゲーム実測との一致・推定誤差の分布を保証しない
744444,27,魅力,680,7,7,41,41,500,仮定誤差の感度。ゲーム実測との一致・推定誤差の分布を保証しない
744443,26,魅力,680,7,7,41,41,500,仮定誤差の感度。ゲーム実測との一致・推定誤差の分布を保証しない
744433,25,魅力,680,7,7,41,41,500,仮定誤差の感度。ゲーム実測との一致・推定誤差の分布を保証しない
744333,24,魅力,680,7,7,41,41,500,仮定誤差の感度。ゲーム実測との一致・推定誤差の分布を保証しない
743333,23,魅力,680,7,7,41,41,500,仮定誤差の感度。ゲーム実測との一致・推定誤差の分布を保証しない
733333,22,魅力,680,7,7,41,41,500,仮定誤差の感度。ゲーム実測との一致・推定誤差の分布を保証しない
666653,32,魅力,665,7,7,40,40,500,仮定誤差の感度。ゲーム実測との一致・推定誤差の分布を保証しない
666644,32,魅力,670,7,7,40,40,500,仮定誤差の感度。ゲーム実測との一致・推定誤差の分布を保証しない
666643,31,魅力,670,7,7,41,41,500,仮定誤差の感度。ゲーム実測との一致・推定誤差の分布を保証しない
666633,30,魅力,670,7,7,40,40,500,仮定誤差の感度。ゲーム実測との一致・推定誤差の分布を保証しない
666554,32,魅力,665,7,7,40,40,500,仮定誤差の感度。ゲーム実測との一致・推定誤差の分布を保証しない
666553,31,魅力,665,6,6,40,40,500,仮定誤差の感度。ゲーム実測との一致・推定誤差の分布を保証しない
666544,31,魅力,670,7,7,41,41,500,仮定誤差の感度。ゲーム実測との一致・推定誤差の分布を保証しない
666543,30,魅力,670,7,7,40,40,500,仮定誤差の感度。ゲーム実測との一致・推定誤差の分布を保証しない
666533,29,魅力,670,7,7,41,41,500,仮定誤差の感度。ゲーム実測との一致・推定誤差の分布を保証しない
666444,30,魅力,675,7,7,41,41,500,仮定誤差の感度。ゲーム実測との一致・推定誤差の分布を保証しない
666443,29,魅力,675,6,6,40,40,500,仮定誤差の感度。ゲーム実測との一致・推定誤差の分布を保証しない
666433,28,魅力,675,7,7,40,40,500,仮定誤差の感度。ゲーム実測との一致・推定誤差の分布を保証しない
666333,27,魅力,675,7,7,41,41,500,仮定誤差の感度。ゲーム実測との一致・推定誤差の分布を保証しない
665555,32,魅力,660,7,7,40,40,500,仮定誤差の感度。ゲーム実測との一致・推定誤差の分布を保証しない
665554,31,魅力,665,6,6,40,40,500,仮定誤差の感度。ゲーム実測との一致・推定誤差の分布を保証しない
665553,30,魅力,665,7,7,40,40,500,仮定誤差の感度。ゲーム実測との一致・推定誤差の分布を保証しない
665544,30,魅力,670,7,7,40,40,500,仮定誤差の感度。ゲーム実測との一致・推定誤差の分布を保証しない
665543,29,魅力,670,7,7,41,41,500,仮定誤差の感度。ゲーム実測との一致・推定誤差の分布を保証しない
665533,28,魅力,670,7,7,40,40,500,仮定誤差の感度。ゲーム実測との一致・推定誤差の分布を保証しない
665444,29,魅力,675,6,6,40,40,500,仮定誤差の感度。ゲーム実測との一致・推定誤差の分布を保証しない
665443,28,魅力,675,7,7,40,40,500,仮定誤差の感度。ゲーム実測との一致・推定誤差の分布を保証しない
665433,27,魅力,675,7,7,41,41,500,仮定誤差の感度。ゲーム実測との一致・推定誤差の分布を保証しない
665333,26,魅力,675,7,7,41,41,500,仮定誤差の感度。ゲーム実測との一致・推定誤差の分布を保証しない
664444,28,魅力,680,6,6,40,40,500,仮定誤差の感度。ゲーム実測との一致・推定誤差の分布を保証しない
664443,27,魅力,680,6,6,40,40,500,仮定誤差の感度。ゲーム実測との一致・推定誤差の分布を保証しない
664433,26,魅力,680,6,6,40,40,500,仮定誤差の感度。ゲーム実測との一致・推定誤差の分布を保証しない
664333,25,魅力,680,6,6,40,40,500,仮定誤差の感度。ゲーム実測との一致・推定誤差の分布を保証しない
663333,24,魅力,680,6,6,40,40,500,仮定誤差の感度。ゲーム実測との一致・推定誤差の分布を保証しない
655555,31,魅力,660,6,7,39,40,500,仮定誤差の感度。ゲーム実測との一致・推定誤差の分布を保証しない
655554,30,魅力,665,7,7,40,40,500,仮定誤差の感度。ゲーム実測との一致・推定誤差の分布を保証しない
655553,29,魅力,665,7,7,40,40,500,仮定誤差の感度。ゲーム実測との一致・推定誤差の分布を保証しない
655544,29,魅力,670,7,7,41,41,500,仮定誤差の感度。ゲーム実測との一致・推定誤差の分布を保証しない
655543,28,魅力,670,7,7,40,40,500,仮定誤差の感度。ゲーム実測との一致・推定誤差の分布を保証しない
655533,27,魅力,670,7,7,41,41,500,仮定誤差の感度。ゲーム実測との一致・推定誤差の分布を保証しない
655444,28,魅力,675,7,7,40,40,500,仮定誤差の感度。ゲーム実測との一致・推定誤差の分布を保証しない
655443,27,魅力,675,7,7,41,41,500,仮定誤差の感度。ゲーム実測との一致・推定誤差の分布を保証しない
655433,26,魅力,675,7,7,41,41,500,仮定誤差の感度。ゲーム実測との一致・推定誤差の分布を保証しない
655333,25,魅力,675,6,6,40,40,500,仮定誤差の感度。ゲーム実測との一致・推定誤差の分布を保証しない
654444,27,魅力,680,6,6,40,40,500,仮定誤差の感度。ゲーム実測との一致・推定誤差の分布を保証しない
654443,26,魅力,680,6,6,40,40,500,仮定誤差の感度。ゲーム実測との一致・推定誤差の分布を保証しない
654433,25,魅力,680,6,6,40,40,500,仮定誤差の感度。ゲーム実測との一致・推定誤差の分布を保証しない
654333,24,魅力,680,6,6,40,40,500,仮定誤差の感度。ゲーム実測との一致・推定誤差の分布を保証しない
653333,23,魅力,680,6,6,40,40,500,仮定誤差の感度。ゲーム実測との一致・推定誤差の分布を保証しない
644444,26,魅力,685,7,7,41,41,500,仮定誤差の感度。ゲーム実測との一致・推定誤差の分布を保証しない
644443,25,魅力,685,7,7,42,42,500,仮定誤差の感度。ゲーム実測との一致・推定誤差の分布を保証しない
644433,24,魅力,685,7,7,41,41,500,仮定誤差の感度。ゲーム実測との一致・推定誤差の分布を保証しない
644333,23,魅力,685,7,7,41,41,500,仮定誤差の感度。ゲーム実測との一致・推定誤差の分布を保証しない
643333,22,魅力,685,7,7,41,41,500,仮定誤差の感度。ゲーム実測との一致・推定誤差の分布を保証しない
633333,21,魅力,685,6,7,41,42,500,仮定誤差の感度。ゲーム実測との一致・推定誤差の分布を保証しない
555555,30,魅力,660,6,7,39,40,500,仮定誤差の感度。ゲーム実測との一致・推定誤差の分布を保証しない
555554,29,魅力,665,6,7,39,40,500,仮定誤差の感度。ゲーム実測との一致・推定誤差の分布を保証しない
555553,28,魅力,665,6,7,40,40,500,仮定誤差の感度。ゲーム実測との一致・推定誤差の分布を保証しない
555544,28,魅力,670,7,7,40,40,500,仮定誤差の感度。ゲーム実測との一致・推定誤差の分布を保証しない
555543,27,魅力,670,7,7,41,41,500,仮定誤差の感度。ゲーム実測との一致・推定誤差の分布を保証しない
555533,26,魅力,670,7,7,40,40,500,仮定誤差の感度。ゲーム実測との一致・推定誤差の分布を保証しない
555444,27,魅力,675,7,7,41,41,500,仮定誤差の感度。ゲーム実測との一致・推定誤差の分布を保証しない
555443,26,魅力,675,7,7,41,41,500,仮定誤差の感度。ゲーム実測との一致・推定誤差の分布を保証しない
555433,25,魅力,675,6,6,40,40,500,仮定誤差の感度。ゲーム実測との一致・推定誤差の分布を保証しない
555333,24,魅力,675,7,7,40,40,500,仮定誤差の感度。ゲーム実測との一致・推定誤差の分布を保証しない
554444,26,魅力,680,6,6,40,40,500,仮定誤差の感度。ゲーム実測との一致・推定誤差の分布を保証しない
554443,25,魅力,680,6,6,40,40,500,仮定誤差の感度。ゲーム実測との一致・推定誤差の分布を保証しない
554433,24,魅力,680,6,6,40,40,500,仮定誤差の感度。ゲーム実測との一致・推定誤差の分布を保証しない
554333,23,魅力,680,6,6,40,40,500,仮定誤差の感度。ゲーム実測との一致・推定誤差の分布を保証しない
553333,22,魅力,680,6,6,40,40,500,仮定誤差の感度。ゲーム実測との一致・推定誤差の分布を保証しない
544444,25,魅力,685,6,7,41,42,500,仮定誤差の感度。ゲーム実測との一致・推定誤差の分布を保証しない
544443,24,魅力,685,7,7,41,41,500,仮定誤差の感度。ゲーム実測との一致・推定誤差の分布を保証しない
544433,23,魅力,685,7,7,41,41,500,仮定誤差の感度。ゲーム実測との一致・推定誤差の分布を保証しない
544333,22,魅力,685,7,7,41,41,500,仮定誤差の感度。ゲーム実測との一致・推定誤差の分布を保証しない
543333,21,魅力,685,7,7,42,42,500,仮定誤差の感度。ゲーム実測との一致・推定誤差の分布を保証しない
533333,20,魅力,685,7,7,41,41,500,仮定誤差の感度。ゲーム実測との一致・推定誤差の分布を保証しない
444444,24,魅力,690,7,7,41,41,500,仮定誤差の感度。ゲーム実測との一致・推定誤差の分布を保証しない
444443,23,魅力,690,7,7,42,42,500,仮定誤差の感度。ゲーム実測との一致・推定誤差の分布を保証しない
444433,22,魅力,690,7,7,41,41,500,仮定誤差の感度。ゲーム実測との一致・推定誤差の分布を保証しない
444333,21,魅力,690,7,7,42,42,500,仮定誤差の感度。ゲーム実測との一致・推定誤差の分布を保証しない
443333,20,魅力,690,7,7,41,41,500,仮定誤差の感度。ゲーム実測との一致・推定誤差の分布を保証しない
433333,19,魅力,690,7,7,42,42,500,仮定誤差の感度。ゲーム実測との一致・推定誤差の分布を保証しない
333333,18,魅力,690,7,7,41,41,500,仮定誤差の感度。ゲーム実測との一致・推定誤差の分布を保証しない
887333,32,土属性,650,6,7,39,39,500,仮定誤差の感度。ゲーム実測との一致・推定誤差の分布を保証しない
886433,32,土属性,655,6,7,39,40,500,仮定誤差の感度。ゲーム実測との一致・推定誤差の分布を保証しない
886333,31,土属性,655,6,7,39,40,500,仮定誤差の感度。ゲーム実測との一致・推定誤差の分布を保証しない
885533,32,土属性,650,6,7,39,39,500,仮定誤差の感度。ゲーム実測との一致・推定誤差の分布を保証しない
885443,32,土属性,655,6,7,39,40,500,仮定誤差の感度。ゲーム実測との一致・推定誤差の分布を保証しない
885433,31,土属性,655,6,7,39,40,500,仮定誤差の感度。ゲーム実測との一致・推定誤差の分布を保証しない
885333,30,土属性,655,6,7,39,40,500,仮定誤差の感度。ゲーム実測との一致・推定誤差の分布を保証しない
884444,32,土属性,660,6,7,39,40,500,仮定誤差の感度。ゲーム実測との一致・推定誤差の分布を保証しない
884443,31,土属性,660,6,7,39,40,500,仮定誤差の感度。ゲーム実測との一致・推定誤差の分布を保証しない
884433,30,土属性,660,6,7,39,40,500,仮定誤差の感度。ゲーム実測との一致・推定誤差の分布を保証しない
884333,29,土属性,660,6,7,39,40,500,仮定誤差の感度。ゲーム実測との一致・推定誤差の分布を保証しない
883333,28,土属性,660,6,7,39,40,500,仮定誤差の感度。ゲーム実測との一致・推定誤差の分布を保証しない
877433,32,土属性,655,6,7,39,40,500,仮定誤差の感度。ゲーム実測との一致・推定誤差の分布を保証しない
877333,31,土属性,655,6,7,39,40,500,仮定誤差の感度。ゲーム実測との一致・推定誤差の分布を保証しない
876533,32,土属性,655,6,7,39,40,500,仮定誤差の感度。ゲーム実測との一致・推定誤差の分布を保証しない
876443,32,土属性,660,6,7,39,40,500,仮定誤差の感度。ゲーム実測との一致・推定誤差の分布を保証しない
876433,31,土属性,660,6,7,39,40,500,仮定誤差の感度。ゲーム実測との一致・推定誤差の分布を保証しない
876333,30,土属性,660,6,7,39,40,500,仮定誤差の感度。ゲーム実測との一致・推定誤差の分布を保証しない
875543,32,土属性,655,6,7,39,40,500,仮定誤差の感度。ゲーム実測との一致・推定誤差の分布を保証しない
875533,31,土属性,655,6,7,39,40,500,仮定誤差の感度。ゲーム実測との一致・推定誤差の分布を保証しない
875444,32,土属性,660,6,7,39,40,500,仮定誤差の感度。ゲーム実測との一致・推定誤差の分布を保証しない
875443,31,土属性,660,6,7,39,40,500,仮定誤差の感度。ゲーム実測との一致・推定誤差の分布を保証しない
875433,30,土属性,660,6,7,39,40,500,仮定誤差の感度。ゲーム実測との一致・推定誤差の分布を保証しない
875333,29,土属性,660,6,7,39,40,500,仮定誤差の感度。ゲーム実測との一致・推定誤差の分布を保証しない
874444,31,土属性,665,6,7,39,40,500,仮定誤差の感度。ゲーム実測との一致・推定誤差の分布を保証しない
874443,30,土属性,665,6,7,39,40,500,仮定誤差の感度。ゲーム実測との一致・推定誤差の分布を保証しない
874433,29,土属性,665,6,7,40,40,500,仮定誤差の感度。ゲーム実測との一致・推定誤差の分布を保証しない
874333,28,土属性,665,6,7,40,40,500,仮定誤差の感度。ゲーム実測との一致・推定誤差の分布を保証しない
873333,27,土属性,665,6,7,39,40,500,仮定誤差の感度。ゲーム実測との一致・推定誤差の分布を保証しない
866633,32,土属性,660,6,7,39,40,500,仮定誤差の感度。ゲーム実測との一致・推定誤差の分布を保証しない
866543,32,土属性,660,6,7,39,40,500,仮定誤差の感度。ゲーム実測との一致・推定誤差の分布を保証しない
866533,31,土属性,660,6,7,39,40,500,仮定誤差の感度。ゲーム実測との一致・推定誤差の分布を保証しない
866444,32,土属性,665,6,7,39,40,500,仮定誤差の感度。ゲーム実測との一致・推定誤差の分布を保証しない
866443,31,土属性,665,6,7,39,40,500,仮定誤差の感度。ゲーム実測との一致・推定誤差の分布を保証しない
866433,30,土属性,665,6,7,40,40,500,仮定誤差の感度。ゲーム実測との一致・推定誤差の分布を保証しない
866333,29,土属性,665,6,7,40,40,500,仮定誤差の感度。ゲーム実測との一致・推定誤差の分布を保証しない
865553,32,土属性,655,6,7,39,40,500,仮定誤差の感度。ゲーム実測との一致・推定誤差の分布を保証しない
865544,32,土属性,660,6,7,39,40,500,仮定誤差の感度。ゲーム実測との一致・推定誤差の分布を保証しない
865543,31,土属性,660,6,7,39,40,500,仮定誤差の感度。ゲーム実測との一致・推定誤差の分布を保証しない
865533,30,土属性,660,6,7,39,40,500,仮定誤差の感度。ゲーム実測との一致・推定誤差の分布を保証しない
865444,31,土属性,665,6,7,39,40,500,仮定誤差の感度。ゲーム実測との一致・推定誤差の分布を保証しない
865443,30,土属性,665,6,7,39,40,500,仮定誤差の感度。ゲーム実測との一致・推定誤差の分布を保証しない
865433,29,土属性,665,6,7,40,40,500,仮定誤差の感度。ゲーム実測との一致・推定誤差の分布を保証しない
865333,28,土属性,665,6,7,39,40,500,仮定誤差の感度。ゲーム実測との一致・推定誤差の分布を保証しない
864444,30,土属性,670,6,7,40,40,500,仮定誤差の感度。ゲーム実測との一致・推定誤差の分布を保証しない
864443,29,土属性,670,6,7,40,41,500,仮定誤差の感度。ゲーム実測との一致・推定誤差の分布を保証しない
864433,28,土属性,670,6,7,40,41,500,仮定誤差の感度。ゲーム実測との一致・推定誤差の分布を保証しない
864333,27,土属性,670,6,7,40,41,500,仮定誤差の感度。ゲーム実測との一致・推定誤差の分布を保証しない
863333,26,土属性,670,6,7,40,41,500,仮定誤差の感度。ゲーム実測との一致・推定誤差の分布を保証しない
855554,32,土属性,655,6,7,39,40,500,仮定誤差の感度。ゲーム実測との一致・推定誤差の分布を保証しない
855553,31,土属性,655,6,7,39,40,500,仮定誤差の感度。ゲーム実測との一致・推定誤差の分布を保証しない
855544,31,土属性,660,6,7,39,40,500,仮定誤差の感度。ゲーム実測との一致・推定誤差の分布を保証しない
855543,30,土属性,660,6,7,39,40,500,仮定誤差の感度。ゲーム実測との一致・推定誤差の分布を保証しない
855533,29,土属性,660,6,7,39,40,500,仮定誤差の感度。ゲーム実測との一致・推定誤差の分布を保証しない
855444,30,土属性,665,6,7,40,40,500,仮定誤差の感度。ゲーム実測との一致・推定誤差の分布を保証しない
855443,29,土属性,665,6,7,40,40,500,仮定誤差の感度。ゲーム実測との一致・推定誤差の分布を保証しない
855433,28,土属性,665,6,7,40,40,500,仮定誤差の感度。ゲーム実測との一致・推定誤差の分布を保証しない
855333,27,土属性,665,6,7,39,40,500,仮定誤差の感度。ゲーム実測との一致・推定誤差の分布を保証しない
854444,29,土属性,670,6,7,40,41,500,仮定誤差の感度。ゲーム実測との一致・推定誤差の分布を保証しない
854443,28,土属性,670,6,7,40,41,500,仮定誤差の感度。ゲーム実測との一致・推定誤差の分布を保証しない
854433,27,土属性,670,6,7,40,41,500,仮定誤差の感度。ゲーム実測との一致・推定誤差の分布を保証しない
854333,26,土属性,670,6,7,40,41,500,仮定誤差の感度。ゲーム実測との一致・推定誤差の分布を保証しない
853333,25,土属性,670,6,7,40,41,500,仮定誤差の感度。ゲーム実測との一致・推定誤差の分布を保証しない
844444,28,土属性,675,6,7,40,41,500,仮定誤差の感度。ゲーム実測との一致・推定誤差の分布を保証しない
844443,27,土属性,675,6,7,40,41,500,仮定誤差の感度。ゲーム実測との一致・推定誤差の分布を保証しない
844433,26,土属性,675,6,7,40,41,500,仮定誤差の感度。ゲーム実測との一致・推定誤差の分布を保証しない
844333,25,土属性,675,6,7,40,41,500,仮定誤差の感度。ゲーム実測との一致・推定誤差の分布を保証しない
843333,24,土属性,675,6,7,40,41,500,仮定誤差の感度。ゲーム実測との一致・推定誤差の分布を保証しない
833333,23,土属性,675,6,7,40,41,500,仮定誤差の感度。ゲーム実測との一致・推定誤差の分布を保証しない
777533,32,土属性,655,6,7,39,40,500,仮定誤差の感度。ゲーム実測との一致・推定誤差の分布を保証しない
777443,32,土属性,660,6,7,39,40,500,仮定誤差の感度。ゲーム実測との一致・推定誤差の分布を保証しない
777433,31,土属性,660,6,7,39,40,500,仮定誤差の感度。ゲーム実測との一致・推定誤差の分布を保証しない
777333,30,土属性,660,6,7,39,40,500,仮定誤差の感度。ゲーム実測との一致・推定誤差の分布を保証しない
776633,32,土属性,660,6,7,39,40,500,仮定誤差の感度。ゲーム実測との一致・推定誤差の分布を保証しない
776543,32,土属性,660,6,7,39,40,500,仮定誤差の感度。ゲーム実測との一致・推定誤差の分布を保証しない
776533,31,土属性,660,6,7,39,40,500,仮定誤差の感度。ゲーム実測との一致・推定誤差の分布を保証しない
776444,32,土属性,665,6,7,39,40,500,仮定誤差の感度。ゲーム実測との一致・推定誤差の分布を保証しない
776443,31,土属性,665,6,7,39,40,500,仮定誤差の感度。ゲーム実測との一致・推定誤差の分布を保証しない
776433,30,土属性,665,6,7,40,40,500,仮定誤差の感度。ゲーム実測との一致・推定誤差の分布を保証しない
776333,29,土属性,665,6,7,40,40,500,仮定誤差の感度。ゲーム実測との一致・推定誤差の分布を保証しない
775553,32,土属性,655,6,7,39,40,500,仮定誤差の感度。ゲーム実測との一致・推定誤差の分布を保証しない
775544,32,土属性,660,6,7,39,40,500,仮定誤差の感度。ゲーム実測との一致・推定誤差の分布を保証しない
775543,31,土属性,660,6,7,39,40,500,仮定誤差の感度。ゲーム実測との一致・推定誤差の分布を保証しない
775533,30,土属性,660,6,7,39,40,500,仮定誤差の感度。ゲーム実測との一致・推定誤差の分布を保証しない
775444,31,土属性,665,6,7,39,40,500,仮定誤差の感度。ゲーム実測との一致・推定誤差の分布を保証しない
775443,30,土属性,665,6,7,39,40,500,仮定誤差の感度。ゲーム実測との一致・推定誤差の分布を保証しない
775433,29,土属性,665,6,7,40,40,500,仮定誤差の感度。ゲーム実測との一致・推定誤差の分布を保証しない
775333,28,土属性,665,6,7,39,40,500,仮定誤差の感度。ゲーム実測との一致・推定誤差の分布を保証しない
774444,30,土属性,670,6,7,40,41,500,仮定誤差の感度。ゲーム実測との一致・推定誤差の分布を保証しない
774443,29,土属性,670,6,7,40,41,500,仮定誤差の感度。ゲーム実測との一致・推定誤差の分布を保証しない
774433,28,土属性,670,6,7,40,41,500,仮定誤差の感度。ゲーム実測との一致・推定誤差の分布を保証しない
774333,27,土属性,670,6,7,40,41,500,仮定誤差の感度。ゲーム実測との一致・推定誤差の分布を保証しない
773333,26,土属性,670,6,7,40,41,500,仮定誤差の感度。ゲーム実測との一致・推定誤差の分布を保証しない
766643,32,土属性,665,6,7,39,40,500,仮定誤差の感度。ゲーム実測との一致・推定誤差の分布を保証しない
766633,31,土属性,665,6,7,40,40,500,仮定誤差の感度。ゲーム実測との一致・推定誤差の分布を保証しない
766553,32,土属性,660,6,7,39,40,500,仮定誤差の感度。ゲーム実測との一致・推定誤差の分布を保証しない
766544,32,土属性,665,6,7,39,40,500,仮定誤差の感度。ゲーム実測との一致・推定誤差の分布を保証しない
766543,31,土属性,665,6,7,39,40,500,仮定誤差の感度。ゲーム実測との一致・推定誤差の分布を保証しない
766533,30,土属性,665,6,7,40,40,500,仮定誤差の感度。ゲーム実測との一致・推定誤差の分布を保証しない
766444,31,土属性,670,6,7,40,41,500,仮定誤差の感度。ゲーム実測との一致・推定誤差の分布を保証しない
766443,30,土属性,670,6,7,40,41,500,仮定誤差の感度。ゲーム実測との一致・推定誤差の分布を保証しない
766433,29,土属性,670,6,7,40,41,500,仮定誤差の感度。ゲーム実測との一致・推定誤差の分布を保証しない
766333,28,土属性,670,6,7,40,41,500,仮定誤差の感度。ゲーム実測との一致・推定誤差の分布を保証しない
765554,32,土属性,660,6,7,39,40,500,仮定誤差の感度。ゲーム実測との一致・推定誤差の分布を保証しない
765553,31,土属性,660,6,7,39,40,500,仮定誤差の感度。ゲーム実測との一致・推定誤差の分布を保証しない
765544,31,土属性,665,6,7,39,40,500,仮定誤差の感度。ゲーム実測との一致・推定誤差の分布を保証しない
765543,30,土属性,665,6,7,40,40,500,仮定誤差の感度。ゲーム実測との一致・推定誤差の分布を保証しない
765533,29,土属性,665,6,7,40,40,500,仮定誤差の感度。ゲーム実測との一致・推定誤差の分布を保証しない
765444,30,土属性,670,6,7,40,41,500,仮定誤差の感度。ゲーム実測との一致・推定誤差の分布を保証しない
765443,29,土属性,670,6,7,40,41,500,仮定誤差の感度。ゲーム実測との一致・推定誤差の分布を保証しない
765433,28,土属性,670,6,7,40,41,500,仮定誤差の感度。ゲーム実測との一致・推定誤差の分布を保証しない
765333,27,土属性,670,6,7,40,41,500,仮定誤差の感度。ゲーム実測との一致・推定誤差の分布を保証しない
764444,29,土属性,675,6,7,40,41,500,仮定誤差の感度。ゲーム実測との一致・推定誤差の分布を保証しない
764443,28,土属性,675,6,7,40,41,500,仮定誤差の感度。ゲーム実測との一致・推定誤差の分布を保証しない
764433,27,土属性,675,6,7,40,41,500,仮定誤差の感度。ゲーム実測との一致・推定誤差の分布を保証しない
764333,26,土属性,675,6,7,40,41,500,仮定誤差の感度。ゲーム実測との一致・推定誤差の分布を保証しない
763333,25,土属性,675,6,7,40,41,500,仮定誤差の感度。ゲーム実測との一致・推定誤差の分布を保証しない
755555,32,土属性,655,6,7,39,40,500,仮定誤差の感度。ゲーム実測との一致・推定誤差の分布を保証しない
755554,31,土属性,660,6,7,39,40,500,仮定誤差の感度。ゲーム実測との一致・推定誤差の分布を保証しない
755553,30,土属性,660,6,7,39,40,500,仮定誤差の感度。ゲーム実測との一致・推定誤差の分布を保証しない
755544,30,土属性,665,6,7,40,40,500,仮定誤差の感度。ゲーム実測との一致・推定誤差の分布を保証しない
755543,29,土属性,665,6,7,40,40,500,仮定誤差の感度。ゲーム実測との一致・推定誤差の分布を保証しない
755533,28,土属性,665,6,7,39,40,500,仮定誤差の感度。ゲーム実測との一致・推定誤差の分布を保証しない
755444,29,土属性,670,6,7,40,41,500,仮定誤差の感度。ゲーム実測との一致・推定誤差の分布を保証しない
755443,28,土属性,670,6,7,40,41,500,仮定誤差の感度。ゲーム実測との一致・推定誤差の分布を保証しない
755433,27,土属性,670,6,7,40,41,500,仮定誤差の感度。ゲーム実測との一致・推定誤差の分布を保証しない
755333,26,土属性,670,6,7,40,41,500,仮定誤差の感度。ゲーム実測との一致・推定誤差の分布を保証しない
754444,28,土属性,675,6,7,40,41,500,仮定誤差の感度。ゲーム実測との一致・推定誤差の分布を保証しない
754443,27,土属性,675,6,7,40,41,500,仮定誤差の感度。ゲーム実測との一致・推定誤差の分布を保証しない
754433,26,土属性,675,6,7,40,41,500,仮定誤差の感度。ゲーム実測との一致・推定誤差の分布を保証しない
754333,25,土属性,675,6,7,40,41,500,仮定誤差の感度。ゲーム実測との一致・推定誤差の分布を保証しない
753333,24,土属性,675,6,7,40,41,500,仮定誤差の感度。ゲーム実測との一致・推定誤差の分布を保証しない
744444,27,土属性,680,6,7,40,41,500,仮定誤差の感度。ゲーム実測との一致・推定誤差の分布を保証しない
744443,26,土属性,680,6,7,40,41,500,仮定誤差の感度。ゲーム実測との一致・推定誤差の分布を保証しない
744433,25,土属性,680,6,7,40,41,500,仮定誤差の感度。ゲーム実測との一致・推定誤差の分布を保証しない
744333,24,土属性,680,6,7,40,41,500,仮定誤差の感度。ゲーム実測との一致・推定誤差の分布を保証しない
743333,23,土属性,680,6,7,40,41,500,仮定誤差の感度。ゲーム実測との一致・推定誤差の分布を保証しない
733333,22,土属性,680,6,7,40,41,500,仮定誤差の感度。ゲーム実測との一致・推定誤差の分布を保証しない
666653,32,土属性,665,6,7,40,40,500,仮定誤差の感度。ゲーム実測との一致・推定誤差の分布を保証しない
666644,32,土属性,670,6,7,40,41,500,仮定誤差の感度。ゲーム実測との一致・推定誤差の分布を保証しない
666643,31,土属性,670,6,7,40,41,500,仮定誤差の感度。ゲーム実測との一致・推定誤差の分布を保証しない
666633,30,土属性,670,6,7,40,41,500,仮定誤差の感度。ゲーム実測との一致・推定誤差の分布を保証しない
666554,32,土属性,665,6,7,39,40,500,仮定誤差の感度。ゲーム実測との一致・推定誤差の分布を保証しない
666553,31,土属性,665,6,7,40,40,500,仮定誤差の感度。ゲーム実測との一致・推定誤差の分布を保証しない
666544,31,土属性,670,6,7,40,41,500,仮定誤差の感度。ゲーム実測との一致・推定誤差の分布を保証しない
666543,30,土属性,670,6,7,40,41,500,仮定誤差の感度。ゲーム実測との一致・推定誤差の分布を保証しない
666533,29,土属性,670,6,7,40,41,500,仮定誤差の感度。ゲーム実測との一致・推定誤差の分布を保証しない
666444,30,土属性,675,6,7,40,41,500,仮定誤差の感度。ゲーム実測との一致・推定誤差の分布を保証しない
666443,29,土属性,675,6,7,40,41,500,仮定誤差の感度。ゲーム実測との一致・推定誤差の分布を保証しない
666433,28,土属性,675,6,7,40,41,500,仮定誤差の感度。ゲーム実測との一致・推定誤差の分布を保証しない
666333,27,土属性,675,6,7,40,41,500,仮定誤差の感度。ゲーム実測との一致・推定誤差の分布を保証しない
665555,32,土属性,660,6,7,39,40,500,仮定誤差の感度。ゲーム実測との一致・推定誤差の分布を保証しない
665554,31,土属性,665,6,7,40,40,500,仮定誤差の感度。ゲーム実測との一致・推定誤差の分布を保証しない
665553,30,土属性,665,6,7,40,40,500,仮定誤差の感度。ゲーム実測との一致・推定誤差の分布を保証しない
665544,30,土属性,670,6,7,40,41,500,仮定誤差の感度。ゲーム実測との一致・推定誤差の分布を保証しない
665543,29,土属性,670,6,7,40,41,500,仮定誤差の感度。ゲーム実測との一致・推定誤差の分布を保証しない
665533,28,土属性,670,6,7,40,41,500,仮定誤差の感度。ゲーム実測との一致・推定誤差の分布を保証しない
665444,29,土属性,675,6,7,40,41,500,仮定誤差の感度。ゲーム実測との一致・推定誤差の分布を保証しない
665443,28,土属性,675,6,7,40,41,500,仮定誤差の感度。ゲーム実測との一致・推定誤差の分布を保証しない
665433,27,土属性,675,6,7,40,41,500,仮定誤差の感度。ゲーム実測との一致・推定誤差の分布を保証しない
665333,26,土属性,675,6,7,40,41,500,仮定誤差の感度。ゲーム実測との一致・推定誤差の分布を保証しない
664444,28,土属性,680,6,7,40,41,500,仮定誤差の感度。ゲーム実測との一致・推定誤差の分布を保証しない
664443,27,土属性,680,6,7,40,41,500,仮定誤差の感度。ゲーム実測との一致・推定誤差の分布を保証しない
664433,26,土属性,680,6,7,40,41,500,仮定誤差の感度。ゲーム実測との一致・推定誤差の分布を保証しない
664333,25,土属性,680,6,7,40,41,500,仮定誤差の感度。ゲーム実測との一致・推定誤差の分布を保証しない
663333,24,土属性,680,6,7,40,41,500,仮定誤差の感度。ゲーム実測との一致・推定誤差の分布を保証しない
655555,31,土属性,660,6,7,39,40,500,仮定誤差の感度。ゲーム実測との一致・推定誤差の分布を保証しない
655554,30,土属性,665,6,7,39,40,500,仮定誤差の感度。ゲーム実測との一致・推定誤差の分布を保証しない
655553,29,土属性,665,6,7,39,40,500,仮定誤差の感度。ゲーム実測との一致・推定誤差の分布を保証しない
655544,29,土属性,670,6,7,40,40,500,仮定誤差の感度。ゲーム実測との一致・推定誤差の分布を保証しない
655543,28,土属性,670,6,7,40,41,500,仮定誤差の感度。ゲーム実測との一致・推定誤差の分布を保証しない
655533,27,土属性,670,6,7,40,40,500,仮定誤差の感度。ゲーム実測との一致・推定誤差の分布を保証しない
655444,28,土属性,675,6,7,40,41,500,仮定誤差の感度。ゲーム実測との一致・推定誤差の分布を保証しない
655443,27,土属性,675,6,7,40,41,500,仮定誤差の感度。ゲーム実測との一致・推定誤差の分布を保証しない
655433,26,土属性,675,6,7,40,41,500,仮定誤差の感度。ゲーム実測との一致・推定誤差の分布を保証しない
655333,25,土属性,675,6,7,40,41,500,仮定誤差の感度。ゲーム実測との一致・推定誤差の分布を保証しない
654444,27,土属性,680,6,7,40,41,500,仮定誤差の感度。ゲーム実測との一致・推定誤差の分布を保証しない
654443,26,土属性,680,6,7,40,41,500,仮定誤差の感度。ゲーム実測との一致・推定誤差の分布を保証しない
654433,25,土属性,680,6,7,40,41,500,仮定誤差の感度。ゲーム実測との一致・推定誤差の分布を保証しない
654333,24,土属性,680,6,7,40,41,500,仮定誤差の感度。ゲーム実測との一致・推定誤差の分布を保証しない
653333,23,土属性,680,6,7,40,41,500,仮定誤差の感度。ゲーム実測との一致・推定誤差の分布を保証しない
644444,26,土属性,685,6,7,41,42,500,仮定誤差の感度。ゲーム実測との一致・推定誤差の分布を保証しない
644443,25,土属性,685,6,7,41,41,500,仮定誤差の感度。ゲーム実測との一致・推定誤差の分布を保証しない
644433,24,土属性,685,6,7,41,41,500,仮定誤差の感度。ゲーム実測との一致・推定誤差の分布を保証しない
644333,23,土属性,685,6,7,41,42,500,仮定誤差の感度。ゲーム実測との一致・推定誤差の分布を保証しない
643333,22,土属性,685,6,7,41,42,500,仮定誤差の感度。ゲーム実測との一致・推定誤差の分布を保証しない
633333,21,土属性,685,6,7,41,41,500,仮定誤差の感度。ゲーム実測との一致・推定誤差の分布を保証しない
555555,30,土属性,660,6,7,39,40,500,仮定誤差の感度。ゲーム実測との一致・推定誤差の分布を保証しない
555554,29,土属性,665,6,7,39,40,500,仮定誤差の感度。ゲーム実測との一致・推定誤差の分布を保証しない
555553,28,土属性,665,6,7,40,40,500,仮定誤差の感度。ゲーム実測との一致・推定誤差の分布を保証しない
555544,28,土属性,670,6,7,40,41,500,仮定誤差の感度。ゲーム実測との一致・推定誤差の分布を保証しない
555543,27,土属性,670,6,7,40,41,500,仮定誤差の感度。ゲーム実測との一致・推定誤差の分布を保証しない
555533,26,土属性,670,6,7,40,41,500,仮定誤差の感度。ゲーム実測との一致・推定誤差の分布を保証しない
555444,27,土属性,675,6,7,40,41,500,仮定誤差の感度。ゲーム実測との一致・推定誤差の分布を保証しない
555443,26,土属性,675,6,7,40,41,500,仮定誤差の感度。ゲーム実測との一致・推定誤差の分布を保証しない
555433,25,土属性,675,6,7,40,41,500,仮定誤差の感度。ゲーム実測との一致・推定誤差の分布を保証しない
555333,24,土属性,675,6,7,40,41,500,仮定誤差の感度。ゲーム実測との一致・推定誤差の分布を保証しない
554444,26,土属性,680,6,7,40,41,500,仮定誤差の感度。ゲーム実測との一致・推定誤差の分布を保証しない
554443,25,土属性,680,6,7,40,41,500,仮定誤差の感度。ゲーム実測との一致・推定誤差の分布を保証しない
554433,24,土属性,680,6,7,40,41,500,仮定誤差の感度。ゲーム実測との一致・推定誤差の分布を保証しない
554333,23,土属性,680,6,7,40,41,500,仮定誤差の感度。ゲーム実測との一致・推定誤差の分布を保証しない
553333,22,土属性,680,6,7,40,41,500,仮定誤差の感度。ゲーム実測との一致・推定誤差の分布を保証しない
544444,25,土属性,685,6,7,41,41,500,仮定誤差の感度。ゲーム実測との一致・推定誤差の分布を保証しない
544443,24,土属性,685,6,7,41,41,500,仮定誤差の感度。ゲーム実測との一致・推定誤差の分布を保証しない
544433,23,土属性,685,6,7,41,42,500,仮定誤差の感度。ゲーム実測との一致・推定誤差の分布を保証しない
544333,22,土属性,685,7,7,41,42,500,仮定誤差の感度。ゲーム実測との一致・推定誤差の分布を保証しない
543333,21,土属性,685,6,7,41,41,500,仮定誤差の感度。ゲーム実測との一致・推定誤差の分布を保証しない
533333,20,土属性,685,6,7,41,42,500,仮定誤差の感度。ゲーム実測との一致・推定誤差の分布を保証しない
444444,24,土属性,690,6,7,41,42,500,仮定誤差の感度。ゲーム実測との一致・推定誤差の分布を保証しない
444443,23,土属性,690,6,7,41,42,500,仮定誤差の感度。ゲーム実測との一致・推定誤差の分布を保証しない
444433,22,土属性,690,6,7,41,42,500,仮定誤差の感度。ゲーム実測との一致・推定誤差の分布を保証しない
444333,21,土属性,690,7,7,41,42,500,仮定誤差の感度。ゲーム実測との一致・推定誤差の分布を保証しない
443333,20,土属性,690,7,7,41,41,500,仮定誤差の感度。ゲーム実測との一致・推定誤差の分布を保証しない
433333,19,土属性,690,6,7,41,42,500,仮定誤差の感度。ゲーム実測との一致・推定誤差の分布を保証しない
333333,18,土属性,690,6,7,41,42,500,仮定誤差の感度。ゲーム実測との一致・推定誤差の分布を保証しない
887333,32,水属性,650,6,7,39,39,500,仮定誤差の感度。ゲーム実測との一致・推定誤差の分布を保証しない
886433,32,水属性,655,6,7,39,40,500,仮定誤差の感度。ゲーム実測との一致・推定誤差の分布を保証しない
886333,31,水属性,655,6,7,39,40,500,仮定誤差の感度。ゲーム実測との一致・推定誤差の分布を保証しない
885533,32,水属性,650,6,7,39,39,500,仮定誤差の感度。ゲーム実測との一致・推定誤差の分布を保証しない
885443,32,水属性,655,6,7,39,40,500,仮定誤差の感度。ゲーム実測との一致・推定誤差の分布を保証しない
885433,31,水属性,655,6,7,39,40,500,仮定誤差の感度。ゲーム実測との一致・推定誤差の分布を保証しない
885333,30,水属性,655,6,7,39,40,500,仮定誤差の感度。ゲーム実測との一致・推定誤差の分布を保証しない
884444,32,水属性,660,6,7,39,40,500,仮定誤差の感度。ゲーム実測との一致・推定誤差の分布を保証しない
884443,31,水属性,660,6,7,39,40,500,仮定誤差の感度。ゲーム実測との一致・推定誤差の分布を保証しない
884433,30,水属性,660,6,7,39,40,500,仮定誤差の感度。ゲーム実測との一致・推定誤差の分布を保証しない
884333,29,水属性,660,6,7,39,40,500,仮定誤差の感度。ゲーム実測との一致・推定誤差の分布を保証しない
883333,28,水属性,660,6,7,39,40,500,仮定誤差の感度。ゲーム実測との一致・推定誤差の分布を保証しない
877433,32,水属性,655,6,7,39,40,500,仮定誤差の感度。ゲーム実測との一致・推定誤差の分布を保証しない
877333,31,水属性,655,6,7,39,39,500,仮定誤差の感度。ゲーム実測との一致・推定誤差の分布を保証しない
876533,32,水属性,655,6,7,39,40,500,仮定誤差の感度。ゲーム実測との一致・推定誤差の分布を保証しない
876443,32,水属性,660,6,7,39,40,500,仮定誤差の感度。ゲーム実測との一致・推定誤差の分布を保証しない
876433,31,水属性,660,6,7,39,40,500,仮定誤差の感度。ゲーム実測との一致・推定誤差の分布を保証しない
876333,30,水属性,660,6,7,39,40,500,仮定誤差の感度。ゲーム実測との一致・推定誤差の分布を保証しない
875543,32,水属性,655,6,7,39,40,500,仮定誤差の感度。ゲーム実測との一致・推定誤差の分布を保証しない
875533,31,水属性,655,6,7,39,39,500,仮定誤差の感度。ゲーム実測との一致・推定誤差の分布を保証しない
875444,32,水属性,660,6,7,39,40,500,仮定誤差の感度。ゲーム実測との一致・推定誤差の分布を保証しない
875443,31,水属性,660,6,7,39,40,500,仮定誤差の感度。ゲーム実測との一致・推定誤差の分布を保証しない
875433,30,水属性,660,6,7,39,40,500,仮定誤差の感度。ゲーム実測との一致・推定誤差の分布を保証しない
875333,29,水属性,660,6,7,39,40,500,仮定誤差の感度。ゲーム実測との一致・推定誤差の分布を保証しない
874444,31,水属性,665,6,7,39,40,500,仮定誤差の感度。ゲーム実測との一致・推定誤差の分布を保証しない
874443,30,水属性,665,6,7,39,40,500,仮定誤差の感度。ゲーム実測との一致・推定誤差の分布を保証しない
874433,29,水属性,665,6,7,40,40,500,仮定誤差の感度。ゲーム実測との一致・推定誤差の分布を保証しない
874333,28,水属性,665,6,7,40,40,500,仮定誤差の感度。ゲーム実測との一致・推定誤差の分布を保証しない
873333,27,水属性,665,6,7,39,40,500,仮定誤差の感度。ゲーム実測との一致・推定誤差の分布を保証しない
866633,32,水属性,660,6,7,39,40,500,仮定誤差の感度。ゲーム実測との一致・推定誤差の分布を保証しない
866543,32,水属性,660,6,7,39,40,500,仮定誤差の感度。ゲーム実測との一致・推定誤差の分布を保証しない
866533,31,水属性,660,6,7,39,40,500,仮定誤差の感度。ゲーム実測との一致・推定誤差の分布を保証しない
866444,32,水属性,665,6,7,39,40,500,仮定誤差の感度。ゲーム実測との一致・推定誤差の分布を保証しない
866443,31,水属性,665,6,7,39,40,500,仮定誤差の感度。ゲーム実測との一致・推定誤差の分布を保証しない
866433,30,水属性,665,6,7,40,40,500,仮定誤差の感度。ゲーム実測との一致・推定誤差の分布を保証しない
866333,29,水属性,665,6,7,40,40,500,仮定誤差の感度。ゲーム実測との一致・推定誤差の分布を保証しない
865553,32,水属性,655,6,7,39,40,500,仮定誤差の感度。ゲーム実測との一致・推定誤差の分布を保証しない
865544,32,水属性,660,6,7,39,40,500,仮定誤差の感度。ゲーム実測との一致・推定誤差の分布を保証しない
865543,31,水属性,660,6,7,39,40,500,仮定誤差の感度。ゲーム実測との一致・推定誤差の分布を保証しない
865533,30,水属性,660,6,7,39,40,500,仮定誤差の感度。ゲーム実測との一致・推定誤差の分布を保証しない
865444,31,水属性,665,6,7,39,40,500,仮定誤差の感度。ゲーム実測との一致・推定誤差の分布を保証しない
865443,30,水属性,665,6,7,39,40,500,仮定誤差の感度。ゲーム実測との一致・推定誤差の分布を保証しない
865433,29,水属性,665,6,7,40,40,500,仮定誤差の感度。ゲーム実測との一致・推定誤差の分布を保証しない
865333,28,水属性,665,6,7,40,40,500,仮定誤差の感度。ゲーム実測との一致・推定誤差の分布を保証しない
864444,30,水属性,670,6,7,40,41,500,仮定誤差の感度。ゲーム実測との一致・推定誤差の分布を保証しない
864443,29,水属性,670,6,7,40,40,500,仮定誤差の感度。ゲーム実測との一致・推定誤差の分布を保証しない
864433,28,水属性,670,6,7,40,41,500,仮定誤差の感度。ゲーム実測との一致・推定誤差の分布を保証しない
864333,27,水属性,670,6,7,40,41,500,仮定誤差の感度。ゲーム実測との一致・推定誤差の分布を保証しない
863333,26,水属性,670,6,7,40,40,500,仮定誤差の感度。ゲーム実測との一致・推定誤差の分布を保証しない
855554,32,水属性,655,6,7,39,40,500,仮定誤差の感度。ゲーム実測との一致・推定誤差の分布を保証しない
855553,31,水属性,655,6,7,39,40,500,仮定誤差の感度。ゲーム実測との一致・推定誤差の分布を保証しない
855544,31,水属性,660,6,7,39,40,500,仮定誤差の感度。ゲーム実測との一致・推定誤差の分布を保証しない
855543,30,水属性,660,6,7,39,40,500,仮定誤差の感度。ゲーム実測との一致・推定誤差の分布を保証しない
855533,29,水属性,660,6,7,39,40,500,仮定誤差の感度。ゲーム実測との一致・推定誤差の分布を保証しない
855444,30,水属性,665,6,7,39,40,500,仮定誤差の感度。ゲーム実測との一致・推定誤差の分布を保証しない
855443,29,水属性,665,6,7,40,40,500,仮定誤差の感度。ゲーム実測との一致・推定誤差の分布を保証しない
855433,28,水属性,665,6,7,40,40,500,仮定誤差の感度。ゲーム実測との一致・推定誤差の分布を保証しない
855333,27,水属性,665,6,7,39,40,500,仮定誤差の感度。ゲーム実測との一致・推定誤差の分布を保証しない
854444,29,水属性,670,6,7,40,41,500,仮定誤差の感度。ゲーム実測との一致・推定誤差の分布を保証しない
854443,28,水属性,670,6,7,40,41,500,仮定誤差の感度。ゲーム実測との一致・推定誤差の分布を保証しない
854433,27,水属性,670,6,7,40,41,500,仮定誤差の感度。ゲーム実測との一致・推定誤差の分布を保証しない
854333,26,水属性,670,6,7,40,41,500,仮定誤差の感度。ゲーム実測との一致・推定誤差の分布を保証しない
853333,25,水属性,670,6,7,40,41,500,仮定誤差の感度。ゲーム実測との一致・推定誤差の分布を保証しない
844444,28,水属性,675,6,7,40,41,500,仮定誤差の感度。ゲーム実測との一致・推定誤差の分布を保証しない
844443,27,水属性,675,6,7,40,41,500,仮定誤差の感度。ゲーム実測との一致・推定誤差の分布を保証しない
844433,26,水属性,675,6,7,40,41,500,仮定誤差の感度。ゲーム実測との一致・推定誤差の分布を保証しない
844333,25,水属性,675,6,7,40,41,500,仮定誤差の感度。ゲーム実測との一致・推定誤差の分布を保証しない
843333,24,水属性,675,6,7,40,41,500,仮定誤差の感度。ゲーム実測との一致・推定誤差の分布を保証しない
833333,23,水属性,675,6,7,40,41,500,仮定誤差の感度。ゲーム実測との一致・推定誤差の分布を保証しない
777533,32,水属性,655,6,7,39,40,500,仮定誤差の感度。ゲーム実測との一致・推定誤差の分布を保証しない
777443,32,水属性,660,6,7,39,40,500,仮定誤差の感度。ゲーム実測との一致・推定誤差の分布を保証しない
777433,31,水属性,660,6,7,39,40,500,仮定誤差の感度。ゲーム実測との一致・推定誤差の分布を保証しない
777333,30,水属性,660,6,7,39,40,500,仮定誤差の感度。ゲーム実測との一致・推定誤差の分布を保証しない
776633,32,水属性,660,6,7,39,40,500,仮定誤差の感度。ゲーム実測との一致・推定誤差の分布を保証しない
776543,32,水属性,660,6,7,39,40,500,仮定誤差の感度。ゲーム実測との一致・推定誤差の分布を保証しない
776533,31,水属性,660,6,7,39,40,500,仮定誤差の感度。ゲーム実測との一致・推定誤差の分布を保証しない
776444,32,水属性,665,6,7,39,40,500,仮定誤差の感度。ゲーム実測との一致・推定誤差の分布を保証しない
776443,31,水属性,665,6,7,39,40,500,仮定誤差の感度。ゲーム実測との一致・推定誤差の分布を保証しない
776433,30,水属性,665,6,7,40,40,500,仮定誤差の感度。ゲーム実測との一致・推定誤差の分布を保証しない
776333,29,水属性,665,6,7,40,40,500,仮定誤差の感度。ゲーム実測との一致・推定誤差の分布を保証しない
775553,32,水属性,655,6,7,39,40,500,仮定誤差の感度。ゲーム実測との一致・推定誤差の分布を保証しない
775544,32,水属性,660,6,7,39,40,500,仮定誤差の感度。ゲーム実測との一致・推定誤差の分布を保証しない
775543,31,水属性,660,6,7,39,40,500,仮定誤差の感度。ゲーム実測との一致・推定誤差の分布を保証しない
775533,30,水属性,660,6,7,39,40,500,仮定誤差の感度。ゲーム実測との一致・推定誤差の分布を保証しない
775444,31,水属性,665,6,7,39,40,500,仮定誤差の感度。ゲーム実測との一致・推定誤差の分布を保証しない
775443,30,水属性,665,6,7,39,40,500,仮定誤差の感度。ゲーム実測との一致・推定誤差の分布を保証しない
775433,29,水属性,665,6,7,40,40,500,仮定誤差の感度。ゲーム実測との一致・推定誤差の分布を保証しない
775333,28,水属性,665,6,7,40,40,500,仮定誤差の感度。ゲーム実測との一致・推定誤差の分布を保証しない
774444,30,水属性,670,6,7,40,41,500,仮定誤差の感度。ゲーム実測との一致・推定誤差の分布を保証しない
774443,29,水属性,670,6,7,40,41,500,仮定誤差の感度。ゲーム実測との一致・推定誤差の分布を保証しない
774433,28,水属性,670,6,7,40,41,500,仮定誤差の感度。ゲーム実測との一致・推定誤差の分布を保証しない
774333,27,水属性,670,6,7,40,41,500,仮定誤差の感度。ゲーム実測との一致・推定誤差の分布を保証しない
773333,26,水属性,670,6,7,40,41,500,仮定誤差の感度。ゲーム実測との一致・推定誤差の分布を保証しない
766643,32,水属性,665,6,7,39,40,500,仮定誤差の感度。ゲーム実測との一致・推定誤差の分布を保証しない
766633,31,水属性,665,6,7,40,40,500,仮定誤差の感度。ゲーム実測との一致・推定誤差の分布を保証しない
766553,32,水属性,660,6,7,39,40,500,仮定誤差の感度。ゲーム実測との一致・推定誤差の分布を保証しない
766544,32,水属性,665,6,7,39,40,500,仮定誤差の感度。ゲーム実測との一致・推定誤差の分布を保証しない
766543,31,水属性,665,6,7,39,40,500,仮定誤差の感度。ゲーム実測との一致・推定誤差の分布を保証しない
766533,30,水属性,665,6,7,40,40,500,仮定誤差の感度。ゲーム実測との一致・推定誤差の分布を保証しない
766444,31,水属性,670,6,7,40,41,500,仮定誤差の感度。ゲーム実測との一致・推定誤差の分布を保証しない
766443,30,水属性,670,6,7,40,41,500,仮定誤差の感度。ゲーム実測との一致・推定誤差の分布を保証しない
766433,29,水属性,670,6,7,40,41,500,仮定誤差の感度。ゲーム実測との一致・推定誤差の分布を保証しない
766333,28,水属性,670,6,7,40,41,500,仮定誤差の感度。ゲーム実測との一致・推定誤差の分布を保証しない
765554,32,水属性,660,6,7,39,40,500,仮定誤差の感度。ゲーム実測との一致・推定誤差の分布を保証しない
765553,31,水属性,660,6,7,39,40,500,仮定誤差の感度。ゲーム実測との一致・推定誤差の分布を保証しない
765544,31,水属性,665,6,7,39,40,500,仮定誤差の感度。ゲーム実測との一致・推定誤差の分布を保証しない
765543,30,水属性,665,6,7,40,40,500,仮定誤差の感度。ゲーム実測との一致・推定誤差の分布を保証しない
765533,29,水属性,665,6,7,40,40,500,仮定誤差の感度。ゲーム実測との一致・推定誤差の分布を保証しない
765444,30,水属性,670,6,7,40,41,500,仮定誤差の感度。ゲーム実測との一致・推定誤差の分布を保証しない
765443,29,水属性,670,6,7,40,41,500,仮定誤差の感度。ゲーム実測との一致・推定誤差の分布を保証しない
765433,28,水属性,670,6,7,40,41,500,仮定誤差の感度。ゲーム実測との一致・推定誤差の分布を保証しない
765333,27,水属性,670,6,7,40,41,500,仮定誤差の感度。ゲーム実測との一致・推定誤差の分布を保証しない
764444,29,水属性,675,6,7,40,41,500,仮定誤差の感度。ゲーム実測との一致・推定誤差の分布を保証しない
764443,28,水属性,675,6,7,40,41,500,仮定誤差の感度。ゲーム実測との一致・推定誤差の分布を保証しない
764433,27,水属性,675,6,7,40,41,500,仮定誤差の感度。ゲーム実測との一致・推定誤差の分布を保証しない
764333,26,水属性,675,6,7,40,41,500,仮定誤差の感度。ゲーム実測との一致・推定誤差の分布を保証しない
763333,25,水属性,675,6,7,40,41,500,仮定誤差の感度。ゲーム実測との一致・推定誤差の分布を保証しない
755555,32,水属性,655,6,7,39,40,500,仮定誤差の感度。ゲーム実測との一致・推定誤差の分布を保証しない
755554,31,水属性,660,6,7,39,40,500,仮定誤差の感度。ゲーム実測との一致・推定誤差の分布を保証しない
755553,30,水属性,660,6,7,39,40,500,仮定誤差の感度。ゲーム実測との一致・推定誤差の分布を保証しない
755544,30,水属性,665,6,7,40,40,500,仮定誤差の感度。ゲーム実測との一致・推定誤差の分布を保証しない
755543,29,水属性,665,6,7,40,40,500,仮定誤差の感度。ゲーム実測との一致・推定誤差の分布を保証しない
755533,28,水属性,665,6,7,39,40,500,仮定誤差の感度。ゲーム実測との一致・推定誤差の分布を保証しない
755444,29,水属性,670,6,7,40,41,500,仮定誤差の感度。ゲーム実測との一致・推定誤差の分布を保証しない
755443,28,水属性,670,6,7,40,41,500,仮定誤差の感度。ゲーム実測との一致・推定誤差の分布を保証しない
755433,27,水属性,670,6,7,40,41,500,仮定誤差の感度。ゲーム実測との一致・推定誤差の分布を保証しない
755333,26,水属性,670,6,7,40,41,500,仮定誤差の感度。ゲーム実測との一致・推定誤差の分布を保証しない
754444,28,水属性,675,6,7,40,41,500,仮定誤差の感度。ゲーム実測との一致・推定誤差の分布を保証しない
754443,27,水属性,675,6,7,40,41,500,仮定誤差の感度。ゲーム実測との一致・推定誤差の分布を保証しない
754433,26,水属性,675,6,7,40,41,500,仮定誤差の感度。ゲーム実測との一致・推定誤差の分布を保証しない
754333,25,水属性,675,6,7,40,41,500,仮定誤差の感度。ゲーム実測との一致・推定誤差の分布を保証しない
753333,24,水属性,675,6,7,40,41,500,仮定誤差の感度。ゲーム実測との一致・推定誤差の分布を保証しない
744444,27,水属性,680,6,7,40,41,500,仮定誤差の感度。ゲーム実測との一致・推定誤差の分布を保証しない
744443,26,水属性,680,6,7,40,41,500,仮定誤差の感度。ゲーム実測との一致・推定誤差の分布を保証しない
744433,25,水属性,680,6,7,40,41,500,仮定誤差の感度。ゲーム実測との一致・推定誤差の分布を保証しない
744333,24,水属性,680,6,7,40,41,500,仮定誤差の感度。ゲーム実測との一致・推定誤差の分布を保証しない
743333,23,水属性,680,6,7,40,41,500,仮定誤差の感度。ゲーム実測との一致・推定誤差の分布を保証しない
733333,22,水属性,680,6,7,40,41,500,仮定誤差の感度。ゲーム実測との一致・推定誤差の分布を保証しない
666653,32,水属性,665,6,7,39,40,500,仮定誤差の感度。ゲーム実測との一致・推定誤差の分布を保証しない
666644,32,水属性,669,6,7,40,41,500,仮定誤差の感度。ゲーム実測との一致・推定誤差の分布を保証しない
666643,31,水属性,670,6,7,40,41,500,仮定誤差の感度。ゲーム実測との一致・推定誤差の分布を保証しない
666633,30,水属性,670,6,7,40,41,500,仮定誤差の感度。ゲーム実測との一致・推定誤差の分布を保証しない
666554,32,水属性,665,6,7,40,40,500,仮定誤差の感度。ゲーム実測との一致・推定誤差の分布を保証しない
666553,31,水属性,665,6,7,40,40,500,仮定誤差の感度。ゲーム実測との一致・推定誤差の分布を保証しない
666544,31,水属性,670,6,7,40,41,500,仮定誤差の感度。ゲーム実測との一致・推定誤差の分布を保証しない
666543,30,水属性,670,6,7,40,41,500,仮定誤差の感度。ゲーム実測との一致・推定誤差の分布を保証しない
666533,29,水属性,670,6,7,40,41,500,仮定誤差の感度。ゲーム実測との一致・推定誤差の分布を保証しない
666444,30,水属性,675,6,7,40,41,500,仮定誤差の感度。ゲーム実測との一致・推定誤差の分布を保証しない
666443,29,水属性,675,6,7,40,41,500,仮定誤差の感度。ゲーム実測との一致・推定誤差の分布を保証しない
666433,28,水属性,675,6,7,40,41,500,仮定誤差の感度。ゲーム実測との一致・推定誤差の分布を保証しない
666333,27,水属性,675,6,7,40,41,500,仮定誤差の感度。ゲーム実測との一致・推定誤差の分布を保証しない
665555,32,水属性,660,6,7,39,40,500,仮定誤差の感度。ゲーム実測との一致・推定誤差の分布を保証しない
665554,31,水属性,665,6,7,40,40,500,仮定誤差の感度。ゲーム実測との一致・推定誤差の分布を保証しない
665553,30,水属性,665,6,7,39,40,500,仮定誤差の感度。ゲーム実測との一致・推定誤差の分布を保証しない
665544,30,水属性,670,6,7,40,41,500,仮定誤差の感度。ゲーム実測との一致・推定誤差の分布を保証しない
665543,29,水属性,670,6,7,40,41,500,仮定誤差の感度。ゲーム実測との一致・推定誤差の分布を保証しない
665533,28,水属性,670,6,7,40,41,500,仮定誤差の感度。ゲーム実測との一致・推定誤差の分布を保証しない
665444,29,水属性,675,6,7,40,41,500,仮定誤差の感度。ゲーム実測との一致・推定誤差の分布を保証しない
665443,28,水属性,675,6,7,40,41,500,仮定誤差の感度。ゲーム実測との一致・推定誤差の分布を保証しない
665433,27,水属性,675,6,7,40,41,500,仮定誤差の感度。ゲーム実測との一致・推定誤差の分布を保証しない
665333,26,水属性,675,6,7,40,41,500,仮定誤差の感度。ゲーム実測との一致・推定誤差の分布を保証しない
664444,28,水属性,680,6,7,40,41,500,仮定誤差の感度。ゲーム実測との一致・推定誤差の分布を保証しない
664443,27,水属性,680,6,7,40,41,500,仮定誤差の感度。ゲーム実測との一致・推定誤差の分布を保証しない
664433,26,水属性,680,6,7,40,41,500,仮定誤差の感度。ゲーム実測との一致・推定誤差の分布を保証しない
664333,25,水属性,680,6,7,40,41,500,仮定誤差の感度。ゲーム実測との一致・推定誤差の分布を保証しない
663333,24,水属性,680,6,7,40,41,500,仮定誤差の感度。ゲーム実測との一致・推定誤差の分布を保証しない
655555,31,水属性,660,6,7,39,40,500,仮定誤差の感度。ゲーム実測との一致・推定誤差の分布を保証しない
655554,30,水属性,665,6,7,39,40,500,仮定誤差の感度。ゲーム実測との一致・推定誤差の分布を保証しない
655553,29,水属性,665,6,7,39,40,500,仮定誤差の感度。ゲーム実測との一致・推定誤差の分布を保証しない
655544,29,水属性,670,6,7,40,41,500,仮定誤差の感度。ゲーム実測との一致・推定誤差の分布を保証しない
655543,28,水属性,670,6,7,40,41,500,仮定誤差の感度。ゲーム実測との一致・推定誤差の分布を保証しない
655533,27,水属性,670,6,7,40,41,500,仮定誤差の感度。ゲーム実測との一致・推定誤差の分布を保証しない
655444,28,水属性,675,6,7,40,41,500,仮定誤差の感度。ゲーム実測との一致・推定誤差の分布を保証しない
655443,27,水属性,675,6,7,40,41,500,仮定誤差の感度。ゲーム実測との一致・推定誤差の分布を保証しない
655433,26,水属性,675,6,7,40,41,500,仮定誤差の感度。ゲーム実測との一致・推定誤差の分布を保証しない
655333,25,水属性,675,6,7,40,41,500,仮定誤差の感度。ゲーム実測との一致・推定誤差の分布を保証しない
654444,27,水属性,680,6,7,40,41,500,仮定誤差の感度。ゲーム実測との一致・推定誤差の分布を保証しない
654443,26,水属性,680,6,7,40,41,500,仮定誤差の感度。ゲーム実測との一致・推定誤差の分布を保証しない
654433,25,水属性,680,6,7,40,41,500,仮定誤差の感度。ゲーム実測との一致・推定誤差の分布を保証しない
654333,24,水属性,680,6,7,40,41,500,仮定誤差の感度。ゲーム実測との一致・推定誤差の分布を保証しない
653333,23,水属性,680,6,7,40,41,500,仮定誤差の感度。ゲーム実測との一致・推定誤差の分布を保証しない
644444,26,水属性,685,6,7,41,42,500,仮定誤差の感度。ゲーム実測との一致・推定誤差の分布を保証しない
644443,25,水属性,685,6,7,41,42,500,仮定誤差の感度。ゲーム実測との一致・推定誤差の分布を保証しない
644433,24,水属性,685,6,7,41,41,500,仮定誤差の感度。ゲーム実測との一致・推定誤差の分布を保証しない
644333,23,水属性,685,7,7,41,42,500,仮定誤差の感度。ゲーム実測との一致・推定誤差の分布を保証しない
643333,22,水属性,685,7,7,41,42,500,仮定誤差の感度。ゲーム実測との一致・推定誤差の分布を保証しない
633333,21,水属性,685,6,7,41,41,500,仮定誤差の感度。ゲーム実測との一致・推定誤差の分布を保証しない
555555,30,水属性,660,6,7,39,40,500,仮定誤差の感度。ゲーム実測との一致・推定誤差の分布を保証しない
555554,29,水属性,665,6,7,39,40,500,仮定誤差の感度。ゲーム実測との一致・推定誤差の分布を保証しない
555553,28,水属性,665,6,7,40,40,500,仮定誤差の感度。ゲーム実測との一致・推定誤差の分布を保証しない
555544,28,水属性,670,6,7,40,41,500,仮定誤差の感度。ゲーム実測との一致・推定誤差の分布を保証しない
555543,27,水属性,670,6,7,40,41,500,仮定誤差の感度。ゲーム実測との一致・推定誤差の分布を保証しない
555533,26,水属性,670,6,7,40,41,500,仮定誤差の感度。ゲーム実測との一致・推定誤差の分布を保証しない
555444,27,水属性,675,6,7,40,41,500,仮定誤差の感度。ゲーム実測との一致・推定誤差の分布を保証しない
555443,26,水属性,675,6,7,40,41,500,仮定誤差の感度。ゲーム実測との一致・推定誤差の分布を保証しない
555433,25,水属性,675,6,7,40,41,500,仮定誤差の感度。ゲーム実測との一致・推定誤差の分布を保証しない
555333,24,水属性,675,6,7,40,41,500,仮定誤差の感度。ゲーム実測との一致・推定誤差の分布を保証しない
554444,26,水属性,680,6,7,40,41,500,仮定誤差の感度。ゲーム実測との一致・推定誤差の分布を保証しない
554443,25,水属性,680,6,7,40,41,500,仮定誤差の感度。ゲーム実測との一致・推定誤差の分布を保証しない
554433,24,水属性,680,6,7,40,41,500,仮定誤差の感度。ゲーム実測との一致・推定誤差の分布を保証しない
554333,23,水属性,680,6,7,40,41,500,仮定誤差の感度。ゲーム実測との一致・推定誤差の分布を保証しない
553333,22,水属性,680,6,7,40,41,500,仮定誤差の感度。ゲーム実測との一致・推定誤差の分布を保証しない
544444,25,水属性,685,6,7,41,42,500,仮定誤差の感度。ゲーム実測との一致・推定誤差の分布を保証しない
544443,24,水属性,685,6,7,41,42,500,仮定誤差の感度。ゲーム実測との一致・推定誤差の分布を保証しない
544433,23,水属性,685,6,7,41,41,500,仮定誤差の感度。ゲーム実測との一致・推定誤差の分布を保証しない
544333,22,水属性,685,6,7,41,42,500,仮定誤差の感度。ゲーム実測との一致・推定誤差の分布を保証しない
543333,21,水属性,685,6,7,41,42,500,仮定誤差の感度。ゲーム実測との一致・推定誤差の分布を保証しない
533333,20,水属性,685,6,7,41,41,500,仮定誤差の感度。ゲーム実測との一致・推定誤差の分布を保証しない
444444,24,水属性,690,6,7,41,42,500,仮定誤差の感度。ゲーム実測との一致・推定誤差の分布を保証しない
444443,23,水属性,690,6,7,41,42,500,仮定誤差の感度。ゲーム実測との一致・推定誤差の分布を保証しない
444433,22,水属性,690,7,7,41,42,500,仮定誤差の感度。ゲーム実測との一致・推定誤差の分布を保証しない
444333,21,水属性,690,6,7,41,42,500,仮定誤差の感度。ゲーム実測との一致・推定誤差の分布を保証しない
443333,20,水属性,690,6,7,41,42,500,仮定誤差の感度。ゲーム実測との一致・推定誤差の分布を保証しない
433333,19,水属性,690,7,7,41,42,500,仮定誤差の感度。ゲーム実測との一致・推定誤差の分布を保証しない
333333,18,水属性,690,7,7,41,42,500,仮定誤差の感度。ゲーム実測との一致・推定誤差の分布を保証しない
887333,32,火属性,650,6,7,39,39,500,仮定誤差の感度。ゲーム実測との一致・推定誤差の分布を保証しない
886433,32,火属性,655,6,7,39,40,500,仮定誤差の感度。ゲーム実測との一致・推定誤差の分布を保証しない
886333,31,火属性,655,6,7,39,40,500,仮定誤差の感度。ゲーム実測との一致・推定誤差の分布を保証しない
885533,32,火属性,650,6,7,39,39,500,仮定誤差の感度。ゲーム実測との一致・推定誤差の分布を保証しない
885443,32,火属性,655,6,7,39,40,500,仮定誤差の感度。ゲーム実測との一致・推定誤差の分布を保証しない
885433,31,火属性,655,6,7,39,40,500,仮定誤差の感度。ゲーム実測との一致・推定誤差の分布を保証しない
885333,30,火属性,655,6,7,39,40,500,仮定誤差の感度。ゲーム実測との一致・推定誤差の分布を保証しない
884444,32,火属性,660,6,7,39,40,500,仮定誤差の感度。ゲーム実測との一致・推定誤差の分布を保証しない
884443,31,火属性,660,6,7,39,40,500,仮定誤差の感度。ゲーム実測との一致・推定誤差の分布を保証しない
884433,30,火属性,660,6,7,39,40,500,仮定誤差の感度。ゲーム実測との一致・推定誤差の分布を保証しない
884333,29,火属性,660,6,7,39,40,500,仮定誤差の感度。ゲーム実測との一致・推定誤差の分布を保証しない
883333,28,火属性,660,6,7,39,40,500,仮定誤差の感度。ゲーム実測との一致・推定誤差の分布を保証しない
877433,32,火属性,655,6,7,39,40,500,仮定誤差の感度。ゲーム実測との一致・推定誤差の分布を保証しない
877333,31,火属性,655,6,7,39,40,500,仮定誤差の感度。ゲーム実測との一致・推定誤差の分布を保証しない
876533,32,火属性,655,6,7,39,40,500,仮定誤差の感度。ゲーム実測との一致・推定誤差の分布を保証しない
876443,32,火属性,660,6,7,39,40,500,仮定誤差の感度。ゲーム実測との一致・推定誤差の分布を保証しない
876433,31,火属性,660,6,7,39,40,500,仮定誤差の感度。ゲーム実測との一致・推定誤差の分布を保証しない
876333,30,火属性,660,6,7,39,40,500,仮定誤差の感度。ゲーム実測との一致・推定誤差の分布を保証しない
875543,32,火属性,655,6,7,39,40,500,仮定誤差の感度。ゲーム実測との一致・推定誤差の分布を保証しない
875533,31,火属性,655,6,7,39,40,500,仮定誤差の感度。ゲーム実測との一致・推定誤差の分布を保証しない
875444,32,火属性,660,6,7,39,40,500,仮定誤差の感度。ゲーム実測との一致・推定誤差の分布を保証しない
875443,31,火属性,660,6,7,39,40,500,仮定誤差の感度。ゲーム実測との一致・推定誤差の分布を保証しない
875433,30,火属性,660,6,7,39,40,500,仮定誤差の感度。ゲーム実測との一致・推定誤差の分布を保証しない
875333,29,火属性,660,6,7,39,40,500,仮定誤差の感度。ゲーム実測との一致・推定誤差の分布を保証しない
874444,31,火属性,665,6,7,40,40,500,仮定誤差の感度。ゲーム実測との一致・推定誤差の分布を保証しない
874443,30,火属性,665,6,7,40,40,500,仮定誤差の感度。ゲーム実測との一致・推定誤差の分布を保証しない
874433,29,火属性,665,6,7,40,40,500,仮定誤差の感度。ゲーム実測との一致・推定誤差の分布を保証しない
874333,28,火属性,665,6,7,39,40,500,仮定誤差の感度。ゲーム実測との一致・推定誤差の分布を保証しない
873333,27,火属性,665,6,7,39,40,500,仮定誤差の感度。ゲーム実測との一致・推定誤差の分布を保証しない
866633,32,火属性,660,6,7,39,40,500,仮定誤差の感度。ゲーム実測との一致・推定誤差の分布を保証しない
866543,32,火属性,660,6,7,39,40,500,仮定誤差の感度。ゲーム実測との一致・推定誤差の分布を保証しない
866533,31,火属性,660,6,7,39,40,500,仮定誤差の感度。ゲーム実測との一致・推定誤差の分布を保証しない
866444,32,火属性,665,6,7,39,40,500,仮定誤差の感度。ゲーム実測との一致・推定誤差の分布を保証しない
866443,31,火属性,665,6,7,40,40,500,仮定誤差の感度。ゲーム実測との一致・推定誤差の分布を保証しない
866433,30,火属性,665,6,7,40,40,500,仮定誤差の感度。ゲーム実測との一致・推定誤差の分布を保証しない
866333,29,火属性,665,6,7,39,40,500,仮定誤差の感度。ゲーム実測との一致・推定誤差の分布を保証しない
865553,32,火属性,655,6,7,39,40,500,仮定誤差の感度。ゲーム実測との一致・推定誤差の分布を保証しない
865544,32,火属性,660,6,7,39,40,500,仮定誤差の感度。ゲーム実測との一致・推定誤差の分布を保証しない
865543,31,火属性,660,6,7,39,40,500,仮定誤差の感度。ゲーム実測との一致・推定誤差の分布を保証しない
865533,30,火属性,660,6,7,39,40,500,仮定誤差の感度。ゲーム実測との一致・推定誤差の分布を保証しない
865444,31,火属性,665,6,7,39,40,500,仮定誤差の感度。ゲーム実測との一致・推定誤差の分布を保証しない
865443,30,火属性,665,6,7,40,40,500,仮定誤差の感度。ゲーム実測との一致・推定誤差の分布を保証しない
865433,29,火属性,665,6,7,40,40,500,仮定誤差の感度。ゲーム実測との一致・推定誤差の分布を保証しない
865333,28,火属性,665,6,7,39,40,500,仮定誤差の感度。ゲーム実測との一致・推定誤差の分布を保証しない
864444,30,火属性,670,6,7,40,41,500,仮定誤差の感度。ゲーム実測との一致・推定誤差の分布を保証しない
864443,29,火属性,670,6,7,40,41,500,仮定誤差の感度。ゲーム実測との一致・推定誤差の分布を保証しない
864433,28,火属性,670,6,7,40,41,500,仮定誤差の感度。ゲーム実測との一致・推定誤差の分布を保証しない
864333,27,火属性,670,6,7,40,41,500,仮定誤差の感度。ゲーム実測との一致・推定誤差の分布を保証しない
863333,26,火属性,670,6,7,40,41,500,仮定誤差の感度。ゲーム実測との一致・推定誤差の分布を保証しない
855554,32,火属性,655,6,7,39,40,500,仮定誤差の感度。ゲーム実測との一致・推定誤差の分布を保証しない
855553,31,火属性,655,6,7,39,40,500,仮定誤差の感度。ゲーム実測との一致・推定誤差の分布を保証しない
855544,31,火属性,660,6,7,39,40,500,仮定誤差の感度。ゲーム実測との一致・推定誤差の分布を保証しない
855543,30,火属性,660,6,7,39,40,500,仮定誤差の感度。ゲーム実測との一致・推定誤差の分布を保証しない
855533,29,火属性,660,6,7,39,40,500,仮定誤差の感度。ゲーム実測との一致・推定誤差の分布を保証しない
855444,30,火属性,665,6,7,40,40,500,仮定誤差の感度。ゲーム実測との一致・推定誤差の分布を保証しない
855443,29,火属性,665,6,7,40,40,500,仮定誤差の感度。ゲーム実測との一致・推定誤差の分布を保証しない
855433,28,火属性,665,6,7,39,40,500,仮定誤差の感度。ゲーム実測との一致・推定誤差の分布を保証しない
855333,27,火属性,665,6,7,39,40,500,仮定誤差の感度。ゲーム実測との一致・推定誤差の分布を保証しない
854444,29,火属性,670,6,7,40,41,500,仮定誤差の感度。ゲーム実測との一致・推定誤差の分布を保証しない
854443,28,火属性,670,6,7,40,41,500,仮定誤差の感度。ゲーム実測との一致・推定誤差の分布を保証しない
854433,27,火属性,670,6,7,40,41,500,仮定誤差の感度。ゲーム実測との一致・推定誤差の分布を保証しない
854333,26,火属性,670,6,7,40,41,500,仮定誤差の感度。ゲーム実測との一致・推定誤差の分布を保証しない
853333,25,火属性,670,6,7,40,41,500,仮定誤差の感度。ゲーム実測との一致・推定誤差の分布を保証しない
844444,28,火属性,675,6,7,40,41,500,仮定誤差の感度。ゲーム実測との一致・推定誤差の分布を保証しない
844443,27,火属性,675,6,7,40,41,500,仮定誤差の感度。ゲーム実測との一致・推定誤差の分布を保証しない
844433,26,火属性,675,6,7,40,41,500,仮定誤差の感度。ゲーム実測との一致・推定誤差の分布を保証しない
844333,25,火属性,675,6,7,40,41,500,仮定誤差の感度。ゲーム実測との一致・推定誤差の分布を保証しない
843333,24,火属性,675,6,7,40,41,500,仮定誤差の感度。ゲーム実測との一致・推定誤差の分布を保証しない
833333,23,火属性,675,6,7,40,41,500,仮定誤差の感度。ゲーム実測との一致・推定誤差の分布を保証しない
777533,32,火属性,655,6,7,39,40,500,仮定誤差の感度。ゲーム実測との一致・推定誤差の分布を保証しない
777443,32,火属性,660,6,7,39,40,500,仮定誤差の感度。ゲーム実測との一致・推定誤差の分布を保証しない
777433,31,火属性,660,6,7,39,40,500,仮定誤差の感度。ゲーム実測との一致・推定誤差の分布を保証しない
777333,30,火属性,660,6,7,39,40,500,仮定誤差の感度。ゲーム実測との一致・推定誤差の分布を保証しない
776633,32,火属性,660,6,7,39,40,500,仮定誤差の感度。ゲーム実測との一致・推定誤差の分布を保証しない
776543,32,火属性,660,6,7,39,40,500,仮定誤差の感度。ゲーム実測との一致・推定誤差の分布を保証しない
776533,31,火属性,660,6,7,39,40,500,仮定誤差の感度。ゲーム実測との一致・推定誤差の分布を保証しない
776444,32,火属性,665,6,7,39,40,500,仮定誤差の感度。ゲーム実測との一致・推定誤差の分布を保証しない
776443,31,火属性,665,6,7,39,40,500,仮定誤差の感度。ゲーム実測との一致・推定誤差の分布を保証しない
776433,30,火属性,665,6,7,40,40,500,仮定誤差の感度。ゲーム実測との一致・推定誤差の分布を保証しない
776333,29,火属性,665,6,7,40,40,500,仮定誤差の感度。ゲーム実測との一致・推定誤差の分布を保証しない
775553,32,火属性,655,6,7,39,40,500,仮定誤差の感度。ゲーム実測との一致・推定誤差の分布を保証しない
775544,32,火属性,660,6,7,39,40,500,仮定誤差の感度。ゲーム実測との一致・推定誤差の分布を保証しない
775543,31,火属性,660,6,7,39,40,500,仮定誤差の感度。ゲーム実測との一致・推定誤差の分布を保証しない
775533,30,火属性,660,6,7,39,40,500,仮定誤差の感度。ゲーム実測との一致・推定誤差の分布を保証しない
775444,31,火属性,665,6,7,39,40,500,仮定誤差の感度。ゲーム実測との一致・推定誤差の分布を保証しない
775443,30,火属性,665,6,7,40,40,500,仮定誤差の感度。ゲーム実測との一致・推定誤差の分布を保証しない
775433,29,火属性,665,6,7,40,40,500,仮定誤差の感度。ゲーム実測との一致・推定誤差の分布を保証しない
775333,28,火属性,665,6,7,39,40,500,仮定誤差の感度。ゲーム実測との一致・推定誤差の分布を保証しない
774444,30,火属性,670,6,7,40,41,500,仮定誤差の感度。ゲーム実測との一致・推定誤差の分布を保証しない
774443,29,火属性,670,6,7,40,41,500,仮定誤差の感度。ゲーム実測との一致・推定誤差の分布を保証しない
774433,28,火属性,670,6,7,40,41,500,仮定誤差の感度。ゲーム実測との一致・推定誤差の分布を保証しない
774333,27,火属性,670,6,7,40,41,500,仮定誤差の感度。ゲーム実測との一致・推定誤差の分布を保証しない
773333,26,火属性,670,6,7,40,41,500,仮定誤差の感度。ゲーム実測との一致・推定誤差の分布を保証しない
766643,32,火属性,665,6,7,39,40,500,仮定誤差の感度。ゲーム実測との一致・推定誤差の分布を保証しない
766633,31,火属性,665,6,7,40,40,500,仮定誤差の感度。ゲーム実測との一致・推定誤差の分布を保証しない
766553,32,火属性,660,6,7,39,40,500,仮定誤差の感度。ゲーム実測との一致・推定誤差の分布を保証しない
766544,32,火属性,665,6,7,39,40,500,仮定誤差の感度。ゲーム実測との一致・推定誤差の分布を保証しない
766543,31,火属性,665,6,7,39,40,500,仮定誤差の感度。ゲーム実測との一致・推定誤差の分布を保証しない
766533,30,火属性,665,6,7,40,40,500,仮定誤差の感度。ゲーム実測との一致・推定誤差の分布を保証しない
766444,31,火属性,670,6,7,40,41,500,仮定誤差の感度。ゲーム実測との一致・推定誤差の分布を保証しない
766443,30,火属性,670,6,7,40,41,500,仮定誤差の感度。ゲーム実測との一致・推定誤差の分布を保証しない
766433,29,火属性,670,6,7,40,41,500,仮定誤差の感度。ゲーム実測との一致・推定誤差の分布を保証しない
766333,28,火属性,670,6,7,40,41,500,仮定誤差の感度。ゲーム実測との一致・推定誤差の分布を保証しない
765554,32,火属性,660,6,7,39,40,500,仮定誤差の感度。ゲーム実測との一致・推定誤差の分布を保証しない
765553,31,火属性,660,6,7,39,40,500,仮定誤差の感度。ゲーム実測との一致・推定誤差の分布を保証しない
765544,31,火属性,665,6,7,39,40,500,仮定誤差の感度。ゲーム実測との一致・推定誤差の分布を保証しない
765543,30,火属性,665,6,7,40,40,500,仮定誤差の感度。ゲーム実測との一致・推定誤差の分布を保証しない
765533,29,火属性,665,6,7,40,40,500,仮定誤差の感度。ゲーム実測との一致・推定誤差の分布を保証しない
765444,30,火属性,670,6,7,40,41,500,仮定誤差の感度。ゲーム実測との一致・推定誤差の分布を保証しない
765443,29,火属性,670,6,7,40,41,500,仮定誤差の感度。ゲーム実測との一致・推定誤差の分布を保証しない
765433,28,火属性,670,6,7,40,41,500,仮定誤差の感度。ゲーム実測との一致・推定誤差の分布を保証しない
765333,27,火属性,670,6,7,40,41,500,仮定誤差の感度。ゲーム実測との一致・推定誤差の分布を保証しない
764444,29,火属性,675,6,7,40,41,500,仮定誤差の感度。ゲーム実測との一致・推定誤差の分布を保証しない
764443,28,火属性,675,6,7,40,41,500,仮定誤差の感度。ゲーム実測との一致・推定誤差の分布を保証しない
764433,27,火属性,675,6,7,40,41,500,仮定誤差の感度。ゲーム実測との一致・推定誤差の分布を保証しない
764333,26,火属性,675,6,7,40,41,500,仮定誤差の感度。ゲーム実測との一致・推定誤差の分布を保証しない
763333,25,火属性,675,6,7,40,41,500,仮定誤差の感度。ゲーム実測との一致・推定誤差の分布を保証しない
755555,32,火属性,655,6,7,39,40,500,仮定誤差の感度。ゲーム実測との一致・推定誤差の分布を保証しない
755554,31,火属性,660,6,7,39,40,500,仮定誤差の感度。ゲーム実測との一致・推定誤差の分布を保証しない
755553,30,火属性,660,6,7,39,40,500,仮定誤差の感度。ゲーム実測との一致・推定誤差の分布を保証しない
755544,30,火属性,665,6,7,40,40,500,仮定誤差の感度。ゲーム実測との一致・推定誤差の分布を保証しない
755543,29,火属性,665,6,7,40,40,500,仮定誤差の感度。ゲーム実測との一致・推定誤差の分布を保証しない
755533,28,火属性,665,6,7,39,40,500,仮定誤差の感度。ゲーム実測との一致・推定誤差の分布を保証しない
755444,29,火属性,670,6,7,40,41,500,仮定誤差の感度。ゲーム実測との一致・推定誤差の分布を保証しない
755443,28,火属性,670,6,7,40,41,500,仮定誤差の感度。ゲーム実測との一致・推定誤差の分布を保証しない
755433,27,火属性,670,6,7,40,41,500,仮定誤差の感度。ゲーム実測との一致・推定誤差の分布を保証しない
755333,26,火属性,670,6,7,40,41,500,仮定誤差の感度。ゲーム実測との一致・推定誤差の分布を保証しない
754444,28,火属性,675,6,7,40,41,500,仮定誤差の感度。ゲーム実測との一致・推定誤差の分布を保証しない
754443,27,火属性,675,6,7,40,41,500,仮定誤差の感度。ゲーム実測との一致・推定誤差の分布を保証しない
754433,26,火属性,675,6,7,40,41,500,仮定誤差の感度。ゲーム実測との一致・推定誤差の分布を保証しない
754333,25,火属性,675,6,7,40,41,500,仮定誤差の感度。ゲーム実測との一致・推定誤差の分布を保証しない
753333,24,火属性,675,6,7,40,41,500,仮定誤差の感度。ゲーム実測との一致・推定誤差の分布を保証しない
744444,27,火属性,680,6,7,40,41,500,仮定誤差の感度。ゲーム実測との一致・推定誤差の分布を保証しない
744443,26,火属性,680,6,7,40,41,500,仮定誤差の感度。ゲーム実測との一致・推定誤差の分布を保証しない
744433,25,火属性,680,6,7,40,41,500,仮定誤差の感度。ゲーム実測との一致・推定誤差の分布を保証しない
744333,24,火属性,680,6,7,40,41,500,仮定誤差の感度。ゲーム実測との一致・推定誤差の分布を保証しない
743333,23,火属性,680,6,7,40,41,500,仮定誤差の感度。ゲーム実測との一致・推定誤差の分布を保証しない
733333,22,火属性,680,6,7,40,41,500,仮定誤差の感度。ゲーム実測との一致・推定誤差の分布を保証しない
666653,32,火属性,665,6,7,39,40,500,仮定誤差の感度。ゲーム実測との一致・推定誤差の分布を保証しない
666644,32,火属性,670,6,7,40,41,500,仮定誤差の感度。ゲーム実測との一致・推定誤差の分布を保証しない
666643,31,火属性,670,6,7,40,41,500,仮定誤差の感度。ゲーム実測との一致・推定誤差の分布を保証しない
666633,30,火属性,670,6,7,40,41,500,仮定誤差の感度。ゲーム実測との一致・推定誤差の分布を保証しない
666554,32,火属性,665,6,7,40,40,500,仮定誤差の感度。ゲーム実測との一致・推定誤差の分布を保証しない
666553,31,火属性,665,6,7,40,40,500,仮定誤差の感度。ゲーム実測との一致・推定誤差の分布を保証しない
666544,31,火属性,670,6,7,40,41,500,仮定誤差の感度。ゲーム実測との一致・推定誤差の分布を保証しない
666543,30,火属性,670,6,7,40,41,500,仮定誤差の感度。ゲーム実測との一致・推定誤差の分布を保証しない
666533,29,火属性,670,6,7,40,41,500,仮定誤差の感度。ゲーム実測との一致・推定誤差の分布を保証しない
666444,30,火属性,675,6,7,40,41,500,仮定誤差の感度。ゲーム実測との一致・推定誤差の分布を保証しない
666443,29,火属性,675,6,7,40,41,500,仮定誤差の感度。ゲーム実測との一致・推定誤差の分布を保証しない
666433,28,火属性,675,6,7,40,41,500,仮定誤差の感度。ゲーム実測との一致・推定誤差の分布を保証しない
666333,27,火属性,675,6,7,40,41,500,仮定誤差の感度。ゲーム実測との一致・推定誤差の分布を保証しない
665555,32,火属性,660,6,7,39,40,500,仮定誤差の感度。ゲーム実測との一致・推定誤差の分布を保証しない
665554,31,火属性,665,6,7,40,40,500,仮定誤差の感度。ゲーム実測との一致・推定誤差の分布を保証しない
665553,30,火属性,665,6,7,39,40,500,仮定誤差の感度。ゲーム実測との一致・推定誤差の分布を保証しない
665544,30,火属性,670,6,7,40,41,500,仮定誤差の感度。ゲーム実測との一致・推定誤差の分布を保証しない
665543,29,火属性,670,6,7,40,41,500,仮定誤差の感度。ゲーム実測との一致・推定誤差の分布を保証しない
665533,28,火属性,670,6,7,40,41,500,仮定誤差の感度。ゲーム実測との一致・推定誤差の分布を保証しない
665444,29,火属性,675,6,7,40,41,500,仮定誤差の感度。ゲーム実測との一致・推定誤差の分布を保証しない
665443,28,火属性,675,6,7,40,41,500,仮定誤差の感度。ゲーム実測との一致・推定誤差の分布を保証しない
665433,27,火属性,675,6,7,40,41,500,仮定誤差の感度。ゲーム実測との一致・推定誤差の分布を保証しない
665333,26,火属性,675,6,7,40,41,500,仮定誤差の感度。ゲーム実測との一致・推定誤差の分布を保証しない
664444,28,火属性,680,6,7,40,41,500,仮定誤差の感度。ゲーム実測との一致・推定誤差の分布を保証しない
664443,27,火属性,680,6,7,40,41,500,仮定誤差の感度。ゲーム実測との一致・推定誤差の分布を保証しない
664433,26,火属性,680,6,7,40,41,500,仮定誤差の感度。ゲーム実測との一致・推定誤差の分布を保証しない
664333,25,火属性,680,6,7,40,41,500,仮定誤差の感度。ゲーム実測との一致・推定誤差の分布を保証しない
663333,24,火属性,680,6,7,40,41,500,仮定誤差の感度。ゲーム実測との一致・推定誤差の分布を保証しない
655555,31,火属性,660,6,7,39,40,500,仮定誤差の感度。ゲーム実測との一致・推定誤差の分布を保証しない
655554,30,火属性,665,6,7,39,40,500,仮定誤差の感度。ゲーム実測との一致・推定誤差の分布を保証しない
655553,29,火属性,665,6,7,39,40,500,仮定誤差の感度。ゲーム実測との一致・推定誤差の分布を保証しない
655544,29,火属性,670,6,7,40,41,500,仮定誤差の感度。ゲーム実測との一致・推定誤差の分布を保証しない
655543,28,火属性,670,6,7,40,41,500,仮定誤差の感度。ゲーム実測との一致・推定誤差の分布を保証しない
655533,27,火属性,670,6,7,40,41,500,仮定誤差の感度。ゲーム実測との一致・推定誤差の分布を保証しない
655444,28,火属性,675,6,7,40,41,500,仮定誤差の感度。ゲーム実測との一致・推定誤差の分布を保証しない
655443,27,火属性,675,6,7,40,41,500,仮定誤差の感度。ゲーム実測との一致・推定誤差の分布を保証しない
655433,26,火属性,675,6,7,40,41,500,仮定誤差の感度。ゲーム実測との一致・推定誤差の分布を保証しない
655333,25,火属性,675,6,7,40,41,500,仮定誤差の感度。ゲーム実測との一致・推定誤差の分布を保証しない
654444,27,火属性,680,6,7,40,41,500,仮定誤差の感度。ゲーム実測との一致・推定誤差の分布を保証しない
654443,26,火属性,680,6,7,40,41,500,仮定誤差の感度。ゲーム実測との一致・推定誤差の分布を保証しない
654433,25,火属性,680,6,7,40,41,500,仮定誤差の感度。ゲーム実測との一致・推定誤差の分布を保証しない
654333,24,火属性,680,6,7,40,41,500,仮定誤差の感度。ゲーム実測との一致・推定誤差の分布を保証しない
653333,23,火属性,680,6,7,40,41,500,仮定誤差の感度。ゲーム実測との一致・推定誤差の分布を保証しない
644444,26,火属性,685,6,7,41,42,500,仮定誤差の感度。ゲーム実測との一致・推定誤差の分布を保証しない
644443,25,火属性,685,6,7,41,41,500,仮定誤差の感度。ゲーム実測との一致・推定誤差の分布を保証しない
644433,24,火属性,685,6,7,41,41,500,仮定誤差の感度。ゲーム実測との一致・推定誤差の分布を保証しない
644333,23,火属性,685,6,7,41,42,500,仮定誤差の感度。ゲーム実測との一致・推定誤差の分布を保証しない
643333,22,火属性,685,6,7,41,42,500,仮定誤差の感度。ゲーム実測との一致・推定誤差の分布を保証しない
633333,21,火属性,685,6,7,41,41,500,仮定誤差の感度。ゲーム実測との一致・推定誤差の分布を保証しない
555555,30,火属性,660,6,7,39,40,500,仮定誤差の感度。ゲーム実測との一致・推定誤差の分布を保証しない
555554,29,火属性,665,6,7,39,40,500,仮定誤差の感度。ゲーム実測との一致・推定誤差の分布を保証しない
555553,28,火属性,665,6,7,40,40,500,仮定誤差の感度。ゲーム実測との一致・推定誤差の分布を保証しない
555544,28,火属性,670,6,7,40,41,500,仮定誤差の感度。ゲーム実測との一致・推定誤差の分布を保証しない
555543,27,火属性,670,6,7,40,41,500,仮定誤差の感度。ゲーム実測との一致・推定誤差の分布を保証しない
555533,26,火属性,670,6,7,40,41,500,仮定誤差の感度。ゲーム実測との一致・推定誤差の分布を保証しない
555444,27,火属性,675,6,7,40,41,500,仮定誤差の感度。ゲーム実測との一致・推定誤差の分布を保証しない
555443,26,火属性,675,6,7,40,41,500,仮定誤差の感度。ゲーム実測との一致・推定誤差の分布を保証しない
555433,25,火属性,675,6,7,40,41,500,仮定誤差の感度。ゲーム実測との一致・推定誤差の分布を保証しない
555333,24,火属性,675,6,7,40,41,500,仮定誤差の感度。ゲーム実測との一致・推定誤差の分布を保証しない
554444,26,火属性,680,6,7,40,41,500,仮定誤差の感度。ゲーム実測との一致・推定誤差の分布を保証しない
554443,25,火属性,680,6,7,40,41,500,仮定誤差の感度。ゲーム実測との一致・推定誤差の分布を保証しない
554433,24,火属性,680,6,7,40,41,500,仮定誤差の感度。ゲーム実測との一致・推定誤差の分布を保証しない
554333,23,火属性,680,6,7,40,41,500,仮定誤差の感度。ゲーム実測との一致・推定誤差の分布を保証しない
553333,22,火属性,680,6,7,40,41,500,仮定誤差の感度。ゲーム実測との一致・推定誤差の分布を保証しない
544444,25,火属性,685,6,7,41,42,500,仮定誤差の感度。ゲーム実測との一致・推定誤差の分布を保証しない
544443,24,火属性,685,6,7,41,42,500,仮定誤差の感度。ゲーム実測との一致・推定誤差の分布を保証しない
544433,23,火属性,685,6,7,41,42,500,仮定誤差の感度。ゲーム実測との一致・推定誤差の分布を保証しない
544333,22,火属性,685,6,7,41,42,500,仮定誤差の感度。ゲーム実測との一致・推定誤差の分布を保証しない
543333,21,火属性,685,6,7,41,41,500,仮定誤差の感度。ゲーム実測との一致・推定誤差の分布を保証しない
533333,20,火属性,685,6,7,41,42,500,仮定誤差の感度。ゲーム実測との一致・推定誤差の分布を保証しない
444444,24,火属性,690,6,7,41,42,500,仮定誤差の感度。ゲーム実測との一致・推定誤差の分布を保証しない
444443,23,火属性,690,6,7,41,42,500,仮定誤差の感度。ゲーム実測との一致・推定誤差の分布を保証しない
444433,22,火属性,690,7,7,41,42,500,仮定誤差の感度。ゲーム実測との一致・推定誤差の分布を保証しない
444333,21,火属性,690,6,7,41,42,500,仮定誤差の感度。ゲーム実測との一致・推定誤差の分布を保証しない
443333,20,火属性,690,7,7,41,42,500,仮定誤差の感度。ゲーム実測との一致・推定誤差の分布を保証しない
433333,19,火属性,690,6,7,41,42,500,仮定誤差の感度。ゲーム実測との一致・推定誤差の分布を保証しない
333333,18,火属性,690,6,7,41,42,500,仮定誤差の感度。ゲーム実測との一致・推定誤差の分布を保証しない
887333,32,風属性,605,6,7,36,37,500,仮定誤差の感度。ゲーム実測との一致・推定誤差の分布を保証しない
886433,32,風属性,610,6,7,36,37,500,仮定誤差の感度。ゲーム実測との一致・推定誤差の分布を保証しない
886333,31,風属性,610,6,6,36,37,500,仮定誤差の感度。ゲーム実測との一致・推定誤差の分布を保証しない
885533,32,風属性,605,6,7,36,37,500,仮定誤差の感度。ゲーム実測との一致・推定誤差の分布を保証しない
885443,32,風属性,610,6,7,36,37,500,仮定誤差の感度。ゲーム実測との一致・推定誤差の分布を保証しない
885433,31,風属性,610,6,6,36,37,500,仮定誤差の感度。ゲーム実測との一致・推定誤差の分布を保証しない
885333,30,風属性,610,6,7,36,37,500,仮定誤差の感度。ゲーム実測との一致・推定誤差の分布を保証しない
884444,32,風属性,615,6,7,37,37,500,仮定誤差の感度。ゲーム実測との一致・推定誤差の分布を保証しない
884443,31,風属性,615,6,7,37,37,500,仮定誤差の感度。ゲーム実測との一致・推定誤差の分布を保証しない
884433,30,風属性,615,6,6,36,37,500,仮定誤差の感度。ゲーム実測との一致・推定誤差の分布を保証しない
884333,29,風属性,615,6,6,37,37,500,仮定誤差の感度。ゲーム実測との一致・推定誤差の分布を保証しない
883333,28,風属性,615,6,7,37,37,500,仮定誤差の感度。ゲーム実測との一致・推定誤差の分布を保証しない
877433,32,風属性,610,6,6,36,37,500,仮定誤差の感度。ゲーム実測との一致・推定誤差の分布を保証しない
877333,31,風属性,610,6,7,37,37,500,仮定誤差の感度。ゲーム実測との一致・推定誤差の分布を保証しない
876533,32,風属性,610,6,6,36,37,500,仮定誤差の感度。ゲーム実測との一致・推定誤差の分布を保証しない
876443,32,風属性,615,6,7,37,37,500,仮定誤差の感度。ゲーム実測との一致・推定誤差の分布を保証しない
876433,31,風属性,615,6,7,36,37,500,仮定誤差の感度。ゲーム実測との一致・推定誤差の分布を保証しない
876333,30,風属性,615,6,7,37,37,500,仮定誤差の感度。ゲーム実測との一致・推定誤差の分布を保証しない
875543,32,風属性,610,6,6,36,37,500,仮定誤差の感度。ゲーム実測との一致・推定誤差の分布を保証しない
875533,31,風属性,610,6,7,37,37,500,仮定誤差の感度。ゲーム実測との一致・推定誤差の分布を保証しない
875444,32,風属性,615,6,7,36,37,500,仮定誤差の感度。ゲーム実測との一致・推定誤差の分布を保証しない
875443,31,風属性,615,6,7,36,37,500,仮定誤差の感度。ゲーム実測との一致・推定誤差の分布を保証しない
875433,30,風属性,615,6,7,37,37,500,仮定誤差の感度。ゲーム実測との一致・推定誤差の分布を保証しない
875333,29,風属性,615,6,7,36,37,500,仮定誤差の感度。ゲーム実測との一致・推定誤差の分布を保証しない
874444,31,風属性,620,6,7,37,38,500,仮定誤差の感度。ゲーム実測との一致・推定誤差の分布を保証しない
874443,30,風属性,620,6,7,37,38,500,仮定誤差の感度。ゲーム実測との一致・推定誤差の分布を保証しない
874433,29,風属性,620,6,7,37,38,500,仮定誤差の感度。ゲーム実測との一致・推定誤差の分布を保証しない
874333,28,風属性,620,6,6,37,37,500,仮定誤差の感度。ゲーム実測との一致・推定誤差の分布を保証しない
873333,27,風属性,620,6,7,37,38,500,仮定誤差の感度。ゲーム実測との一致・推定誤差の分布を保証しない
866633,32,風属性,615,6,6,36,37,500,仮定誤差の感度。ゲーム実測との一致・推定誤差の分布を保証しない
866543,32,風属性,615,6,7,36,37,500,仮定誤差の感度。ゲーム実測との一致・推定誤差の分布を保証しない
866533,31,風属性,615,6,7,36,37,500,仮定誤差の感度。ゲーム実測との一致・推定誤差の分布を保証しない
866444,32,風属性,620,6,7,37,38,500,仮定誤差の感度。ゲーム実測との一致・推定誤差の分布を保証しない
866443,31,風属性,620,6,7,37,38,500,仮定誤差の感度。ゲーム実測との一致・推定誤差の分布を保証しない
866433,30,風属性,620,6,7,37,38,500,仮定誤差の感度。ゲーム実測との一致・推定誤差の分布を保証しない
866333,29,風属性,620,6,7,37,38,500,仮定誤差の感度。ゲーム実測との一致・推定誤差の分布を保証しない
865553,32,風属性,610,6,7,36,37,500,仮定誤差の感度。ゲーム実測との一致・推定誤差の分布を保証しない
865544,32,風属性,615,6,7,36,37,500,仮定誤差の感度。ゲーム実測との一致・推定誤差の分布を保証しない
865543,31,風属性,615,6,7,37,37,500,仮定誤差の感度。ゲーム実測との一致・推定誤差の分布を保証しない
865533,30,風属性,615,6,7,37,37,500,仮定誤差の感度。ゲーム実測との一致・推定誤差の分布を保証しない
865444,31,風属性,620,6,7,37,38,500,仮定誤差の感度。ゲーム実測との一致・推定誤差の分布を保証しない
865443,30,風属性,620,6,7,37,38,500,仮定誤差の感度。ゲーム実測との一致・推定誤差の分布を保証しない
865433,29,風属性,620,6,7,37,38,500,仮定誤差の感度。ゲーム実測との一致・推定誤差の分布を保証しない
865333,28,風属性,620,6,7,37,38,500,仮定誤差の感度。ゲーム実測との一致・推定誤差の分布を保証しない
864444,30,風属性,625,6,7,37,38,500,仮定誤差の感度。ゲーム実測との一致・推定誤差の分布を保証しない
864443,29,風属性,625,6,7,37,38,500,仮定誤差の感度。ゲーム実測との一致・推定誤差の分布を保証しない
864433,28,風属性,625,6,7,37,38,500,仮定誤差の感度。ゲーム実測との一致・推定誤差の分布を保証しない
864333,27,風属性,625,6,7,37,38,500,仮定誤差の感度。ゲーム実測との一致・推定誤差の分布を保証しない
863333,26,風属性,625,6,7,37,38,500,仮定誤差の感度。ゲーム実測との一致・推定誤差の分布を保証しない
855554,32,風属性,610,6,6,36,37,500,仮定誤差の感度。ゲーム実測との一致・推定誤差の分布を保証しない
855553,31,風属性,610,6,7,36,37,500,仮定誤差の感度。ゲーム実測との一致・推定誤差の分布を保証しない
855544,31,風属性,615,6,7,37,37,500,仮定誤差の感度。ゲーム実測との一致・推定誤差の分布を保証しない
855543,30,風属性,615,6,7,36,37,500,仮定誤差の感度。ゲーム実測との一致・推定誤差の分布を保証しない
855533,29,風属性,615,6,6,37,37,500,仮定誤差の感度。ゲーム実測との一致・推定誤差の分布を保証しない
855444,30,風属性,620,6,7,37,38,500,仮定誤差の感度。ゲーム実測との一致・推定誤差の分布を保証しない
855443,29,風属性,620,6,7,37,38,500,仮定誤差の感度。ゲーム実測との一致・推定誤差の分布を保証しない
855433,28,風属性,620,6,7,37,38,500,仮定誤差の感度。ゲーム実測との一致・推定誤差の分布を保証しない
855333,27,風属性,620,6,7,37,38,500,仮定誤差の感度。ゲーム実測との一致・推定誤差の分布を保証しない
854444,29,風属性,625,6,7,37,38,500,仮定誤差の感度。ゲーム実測との一致・推定誤差の分布を保証しない
854443,28,風属性,625,6,7,37,38,500,仮定誤差の感度。ゲーム実測との一致・推定誤差の分布を保証しない
854433,27,風属性,625,6,7,37,38,500,仮定誤差の感度。ゲーム実測との一致・推定誤差の分布を保証しない
854333,26,風属性,625,6,7,37,38,500,仮定誤差の感度。ゲーム実測との一致・推定誤差の分布を保証しない
853333,25,風属性,625,6,7,37,38,500,仮定誤差の感度。ゲーム実測との一致・推定誤差の分布を保証しない
844444,28,風属性,630,6,7,37,38,500,仮定誤差の感度。ゲーム実測との一致・推定誤差の分布を保証しない
844443,27,風属性,630,6,7,37,38,500,仮定誤差の感度。ゲーム実測との一致・推定誤差の分布を保証しない
844433,26,風属性,630,6,7,37,38,500,仮定誤差の感度。ゲーム実測との一致・推定誤差の分布を保証しない
844333,25,風属性,630,6,7,38,38,500,仮定誤差の感度。ゲーム実測との一致・推定誤差の分布を保証しない
843333,24,風属性,630,6,7,37,38,500,仮定誤差の感度。ゲーム実測との一致・推定誤差の分布を保証しない
833333,23,風属性,630,6,7,37,38,500,仮定誤差の感度。ゲーム実測との一致・推定誤差の分布を保証しない
777533,32,風属性,610,6,7,36,37,500,仮定誤差の感度。ゲーム実測との一致・推定誤差の分布を保証しない
777443,32,風属性,615,6,7,36,37,500,仮定誤差の感度。ゲーム実測との一致・推定誤差の分布を保証しない
777433,31,風属性,615,6,7,36,37,500,仮定誤差の感度。ゲーム実測との一致・推定誤差の分布を保証しない
777333,30,風属性,615,6,7,36,37,500,仮定誤差の感度。ゲーム実測との一致・推定誤差の分布を保証しない
776633,32,風属性,615,6,7,36,37,500,仮定誤差の感度。ゲーム実測との一致・推定誤差の分布を保証しない
776543,32,風属性,615,6,7,36,37,500,仮定誤差の感度。ゲーム実測との一致・推定誤差の分布を保証しない
776533,31,風属性,615,6,7,36,37,500,仮定誤差の感度。ゲーム実測との一致・推定誤差の分布を保証しない
776444,32,風属性,620,6,7,37,38,500,仮定誤差の感度。ゲーム実測との一致・推定誤差の分布を保証しない
776443,31,風属性,620,6,7,37,38,500,仮定誤差の感度。ゲーム実測との一致・推定誤差の分布を保証しない
776433,30,風属性,620,6,7,37,38,500,仮定誤差の感度。ゲーム実測との一致・推定誤差の分布を保証しない
776333,29,風属性,620,6,7,37,38,500,仮定誤差の感度。ゲーム実測との一致・推定誤差の分布を保証しない
775553,32,風属性,610,6,7,36,37,500,仮定誤差の感度。ゲーム実測との一致・推定誤差の分布を保証しない
775544,32,風属性,615,6,7,36,37,500,仮定誤差の感度。ゲーム実測との一致・推定誤差の分布を保証しない
775543,31,風属性,615,6,7,36,37,500,仮定誤差の感度。ゲーム実測との一致・推定誤差の分布を保証しない
775533,30,風属性,615,6,7,37,37,500,仮定誤差の感度。ゲーム実測との一致・推定誤差の分布を保証しない
775444,31,風属性,620,6,7,37,38,500,仮定誤差の感度。ゲーム実測との一致・推定誤差の分布を保証しない
775443,30,風属性,620,6,7,37,38,500,仮定誤差の感度。ゲーム実測との一致・推定誤差の分布を保証しない
775433,29,風属性,620,6,7,37,38,500,仮定誤差の感度。ゲーム実測との一致・推定誤差の分布を保証しない
775333,28,風属性,620,6,7,37,38,500,仮定誤差の感度。ゲーム実測との一致・推定誤差の分布を保証しない
774444,30,風属性,625,6,7,37,38,500,仮定誤差の感度。ゲーム実測との一致・推定誤差の分布を保証しない
774443,29,風属性,625,6,7,37,38,500,仮定誤差の感度。ゲーム実測との一致・推定誤差の分布を保証しない
774433,28,風属性,625,6,7,37,38,500,仮定誤差の感度。ゲーム実測との一致・推定誤差の分布を保証しない
774333,27,風属性,625,6,7,37,38,500,仮定誤差の感度。ゲーム実測との一致・推定誤差の分布を保証しない
773333,26,風属性,625,6,7,37,38,500,仮定誤差の感度。ゲーム実測との一致・推定誤差の分布を保証しない
766643,32,風属性,620,6,7,37,38,500,仮定誤差の感度。ゲーム実測との一致・推定誤差の分布を保証しない
766633,31,風属性,620,6,7,37,38,500,仮定誤差の感度。ゲーム実測との一致・推定誤差の分布を保証しない
766553,32,風属性,615,6,7,36,37,500,仮定誤差の感度。ゲーム実測との一致・推定誤差の分布を保証しない
766544,32,風属性,620,6,7,37,38,500,仮定誤差の感度。ゲーム実測との一致・推定誤差の分布を保証しない
766543,31,風属性,620,6,7,37,38,500,仮定誤差の感度。ゲーム実測との一致・推定誤差の分布を保証しない
766533,30,風属性,620,6,7,37,38,500,仮定誤差の感度。ゲーム実測との一致・推定誤差の分布を保証しない
766444,31,風属性,625,6,7,37,38,500,仮定誤差の感度。ゲーム実測との一致・推定誤差の分布を保証しない
766443,30,風属性,625,6,7,37,38,500,仮定誤差の感度。ゲーム実測との一致・推定誤差の分布を保証しない
766433,29,風属性,625,6,7,37,38,500,仮定誤差の感度。ゲーム実測との一致・推定誤差の分布を保証しない
766333,28,風属性,625,6,7,37,38,500,仮定誤差の感度。ゲーム実測との一致・推定誤差の分布を保証しない
765554,32,風属性,615,6,7,36,37,500,仮定誤差の感度。ゲーム実測との一致・推定誤差の分布を保証しない
765553,31,風属性,615,6,7,36,37,500,仮定誤差の感度。ゲーム実測との一致・推定誤差の分布を保証しない
765544,31,風属性,620,6,7,37,38,500,仮定誤差の感度。ゲーム実測との一致・推定誤差の分布を保証しない
765543,30,風属性,620,6,7,37,38,500,仮定誤差の感度。ゲーム実測との一致・推定誤差の分布を保証しない
765533,29,風属性,620,6,7,37,38,500,仮定誤差の感度。ゲーム実測との一致・推定誤差の分布を保証しない
765444,30,風属性,625,6,7,37,38,500,仮定誤差の感度。ゲーム実測との一致・推定誤差の分布を保証しない
765443,29,風属性,625,6,7,37,38,500,仮定誤差の感度。ゲーム実測との一致・推定誤差の分布を保証しない
765433,28,風属性,625,6,7,37,38,500,仮定誤差の感度。ゲーム実測との一致・推定誤差の分布を保証しない
765333,27,風属性,625,6,7,37,38,500,仮定誤差の感度。ゲーム実測との一致・推定誤差の分布を保証しない
764444,29,風属性,630,6,7,37,38,500,仮定誤差の感度。ゲーム実測との一致・推定誤差の分布を保証しない
764443,28,風属性,630,6,7,38,38,500,仮定誤差の感度。ゲーム実測との一致・推定誤差の分布を保証しない
764433,27,風属性,630,6,7,37,38,500,仮定誤差の感度。ゲーム実測との一致・推定誤差の分布を保証しない
764333,26,風属性,630,6,7,38,38,500,仮定誤差の感度。ゲーム実測との一致・推定誤差の分布を保証しない
763333,25,風属性,630,6,7,37,38,500,仮定誤差の感度。ゲーム実測との一致・推定誤差の分布を保証しない
755555,32,風属性,610,6,7,36,37,500,仮定誤差の感度。ゲーム実測との一致・推定誤差の分布を保証しない
755554,31,風属性,615,6,7,37,37,500,仮定誤差の感度。ゲーム実測との一致・推定誤差の分布を保証しない
755553,30,風属性,615,6,7,36,37,500,仮定誤差の感度。ゲーム実測との一致・推定誤差の分布を保証しない
755544,30,風属性,620,6,7,37,38,500,仮定誤差の感度。ゲーム実測との一致・推定誤差の分布を保証しない
755543,29,風属性,620,6,7,37,38,500,仮定誤差の感度。ゲーム実測との一致・推定誤差の分布を保証しない
755533,28,風属性,620,6,7,37,38,500,仮定誤差の感度。ゲーム実測との一致・推定誤差の分布を保証しない
755444,29,風属性,625,6,7,37,38,500,仮定誤差の感度。ゲーム実測との一致・推定誤差の分布を保証しない
755443,28,風属性,625,6,7,37,38,500,仮定誤差の感度。ゲーム実測との一致・推定誤差の分布を保証しない
755433,27,風属性,625,6,7,37,38,500,仮定誤差の感度。ゲーム実測との一致・推定誤差の分布を保証しない
755333,26,風属性,625,6,7,37,38,500,仮定誤差の感度。ゲーム実測との一致・推定誤差の分布を保証しない
754444,28,風属性,630,6,7,37,38,500,仮定誤差の感度。ゲーム実測との一致・推定誤差の分布を保証しない
754443,27,風属性,630,6,7,37,38,500,仮定誤差の感度。ゲーム実測との一致・推定誤差の分布を保証しない
754433,26,風属性,630,6,7,38,38,500,仮定誤差の感度。ゲーム実測との一致・推定誤差の分布を保証しない
754333,25,風属性,630,6,7,37,38,500,仮定誤差の感度。ゲーム実測との一致・推定誤差の分布を保証しない
753333,24,風属性,630,6,7,37,38,500,仮定誤差の感度。ゲーム実測との一致・推定誤差の分布を保証しない
744444,27,風属性,635,6,7,38,39,500,仮定誤差の感度。ゲーム実測との一致・推定誤差の分布を保証しない
744443,26,風属性,635,6,7,38,38,500,仮定誤差の感度。ゲーム実測との一致・推定誤差の分布を保証しない
744433,25,風属性,635,6,7,38,38,500,仮定誤差の感度。ゲーム実測との一致・推定誤差の分布を保証しない
744333,24,風属性,635,6,7,38,38,500,仮定誤差の感度。ゲーム実測との一致・推定誤差の分布を保証しない
743333,23,風属性,635,6,7,38,39,500,仮定誤差の感度。ゲーム実測との一致・推定誤差の分布を保証しない
733333,22,風属性,635,6,7,38,38,500,仮定誤差の感度。ゲーム実測との一致・推定誤差の分布を保証しない
666653,32,風属性,620,6,7,37,38,500,仮定誤差の感度。ゲーム実測との一致・推定誤差の分布を保証しない
666644,32,風属性,625,6,7,37,38,500,仮定誤差の感度。ゲーム実測との一致・推定誤差の分布を保証しない
666643,31,風属性,625,6,7,37,38,500,仮定誤差の感度。ゲーム実測との一致・推定誤差の分布を保証しない
666633,30,風属性,625,6,7,37,38,500,仮定誤差の感度。ゲーム実測との一致・推定誤差の分布を保証しない
666554,32,風属性,620,6,7,37,38,500,仮定誤差の感度。ゲーム実測との一致・推定誤差の分布を保証しない
666553,31,風属性,620,6,7,37,38,500,仮定誤差の感度。ゲーム実測との一致・推定誤差の分布を保証しない
666544,31,風属性,625,6,7,37,38,500,仮定誤差の感度。ゲーム実測との一致・推定誤差の分布を保証しない
666543,30,風属性,625,6,7,37,38,500,仮定誤差の感度。ゲーム実測との一致・推定誤差の分布を保証しない
666533,29,風属性,625,6,7,37,38,500,仮定誤差の感度。ゲーム実測との一致・推定誤差の分布を保証しない
666444,30,風属性,630,6,7,37,38,500,仮定誤差の感度。ゲーム実測との一致・推定誤差の分布を保証しない
666443,29,風属性,630,6,7,37,38,500,仮定誤差の感度。ゲーム実測との一致・推定誤差の分布を保証しない
666433,28,風属性,630,6,7,37,38,500,仮定誤差の感度。ゲーム実測との一致・推定誤差の分布を保証しない
666333,27,風属性,630,6,7,37,38,500,仮定誤差の感度。ゲーム実測との一致・推定誤差の分布を保証しない
665555,32,風属性,615,6,7,37,37,500,仮定誤差の感度。ゲーム実測との一致・推定誤差の分布を保証しない
665554,31,風属性,620,6,7,37,38,500,仮定誤差の感度。ゲーム実測との一致・推定誤差の分布を保証しない
665553,30,風属性,620,6,7,37,38,500,仮定誤差の感度。ゲーム実測との一致・推定誤差の分布を保証しない
665544,30,風属性,625,6,7,37,38,500,仮定誤差の感度。ゲーム実測との一致・推定誤差の分布を保証しない
665543,29,風属性,625,6,7,37,38,500,仮定誤差の感度。ゲーム実測との一致・推定誤差の分布を保証しない
665533,28,風属性,625,6,7,37,38,500,仮定誤差の感度。ゲーム実測との一致・推定誤差の分布を保証しない
665444,29,風属性,630,6,7,37,38,500,仮定誤差の感度。ゲーム実測との一致・推定誤差の分布を保証しない
665443,28,風属性,630,6,7,37,38,500,仮定誤差の感度。ゲーム実測との一致・推定誤差の分布を保証しない
665433,27,風属性,630,6,7,37,38,500,仮定誤差の感度。ゲーム実測との一致・推定誤差の分布を保証しない
665333,26,風属性,630,6,7,37,38,500,仮定誤差の感度。ゲーム実測との一致・推定誤差の分布を保証しない
664444,28,風属性,635,6,7,38,39,500,仮定誤差の感度。ゲーム実測との一致・推定誤差の分布を保証しない
664443,27,風属性,635,6,7,38,39,500,仮定誤差の感度。ゲーム実測との一致・推定誤差の分布を保証しない
664433,26,風属性,635,6,7,38,39,500,仮定誤差の感度。ゲーム実測との一致・推定誤差の分布を保証しない
664333,25,風属性,635,6,7,38,38,500,仮定誤差の感度。ゲーム実測との一致・推定誤差の分布を保証しない
663333,24,風属性,635,6,7,38,38,500,仮定誤差の感度。ゲーム実測との一致・推定誤差の分布を保証しない
655555,31,風属性,615,6,7,36,37,500,仮定誤差の感度。ゲーム実測との一致・推定誤差の分布を保証しない
655554,30,風属性,620,6,7,37,38,500,仮定誤差の感度。ゲーム実測との一致・推定誤差の分布を保証しない
655553,29,風属性,620,6,7,37,38,500,仮定誤差の感度。ゲーム実測との一致・推定誤差の分布を保証しない
655544,29,風属性,625,6,7,37,38,500,仮定誤差の感度。ゲーム実測との一致・推定誤差の分布を保証しない
655543,28,風属性,625,6,7,37,38,500,仮定誤差の感度。ゲーム実測との一致・推定誤差の分布を保証しない
655533,27,風属性,625,6,7,37,38,500,仮定誤差の感度。ゲーム実測との一致・推定誤差の分布を保証しない
655444,28,風属性,630,6,7,37,38,500,仮定誤差の感度。ゲーム実測との一致・推定誤差の分布を保証しない
655443,27,風属性,630,6,7,37,38,500,仮定誤差の感度。ゲーム実測との一致・推定誤差の分布を保証しない
655433,26,風属性,630,6,7,38,38,500,仮定誤差の感度。ゲーム実測との一致・推定誤差の分布を保証しない
655333,25,風属性,630,6,7,37,38,500,仮定誤差の感度。ゲーム実測との一致・推定誤差の分布を保証しない
654444,27,風属性,635,6,7,38,39,500,仮定誤差の感度。ゲーム実測との一致・推定誤差の分布を保証しない
654443,26,風属性,635,6,7,38,39,500,仮定誤差の感度。ゲーム実測との一致・推定誤差の分布を保証しない
654433,25,風属性,635,6,7,38,38,500,仮定誤差の感度。ゲーム実測との一致・推定誤差の分布を保証しない
654333,24,風属性,635,6,7,38,38,500,仮定誤差の感度。ゲーム実測との一致・推定誤差の分布を保証しない
653333,23,風属性,635,6,7,38,39,500,仮定誤差の感度。ゲーム実測との一致・推定誤差の分布を保証しない
644444,26,風属性,640,6,7,38,39,500,仮定誤差の感度。ゲーム実測との一致・推定誤差の分布を保証しない
644443,25,風属性,640,6,7,38,39,500,仮定誤差の感度。ゲーム実測との一致・推定誤差の分布を保証しない
644433,24,風属性,640,6,7,38,39,500,仮定誤差の感度。ゲーム実測との一致・推定誤差の分布を保証しない
644333,23,風属性,640,6,7,38,39,500,仮定誤差の感度。ゲーム実測との一致・推定誤差の分布を保証しない
643333,22,風属性,640,6,7,38,39,500,仮定誤差の感度。ゲーム実測との一致・推定誤差の分布を保証しない
633333,21,風属性,640,6,7,38,39,500,仮定誤差の感度。ゲーム実測との一致・推定誤差の分布を保証しない
555555,30,風属性,615,6,7,36,37,500,仮定誤差の感度。ゲーム実測との一致・推定誤差の分布を保証しない
555554,29,風属性,620,6,7,37,38,500,仮定誤差の感度。ゲーム実測との一致・推定誤差の分布を保証しない
555553,28,風属性,620,6,7,37,38,500,仮定誤差の感度。ゲーム実測との一致・推定誤差の分布を保証しない
555544,28,風属性,625,6,7,37,38,500,仮定誤差の感度。ゲーム実測との一致・推定誤差の分布を保証しない
555543,27,風属性,625,6,7,37,38,500,仮定誤差の感度。ゲーム実測との一致・推定誤差の分布を保証しない
555533,26,風属性,625,6,7,37,38,500,仮定誤差の感度。ゲーム実測との一致・推定誤差の分布を保証しない
555444,27,風属性,630,6,7,37,38,500,仮定誤差の感度。ゲーム実測との一致・推定誤差の分布を保証しない
555443,26,風属性,630,6,7,37,38,500,仮定誤差の感度。ゲーム実測との一致・推定誤差の分布を保証しない
555433,25,風属性,630,6,7,38,38,500,仮定誤差の感度。ゲーム実測との一致・推定誤差の分布を保証しない
555333,24,風属性,630,6,7,37,38,500,仮定誤差の感度。ゲーム実測との一致・推定誤差の分布を保証しない
554444,26,風属性,635,6,7,38,38,500,仮定誤差の感度。ゲーム実測との一致・推定誤差の分布を保証しない
554443,25,風属性,635,6,7,38,38,500,仮定誤差の感度。ゲーム実測との一致・推定誤差の分布を保証しない
554433,24,風属性,635,6,7,38,38,500,仮定誤差の感度。ゲーム実測との一致・推定誤差の分布を保証しない
554333,23,風属性,635,6,7,38,39,500,仮定誤差の感度。ゲーム実測との一致・推定誤差の分布を保証しない
553333,22,風属性,635,6,7,38,38,500,仮定誤差の感度。ゲーム実測との一致・推定誤差の分布を保証しない
544444,25,風属性,640,6,7,38,39,500,仮定誤差の感度。ゲーム実測との一致・推定誤差の分布を保証しない
544443,24,風属性,640,6,7,38,39,500,仮定誤差の感度。ゲーム実測との一致・推定誤差の分布を保証しない
544433,23,風属性,640,6,7,38,39,500,仮定誤差の感度。ゲーム実測との一致・推定誤差の分布を保証しない
544333,22,風属性,640,6,7,38,39,500,仮定誤差の感度。ゲーム実測との一致・推定誤差の分布を保証しない
543333,21,風属性,640,6,7,38,39,500,仮定誤差の感度。ゲーム実測との一致・推定誤差の分布を保証しない
533333,20,風属性,640,6,7,38,39,500,仮定誤差の感度。ゲーム実測との一致・推定誤差の分布を保証しない
444444,24,風属性,645,6,7,38,39,500,仮定誤差の感度。ゲーム実測との一致・推定誤差の分布を保証しない
444443,23,風属性,645,6,7,38,39,500,仮定誤差の感度。ゲーム実測との一致・推定誤差の分布を保証しない
444433,22,風属性,645,6,7,38,39,500,仮定誤差の感度。ゲーム実測との一致・推定誤差の分布を保証しない
444333,21,風属性,645,6,7,38,39,500,仮定誤差の感度。ゲーム実測との一致・推定誤差の分布を保証しない
443333,20,風属性,645,6,7,38,39,500,仮定誤差の感度。ゲーム実測との一致・推定誤差の分布を保証しない
433333,19,風属性,645,6,7,39,39,500,仮定誤差の感度。ゲーム実測との一致・推定誤差の分布を保証しない
333333,18,風属性,645,6,7,38,39,500,仮定誤差の感度。ゲーム実測との一致・推定誤差の分布を保証しない
